/*--------------------------------*- C++ -*----------------------------------*\
  =========                 |
  \\      /  F ield         | OpenFOAM: The Open Source CFD Toolbox
   \\    /   O peration     | Website:  https://openfoam.org
    \\  /    A nd           | Version:  13
     \\/     M anipulation  |
\*---------------------------------------------------------------------------*/
FoamFile
{
    format      binary;
    class       faceSet;
    location    "constant/polyMesh/sets";
    object      layerFaces;
}
// * * * * * * * * * * * * * * * * * * * * * * * * * * * * * * * * * * * * * //


59214
(
524289 
524291 
524293 
524295 
524298 
524301 
524304 
524307 
524312 
524314 
524316 
524318 
524321 
524323 
524325 
524327 
524330 
524333 
524336 
524339 
524344 
524346 
524348 
524350 
524353 
524355 
524357 
524359 
524362 
524365 
524368 
524371 
524376 
524378 
524380 
524382 
524385 
524387 
524389 
524391 
524394 
524397 
524400 
524403 
524408 
524410 
524412 
524414 
524417 
524419 
524421 
524423 
524426 
524429 
524432 
524435 
524440 
524442 
524444 
524446 
524449 
524451 
524453 
524455 
524458 
524461 
524464 
524467 
524472 
524474 
524476 
524478 
524481 
524483 
524485 
524487 
524490 
524493 
524496 
524499 
524504 
524506 
524508 
524510 
524513 
524515 
524517 
524519 
524522 
524525 
524528 
524531 
524536 
524538 
524540 
524542 
524545 
524547 
524549 
524551 
524554 
524557 
524560 
524563 
524568 
524570 
524572 
524574 
524577 
524579 
524581 
524583 
524586 
524589 
524592 
524595 
524600 
524602 
524604 
524606 
524609 
524611 
524613 
524615 
524618 
524621 
524624 
524627 
524632 
524634 
524636 
524638 
524641 
524643 
524645 
524647 
524650 
524653 
524656 
524659 
524664 
524666 
524668 
524670 
524673 
524675 
524677 
524679 
524682 
524685 
524688 
524691 
524696 
524698 
524700 
524702 
524705 
524707 
524709 
524711 
524714 
524717 
524720 
524723 
524728 
524730 
524732 
524734 
524737 
524739 
524741 
524743 
524746 
524749 
524752 
524755 
524760 
524762 
524764 
524766 
524769 
524771 
524773 
524775 
524778 
524781 
524784 
524787 
524792 
524794 
524796 
524798 
524801 
524803 
524805 
524807 
524810 
524813 
524816 
524819 
524824 
524826 
524828 
524830 
524833 
524835 
524837 
524839 
524842 
524845 
524848 
524851 
524856 
524858 
524860 
524862 
524865 
524867 
524869 
524871 
524874 
524877 
524880 
524883 
524888 
524891 
524894 
524897 
524902 
524904 
524906 
524908 
524911 
524914 
524917 
524920 
524925 
524927 
524929 
524931 
524934 
524937 
524940 
524943 
524948 
524951 
524954 
524957 
524962 
524964 
524966 
524968 
524971 
524973 
524975 
524977 
524980 
524983 
524986 
524989 
524994 
524996 
524998 
525000 
525003 
525005 
525007 
525009 
525012 
525015 
525018 
525021 
525026 
525028 
525030 
525032 
525035 
525037 
525039 
525041 
525044 
525047 
525050 
525053 
525058 
525060 
525062 
525064 
525067 
525069 
525071 
525073 
525076 
525079 
525082 
525085 
525090 
525092 
525094 
525096 
525099 
525101 
525103 
525105 
525108 
525111 
525114 
525117 
525122 
525124 
525126 
525128 
525131 
525133 
525135 
525137 
525140 
525143 
525146 
525149 
525154 
525156 
525158 
525160 
525163 
525165 
525167 
525169 
525172 
525175 
525178 
525181 
525186 
525188 
525190 
525192 
525195 
525197 
525199 
525201 
525204 
525207 
525210 
525213 
525218 
525220 
525222 
525224 
525227 
525229 
525231 
525233 
525236 
525239 
525242 
525245 
525250 
525252 
525254 
525256 
525259 
525261 
525263 
525265 
525268 
525271 
525274 
525277 
525282 
525284 
525286 
525288 
525291 
525293 
525295 
525297 
525300 
525303 
525306 
525309 
525314 
525316 
525318 
525320 
525323 
525325 
525327 
525329 
525332 
525335 
525338 
525341 
525346 
525348 
525350 
525352 
525355 
525357 
525359 
525361 
525364 
525367 
525370 
525373 
525378 
525380 
525382 
525384 
525387 
525389 
525391 
525393 
525396 
525399 
525402 
525405 
525410 
525412 
525414 
525416 
525419 
525421 
525423 
525425 
525428 
525431 
525434 
525437 
525442 
525444 
525446 
525448 
525451 
525453 
525455 
525457 
525460 
525463 
525466 
525469 
525474 
525476 
525478 
525480 
525483 
525485 
525487 
525489 
525492 
525495 
525498 
525501 
525506 
525508 
525510 
525512 
525515 
525517 
525519 
525521 
525524 
525527 
525530 
525533 
525538 
525540 
525542 
525544 
525547 
525549 
525551 
525553 
525556 
525559 
525562 
525565 
525570 
525572 
525574 
525576 
525579 
525581 
525583 
525585 
525588 
525591 
525594 
525597 
525602 
525604 
525606 
525608 
525611 
525613 
525615 
525617 
525620 
525623 
525626 
525629 
525634 
525637 
525640 
525643 
525648 
525650 
525652 
525654 
525657 
525660 
525663 
525666 
525671 
525673 
525675 
525677 
525680 
525682 
525684 
525686 
525689 
525692 
525695 
525698 
525703 
525705 
525707 
525709 
525712 
525714 
525716 
525718 
525721 
525724 
525727 
525730 
525735 
525737 
525739 
525741 
525744 
525746 
525748 
525750 
525753 
525756 
525759 
525762 
525767 
525769 
525771 
525773 
525776 
525778 
525780 
525782 
525785 
525788 
525791 
525794 
525799 
525801 
525803 
525805 
525808 
525810 
525812 
525814 
525817 
525820 
525823 
525826 
525831 
525833 
525835 
525837 
525840 
525842 
525844 
525846 
525849 
525852 
525855 
525858 
525863 
525865 
525867 
525869 
525872 
525874 
525876 
525878 
525881 
525884 
525887 
525890 
525895 
525897 
525899 
525901 
525904 
525906 
525908 
525910 
525913 
525916 
525919 
525922 
525927 
525929 
525931 
525933 
525936 
525938 
525940 
525942 
525945 
525948 
525951 
525954 
525959 
525961 
525963 
525965 
525968 
525970 
525972 
525974 
525977 
525980 
525983 
525986 
525991 
525993 
525995 
525997 
526000 
526002 
526004 
526006 
526009 
526012 
526015 
526018 
526023 
526025 
526027 
526029 
526032 
526034 
526036 
526038 
526041 
526044 
526047 
526050 
526055 
526057 
526059 
526061 
526064 
526066 
526068 
526070 
526073 
526076 
526079 
526082 
526087 
526089 
526091 
526093 
526096 
526098 
526100 
526102 
526105 
526108 
526111 
526114 
526119 
526121 
526123 
526125 
526128 
526130 
526132 
526134 
526137 
526140 
526143 
526146 
526151 
526153 
526155 
526157 
526160 
526162 
526164 
526166 
526169 
526172 
526175 
526178 
526183 
526185 
526187 
526189 
526192 
526194 
526196 
526198 
526201 
526204 
526207 
526210 
526215 
526217 
526219 
526221 
526224 
526226 
526228 
526230 
526233 
526236 
526239 
526242 
526247 
526249 
526251 
526253 
526256 
526258 
526260 
526262 
526265 
526268 
526271 
526274 
526279 
526281 
526283 
526285 
526288 
526290 
526292 
526294 
526297 
526300 
526303 
526306 
526311 
526313 
526315 
526317 
526320 
526322 
526324 
526326 
526329 
526332 
526335 
526338 
526343 
526345 
526347 
526349 
526352 
526354 
526356 
526358 
526361 
526364 
526367 
526370 
526375 
526378 
526381 
526384 
526389 
526391 
526393 
526395 
526398 
526401 
526404 
526407 
526412 
526414 
526416 
526418 
526421 
526424 
526427 
526430 
526435 
526438 
526441 
526444 
526449 
526451 
526453 
526455 
526458 
526460 
526462 
526464 
526467 
526470 
526473 
526476 
526481 
526483 
526485 
526487 
526490 
526492 
526494 
526496 
526499 
526502 
526505 
526508 
526513 
526515 
526517 
526519 
526522 
526524 
526526 
526528 
526531 
526534 
526537 
526540 
526545 
526547 
526549 
526551 
526554 
526556 
526558 
526560 
526563 
526566 
526569 
526572 
526577 
526579 
526581 
526583 
526586 
526588 
526590 
526592 
526595 
526598 
526601 
526604 
526609 
526611 
526613 
526615 
526618 
526620 
526622 
526624 
526627 
526630 
526633 
526636 
526641 
526643 
526645 
526647 
526650 
526652 
526654 
526656 
526659 
526662 
526665 
526668 
526673 
526675 
526677 
526679 
526682 
526684 
526686 
526688 
526691 
526694 
526697 
526700 
526705 
526707 
526709 
526711 
526714 
526716 
526718 
526720 
526723 
526726 
526729 
526732 
526737 
526739 
526741 
526743 
526746 
526748 
526750 
526752 
526755 
526758 
526761 
526764 
526769 
526771 
526773 
526775 
526778 
526780 
526782 
526784 
526787 
526790 
526793 
526796 
526801 
526803 
526805 
526807 
526810 
526812 
526814 
526816 
526819 
526822 
526825 
526828 
526833 
526835 
526837 
526839 
526842 
526844 
526846 
526848 
526851 
526854 
526857 
526860 
526865 
526867 
526869 
526871 
526874 
526876 
526878 
526880 
526883 
526886 
526889 
526892 
526897 
526899 
526901 
526903 
526906 
526908 
526910 
526912 
526915 
526918 
526921 
526924 
526929 
526931 
526933 
526935 
526938 
526940 
526942 
526944 
526947 
526950 
526953 
526956 
526961 
526963 
526965 
526967 
526970 
526972 
526974 
526976 
526979 
526982 
526985 
526988 
526993 
526995 
526997 
526999 
527002 
527004 
527006 
527008 
527011 
527014 
527017 
527020 
527025 
527027 
527029 
527031 
527034 
527036 
527038 
527040 
527043 
527046 
527049 
527052 
527057 
527059 
527061 
527063 
527066 
527068 
527070 
527072 
527075 
527078 
527081 
527084 
527089 
527091 
527093 
527095 
527098 
527100 
527102 
527104 
527107 
527110 
527113 
527116 
527121 
527124 
527127 
527130 
527135 
527137 
527139 
527141 
527144 
527147 
527150 
527153 
527158 
527160 
527162 
527164 
527167 
527169 
527171 
527173 
527176 
527179 
527182 
527185 
527190 
527192 
527194 
527196 
527199 
527201 
527203 
527205 
527208 
527211 
527214 
527217 
527222 
527224 
527226 
527228 
527231 
527233 
527235 
527237 
527240 
527243 
527246 
527249 
527254 
527256 
527258 
527260 
527263 
527265 
527267 
527269 
527272 
527275 
527278 
527281 
527286 
527288 
527290 
527292 
527295 
527297 
527299 
527301 
527304 
527307 
527310 
527313 
527318 
527320 
527322 
527324 
527327 
527329 
527331 
527333 
527336 
527339 
527342 
527345 
527350 
527352 
527354 
527356 
527359 
527361 
527363 
527365 
527368 
527371 
527374 
527377 
527382 
527384 
527386 
527388 
527391 
527393 
527395 
527397 
527400 
527403 
527406 
527409 
527414 
527416 
527418 
527420 
527423 
527425 
527427 
527429 
527432 
527435 
527438 
527441 
527446 
527448 
527450 
527452 
527455 
527457 
527459 
527461 
527464 
527467 
527470 
527473 
527478 
527480 
527482 
527484 
527487 
527489 
527491 
527493 
527496 
527499 
527502 
527505 
527510 
527512 
527514 
527516 
527519 
527521 
527523 
527525 
527528 
527531 
527534 
527537 
527542 
527544 
527546 
527548 
527551 
527553 
527555 
527557 
527560 
527563 
527566 
527569 
527574 
527576 
527578 
527580 
527583 
527585 
527587 
527589 
527592 
527595 
527598 
527601 
527606 
527608 
527610 
527612 
527615 
527617 
527619 
527621 
527624 
527627 
527630 
527633 
527638 
527640 
527642 
527644 
527647 
527649 
527651 
527653 
527656 
527659 
527662 
527665 
527670 
527672 
527674 
527676 
527679 
527681 
527683 
527685 
527688 
527691 
527694 
527697 
527702 
527704 
527706 
527708 
527711 
527713 
527715 
527717 
527720 
527723 
527726 
527729 
527734 
527736 
527738 
527740 
527743 
527745 
527747 
527749 
527752 
527755 
527758 
527761 
527766 
527768 
527770 
527772 
527775 
527777 
527779 
527781 
527784 
527787 
527790 
527793 
527798 
527800 
527802 
527804 
527807 
527809 
527811 
527813 
527816 
527819 
527822 
527825 
527830 
527832 
527834 
527836 
527839 
527841 
527843 
527845 
527848 
527851 
527854 
527857 
527862 
527865 
527868 
527871 
527876 
527878 
527880 
527882 
527885 
527888 
527891 
527894 
527899 
527901 
527903 
527905 
527908 
527911 
527914 
527917 
527922 
527925 
527928 
527931 
527936 
527938 
527940 
527942 
527945 
527947 
527949 
527951 
527954 
527957 
527960 
527963 
527968 
527970 
527972 
527974 
527977 
527979 
527981 
527983 
527986 
527989 
527992 
527995 
528000 
528002 
528004 
528006 
528009 
528011 
528013 
528015 
528018 
528021 
528024 
528027 
528032 
528034 
528036 
528038 
528041 
528043 
528045 
528047 
528050 
528053 
528056 
528059 
528064 
528066 
528068 
528070 
528073 
528075 
528077 
528079 
528082 
528085 
528088 
528091 
528096 
528098 
528100 
528102 
528105 
528107 
528109 
528111 
528114 
528117 
528120 
528123 
528128 
528130 
528132 
528134 
528137 
528139 
528141 
528143 
528146 
528149 
528152 
528155 
528160 
528162 
528164 
528166 
528169 
528171 
528173 
528175 
528178 
528181 
528184 
528187 
528192 
528194 
528196 
528198 
528201 
528203 
528205 
528207 
528210 
528213 
528216 
528219 
528224 
528226 
528228 
528230 
528233 
528235 
528237 
528239 
528242 
528245 
528248 
528251 
528256 
528258 
528260 
528262 
528265 
528267 
528269 
528271 
528274 
528277 
528280 
528283 
528288 
528290 
528292 
528294 
528297 
528299 
528301 
528303 
528306 
528309 
528312 
528315 
528320 
528322 
528324 
528326 
528329 
528331 
528333 
528335 
528338 
528341 
528344 
528347 
528352 
528354 
528356 
528358 
528361 
528363 
528365 
528367 
528370 
528373 
528376 
528379 
528384 
528386 
528388 
528390 
528393 
528395 
528397 
528399 
528402 
528405 
528408 
528411 
528416 
528418 
528420 
528422 
528425 
528427 
528429 
528431 
528434 
528437 
528440 
528443 
528448 
528450 
528452 
528454 
528457 
528459 
528461 
528463 
528466 
528469 
528472 
528475 
528480 
528482 
528484 
528486 
528489 
528491 
528493 
528495 
528498 
528501 
528504 
528507 
528512 
528514 
528516 
528518 
528521 
528523 
528525 
528527 
528530 
528533 
528536 
528539 
528544 
528546 
528548 
528550 
528553 
528555 
528557 
528559 
528562 
528565 
528568 
528571 
528576 
528578 
528580 
528582 
528585 
528587 
528589 
528591 
528594 
528597 
528600 
528603 
528608 
528611 
528614 
528617 
528622 
528624 
528626 
528628 
528631 
528634 
528637 
528640 
528645 
528647 
528649 
528651 
528654 
528657 
528660 
528663 
528668 
528671 
528674 
528677 
528682 
528684 
528686 
528688 
528691 
528693 
528695 
528697 
528700 
528703 
528706 
528709 
528714 
528716 
528718 
528720 
528723 
528725 
528727 
528729 
528732 
528735 
528738 
528741 
528746 
528748 
528750 
528752 
528755 
528757 
528759 
528761 
528764 
528767 
528770 
528773 
528778 
528780 
528782 
528784 
528787 
528789 
528791 
528793 
528796 
528799 
528802 
528805 
528810 
528812 
528814 
528816 
528819 
528821 
528823 
528825 
528828 
528831 
528834 
528837 
528842 
528844 
528846 
528848 
528851 
528853 
528855 
528857 
528860 
528863 
528866 
528869 
528874 
528876 
528878 
528880 
528883 
528885 
528887 
528889 
528892 
528895 
528898 
528901 
528906 
528908 
528910 
528912 
528915 
528917 
528919 
528921 
528924 
528927 
528930 
528933 
528938 
528940 
528942 
528944 
528947 
528949 
528951 
528953 
528956 
528959 
528962 
528965 
528970 
528972 
528974 
528976 
528979 
528981 
528983 
528985 
528988 
528991 
528994 
528997 
529002 
529004 
529006 
529008 
529011 
529013 
529015 
529017 
529020 
529023 
529026 
529029 
529034 
529036 
529038 
529040 
529043 
529045 
529047 
529049 
529052 
529055 
529058 
529061 
529066 
529068 
529070 
529072 
529075 
529077 
529079 
529081 
529084 
529087 
529090 
529093 
529098 
529100 
529102 
529104 
529107 
529109 
529111 
529113 
529116 
529119 
529122 
529125 
529130 
529132 
529134 
529136 
529139 
529141 
529143 
529145 
529148 
529151 
529154 
529157 
529162 
529164 
529166 
529168 
529171 
529173 
529175 
529177 
529180 
529183 
529186 
529189 
529194 
529196 
529198 
529200 
529203 
529205 
529207 
529209 
529212 
529215 
529218 
529221 
529226 
529228 
529230 
529232 
529235 
529237 
529239 
529241 
529244 
529247 
529250 
529253 
529258 
529260 
529262 
529264 
529267 
529269 
529271 
529273 
529276 
529279 
529282 
529285 
529290 
529292 
529294 
529296 
529299 
529301 
529303 
529305 
529308 
529311 
529314 
529317 
529322 
529324 
529326 
529328 
529331 
529333 
529335 
529337 
529340 
529343 
529346 
529349 
529354 
529356 
529358 
529360 
529363 
529365 
529367 
529369 
529372 
529375 
529378 
529381 
529386 
529388 
529390 
529392 
529395 
529398 
529401 
529404 
529409 
529412 
529415 
529418 
529423 
529425 
529427 
529429 
529432 
529434 
529436 
529438 
529441 
529444 
529447 
529450 
529455 
529457 
529459 
529461 
529464 
529466 
529468 
529470 
529473 
529476 
529479 
529482 
529487 
529489 
529491 
529493 
529496 
529498 
529500 
529502 
529505 
529508 
529511 
529514 
529519 
529521 
529523 
529525 
529528 
529530 
529532 
529534 
529537 
529540 
529543 
529546 
529551 
529553 
529555 
529557 
529560 
529562 
529564 
529566 
529569 
529572 
529575 
529578 
529583 
529585 
529587 
529589 
529592 
529594 
529596 
529598 
529601 
529604 
529607 
529610 
529615 
529617 
529619 
529621 
529624 
529626 
529628 
529630 
529633 
529636 
529639 
529642 
529647 
529649 
529651 
529653 
529656 
529658 
529660 
529662 
529665 
529668 
529671 
529674 
529679 
529681 
529683 
529685 
529688 
529690 
529692 
529694 
529697 
529700 
529703 
529706 
529711 
529713 
529715 
529717 
529720 
529722 
529724 
529726 
529729 
529732 
529735 
529738 
529743 
529745 
529747 
529749 
529752 
529754 
529756 
529758 
529761 
529764 
529767 
529770 
529775 
529777 
529779 
529781 
529784 
529786 
529788 
529790 
529793 
529796 
529799 
529802 
529807 
529809 
529811 
529813 
529816 
529818 
529820 
529822 
529825 
529828 
529831 
529834 
529839 
529841 
529843 
529845 
529848 
529850 
529852 
529854 
529857 
529860 
529863 
529866 
529871 
529873 
529875 
529877 
529880 
529882 
529884 
529886 
529889 
529892 
529895 
529898 
529903 
529905 
529907 
529909 
529912 
529914 
529916 
529918 
529921 
529924 
529927 
529930 
529935 
529937 
529939 
529941 
529944 
529946 
529948 
529950 
529953 
529956 
529959 
529962 
529967 
529969 
529971 
529973 
529976 
529978 
529980 
529982 
529985 
529988 
529991 
529994 
529999 
530001 
530003 
530005 
530008 
530010 
530012 
530014 
530017 
530020 
530023 
530026 
530031 
530033 
530035 
530037 
530040 
530042 
530044 
530046 
530049 
530052 
530055 
530058 
530063 
530065 
530067 
530069 
530072 
530074 
530076 
530078 
530081 
530084 
530087 
530090 
530095 
530098 
530101 
530104 
530109 
530111 
530113 
530115 
530118 
530121 
530124 
530127 
530132 
530134 
530136 
530138 
530141 
530144 
530147 
530150 
530155 
530158 
530161 
530164 
530169 
530171 
530173 
530175 
530178 
530180 
530182 
530184 
530187 
530190 
530193 
530196 
530201 
530203 
530205 
530207 
530210 
530212 
530214 
530216 
530219 
530222 
530225 
530228 
530233 
530235 
530237 
530239 
530242 
530244 
530246 
530248 
530251 
530254 
530257 
530260 
530265 
530267 
530269 
530271 
530274 
530276 
530278 
530280 
530283 
530286 
530289 
530292 
530297 
530299 
530301 
530303 
530306 
530308 
530310 
530312 
530315 
530318 
530321 
530324 
530329 
530331 
530333 
530335 
530338 
530340 
530342 
530344 
530347 
530350 
530353 
530356 
530361 
530363 
530365 
530367 
530370 
530372 
530374 
530376 
530379 
530382 
530385 
530388 
530393 
530395 
530397 
530399 
530402 
530404 
530406 
530408 
530411 
530414 
530417 
530420 
530425 
530427 
530429 
530431 
530434 
530436 
530438 
530440 
530443 
530446 
530449 
530452 
530457 
530459 
530461 
530463 
530466 
530468 
530470 
530472 
530475 
530478 
530481 
530484 
530489 
530491 
530493 
530495 
530498 
530500 
530502 
530504 
530507 
530510 
530513 
530516 
530521 
530523 
530525 
530527 
530530 
530532 
530534 
530536 
530539 
530542 
530545 
530548 
530553 
530555 
530557 
530559 
530562 
530564 
530566 
530568 
530571 
530574 
530577 
530580 
530585 
530587 
530589 
530591 
530594 
530596 
530598 
530600 
530603 
530606 
530609 
530612 
530617 
530619 
530621 
530623 
530626 
530628 
530630 
530632 
530635 
530638 
530641 
530644 
530649 
530651 
530653 
530655 
530658 
530660 
530662 
530664 
530667 
530670 
530673 
530676 
530681 
530683 
530685 
530687 
530690 
530692 
530694 
530696 
530699 
530702 
530705 
530708 
530713 
530715 
530717 
530719 
530722 
530724 
530726 
530728 
530731 
530734 
530737 
530740 
530745 
530747 
530749 
530751 
530754 
530756 
530758 
530760 
530763 
530766 
530769 
530772 
530777 
530779 
530781 
530783 
530786 
530788 
530790 
530792 
530795 
530798 
530801 
530804 
530809 
530811 
530813 
530815 
530818 
530820 
530822 
530824 
530827 
530830 
530833 
530836 
530841 
530844 
530847 
530850 
530855 
530857 
530859 
530861 
530864 
530867 
530870 
530873 
530878 
530880 
530882 
530884 
530887 
530890 
530893 
530898 
530901 
530904 
530909 
530911 
530913 
530915 
530918 
530920 
530922 
530925 
530929 
530932 
530937 
530939 
530941 
530943 
530946 
530948 
530950 
530952 
530955 
530958 
530961 
530964 
530969 
530971 
530973 
530975 
530978 
530980 
530982 
530984 
530987 
530990 
530993 
530996 
531001 
531003 
531005 
531007 
531010 
531012 
531014 
531016 
531019 
531022 
531025 
531028 
531033 
531035 
531037 
531039 
531042 
531044 
531046 
531048 
531051 
531054 
531057 
531060 
531065 
531067 
531069 
531071 
531074 
531076 
531078 
531080 
531083 
531086 
531089 
531092 
531097 
531099 
531101 
531103 
531106 
531108 
531110 
531112 
531115 
531118 
531121 
531124 
531129 
531131 
531133 
531135 
531138 
531140 
531142 
531144 
531147 
531150 
531153 
531156 
531161 
531163 
531165 
531167 
531170 
531172 
531174 
531176 
531179 
531182 
531185 
531188 
531193 
531195 
531197 
531199 
531202 
531204 
531206 
531208 
531211 
531214 
531217 
531220 
531225 
531227 
531229 
531231 
531234 
531236 
531238 
531240 
531243 
531246 
531249 
531252 
531257 
531259 
531261 
531263 
531266 
531268 
531270 
531272 
531275 
531278 
531281 
531284 
531289 
531291 
531293 
531295 
531298 
531300 
531302 
531304 
531307 
531310 
531313 
531316 
531321 
531323 
531325 
531327 
531330 
531332 
531334 
531336 
531339 
531342 
531345 
531348 
531353 
531355 
531357 
531359 
531362 
531364 
531366 
531368 
531371 
531374 
531377 
531380 
531385 
531387 
531389 
531391 
531394 
531396 
531398 
531400 
531403 
531406 
531409 
531412 
531417 
531419 
531421 
531423 
531426 
531428 
531430 
531432 
531435 
531438 
531441 
531444 
531449 
531451 
531453 
531455 
531458 
531460 
531462 
531464 
531467 
531470 
531473 
531476 
531481 
531483 
531485 
531487 
531490 
531492 
531494 
531496 
531499 
531502 
531505 
531508 
531513 
531515 
531517 
531519 
531522 
531524 
531526 
531528 
531531 
531534 
531537 
531540 
531545 
531547 
531549 
531551 
531554 
531556 
531558 
531560 
531563 
531566 
531569 
531572 
531577 
531580 
531583 
531586 
531591 
531593 
531595 
531597 
531600 
531603 
531606 
531609 
531614 
531616 
531619 
531622 
531628 
531630 
531632 
531635 
531638 
531641 
531645 
531648 
531653 
531655 
531657 
531659 
531662 
531664 
531666 
531668 
531671 
531674 
531677 
531680 
531685 
531687 
531689 
531691 
531694 
531696 
531698 
531700 
531703 
531706 
531709 
531712 
531717 
531719 
531721 
531723 
531726 
531728 
531730 
531732 
531735 
531738 
531741 
531744 
531749 
531751 
531753 
531755 
531758 
531760 
531762 
531764 
531767 
531770 
531773 
531776 
531781 
531783 
531785 
531787 
531790 
531792 
531794 
531796 
531799 
531802 
531805 
531808 
531813 
531815 
531817 
531819 
531822 
531824 
531826 
531828 
531831 
531834 
531837 
531840 
531845 
531847 
531849 
531851 
531854 
531856 
531858 
531860 
531863 
531866 
531869 
531872 
531877 
531879 
531881 
531883 
531886 
531888 
531890 
531892 
531895 
531898 
531901 
531904 
531909 
531911 
531913 
531915 
531918 
531920 
531922 
531924 
531927 
531930 
531933 
531936 
531941 
531943 
531945 
531947 
531950 
531952 
531954 
531956 
531959 
531962 
531965 
531968 
531973 
531975 
531977 
531979 
531982 
531984 
531986 
531988 
531991 
531994 
531997 
532000 
532005 
532007 
532009 
532011 
532014 
532016 
532018 
532020 
532023 
532026 
532029 
532032 
532037 
532039 
532041 
532043 
532046 
532048 
532050 
532052 
532055 
532058 
532061 
532064 
532069 
532071 
532073 
532075 
532078 
532080 
532082 
532084 
532087 
532090 
532093 
532096 
532101 
532103 
532105 
532107 
532110 
532112 
532114 
532116 
532119 
532122 
532125 
532128 
532133 
532135 
532137 
532139 
532142 
532144 
532146 
532148 
532151 
532154 
532157 
532160 
532165 
532167 
532169 
532171 
532174 
532176 
532178 
532180 
532183 
532186 
532189 
532192 
532197 
532199 
532201 
532203 
532206 
532208 
532210 
532212 
532215 
532218 
532221 
532224 
532229 
532231 
532233 
532235 
532238 
532240 
532242 
532244 
532247 
532250 
532253 
532256 
532261 
532263 
532265 
532267 
532270 
532272 
532274 
532276 
532279 
532282 
532285 
532288 
532293 
532296 
532299 
532302 
532307 
532309 
532311 
532313 
532316 
532319 
532322 
532325 
532330 
532335 
532341 
532343 
532345 
532348 
532351 
532354 
532358 
532361 
532366 
532368 
532370 
532372 
532375 
532377 
532379 
532381 
532384 
532387 
532390 
532393 
532398 
532400 
532402 
532404 
532407 
532409 
532411 
532413 
532416 
532419 
532422 
532425 
532430 
532432 
532434 
532436 
532439 
532441 
532443 
532445 
532448 
532451 
532454 
532457 
532462 
532464 
532466 
532468 
532471 
532473 
532475 
532477 
532480 
532483 
532486 
532489 
532494 
532496 
532498 
532500 
532503 
532505 
532507 
532509 
532512 
532515 
532518 
532521 
532526 
532528 
532530 
532532 
532535 
532537 
532539 
532541 
532544 
532547 
532550 
532553 
532558 
532560 
532562 
532564 
532567 
532569 
532571 
532573 
532576 
532579 
532582 
532585 
532590 
532592 
532594 
532596 
532599 
532601 
532603 
532605 
532608 
532611 
532614 
532617 
532622 
532624 
532626 
532628 
532631 
532633 
532635 
532637 
532640 
532643 
532646 
532649 
532654 
532656 
532658 
532660 
532663 
532665 
532667 
532669 
532672 
532675 
532678 
532681 
532686 
532688 
532690 
532692 
532695 
532697 
532699 
532701 
532704 
532707 
532710 
532713 
532718 
532720 
532722 
532724 
532727 
532729 
532731 
532733 
532736 
532739 
532742 
532745 
532750 
532752 
532754 
532756 
532759 
532761 
532763 
532765 
532768 
532771 
532774 
532777 
532782 
532784 
532786 
532788 
532791 
532793 
532795 
532797 
532800 
532803 
532806 
532809 
532814 
532816 
532818 
532820 
532823 
532825 
532827 
532829 
532832 
532835 
532838 
532841 
532846 
532848 
532850 
532852 
532855 
532857 
532859 
532861 
532864 
532867 
532870 
532873 
532878 
532880 
532882 
532884 
532887 
532889 
532891 
532893 
532896 
532899 
532902 
532905 
532910 
532912 
532914 
532916 
532919 
532921 
532923 
532925 
532928 
532931 
532934 
532937 
532942 
532944 
532946 
532948 
532951 
532953 
532955 
532957 
532960 
532963 
532966 
532969 
532974 
532976 
532978 
532980 
532983 
532985 
532987 
532989 
532992 
532995 
532998 
533001 
533006 
533009 
533012 
533015 
533020 
533022 
533024 
533026 
533029 
533032 
533035 
533038 
533043 
533046 
533049 
533056 
533058 
533060 
533063 
533066 
533069 
533073 
533076 
533081 
533083 
533085 
533087 
533090 
533092 
533094 
533096 
533099 
533102 
533105 
533108 
533113 
533115 
533117 
533119 
533122 
533124 
533126 
533128 
533131 
533134 
533137 
533140 
533145 
533147 
533149 
533151 
533154 
533156 
533158 
533160 
533163 
533166 
533169 
533172 
533177 
533179 
533181 
533183 
533186 
533188 
533190 
533192 
533195 
533198 
533201 
533204 
533209 
533211 
533213 
533215 
533218 
533220 
533222 
533224 
533227 
533230 
533233 
533236 
533241 
533243 
533245 
533247 
533250 
533252 
533254 
533256 
533259 
533262 
533265 
533268 
533273 
533275 
533277 
533279 
533282 
533284 
533286 
533288 
533291 
533294 
533297 
533300 
533305 
533307 
533309 
533311 
533314 
533316 
533318 
533320 
533323 
533326 
533329 
533332 
533337 
533339 
533341 
533343 
533346 
533348 
533350 
533352 
533355 
533358 
533361 
533364 
533369 
533371 
533373 
533375 
533378 
533380 
533382 
533384 
533387 
533390 
533393 
533396 
533401 
533403 
533405 
533407 
533410 
533412 
533414 
533416 
533419 
533422 
533425 
533428 
533433 
533435 
533437 
533439 
533442 
533444 
533446 
533448 
533451 
533454 
533457 
533460 
533465 
533467 
533469 
533471 
533474 
533476 
533478 
533480 
533483 
533486 
533489 
533492 
533497 
533499 
533501 
533503 
533506 
533508 
533510 
533512 
533515 
533518 
533521 
533524 
533529 
533531 
533533 
533535 
533538 
533540 
533542 
533544 
533547 
533550 
533553 
533556 
533561 
533563 
533565 
533567 
533570 
533572 
533574 
533576 
533579 
533582 
533585 
533588 
533593 
533595 
533597 
533599 
533602 
533604 
533606 
533608 
533611 
533614 
533617 
533620 
533625 
533627 
533629 
533631 
533634 
533636 
533638 
533640 
533643 
533646 
533649 
533652 
533657 
533659 
533661 
533663 
533666 
533668 
533670 
533672 
533675 
533678 
533681 
533684 
533689 
533691 
533693 
533695 
533698 
533700 
533702 
533704 
533707 
533710 
533713 
533716 
533721 
533724 
533727 
533730 
533735 
533737 
533739 
533741 
533744 
533747 
533750 
533753 
533758 
533761 
533764 
533767 
533770 
533775 
533779 
533782 
533787 
533789 
533791 
533794 
533796 
533798 
533801 
533806 
533809 
533814 
533816 
533818 
533820 
533823 
533825 
533827 
533829 
533832 
533835 
533838 
533841 
533846 
533848 
533850 
533852 
533855 
533857 
533859 
533861 
533864 
533867 
533870 
533873 
533878 
533880 
533882 
533884 
533887 
533889 
533891 
533893 
533896 
533899 
533902 
533905 
533910 
533912 
533914 
533916 
533919 
533921 
533923 
533925 
533928 
533931 
533934 
533937 
533942 
533944 
533946 
533948 
533951 
533953 
533955 
533957 
533960 
533963 
533966 
533969 
533974 
533976 
533978 
533980 
533983 
533985 
533987 
533989 
533992 
533995 
533998 
534001 
534006 
534008 
534010 
534012 
534015 
534017 
534019 
534021 
534024 
534027 
534030 
534033 
534038 
534040 
534042 
534044 
534047 
534049 
534051 
534053 
534056 
534059 
534062 
534065 
534070 
534072 
534074 
534076 
534079 
534081 
534083 
534085 
534088 
534091 
534094 
534097 
534102 
534104 
534106 
534108 
534111 
534113 
534115 
534117 
534120 
534123 
534126 
534129 
534134 
534136 
534138 
534140 
534143 
534145 
534147 
534149 
534152 
534155 
534158 
534161 
534166 
534168 
534170 
534172 
534175 
534177 
534179 
534181 
534184 
534187 
534190 
534193 
534198 
534200 
534202 
534204 
534207 
534209 
534211 
534213 
534216 
534219 
534222 
534225 
534230 
534232 
534234 
534236 
534239 
534241 
534243 
534245 
534248 
534251 
534254 
534257 
534262 
534264 
534266 
534268 
534271 
534273 
534275 
534277 
534280 
534283 
534286 
534289 
534294 
534296 
534298 
534300 
534303 
534305 
534307 
534309 
534312 
534315 
534318 
534321 
534326 
534328 
534330 
534332 
534335 
534337 
534339 
534341 
534344 
534347 
534350 
534353 
534358 
534360 
534362 
534364 
534367 
534369 
534371 
534373 
534376 
534379 
534382 
534385 
534390 
534392 
534394 
534396 
534399 
534401 
534403 
534405 
534408 
534411 
534414 
534417 
534422 
534424 
534426 
534428 
534431 
534433 
534435 
534437 
534440 
534443 
534446 
534449 
534454 
534457 
534460 
534463 
534468 
534470 
534472 
534474 
534477 
534480 
534483 
534486 
534491 
534493 
534495 
534497 
534500 
534502 
534504 
534506 
534509 
534512 
534515 
534518 
534523 
534525 
534527 
534529 
534532 
534534 
534536 
534538 
534541 
534544 
534547 
534550 
534555 
534557 
534559 
534561 
534564 
534566 
534568 
534570 
534573 
534576 
534579 
534582 
534587 
534589 
534591 
534593 
534596 
534598 
534600 
534602 
534605 
534608 
534611 
534614 
534619 
534621 
534623 
534625 
534628 
534630 
534632 
534634 
534637 
534640 
534643 
534646 
534651 
534653 
534655 
534657 
534660 
534662 
534664 
534666 
534669 
534672 
534675 
534678 
534683 
534685 
534687 
534689 
534692 
534694 
534696 
534698 
534701 
534704 
534707 
534710 
534715 
534717 
534719 
534721 
534724 
534726 
534728 
534730 
534733 
534736 
534739 
534742 
534747 
534749 
534751 
534753 
534756 
534758 
534760 
534762 
534765 
534768 
534771 
534774 
534779 
534781 
534783 
534785 
534788 
534790 
534792 
534794 
534797 
534800 
534803 
534806 
534811 
534813 
534815 
534817 
534820 
534822 
534824 
534826 
534829 
534832 
534835 
534838 
534843 
534845 
534847 
534849 
534852 
534854 
534856 
534858 
534861 
534864 
534867 
534870 
534875 
534877 
534879 
534881 
534884 
534886 
534888 
534890 
534893 
534896 
534899 
534902 
534907 
534909 
534911 
534913 
534916 
534918 
534920 
534922 
534925 
534928 
534931 
534934 
534939 
534941 
534943 
534945 
534948 
534950 
534952 
534954 
534957 
534960 
534963 
534966 
534971 
534973 
534975 
534977 
534980 
534982 
534984 
534986 
534989 
534992 
534995 
534998 
535003 
535005 
535007 
535009 
535012 
535014 
535016 
535018 
535021 
535024 
535027 
535030 
535035 
535037 
535039 
535041 
535044 
535046 
535048 
535050 
535053 
535056 
535059 
535062 
535067 
535069 
535071 
535073 
535076 
535078 
535080 
535082 
535085 
535088 
535091 
535094 
535099 
535101 
535103 
535105 
535108 
535110 
535112 
535114 
535117 
535120 
535123 
535126 
535131 
535133 
535135 
535137 
535140 
535142 
535144 
535146 
535149 
535152 
535155 
535158 
535163 
535165 
535167 
535169 
535172 
535174 
535176 
535178 
535181 
535184 
535187 
535190 
535195 
535197 
535199 
535201 
535204 
535206 
535208 
535210 
535213 
535215 
535217 
535219 
535222 
535224 
535226 
535228 
535231 
535233 
535235 
535237 
535240 
535243 
535246 
535249 
535254 
535256 
535258 
535260 
535263 
535265 
535267 
535269 
535272 
535275 
535278 
535281 
535286 
535288 
535290 
535292 
535295 
535297 
535299 
535301 
535304 
535307 
535310 
535313 
535318 
535320 
535322 
535324 
535327 
535329 
535331 
535333 
535336 
535339 
535342 
535345 
535350 
535352 
535354 
535356 
535359 
535361 
535363 
535365 
535368 
535371 
535374 
535377 
535382 
535384 
535386 
535388 
535391 
535393 
535395 
535397 
535400 
535403 
535406 
535409 
535414 
535416 
535418 
535420 
535423 
535425 
535427 
535429 
535432 
535435 
535438 
535441 
535446 
535448 
535450 
535452 
535455 
535457 
535459 
535461 
535464 
535467 
535470 
535473 
535478 
535480 
535482 
535484 
535487 
535489 
535491 
535493 
535496 
535499 
535502 
535505 
535510 
535512 
535514 
535516 
535519 
535521 
535523 
535525 
535528 
535531 
535534 
535537 
535542 
535544 
535546 
535548 
535551 
535553 
535555 
535557 
535560 
535563 
535566 
535569 
535574 
535576 
535578 
535580 
535583 
535585 
535587 
535589 
535592 
535595 
535598 
535601 
535606 
535608 
535610 
535612 
535615 
535617 
535619 
535621 
535624 
535627 
535630 
535633 
535638 
535640 
535642 
535644 
535647 
535649 
535651 
535653 
535656 
535659 
535662 
535665 
535670 
535672 
535674 
535676 
535679 
535681 
535683 
535685 
535688 
535691 
535694 
535697 
535702 
535704 
535706 
535708 
535711 
535713 
535715 
535717 
535720 
535723 
535726 
535729 
535734 
535736 
535738 
535740 
535743 
535745 
535747 
535749 
535752 
535755 
535758 
535761 
535766 
535768 
535770 
535772 
535775 
535777 
535779 
535781 
535784 
535787 
535790 
535793 
535798 
535800 
535802 
535804 
535807 
535809 
535811 
535813 
535816 
535819 
535822 
535825 
535830 
535832 
535834 
535836 
535839 
535841 
535843 
535845 
535848 
535851 
535854 
535857 
535862 
535864 
535866 
535868 
535871 
535873 
535875 
535877 
535880 
535883 
535886 
535889 
535894 
535896 
535898 
535900 
535903 
535905 
535907 
535909 
535912 
535915 
535918 
535921 
535926 
535928 
535930 
535932 
535935 
535937 
535939 
535941 
535944 
535946 
535948 
535950 
535953 
535955 
535957 
535959 
535962 
535964 
535966 
535968 
535971 
535973 
535975 
535977 
535980 
535982 
535984 
535986 
535989 
535991 
535993 
535995 
535998 
536000 
536002 
536004 
536007 
536009 
536011 
536013 
536016 
536018 
536020 
536022 
536025 
536027 
536029 
536031 
536034 
536036 
536038 
536040 
536043 
536045 
536047 
536049 
536052 
536054 
536056 
536058 
536061 
536063 
536065 
536067 
536070 
536072 
536074 
536076 
536079 
536081 
536083 
536085 
536088 
536090 
536092 
536094 
536097 
536099 
536101 
536103 
536106 
536108 
536110 
536112 
536115 
536117 
536119 
536121 
536124 
536126 
536128 
536130 
536133 
536135 
536137 
536139 
536142 
536144 
536146 
536148 
536151 
536153 
536155 
536157 
536160 
536162 
536164 
536166 
536169 
536171 
536173 
536175 
536178 
536180 
536182 
536184 
536187 
536189 
536191 
536193 
536196 
536198 
536200 
536202 
536205 
536207 
536209 
536211 
536214 
536216 
536218 
536220 
536223 
536225 
536227 
536229 
536232 
536234 
536236 
536238 
536241 
536243 
536245 
536247 
536250 
536252 
536254 
536256 
536259 
536261 
536263 
536265 
536268 
536270 
536272 
536274 
536277 
536279 
536281 
536283 
536286 
536288 
536290 
536292 
536295 
536297 
536299 
536301 
536304 
536306 
536308 
536310 
536313 
536315 
536317 
536319 
536322 
536324 
536326 
536328 
536331 
536333 
536335 
536337 
536340 
536342 
536344 
536346 
536349 
536351 
536353 
536355 
536358 
536360 
536362 
536364 
536367 
536369 
536371 
536373 
536376 
536378 
536380 
536382 
536385 
536387 
536389 
536391 
536394 
536396 
536398 
536400 
536403 
536405 
536407 
536409 
536412 
536414 
536416 
536418 
536421 
536423 
536425 
536427 
536430 
536432 
536434 
536436 
536439 
536441 
536443 
536445 
536448 
536450 
536452 
536454 
536457 
536459 
536461 
536463 
536466 
536468 
536470 
536472 
536475 
536477 
536479 
536481 
536484 
536486 
536488 
536490 
536493 
536495 
536497 
536499 
536502 
536504 
536506 
536508 
536511 
536513 
536515 
536517 
536520 
536522 
536524 
536526 
536529 
536531 
536533 
536535 
536538 
536540 
536542 
536544 
536547 
536549 
536551 
536553 
536556 
536558 
536560 
536562 
536565 
536566 
536567 
536568 
536569 
536576 
536583 
536590 
536603 
536607 
536611 
536615 
536622 
536628 
536634 
536640 
536651 
536658 
536665 
536672 
536685 
536690 
536695 
536700 
536709 
536714 
536719 
536724 
536733 
536740 
536747 
536754 
536767 
536772 
536777 
536782 
536791 
536799 
536807 
536815 
536830 
536835 
536840 
536845 
536854 
536862 
536870 
536878 
536893 
536899 
536905 
536911 
536922 
536926 
536930 
536934 
536941 
536946 
536951 
536956 
536965 
536969 
536973 
536977 
536984 
536988 
536992 
536996 
537003 
537007 
537011 
537015 
537022 
537025 
537028 
537031 
537036 
537040 
537044 
537048 
537055 
537059 
537063 
537067 
537074 
537078 
537082 
537086 
537093 
537097 
537101 
537105 
537112 
537117 
537122 
537127 
537136 
537140 
537144 
537148 
537155 
537159 
537163 
537167 
537174 
537178 
537182 
537186 
537193 
537198 
537203 
537208 
537217 
537221 
537225 
537229 
537236 
537240 
537244 
537248 
537255 
537259 
537263 
537267 
537274 
537278 
537282 
537286 
537293 
537298 
537303 
537308 
537317 
537321 
537325 
537329 
537336 
537340 
537344 
537348 
537355 
537360 
537365 
537370 
537379 
537383 
537387 
537391 
537398 
537402 
537406 
537410 
537417 
537421 
537425 
537429 
537436 
537440 
537444 
537448 
537455 
537462 
537469 
537476 
537489 
537496 
537503 
537510 
537523 
537527 
537531 
537535 
537542 
537547 
537552 
537557 
537566 
537572 
537578 
537584 
537595 
537602 
537609 
537616 
537629 
537634 
537639 
537644 
537653 
537660 
537667 
537674 
537687 
537692 
537697 
537702 
537711 
537714 
537717 
537720 
537725 
537728 
537731 
537734 
537739 
537742 
537745 
537748 
537753 
537757 
537761 
537765 
537772 
537776 
537780 
537787 
537790 
537793 
537798 
537805 
537810 
537819 
537823 
537827 
537831 
537838 
537843 
537848 
537853 
537862 
537866 
537870 
537874 
537881 
537886 
537891 
537896 
537905 
537909 
537913 
537917 
537924 
537929 
537934 
537939 
537948 
537952 
537956 
537960 
537967 
537972 
537977 
537982 
537991 
537995 
537999 
538003 
538010 
538015 
538020 
538025 
538034 
538038 
538042 
538046 
538053 
538058 
538063 
538068 
538077 
538081 
538085 
538089 
538096 
538100 
538104 
538111 
538114 
538117 
538122 
538127 
538134 
538141 
538146 
538155 
538159 
538163 
538167 
538174 
538178 
538182 
538186 
538193 
538195 
538197 
538199 
538202 
538204 
538206 
538208 
538211 
538215 
538219 
538223 
538230 
538234 
538238 
538242 
538249 
538251 
538253 
538255 
538258 
538260 
538262 
538264 
538267 
538272 
538277 
538282 
538291 
538295 
538299 
538303 
538310 
538315 
538320 
538325 
538334 
538337 
538340 
538343 
538348 
538352 
538356 
538360 
538367 
538370 
538373 
538376 
538381 
538383 
538385 
538387 
538390 
538392 
538394 
538396 
538399 
538401 
538403 
538405 
538408 
538412 
538416 
538420 
538427 
538431 
538435 
538439 
538446 
538448 
538450 
538452 
538455 
538458 
538461 
538464 
538469 
538471 
538473 
538475 
538478 
538487 
538494 
538507 
538511 
538515 
538519 
538526 
538530 
538534 
538538 
538545 
538550 
538555 
538560 
538569 
538581 
538584 
538591 
538598 
538605 
538618 
538625 
538632 
538639 
538652 
538660 
538668 
538676 
538691 
538696 
538701 
538706 
538715 
538719 
538723 
538727 
538734 
538739 
538744 
538749 
538758 
538764 
538770 
538776 
538787 
538794 
538801 
538808 
538821 
538828 
538835 
538842 
538855 
538859 
538863 
538867 
538874 
538877 
538880 
538883 
538888 
538896 
538904 
538912 
538927 
538931 
538935 
538939 
538946 
538950 
538954 
538958 
538965 
538969 
538973 
538977 
538984 
538987 
538990 
538993 
538998 
539001 
539004 
539007 
539012 
539015 
539018 
539021 
539026 
539028 
539030 
539032 
539035 
539038 
539041 
539044 
539049 
539052 
539055 
539058 
539063 
539064 
539065 
539066 
539067 
539071 
539075 
539079 
539086 
539090 
539094 
539098 
539105 
539108 
539111 
539114 
539119 
539122 
539125 
539128 
539133 
539136 
539139 
539142 
539147 
539148 
539149 
539150 
539155 
539160 
539163 
539167 
539171 
539175 
539182 
539186 
539190 
539194 
539201 
539204 
539207 
539212 
539215 
539218 
539223 
539226 
539229 
539232 
539237 
539238 
539239 
539240 
539242 
539244 
539247 
539251 
539255 
539259 
539266 
539268 
539270 
539273 
539276 
539279 
539282 
539287 
539290 
539293 
539296 
539301 
539302 
539303 
539304 
539306 
539308 
539310 
539313 
539317 
539321 
539325 
539332 
539334 
539336 
539338 
539341 
539344 
539347 
539350 
539355 
539358 
539361 
539364 
539369 
539370 
539371 
539372 
539373 
539375 
539377 
539379 
539382 
539386 
539390 
539394 
539401 
539403 
539405 
539407 
539410 
539413 
539416 
539419 
539424 
539427 
539430 
539433 
539438 
539439 
539440 
539441 
539442 
539444 
539446 
539448 
539451 
539455 
539459 
539463 
539470 
539472 
539474 
539476 
539479 
539482 
539485 
539488 
539493 
539496 
539499 
539502 
539507 
539508 
539509 
539510 
539511 
539513 
539515 
539517 
539520 
539524 
539528 
539532 
539539 
539541 
539543 
539545 
539548 
539551 
539554 
539557 
539562 
539565 
539568 
539571 
539576 
539577 
539578 
539579 
539580 
539584 
539588 
539592 
539599 
539605 
539611 
539617 
539628 
539633 
539638 
539643 
539652 
539659 
539665 
539676 
539682 
539687 
539696 
539699 
539702 
539705 
539710 
539712 
539714 
539716 
539719 
539722 
539725 
539728 
539733 
539739 
539745 
539751 
539762 
539766 
539770 
539774 
539781 
539784 
539787 
539790 
539795 
539797 
539799 
539801 
539804 
539808 
539812 
539816 
539823 
539825 
539827 
539829 
539832 
539835 
539838 
539841 
539846 
539854 
539862 
539870 
539885 
539888 
539891 
539894 
539899 
539904 
539909 
539914 
539923 
539927 
539931 
539935 
539942 
539943 
539944 
539945 
539946 
539948 
539950 
539952 
539955 
539957 
539959 
539961 
539964 
539967 
539970 
539973 
539978 
539983 
539988 
539993 
540002 
540006 
540010 
540014 
540021 
540024 
540027 
540030 
540035 
540040 
540045 
540050 
540059 
540063 
540067 
540071 
540078 
540082 
540086 
540090 
540097 
540101 
540105 
540109 
540116 
540119 
540122 
540125 
540130 
540133 
540136 
540139 
540144 
540147 
540150 
540153 
540158 
540162 
540166 
540170 
540177 
540183 
540189 
540195 
540206 
540213 
540220 
540227 
540240 
540244 
540248 
540252 
540259 
540262 
540265 
540268 
540273 
540276 
540279 
540282 
540287 
540292 
540297 
540302 
540311 
540315 
540319 
540323 
540330 
540333 
540336 
540339 
540344 
540348 
540352 
540356 
540363 
540370 
540376 
540387 
540393 
540398 
540407 
540410 
540413 
540416 
540421 
540423 
540425 
540427 
540430 
540433 
540436 
540439 
540444 
540448 
540452 
540456 
540463 
540467 
540471 
540475 
540482 
540485 
540488 
540491 
540496 
540500 
540504 
540508 
540515 
540521 
540526 
540535 
540541 
540546 
540555 
540557 
540559 
540561 
540564 
540566 
540568 
540570 
540573 
540577 
540581 
540585 
540592 
540595 
540598 
540601 
540606 
540609 
540612 
540615 
540620 
540624 
540628 
540632 
540639 
540647 
540650 
540655 
540660 
540667 
540669 
540672 
540675 
540680 
540683 
540688 
540691 
540696 
540703 
540705 
540708 
540715 
540719 
540722 
540727 
540729 
540731 
540733 
540736 
540741 
540748 
540754 
540758 
540762 
540766 
540773 
540776 
540779 
540782 
540787 
540790 
540793 
540796 
540801 
540805 
540809 
540813 
540820 
540824 
540828 
540832 
540839 
540840 
540841 
540842 
540843 
540847 
540851 
540855 
540862 
540865 
540868 
540871 
540876 
540879 
540882 
540885 
540890 
540893 
540896 
540899 
540904 
540908 
540912 
540916 
540923 
540926 
540929 
540932 
540937 
540941 
540945 
540949 
540956 
540959 
540962 
540965 
540970 
540974 
540978 
540982 
540989 
540992 
540995 
540998 
541003 
541006 
541009 
541012 
541017 
541019 
541021 
541023 
541026 
541029 
541032 
541035 
541040 
541042 
541044 
541046 
541049 
541054 
541059 
541064 
541073 
541077 
541081 
541085 
541092 
541093 
541094 
541095 
541096 
541099 
541102 
541105 
541110 
541115 
541120 
541125 
541134 
541138 
541142 
541146 
541153 
541155 
541157 
541159 
541162 
541165 
541168 
541171 
541176 
541180 
541184 
541188 
541195 
541198 
541201 
541204 
541209 
541213 
541217 
541221 
541228 
541231 
541234 
541237 
541242 
541247 
541252 
541257 
541266 
541267 
541268 
541269 
541270 
541274 
541278 
541282 
541289 
541292 
541295 
541298 
541303 
541307 
541311 
541315 
541322 
541325 
541328 
541331 
541336 
541340 
541344 
541348 
541355 
541358 
541361 
541364 
541369 
541372 
541375 
541378 
541383 
541386 
541389 
541392 
541397 
541401 
541405 
541409 
541416 
541417 
541418 
541419 
541435 
541438 
541441 
541444 
541463 
541468 
541475 
541479 
541482 
541487 
541489 
541491 
541493 
541496 
541501 
541506 
541511 
541520 
541522 
541524 
541526 
541529 
541532 
541535 
541538 
541543 
541548 
541553 
541562 
541566 
541570 
541574 
541581 
541585 
541589 
541593 
541600 
541602 
541604 
541606 
541609 
541611 
541613 
541615 
541618 
541622 
541626 
541630 
541637 
541641 
541645 
541649 
541656 
541659 
541662 
541665 
541670 
541673 
541676 
541679 
541684 
541686 
541688 
541690 
541693 
541696 
541699 
541702 
541707 
541711 
541715 
541719 
541726 
541730 
541734 
541738 
541745 
541747 
541749 
541751 
541754 
541756 
541758 
541760 
541763 
541767 
541771 
541775 
541782 
541786 
541790 
541794 
541801 
541806 
541811 
541816 
541825 
541829 
541833 
541837 
541844 
541848 
541852 
541856 
541863 
541865 
541867 
541869 
541872 
541876 
541880 
541884 
541891 
541894 
541897 
541900 
541905 
541908 
541911 
541914 
541919 
541921 
541923 
541925 
541928 
541933 
541938 
541943 
541952 
541957 
541962 
541967 
541976 
541979 
541982 
541985 
541990 
541992 
541994 
541996 
541999 
542003 
542007 
542011 
542018 
542023 
542028 
542033 
542042 
542045 
542048 
542051 
542056 
542059 
542062 
542065 
542070 
542072 
542074 
542076 
542079 
542081 
542083 
542085 
542088 
542092 
542096 
542100 
542107 
542110 
542113 
542116 
542121 
542124 
542127 
542130 
542135 
542138 
542141 
542144 
542149 
542151 
542153 
542155 
542158 
542160 
542162 
542164 
542167 
542171 
542175 
542179 
542186 
542191 
542196 
542201 
542210 
542213 
542216 
542219 
542224 
542227 
542230 
542233 
542238 
542240 
542242 
542244 
542247 
542249 
542251 
542253 
542256 
542261 
542266 
542271 
542280 
542284 
542288 
542292 
542299 
542303 
542307 
542311 
542318 
542319 
542320 
542321 
542322 
542327 
542332 
542337 
542346 
542351 
542356 
542361 
542370 
542375 
542380 
542385 
542394 
542400 
542406 
542412 
542423 
542428 
542433 
542438 
542447 
542453 
542459 
542465 
542476 
542480 
542484 
542488 
542495 
542500 
542505 
542510 
542519 
542524 
542529 
542534 
542543 
542549 
542555 
542561 
542572 
542576 
542580 
542584 
542591 
542594 
542597 
542600 
542605 
542609 
542613 
542617 
542624 
542627 
542630 
542633 
542638 
542641 
542644 
542647 
542652 
542656 
542660 
542664 
542671 
542674 
542677 
542680 
542685 
542688 
542691 
542694 
542699 
542702 
542705 
542708 
542713 
542714 
542715 
542716 
542717 
542719 
542721 
542723 
542726 
542730 
542734 
542738 
542745 
542747 
542749 
542751 
542754 
542759 
542764 
542769 
542778 
542780 
542782 
542784 
542787 
542791 
542795 
542799 
542806 
542809 
542812 
542815 
542820 
542823 
542826 
542829 
542834 
542837 
542840 
542843 
542848 
542850 
542852 
542854 
542857 
542861 
542865 
542869 
542876 
542881 
542886 
542891 
542900 
542903 
542906 
542909 
542914 
542916 
542918 
542920 
542923 
542926 
542929 
542932 
542937 
542940 
542943 
542946 
542951 
542954 
542957 
542960 
542965 
542970 
542975 
542980 
543099 
543102 
543105 
543110 
543111 
543114 
543117 
543120 
543125 
543127 
543129 
543131 
543134 
543137 
543141 
543146 
543147 
543150 
543153 
543156 
543161 
543163 
543165 
543167 
543170 
543173 
543176 
543179 
543184 
543186 
543188 
543190 
543193 
543196 
543199 
543202 
543207 
543209 
543211 
543213 
543216 
543219 
543222 
543225 
543230 
543232 
543234 
543236 
543239 
543242 
543245 
543248 
543253 
543255 
543257 
543259 
543262 
543265 
543268 
543271 
543276 
543278 
543280 
543282 
543285 
543287 
543290 
543296 
543297 
543298 
543301 
543304 
543307 
543312 
543315 
543318 
543321 
543326 
543327 
543328 
543329 
543330 
543333 
543336 
543339 
543344 
543348 
543352 
543356 
543363 
543366 
543369 
543372 
543377 
543380 
543383 
543386 
543391 
543394 
543397 
543400 
543405 
543406 
543407 
543408 
543409 
543412 
543415 
543418 
543423 
543427 
543431 
543435 
543442 
543445 
543448 
543451 
543456 
543459 
543462 
543465 
543470 
543473 
543476 
543479 
543484 
543485 
543486 
543487 
543488 
543491 
543494 
543497 
543502 
543506 
543510 
543514 
543521 
543524 
543527 
543530 
543535 
543538 
543541 
543544 
543549 
543552 
543555 
543558 
543563 
543564 
543565 
543566 
543567 
543570 
543573 
543576 
543581 
543585 
543589 
543593 
543600 
543603 
543606 
543609 
543614 
543617 
543620 
543623 
543628 
543631 
543634 
543637 
543642 
543643 
543644 
543645 
543646 
543649 
543652 
543655 
543660 
543664 
543668 
543672 
543679 
543682 
543685 
543688 
543693 
543696 
543699 
543702 
543707 
543710 
543713 
543716 
543721 
543722 
543723 
543724 
543725 
543728 
543731 
543734 
543739 
543743 
543747 
543751 
543758 
543761 
543764 
543767 
543772 
543775 
543778 
543781 
543786 
543789 
543792 
543795 
543800 
543801 
543802 
543803 
543804 
543807 
543810 
543813 
543818 
543822 
543826 
543830 
543837 
543840 
543843 
543846 
543851 
543854 
543857 
543860 
543865 
543868 
543871 
543874 
543879 
543880 
543881 
543882 
543883 
543886 
543889 
543892 
543897 
543901 
543905 
543909 
543916 
543919 
543922 
543925 
543930 
543933 
543936 
543939 
543944 
543947 
543950 
543953 
543958 
543959 
543960 
543961 
543962 
543965 
543968 
543971 
543976 
543980 
543984 
543988 
543995 
543998 
544001 
544004 
544009 
544012 
544015 
544018 
544023 
544026 
544029 
544032 
544037 
544038 
544039 
544040 
544041 
544044 
544047 
544050 
544055 
544058 
544061 
544064 
544069 
544071 
544073 
544075 
544078 
544081 
544084 
544087 
544092 
544096 
544100 
544104 
544111 
544114 
544117 
544120 
544125 
544129 
544133 
544137 
544144 
544148 
544152 
544156 
544163 
544166 
544169 
544172 
544177 
544180 
544183 
544186 
544191 
544194 
544197 
544200 
544205 
544206 
544207 
544208 
544209 
544212 
544215 
544218 
544223 
544227 
544231 
544235 
544242 
544245 
544248 
544251 
544256 
544259 
544262 
544265 
544270 
544274 
544278 
544282 
544289 
544292 
544295 
544298 
544303 
544306 
544309 
544312 
544317 
544320 
544323 
544326 
544331 
544332 
544333 
544334 
544335 
544338 
544341 
544344 
544349 
544353 
544357 
544361 
544368 
544371 
544374 
544377 
544382 
544386 
544390 
544394 
544401 
544404 
544407 
544410 
544415 
544418 
544421 
544424 
544429 
544432 
544435 
544438 
544443 
544446 
544449 
544452 
544457 
544458 
544459 
544460 
544461 
544464 
544467 
544470 
544475 
544479 
544483 
544487 
544494 
544497 
544500 
544503 
544508 
544512 
544516 
544520 
544527 
544530 
544533 
544536 
544541 
544544 
544547 
544550 
544555 
544558 
544561 
544564 
544569 
544572 
544575 
544578 
544583 
544584 
544585 
544586 
544587 
544590 
544593 
544596 
544601 
544605 
544609 
544613 
544620 
544623 
544626 
544629 
544634 
544638 
544642 
544646 
544653 
544656 
544659 
544662 
544667 
544670 
544673 
544676 
544681 
544684 
544687 
544690 
544695 
544698 
544701 
544704 
544709 
544710 
544711 
544712 
544713 
544716 
544719 
544722 
544727 
544731 
544735 
544739 
544746 
544749 
544752 
544755 
544760 
544764 
544768 
544772 
544779 
544782 
544785 
544788 
544793 
544796 
544799 
544802 
544807 
544810 
544813 
544816 
544821 
544824 
544827 
544830 
544835 
544836 
544837 
544838 
544839 
544842 
544845 
544848 
544853 
544857 
544861 
544865 
544872 
544875 
544878 
544881 
544886 
544890 
544894 
544898 
544905 
544908 
544911 
544914 
544919 
544922 
544925 
544928 
544933 
544936 
544939 
544942 
544947 
544950 
544953 
544956 
544961 
544962 
544963 
544964 
544965 
544968 
544971 
544974 
544979 
544983 
544987 
544991 
544998 
545001 
545004 
545007 
545012 
545016 
545020 
545024 
545031 
545034 
545037 
545040 
545045 
545048 
545051 
545054 
545059 
545062 
545065 
545068 
545073 
545076 
545079 
545082 
545087 
545088 
545089 
545090 
545091 
545094 
545097 
545100 
545105 
545109 
545113 
545117 
545124 
545127 
545130 
545133 
545138 
545141 
545144 
545147 
545152 
545156 
545160 
545164 
545171 
545174 
545177 
545180 
545185 
545188 
545191 
545194 
545199 
545202 
545205 
545208 
545213 
545214 
545215 
545216 
545217 
545220 
545223 
545226 
545231 
545235 
545239 
545243 
545250 
545253 
545256 
545259 
545264 
545267 
545270 
545273 
545278 
545282 
545286 
545290 
545297 
545300 
545303 
545306 
545311 
545314 
545317 
545320 
545325 
545328 
545331 
545334 
545339 
545340 
545341 
545342 
545343 
545346 
545349 
545352 
545357 
545361 
545365 
545369 
545376 
545379 
545382 
545385 
545390 
545393 
545396 
545399 
545404 
545408 
545412 
545416 
545423 
545426 
545429 
545432 
545437 
545439 
545441 
545443 
545446 
545449 
545452 
545455 
545460 
545461 
545462 
545463 
545464 
545467 
545470 
545473 
545478 
545482 
545486 
545490 
545497 
545500 
545503 
545506 
545511 
545515 
545519 
545523 
545530 
545534 
545538 
545542 
545549 
545552 
545555 
545558 
545563 
545566 
545569 
545572 
545577 
545580 
545583 
545586 
545591 
545592 
545593 
545594 
545595 
545599 
545603 
545607 
545614 
545617 
545620 
545623 
545628 
545631 
545634 
545637 
545642 
545646 
545650 
545654 
545661 
545664 
545667 
545670 
545675 
545678 
545681 
545684 
545689 
545692 
545695 
545698 
545703 
545706 
545709 
545712 
545717 
545718 
545719 
545720 
545721 
545724 
545727 
545730 
545735 
545739 
545743 
545747 
545754 
545757 
545760 
545763 
545768 
545772 
545776 
545780 
545787 
545791 
545795 
545799 
545806 
545809 
545812 
545815 
545820 
545822 
545824 
545826 
545829 
545832 
545835 
545838 
545843 
545844 
545845 
545846 
545847 
545850 
545853 
545856 
545861 
545865 
545869 
545873 
545880 
545883 
545886 
545889 
545894 
545897 
545900 
545903 
545908 
545912 
545916 
545920 
545927 
545930 
545933 
545936 
545941 
545944 
545947 
545950 
545955 
545958 
545961 
545964 
545969 
545970 
545971 
545972 
545973 
545976 
545979 
545982 
545987 
545991 
545995 
545999 
546006 
546009 
546012 
546015 
546020 
546023 
546026 
546029 
546034 
546038 
546042 
546046 
546053 
546056 
546059 
546062 
546067 
546069 
546071 
546073 
546076 
546079 
546082 
546085 
546090 
546091 
546092 
546093 
546094 
546098 
546102 
546106 
546113 
546116 
546119 
546122 
546127 
546130 
546133 
546136 
546141 
546145 
546149 
546153 
546160 
546164 
546168 
546172 
546179 
546182 
546185 
546188 
546193 
546196 
546199 
546202 
546207 
546210 
546213 
546216 
546221 
546222 
546223 
546224 
546225 
546228 
546231 
546234 
546239 
546243 
546247 
546251 
546258 
546261 
546264 
546267 
546272 
546275 
546278 
546281 
546286 
546290 
546294 
546298 
546305 
546308 
546311 
546314 
546319 
546322 
546325 
546328 
546333 
546336 
546339 
546342 
546347 
546348 
546349 
546350 
546351 
546354 
546357 
546360 
546365 
546369 
546373 
546377 
546384 
546387 
546390 
546393 
546398 
546401 
546404 
546407 
546412 
546416 
546420 
546424 
546431 
546434 
546437 
546440 
546445 
546447 
546449 
546451 
546454 
546457 
546460 
546463 
546468 
546469 
546470 
546471 
546472 
546476 
546480 
546484 
546491 
546494 
546497 
546500 
546505 
546508 
546511 
546514 
546519 
546523 
546527 
546531 
546538 
546542 
546546 
546550 
546557 
546560 
546563 
546566 
546571 
546574 
546577 
546580 
546585 
546588 
546591 
546594 
546599 
546600 
546601 
546602 
546603 
546606 
546609 
546612 
546617 
546621 
546625 
546629 
546636 
546639 
546642 
546645 
546650 
546654 
546658 
546662 
546669 
546673 
546677 
546681 
546688 
546691 
546694 
546697 
546702 
546705 
546708 
546711 
546716 
546719 
546722 
546725 
546730 
546731 
546732 
546733 
546734 
546737 
546740 
546743 
546748 
546752 
546756 
546760 
546767 
546770 
546773 
546776 
546781 
546784 
546787 
546790 
546795 
546799 
546803 
546807 
546814 
546817 
546820 
546823 
546828 
546830 
546832 
546834 
546837 
546840 
546843 
546846 
546851 
546852 
546853 
546854 
546855 
546859 
546863 
546867 
546874 
546877 
546880 
546883 
546888 
546891 
546894 
546897 
546902 
546906 
546910 
546914 
546921 
546925 
546929 
546933 
546940 
546943 
546946 
546949 
546954 
546957 
546960 
546963 
546968 
546971 
546974 
546977 
546982 
546983 
546984 
546985 
546986 
546989 
546992 
546995 
547000 
547004 
547008 
547012 
547019 
547022 
547025 
547028 
547033 
547037 
547041 
547045 
547052 
547056 
547060 
547064 
547071 
547074 
547077 
547080 
547085 
547088 
547091 
547094 
547099 
547102 
547105 
547108 
547113 
547114 
547115 
547116 
547117 
547120 
547123 
547126 
547131 
547135 
547139 
547143 
547150 
547153 
547156 
547159 
547164 
547167 
547170 
547173 
547178 
547182 
547186 
547190 
547197 
547200 
547203 
547206 
547211 
547213 
547215 
547217 
547220 
547223 
547226 
547229 
547234 
547235 
547236 
547237 
547238 
547242 
547246 
547250 
547257 
547260 
547263 
547266 
547271 
547274 
547277 
547280 
547285 
547289 
547293 
547297 
547304 
547308 
547312 
547316 
547323 
547326 
547329 
547332 
547337 
547340 
547343 
547346 
547351 
547354 
547357 
547360 
547365 
547366 
547367 
547368 
547369 
547372 
547375 
547378 
547383 
547387 
547391 
547395 
547402 
547405 
547408 
547411 
547416 
547420 
547424 
547428 
547435 
547439 
547443 
547447 
547454 
547457 
547460 
547463 
547468 
547471 
547474 
547477 
547482 
547485 
547488 
547491 
547496 
547497 
547498 
547499 
547500 
547503 
547506 
547509 
547514 
547518 
547522 
547526 
547533 
547536 
547539 
547542 
547547 
547550 
547553 
547556 
547561 
547565 
547569 
547573 
547580 
547583 
547586 
547589 
547594 
547596 
547598 
547600 
547603 
547606 
547609 
547612 
547617 
547618 
547619 
547620 
547621 
547625 
547629 
547633 
547640 
547643 
547646 
547649 
547654 
547657 
547660 
547663 
547668 
547671 
547674 
547677 
547682 
547686 
547690 
547694 
547701 
547704 
547707 
547710 
547715 
547718 
547721 
547724 
547729 
547732 
547735 
547738 
547743 
547744 
547745 
547746 
547747 
547750 
547753 
547756 
547761 
547765 
547769 
547773 
547780 
547783 
547786 
547789 
547794 
547797 
547800 
547803 
547808 
547812 
547816 
547820 
547827 
547830 
547833 
547836 
547841 
547844 
547847 
547850 
547855 
547858 
547861 
547864 
547869 
547870 
547871 
547872 
547873 
547876 
547879 
547882 
547887 
547891 
547895 
547899 
547906 
547909 
547912 
547915 
547920 
547923 
547926 
547929 
547934 
547938 
547942 
547946 
547953 
547956 
547959 
547962 
547967 
547969 
547971 
547973 
547976 
547979 
547982 
547985 
547990 
547991 
547992 
547993 
547994 
547997 
548000 
548003 
548008 
548012 
548016 
548020 
548027 
548030 
548033 
548036 
548041 
548044 
548047 
548050 
548055 
548059 
548063 
548067 
548074 
548077 
548080 
548083 
548088 
548091 
548094 
548097 
548102 
548105 
548108 
548111 
548116 
548117 
548118 
548119 
548120 
548124 
548128 
548132 
548139 
548143 
548147 
548151 
548158 
548161 
548164 
548167 
548172 
548175 
548178 
548181 
548186 
548190 
548194 
548198 
548205 
548208 
548211 
548214 
548219 
548221 
548223 
548225 
548228 
548231 
548234 
548237 
548242 
548243 
548244 
548245 
548246 
548249 
548252 
548255 
548260 
548264 
548268 
548272 
548279 
548282 
548285 
548288 
548293 
548296 
548299 
548302 
548307 
548311 
548315 
548319 
548326 
548329 
548332 
548335 
548340 
548343 
548346 
548349 
548354 
548357 
548360 
548363 
548368 
548369 
548370 
548371 
548372 
548375 
548378 
548381 
548386 
548390 
548394 
548398 
548405 
548408 
548411 
548414 
548419 
548422 
548425 
548428 
548433 
548437 
548441 
548445 
548452 
548455 
548458 
548461 
548466 
548468 
548470 
548472 
548475 
548478 
548481 
548484 
548489 
548490 
548491 
548492 
548493 
548496 
548499 
548502 
548507 
548511 
548515 
548519 
548526 
548529 
548532 
548535 
548540 
548543 
548546 
548549 
548554 
548556 
548558 
548560 
548563 
548564 
548565 
548566 
548567 
548570 
548573 
548576 
548581 
548585 
548589 
548593 
548600 
548603 
548606 
548609 
548614 
548617 
548620 
548623 
548628 
548632 
548636 
548640 
548647 
548650 
548653 
548656 
548661 
548664 
548667 
548670 
548675 
548677 
548679 
548681 
548684 
548685 
548686 
548687 
548688 
548691 
548694 
548697 
548702 
548706 
548710 
548714 
548721 
548724 
548727 
548730 
548735 
548738 
548741 
548744 
548749 
548753 
548757 
548761 
548768 
548771 
548774 
548777 
548782 
548785 
548788 
548791 
548796 
548798 
548800 
548802 
548805 
548806 
548807 
548808 
548809 
548812 
548815 
548818 
548823 
548827 
548831 
548835 
548842 
548845 
548848 
548851 
548856 
548859 
548862 
548865 
548870 
548874 
548878 
548882 
548889 
548892 
548895 
548898 
548903 
548906 
548909 
548912 
548917 
548919 
548921 
548923 
548926 
548927 
548928 
548929 
548930 
548933 
548936 
548939 
548944 
548948 
548952 
548956 
548963 
548966 
548969 
548972 
548977 
548980 
548983 
548986 
548991 
548995 
548999 
549003 
549010 
549013 
549016 
549019 
549024 
549027 
549030 
549033 
549038 
549040 
549042 
549044 
549047 
549048 
549049 
549050 
549051 
549054 
549057 
549060 
549065 
549069 
549073 
549077 
549084 
549087 
549090 
549093 
549098 
549101 
549104 
549107 
549112 
549116 
549120 
549124 
549131 
549134 
549137 
549140 
549145 
549148 
549151 
549154 
549159 
549161 
549163 
549165 
549168 
549169 
549170 
549171 
549172 
549175 
549178 
549181 
549186 
549190 
549194 
549198 
549205 
549208 
549211 
549214 
549219 
549222 
549225 
549228 
549233 
549237 
549241 
549245 
549252 
549255 
549258 
549261 
549266 
549269 
549272 
549275 
549280 
549282 
549284 
549286 
549289 
549290 
549291 
549292 
549293 
549296 
549299 
549302 
549307 
549311 
549315 
549319 
549326 
549329 
549332 
549335 
549340 
549343 
549346 
549349 
549354 
549358 
549362 
549366 
549373 
549376 
549379 
549382 
549387 
549390 
549393 
549396 
549401 
549403 
549405 
549407 
549410 
549411 
549412 
549413 
549414 
549417 
549420 
549423 
549428 
549432 
549436 
549440 
549447 
549450 
549453 
549456 
549461 
549464 
549467 
549470 
549475 
549479 
549483 
549487 
549494 
549497 
549500 
549503 
549508 
549511 
549514 
549517 
549522 
549524 
549526 
549528 
549531 
549532 
549533 
549534 
549535 
549538 
549541 
549544 
549549 
549553 
549557 
549561 
549568 
549571 
549574 
549577 
549582 
549585 
549588 
549591 
549596 
549600 
549604 
549608 
549615 
549618 
549621 
549624 
549629 
549632 
549635 
549638 
549643 
549645 
549647 
549649 
549652 
549653 
549654 
549655 
549656 
549659 
549662 
549665 
549670 
549673 
549676 
549679 
549684 
549686 
549688 
549690 
549693 
549696 
549699 
549702 
549707 
549710 
549713 
549716 
549721 
549723 
549725 
549727 
549730 
549732 
549734 
549736 
549739 
549743 
549747 
549751 
549758 
549760 
549762 
549764 
549767 
549770 
549773 
549776 
549781 
549783 
549785 
549787 
549790 
549794 
549798 
549802 
549809 
549813 
549817 
549821 
549828 
549831 
549834 
549837 
549842 
549845 
549848 
549851 
549856 
549858 
549860 
549862 
549865 
549868 
549871 
549874 
549879 
549883 
549887 
549891 
549898 
549900 
549902 
549904 
549907 
549912 
549917 
549922 
549931 
549934 
549937 
549940 
549945 
549947 
549949 
549951 
549954 
549956 
549958 
549960 
549963 
549967 
549971 
549975 
549982 
549986 
549990 
549994 
550001 
550004 
550007 
550010 
550015 
550018 
550021 
550024 
550029 
550032 
550035 
550038 
550043 
550047 
550051 
550055 
550062 
550064 
550066 
550068 
550071 
550075 
550079 
550083 
550090 
550096 
550105 
550108 
550111 
550114 
550119 
550125 
550134 
550138 
550145 
550149 
550156 
550158 
550160 
550162 
550165 
550168 
550171 
550174 
550179 
550181 
550183 
550185 
550188 
550193 
550198 
550203 
550212 
550217 
550222 
550227 
550236 
550240 
550244 
550248 
550255 
550259 
550263 
550267 
550274 
550279 
550284 
550289 
550298 
550302 
550306 
550310 
550317 
550320 
550323 
550326 
550331 
550336 
550341 
550346 
550355 
550358 
550361 
550364 
550369 
550374 
550379 
550384 
550393 
550398 
550403 
550408 
550417 
550421 
550425 
550429 
550436 
550439 
550442 
550445 
550450 
550453 
550456 
550459 
550464 
550469 
550474 
550479 
550488 
550491 
550494 
550497 
550502 
550507 
550512 
550517 
550526 
550530 
550534 
550538 
550545 
550549 
550553 
550557 
550564 
550567 
550570 
550573 
550578 
550583 
550588 
550593 
550602 
550605 
550608 
550611 
550616 
550619 
550622 
550625 
550630 
550632 
550634 
550636 
550639 
550643 
550647 
550651 
550658 
550661 
550664 
550667 
550672 
550676 
550679 
550684 
550688 
550692 
550696 
550703 
550706 
550709 
550712 
550717 
550721 
550725 
550729 
550736 
550741 
550745 
550752 
550753 
550754 
550755 
550756 
550761 
550766 
550771 
550780 
550782 
550784 
550786 
550789 
550792 
550795 
550798 
550803 
550806 
550809 
550812 
550817 
550821 
550825 
550829 
550836 
550837 
550838 
550839 
550840 
550844 
550848 
550852 
550859 
550861 
550863 
550865 
550868 
550870 
550872 
550874 
550877 
550881 
550885 
550889 
550896 
550899 
550902 
550905 
550910 
550915 
550919 
550926 
550928 
550930 
550932 
550935 
550939 
550946 
550948 
550950 
550952 
550955 
550957 
550959 
550961 
550964 
550968 
550972 
550976 
550983 
550984 
550985 
550986 
550987 
550991 
550995 
550999 
551006 
551009 
551012 
551015 
551020 
551023 
551026 
551029 
551034 
551036 
551038 
551040 
551043 
551048 
551053 
551058 
551067 
551070 
551075 
551079 
551083 
551087 
551094 
551098 
551102 
551106 
551113 
551116 
551119 
551122 
551127 
551130 
551133 
551136 
551141 
551142 
551143 
551144 
551145 
551148 
551151 
551154 
551159 
551163 
551167 
551171 
551178 
551180 
551182 
551184 
551187 
551189 
551191 
551193 
551196 
551199 
551202 
551205 
551210 
551212 
551214 
551216 
551219 
551222 
551225 
551228 
551233 
551235 
551237 
551239 
551242 
551243 
551244 
551245 
551246 
551249 
551252 
551255 
551260 
551264 
551268 
551272 
551279 
551281 
551283 
551285 
551288 
551290 
551292 
551294 
551297 
551300 
551303 
551306 
551311 
551313 
551315 
551317 
551320 
551323 
551326 
551329 
551334 
551336 
551338 
551340 
551343 
551344 
551345 
551346 
551347 
551350 
551353 
551356 
551361 
551364 
551367 
551370 
551375 
551377 
551379 
551381 
551384 
551386 
551388 
551390 
551393 
551397 
551401 
551405 
551412 
551414 
551416 
551418 
551421 
551424 
551427 
551430 
551435 
551438 
551441 
551444 
551449 
551450 
551451 
551452 
551453 
551456 
551459 
551462 
551467 
551470 
551473 
551476 
551481 
551483 
551485 
551487 
551490 
551492 
551494 
551496 
551499 
551502 
551505 
551508 
551513 
551514 
551515 
551516 
551517 
551520 
551523 
551526 
551531 
551534 
551537 
551540 
551545 
551547 
551549 
551551 
551554 
551557 
551560 
551563 
551568 
551571 
551574 
551577 
551582 
551584 
551586 
551588 
551591 
551593 
551595 
551597 
551600 
551603 
551606 
551609 
551614 
551615 
551616 
551617 
551618 
551620 
551622 
551624 
551627 
551629 
551631 
551633 
551636 
551637 
551638 
551639 
551640 
551641 
551642 
551643 
551644 
551645 
551646 
551647 
551648 
551653 
551658 
551663 
551672 
551677 
551682 
551687 
551696 
551701 
551706 
551711 
551720 
551725 
551730 
551735 
551744 
551750 
551755 
551764 
551780 
551790 
551795 
551800 
551809 
551815 
551836 
551842 
551851 
551856 
551861 
551866 
551875 
551880 
551885 
551890 
551899 
551903 
551907 
551911 
551918 
551919 
551920 
551921 
551922 
551927 
551932 
551937 
551946 
551951 
551956 
551961 
551970 
551975 
551980 
551985 
551994 
551999 
552004 
552009 
552018 
552024 
552029 
552038 
552052 
552062 
552067 
552072 
552081 
552088 
552097 
552103 
552112 
552118 
552127 
552134 
552143 
552148 
552153 
552158 
552167 
552172 
552177 
552182 
552191 
552195 
552199 
552203 
552210 
552211 
552212 
552213 
552214 
552219 
552224 
552229 
552238 
552243 
552248 
552253 
552262 
552267 
552272 
552277 
552286 
552291 
552296 
552301 
552310 
552316 
552321 
552330 
552335 
552344 
552354 
552364 
552374 
552379 
552388 
552394 
552399 
552408 
552413 
552418 
552423 
552432 
552437 
552442 
552447 
552456 
552461 
552466 
552471 
552480 
552485 
552490 
552495 
552504 
552509 
552514 
552519 
552528 
552533 
552538 
552543 
552552 
552556 
552560 
552564 
552571 
552572 
552573 
552574 
552575 
552580 
552585 
552590 
552599 
552604 
552609 
552614 
552623 
552628 
552633 
552638 
552647 
552652 
552657 
552662 
552671 
552676 
552681 
552686 
552695 
552700 
552705 
552710 
552719 
552724 
552729 
552734 
552743 
552749 
552754 
552763 
552769 
552774 
552783 
552789 
552794 
552803 
552809 
552814 
552823 
552829 
552834 
552843 
552848 
552853 
552858 
552867 
552872 
552877 
552882 
552891 
552896 
552901 
552906 
552915 
552920 
552925 
552930 
552939 
552944 
552949 
552954 
552963 
552968 
552973 
552978 
552987 
552992 
552997 
553002 
553011 
553012 
553013 
553014 
553015 
553020 
553025 
553030 
553039 
553044 
553049 
553054 
553063 
553068 
553073 
553078 
553087 
553092 
553097 
553102 
553111 
553116 
553121 
553126 
553135 
553140 
553145 
553150 
553159 
553164 
553169 
553174 
553183 
553188 
553193 
553198 
553207 
553212 
553217 
553222 
553231 
553236 
553241 
553246 
553255 
553260 
553265 
553270 
553279 
553284 
553289 
553294 
553303 
553308 
553313 
553318 
553327 
553332 
553337 
553342 
553351 
553356 
553361 
553366 
553375 
553380 
553385 
553390 
553399 
553404 
553409 
553414 
553423 
553428 
553433 
553438 
553447 
553452 
553457 
553462 
553471 
553476 
553481 
553486 
553495 
553496 
553497 
553498 
553499 
553504 
553509 
553514 
553523 
553528 
553533 
553538 
553547 
553552 
553557 
553562 
553571 
553576 
553581 
553586 
553595 
553600 
553605 
553610 
553619 
553624 
553629 
553634 
553643 
553648 
553653 
553658 
553667 
553672 
553677 
553682 
553691 
553696 
553701 
553706 
553715 
553720 
553725 
553730 
553739 
553744 
553749 
553754 
553763 
553768 
553773 
553778 
553787 
553792 
553797 
553802 
553811 
553816 
553821 
553826 
553835 
553840 
553845 
553850 
553859 
553864 
553869 
553874 
553883 
553888 
553893 
553898 
553907 
553912 
553917 
553922 
553931 
553936 
553941 
553946 
553955 
553960 
553965 
553970 
553979 
553984 
553989 
553994 
554003 
554004 
554005 
554006 
554007 
554012 
554017 
554022 
554031 
554036 
554041 
554046 
554055 
554060 
554065 
554070 
554079 
554084 
554089 
554094 
554103 
554108 
554113 
554118 
554127 
554132 
554137 
554142 
554151 
554156 
554161 
554166 
554175 
554180 
554185 
554190 
554199 
554204 
554209 
554214 
554223 
554228 
554233 
554238 
554247 
554252 
554257 
554262 
554271 
554276 
554281 
554286 
554295 
554300 
554305 
554310 
554319 
554324 
554329 
554334 
554343 
554348 
554353 
554358 
554367 
554372 
554377 
554382 
554391 
554396 
554401 
554406 
554415 
554420 
554425 
554430 
554439 
554444 
554449 
554454 
554463 
554468 
554473 
554478 
554487 
554488 
554489 
554490 
554491 
554496 
554501 
554506 
554515 
554520 
554525 
554530 
554539 
554544 
554549 
554554 
554563 
554568 
554573 
554578 
554587 
554592 
554597 
554602 
554611 
554616 
554621 
554626 
554635 
554640 
554645 
554650 
554659 
554664 
554669 
554674 
554683 
554688 
554693 
554698 
554707 
554712 
554717 
554722 
554731 
554736 
554741 
554746 
554755 
554760 
554765 
554770 
554779 
554784 
554789 
554794 
554803 
554808 
554813 
554818 
554827 
554832 
554837 
554842 
554851 
554856 
554861 
554866 
554875 
554880 
554885 
554890 
554899 
554904 
554909 
554914 
554923 
554928 
554933 
554938 
554947 
554952 
554957 
554962 
554971 
554972 
554973 
554974 
554975 
554980 
554985 
554990 
554999 
555004 
555009 
555014 
555023 
555028 
555033 
555038 
555047 
555052 
555057 
555062 
555071 
555076 
555081 
555086 
555095 
555100 
555105 
555110 
555119 
555124 
555129 
555134 
555143 
555148 
555153 
555158 
555167 
555172 
555177 
555182 
555191 
555196 
555201 
555206 
555215 
555220 
555225 
555230 
555239 
555244 
555249 
555254 
555263 
555268 
555273 
555278 
555287 
555292 
555297 
555302 
555311 
555316 
555321 
555326 
555335 
555340 
555345 
555350 
555359 
555364 
555369 
555374 
555383 
555388 
555393 
555398 
555407 
555412 
555417 
555422 
555431 
555436 
555441 
555446 
555455 
555456 
555457 
555458 
555459 
555464 
555469 
555474 
555483 
555488 
555493 
555498 
555507 
555512 
555517 
555522 
555531 
555536 
555541 
555546 
555555 
555560 
555565 
555570 
555579 
555584 
555589 
555594 
555603 
555608 
555613 
555618 
555627 
555632 
555637 
555642 
555651 
555656 
555661 
555666 
555675 
555680 
555685 
555690 
555699 
555704 
555709 
555714 
555723 
555728 
555733 
555738 
555747 
555752 
555757 
555762 
555771 
555776 
555781 
555786 
555795 
555800 
555805 
555810 
555819 
555824 
555829 
555834 
555843 
555848 
555853 
555858 
555867 
555872 
555877 
555882 
555891 
555896 
555901 
555906 
555915 
555920 
555925 
555930 
555939 
555944 
555949 
555954 
555963 
555964 
555965 
555966 
555967 
555972 
555977 
555982 
555991 
555996 
556001 
556006 
556015 
556020 
556025 
556030 
556039 
556044 
556049 
556054 
556063 
556068 
556073 
556078 
556087 
556092 
556097 
556102 
556111 
556116 
556121 
556126 
556135 
556140 
556145 
556150 
556159 
556164 
556169 
556174 
556183 
556188 
556193 
556198 
556207 
556212 
556217 
556222 
556231 
556236 
556241 
556246 
556255 
556260 
556265 
556270 
556279 
556284 
556289 
556294 
556303 
556308 
556313 
556318 
556327 
556332 
556337 
556342 
556351 
556356 
556361 
556366 
556375 
556380 
556385 
556390 
556399 
556404 
556409 
556414 
556423 
556428 
556433 
556438 
556447 
556448 
556449 
556450 
556451 
556456 
556461 
556466 
556475 
556480 
556485 
556490 
556499 
556504 
556509 
556514 
556523 
556528 
556533 
556538 
556547 
556552 
556557 
556562 
556571 
556576 
556581 
556586 
556595 
556600 
556605 
556610 
556619 
556624 
556629 
556634 
556643 
556648 
556653 
556658 
556667 
556672 
556677 
556682 
556691 
556696 
556701 
556706 
556715 
556720 
556725 
556730 
556739 
556744 
556749 
556754 
556763 
556768 
556773 
556778 
556787 
556792 
556797 
556802 
556811 
556816 
556821 
556826 
556835 
556840 
556845 
556850 
556859 
556864 
556869 
556874 
556883 
556889 
556894 
556903 
556909 
556918 
556919 
556920 
556921 
556922 
556927 
556932 
556937 
556946 
556951 
556956 
556961 
556970 
556975 
556980 
556985 
556994 
556999 
557004 
557009 
557018 
557023 
557028 
557033 
557042 
557047 
557052 
557057 
557066 
557071 
557076 
557081 
557090 
557095 
557100 
557105 
557114 
557119 
557124 
557129 
557138 
557143 
557148 
557153 
557162 
557167 
557172 
557177 
557186 
557191 
557196 
557201 
557210 
557215 
557220 
557225 
557234 
557239 
557244 
557249 
557258 
557263 
557268 
557273 
557282 
557287 
557292 
557297 
557306 
557311 
557316 
557321 
557330 
557335 
557340 
557345 
557354 
557360 
557365 
557374 
557384 
557385 
557386 
557387 
557388 
557393 
557398 
557403 
557412 
557417 
557422 
557427 
557436 
557441 
557446 
557451 
557460 
557465 
557470 
557475 
557484 
557489 
557494 
557499 
557508 
557513 
557518 
557523 
557532 
557537 
557542 
557547 
557556 
557561 
557566 
557571 
557580 
557585 
557590 
557595 
557604 
557609 
557614 
557619 
557628 
557633 
557638 
557643 
557652 
557657 
557662 
557667 
557676 
557681 
557686 
557691 
557700 
557705 
557710 
557715 
557724 
557729 
557734 
557739 
557748 
557753 
557758 
557763 
557772 
557777 
557782 
557787 
557796 
557801 
557806 
557811 
557820 
557827 
557836 
557850 
557851 
557852 
557853 
557854 
557859 
557864 
557869 
557878 
557883 
557888 
557893 
557902 
557907 
557912 
557917 
557926 
557931 
557936 
557941 
557950 
557955 
557960 
557965 
557974 
557979 
557984 
557989 
557998 
558003 
558008 
558013 
558022 
558027 
558032 
558037 
558046 
558051 
558056 
558061 
558070 
558075 
558080 
558085 
558094 
558099 
558104 
558109 
558118 
558123 
558128 
558133 
558142 
558147 
558152 
558157 
558166 
558171 
558176 
558181 
558190 
558195 
558200 
558205 
558214 
558219 
558224 
558229 
558238 
558243 
558248 
558253 
558262 
558267 
558272 
558277 
558286 
558292 
558307 
558308 
558309 
558310 
558311 
558317 
558322 
558331 
558337 
558342 
558351 
558356 
558361 
558366 
558375 
558380 
558385 
558390 
558399 
558404 
558409 
558414 
558423 
558428 
558433 
558438 
558447 
558452 
558457 
558462 
558471 
558476 
558481 
558486 
558495 
558500 
558505 
558510 
558519 
558524 
558529 
558534 
558543 
558548 
558553 
558558 
558567 
558572 
558577 
558582 
558591 
558596 
558601 
558606 
558615 
558620 
558625 
558630 
558639 
558644 
558649 
558654 
558663 
558668 
558673 
558678 
558687 
558692 
558697 
558702 
558711 
558716 
558721 
558726 
558735 
558741 
558756 
558757 
558758 
558759 
558760 
558770 
558776 
558785 
558790 
558795 
558800 
558809 
558814 
558819 
558824 
558833 
558838 
558843 
558848 
558857 
558862 
558867 
558872 
558881 
558886 
558891 
558896 
558905 
558910 
558915 
558920 
558929 
558934 
558939 
558944 
558953 
558958 
558963 
558968 
558977 
558982 
558987 
558992 
559001 
559006 
559011 
559016 
559025 
559030 
559035 
559040 
559049 
559054 
559059 
559064 
559073 
559078 
559083 
559088 
559097 
559102 
559107 
559112 
559121 
559126 
559131 
559136 
559145 
559150 
559155 
559160 
559169 
559176 
559185 
559191 
559200 
559201 
559202 
559203 
559208 
559214 
559223 
559228 
559233 
559238 
559247 
559252 
559257 
559262 
559271 
559276 
559281 
559286 
559295 
559300 
559305 
559310 
559319 
559324 
559329 
559334 
559343 
559348 
559353 
559358 
559367 
559372 
559377 
559382 
559391 
559396 
559401 
559406 
559415 
559420 
559425 
559430 
559439 
559444 
559449 
559454 
559463 
559468 
559473 
559478 
559487 
559492 
559497 
559502 
559511 
559516 
559521 
559526 
559535 
559540 
559545 
559550 
559559 
559564 
559569 
559574 
559583 
559588 
559593 
559598 
559607 
559612 
559617 
559622 
559631 
559636 
559641 
559646 
559655 
559656 
559657 
559658 
559659 
559669 
559675 
559684 
559689 
559694 
559699 
559708 
559713 
559718 
559723 
559732 
559737 
559742 
559747 
559756 
559761 
559766 
559771 
559780 
559785 
559790 
559795 
559804 
559809 
559814 
559819 
559828 
559833 
559838 
559843 
559852 
559857 
559862 
559867 
559876 
559881 
559886 
559891 
559900 
559905 
559910 
559915 
559924 
559929 
559934 
559939 
559948 
559953 
559958 
559963 
559972 
559977 
559982 
559987 
559996 
560001 
560006 
560011 
560020 
560025 
560030 
560035 
560044 
560049 
560054 
560059 
560068 
560073 
560078 
560083 
560092 
560097 
560102 
560107 
560116 
560121 
560126 
560131 
560140 
560145 
560150 
560155 
560164 
560169 
560174 
560179 
560188 
560193 
560198 
560203 
560212 
560213 
560214 
560215 
560216 
560222 
560227 
560236 
560242 
560247 
560256 
560261 
560266 
560271 
560280 
560285 
560290 
560295 
560304 
560309 
560314 
560319 
560328 
560333 
560338 
560343 
560352 
560357 
560362 
560367 
560376 
560381 
560386 
560391 
560400 
560405 
560410 
560415 
560424 
560429 
560434 
560439 
560448 
560453 
560458 
560463 
560472 
560477 
560482 
560487 
560496 
560501 
560506 
560511 
560520 
560525 
560530 
560535 
560544 
560549 
560554 
560559 
560568 
560573 
560578 
560583 
560592 
560597 
560602 
560607 
560616 
560621 
560626 
560631 
560640 
560645 
560650 
560655 
560664 
560669 
560674 
560679 
560688 
560693 
560698 
560703 
560712 
560717 
560722 
560727 
560736 
560741 
560746 
560751 
560760 
560765 
560770 
560775 
560784 
560785 
560786 
560787 
560788 
560793 
560798 
560803 
560812 
560817 
560822 
560827 
560836 
560841 
560846 
560851 
560860 
560865 
560870 
560875 
560884 
560889 
560894 
560899 
560908 
560913 
560918 
560923 
560932 
560937 
560942 
560947 
560956 
560961 
560966 
560971 
560980 
560985 
560990 
560995 
561004 
561009 
561014 
561019 
561028 
561033 
561038 
561043 
561052 
561057 
561062 
561067 
561076 
561081 
561086 
561091 
561100 
561105 
561110 
561115 
561124 
561129 
561134 
561139 
561148 
561153 
561158 
561163 
561172 
561177 
561182 
561187 
561196 
561201 
561206 
561211 
561220 
561225 
561230 
561235 
561244 
561249 
561254 
561259 
561268 
561273 
561278 
561283 
561292 
561297 
561302 
561307 
561316 
561321 
561326 
561331 
561340 
561345 
561350 
561355 
561364 
561365 
561366 
561367 
561368 
561373 
561378 
561383 
561392 
561397 
561402 
561407 
561416 
561421 
561426 
561431 
561440 
561445 
561450 
561455 
561464 
561469 
561474 
561479 
561488 
561493 
561498 
561503 
561512 
561517 
561522 
561527 
561536 
561541 
561546 
561551 
561560 
561565 
561570 
561575 
561584 
561589 
561594 
561599 
561608 
561613 
561618 
561623 
561632 
561637 
561642 
561647 
561656 
561661 
561666 
561671 
561680 
561685 
561690 
561695 
561704 
561709 
561714 
561719 
561728 
561733 
561738 
561743 
561752 
561757 
561762 
561767 
561776 
561781 
561786 
561791 
561800 
561805 
561810 
561815 
561824 
561829 
561834 
561839 
561848 
561853 
561858 
561863 
561872 
561877 
561882 
561887 
561896 
561901 
561906 
561911 
561920 
561925 
561930 
561935 
561944 
561945 
561946 
561947 
561948 
561953 
561958 
561963 
561972 
561977 
561982 
561987 
561996 
562001 
562006 
562011 
562020 
562025 
562030 
562035 
562044 
562049 
562054 
562059 
562068 
562073 
562078 
562083 
562092 
562097 
562102 
562107 
562116 
562121 
562126 
562131 
562140 
562145 
562150 
562155 
562164 
562169 
562174 
562179 
562188 
562193 
562198 
562203 
562212 
562217 
562222 
562227 
562236 
562241 
562246 
562251 
562260 
562265 
562270 
562275 
562284 
562289 
562294 
562299 
562308 
562313 
562318 
562323 
562332 
562337 
562342 
562347 
562356 
562361 
562366 
562371 
562380 
562385 
562390 
562395 
562404 
562409 
562414 
562419 
562428 
562433 
562438 
562443 
562452 
562457 
562462 
562467 
562476 
562481 
562486 
562491 
562500 
562505 
562510 
562515 
562524 
562525 
562526 
562527 
562528 
562531 
562534 
562537 
562542 
562546 
562550 
562554 
562561 
562565 
562569 
562573 
562580 
562584 
562588 
562592 
562599 
562603 
562607 
562611 
562618 
562622 
562626 
562630 
562637 
562641 
562645 
562649 
562656 
562660 
562664 
562668 
562675 
562679 
562683 
562687 
562694 
562698 
562702 
562706 
562713 
562717 
562721 
562725 
562732 
562736 
562740 
562744 
562751 
562755 
562759 
562763 
562770 
562774 
562778 
562782 
562789 
562793 
562797 
562801 
562808 
562812 
562816 
562820 
562827 
562831 
562835 
562839 
562846 
562850 
562854 
562858 
562865 
562869 
562873 
562877 
562884 
562888 
562892 
562896 
562903 
562907 
562911 
562915 
562922 
562926 
562930 
562934 
562941 
562945 
562949 
562953 
562960 
562961 
562962 
562963 
562964 
562969 
562974 
562979 
562988 
562993 
562998 
563003 
563012 
563017 
563022 
563027 
563036 
563041 
563046 
563051 
563060 
563067 
563072 
563081 
563086 
563091 
563100 
563104 
563111 
563115 
563122 
563127 
563132 
563141 
563147 
563152 
563161 
563167 
563188 
563194 
563203 
563208 
563213 
563218 
563227 
563232 
563237 
563242 
563251 
563255 
563259 
563263 
563270 
563271 
563272 
563273 
563274 
563279 
563284 
563289 
563298 
563299 
563300 
563301 
563302 
563307 
563312 
563317 
563326 
563329 
563332 
563335 
563340 
563345 
563350 
563355 
563364 
563366 
563368 
563370 
563373 
563378 
563383 
563388 
563397 
563398 
563399 
563400 
563401 
563406 
563411 
563416 
563425 
563426 
563427 
563428 
563429 
563434 
563439 
563444 
563453 
563454 
563455 
563456 
563457 
563462 
563467 
563472 
563481 
563482 
563483 
563484 
563485 
563490 
563495 
563500 
563509 
563510 
563511 
563512 
563513 
563518 
563523 
563528 
563537 
563538 
563539 
563540 
563541 
563546 
563551 
563556 
563565 
563566 
563567 
563568 
563569 
563574 
563579 
563584 
563593 
563594 
563595 
563596 
563597 
563602 
563607 
563612 
563621 
563622 
563623 
563624 
563625 
563630 
563635 
563640 
563649 
563650 
563651 
563652 
563653 
563658 
563663 
563668 
563677 
563678 
563679 
563680 
563681 
563686 
563691 
563696 
563705 
563711 
563712 
563713 
563714 
563715 
563721 
563726 
563736 
563737 
563738 
563739 
563740 
563750 
563752 
563755 
563756 
563757 
563758 
563763 
563768 
563773 
563778 
563787 
563790 
563793 
563796 
563801 
563806 
563811 
563816 
563825 
563830 
563835 
563840 
563849 
563854 
563859 
563864 
563873 
563874 
563875 
563876 
563877 
563887 
563888 
563889 
563890 
563891 
563897 
563902 
563911 
563912 
563913 
563914 
563915 
563920 
563925 
563930 
563939 
563940 
563941 
563942 
563943 
563948 
563953 
563958 
563967 
563968 
563969 
563970 
563971 
563976 
563981 
563986 
563995 
563996 
563997 
563998 
563999 
564002 
564005 
564008 
564013 
564014 
564015 
564016 
564017 
564022 
564027 
564032 
564041 
564046 
564051 
564056 
564065 
564070 
564075 
564080 
564089 
564094 
564099 
564104 
564113 
564118 
564123 
564128 
564137 
564142 
564147 
564152 
564161 
564167 
564174 
564180 
564187 
564192 
564197 
564202 
564211 
564216 
564221 
564226 
564235 
564242 
564251 
564257 
564266 
564272 
564281 
564288 
564297 
564302 
564307 
564312 
564321 
564326 
564331 
564336 
564345 
564349 
564353 
564357 
564364 
564365 
564366 
564367 
564368 
564373 
564378 
564383 
564392 
564393 
564394 
564395 
564396 
564401 
564406 
564411 
564420 
564424 
564428 
564432 
564439 
564444 
564449 
564454 
564463 
564465 
564467 
564469 
564472 
564478 
564484 
564490 
564501 
564502 
564503 
564504 
564505 
564511 
564517 
564523 
564534 
564535 
564536 
564537 
564538 
564544 
564550 
564556 
564567 
564568 
564569 
564570 
564571 
564577 
564583 
564589 
564600 
564601 
564602 
564603 
564604 
564610 
564616 
564622 
564633 
564634 
564635 
564636 
564637 
564643 
564649 
564655 
564666 
564667 
564668 
564669 
564670 
564676 
564682 
564688 
564699 
564700 
564701 
564702 
564703 
564709 
564715 
564721 
564732 
564733 
564734 
564735 
564736 
564742 
564748 
564754 
564765 
564766 
564767 
564768 
564769 
564775 
564781 
564787 
564798 
564799 
564800 
564801 
564802 
564808 
564814 
564820 
564831 
564832 
564833 
564834 
564835 
564840 
564845 
564850 
564859 
564861 
564864 
564865 
564866 
564867 
564868 
564869 
564870 
564876 
564881 
564890 
564891 
564892 
564893 
564894 
564895 
564896 
564902 
564911 
564912 
564913 
564914 
564915 
564916 
564917 
564923 
564932 
564937 
564942 
564947 
564956 
564959 
564962 
564965 
564970 
564975 
564980 
564985 
564994 
564999 
565004 
565009 
565018 
565019 
565020 
565021 
565022 
565028 
565037 
565038 
565039 
565040 
565041 
565047 
565052 
565061 
565062 
565063 
565064 
565065 
565070 
565075 
565080 
565089 
565090 
565091 
565092 
565093 
565098 
565103 
565108 
565117 
565118 
565119 
565120 
565121 
565126 
565131 
565136 
565145 
565146 
565147 
565148 
565149 
565153 
565157 
565161 
565168 
565169 
565170 
565171 
565172 
565177 
565182 
565187 
565196 
565201 
565206 
565211 
565220 
565225 
565230 
565235 
565244 
565249 
565254 
565259 
565268 
565273 
565278 
565283 
565292 
565297 
565302 
565307 
565316 
565320 
565324 
565328 
565335 
565339 
565343 
565347 
565354 
565359 
565364 
565369 
565378 
565383 
565388 
565393 
565402 
565407 
565412 
565417 
565426 
565431 
565436 
565441 
565450 
565455 
565460 
565465 
565474 
565479 
565484 
565489 
565498 
565503 
565508 
565513 
565522 
565527 
565532 
565537 
565546 
565550 
565554 
565558 
565565 
565566 
565567 
565568 
565569 
565574 
565579 
565584 
565593 
565594 
565595 
565596 
565597 
565602 
565607 
565612 
565621 
565625 
565629 
565633 
565640 
565645 
565650 
565655 
565664 
565668 
565672 
565676 
565683 
565686 
565689 
565692 
565697 
565700 
565703 
565706 
565711 
565714 
565717 
565720 
565725 
565728 
565731 
565734 
565739 
565742 
565745 
565748 
565753 
565756 
565759 
565762 
565767 
565770 
565773 
565776 
565781 
565784 
565787 
565790 
565795 
565798 
565801 
565804 
565809 
565812 
565815 
565818 
565823 
565824 
565825 
565826 
565827 
565833 
565839 
565845 
565856 
565858 
565860 
565862 
565865 
565866 
565867 
565868 
565869 
565870 
565871 
565872 
565873 
565878 
565883 
565888 
565897 
565898 
565899 
565900 
565901 
565902 
565903 
565904 
565905 
565910 
565915 
565920 
565929 
565930 
565931 
565932 
565933 
565934 
565935 
565936 
565937 
565942 
565947 
565952 
565961 
565966 
565971 
565976 
565985 
565988 
565991 
565994 
565999 
566004 
566009 
566014 
566023 
566028 
566033 
566038 
566047 
566048 
566049 
566050 
566051 
566056 
566061 
566066 
566075 
566076 
566077 
566078 
566079 
566084 
566089 
566094 
566103 
566104 
566105 
566106 
566107 
566112 
566117 
566122 
566131 
566132 
566133 
566134 
566135 
566140 
566145 
566150 
566159 
566160 
566161 
566162 
566163 
566168 
566173 
566178 
566187 
566188 
566189 
566190 
566191 
566195 
566199 
566203 
566210 
566211 
566212 
566213 
566214 
566219 
566224 
566229 
566238 
566243 
566248 
566253 
566262 
566267 
566272 
566277 
566286 
566291 
566296 
566301 
566310 
566315 
566320 
566325 
566334 
566339 
566344 
566349 
566358 
566362 
566366 
566370 
566377 
566382 
566387 
566392 
566401 
566406 
566411 
566416 
566425 
566430 
566435 
566440 
566449 
566454 
566459 
566464 
566473 
566478 
566483 
566488 
566497 
566502 
566507 
566512 
566521 
566526 
566531 
566536 
566545 
566550 
566555 
566560 
566569 
566574 
566579 
566584 
566593 
566594 
566595 
566596 
566597 
566602 
566607 
566612 
566621 
566622 
566623 
566624 
566625 
566630 
566635 
566640 
566649 
566653 
566657 
566661 
566668 
566673 
566678 
566683 
566692 
566696 
566700 
566704 
566711 
566714 
566717 
566720 
566725 
566728 
566731 
566734 
566739 
566743 
566747 
566751 
566758 
566762 
566766 
566770 
566777 
566781 
566785 
566789 
566796 
566800 
566804 
566808 
566815 
566819 
566823 
566827 
566834 
566838 
566842 
566846 
566853 
566856 
566859 
566862 
566867 
566870 
566873 
566876 
566881 
566882 
566883 
566884 
566885 
566891 
566897 
566903 
566914 
566916 
566918 
566920 
566923 
566924 
566925 
566926 
566927 
566932 
566937 
566942 
566951 
566952 
566953 
566954 
566955 
566956 
566957 
566958 
566959 
566964 
566969 
566974 
566983 
566984 
566985 
566986 
566987 
566988 
566989 
566990 
566991 
566996 
567001 
567006 
567015 
567020 
567025 
567030 
567039 
567042 
567045 
567048 
567053 
567058 
567063 
567068 
567077 
567082 
567087 
567092 
567101 
567102 
567103 
567104 
567105 
567110 
567115 
567120 
567129 
567130 
567131 
567132 
567133 
567138 
567143 
567148 
567157 
567158 
567159 
567160 
567161 
567166 
567171 
567176 
567185 
567186 
567187 
567188 
567189 
567194 
567199 
567204 
567213 
567214 
567215 
567216 
567217 
567222 
567227 
567232 
567241 
567242 
567243 
567244 
567245 
567249 
567253 
567257 
567264 
567265 
567266 
567267 
567268 
567273 
567278 
567283 
567292 
567297 
567302 
567307 
567316 
567321 
567326 
567331 
567340 
567345 
567350 
567355 
567364 
567369 
567374 
567379 
567388 
567393 
567398 
567403 
567412 
567416 
567420 
567424 
567431 
567436 
567441 
567446 
567455 
567460 
567465 
567470 
567479 
567484 
567489 
567494 
567503 
567508 
567513 
567518 
567527 
567532 
567537 
567542 
567551 
567556 
567561 
567566 
567575 
567580 
567585 
567590 
567599 
567604 
567609 
567614 
567623 
567628 
567633 
567638 
567647 
567652 
567657 
567662 
567671 
567676 
567681 
567686 
567695 
567700 
567705 
567710 
567719 
567720 
567721 
567722 
567723 
567728 
567733 
567738 
567747 
567748 
567749 
567750 
567751 
567756 
567761 
567766 
567775 
567779 
567783 
567787 
567794 
567799 
567804 
567809 
567818 
567822 
567826 
567830 
567837 
567840 
567843 
567846 
567851 
567856 
567861 
567866 
567875 
567881 
567886 
567895 
567900 
567905 
567910 
567919 
567924 
567929 
567934 
567943 
567948 
567953 
567958 
567967 
567972 
567977 
567982 
567991 
567995 
567999 
568003 
568010 
568013 
568016 
568019 
568024 
568027 
568030 
568033 
568038 
568039 
568040 
568041 
568042 
568048 
568054 
568060 
568071 
568074 
568077 
568080 
568085 
568086 
568087 
568088 
568089 
568093 
568097 
568101 
568108 
568111 
568114 
568117 
568122 
568123 
568124 
568125 
568126 
568131 
568136 
568141 
568150 
568151 
568152 
568153 
568154 
568155 
568156 
568157 
568158 
568163 
568168 
568173 
568182 
568183 
568184 
568185 
568186 
568187 
568188 
568189 
568190 
568195 
568200 
568205 
568214 
568219 
568224 
568229 
568238 
568241 
568244 
568247 
568252 
568257 
568262 
568267 
568276 
568281 
568286 
568291 
568300 
568304 
568308 
568312 
568319 
568320 
568321 
568322 
568323 
568328 
568333 
568338 
568347 
568348 
568349 
568350 
568351 
568356 
568361 
568366 
568375 
568376 
568377 
568378 
568379 
568384 
568389 
568394 
568403 
568404 
568405 
568406 
568407 
568414 
568419 
568428 
568429 
568430 
568431 
568432 
568438 
568443 
568452 
568453 
568454 
568455 
568456 
568461 
568465 
568472 
568473 
568474 
568475 
568476 
568481 
568486 
568491 
568500 
568505 
568510 
568515 
568524 
568529 
568534 
568539 
568548 
568553 
568558 
568563 
568572 
568577 
568582 
568587 
568596 
568601 
568606 
568611 
568620 
568624 
568628 
568632 
568639 
568644 
568649 
568654 
568663 
568668 
568673 
568678 
568687 
568692 
568697 
568702 
568711 
568716 
568721 
568726 
568735 
568740 
568745 
568750 
568759 
568764 
568769 
568774 
568783 
568788 
568793 
568798 
568807 
568812 
568817 
568822 
568831 
568836 
568841 
568846 
568855 
568860 
568865 
568870 
568879 
568884 
568889 
568894 
568903 
568908 
568913 
568918 
568927 
568931 
568935 
568939 
568946 
568947 
568948 
568949 
568950 
568955 
568960 
568965 
568974 
568975 
568976 
568977 
568978 
568983 
568988 
568993 
569002 
569006 
569010 
569014 
569021 
569026 
569031 
569036 
569045 
569049 
569053 
569057 
569064 
569068 
569072 
569076 
569083 
569086 
569089 
569092 
569097 
569100 
569103 
569106 
569111 
569117 
569123 
569129 
569140 
569146 
569152 
569158 
569169 
569172 
569175 
569178 
569183 
569186 
569189 
569192 
569197 
569199 
569201 
569203 
569206 
569209 
569212 
569215 
569220 
569224 
569228 
569232 
569239 
569242 
569245 
569248 
569253 
569254 
569255 
569256 
569257 
569263 
569269 
569275 
569286 
569288 
569290 
569292 
569295 
569296 
569297 
569298 
569299 
569300 
569301 
569302 
569303 
569304 
569305 
569306 
569307 
569308 
569309 
569310 
569311 
569312 
569313 
569314 
569315 
569320 
569325 
569330 
569339 
569340 
569341 
569342 
569343 
569344 
569345 
569346 
569347 
569352 
569357 
569362 
569371 
569372 
569373 
569374 
569375 
569376 
569377 
569378 
569379 
569384 
569389 
569394 
569403 
569408 
569413 
569418 
569427 
569430 
569433 
569436 
569441 
569446 
569451 
569456 
569465 
569470 
569475 
569480 
569489 
569490 
569491 
569492 
569493 
569498 
569503 
569508 
569517 
569518 
569519 
569520 
569521 
569526 
569531 
569536 
569545 
569546 
569547 
569548 
569549 
569554 
569559 
569564 
569573 
569574 
569575 
569576 
569577 
569583 
569588 
569597 
569598 
569599 
569600 
569601 
569612 
569613 
569614 
569615 
569616 
569624 
569625 
569626 
569627 
569628 
569633 
569638 
569643 
569652 
569657 
569662 
569667 
569676 
569681 
569686 
569691 
438628 
569700 
438633 
569705 
438638 
569710 
438643 
569715 
569724 
438656 
569729 
438661 
569734 
438666 
569739 
438671 
569748 
438680 
569753 
438685 
569758 
438690 
569763 
438695 
569772 
438704 
569776 
569780 
438709 
569784 
438714 
438719 
569791 
569796 
438728 
569801 
438733 
569806 
438738 
438743 
569815 
569820 
438752 
569825 
438757 
569830 
438762 
438767 
569839 
569844 
438776 
569849 
438781 
569854 
438786 
438791 
569863 
569868 
438800 
569873 
438805 
569878 
438810 
438815 
569887 
569892 
438824 
569897 
438829 
569902 
438834 
438839 
569911 
569916 
438848 
569921 
438853 
569926 
438858 
438863 
569935 
569940 
438872 
569945 
438877 
569950 
438882 
438887 
569959 
569964 
438896 
569969 
438901 
569974 
438906 
438911 
569983 
569988 
438920 
569993 
438925 
569998 
438930 
438935 
570007 
570012 
438944 
570017 
438949 
570022 
438954 
438959 
570031 
570036 
438968 
570041 
438974 
570046 
570055 
570059 
570063 
438995 
570067 
439000 
570074 
570075 
570076 
439005 
570077 
570078 
439010 
570083 
570088 
439019 
570093 
439024 
439029 
570102 
570103 
570104 
570105 
439034 
570106 
570111 
439043 
570116 
439048 
570121 
439053 
439058 
570130 
570134 
570138 
439067 
570142 
439072 
439077 
570149 
439082 
570154 
570159 
439091 
570164 
439096 
439101 
570173 
570177 
439106 
570181 
570185 
439115 
439120 
570192 
570196 
439125 
570200 
439130 
570204 
439139 
570211 
570214 
439144 
570217 
570220 
439149 
570225 
439154 
570230 
439163 
570235 
439168 
570240 
439173 
570249 
439178 
570254 
439187 
570259 
439192 
570264 
439197 
570273 
439202 
570277 
570281 
439211 
570285 
439216 
570292 
439221 
570294 
570296 
439226 
570298 
570301 
570305 
439235 
570309 
439240 
570313 
439245 
570320 
439250 
570324 
570328 
439259 
570332 
439264 
570339 
439269 
570342 
570345 
439274 
570348 
570353 
570354 
439283 
570355 
570356 
570357 
439288 
570363 
439293 
570369 
439298 
570375 
439307 
439312 
570386 
570388 
439317 
570390 
570392 
439322 
570395 
570396 
570397 
570398 
570399 
570400 
570401 
570402 
439331 
570403 
570404 
570405 
570406 
570407 
439336 
570408 
570409 
570410 
570411 
570412 
439341 
570413 
570414 
570415 
439346 
570420 
570425 
439355 
570430 
439360 
439365 
570439 
570440 
570441 
439370 
570442 
570443 
570444 
570445 
570446 
570447 
439379 
570452 
439384 
570457 
439389 
570462 
439394 
570471 
570472 
570473 
570474 
439403 
570475 
570476 
570477 
570478 
570479 
439408 
570484 
439413 
570489 
439418 
570494 
439427 
570503 
439432 
570508 
439437 
570513 
439442 
570518 
439451 
570527 
439456 
570530 
439461 
570533 
570536 
439466 
570541 
570546 
439475 
570551 
439480 
570556 
439485 
439490 
570565 
570570 
439499 
570575 
439504 
570580 
439509 
439514 
570589 
570593 
439523 
570597 
439528 
570601 
439533 
570608 
570609 
439538 
570610 
570611 
570612 
570617 
439547 
570622 
439552 
570627 
439557 
439562 
570636 
570637 
570638 
570639 
570640 
439571 
570645 
439575 
570650 
439579 
439583 
570655 
439590 
570664 
570665 
570666 
570667 
439596 
570668 
570673 
439605 
570678 
439611 
570683 
439620 
570692 
570693 
570694 
570695 
570696 
439625 
439630 
570702 
439635 
570707 
439644 
570716 
570717 
570718 
570719 
570720 
439650 
570730 
439659 
570731 
570732 
570733 
570734 
570735 
439664 
570736 
570737 
570738 
439669 
570743 
439674 
570748 
570753 
439683 
439688 
570762 
439693 
570767 
439698 
570772 
570777 
439707 
439712 
570786 
439717 
570791 
439722 
570796 
570801 
439731 
439736 
570810 
439741 
570815 
439746 
570820 
570825 
439755 
439760 
570834 
439765 
570839 
439770 
570844 
570849 
439779 
439784 
570858 
439789 
570863 
439794 
570868 
570873 
439803 
439808 
570882 
439813 
570886 
439818 
570890 
570894 
439827 
570901 
439832 
570906 
439837 
570911 
439842 
570916 
439851 
570925 
439856 
570930 
439861 
570935 
439866 
570940 
439875 
570949 
439880 
570954 
439885 
570959 
439890 
570964 
439899 
570973 
439904 
570978 
439909 
570983 
439914 
570988 
439923 
570997 
439928 
571002 
439933 
571007 
439938 
571012 
439947 
571021 
439952 
571026 
439957 
571031 
439962 
571036 
439971 
571045 
439978 
571050 
571055 
439987 
571060 
439993 
571069 
440002 
571074 
571079 
440008 
571084 
440017 
571093 
440022 
571098 
440027 
571103 
440032 
571108 
440041 
571117 
440046 
571122 
440051 
571127 
440056 
571132 
440065 
571141 
440070 
571146 
440075 
571151 
440080 
571156 
440089 
571165 
440094 
571170 
440099 
571175 
440104 
571180 
440113 
571189 
440118 
571194 
440123 
571199 
440128 
571204 
440137 
571213 
440142 
571216 
440147 
571219 
571222 
440152 
571227 
571232 
440161 
571237 
440166 
571242 
440171 
440176 
571251 
571256 
440185 
571261 
440190 
571266 
440195 
440200 
571275 
571280 
440209 
571285 
440214 
571290 
440219 
440224 
571299 
571303 
440233 
571307 
440238 
571311 
440243 
571318 
440248 
571322 
571326 
440257 
571330 
440262 
571337 
440267 
571342 
440272 
571347 
571352 
440281 
440286 
571361 
440291 
571366 
440296 
571371 
571376 
440305 
440310 
571385 
440315 
571390 
440320 
571395 
571400 
440329 
440334 
571409 
440339 
571413 
440344 
571417 
571421 
440353 
571428 
440358 
571433 
440363 
571438 
440368 
571443 
440377 
571452 
440382 
571457 
440387 
571462 
440392 
571467 
440401 
571476 
440406 
571481 
440411 
571486 
440416 
571491 
440425 
571500 
440430 
571505 
440435 
571510 
440440 
571515 
440449 
571524 
440454 
571528 
440459 
571532 
440464 
571536 
571543 
440473 
571547 
440478 
571551 
440483 
571555 
440488 
571562 
571566 
440497 
571570 
440502 
571574 
440507 
571581 
440512 
571584 
571587 
571590 
440521 
571595 
440526 
571601 
440531 
571607 
440536 
571613 
440545 
440550 
571624 
440555 
571628 
440560 
571632 
571636 
440569 
571643 
440575 
571647 
571651 
440580 
571655 
440589 
571662 
571666 
440595 
571670 
440599 
571674 
440606 
571681 
440611 
571683 
571685 
571687 
440616 
571690 
440621 
571694 
571698 
440630 
571702 
440635 
571709 
440640 
571713 
440645 
571717 
571721 
440654 
571728 
440659 
571731 
571734 
440664 
571737 
440669 
571742 
571743 
571744 
571745 
571746 
440678 
571752 
440683 
571758 
440688 
571764 
440693 
440702 
571775 
571777 
440707 
571779 
571781 
440712 
571784 
571785 
571786 
571787 
571788 
440717 
571789 
571790 
571791 
571792 
571793 
571794 
571795 
571796 
571797 
440726 
571798 
571799 
571800 
571801 
571802 
440731 
571803 
571804 
440736 
571809 
440741 
571814 
571819 
440750 
440755 
571828 
571829 
571830 
571831 
440760 
571832 
571833 
571834 
571835 
571836 
440765 
571841 
440774 
571846 
440779 
571851 
440784 
571860 
440789 
571861 
571862 
571863 
571864 
571865 
571866 
571867 
571868 
440798 
571873 
440803 
571878 
440808 
571883 
440813 
571892 
440822 
571897 
440827 
571902 
440832 
571907 
440837 
571916 
440846 
571919 
571922 
440851 
571925 
440856 
571930 
440861 
571935 
571940 
440870 
571945 
440875 
440880 
571954 
440885 
571959 
571964 
440894 
571969 
440899 
440904 
571978 
440909 
571982 
571986 
440918 
571990 
440923 
571997 
571998 
571999 
440928 
572000 
572001 
440933 
572006 
572011 
440942 
572016 
440947 
440952 
572025 
572026 
572027 
572028 
440957 
572029 
572034 
440966 
572039 
440971 
572044 
440976 
440981 
572053 
572054 
572055 
572056 
572057 
440990 
572062 
440995 
572067 
441000 
572072 
441005 
572081 
572082 
572083 
572084 
572085 
441014 
441019 
572091 
441024 
572096 
441029 
572105 
572106 
572107 
572108 
572109 
441038 
441043 
441048 
572120 
572121 
572122 
572123 
572124 
441053 
572132 
572133 
441062 
572134 
572135 
572136 
441067 
572141 
441072 
572146 
441077 
572151 
441086 
572160 
441091 
572165 
441096 
572170 
441101 
572175 
441110 
572184 
441115 
572189 
441120 
572194 
441125 
572199 
441134 
572208 
441139 
572213 
441144 
572218 
441149 
572223 
441158 
572232 
441163 
572237 
441168 
572242 
441173 
572247 
441182 
572256 
441187 
572261 
441192 
572266 
441197 
572271 
441206 
572280 
441211 
572285 
441216 
572290 
441221 
572295 
441230 
572304 
441235 
572309 
441240 
572314 
441245 
572319 
441254 
572328 
441259 
572333 
441264 
572338 
441269 
572343 
441278 
572352 
441283 
572356 
441288 
572360 
572364 
441293 
572371 
441302 
572376 
441307 
572381 
441312 
572386 
441317 
572395 
441326 
572400 
441331 
572405 
441336 
572410 
441341 
572419 
441350 
572424 
441355 
572429 
441360 
572434 
441365 
572443 
441374 
572448 
441379 
572453 
441384 
572458 
441389 
572467 
441398 
572472 
441403 
572477 
441408 
572482 
441413 
572491 
441422 
572496 
441427 
572501 
441432 
572506 
441437 
572515 
441446 
572520 
441451 
572525 
441456 
572530 
441461 
572539 
441470 
572544 
441475 
572549 
441480 
572554 
441485 
572563 
441494 
572568 
441499 
572573 
441504 
572578 
441509 
572587 
441518 
572592 
441523 
572597 
441528 
572602 
441533 
572611 
441542 
572616 
441547 
572621 
441552 
572626 
441557 
572635 
441566 
572640 
441571 
572645 
441576 
572650 
441581 
572659 
572661 
441590 
572663 
572665 
441595 
572668 
441600 
572673 
441605 
572678 
572683 
441614 
441619 
572692 
572694 
441624 
572696 
572698 
441629 
572701 
572706 
441638 
572711 
441644 
572716 
441653 
572725 
572727 
572729 
441658 
572731 
441662 
572734 
572739 
441669 
572744 
441674 
572749 
441679 
441684 
572758 
572761 
572764 
441693 
572767 
441698 
572772 
441703 
572776 
441708 
572780 
572784 
441717 
572791 
441722 
572794 
572797 
441727 
572800 
441732 
572805 
572810 
441741 
572815 
441746 
572820 
441751 
441756 
572829 
572833 
441765 
572837 
572841 
441770 
441775 
572848 
572851 
441780 
572854 
572857 
441789 
572862 
572864 
441794 
572866 
572868 
441799 
572871 
572875 
441804 
572879 
572883 
441813 
572890 
572893 
441824 
572896 
572899 
441829 
572904 
441834 
572907 
572910 
441839 
572913 
572918 
572919 
441848 
572920 
572921 
572922 
441853 
572928 
441858 
572934 
441863 
572940 
441872 
441877 
572951 
572952 
572953 
441882 
572954 
572955 
441887 
572960 
572965 
441896 
572970 
441901 
441906 
572979 
572980 
572981 
572982 
441911 
572983 
572988 
441920 
572993 
441925 
572998 
441930 
441935 
573007 
573008 
573009 
573010 
573011 
441944 
573016 
441949 
573021 
441954 
573026 
441959 
573035 
573036 
573037 
573038 
573039 
441968 
573044 
441973 
573049 
441978 
573054 
441983 
573063 
441992 
573064 
573065 
573066 
573067 
441997 
573072 
442002 
573077 
442007 
573082 
442016 
573091 
573092 
442021 
573093 
573094 
573095 
442026 
573100 
442031 
573105 
573110 
442040 
442045 
573119 
573120 
573121 
442050 
573122 
573123 
442055 
573130 
573135 
442064 
442069 
573144 
573145 
442074 
573146 
573147 
573148 
442079 
573154 
573159 
442088 
442093 
573168 
573169 
442098 
573170 
573171 
573172 
442103 
573177 
573181 
442112 
573188 
442117 
573189 
573190 
573191 
573192 
442122 
573197 
442127 
573202 
573207 
442136 
442141 
573216 
442146 
573221 
442151 
573226 
573231 
442160 
442165 
573240 
442170 
573245 
442175 
573250 
573255 
442184 
442190 
573264 
573269 
573274 
573279 
442211 
442216 
573288 
442221 
573293 
442226 
573298 
573303 
442235 
442240 
573312 
442245 
573317 
442250 
573322 
573327 
442259 
442264 
573336 
442269 
573341 
442274 
573346 
573351 
442283 
442288 
573360 
442293 
573365 
442298 
573370 
573375 
442307 
442312 
573384 
442317 
573389 
442322 
573394 
573399 
442331 
442336 
573408 
573412 
442341 
573416 
442346 
573420 
442355 
573427 
573431 
442360 
573435 
442365 
573439 
442370 
573446 
442379 
573451 
442384 
573456 
442389 
573461 
442394 
573470 
442403 
573475 
442408 
573480 
442413 
573485 
442418 
573494 
442427 
573499 
442432 
573504 
442437 
573509 
442442 
573518 
442451 
573523 
442456 
573528 
442461 
573533 
442466 
573542 
442475 
573547 
442480 
573552 
442485 
573557 
442490 
573566 
442499 
573571 
442504 
573576 
442509 
573581 
442514 
573590 
442523 
573595 
442528 
573600 
442533 
573605 
442538 
573614 
442547 
573619 
442552 
573624 
442557 
573629 
442562 
573638 
442571 
573643 
442576 
573648 
442581 
573653 
442586 
573662 
442595 
573667 
442600 
573672 
442605 
573677 
442610 
573686 
442619 
573691 
442624 
573696 
442629 
573701 
442634 
573710 
573711 
573712 
573713 
573714 
442643 
573719 
442648 
573724 
442653 
573729 
442658 
573738 
442667 
573739 
573740 
573741 
573742 
442672 
573747 
442677 
573752 
442682 
573757 
442691 
573766 
573767 
442696 
573768 
573769 
573770 
442701 
573775 
442706 
573780 
573785 
442715 
442720 
573794 
442725 
573797 
573800 
442730 
573803 
573808 
442739 
573812 
442744 
573816 
573820 
442749 
442754 
573827 
573830 
573833 
442763 
573836 
442769 
573846 
573848 
442778 
573850 
573852 
442783 
573855 
573856 
573857 
573858 
442787 
573859 
573861 
573863 
573865 
442794 
573868 
573869 
573870 
442799 
573871 
573872 
573874 
442804 
573876 
573878 
442809 
573881 
573882 
573883 
573884 
573885 
573887 
573889 
442818 
573891 
573894 
442823 
573895 
573896 
573897 
573898 
442828 
573901 
573904 
442833 
573907 
573912 
442842 
573915 
573918 
442847 
573921 
442852 
573926 
442857 
573929 
573932 
573935 
442866 
573940 
573941 
573942 
442871 
573943 
573944 
442876 
573950 
442881 
573956 
442890 
573962 
442895 
442900 
573973 
573974 
573975 
573976 
442905 
573977 
573982 
442914 
573987 
442918 
573992 
442922 
442926 
574001 
574002 
574003 
574004 
442933 
574005 
442938 
574010 
442943 
574015 
442948 
574020 
442957 
574029 
574030 
574031 
574032 
574033 
442962 
574038 
442967 
574043 
442972 
574048 
442981 
574057 
442986 
574058 
574059 
574060 
574061 
442991 
574066 
442996 
574071 
574076 
443005 
443010 
574085 
574086 
443015 
574087 
574088 
574089 
443020 
574094 
574099 
443029 
574104 
443033 
443037 
443041 
574113 
574114 
574115 
574116 
574117 
443048 
574122 
443053 
574127 
443058 
574132 
443063 
574141 
574142 
574143 
443072 
574144 
574145 
443077 
574150 
443082 
574155 
443087 
574160 
443096 
574169 
574170 
574171 
574172 
443101 
574173 
443106 
574178 
443111 
574183 
574188 
443120 
443124 
574197 
574198 
574199 
443128 
574200 
574201 
443132 
574205 
574209 
443139 
574213 
574220 
574221 
443150 
574222 
574223 
574224 
443155 
574229 
443160 
574234 
443165 
574239 
443174 
574248 
443179 
574253 
443184 
574258 
443189 
574263 
443198 
574272 
443203 
574277 
443208 
574282 
443213 
574287 
443222 
574296 
443227 
574301 
443232 
574306 
443237 
574311 
443246 
574320 
443251 
574325 
443256 
574330 
443261 
574335 
443270 
574344 
443275 
574349 
443280 
574354 
443285 
574359 
443294 
574368 
443299 
574373 
443304 
574378 
443309 
574383 
443318 
574392 
443323 
574397 
443328 
574402 
443333 
574407 
443342 
574416 
443347 
574421 
443352 
574426 
443357 
574431 
443366 
574440 
443371 
574445 
443376 
574449 
443381 
574456 
574461 
443390 
574465 
443395 
443400 
574472 
443405 
574477 
574482 
443414 
574487 
443419 
443424 
574496 
443429 
574501 
574506 
443438 
574511 
443443 
443448 
574520 
443453 
574525 
574530 
443462 
574535 
443469 
574544 
443476 
574549 
574554 
443483 
574559 
443496 
574568 
443501 
574573 
443506 
574578 
443511 
574583 
443520 
574592 
443525 
574597 
443530 
574602 
443535 
574607 
443544 
574616 
443549 
574621 
443554 
574626 
443559 
574631 
443568 
574640 
443573 
574645 
443578 
574650 
443583 
574655 
443592 
574664 
443597 
574669 
443602 
574674 
443607 
574679 
443616 
574688 
443621 
574693 
443626 
574698 
443631 
574703 
443640 
574712 
443645 
574717 
443650 
574722 
443655 
574727 
443664 
574736 
574740 
443669 
574744 
443674 
574748 
443679 
574755 
574756 
574757 
574758 
574759 
443688 
574764 
443693 
574769 
443698 
574774 
443703 
574783 
443712 
574784 
574785 
574786 
574787 
443717 
574792 
443722 
574797 
443727 
574802 
443736 
574811 
574812 
443741 
574813 
574814 
574815 
443746 
574820 
443751 
574825 
574830 
443760 
443765 
574839 
443770 
574842 
574845 
443775 
574848 
574853 
443784 
574856 
574859 
443789 
574862 
443794 
574867 
574870 
443799 
574873 
574876 
443808 
574881 
574884 
443813 
574887 
443818 
574890 
443823 
574895 
574898 
574901 
443832 
574904 
443837 
574909 
574912 
443842 
574915 
574918 
443847 
574923 
574926 
443856 
574929 
574932 
443861 
574937 
443866 
574940 
443871 
574943 
574946 
574951 
443880 
574954 
443885 
574957 
574960 
443890 
574965 
443895 
574968 
574971 
574974 
443904 
574979 
443909 
574982 
574985 
443914 
574988 
443919 
574993 
574994 
574995 
574996 
574997 
443928 
575003 
443932 
443936 
575009 
443940 
575015 
443947 
443952 
575026 
575027 
575028 
443957 
575029 
575030 
443962 
575035 
575040 
443971 
575045 
443976 
443981 
575054 
575055 
575056 
575057 
443986 
575058 
575064 
443995 
575069 
444000 
444005 
575078 
575079 
575080 
575081 
444010 
575082 
575088 
444019 
575093 
444023 
444027 
575102 
444031 
575103 
575104 
575105 
575106 
444038 
575112 
444043 
575117 
444048 
444053 
575126 
575127 
575128 
575129 
575130 
444062 
575136 
444067 
575141 
444072 
444077 
575150 
575151 
575152 
575153 
575154 
444086 
575159 
575164 
444093 
575169 
444102 
575178 
575179 
444108 
575180 
575181 
575182 
575187 
444117 
575192 
444123 
575197 
444132 
575206 
575207 
575208 
575209 
444138 
575210 
444143 
575215 
575220 
444152 
575225 
444158 
575234 
444163 
575235 
575236 
575237 
575238 
575242 
444172 
575246 
444177 
575250 
444182 
575257 
575258 
444187 
575259 
575260 
575261 
575266 
444196 
575271 
444201 
575276 
444206 
444211 
575285 
575290 
444220 
575295 
444225 
575300 
444230 
444235 
575309 
575314 
444244 
575319 
444249 
575324 
444254 
444259 
575333 
575338 
444268 
575343 
444273 
575348 
444278 
444283 
575357 
575362 
444292 
575367 
444297 
575372 
444302 
444307 
575381 
575386 
444316 
575391 
444321 
575396 
444326 
444331 
575405 
575410 
444340 
575415 
444345 
575420 
444350 
444355 
575429 
575434 
444364 
575439 
444369 
575444 
444374 
444379 
575453 
444388 
575460 
444393 
575465 
444398 
575474 
444403 
575479 
444412 
575486 
444417 
575491 
444422 
575498 
444427 
575505 
444436 
575510 
444441 
444446 
575519 
444451 
575524 
575529 
444460 
575534 
444465 
444470 
575543 
444475 
575548 
575553 
444484 
575558 
444489 
444494 
575567 
444499 
575572 
575577 
444508 
575582 
444513 
444518 
575591 
444523 
575596 
575601 
444532 
575606 
444537 
444542 
575615 
444547 
575620 
575625 
444556 
575630 
444561 
444566 
575639 
444571 
575644 
575649 
444580 
575654 
444585 
444590 
575663 
444595 
575668 
575673 
444604 
575678 
444609 
444614 
575687 
444619 
575692 
575697 
444628 
575702 
444633 
444638 
575711 
444643 
575716 
575721 
444652 
575726 
444657 
444662 
575735 
444667 
575740 
575745 
444676 
575750 
444683 
575759 
575763 
444692 
575767 
444697 
575771 
444701 
575778 
575779 
444708 
575780 
575781 
575782 
444713 
575787 
444718 
575792 
444723 
575797 
444732 
575806 
575807 
575808 
444737 
575809 
575810 
444742 
575815 
444747 
575820 
575825 
444756 
444761 
575834 
575835 
575836 
575837 
444766 
575838 
444771 
575843 
575848 
444780 
575853 
444785 
444790 
575862 
575863 
575864 
575865 
575866 
444795 
575872 
444804 
575878 
444809 
575884 
444814 
444819 
575895 
575896 
575897 
575898 
575899 
444828 
444833 
575905 
444838 
575911 
444843 
575917 
444852 
575928 
444857 
575929 
575930 
575931 
575932 
444862 
575938 
444867 
575944 
444876 
575950 
444881 
444886 
575961 
575962 
444891 
575963 
575964 
575965 
575971 
444900 
444905 
575977 
444910 
575983 
444915 
575994 
575995 
444924 
575996 
575997 
575998 
444929 
576004 
444934 
576010 
444939 
576016 
444948 
444953 
576027 
576028 
576029 
444958 
576030 
576031 
444963 
576037 
576043 
444972 
444977 
576049 
444982 
444987 
576060 
576061 
576062 
576063 
576064 
444996 
576070 
445001 
576076 
445006 
576082 
445011 
445020 
576093 
576094 
576095 
576096 
445025 
576097 
445030 
576103 
445035 
576109 
576115 
445044 
445049 
445054 
576126 
576127 
576128 
576129 
576130 
445059 
576136 
445068 
576142 
445073 
576148 
445078 
445083 
576159 
576160 
576161 
576162 
576163 
445092 
445097 
576169 
445102 
576175 
445107 
576181 
445116 
576192 
445121 
576193 
576194 
576195 
576196 
445126 
576202 
445131 
576208 
445140 
576214 
445145 
445150 
576225 
576226 
445155 
576227 
576228 
576229 
576234 
445164 
576239 
445169 
576244 
445174 
445179 
576253 
576254 
576255 
576256 
576257 
445188 
576262 
445193 
576267 
445198 
576272 
445203 
576281 
576282 
576283 
445212 
576284 
576285 
445217 
576291 
445222 
445227 
576300 
576301 
576302 
576303 
576304 
445236 
445241 
576314 
576315 
576316 
576317 
445246 
576318 
445251 
576328 
576329 
576330 
576331 
445260 
576332 
445265 
576338 
445270 
445275 
576347 
576348 
576349 
576350 
576351 
445284 
576356 
445289 
576361 
445294 
576366 
445299 
576375 
576376 
576377 
576378 
576379 
445308 
576384 
576389 
445318 
576394 
445324 
576403 
576404 
445333 
576405 
576406 
576407 
445338 
576412 
445343 
576417 
445348 
576422 
445357 
576431 
445362 
576435 
445367 
576439 
576443 
445372 
576450 
445381 
576453 
576456 
445386 
576459 
445391 
576464 
576465 
576466 
576467 
445396 
576468 
576471 
576474 
445405 
576477 
445410 
576482 
576486 
445415 
576490 
445420 
576494 
445429 
576501 
576505 
445434 
576509 
445439 
576513 
445444 
576520 
445453 
576525 
445458 
576530 
445463 
576535 
445468 
576544 
445477 
576549 
445482 
576554 
445487 
576559 
445492 
576568 
445501 
576573 
445506 
576578 
445511 
576583 
445516 
576592 
445525 
576597 
576601 
445530 
445535 
576608 
445540 
576613 
576620 
445549 
445554 
576627 
445559 
576632 
445564 
576639 
445573 
576645 
445578 
576650 
445583 
576659 
445588 
576664 
445597 
576669 
445602 
576674 
445607 
576683 
445612 
576688 
445621 
576693 
445626 
576698 
445631 
576707 
445636 
576712 
445645 
576717 
445650 
576722 
445655 
576731 
445660 
576735 
576739 
445669 
576743 
445674 
576750 
445679 
576754 
445684 
576758 
576762 
445693 
576769 
445698 
576770 
576771 
576772 
576773 
445703 
576776 
576779 
445708 
576782 
576787 
576788 
445717 
576789 
576790 
576791 
445722 
576795 
445727 
576799 
576803 
445732 
576810 
576811 
576812 
445741 
576813 
576814 
445746 
576818 
576822 
445751 
576826 
445756 
576833 
576834 
576835 
576836 
445765 
576837 
445770 
576842 
445775 
576847 
445780 
576852 
445789 
576861 
576862 
576863 
576864 
576865 
445794 
576866 
576867 
576868 
576869 
445799 
576874 
445804 
576879 
576884 
445813 
445818 
576893 
576894 
445823 
576895 
576896 
576897 
576898 
576899 
445828 
576900 
576901 
576906 
445837 
576911 
445842 
576916 
445847 
445852 
576925 
576926 
576927 
576928 
576929 
576930 
576931 
576932 
445861 
576933 
445865 
576938 
445869 
576943 
445873 
576948 
445880 
445885 
576957 
576958 
576959 
576960 
576961 
445890 
576962 
576963 
576964 
576965 
445895 
576970 
576975 
445904 
576980 
445909 
445914 
576989 
576990 
445919 
576991 
576992 
576993 
576994 
576995 
576996 
576997 
445928 
577002 
445933 
577007 
445938 
577012 
445943 
577021 
577022 
577023 
445952 
577024 
577025 
577026 
577027 
577028 
445957 
577029 
445962 
577034 
445967 
577039 
577044 
445976 
445981 
577053 
577054 
577055 
577056 
577057 
445986 
577058 
577059 
577060 
445991 
577065 
577066 
577067 
577068 
577069 
577070 
577071 
446000 
577072 
577073 
446005 
577079 
446010 
446015 
577088 
577089 
577090 
577091 
577092 
446024 
577096 
577100 
446029 
577104 
446034 
446039 
577111 
577112 
577113 
577114 
577115 
577119 
446048 
577123 
446053 
577127 
446058 
577134 
446063 
577135 
577136 
577137 
577138 
577142 
446072 
577146 
446077 
577150 
446082 
577157 
446087 
577159 
577161 
577163 
577166 
446096 
577169 
577172 
446101 
577175 
446106 
577180 
446111 
577187 
446120 
577194 
446125 
577201 
446130 
446135 
577214 
446144 
577217 
577220 
446149 
577223 
446154 
577228 
446159 
577232 
577236 
446168 
577240 
446173 
577247 
577249 
446178 
577251 
577253 
446183 
577256 
577259 
577262 
446192 
577265 
446197 
577270 
577273 
446202 
577276 
446207 
577279 
577284 
446216 
577288 
577292 
446221 
577296 
446226 
446231 
577303 
577305 
577307 
577309 
446240 
577312 
577315 
446245 
577318 
577321 
446250 
577326 
446255 
577329 
577332 
577335 
446264 
577340 
446269 
577344 
446274 
577348 
446279 
577352 
577359 
446288 
577361 
577363 
446293 
577365 
577368 
446298 
577371 
577374 
446303 
577377 
577382 
446312 
577385 
577388 
446317 
577391 
446322 
577396 
446327 
577400 
577404 
446336 
577408 
446341 
577415 
577417 
446346 
577419 
577421 
446351 
577424 
577427 
577430 
446360 
577433 
446365 
577438 
577441 
446370 
577444 
446375 
577449 
577453 
446384 
577460 
446389 
577462 
577464 
446394 
577467 
446399 
577471 
577476 
446408 
577482 
446413 
446418 
577490 
577492 
446423 
577495 
577498 
577503 
446432 
577504 
446437 
577510 
446442 
577518 
446447 
577521 
577526 
446456 
446461 
577533 
446466 
577538 
446471 
577545 
577547 
577550 
446480 
577555 
446485 
577560 
446490 
577563 
577566 
446495 
577571 
577575 
446504 
577579 
446509 
446514 
577586 
577588 
577590 
446519 
577593 
577596 
577599 
446532 
577604 
577607 
446538 
577612 
446547 
577619 
577621 
446552 
577624 
446557 
577633 
446562 
446571 
577643 
446576 
577649 
446581 
577653 
446586 
577658 
577663 
446595 
577667 
446600 
577674 
446605 
577677 
577680 
446610 
577684 
577687 
446619 
577692 
577695 
446624 
577698 
446629 
577701 
446634 
577706 
577710 
577714 
446643 
577718 
446648 
446653 
577725 
577727 
577729 
446658 
577731 
577734 
577737 
446667 
577740 
577743 
446672 
577748 
446677 
577751 
446682 
577754 
577757 
577762 
446691 
577766 
446696 
577770 
446701 
577774 
446706 
577781 
577783 
577785 
446715 
577787 
577790 
446720 
577793 
577796 
446725 
577799 
446730 
577804 
577805 
577806 
577807 
577808 
446739 
577811 
577814 
446744 
577817 
446749 
577822 
446754 
577826 
577830 
577834 
446763 
446768 
577841 
577843 
446773 
577845 
577847 
446778 
577850 
577853 
577856 
446787 
577859 
446792 
577868 
446797 
577870 
577872 
446802 
577874 
577877 
577880 
446811 
577883 
577886 
446816 
577891 
446821 
577895 
446826 
577899 
577903 
446835 
577910 
446840 
577912 
577914 
577916 
446845 
446850 
446859 
577933 
446864 
577938 
577940 
446869 
577942 
577944 
446874 
577947 
577952 
446883 
577957 
446888 
577962 
446893 
446898 
577971 
577973 
577975 
577977 
446907 
577980 
446912 
577984 
577988 
446917 
577992 
446922 
577999 
578001 
446931 
578003 
578005 
446936 
578008 
446941 
578013 
446946 
578018 
578023 
446955 
446960 
578032 
578035 
446965 
578038 
578041 
446970 
578046 
578049 
446979 
578052 
578055 
446984 
578060 
446989 
578063 
446994 
578066 
578069 
578074 
447003 
578078 
447008 
578082 
447013 
578086 
447018 
578093 
578097 
447027 
578101 
447032 
578105 
447037 
578112 
447042 
578115 
578118 
578121 
447051 
578126 
447056 
578131 
447061 
578136 
447066 
578141 
447075 
578150 
447079 
578153 
447083 
578156 
447087 
578159 
578164 
447094 
578168 
447099 
578172 
447104 
578176 
447109 
578183 
578185 
578187 
578189 
447118 
578192 
447123 
578195 
578198 
447128 
578201 
447133 
578206 
578209 
578212 
447142 
578215 
447147 
578220 
447152 
578224 
578228 
447157 
578232 
447166 
578239 
578241 
447171 
578243 
578245 
447176 
578248 
578251 
447181 
578254 
578257 
447190 
578262 
578266 
447195 
578270 
447200 
578274 
447205 
578281 
578284 
447214 
578287 
578290 
447219 
578295 
447224 
578299 
447229 
578303 
578307 
447238 
578314 
447243 
578316 
578318 
447248 
578320 
578323 
447253 
578326 
578329 
578332 
447262 
578337 
447267 
578342 
447272 
578347 
447277 
578352 
447286 
578361 
447291 
578364 
578367 
447296 
578370 
447301 
578375 
578379 
447310 
578383 
447315 
578387 
447320 
578394 
578396 
447325 
578398 
578400 
578403 
447334 
578406 
578409 
447339 
578412 
447344 
578417 
578420 
447349 
578423 
578426 
447358 
578431 
447363 
578435 
578439 
447368 
578443 
447373 
578450 
578452 
447382 
578454 
578456 
447387 
578459 
578462 
447392 
578465 
578468 
447397 
578473 
578477 
447406 
578481 
447411 
578485 
447416 
578492 
447421 
578495 
578498 
578501 
447430 
578506 
447435 
578510 
447440 
578514 
447445 
578518 
578525 
447454 
578527 
578529 
447459 
578531 
578534 
447464 
578537 
578540 
447469 
578543 
578548 
447478 
578551 
578554 
447483 
578557 
447488 
578562 
447493 
578566 
578570 
447502 
578574 
447507 
578581 
578583 
447512 
578585 
578587 
447517 
578590 
578593 
578596 
447526 
578599 
447531 
578604 
447536 
578610 
447541 
578615 
447550 
578624 
447555 
578627 
578630 
447560 
578633 
447565 
578638 
578642 
447574 
578646 
578650 
447579 
447584 
578657 
578659 
447589 
578661 
578663 
578666 
578669 
447598 
578672 
447603 
578675 
447608 
578680 
447613 
578690 
578693 
447622 
578696 
447627 
578699 
447632 
578704 
578708 
447637 
578712 
578716 
447646 
447651 
578723 
578725 
578727 
447656 
578729 
578732 
447661 
578735 
578738 
578741 
447670 
578746 
447675 
578749 
447680 
578752 
578755 
447685 
578760 
578764 
447694 
578768 
447699 
578772 
447704 
578779 
447709 
578781 
578783 
578785 
578788 
447718 
578791 
578794 
447723 
578797 
447728 
578802 
447733 
578809 
578812 
447742 
578815 
578818 
578823 
447752 
578827 
447758 
578831 
578835 
447767 
578842 
447772 
578844 
578846 
578848 
447777 
578851 
447782 
578854 
578857 
578860 
447791 
578866 
447796 
578869 
578872 
447801 
578877 
447806 
578881 
447815 
578888 
578890 
447820 
578892 
578895 
447825 
578898 
447830 
578906 
447839 
578912 
447844 
578919 
447849 
578923 
447854 
578927 
578932 
447863 
578936 
578939 
447868 
447873 
447878 
578951 
578955 
447887 
578959 
578963 
447892 
447897 
578970 
447902 
578974 
578978 
578982 
447911 
447916 
578989 
578992 
447921 
578995 
447926 
578998 
579003 
579005 
447935 
579007 
579009 
447940 
579012 
579015 
447945 
579018 
579021 
447950 
579026 
447959 
579031 
447964 
579036 
447969 
579041 
447974 
579050 
579053 
447983 
579056 
579059 
447988 
579064 
447993 
579067 
447998 
579070 
579073 
579078 
448007 
579082 
448012 
579086 
448017 
579090 
448022 
579097 
579100 
448031 
579103 
579106 
448036 
579111 
448041 
579114 
579117 
448046 
579120 
579125 
448055 
579131 
448060 
579136 
448065 
448070 
579143 
579147 
448079 
579151 
448084 
579156 
579159 
448089 
579162 
579165 
448094 
579170 
579172 
579174 
448103 
579176 
579179 
448108 
579183 
448113 
579186 
448118 
579191 
579195 
448127 
579199 
579203 
448132 
448137 
579210 
579213 
448142 
579215 
579218 
579221 
448151 
579224 
579227 
448156 
579232 
448161 
579234 
579236 
448166 
579238 
579241 
579244 
448175 
579247 
579250 
448180 
579255 
448185 
579257 
579259 
579261 
448190 
579264 
579267 
579270 
448199 
579273 
448204 
579278 
448209 
579282 
448214 
579286 
579290 
448223 
579297 
579299 
448228 
579301 
579303 
448233 
579306 
579309 
448238 
579312 
579315 
448247 
579320 
579322 
448252 
579324 
579326 
448257 
579329 
579332 
448262 
579335 
579338 
448271 
579343 
579345 
579347 
448276 
579349 
579352 
448281 
579355 
448286 
579358 
579361 
579366 
448295 
579370 
448299 
579374 
448303 
579378 
448307 
579385 
448314 
579387 
579389 
448319 
579391 
579394 
448324 
579397 
579400 
448329 
579403 
579408 
448338 
579410 
579412 
579414 
448343 
579417 
448348 
579420 
579423 
448353 
579426 
579431 
579433 
448362 
579435 
579437 
448367 
579440 
579443 
448372 
579446 
448377 
579449 
579454 
579457 
448386 
579460 
448391 
579463 
448396 
579468 
579470 
579472 
448401 
579474 
579477 
579479 
579481 
448410 
579483 
579486 
448415 
579487 
579488 
579489 
579490 
448420 
579492 
579494 
579496 
448425 
579499 
579501 
579503 
579505 
448434 
579508 
579510 
448439 
579512 
579514 
448444 
579517 
579519 
448449 
579521 
579523 
579526 
579528 
448458 
579530 
579532 
448463 
579535 
579537 
579539 
448468 
579541 
579544 
448473 
579546 
579548 
579550 
579553 
448482 
579555 
579557 
448487 
579559 
579562 
448492 
579564 
579566 
579568 
448497 
579571 
579573 
579575 
579577 
448506 
579580 
579582 
448511 
579584 
579586 
448516 
579589 
579591 
448521 
579593 
579595 
579598 
579600 
448530 
579602 
579604 
579607 
448536 
579609 
579611 
579613 
448542 
579616 
579618 
448548 
579620 
579622 
579625 
579627 
579629 
448559 
579631 
579634 
448564 
579636 
579638 
579640 
448569 
579643 
579645 
448574 
579647 
579649 
579652 
579654 
448583 
579656 
579658 
448588 
579661 
579663 
448593 
579665 
579667 
448598 
579670 
579672 
579674 
579676 
448607 
579679 
579681 
579683 
448613 
579685 
579688 
579690 
448619 
579692 
579694 
448625 
579697 
579699 
579701 
579703 
579706 
448636 
579709 
579712 
448641 
579715 
448646 
579720 
579722 
448651 
579724 
579726 
579729 
448660 
579733 
448665 
579737 
579741 
448670 
448675 
579748 
579751 
579754 
448684 
579757 
448689 
579762 
579765 
448694 
579768 
448699 
579771 
579774 
579777 
448708 
579780 
579783 
448713 
579786 
448718 
579791 
579793 
448723 
579795 
579797 
579800 
579802 
448732 
579804 
579806 
448737 
579809 
579811 
579813 
448742 
579815 
579818 
448747 
579820 
579822 
579824 
579827 
448756 
579829 
579831 
448761 
579833 
579836 
448766 
579840 
448771 
579844 
579848 
448780 
579855 
448785 
579857 
579859 
579861 
448790 
579864 
448795 
579867 
579870 
579873 
448804 
579878 
448809 
579881 
579884 
448814 
579887 
448819 
579892 
579894 
579896 
579898 
448828 
579901 
579903 
448833 
579905 
579907 
448838 
579910 
579913 
448843 
579916 
579919 
448852 
579924 
579925 
579926 
579927 
579928 
448859 
579931 
579934 
579937 
448866 
579942 
579944 
448873 
579946 
579948 
579951 
579954 
579957 
448886 
579960 
448891 
579965 
579967 
448896 
579969 
579971 
448901 
579974 
579976 
579978 
579980 
448910 
579983 
579986 
448915 
579989 
448920 
579992 
448925 
579997 
579999 
580001 
580003 
448934 
580006 
580010 
448939 
580014 
448944 
580018 
448949 
580025 
580028 
448958 
580031 
580034 
448963 
580039 
448968 
580041 
580043 
448973 
580046 
580048 
580050 
580053 
448982 
580055 
580057 
448986 
580060 
448990 
580065 
448994 
580068 
449001 
580073 
580075 
580077 
449006 
580079 
580082 
449011 
580084 
580086 
449016 
580088 
580091 
580093 
580095 
449025 
580097 
580100 
449030 
580102 
580104 
580106 
449035 
580109 
449040 
580112 
580115 
580118 
449049 
580123 
449054 
580128 
449059 
580133 
449064 
580138 
449073 
580147 
449078 
580153 
449083 
580159 
449088 
580165 
449097 
449101 
580176 
449105 
580179 
449109 
580182 
580185 
449116 
580190 
580192 
449121 
580194 
580196 
449126 
580199 
580201 
449131 
580203 
580205 
580208 
580211 
449140 
580214 
449145 
580217 
449150 
580222 
580225 
449155 
580228 
580231 
449164 
580236 
580238 
580240 
449169 
580242 
580245 
449174 
580247 
580249 
449179 
580251 
580254 
580257 
449188 
580260 
580263 
449193 
580268 
580269 
449198 
580270 
580271 
580272 
449203 
580275 
580278 
580281 
449212 
580286 
449216 
580288 
580290 
449220 
580292 
580295 
449224 
580298 
580301 
449231 
580304 
449236 
580309 
580311 
449241 
580313 
580315 
449246 
580318 
580320 
580322 
580324 
449255 
580327 
580330 
449260 
580333 
580336 
449265 
580341 
449270 
580343 
580345 
580347 
580350 
449279 
580354 
449284 
580358 
449289 
580362 
449294 
580369 
580372 
449303 
580375 
580378 
449308 
580383 
449313 
580385 
580387 
580389 
449318 
580392 
580394 
580396 
580398 
449327 
580401 
580403 
449332 
580405 
580407 
449337 
580410 
580413 
449342 
580416 
580419 
449351 
580424 
580427 
449357 
580430 
580433 
449362 
580438 
580441 
449371 
580444 
580447 
449377 
580452 
449382 
580454 
580456 
580458 
580461 
449391 
580463 
580465 
580467 
449396 
580470 
449401 
580473 
580476 
449406 
580479 
580484 
449415 
580488 
449420 
580492 
580496 
449425 
449430 
580503 
580509 
449439 
449444 
580518 
449449 
580521 
580524 
449454 
580529 
580531 
580533 
449463 
580535 
580538 
449468 
580541 
580544 
449473 
580547 
449478 
580552 
580555 
580558 
449487 
580561 
449492 
580566 
580568 
449497 
580570 
580572 
449502 
580575 
580577 
580579 
580581 
449511 
580584 
580587 
449516 
580590 
449521 
580593 
449526 
580598 
580599 
580600 
580601 
580602 
580605 
449535 
580608 
580611 
449540 
580616 
449545 
580618 
580620 
449550 
580622 
580625 
580628 
449559 
580631 
580634 
449564 
580639 
580640 
449569 
580641 
580642 
580643 
580645 
449574 
580647 
580649 
580652 
449583 
580655 
580658 
449588 
580661 
449593 
580666 
580668 
449598 
580670 
580672 
580675 
449607 
580679 
580683 
449612 
580687 
449617 
449622 
580694 
580697 
580700 
449631 
580703 
449636 
580708 
580710 
580712 
449641 
580714 
580717 
449646 
580719 
580721 
580723 
580726 
449655 
580730 
449660 
580734 
449665 
580738 
449670 
580745 
580748 
449679 
580751 
580754 
449684 
580759 
449689 
580763 
449694 
580767 
580771 
449703 
580778 
449708 
580780 
580782 
580784 
449713 
580787 
449718 
580791 
580795 
449727 
580799 
449732 
580806 
580808 
449737 
580810 
580812 
449742 
580815 
580819 
449751 
580823 
580827 
449756 
449761 
580834 
580837 
449766 
580840 
580843 
449775 
580848 
580850 
449780 
580852 
580854 
449785 
580857 
580860 
449790 
580863 
580866 
449799 
580871 
580873 
580875 
449804 
580877 
580880 
449809 
580882 
580884 
449814 
580886 
580889 
580892 
449823 
580895 
580898 
449828 
580903 
449833 
580905 
580907 
580909 
449838 
580912 
580915 
580918 
449847 
580921 
449852 
580926 
580928 
449857 
580930 
580932 
449862 
580935 
580937 
580939 
580941 
449871 
580944 
449876 
449881 
449886 
580964 
580966 
449895 
580968 
580970 
449900 
580973 
580976 
449905 
580979 
449910 
580982 
580987 
580990 
449919 
580993 
449923 
580996 
449927 
581001 
449931 
581003 
581005 
581007 
449938 
581010 
581012 
581014 
449943 
581016 
581019 
449948 
581022 
449953 
581025 
581028 
581033 
449962 
581037 
449967 
581041 
449972 
581045 
449977 
581052 
581054 
581056 
449986 
581058 
581061 
449991 
581064 
581067 
449996 
581070 
450001 
581075 
581077 
581079 
581081 
450010 
581084 
450015 
581087 
581090 
450020 
581093 
450025 
581098 
581102 
450034 
581106 
581110 
450039 
450044 
581117 
581119 
450049 
581121 
581123 
581126 
581129 
450058 
581132 
450063 
581135 
450068 
581140 
581144 
450073 
581148 
581152 
450082 
450087 
581159 
581161 
581163 
450092 
581165 
581168 
450097 
581171 
581174 
581177 
450106 
581182 
450111 
581184 
581186 
450116 
581188 
581191 
450121 
581194 
581197 
581200 
450130 
581205 
450135 
581209 
450140 
581213 
450145 
581217 
581224 
450154 
581226 
581228 
581230 
450159 
581233 
581236 
581239 
450168 
581242 
450173 
581247 
450178 
581251 
450183 
581255 
581259 
450192 
581266 
581268 
450197 
581270 
581272 
450202 
581275 
581278 
450207 
581281 
581284 
450216 
581289 
581291 
450221 
581293 
581295 
450226 
581298 
581301 
450231 
581304 
581307 
450240 
581312 
581316 
450245 
581320 
450250 
581324 
450255 
581331 
581333 
581335 
450264 
581337 
581340 
450269 
581343 
450274 
581346 
581349 
450279 
581354 
581357 
450288 
581360 
581363 
450293 
581368 
450298 
581370 
581372 
581374 
450303 
581377 
581380 
581383 
450312 
581386 
450317 
581391 
581393 
450322 
581395 
581397 
450327 
581400 
581402 
581404 
581406 
450336 
581409 
581411 
450341 
581413 
581415 
450346 
581418 
581421 
450351 
581424 
581427 
450360 
581432 
581434 
581436 
450365 
581438 
581441 
450370 
581444 
450375 
581447 
581450 
581455 
450384 
581458 
450389 
581461 
581464 
450394 
581469 
450399 
581471 
581473 
581475 
581478 
581479 
450408 
581480 
581481 
581482 
581484 
450413 
581486 
581488 
450418 
581491 
581494 
450423 
581497 
581500 
450432 
581505 
581506 
581507 
581508 
450437 
581509 
581512 
450442 
581515 
581518 
450447 
581523 
581525 
581527 
450456 
581529 
581532 
450461 
581534 
581536 
450466 
581538 
581541 
450471 
581544 
581547 
581550 
450480 
581555 
450485 
581557 
581559 
581561 
450490 
581564 
450495 
581568 
581572 
450504 
581576 
450509 
581583 
450514 
581586 
581589 
450519 
581592 
581597 
581599 
450528 
581601 
581603 
450533 
581606 
581608 
450538 
581610 
581612 
450543 
581615 
581619 
581623 
450552 
581627 
450557 
450562 
581634 
581636 
581638 
450567 
581640 
581643 
581646 
450576 
581649 
581652 
450581 
581657 
450586 
581659 
581661 
450591 
581663 
581666 
581668 
581670 
450600 
581672 
581675 
450605 
581681 
450610 
581686 
450615 
581693 
450624 
581698 
450629 
581703 
450634 
581708 
450639 
581717 
450648 
581721 
450653 
581725 
581729 
450658 
450663 
581736 
581739 
581742 
450672 
581747 
450677 
581750 
581753 
450682 
581758 
450687 
581760 
581762 
581764 
581767 
450696 
581770 
450701 
581773 
581776 
450706 
581781 
450711 
581784 
581787 
581790 
450720 
581795 
450725 
581797 
581799 
581801 
450730 
581804 
450735 
581808 
581812 
450744 
581819 
450749 
581822 
581825 
450754 
581828 
450759 
581833 
581835 
581837 
581839 
450768 
581842 
581844 
450773 
581846 
581848 
450778 
581851 
581853 
450783 
581855 
581857 
581860 
581863 
450792 
581866 
450797 
581869 
450802 
581874 
581875 
581876 
581877 
581878 
450807 
581881 
581884 
581887 
450816 
581892 
450821 
581895 
450826 
581898 
581901 
450831 
581906 
581908 
581911 
450840 
581914 
450845 
581917 
581920 
450850 
581925 
450855 
581927 
581929 
581931 
581934 
450864 
581938 
450869 
581942 
450874 
581946 
450879 
581953 
581956 
581959 
450888 
581962 
450893 
581967 
581969 
450898 
581971 
581973 
450903 
581976 
581978 
581980 
581982 
450912 
581985 
450917 
581989 
581993 
450922 
581997 
450927 
582004 
582007 
450936 
582010 
450941 
582013 
450946 
582018 
582020 
582022 
450951 
582024 
582027 
582030 
450960 
582033 
582036 
450965 
582041 
450970 
582043 
582045 
450975 
582047 
582050 
582052 
582054 
450984 
582056 
582059 
450989 
582062 
582065 
450994 
582068 
450999 
582073 
582077 
451008 
582081 
451013 
582085 
451018 
582092 
451023 
582096 
582100 
451032 
582104 
451037 
582111 
451042 
582116 
451047 
582121 
582126 
451056 
451061 
582135 
451066 
582139 
451071 
582143 
582147 
451080 
582154 
451085 
582157 
582160 
451090 
582163 
451095 
582168 
582170 
582172 
582174 
451104 
582177 
582180 
451109 
582183 
451114 
582186 
451119 
582191 
582194 
582197 
451128 
582200 
451133 
582205 
582207 
582209 
451138 
582211 
582214 
451143 
582217 
582220 
582223 
451152 
582228 
451157 
582230 
582232 
451162 
582234 
582237 
451167 
582239 
582241 
582243 
582246 
451176 
582249 
582252 
451181 
582255 
451186 
582260 
582261 
582262 
451191 
582263 
582264 
582267 
582270 
451200 
582273 
451204 
582278 
451208 
582281 
451212 
582284 
582287 
451219 
582293 
582296 
451225 
582299 
451230 
582302 
582307 
582309 
451239 
582311 
582313 
582316 
451245 
582320 
451250 
582324 
582328 
451259 
582335 
451264 
582338 
451269 
582341 
582344 
451274 
582349 
582351 
582353 
451283 
582355 
582358 
451289 
582361 
582364 
451294 
582367 
582372 
451303 
582376 
451308 
582380 
582384 
451313 
451318 
582391 
582394 
582397 
451327 
582400 
451332 
582405 
582407 
451337 
582409 
582411 
451342 
582414 
582417 
582420 
451351 
582423 
451356 
582428 
582430 
582432 
451361 
582434 
582437 
451366 
582439 
582441 
582443 
582446 
451375 
582449 
451380 
582452 
582455 
451385 
582460 
451390 
582464 
582468 
451399 
582472 
451404 
582479 
451409 
582484 
451414 
582489 
582494 
451423 
451428 
582503 
451433 
582506 
582509 
451438 
582512 
582517 
451447 
582519 
582521 
582523 
451452 
582526 
451457 
582529 
582532 
451462 
582535 
582540 
451471 
582543 
582546 
451476 
582549 
451481 
582554 
582556 
451486 
582558 
582560 
582563 
451495 
582567 
582571 
451500 
582575 
451505 
451510 
582582 
582584 
582586 
582588 
451519 
582591 
582593 
582595 
451524 
582597 
582600 
451529 
582603 
451534 
582606 
582609 
582614 
451543 
582615 
582616 
582617 
582618 
451548 
582621 
582624 
451553 
582627 
451558 
582632 
582634 
582636 
582638 
451567 
582642 
451572 
451577 
582649 
451582 
582656 
451591 
582663 
451596 
451601 
582676 
451606 
582679 
582682 
582685 
451615 
582690 
451620 
582694 
451625 
582698 
451630 
582702 
582709 
451639 
582711 
582713 
582715 
451644 
582718 
451649 
582721 
582724 
451654 
582727 
582732 
451663 
582735 
582738 
451668 
582741 
451673 
582746 
451678 
582752 
582758 
451687 
451692 
582764 
451697 
451702 
582775 
582778 
582781 
451711 
582784 
451716 
582789 
582791 
451721 
582793 
582795 
451726 
582798 
582800 
582802 
582804 
451735 
582807 
582809 
582811 
451740 
582813 
582816 
451745 
582819 
451750 
582822 
582825 
582830 
451759 
582832 
582834 
451764 
582836 
582839 
451769 
582841 
582843 
582845 
451774 
582848 
582852 
451783 
582856 
451788 
582860 
451793 
582867 
451798 
582870 
582873 
582876 
451807 
582881 
582883 
451812 
582885 
582887 
451817 
582890 
582893 
451822 
582896 
582899 
451831 
582904 
582906 
451836 
582908 
582910 
451841 
582913 
582917 
451846 
582921 
582925 
451855 
451860 
582932 
582934 
582936 
451865 
582938 
582941 
451870 
582943 
582945 
582947 
582950 
451879 
582953 
451884 
582956 
582959 
451889 
582964 
451894 
582967 
582970 
582973 
451903 
582978 
451908 
582980 
582982 
582984 
451913 
582987 
582989 
451918 
582991 
582993 
582996 
451927 
582999 
583002 
451932 
583005 
451937 
583010 
583012 
451942 
583014 
583016 
583019 
451951 
583023 
583027 
451956 
583031 
451961 
451966 
583038 
583040 
583042 
583044 
451975 
583047 
583049 
583051 
451980 
583053 
583056 
451985 
583059 
451990 
583062 
583065 
583070 
451999 
583073 
452004 
583076 
583079 
452009 
583084 
452014 
583086 
583088 
583090 
583093 
452023 
583096 
583099 
452028 
583102 
452033 
583107 
452038 
583110 
583113 
583116 
452047 
583121 
583123 
452052 
583125 
583127 
452057 
583130 
452062 
583135 
583140 
452071 
583145 
452076 
452081 
583154 
583155 
583156 
583157 
452086 
583158 
583160 
583162 
583164 
452095 
583167 
583170 
452100 
583173 
583176 
452105 
583181 
452110 
583185 
583189 
452119 
583193 
452124 
583200 
452129 
583204 
452134 
583208 
583212 
452143 
583219 
452148 
583222 
452153 
583225 
583228 
452158 
583233 
583238 
452167 
583243 
452172 
583248 
452177 
452182 
583257 
583261 
452191 
583265 
452196 
583269 
452201 
583276 
452206 
583278 
583280 
583282 
583285 
452215 
583287 
583289 
583291 
452220 
583294 
452225 
583297 
583300 
452230 
583303 
583308 
583310 
452239 
583312 
583314 
452244 
583317 
583320 
452249 
583323 
452254 
583326 
583331 
583333 
452263 
583335 
583337 
452268 
583340 
583343 
452273 
583346 
583349 
452278 
583354 
583356 
583358 
452287 
583360 
583363 
452292 
583365 
583367 
452297 
583369 
583372 
583373 
452302 
583374 
583375 
583376 
583381 
452311 
583386 
452316 
583391 
452321 
452326 
583400 
583402 
583404 
583406 
452335 
583409 
452340 
583414 
452345 
583419 
452350 
583424 
452359 
583433 
452364 
583437 
452369 
583441 
583445 
452374 
583452 
452383 
583456 
452388 
583460 
583464 
452393 
452398 
583471 
583473 
583475 
583477 
452407 
583480 
583482 
452411 
583484 
583486 
452415 
583489 
452419 
583492 
583495 
452426 
583498 
583503 
583504 
583505 
583506 
583507 
452436 
583510 
583513 
583516 
452446 
583521 
583522 
452451 
583523 
583524 
583525 
583527 
452456 
583529 
583531 
452461 
583534 
583536 
583539 
452470 
583542 
583545 
583548 
452480 
583553 
452485 
583557 
583561 
452490 
583565 
452495 
583572 
583574 
452504 
583576 
583578 
452509 
583581 
583584 
452514 
583587 
583590 
452519 
583595 
583597 
583599 
452528 
583601 
583604 
452533 
583607 
452538 
583610 
583613 
452543 
583618 
583622 
452552 
583626 
452557 
583630 
452562 
583637 
452567 
583646 
452576 
583652 
452581 
583656 
452586 
583660 
452591 
583664 
583671 
452600 
583673 
583675 
452605 
583677 
583680 
452610 
583685 
452615 
583690 
583695 
452624 
583700 
452629 
583705 
452634 
452639 
583714 
583718 
452648 
583722 
452653 
583726 
452658 
583733 
452663 
583735 
583737 
583739 
583742 
452672 
583746 
452677 
583750 
452682 
583754 
452687 
583761 
583763 
583765 
583767 
452696 
583770 
583772 
452701 
583774 
583776 
452706 
583779 
583782 
452711 
583785 
583788 
452720 
583793 
583796 
452725 
583799 
452730 
583802 
452735 
583807 
583809 
583811 
583813 
452744 
583816 
583819 
452749 
583822 
583825 
452754 
583830 
452759 
583833 
583836 
583839 
452768 
583844 
452773 
583848 
452778 
583852 
452783 
583856 
583863 
452792 
583865 
583867 
452797 
583869 
583872 
452802 
583875 
583878 
452807 
583881 
583886 
452816 
583890 
452821 
583894 
452826 
583898 
452831 
583905 
583907 
583909 
583911 
452840 
583914 
452845 
583917 
583920 
452850 
583923 
452855 
583928 
583930 
583932 
583934 
452864 
583937 
583939 
452869 
583941 
583943 
452874 
583946 
583948 
583950 
452879 
583952 
583955 
583958 
452888 
583961 
583964 
452893 
583969 
452898 
583972 
452903 
583975 
583978 
583983 
452912 
583985 
583987 
452917 
583989 
583992 
452922 
583995 
583998 
452927 
584001 
584006 
452936 
584010 
452941 
584014 
452946 
584018 
452951 
584025 
584027 
584029 
584031 
452960 
584034 
452965 
584037 
584040 
452970 
584043 
452975 
584048 
584051 
584054 
452984 
584056 
584058 
452989 
584061 
584064 
452994 
584067 
452999 
584071 
584074 
584079 
453008 
584081 
584083 
453013 
584085 
584088 
453018 
584090 
584092 
584094 
453023 
584097 
584100 
584103 
453032 
584106 
453037 
584111 
453042 
584114 
584117 
453047 
584120 
584125 
584127 
453056 
584129 
584131 
453061 
584134 
584136 
453066 
584138 
584140 
453071 
584143 
584145 
584148 
584150 
453080 
584152 
584155 
453085 
584157 
584160 
453090 
584164 
453095 
584169 
584171 
584173 
584175 
453104 
584178 
584180 
453109 
584182 
584184 
453114 
584187 
584189 
453119 
584191 
584193 
584196 
584198 
453128 
584200 
584202 
453133 
584205 
584206 
584207 
584208 
584209 
453138 
584211 
584213 
453143 
584215 
584218 
584220 
584222 
453152 
584224 
584227 
453157 
584230 
584233 
453162 
584236 
453167 
584241 
584244 
584247 
453176 
584250 
453181 
584255 
453186 
584259 
453191 
584263 
584267 
453200 
584274 
453205 
584277 
584280 
453210 
584282 
584285 
584286 
453215 
584287 
584290 
584293 
453224 
584296 
584299 
453229 
584302 
453234 
584307 
453239 
584311 
584315 
584319 
453248 
453253 
584326 
453258 
584330 
584334 
453263 
584338 
453272 
584345 
453277 
584349 
584353 
453282 
584357 
453287 
584364 
584366 
453296 
584368 
584370 
453301 
584373 
584375 
584377 
453306 
584379 
584382 
453311 
584384 
584386 
584388 
584391 
453320 
584393 
584395 
453325 
584397 
584400 
453330 
584402 
584404 
584406 
453335 
584409 
584411 
584413 
584415 
453344 
584418 
453349 
584422 
453354 
584426 
584430 
453359 
584437 
453368 
584441 
453373 
584445 
584449 
453378 
453383 
584456 
584460 
453392 
584464 
584468 
453397 
453402 
584475 
453407 
584479 
584483 
584487 
453416 
453421 
584494 
453426 
584498 
584502 
453431 
584506 
453440 
584513 
453445 
584517 
584521 
453450 
584525 
453455 
584532 
453464 
584536 
584540 
453469 
584544 
453474 
453479 
584551 
584555 
584559 
453488 
584563 
453493 
453498 
584570 
584574 
453503 
584578 
584582 
453512 
453517 
584589 
584593 
453522 
584597 
453527 
584601 
453536 
584608 
584612 
453541 
584616 
453546 
453551 
584623 
584626 
584629 
453560 
584634 
584636 
453565 
584638 
584640 
453570 
584643 
584645 
453575 
584647 
584649 
584652 
584654 
453584 
584656 
584658 
453588 
584661 
453592 
584665 
453596 
584668 
584673 
453603 
584678 
453608 
584683 
453613 
584688 
453618 
584697 
453627 
584701 
453632 
584705 
453637 
584709 
453642 
584716 
584719 
584722 
453651 
584725 
453656 
584730 
453661 
584734 
453666 
584738 
584742 
453675 
584749 
453680 
584753 
453685 
584757 
584761 
453690 
584768 
453699 
584773 
453704 
584778 
453709 
584783 
453714 
584792 
453723 
584796 
453728 
584800 
584804 
453733 
453738 
584811 
584816 
453747 
584821 
453752 
584826 
453757 
453762 
584835 
584838 
584841 
453771 
584844 
453777 
584849 
584852 
453782 
584855 
584858 
453791 
584863 
584868 
584873 
584878 
453815 
584887 
584890 
584893 
584896 
453825 
584901 
453831 
584904 
584907 
453836 
584910 
584915 
453845 
584918 
584921 
453850 
584924 
453855 
584929 
453860 
584933 
584937 
453869 
584941 
453874 
584948 
453879 
584951 
584954 
453884 
584957 
584962 
453893 
584966 
453898 
584970 
584974 
453903 
453908 
584981 
584984 
584987 
453917 
584990 
453922 
584995 
584998 
453927 
585001 
453932 
585004 
585009 
585012 
453941 
585015 
453946 
585018 
453951 
585023 
585027 
453956 
585031 
585035 
453965 
453970 
585042 
585045 
453975 
585048 
585051 
453980 
585056 
585059 
453989 
585062 
585065 
453994 
585070 
453999 
585074 
454004 
585078 
585082 
454013 
585089 
454018 
585091 
585093 
454023 
585095 
585098 
454028 
585101 
585104 
585107 
454037 
585112 
454042 
585116 
454047 
585120 
454052 
585124 
585131 
454061 
585134 
585137 
454066 
585140 
454071 
585145 
454076 
585148 
585151 
585154 
454085 
585159 
454089 
585162 
454093 
585165 
585168 
454097 
585173 
454104 
585176 
585179 
454109 
585182 
454114 
585187 
585190 
454119 
585193 
585196 
454128 
454133 
585208 
454138 
585214 
454143 
585218 
454152 
585225 
454157 
585230 
454162 
585234 
454167 
454176 
585249 
454181 
585255 
454186 
585260 
454191 
585269 
454200 
585274 
454205 
585278 
454210 
585285 
454215 
585290 
454224 
585296 
585299 
454229 
585302 
585305 
454234 
585310 
454239 
585313 
585316 
585319 
454248 
585324 
454253 
585329 
454258 
585334 
454263 
585339 
454272 
585348 
454278 
585352 
454283 
585356 
585360 
454292 
585367 
585371 
585375 
454306 
585379 
585386 
454316 
585389 
585392 
454322 
585395 
454327 
585400 
585404 
454336 
585408 
585412 
454341 
454346 
585419 
454351 
585423 
585427 
585431 
454360 
454365 
585438 
585441 
454370 
585444 
454375 
585447 
585452 
585455 
454384 
585458 
454389 
585461 
454394 
585466 
585470 
454399 
585474 
585478 
454408 
454413 
585485 
585488 
454418 
585491 
585494 
454423 
585499 
585502 
454432 
585505 
585508 
454437 
585513 
454442 
585517 
454447 
585521 
585525 
454456 
585532 
454461 
585536 
454466 
585540 
454471 
585544 
585551 
454480 
585555 
454485 
585559 
454490 
585563 
454495 
585570 
585573 
454504 
585576 
585579 
454509 
585584 
454514 
585589 
454519 
585594 
585599 
454528 
454533 
585608 
454538 
585612 
454543 
585616 
585620 
454552 
585627 
454557 
585630 
585633 
454562 
585636 
454567 
585641 
585644 
585647 
454576 
585650 
454580 
585655 
454584 
585658 
454588 
585661 
585664 
454595 
585669 
454600 
585672 
585675 
454605 
585678 
454610 
585683 
585688 
454619 
585693 
454624 
585698 
454629 
454634 
585707 
585711 
454643 
585715 
585719 
454648 
454653 
585726 
454658 
585730 
585734 
585738 
454667 
454672 
585745 
585748 
454677 
585751 
454682 
585754 
585759 
454691 
585763 
585767 
454696 
585771 
454701 
454706 
585778 
585782 
585786 
454715 
585790 
454720 
454725 
585797 
454730 
585802 
585807 
454739 
585812 
454744 
454749 
585821 
585824 
454754 
585827 
585830 
454763 
585835 
585837 
585839 
454769 
585841 
585844 
454774 
585846 
585848 
585850 
585853 
454783 
585857 
454788 
585861 
585865 
454797 
585872 
585876 
454807 
585880 
585884 
454817 
585891 
585895 
454827 
585899 
585903 
454832 
585910 
454841 
585914 
585918 
454847 
585922 
454852 
585929 
585932 
454861 
585935 
454866 
585938 
454871 
585943 
454876 
585948 
585953 
454885 
585958 
454890 
454895 
585967 
585971 
454900 
585975 
585979 
454909 
454914 
585986 
585989 
454919 
585992 
585995 
454924 
586000 
586003 
454933 
586006 
586009 
454938 
586014 
454943 
586017 
454948 
586020 
586023 
586028 
454957 
586031 
454962 
586034 
586037 
454967 
586042 
454972 
586047 
586052 
454981 
586057 
454986 
454991 
586066 
454996 
586070 
586074 
455005 
586078 
455010 
586085 
455015 
586089 
455020 
586093 
586097 
455029 
586104 
455034 
586107 
586110 
455039 
586113 
455044 
586118 
586122 
455053 
586126 
455058 
586130 
455063 
586137 
455068 
586141 
586145 
455077 
586149 
455082 
586156 
455087 
586160 
455092 
586164 
586168 
455101 
586175 
455105 
586179 
455109 
586183 
455113 
586187 
455120 
586194 
455125 
586198 
455130 
586202 
586206 
455135 
586213 
455144 
586217 
455149 
586221 
586225 
455154 
455159 
586232 
586236 
455168 
586240 
586244 
455173 
455178 
586251 
586254 
455183 
586257 
586260 
455192 
586265 
455197 
586270 
455202 
586275 
455207 
586280 
455216 
586289 
455221 
586293 
586297 
455226 
586301 
455231 
586308 
586311 
455240 
586314 
455245 
586317 
455250 
586322 
586325 
455255 
586328 
586331 
455264 
586336 
586339 
455269 
586342 
586345 
455274 
586350 
455279 
586353 
586356 
586359 
455288 
586364 
455293 
586369 
455298 
586374 
455303 
586379 
455312 
586388 
455318 
586392 
455323 
586396 
586400 
455332 
586407 
455338 
586411 
455343 
586415 
586419 
455352 
586426 
586429 
455358 
586432 
455363 
586435 
586440 
455372 
586444 
586448 
455378 
586452 
455383 
586459 
586463 
455392 
586467 
455398 
586471 
455403 
586478 
586482 
455412 
586486 
455417 
586490 
455422 
586497 
455427 
586501 
586505 
455436 
586509 
455441 
586516 
455446 
586520 
455451 
586524 
586528 
455460 
586535 
455465 
586538 
586541 
455470 
586544 
455475 
586549 
586553 
455484 
586557 
455489 
586561 
455494 
586568 
455499 
586572 
586576 
455508 
586580 
455513 
586587 
455518 
586590 
586593 
455523 
586596 
586601 
455532 
586604 
586607 
455537 
586610 
455542 
586615 
586618 
455547 
586621 
586624 
455556 
586629 
586632 
455561 
586635 
455566 
586638 
455571 
586643 
586646 
586649 
455580 
586652 
455585 
586657 
586660 
455590 
586663 
586666 
455595 
586671 
455604 
586676 
455609 
586681 
455614 
586686 
455619 
586695 
586699 
455628 
586703 
455633 
586707 
455638 
586714 
455643 
586718 
586723 
455652 
586728 
455657 
586733 
455662 
586738 
455667 
586747 
455676 
586751 
455681 
586755 
455686 
586759 
455691 
586766 
586769 
455700 
586772 
586775 
455705 
586780 
455710 
586783 
586786 
455715 
586789 
586794 
455724 
586796 
586798 
586800 
455729 
586803 
455734 
586806 
586809 
455739 
586812 
586817 
455748 
586822 
455753 
586827 
455758 
586832 
455763 
586841 
455772 
586845 
455777 
586849 
586853 
455782 
455787 
586860 
586863 
586866 
455796 
586869 
455801 
586874 
586877 
455806 
586880 
455811 
586883 
586888 
586891 
455820 
586894 
455825 
586897 
455830 
586902 
455835 
586907 
586912 
455844 
586917 
455849 
455854 
586926 
586930 
455859 
586934 
586938 
455868 
455873 
586945 
586948 
455878 
586951 
586954 
455883 
586959 
586962 
455892 
586965 
586968 
455897 
586973 
455902 
586975 
586977 
455907 
586979 
586982 
586985 
455916 
586988 
586991 
455921 
586996 
455926 
587001 
455931 
587005 
455940 
587012 
455945 
587018 
455950 
455955 
587027 
587031 
455964 
587036 
587040 
455969 
587044 
455974 
587048 
455979 
587055 
587059 
455988 
587063 
455993 
587067 
455998 
587074 
456003 
587077 
587080 
587083 
456012 
587088 
456017 
587090 
587092 
456022 
587094 
587097 
456027 
587102 
587107 
456036 
587112 
456041 
456046 
587121 
456051 
587123 
587125 
587127 
587130 
456060 
587134 
456065 
587138 
456070 
587142 
456075 
587149 
587152 
587155 
456084 
587158 
456089 
587163 
456094 
587167 
456099 
587171 
587175 
456108 
587182 
456113 
587186 
456118 
587190 
587194 
456123 
587201 
456132 
587205 
456137 
587209 
587213 
456142 
456147 
587220 
587224 
456156 
587228 
587232 
456161 
456166 
587239 
456171 
587243 
587247 
587251 
456180 
456185 
587258 
587261 
456190 
587264 
456195 
587267 
587272 
456204 
587276 
587280 
456209 
587284 
456214 
456219 
587291 
587294 
587297 
456228 
587300 
456233 
587305 
587308 
456238 
587311 
587314 
456243 
587319 
587322 
456252 
587325 
587328 
456257 
587333 
456262 
587337 
456267 
587341 
587345 
456276 
587352 
456281 
587355 
456286 
587358 
587361 
456291 
587366 
587368 
587370 
456300 
587372 
587375 
456305 
587379 
456310 
587383 
456315 
587387 
587394 
456324 
587396 
587398 
587400 
456329 
587403 
456334 
587406 
587409 
456339 
587412 
587417 
456348 
587422 
456353 
587427 
456358 
587432 
456363 
587441 
456372 
587444 
587447 
456377 
587450 
456382 
587455 
456387 
587459 
587463 
587467 
456396 
456401 
587474 
456406 
587478 
587482 
456411 
587486 
456420 
587493 
456425 
587497 
587501 
456430 
587505 
456435 
587512 
587514 
456444 
587516 
587518 
456449 
587521 
587525 
456454 
587529 
456459 
587533 
456468 
587540 
587544 
456473 
587548 
456478 
587552 
456483 
587559 
587563 
456492 
587567 
456497 
587571 
456502 
587578 
456507 
587581 
587584 
587587 
456516 
587592 
456521 
587595 
456526 
587598 
587601 
456531 
587606 
587609 
456540 
587612 
587615 
456545 
587620 
456550 
587625 
456555 
587630 
587635 
456564 
456569 
587644 
456574 
587648 
456579 
587652 
587656 
456588 
587663 
456593 
587667 
456598 
587671 
456603 
587675 
587682 
456612 
587686 
456617 
587690 
456622 
587694 
456627 
587701 
587703 
587705 
587707 
456636 
587710 
456641 
587716 
456646 
587722 
456651 
587728 
456660 
456665 
587739 
456670 
587743 
456675 
587747 
587751 
456684 
587758 
587760 
456689 
587762 
587764 
456694 
587767 
587770 
456699 
587773 
587776 
456708 
587781 
587783 
456713 
587785 
587787 
456718 
587790 
587793 
456723 
587796 
587799 
456732 
587804 
587807 
456737 
587810 
587813 
456742 
587818 
456747 
587822 
587826 
456756 
587830 
456761 
587837 
456766 
587840 
456771 
587843 
587846 
587851 
456780 
587854 
456785 
587857 
587860 
456790 
587865 
456795 
587869 
587873 
456804 
587877 
456809 
587884 
456814 
587887 
587890 
456819 
587893 
587898 
456828 
587901 
587904 
456833 
587907 
456838 
587912 
456843 
587916 
587920 
456852 
587924 
456857 
587931 
456862 
587934 
587937 
456867 
587940 
587945 
456876 
587948 
587951 
456881 
587954 
456886 
587959 
456891 
587963 
587967 
587971 
456900 
456905 
587978 
587981 
456910 
587984 
456915 
587987 
587992 
587995 
456924 
587998 
456929 
588001 
456934 
588006 
588010 
456939 
588014 
588018 
456948 
456953 
588025 
588028 
456958 
588031 
588034 
456963 
588039 
588042 
456972 
588045 
588048 
456977 
588053 
456982 
588056 
456987 
588059 
588062 
588067 
456996 
588070 
457001 
588073 
588076 
457006 
588081 
457011 
588084 
588087 
588090 
457020 
588095 
457025 
588099 
457030 
588103 
457035 
588107 
588114 
457044 
588118 
457049 
588122 
457054 
588126 
457059 
588133 
457068 
588140 
457073 
588145 
457078 
588154 
457083 
588162 
457092 
457097 
588169 
457102 
588175 
457107 
588186 
457116 
588191 
457121 
588195 
457126 
588202 
457131 
588210 
457140 
588215 
457145 
457150 
588224 
457155 
588233 
457164 
588237 
457169 
588241 
588245 
457174 
457179 
588252 
588257 
457188 
588262 
457193 
588267 
457198 
457203 
588276 
588280 
457212 
588284 
588288 
457217 
457222 
588295 
457227 
588301 
588307 
457236 
457241 
588313 
457246 
457251 
588324 
588328 
457260 
588332 
588336 
457265 
457270 
588343 
457275 
588348 
588353 
457284 
588358 
457289 
457294 
588367 
457299 
588371 
588375 
588379 
457308 
457313 
588386 
457318 
588390 
588394 
457323 
588398 
457332 
588405 
457337 
588410 
457342 
588415 
457347 
588420 
457356 
588429 
457361 
588433 
588437 
457366 
588441 
457371 
588448 
457380 
588454 
457385 
588460 
457390 
588466 
457395 
457404 
588477 
457409 
588481 
588485 
457414 
588489 
457419 
588496 
457428 
588501 
457433 
588506 
457438 
588511 
457443 
588520 
457452 
588524 
588528 
457457 
588532 
457462 
457467 
588539 
588543 
588547 
457476 
588551 
457481 
457486 
588558 
457491 
588563 
588568 
457500 
588573 
457505 
457510 
588582 
588586 
457515 
588590 
588594 
457524 
457529 
588601 
457534 
588607 
457539 
588613 
588619 
457548 
457553 
457558 
588630 
588634 
457563 
588638 
588642 
457572 
457577 
588649 
457582 
588654 
457587 
588659 
588664 
457596 
457601 
588673 
588677 
457606 
588681 
457611 
588685 
457620 
588692 
588696 
457625 
588700 
457630 
588704 
457635 
588711 
457644 
588716 
457649 
588721 
457654 
588726 
457659 
588735 
588739 
457668 
588743 
457673 
588747 
457678 
588754 
457683 
588760 
457692 
588766 
457697 
588772 
457702 
457707 
588783 
588787 
457716 
588791 
457721 
588795 
457726 
588802 
457731 
588807 
457740 
588812 
457745 
588817 
457750 
588826 
457755 
588830 
588834 
457764 
588838 
457769 
588845 
457774 
588848 
457779 
588851 
588854 
588859 
457788 
588862 
457793 
588865 
588868 
457798 
588873 
457803 
588877 
588881 
457812 
588885 
457817 
588892 
457822 
588896 
457827 
588900 
588904 
457836 
588911 
457841 
588913 
588915 
588917 
457846 
588920 
457851 
588924 
588928 
457860 
588932 
457865 
588939 
457870 
588942 
588945 
457875 
588948 
588953 
457884 
588956 
588959 
457889 
588962 
457894 
588967 
588970 
457899 
588973 
588976 
457908 
588981 
457913 
588985 
588989 
457918 
588993 
457923 
589000 
457932 
589004 
589008 
457937 
589012 
457942 
457947 
589019 
589022 
589025 
457956 
589028 
457961 
589033 
589035 
589037 
457966 
589039 
589042 
457971 
589046 
589050 
457980 
589054 
457985 
589061 
457990 
589065 
457995 
589069 
589073 
458004 
589080 
458009 
589083 
458014 
589086 
589089 
458019 
589094 
589097 
458028 
589100 
589103 
458033 
589108 
458038 
589111 
589114 
458043 
589117 
589122 
458052 
589126 
458057 
589130 
458062 
589134 
458067 
589141 
589145 
458076 
589149 
458081 
589153 
458086 
589160 
589162 
458091 
589164 
589166 
589169 
458100 
589172 
589175 
458105 
589178 
458110 
589183 
458115 
589187 
589191 
589195 
458124 
458129 
589202 
458134 
589206 
589210 
458139 
589214 
458148 
589221 
589224 
458153 
589227 
458158 
589230 
458163 
589235 
589238 
589241 
458172 
589244 
458177 
589249 
589252 
458182 
589255 
589258 
458187 
589263 
589266 
458196 
589269 
589272 
458201 
589277 
458206 
589280 
458211 
589283 
589286 
589291 
458220 
589294 
458225 
589297 
589300 
458230 
589305 
458235 
589309 
589313 
458244 
589317 
458249 
589324 
458254 
589328 
458259 
589332 
589336 
458268 
589343 
458273 
589347 
458278 
589351 
458283 
589355 
589362 
458292 
589365 
589368 
458297 
589371 
458302 
589376 
458307 
589379 
589382 
589385 
458316 
589390 
458321 
458326 
589398 
458331 
589404 
589409 
458340 
458345 
589418 
458350 
589424 
458355 
589430 
589435 
458364 
458369 
589444 
458374 
589449 
458379 
589456 
458388 
589461 
458393 
589466 
458398 
458403 
589475 
458412 
589484 
458417 
589491 
458422 
589494 
589497 
458427 
589500 
589505 
458436 
589509 
458441 
589513 
589517 
458446 
458451 
589524 
589527 
589530 
458460 
589533 
458465 
589538 
458470 
589543 
458475 
589548 
589553 
458484 
458489 
589562 
589565 
458494 
589568 
458499 
589571 
589576 
458508 
589580 
589584 
458513 
589588 
458518 
458523 
589595 
589598 
589601 
458532 
589604 
458537 
589609 
589612 
458542 
589615 
589618 
458547 
589623 
589627 
458556 
589631 
458561 
589635 
458566 
589642 
458571 
589645 
589648 
589651 
458580 
589656 
458585 
589661 
458590 
589666 
458595 
589671 
458604 
589680 
458609 
589683 
458614 
589686 
589689 
458619 
589694 
589698 
458628 
589702 
458633 
589706 
458638 
589713 
458643 
589716 
589719 
589722 
458652 
589727 
458657 
589730 
589733 
458662 
589736 
458667 
589741 
589745 
458676 
589749 
458681 
589753 
458686 
589760 
458691 
589763 
589766 
589769 
458700 
589774 
458705 
589779 
458710 
589784 
458715 
589789 
458724 
589798 
458729 
589801 
589804 
458734 
589807 
458739 
589812 
589816 
458748 
589820 
589824 
458753 
458758 
589831 
589834 
458763 
589837 
589840 
458772 
589845 
589848 
458777 
589851 
458782 
589854 
458787 
589859 
589863 
589867 
458796 
589871 
458801 
458806 
589878 
589881 
458811 
589884 
589887 
458820 
589892 
458825 
589897 
458830 
589902 
458835 
589907 
458844 
589916 
589919 
458849 
589922 
589925 
458854 
589930 
458859 
589934 
589938 
458868 
589942 
458873 
589949 
458878 
589952 
458883 
589955 
589958 
589963 
458892 
589966 
458897 
589969 
589972 
458902 
589977 
458907 
589981 
589985 
458916 
589989 
458921 
589996 
458926 
590000 
458931 
590004 
590008 
458940 
590015 
458945 
590021 
458950 
458955 
590027 
590033 
458964 
458969 
590044 
458974 
590047 
590050 
458979 
590053 
590058 
458988 
590062 
458993 
590066 
458998 
590070 
459003 
590077 
590081 
459012 
590085 
459017 
590089 
459022 
590096 
459027 
590100 
590103 
459036 
590108 
590112 
459041 
590117 
459046 
590121 
459051 
590124 
590129 
459060 
590132 
590135 
459065 
590138 
459070 
590143 
459075 
590147 
590151 
590155 
459084 
459089 
590162 
590165 
459094 
590168 
459099 
590171 
590176 
590179 
459108 
590182 
459113 
590185 
459118 
590190 
590193 
459123 
590196 
590199 
459132 
590204 
590207 
459137 
590210 
590213 
459142 
590218 
459147 
590221 
590224 
590227 
459156 
590232 
459161 
590236 
459166 
590240 
459171 
590244 
590251 
459180 
590254 
459185 
590257 
590260 
459190 
590265 
459195 
590268 
590271 
590274 
459204 
590279 
459209 
590282 
590285 
459214 
590288 
459219 
590293 
590296 
590299 
459228 
590302 
459233 
590307 
459238 
590310 
590313 
459243 
590316 
590321 
459252 
590325 
459257 
590329 
590333 
459262 
459267 
590340 
590343 
590346 
459276 
590349 
459281 
590354 
459286 
590359 
459291 
590364 
590369 
459300 
459305 
590378 
459310 
590382 
590386 
459315 
590390 
459324 
590397 
590400 
459329 
590403 
459334 
590406 
459339 
590411 
590414 
590417 
459348 
590420 
459353 
590425 
590428 
459358 
590431 
590434 
459363 
459372 
459377 
459382 
590455 
459387 
590462 
459396 
590470 
459401 
590474 
459406 
590478 
459411 
590483 
590487 
459420 
590492 
459425 
590497 
590501 
459430 
590504 
459435 
590509 
459444 
590516 
590520 
459449 
590525 
459454 
590530 
459459 
590534 
459468 
590541 
459473 
590546 
459478 
590551 
459483 
590555 
590558 
590563 
459492 
590565 
590567 
459497 
590570 
459502 
590575 
459507 
590580 
590585 
459516 
459521 
590594 
590597 
459526 
590600 
459531 
590603 
590608 
459540 
590612 
590616 
459545 
590620 
459550 
459555 
590627 
590630 
590633 
459564 
590636 
459569 
590641 
590643 
590645 
459574 
590647 
590650 
459579 
590652 
590654 
590656 
590659 
459588 
590662 
459593 
590665 
590668 
459598 
590673 
459603 
590677 
590681 
459612 
590685 
459617 
590692 
459622 
590695 
590698 
459627 
590701 
590706 
590707 
459636 
590708 
590709 
590710 
459641 
590713 
590716 
459646 
590719 
459651 
590724 
590727 
590730 
459660 
590733 
459665 
590738 
590741 
459670 
590744 
459675 
590747 
590752 
590755 
459684 
590758 
459689 
590761 
459694 
590766 
590770 
459699 
590774 
590778 
459708 
459713 
590785 
590788 
459718 
590791 
590794 
459723 
590799 
590803 
459732 
590807 
459737 
590811 
459742 
590818 
459747 
590820 
590822 
590824 
590827 
459756 
590830 
459761 
590833 
590836 
459766 
590841 
459771 
590844 
590847 
590850 
459780 
590855 
459785 
590859 
459790 
590863 
459795 
590867 
590874 
459804 
590878 
459809 
590882 
459814 
590886 
459819 
590893 
590895 
590897 
590899 
459828 
590902 
459833 
590905 
590908 
459838 
590911 
459843 
590916 
590918 
590920 
590922 
459852 
590925 
590928 
459857 
590931 
459862 
590934 
459867 
590939 
590942 
590945 
459876 
590948 
459881 
590953 
590956 
459886 
590959 
590962 
459891 
590967 
590968 
590969 
590970 
590971 
459900 
590975 
459905 
590979 
459910 
590983 
459915 
590990 
590993 
459924 
590996 
590999 
459929 
591004 
459934 
591008 
459939 
591012 
591016 
459948 
591023 
459953 
591027 
459958 
591031 
459963 
591035 
591042 
459972 
591047 
459977 
591052 
459982 
591057 
459987 
591066 
459996 
591069 
591072 
460001 
591075 
460006 
591080 
591082 
460011 
591084 
591086 
591089 
460020 
591094 
460025 
591099 
460030 
591104 
460035 
591113 
591115 
460044 
591117 
591119 
460049 
591122 
591123 
591124 
591125 
460054 
591126 
591128 
591130 
460059 
591132 
591135 
591138 
460068 
591141 
591144 
460073 
591149 
460078 
591151 
591153 
460083 
591155 
591158 
591161 
460092 
591164 
591167 
460097 
591172 
460102 
591176 
460107 
591180 
591184 
460116 
591191 
460121 
591193 
591195 
591197 
460126 
591200 
460131 
591205 
591210 
460140 
591215 
460145 
460150 
591224 
460155 
591228 
591232 
460164 
591236 
460169 
591243 
591245 
460174 
591247 
591249 
460179 
591252 
591255 
591258 
460188 
591261 
460193 
591266 
591269 
460198 
591272 
460203 
591275 
591280 
591282 
460212 
591284 
591286 
460217 
591289 
591291 
591293 
460222 
591295 
591298 
460227 
591300 
591302 
591304 
591307 
460236 
591310 
460241 
591313 
591316 
460246 
591321 
460251 
591324 
591327 
591330 
460260 
591335 
460265 
591338 
591341 
460270 
591344 
460275 
591349 
591352 
591355 
460284 
591358 
460289 
591363 
591365 
460294 
591367 
591369 
460299 
591372 
591374 
591376 
591378 
460308 
591381 
591384 
460313 
591387 
460318 
591390 
460323 
591395 
591397 
591399 
591401 
460332 
591404 
591406 
591408 
460337 
591410 
591413 
460342 
591416 
460347 
591419 
591422 
591427 
460356 
591430 
460361 
591433 
591436 
460366 
591441 
460371 
591443 
591445 
591447 
591450 
460380 
591452 
591454 
591456 
460385 
591459 
460390 
591463 
460395 
591467 
591471 
460404 
591478 
460409 
591481 
591484 
460414 
591487 
460419 
591492 
591497 
460428 
591502 
460433 
591507 
460438 
460443 
591516 
591521 
460452 
591526 
460457 
591531 
460462 
460467 
591543 
460476 
591548 
460481 
591557 
460486 
460491 
591564 
591568 
460500 
591575 
460505 
591580 
460510 
591585 
460515 
591592 
460524 
591597 
460529 
591602 
460534 
591607 
460539 
591616 
591619 
460548 
591622 
460553 
591625 
460558 
591630 
460563 
591635 
591640 
460572 
591645 
460577 
460582 
591654 
460587 
591659 
591664 
460596 
591669 
460601 
460606 
460611 
591687 
460620 
591692 
591695 
460625 
591700 
460630 
460635 
591707 
460644 
591717 
591720 
460649 
591723 
460654 
591729 
460659 
591737 
460668 
591741 
591744 
460673 
591749 
460678 
591751 
591754 
460683 
591756 
591759 
591762 
460692 
591765 
591768 
460697 
591773 
460702 
591776 
460707 
591779 
591782 
591787 
460716 
591790 
460721 
591793 
591796 
460726 
591801 
460731 
591803 
591805 
591807 
591810 
460740 
591812 
591814 
591816 
460745 
591819 
591821 
460750 
591823 
591825 
460755 
591828 
591835 
460764 
591839 
460769 
591844 
460774 
591849 
460779 
591853 
460788 
591860 
591864 
460793 
591867 
460798 
591872 
591874 
460803 
591876 
591878 
591881 
591882 
591883 
460812 
591884 
591887 
460817 
591890 
591893 
460822 
591898 
460827 
591900 
591902 
591904 
591907 
460836 
591911 
460841 
591915 
460846 
591919 
460851 
591926 
591927 
591928 
591929 
591930 
460860 
591932 
591934 
591936 
460865 
591939 
591940 
591941 
460870 
591942 
591943 
591945 
460875 
591947 
591949 
591952 
591955 
460884 
591958 
460889 
591961 
460894 
591966 
591969 
460899 
591972 
591975 
460908 
591980 
591981 
591982 
591983 
591984 
460913 
591986 
591988 
460918 
591990 
591993 
460923 
591996 
591999 
592002 
460932 
592007 
460937 
592009 
592011 
592013 
460942 
592016 
460947 
592020 
592024 
460956 
592028 
460961 
592035 
460966 
592038 
592041 
460971 
592044 
592049 
460980 
592053 
460985 
592057 
592061 
460990 
460995 
592068 
592071 
592074 
461004 
592077 
461009 
592082 
592085 
461014 
592088 
461019 
592091 
592096 
592097 
592098 
592099 
461028 
592100 
592102 
592104 
461033 
592106 
592109 
461038 
592112 
461043 
592115 
592118 
592123 
461052 
592126 
461057 
592129 
592132 
461062 
592137 
461067 
592139 
592141 
592143 
592146 
461076 
592149 
592152 
461081 
592155 
461086 
592160 
592162 
461091 
592164 
592166 
592169 
592171 
461100 
592173 
592175 
461105 
592178 
592181 
461110 
592184 
461115 
592187 
592192 
592195 
461124 
592198 
461129 
592201 
461134 
592206 
592209 
461139 
592212 
592215 
461148 
592220 
592222 
592224 
461153 
592226 
592229 
461158 
592231 
592233 
461163 
592235 
592238 
592240 
592242 
461172 
592244 
592247 
461177 
592250 
592253 
461182 
592256 
461187 
592261 
592265 
461196 
592269 
461201 
592273 
461206 
592280 
461211 
592284 
592288 
461220 
592292 
461225 
592299 
461230 
592302 
592305 
461235 
592308 
592313 
592315 
461244 
592317 
592319 
461249 
592322 
461254 
592326 
592330 
461259 
592334 
461268 
592341 
592344 
461273 
592347 
461278 
592350 
461283 
592355 
592357 
592359 
592361 
461292 
592364 
592367 
461297 
592370 
592373 
461302 
592378 
461307 
592380 
592382 
592384 
592387 
461316 
592390 
461321 
592393 
592396 
461326 
592401 
461331 
592405 
592409 
461340 
592413 
461345 
592420 
592421 
461350 
592422 
592423 
592424 
592425 
592426 
461355 
592427 
592428 
592430 
592432 
592434 
461364 
592437 
592438 
592439 
592440 
461369 
592441 
592445 
461374 
592449 
461379 
592453 
461388 
592460 
592462 
592464 
461393 
592466 
592469 
461398 
592471 
592473 
461403 
592475 
592478 
592482 
461412 
592486 
461417 
592490 
461422 
592497 
461427 
592500 
592503 
592506 
461436 
592511 
592512 
461441 
592513 
592514 
592515 
592516 
592517 
461446 
592518 
592519 
592520 
592521 
592522 
461451 
592523 
592526 
592529 
461460 
592532 
461465 
592537 
592540 
461470 
592543 
592546 
461475 
592551 
592553 
592555 
461484 
592557 
592560 
461489 
592563 
461494 
592566 
592569 
461499 
592574 
592576 
592578 
461508 
592580 
592583 
461513 
592585 
592587 
592589 
461518 
592592 
461523 
592595 
592598 
592601 
461532 
592606 
461537 
592609 
592612 
461542 
592615 
461547 
592620 
592623 
592626 
461556 
592629 
461561 
592634 
592636 
461566 
592638 
592640 
461571 
592643 
592645 
592647 
592649 
461580 
592652 
592654 
592656 
461585 
592658 
592661 
461590 
592664 
461595 
592667 
592670 
592675 
461604 
592678 
461609 
592681 
592684 
461614 
592689 
461619 
592692 
592695 
592698 
461628 
592703 
461633 
592705 
592707 
592709 
461638 
592712 
461643 
592715 
592718 
592721 
461652 
592726 
461657 
592729 
592732 
461662 
592735 
461667 
592740 
592742 
592744 
592746 
461676 
592749 
461681 
592753 
592757 
461686 
592761 
461691 
592768 
592771 
461700 
592774 
461705 
592777 
461710 
592782 
592783 
592784 
592785 
592786 
461715 
592788 
592790 
592792 
592795 
461724 
592798 
461729 
592801 
592804 
461734 
592809 
461739 
592812 
592815 
592818 
461748 
592823 
461753 
592825 
592827 
592829 
461758 
592832 
461763 
592835 
592838 
592841 
461772 
592846 
592848 
461777 
592850 
592852 
461782 
592855 
592857 
461787 
592859 
592861 
592864 
592867 
461796 
592870 
461801 
592873 
461806 
592878 
592881 
461811 
592884 
592887 
461820 
592892 
592895 
461825 
592898 
592901 
461830 
592906 
461835 
592908 
592910 
592912 
592915 
461844 
592917 
592919 
461849 
592921 
592924 
461854 
592926 
592928 
592930 
461859 
592933 
592936 
592939 
461868 
592942 
461873 
592947 
461878 
592950 
592953 
461883 
592956 
592961 
592963 
461892 
592965 
592967 
461897 
592970 
592973 
461902 
592976 
461907 
592979 
592984 
592986 
461916 
592988 
592990 
461921 
592993 
592995 
592997 
461926 
592999 
593002 
461931 
593005 
593008 
593011 
461940 
593016 
461945 
593019 
461950 
593022 
593025 
461955 
593030 
593032 
593034 
461964 
593036 
593039 
461969 
593041 
593043 
593045 
461974 
593048 
593050 
461979 
593052 
593054 
593057 
593059 
461988 
593061 
593063 
461993 
593066 
593069 
461998 
593072 
462003 
593075 
593080 
593082 
462012 
593084 
593086 
462017 
593089 
593090 
593091 
593092 
593093 
462022 
593095 
593097 
462027 
593099 
593102 
593106 
462036 
593110 
462041 
593114 
462046 
593121 
462051 
593123 
593125 
593127 
593130 
462060 
593133 
593135 
462065 
593138 
593139 
593140 
593141 
462070 
593142 
593144 
593146 
462075 
593148 
593151 
593154 
462084 
593157 
593160 
462089 
593165 
462094 
593167 
593169 
462099 
593171 
593174 
593176 
593178 
462108 
593180 
593183 
593184 
462113 
593185 
593186 
593187 
462118 
593191 
593194 
462123 
593199 
593202 
462132 
593205 
593208 
462137 
593213 
462142 
593217 
462147 
593221 
593225 
462156 
593232 
462161 
593234 
593236 
462166 
593238 
593241 
462171 
593244 
593247 
593250 
462180 
593255 
462185 
593258 
593261 
462190 
593264 
462195 
593269 
593272 
593275 
462204 
593278 
462209 
593283 
593285 
462214 
593287 
593289 
462219 
593292 
593293 
593294 
593295 
593296 
593297 
593298 
593299 
462228 
593300 
593302 
593304 
462233 
593306 
593309 
462238 
593313 
462243 
593317 
593321 
462252 
593328 
462257 
593330 
593332 
462262 
593334 
593337 
462267 
593339 
593341 
593343 
593346 
593347 
462276 
593348 
593349 
593350 
593352 
462281 
593354 
593356 
462286 
593359 
593362 
462291 
593365 
593368 
462300 
593373 
593375 
462305 
593377 
593379 
462310 
593382 
593384 
593386 
462315 
593388 
593391 
593392 
593393 
593394 
593395 
462324 
593398 
462329 
593401 
593404 
462334 
593409 
462339 
593412 
593415 
593418 
462348 
593423 
462353 
593427 
462358 
593431 
462363 
593435 
593442 
462372 
593444 
593446 
593448 
462377 
593451 
462382 
593454 
593457 
462387 
593460 
593465 
462396 
593468 
593471 
462401 
593474 
462406 
593479 
593481 
462411 
593483 
593485 
593488 
593490 
462420 
593492 
593494 
462425 
593497 
593498 
593499 
593500 
593501 
462430 
593502 
593503 
593504 
593505 
462435 
593507 
593509 
593511 
593514 
462444 
593518 
462449 
593522 
462454 
593526 
462459 
593533 
593535 
593537 
593539 
462468 
593542 
593544 
462473 
593546 
593548 
462478 
593551 
593552 
593553 
593554 
462483 
593555 
593557 
593559 
593561 
462492 
593564 
593567 
462497 
593570 
593573 
462502 
593578 
462507 
593580 
593582 
593584 
593587 
462516 
593589 
593591 
462521 
593593 
593596 
593597 
462526 
593598 
593599 
593600 
593602 
462531 
593604 
593606 
593609 
462540 
593612 
593615 
462545 
593618 
462550 
593623 
462555 
593627 
593631 
593635 
462564 
462569 
593642 
593644 
462574 
593646 
593648 
462579 
593651 
593654 
593657 
462588 
593660 
593665 
462594 
593668 
593671 
593674 
462603 
593679 
593681 
462610 
593683 
593685 
593688 
593690 
462619 
593692 
593694 
462624 
593697 
593698 
593699 
593700 
462629 
593701 
593702 
593703 
593704 
593705 
462634 
593707 
593709 
593711 
593714 
462643 
593719 
462648 
593723 
462653 
462658 
593730 
593732 
593734 
593736 
462667 
593739 
593741 
593743 
462672 
593745 
593748 
462677 
593749 
593750 
593751 
593752 
462682 
593755 
593757 
593760 
593761 
462691 
593764 
593765 
593767 
462696 
593769 
593771 
462701 
593774 
593777 
462706 
593780 
593783 
462715 
593788 
462720 
593793 
462725 
593797 
462730 
593804 
593806 
593808 
593810 
462739 
462744 
593817 
593819 
462749 
593822 
593825 
462754 
593827 
593829 
593832 
593834 
462763 
593836 
593839 
462768 
593841 
593843 
462773 
593845 
593848 
462778 
593850 
593852 
593855 
462787 
593859 
593863 
462792 
593867 
462797 
462802 
593874 
593877 
593879 
593882 
462811 
593884 
593886 
462816 
593888 
593891 
462821 
593893 
593895 
593897 
462826 
593900 
593903 
593906 
462835 
593909 
462840 
593914 
593916 
462845 
593918 
593920 
462850 
593923 
593926 
593929 
462859 
593932 
462864 
593937 
593939 
462869 
593941 
593943 
462874 
593946 
593950 
593954 
462883 
593958 
462888 
462893 
593965 
593967 
593969 
462898 
593971 
593974 
593978 
462907 
593982 
462912 
593986 
462917 
593993 
462922 
593995 
593997 
593999 
594002 
462931 
594005 
462936 
594008 
594011 
462941 
594016 
462946 
594018 
594020 
594022 
594025 
462955 
594028 
594031 
462960 
594034 
462965 
594039 
594040 
594041 
462970 
594042 
594043 
594046 
594049 
462979 
594052 
462984 
594057 
594059 
462989 
594061 
594063 
462994 
594066 
594069 
594072 
463003 
594075 
463008 
594080 
594082 
594084 
463013 
594086 
594089 
463018 
594090 
594091 
594092 
594093 
594095 
594097 
463027 
594099 
594102 
463032 
594105 
594108 
463037 
594111 
463042 
594116 
594119 
594122 
463051 
594125 
463056 
594130 
594132 
463061 
594134 
594136 
463066 
594139 
594141 
594143 
594145 
463075 
594148 
594151 
463080 
594154 
463085 
594157 
463090 
594162 
594164 
594166 
594168 
463099 
594171 
594174 
463104 
594177 
594180 
463109 
594185 
463114 
594187 
594189 
594191 
594194 
463123 
594198 
463128 
594202 
463133 
594206 
463138 
594213 
594215 
594217 
594219 
594222 
594224 
463153 
594226 
594228 
463159 
594231 
594234 
594237 
463168 
594240 
463173 
594245 
594246 
594247 
594248 
594249 
463178 
594252 
463183 
594255 
594258 
594263 
463192 
594266 
463197 
594269 
594272 
463202 
594277 
463207 
594279 
594281 
594283 
594286 
463216 
594288 
594290 
594292 
463221 
594295 
594297 
463226 
594299 
594301 
463231 
594304 
594305 
594306 
594307 
594308 
594310 
463240 
594312 
594314 
463245 
594317 
594318 
594319 
594320 
594321 
463250 
594323 
594325 
463255 
594327 
594330 
594334 
463264 
594338 
463269 
594342 
463274 
594349 
463279 
594351 
594353 
594355 
594358 
463288 
594361 
594364 
463293 
594367 
463298 
594372 
463303 
594375 
594378 
594381 
463312 
594386 
594388 
463317 
594390 
594392 
463322 
594395 
594398 
463327 
594401 
594404 
463336 
594409 
594412 
463341 
594415 
463346 
594418 
463351 
594423 
594426 
594429 
463360 
594432 
463365 
594437 
594438 
594439 
594440 
594441 
463370 
594443 
594445 
463375 
594447 
594450 
594453 
463384 
594456 
594459 
463389 
594464 
463394 
594466 
594468 
594470 
463399 
594473 
594477 
463408 
594481 
463413 
594485 
463418 
594492 
594494 
463423 
594496 
594498 
594501 
594503 
463432 
594505 
594507 
463437 
594510 
594512 
463442 
594514 
594516 
463447 
594519 
594522 
594525 
463456 
594528 
463461 
594533 
594534 
594535 
594536 
594537 
463466 
594540 
463471 
594543 
594546 
594551 
463480 
594554 
463485 
594557 
594560 
463490 
594565 
463495 
594568 
594571 
594574 
463504 
594579 
463509 
594582 
594585 
463514 
594588 
463519 
594593 
594594 
594595 
594596 
594597 
594599 
463528 
594601 
594603 
463533 
594606 
594607 
594608 
594609 
463538 
594610 
594612 
594614 
463543 
594616 
594619 
594623 
463552 
594627 
463557 
594631 
463562 
594638 
463567 
594640 
594642 
594644 
594647 
463576 
594649 
594651 
463581 
594653 
594656 
463586 
594658 
594660 
594662 
463591 
594665 
594669 
463600 
594673 
463605 
594677 
463610 
594684 
594686 
463615 
594688 
594690 
594693 
463624 
594696 
594699 
463629 
594702 
463634 
594707 
594708 
594709 
594710 
463639 
594711 
594714 
594717 
463648 
594720 
463653 
594725 
594726 
594727 
594728 
594729 
463658 
594732 
463663 
594735 
594738 
594743 
463672 
594746 
463677 
594749 
594752 
463682 
594757 
463687 
594761 
594765 
594769 
463702 
594776 
594778 
463708 
594780 
594782 
594785 
594787 
463717 
594789 
594791 
463722 
594794 
594795 
594796 
594797 
594798 
463727 
594800 
594802 
463732 
594804 
594807 
594810 
463741 
594813 
594816 
463746 
594821 
463751 
594824 
594827 
463756 
594830 
594835 
463765 
594837 
594839 
594841 
463770 
594844 
594846 
463775 
594848 
594850 
463780 
594853 
594855 
594857 
594859 
463789 
594862 
594863 
594864 
594865 
463794 
594866 
594868 
594870 
463799 
594872 
594875 
463804 
594876 
594877 
594878 
594879 
594880 
594881 
594882 
594883 
463813 
594885 
594887 
594889 
463818 
594892 
594894 
463823 
594896 
594898 
463828 
594901 
594904 
594907 
463837 
594910 
463842 
594915 
594917 
463847 
594919 
594921 
463852 
594924 
594926 
594928 
594930 
463861 
594933 
594936 
463866 
594939 
594942 
463871 
594947 
463876 
594949 
594951 
594953 
594956 
463885 
594958 
594960 
463890 
594962 
594965 
463895 
594968 
594971 
463900 
594974 
594979 
463909 
594981 
594983 
594985 
463914 
594988 
594990 
463919 
594992 
594994 
463924 
594997 
595000 
595003 
463933 
595006 
463938 
595011 
595013 
463943 
595016 
595018 
463948 
595020 
595023 
595026 
463957 
595032 
463962 
595036 
595038 
463967 
595041 
463972 
595045 
595049 
463981 
595054 
595056 
463986 
595058 
595061 
463991 
595063 
595065 
463996 
595068 
595071 
595074 
464005 
595079 
464010 
595082 
595084 
464015 
595087 
464020 
595095 
595098 
464029 
595104 
464034 
595107 
595110 
464039 
464044 
595117 
595119 
595121 
595124 
464053 
595127 
464058 
595130 
595134 
464063 
595137 
464068 
595142 
595144 
595146 
595148 
464077 
595151 
595153 
464082 
595155 
595157 
464087 
595160 
595163 
464092 
595166 
595169 
464101 
595174 
595176 
464106 
595178 
595180 
464111 
595183 
595185 
595187 
464116 
595189 
595192 
595194 
595196 
464125 
595198 
595201 
464130 
595203 
595205 
464135 
595207 
595210 
464140 
595212 
595214 
595216 
595219 
464149 
595222 
595225 
464154 
595228 
464159 
595233 
595235 
464164 
595237 
595239 
595242 
595244 
464173 
595246 
595248 
464178 
595251 
595254 
464183 
595257 
464188 
595260 
595265 
595267 
464197 
595269 
595271 
464202 
595274 
595276 
595278 
464207 
595280 
595283 
464212 
595286 
595289 
595292 
464221 
595297 
464226 
595299 
595301 
464231 
595303 
595306 
464236 
595308 
595310 
595312 
595315 
464245 
595318 
595321 
464251 
595324 
595329 
595331 
464260 
595334 
595336 
595338 
464267 
595341 
595344 
464276 
595351 
464281 
595354 
595357 
464286 
595359 
595362 
464291 
595366 
595370 
464300 
595375 
464305 
595377 
595379 
464310 
595382 
595384 
595386 
464315 
595389 
595393 
464324 
595396 
464329 
595401 
595404 
464334 
595407 
595409 
464339 
595411 
595414 
595418 
464348 
595421 
464353 
595426 
595429 
464358 
595432 
595434 
464363 
595436 
595439 
595443 
464372 
595446 
464377 
595451 
464382 
595454 
595457 
464387 
595459 
595461 
595464 
464396 
595468 
595471 
464401 
595476 
464406 
595478 
595480 
464411 
595483 
595485 
595487 
595490 
464420 
595495 
464425 
595498 
464430 
595503 
595505 
464435 
595507 
595509 
595512 
595514 
464444 
595516 
595518 
464449 
595521 
595524 
464454 
595527 
595530 
464459 
595535 
595537 
595539 
464468 
595541 
595544 
464473 
595546 
595548 
464478 
595550 
595553 
464483 
595555 
595557 
595559 
595562 
464492 
595564 
595566 
595568 
464497 
595571 
595573 
464502 
595575 
595577 
464507 
595580 
595583 
595586 
464516 
595589 
464521 
595594 
595596 
464526 
595598 
595600 
464531 
595603 
595605 
595607 
595609 
464540 
595612 
595615 
464545 
595618 
595621 
464550 
595626 
464555 
595628 
595630 
595632 
595635 
464564 
595637 
595639 
464569 
595641 
595644 
464574 
595647 
595650 
464579 
595653 
595658 
464588 
595660 
595662 
595664 
464593 
595667 
595669 
464598 
595671 
595673 
464603 
595676 
595679 
595682 
464612 
595685 
464617 
595690 
595693 
464622 
595696 
595698 
464627 
595700 
595703 
595706 
464636 
595709 
464641 
595714 
464646 
595718 
595720 
464651 
595723 
595727 
464660 
595732 
595736 
464665 
595738 
595741 
464670 
595745 
464675 
595750 
595754 
464684 
595756 
595759 
464689 
595763 
464694 
595768 
464699 
595772 
595774 
595777 
464708 
595781 
464713 
595786 
595789 
464718 
595792 
464723 
595795 
595798 
595801 
464732 
595804 
464737 
595809 
595811 
595813 
464742 
595815 
595818 
464747 
595821 
595823 
595826 
464756 
595829 
595832 
464761 
595835 
464766 
595840 
595842 
464771 
595844 
595846 
595849 
595851 
464780 
595853 
595855 
464785 
595858 
595861 
464790 
595864 
464795 
595867 
595872 
595874 
464804 
595876 
595878 
464809 
595881 
595883 
595885 
464814 
595887 
595890 
464819 
595893 
595896 
595899 
464828 
595904 
464833 
595906 
595908 
464838 
595910 
595913 
464843 
595915 
595917 
595919 
595922 
464852 
595925 
595928 
464857 
595931 
464862 
595936 
595938 
464867 
595940 
595942 
595945 
595947 
464876 
595949 
595951 
464881 
595954 
595957 
464886 
595960 
464891 
595963 
595968 
595970 
464900 
595972 
595974 
464905 
595977 
595979 
595981 
464910 
595983 
595986 
464915 
595989 
595992 
595995 
464924 
596000 
464929 
596002 
596004 
464934 
596006 
596009 
464939 
596011 
596013 
596015 
596018 
464948 
596020 
596022 
596024 
464953 
596027 
596029 
464958 
596031 
596033 
464963 
596036 
596038 
596040 
596042 
464972 
596045 
596048 
464977 
596051 
464982 
596054 
464987 
596059 
596063 
596067 
464996 
596071 
465001 
465006 
596078 
596080 
596082 
465011 
596084 
596087 
596090 
465020 
596093 
596096 
465025 
596101 
465030 
596104 
465035 
596107 
596110 
596115 
465044 
596118 
465049 
596121 
596124 
465054 
596129 
465059 
596132 
596135 
596138 
465068 
596143 
465073 
596145 
596147 
596149 
465078 
596152 
596154 
465083 
596156 
596158 
596161 
465092 
596164 
596167 
465097 
596170 
465102 
596175 
596177 
465107 
596179 
596181 
596184 
596186 
465116 
596188 
596190 
465121 
596193 
596196 
465126 
596199 
596202 
465131 
596207 
596209 
596211 
465140 
596213 
596216 
465145 
596218 
596220 
465150 
596222 
596225 
465155 
596228 
596231 
596234 
465164 
596239 
465169 
596241 
596243 
596245 
465174 
596248 
596250 
465179 
596252 
596254 
596257 
465188 
596260 
596263 
465193 
596266 
465198 
596271 
596274 
465203 
596276 
596279 
596281 
596283 
465212 
596285 
596288 
465217 
596291 
465222 
596294 
596297 
465227 
596302 
596305 
596307 
465236 
596310 
596312 
465241 
596314 
596316 
465246 
596319 
596322 
465251 
596325 
596328 
465260 
596333 
596336 
465265 
596338 
596341 
465270 
596343 
596345 
465275 
596347 
596350 
596353 
465284 
596356 
596359 
465289 
596364 
465294 
596367 
596369 
465299 
596372 
596374 
596376 
596378 
465308 
596381 
596384 
465313 
596387 
465318 
596390 
465323 
596395 
596398 
596400 
596403 
465332 
596405 
596407 
465337 
596409 
596412 
465342 
596415 
596418 
465347 
596421 
596426 
465356 
596429 
596431 
465361 
596434 
596436 
465366 
596438 
596440 
465371 
596443 
596446 
596449 
465380 
596452 
465385 
596457 
596459 
596461 
465390 
596463 
596466 
465395 
596468 
596470 
596472 
596475 
465404 
596478 
465409 
596481 
596484 
465414 
596489 
465419 
596491 
596493 
596495 
596498 
465428 
596500 
596502 
596504 
465433 
596507 
465438 
596510 
596513 
465443 
596516 
596521 
596523 
465452 
596525 
596527 
465457 
596530 
596532 
465462 
596534 
596536 
465467 
596539 
596542 
596545 
465476 
596548 
465481 
596553 
596555 
596557 
465486 
596559 
596562 
465491 
596564 
596566 
596568 
596571 
465500 
596574 
465505 
596577 
596580 
465510 
596585 
465515 
596587 
596589 
596591 
596594 
465524 
596596 
596598 
596600 
465529 
596603 
465534 
596606 
596609 
465539 
596612 
596617 
596619 
465548 
596621 
596623 
465553 
596626 
596628 
465558 
596630 
596632 
465563 
596635 
596638 
596641 
465572 
596644 
465577 
596649 
596652 
465582 
596655 
596658 
465587 
596663 
596665 
596667 
465596 
596669 
596672 
465601 
596674 
596676 
465606 
596678 
596681 
465611 
596683 
596685 
596687 
596690 
465620 
596692 
596694 
596696 
465625 
596699 
465630 
596702 
596705 
465635 
596708 
596713 
596715 
465644 
596717 
596719 
465649 
596722 
596724 
465654 
596726 
596728 
465659 
596731 
596734 
596737 
465668 
596740 
465673 
596745 
596747 
596749 
465678 
596751 
596754 
465683 
596756 
596758 
596760 
596763 
465692 
596766 
465697 
596769 
596772 
465702 
596777 
465707 
596779 
596781 
596783 
596786 
465716 
596788 
596790 
596792 
465721 
596795 
465726 
596798 
596801 
465731 
596804 
596809 
596811 
465740 
596813 
596815 
465745 
596818 
596820 
465750 
596822 
596824 
465755 
596827 
596830 
596833 
465764 
596836 
465769 
596841 
596843 
596845 
465774 
596847 
596850 
465779 
596852 
596854 
596856 
596859 
465788 
596862 
465793 
596865 
596868 
465798 
596873 
465803 
596875 
596877 
596879 
596882 
465812 
596884 
596886 
596888 
465817 
596891 
465822 
596894 
596897 
465827 
596900 
596905 
596907 
465836 
596909 
596911 
465841 
596914 
596916 
465846 
596918 
596920 
465851 
596923 
596926 
596929 
465860 
596932 
465865 
596937 
596939 
596941 
465870 
596943 
596946 
465875 
596948 
596950 
596952 
596955 
465884 
596958 
465889 
596961 
596964 
465894 
596969 
465899 
596971 
596973 
596975 
596978 
465908 
596980 
596982 
596984 
465913 
596987 
465918 
596990 
596993 
465923 
596996 
597001 
597003 
465932 
597005 
597007 
465937 
597010 
597012 
465942 
597014 
597016 
465947 
597019 
597022 
597025 
465956 
597028 
465960 
597033 
597035 
465964 
597037 
597039 
465968 
597042 
597044 
597046 
465975 
597048 
597051 
465980 
597054 
465985 
597057 
597060 
465990 
597065 
597067 
597069 
465999 
597071 
597074 
466004 
597076 
597078 
597080 
466009 
597083 
466014 
597086 
597089 
597092 
466023 
597097 
597099 
466028 
597101 
597103 
466033 
597106 
597108 
466038 
597110 
597112 
597115 
597118 
466047 
597121 
466052 
597124 
466057 
597129 
597131 
597133 
466062 
597135 
597138 
597140 
597142 
466071 
597144 
597147 
466076 
597150 
466081 
597153 
597156 
466086 
597161 
597163 
597165 
466095 
597167 
597170 
466100 
597172 
597174 
597176 
466105 
597179 
466110 
597182 
597185 
597188 
466119 
597193 
597195 
466124 
597197 
597199 
466129 
597202 
597204 
466134 
597206 
597208 
597211 
597214 
466143 
597217 
466148 
597220 
466153 
597225 
597227 
597229 
466158 
597231 
597234 
597236 
597238 
466167 
597240 
597243 
466172 
597246 
466177 
597249 
597252 
466182 
597257 
597259 
597261 
466191 
597263 
597266 
466196 
597268 
597270 
597272 
466201 
597275 
466206 
597278 
597281 
597284 
466215 
597289 
466220 
597292 
597295 
466225 
597298 
466230 
597303 
597305 
597307 
597309 
466239 
597312 
597315 
466244 
597318 
466249 
597321 
466254 
597326 
597328 
597330 
597332 
466263 
597335 
597337 
597339 
466268 
597341 
597344 
466273 
597347 
466278 
597350 
597353 
597358 
466287 
597360 
597362 
466292 
597364 
597367 
466297 
597369 
597371 
597373 
466302 
597376 
597379 
597382 
466311 
597385 
466316 
597390 
597392 
466321 
597394 
597396 
466326 
597399 
597401 
597403 
597405 
466335 
597408 
597411 
466340 
597414 
466345 
597417 
466350 
597422 
597424 
597426 
597428 
466359 
597431 
597433 
597435 
466364 
597437 
597440 
466369 
597443 
466374 
597446 
597449 
597454 
466383 
597456 
597458 
466388 
597460 
597463 
466393 
597465 
597467 
597469 
466398 
597472 
597475 
597478 
466407 
597481 
466412 
597486 
597488 
466417 
597490 
597492 
466422 
597495 
597497 
597499 
597501 
466431 
597504 
597507 
466436 
597510 
466441 
597513 
466446 
597518 
597520 
597522 
597524 
466455 
597527 
597529 
597531 
466460 
597533 
597536 
466465 
597539 
466470 
597542 
597545 
597550 
466479 
597552 
597554 
466484 
597556 
597559 
466489 
597561 
597563 
597565 
466494 
597568 
597571 
597574 
466503 
597577 
466508 
597582 
597584 
466513 
597586 
597588 
466518 
597591 
597593 
597595 
597597 
466527 
597600 
597603 
466532 
597606 
466537 
597609 
466542 
597614 
597616 
597618 
597620 
466551 
597623 
597625 
466555 
597627 
597629 
466559 
597632 
466563 
597635 
597638 
597641 
466570 
597646 
466575 
597648 
597650 
466580 
597652 
597655 
466585 
597657 
597659 
597661 
597664 
466594 
597667 
466598 
597670 
597673 
466602 
466606 
597678 
597680 
597682 
597684 
466613 
597687 
597689 
466618 
597691 
597693 
466623 
597696 
597699 
466628 
597702 
597705 
466637 
597710 
597712 
466641 
597714 
597716 
466645 
597719 
466649 
597721 
597723 
597725 
466656 
597728 
597731 
466661 
597734 
597737 
466666 
597742 
466671 
597744 
597746 
597748 
597751 
466680 
597753 
597755 
466684 
597757 
466688 
597760 
597763 
466692 
597766 
597769 
466699 
597774 
466704 
597776 
597778 
597780 
466709 
597783 
597785 
466714 
597787 
597789 
597792 
466723 
597795 
597798 
466727 
597801 
466731 
597806 
466735 
597808 
597810 
597812 
466742 
597815 
597817 
466747 
597819 
597821 
466752 
597824 
597827 
466757 
597830 
597833 
466766 
597838 
597840 
466770 
597842 
597844 
466774 
597847 
597849 
466778 
597851 
597853 
597856 
466785 
597859 
466790 
597862 
597865 
466795 
597870 
466800 
597872 
597874 
597876 
597879 
466809 
597881 
597883 
466813 
597885 
597888 
466817 
597891 
466821 
597894 
597897 
466828 
597902 
597904 
466833 
597906 
597908 
466838 
597911 
597913 
466843 
597915 
597917 
597920 
597923 
466852 
597926 
466856 
597929 
466860 
597934 
466864 
597936 
597938 
597940 
466871 
597943 
597945 
597947 
466876 
597949 
597952 
466881 
597954 
597956 
466886 
597958 
597961 
597963 
597965 
466895 
597967 
597970 
466899 
597972 
597974 
466903 
597976 
466907 
597979 
597982 
597985 
466914 
597988 
466919 
597993 
597995 
466924 
597997 
597999 
466929 
598002 
598004 
598006 
598008 
466938 
598011 
466942 
598014 
598017 
466946 
598020 
466950 
598025 
598027 
466957 
598029 
598031 
466962 
598034 
598036 
598038 
466967 
598040 
598043 
466972 
598046 
598049 
598052 
466981 
466985 
598057 
598059 
466989 
598061 
598063 
466993 
598066 
598068 
598070 
467000 
598072 
598075 
467005 
598078 
598081 
467010 
598084 
467015 
598089 
598091 
598093 
598095 
467024 
598098 
467028 
598100 
598102 
467032 
598104 
598107 
467036 
598110 
598113 
467043 
598116 
467048 
598121 
598123 
467053 
598125 
598127 
467058 
598130 
598132 
598134 
598136 
467067 
598139 
598142 
467071 
598145 
467075 
598148 
467079 
598153 
598155 
598157 
467086 
598159 
598162 
467091 
598164 
598166 
467096 
598168 
598171 
467101 
598174 
598177 
598180 
467110 
598185 
467114 
598187 
598189 
467118 
598191 
467122 
598194 
598196 
598198 
598200 
467129 
598203 
467134 
598206 
598209 
467139 
598212 
467144 
598217 
598219 
598221 
598223 
467153 
598226 
598228 
467157 
598230 
598232 
467161 
598235 
467165 
598238 
598241 
467172 
598244 
467177 
598249 
598251 
598253 
467182 
598255 
598258 
467187 
598260 
598262 
598264 
598267 
467196 
598270 
467200 
598273 
467204 
598276 
467208 
598281 
598283 
598285 
467215 
598287 
598290 
467220 
598292 
598294 
598296 
467225 
598299 
467230 
598302 
598305 
598308 
467239 
598313 
467243 
598315 
598317 
467247 
598319 
598322 
467251 
598324 
598326 
598328 
467258 
598331 
598334 
467263 
598337 
467268 
598340 
467273 
598345 
598347 
598349 
598351 
467282 
598354 
598356 
467286 
598358 
598360 
467290 
598363 
467294 
598366 
598369 
598372 
467301 
598377 
467306 
598379 
598381 
467311 
598383 
598386 
467316 
598388 
598390 
598392 
598395 
467325 
598398 
467329 
598401 
598404 
467333 
467337 
598409 
598411 
598413 
598415 
467344 
598418 
598420 
467349 
598422 
598424 
467354 
598427 
598430 
467359 
598433 
598436 
467368 
598441 
598443 
467372 
598445 
598447 
467376 
598450 
467380 
598452 
598454 
598456 
467387 
598459 
598462 
467392 
598465 
598468 
467397 
598473 
467402 
598475 
598477 
598479 
598482 
467411 
598484 
598486 
467415 
598488 
467419 
598491 
598494 
467423 
598497 
598500 
467430 
598505 
467435 
598507 
598509 
598511 
467440 
598514 
598516 
467445 
598518 
598520 
598523 
467454 
598526 
598529 
467458 
598532 
467462 
598537 
467466 
598539 
598541 
598543 
467473 
598546 
598548 
467478 
598550 
598552 
467483 
598555 
598558 
467488 
598561 
598564 
467497 
598569 
598572 
467501 
598575 
467505 
598578 
467509 
598583 
598585 
598587 
467516 
598589 
598592 
467521 
598594 
598596 
467526 
598598 
598601 
467531 
598603 
598605 
598607 
598610 
467540 
598612 
598614 
467544 
598616 
598619 
467548 
598622 
467552 
598625 
598628 
467559 
598633 
598635 
598637 
467566 
598639 
598642 
598644 
467573 
598646 
598648 
598651 
467580 
598654 
598657 
598660 
467593 
598665 
598667 
467597 
598669 
598671 
467601 
598674 
598676 
467605 
598678 
598680 
598683 
467612 
598686 
467616 
598689 
467620 
598692 
467624 
598697 
598699 
598701 
467631 
598703 
467634 
598706 
598708 
467637 
598710 
467640 
598712 
598715 
467645 
598718 
467649 
598721 
598724 
467653 
467657 
598729 
598731 
598733 
598735 
467664 
598738 
467668 
598740 
598742 
467672 
598744 
598747 
467676 
598750 
598753 
467683 
598756 
467686 
467689 
598761 
598763 
467692 
598765 
598767 
467697 
598770 
598772 
467701 
598774 
598776 
467705 
598779 
467709 
598782 
598785 
467716 
598788 
467720 
598793 
598795 
467724 
598797 
598799 
467728 
598802 
598804 
598806 
467735 
598808 
467738 
598811 
467741 
598814 
467744 
598817 
598820 
467749 
467753 
598825 
598827 
467757 
598829 
598831 
467761 
598834 
598836 
598838 
467768 
598840 
598843 
467772 
598846 
467776 
598849 
467780 
598852 
598857 
467787 
598859 
598861 
467790 
598863 
467793 
598866 
467796 
598868 
598870 
598872 
467801 
598875 
467805 
598878 
467809 
598881 
598884 
467813 
598889 
598891 
467820 
598893 
598895 
467824 
598898 
467828 
598900 
598902 
467832 
598904 
598907 
598910 
467839 
598913 
467842 
598916 
467845 
467848 
598921 
598923 
467853 
598925 
598927 
467857 
598930 
598932 
467861 
598934 
598936 
467865 
598939 
598942 
467872 
598945 
467876 
598948 
467880 
598953 
598955 
467884 
598957 
598959 
598962 
467891 
598964 
467894 
598966 
598968 
467897 
598971 
467900 
598974 
467905 
598977 
598980 
467909 
467913 
598985 
598987 
467917 
598989 
598991 
598994 
467924 
598996 
598998 
467928 
599000 
599003 
467932 
599006 
467936 
599009 
599012 
467943 
599017 
467946 
599019 
467949 
599021 
599023 
467952 
599026 
599028 
467957 
599030 
599032 
467961 
599035 
467965 
599038 
467969 
599041 
599044 
467976 
599049 
599051 
467980 
599053 
599055 
467984 
599058 
467988 
599060 
599062 
599064 
467995 
599067 
467998 
599070 
468001 
599073 
468004 
599076 
468009 
599081 
599083 
468013 
599085 
599087 
468017 
599090 
599092 
468021 
599094 
599096 
599099 
468028 
599102 
468032 
599105 
468036 
599108 
468040 
599113 
599115 
599117 
468047 
599119 
468050 
599122 
599124 
468053 
599126 
468056 
599128 
599131 
468061 
599134 
468065 
599137 
599140 
468069 
468073 
599145 
599147 
599149 
599151 
468080 
599154 
468084 
599156 
599158 
468088 
599160 
599163 
468092 
599166 
599169 
468099 
599172 
468102 
468105 
599177 
599179 
468108 
599181 
599183 
468113 
599186 
599188 
468117 
599190 
599192 
468121 
599195 
468125 
599198 
599201 
468132 
599204 
468136 
599209 
468140 
599212 
599215 
468144 
599218 
468151 
599223 
599225 
468154 
599227 
468157 
599229 
468160 
599232 
599235 
468165 
599238 
468169 
599241 
468173 
599246 
599248 
468177 
599250 
599252 
599255 
468184 
599257 
599259 
468188 
599261 
468192 
599264 
599267 
468196 
599270 
599273 
468203 
468206 
599278 
599280 
468209 
599282 
468212 
599284 
599287 
468217 
599289 
599291 
468221 
599293 
599296 
468225 
599299 
468229 
599302 
599305 
468236 
599310 
468240 
599312 
599314 
468244 
599316 
599319 
468248 
599321 
599323 
599325 
468255 
599328 
468258 
599331 
468261 
599334 
468264 
599337 
468269 
599342 
599344 
468273 
599346 
599348 
468277 
599351 
468281 
599353 
599355 
599357 
468288 
599360 
599363 
468292 
599366 
468296 
599369 
468300 
599374 
599376 
599378 
468307 
599380 
468310 
599383 
468313 
599385 
599387 
468316 
599389 
599392 
468321 
599395 
468325 
599398 
468329 
599401 
468333 
599406 
599408 
599410 
468340 
599412 
599415 
468344 
599417 
599419 
468348 
599421 
468352 
599424 
599427 
599430 
468359 
599433 
468362 
468365 
599438 
468368 
599440 
599442 
599444 
468373 
599447 
468377 
599449 
599451 
468381 
599453 
599456 
468385 
599459 
599462 
468392 
599465 
468396 
599470 
468400 
599472 
599474 
468404 
599476 
599479 
599481 
468411 
599483 
599485 
468414 
599488 
468417 
599491 
468420 
599494 
468425 
599497 
468429 
599502 
599504 
468433 
599506 
599508 
468437 
599511 
599513 
599515 
468444 
599517 
468448 
599520 
599523 
468452 
599526 
468456 
599529 
599534 
468463 
599536 
468466 
599538 
599540 
468469 
599543 
468472 
599545 
599547 
468477 
599549 
599552 
468481 
599555 
468485 
599558 
468489 
599561 
599566 
468496 
599568 
599570 
468500 
599572 
599575 
468504 
599577 
599579 
468508 
599581 
599584 
468515 
599587 
468518 
599590 
468521 
599593 
468524 
599598 
599600 
468529 
599602 
599604 
468533 
599607 
468537 
599609 
599611 
468541 
599613 
599616 
599619 
468548 
599622 
468552 
599625 
468556 
599630 
468560 
599632 
599634 
599636 
468567 
599639 
599641 
468570 
599643 
468573 
599645 
468576 
599648 
599651 
468581 
599654 
468585 
599657 
468589 
599662 
599664 
468593 
599666 
599668 
599671 
468600 
599673 
599675 
468604 
599677 
468608 
599680 
599683 
468612 
599686 
599689 
468619 
468622 
599694 
599696 
468625 
599698 
468628 
599700 
599703 
468633 
599705 
599707 
468637 
599709 
599712 
468641 
599715 
468645 
599718 
599721 
468652 
599726 
468656 
599728 
599730 
468660 
599732 
599735 
468664 
599737 
599739 
599741 
468671 
599744 
468674 
599747 
468677 
599750 
468680 
599753 
468685 
599758 
599760 
468689 
599762 
599764 
468693 
599767 
468697 
599769 
599771 
599773 
468704 
599776 
599779 
468708 
599782 
468712 
599785 
468716 
599790 
599792 
599794 
468723 
599796 
468726 
599799 
468729 
599801 
599803 
468732 
599805 
599808 
468737 
599811 
468741 
599814 
468745 
599817 
468749 
599822 
599824 
599826 
468756 
599828 
599831 
468760 
599833 
599835 
468764 
599837 
468768 
599840 
599843 
599846 
468775 
599849 
468778 
468781 
599854 
468784 
599857 
599860 
468789 
599863 
468793 
599868 
468797 
599870 
599872 
468801 
599874 
599877 
599879 
468808 
599881 
599883 
468812 
599886 
468816 
599888 
599890 
468820 
599892 
599895 
599897 
468827 
599899 
599901 
468830 
599904 
468833 
599907 
468836 
599910 
468841 
599913 
468844 
599918 
468847 
599920 
468850 
599922 
599924 
468855 
599927 
599929 
468859 
599931 
599933 
468863 
599936 
468867 
599939 
599942 
599945 
468874 
468876 
468878 
599950 
468880 
599952 
599954 
468883 
599956 
468887 
599959 
599961 
468891 
599963 
599965 
468895 
599968 
599971 
468902 
599974 
599977 
468906 
468910 
599982 
599984 
468914 
599986 
599988 
599991 
468921 
599993 
599995 
468924 
599997 
468927 
600000 
468930 
600003 
600006 
468935 
600009 
468938 
468941 
600014 
468944 
600016 
600018 
600020 
468949 
600023 
600025 
468954 
600027 
600029 
468959 
600032 
600035 
468964 
600038 
600041 
468973 
600046 
468975 
600048 
468977 
600050 
468979 
600052 
468982 
600055 
600057 
468986 
600059 
600061 
468990 
600064 
468994 
600067 
600070 
469001 
600073 
469005 
600078 
600080 
469009 
600082 
600084 
469013 
600087 
600089 
600091 
469020 
600093 
469023 
600096 
469026 
600099 
469029 
600102 
600105 
469034 
469037 
600110 
469040 
600112 
600114 
469043 
600116 
600119 
469048 
600121 
600123 
469053 
600125 
600128 
469058 
600131 
600134 
469063 
600137 
600142 
469072 
600144 
469074 
600146 
469076 
600148 
469078 
600151 
469081 
600153 
600155 
469085 
600157 
600160 
469089 
600163 
469093 
600166 
600169 
469100 
600174 
469104 
600176 
600178 
469108 
600180 
600183 
469112 
600185 
600187 
600189 
469119 
600192 
469122 
600195 
469125 
600198 
469128 
600201 
469133 
600206 
469136 
600208 
600210 
469139 
600212 
469142 
600215 
600217 
469147 
600219 
600221 
469152 
600224 
600227 
469157 
600230 
600233 
469162 
600238 
600240 
600242 
469171 
600244 
469173 
469175 
600247 
469177 
600249 
600251 
469180 
600253 
469184 
600256 
600259 
469188 
600262 
469192 
600265 
600270 
469199 
600272 
600274 
469203 
600276 
469207 
600279 
600281 
469211 
600283 
600285 
600288 
469218 
600291 
469221 
600294 
469224 
600297 
469227 
600302 
469232 
600304 
600306 
469235 
600308 
469238 
600311 
469241 
600313 
600315 
600317 
469246 
600320 
469251 
600323 
600326 
469256 
600329 
469261 
600334 
600336 
600338 
600340 
469270 
600343 
469272 
600345 
469274 
600347 
469276 
600349 
469279 
600352 
469283 
600355 
600358 
469287 
600361 
469291 
600366 
600368 
469298 
600370 
600372 
469302 
600375 
600377 
469306 
600379 
600381 
469310 
600384 
600387 
469317 
600390 
469320 
600393 
469323 
469326 
600398 
600400 
600402 
469331 
600404 
600407 
600409 
469338 
600411 
600413 
469344 
600416 
600419 
600422 
600425 
469355 
600430 
469360 
600432 
600434 
600436 
469365 
600439 
600441 
469370 
600443 
600445 
600448 
469379 
600451 
600454 
469385 
600457 
600462 
469391 
600464 
600466 
600468 
469397 
600471 
600473 
600475 
600477 
469408 
600480 
600483 
469414 
600486 
600489 
469420 
600494 
600496 
469426 
600498 
600500 
600503 
600505 
600507 
469437 
600509 
600512 
469443 
600515 
600518 
469449 
600521 
600526 
469455 
600528 
600530 
600532 
600535 
600537 
469466 
600539 
600541 
469472 
600544 
600547 
469478 
600550 
600553 
469484 
600558 
600560 
600562 
600564 
469495 
600567 
600569 
600571 
469501 
600573 
600576 
469507 
600579 
600582 
469513 
600585 
600590 
600592 
600594 
469524 
600596 
469527 
600599 
600601 
469530 
600603 
469533 
600605 
600608 
469538 
600611 
600614 
469543 
600617 
469548 
600622 
600624 
469553 
600626 
600628 
600631 
600633 
469562 
600635 
469564 
600637 
469566 
469568 
600640 
469571 
600643 
600646 
469575 
600649 
469579 
600654 
469583 
600656 
600658 
600660 
469590 
600663 
600665 
469594 
600667 
600669 
469598 
600672 
469602 
600675 
600678 
469609 
600681 
469612 
600686 
469615 
600688 
469618 
600690 
600692 
469623 
600695 
600697 
600699 
469628 
600701 
600704 
469633 
600707 
469638 
600710 
600713 
600718 
469647 
600720 
469650 
600722 
600724 
469653 
600727 
469656 
600729 
600731 
469661 
600733 
600736 
469666 
600739 
600742 
469671 
600745 
469676 
600750 
600752 
600754 
600756 
469685 
469687 
600759 
469689 
600761 
469691 
600763 
600765 
469694 
600768 
469698 
600771 
469702 
600774 
600777 
469706 
600782 
600784 
469713 
600786 
600788 
469717 
600791 
469721 
600793 
600795 
469725 
600797 
600800 
600803 
469732 
600806 
469735 
600809 
469738 
469741 
600814 
600816 
469746 
600818 
600820 
469751 
600823 
600825 
600827 
469756 
600829 
600832 
469761 
600835 
600838 
600841 
469770 
469773 
600846 
469776 
600848 
600850 
469779 
600852 
600855 
469784 
600857 
600859 
469789 
600861 
600864 
469794 
600867 
600870 
469799 
600873 
600878 
469808 
600880 
469810 
600882 
469812 
600884 
469814 
600887 
469817 
600889 
600891 
469821 
600893 
600896 
469825 
600899 
469829 
600902 
600905 
469836 
600910 
469840 
600912 
600914 
469844 
600916 
600919 
469848 
600921 
600923 
600925 
469855 
600928 
469858 
600931 
469861 
600934 
469864 
600937 
469869 
600942 
600944 
469874 
600946 
600948 
469879 
600951 
600953 
600955 
469884 
600957 
600960 
600963 
469893 
600966 
469896 
600969 
469899 
469902 
600974 
600976 
600978 
469907 
600980 
600983 
469912 
600985 
600987 
469917 
600989 
600992 
469922 
600995 
600998 
601001 
469931 
469933 
601006 
469935 
601008 
469937 
601010 
469940 
601012 
601015 
469944 
601017 
601019 
469948 
601021 
469952 
601024 
601027 
601030 
469959 
601033 
469963 
601038 
469967 
601040 
601042 
469971 
601044 
601047 
601049 
469978 
601051 
469981 
601053 
469984 
601056 
469987 
601059 
601062 
469992 
601065 
469997 
601070 
601072 
470002 
601074 
601076 
470007 
601079 
601081 
601083 
601085 
470016 
601088 
470019 
601091 
470022 
601094 
470025 
601097 
470030 
601102 
601104 
601106 
470035 
601108 
601111 
470040 
601113 
601115 
470045 
601118 
601121 
601124 
470054 
470056 
601129 
470058 
470060 
601132 
470063 
601135 
601138 
470067 
470071 
601143 
601145 
470075 
601147 
601150 
601152 
470082 
601154 
601157 
470086 
601159 
601161 
470090 
601163 
470094 
601166 
601168 
601170 
601172 
470101 
601175 
470104 
601178 
470107 
601181 
470110 
601184 
470115 
601189 
470118 
601191 
470121 
601193 
601195 
470124 
601198 
601200 
470129 
601202 
601204 
470134 
601207 
601210 
470139 
601213 
470144 
601216 
601221 
601223 
470153 
601225 
470155 
601227 
470157 
601230 
470159 
601232 
470162 
601234 
601236 
470166 
601239 
470170 
601242 
601245 
470174 
601248 
470181 
601253 
601255 
470185 
601257 
601259 
470189 
601262 
601264 
470193 
601266 
601268 
601271 
470200 
601274 
470203 
601277 
470206 
601280 
470209 
601285 
470214 
601287 
470217 
601289 
601291 
470220 
601294 
470223 
601296 
601298 
470228 
601300 
601303 
470233 
601306 
601309 
470238 
601312 
470243 
601317 
601319 
601321 
601323 
470252 
470254 
601326 
470256 
601328 
470258 
601330 
601332 
470261 
601335 
470265 
601338 
470269 
601341 
601344 
470273 
601349 
601351 
470280 
601353 
601355 
470284 
601358 
470288 
601360 
601362 
470292 
601364 
601367 
601370 
470299 
601373 
470302 
601376 
470305 
470308 
601381 
601383 
470313 
601385 
601387 
470317 
601390 
601392 
470321 
601394 
601396 
470325 
601399 
601402 
470332 
601405 
470335 
601408 
470338 
470341 
601413 
601415 
601417 
470346 
601419 
470348 
470350 
601422 
470352 
601424 
601426 
470355 
601428 
601431 
470360 
601434 
470365 
601437 
601440 
470370 
601445 
601447 
601449 
470379 
601451 
470382 
601454 
601456 
470385 
601458 
470388 
601460 
601463 
470393 
601466 
470395 
470397 
601469 
470399 
601472 
470402 
601477 
470407 
601479 
601481 
601483 
470412 
601486 
601488 
470417 
601490 
601492 
601495 
470426 
601498 
470429 
601501 
470432 
601504 
470435 
601509 
601511 
470440 
601513 
470442 
601515 
470444 
470446 
601518 
601520 
470449 
601522 
601524 
470454 
601527 
601530 
470459 
601533 
470464 
601536 
601541 
601543 
470473 
601545 
601547 
470476 
601550 
470479 
601552 
470482 
601554 
601556 
470487 
601559 
470489 
601562 
470491 
470493 
601565 
470496 
601568 
470501 
601573 
601575 
601577 
470506 
601579 
601582 
470511 
601584 
601586 
601588 
601591 
470520 
601594 
470523 
601597 
470526 
601600 
470529 
601605 
470534 
601607 
470536 
601609 
470538 
601611 
470540 
601614 
470543 
601616 
601618 
470548 
601620 
601623 
470553 
601626 
601629 
470558 
601632 
601637 
470567 
601639 
601641 
470570 
601643 
470573 
601646 
470576 
601648 
601650 
601652 
470581 
470583 
601655 
470585 
601658 
470587 
601661 
470590 
601664 
470595 
601669 
601671 
470600 
601673 
601675 
470605 
601678 
601680 
601682 
601684 
470614 
601687 
470617 
601690 
470620 
601693 
470623 
601696 
470628 
601701 
470630 
601703 
470632 
601705 
470634 
601707 
470637 
601710 
601712 
470642 
601714 
601716 
470647 
601719 
601722 
470652 
601725 
601728 
470661 
601733 
601735 
470664 
601738 
470667 
601740 
470670 
601742 
601745 
470675 
601748 
470677 
470679 
470681 
601753 
470684 
601756 
470689 
601761 
601764 
470694 
601767 
601769 
470699 
601771 
601773 
601776 
601778 
470708 
601780 
601782 
470711 
601785 
470714 
601788 
470717 
601791 
470722 
601794 
470724 
470726 
601799 
470728 
601801 
470731 
601803 
601805 
470736 
601808 
601810 
601812 
470741 
601814 
601817 
470746 
601820 
601823 
601826 
470755 
470758 
601831 
470761 
601833 
601835 
470764 
601837 
601840 
470769 
601842 
470771 
601844 
470773 
601846 
470775 
601849 
470778 
601852 
470783 
601855 
601858 
470788 
601863 
470793 
601865 
601867 
601869 
601872 
470802 
601874 
601876 
470805 
601878 
470808 
601881 
470811 
601884 
601887 
470816 
470818 
601890 
470820 
470822 
601895 
470825 
601897 
601899 
601901 
470830 
601904 
601906 
470835 
601908 
601910 
470840 
601913 
601916 
601919 
470849 
601922 
470852 
470855 
601927 
601929 
470858 
601931 
601933 
470863 
601936 
470865 
601938 
470867 
601940 
470869 
601942 
470872 
601945 
601948 
470877 
601951 
470882 
601954 
470887 
601959 
601961 
601963 
601965 
470896 
601968 
601970 
470899 
601972 
470902 
601974 
470905 
601977 
601980 
470910 
601983 
470912 
470914 
601986 
470916 
470919 
601991 
601993 
601995 
470924 
601997 
602000 
470929 
602002 
602004 
470934 
602006 
602009 
602012 
470943 
602015 
470946 
602018 
470949 
602023 
470952 
602025 
602027 
470957 
602029 
470959 
602032 
470961 
602034 
470963 
602036 
470966 
602038 
602041 
470971 
602044 
602047 
470976 
602050 
470981 
602055 
602057 
602059 
602061 
470990 
602064 
470993 
602066 
470996 
602068 
602070 
470999 
602073 
471004 
602076 
471006 
602079 
471008 
471010 
602082 
471013 
602087 
602089 
471018 
602091 
602093 
471023 
602096 
602098 
471028 
602100 
602102 
602105 
602108 
471037 
602111 
471040 
602114 
471043 
471046 
602119 
602121 
471051 
602123 
471053 
602125 
471055 
602128 
471057 
602130 
471060 
602132 
602134 
471065 
602137 
602140 
471070 
602143 
602146 
471075 
602151 
602153 
602155 
471084 
602157 
471087 
602160 
471090 
602162 
602164 
471093 
602166 
602169 
471098 
471100 
602172 
471102 
602175 
471104 
602178 
471107 
602183 
471112 
602185 
602187 
471117 
602189 
602192 
471122 
602194 
602196 
602198 
602201 
471131 
602204 
471134 
602207 
471137 
602210 
471140 
602215 
471145 
602217 
471147 
602219 
471149 
602221 
471151 
602224 
471154 
602226 
602228 
602230 
471159 
602233 
471164 
602236 
602239 
471169 
602242 
602247 
602249 
471178 
602251 
471181 
602253 
471184 
602256 
602258 
471187 
602260 
602262 
471192 
602265 
471194 
471196 
602268 
471198 
602271 
471201 
602274 
471206 
602279 
602281 
471211 
602283 
602285 
471216 
602288 
602290 
602292 
602294 
471225 
602297 
471228 
602300 
471231 
602303 
471234 
602306 
471239 
602311 
471241 
602313 
471243 
602315 
471245 
602317 
471248 
602320 
602322 
602324 
471253 
602326 
602329 
471258 
602332 
471263 
602335 
602340 
602342 
471272 
602345 
471275 
602347 
602349 
471278 
602352 
471281 
602355 
471286 
471288 
471290 
602362 
471292 
602366 
471295 
602368 
602370 
471300 
602372 
602375 
471305 
602377 
602379 
602381 
471310 
602384 
602387 
602390 
471319 
602393 
471322 
471325 
602398 
471328 
602400 
602402 
602404 
471333 
471335 
602407 
471337 
602409 
471339 
602411 
602413 
471342 
602416 
471347 
602419 
602422 
471352 
602425 
471357 
602430 
602432 
602434 
602436 
471366 
602439 
471369 
602441 
602443 
471372 
602445 
471375 
602448 
602451 
471380 
471382 
602454 
471384 
602457 
471386 
471389 
602462 
602464 
471394 
602466 
602468 
471399 
602471 
602473 
602475 
471404 
602477 
602480 
602483 
471413 
602486 
471416 
602489 
471419 
471422 
602494 
602496 
602498 
471427 
602500 
471429 
471431 
602503 
471433 
602505 
602507 
471436 
602509 
471440 
602512 
602515 
471444 
602518 
471448 
602521 
602526 
471455 
602528 
471458 
602530 
602532 
471461 
602535 
471464 
602537 
602539 
471469 
602541 
471470 
471471 
471472 
602544 
602547 
602550 
471479 
602553 
471483 
602558 
471487 
602560 
602562 
471491 
602564 
602567 
602569 
471498 
602571 
602573 
471502 
602576 
471506 
602579 
471510 
602582 
602585 
471517 
602590 
471520 
602592 
602594 
471523 
602596 
471526 
602599 
602601 
471531 
602603 
602605 
471535 
602608 
471539 
602611 
602614 
471543 
602617 
471550 
602622 
602624 
471553 
602626 
471556 
602628 
471559 
602631 
602633 
602635 
471564 
602637 
471568 
602640 
602643 
471572 
602646 
471576 
602649 
602654 
471583 
602656 
602658 
471587 
602660 
471591 
602663 
602665 
471595 
602667 
602669 
602672 
471602 
602675 
471606 
602678 
602681 
471610 
471614 
602686 
602688 
602690 
602692 
471621 
602695 
471625 
602697 
602699 
471629 
602701 
602704 
471633 
602707 
602710 
471640 
602713 
471644 
602718 
471648 
602720 
602722 
471652 
602724 
602727 
602729 
471659 
602731 
602733 
471663 
602736 
471667 
602739 
602742 
471671 
602745 
471678 
602750 
602752 
471681 
602754 
471684 
602756 
471687 
602759 
602761 
602763 
471692 
602765 
602768 
471697 
602771 
471702 
602774 
602777 
471707 
602782 
602784 
602786 
471716 
602788 
471719 
602791 
602793 
471722 
602795 
471725 
602797 
602800 
471730 
602803 
602806 
471735 
602809 
602814 
602816 
471745 
602818 
602820 
471749 
602823 
471753 
602825 
602827 
471757 
602829 
602832 
602835 
471764 
602838 
471768 
602841 
471772 
602846 
471776 
602848 
602850 
602852 
471783 
602855 
602857 
602859 
602861 
471790 
602864 
602867 
471797 
602870 
602873 
471804 
602878 
602880 
602882 
602884 
602887 
471817 
602889 
602891 
471820 
602893 
471823 
602896 
471826 
602899 
602902 
471831 
602905 
471835 
602910 
471839 
602912 
602914 
471843 
602917 
602919 
602921 
471850 
602923 
471853 
602926 
471856 
602929 
471859 
602932 
471864 
602937 
602939 
471868 
602942 
471872 
602944 
602947 
471876 
602954 
471883 
602957 
471886 
602960 
471889 
602962 
471892 
602964 
602966 
471897 
602969 
602971 
471901 
602973 
602975 
471905 
602978 
471909 
602981 
602984 
602987 
471916 
471919 
602992 
471922 
602994 
602996 
471925 
602998 
603001 
471930 
603003 
603005 
471934 
603007 
471938 
603010 
603013 
471942 
603016 
603019 
471949 
471952 
603024 
603026 
471955 
603028 
471958 
603030 
603033 
471963 
603035 
603037 
471967 
603039 
603042 
471971 
603045 
471975 
603048 
603051 
471982 
603056 
471985 
603058 
471988 
603060 
603062 
471991 
603065 
603067 
471996 
603069 
603071 
472000 
603074 
472004 
603077 
472008 
603080 
603083 
472015 
603088 
472018 
603090 
603092 
472021 
603094 
472024 
603097 
603099 
472029 
603101 
603103 
472033 
603106 
472037 
603109 
603112 
472041 
603115 
472048 
603120 
603122 
472051 
603124 
472054 
603126 
472057 
603129 
603131 
603133 
472062 
603135 
472066 
603138 
603141 
472070 
603144 
472074 
603147 
603152 
472081 
603154 
472084 
603156 
603158 
472087 
603161 
472090 
603163 
603165 
472095 
603167 
603170 
472099 
603173 
472103 
603176 
472107 
603179 
603184 
472114 
603186 
603188 
472117 
603190 
472120 
603193 
472123 
603195 
603197 
603199 
472128 
603202 
472132 
603205 
472136 
603208 
603211 
472140 
603216 
603218 
472147 
603220 
472150 
603222 
472153 
603225 
603227 
472156 
603229 
603231 
472161 
603234 
472165 
603237 
603240 
472169 
603243 
472173 
603248 
603250 
472180 
603252 
603254 
472183 
603257 
472186 
603259 
472189 
603261 
603263 
472194 
603266 
603269 
472198 
603272 
472202 
603275 
472206 
603280 
603282 
603284 
472213 
603286 
472216 
603289 
472219 
603291 
603293 
472222 
603295 
603298 
472227 
603301 
472231 
603304 
472235 
603307 
472239 
603312 
603314 
603316 
472246 
603318 
472249 
603321 
603323 
472252 
603325 
472255 
603327 
603330 
472260 
603333 
472264 
603336 
603339 
472268 
472272 
603344 
603346 
603348 
603350 
472279 
603353 
603355 
472284 
603357 
603359 
472289 
603362 
603365 
472294 
603368 
603371 
472303 
603376 
472306 
603378 
603380 
472309 
603382 
472312 
603385 
603387 
472317 
603389 
603391 
472321 
603394 
472325 
603397 
603400 
472329 
603403 
472336 
603408 
603410 
472339 
603412 
472342 
603414 
472345 
603417 
603419 
603421 
472350 
603423 
472354 
603426 
603429 
472358 
603432 
472362 
603435 
603440 
472369 
603442 
472372 
603444 
603446 
472375 
603449 
472378 
603451 
603453 
472383 
603455 
603458 
472387 
603461 
472391 
603464 
472395 
603467 
603472 
472402 
603474 
603476 
472405 
603478 
472408 
603481 
472411 
603483 
603485 
603487 
472416 
603490 
472420 
603493 
472424 
603496 
603499 
472428 
603504 
603506 
472435 
603508 
472438 
603511 
472441 
603513 
603515 
472444 
603517 
603520 
472449 
603523 
472453 
603526 
472457 
603531 
472461 
603534 
603536 
603539 
472468 
472471 
603544 
472474 
603546 
603548 
472477 
603551 
603553 
472482 
603556 
472486 
603559 
472490 
603564 
472494 
603566 
603568 
603571 
472501 
603574 
472504 
603577 
472507 
603581 
472510 
603584 
472515 
603589 
472519 
603591 
603593 
472523 
603595 
603598 
472527 
603600 
603602 
603604 
472534 
603607 
472537 
603610 
472540 
603613 
472543 
603616 
472548 
603621 
603623 
472552 
603625 
603627 
472556 
603630 
472560 
603632 
603634 
603636 
472567 
603639 
472570 
603642 
472573 
603645 
472576 
603648 
472581 
603653 
603655 
603657 
603659 
472589 
603662 
603664 
603666 
603668 
472598 
603671 
603674 
603677 
472606 
603680 
603685 
472615 
603687 
603689 
472619 
603691 
603694 
472623 
603696 
603698 
472627 
603700 
603703 
472634 
603706 
603709 
472638 
603712 
472642 
603717 
472646 
603719 
603721 
603723 
603726 
472656 
603728 
603730 
603732 
603735 
472664 
603738 
603741 
472671 
603744 
472676 
603749 
603751 
603753 
603755 
603758 
472687 
603760 
472690 
603762 
603764 
472693 
603767 
472696 
603770 
472701 
603773 
472703 
603776 
472705 
472707 
603781 
472710 
603783 
472713 
603785 
603787 
472716 
603790 
472719 
603792 
603794 
472724 
603796 
472727 
603799 
472730 
603802 
472733 
603805 
603808 
472738 
472741 
603813 
603815 
472744 
603817 
472747 
603819 
603822 
472752 
603824 
603826 
472756 
603828 
603831 
472760 
603834 
472764 
603837 
603840 
472771 
472773 
603845 
472775 
603847 
472777 
603849 
603851 
472780 
472782 
603854 
472784 
603856 
472786 
603858 
603860 
472789 
603863 
472793 
603866 
603869 
472798 
603872 
472803 
603877 
472807 
603879 
603881 
603883 
472814 
603886 
603888 
472818 
603890 
603892 
472823 
603895 
603898 
472828 
603901 
472832 
603904 
603909 
472839 
603911 
603913 
472842 
603915 
472845 
603918 
472848 
603920 
603922 
603924 
472853 
603927 
472857 
603930 
472861 
603933 
603936 
472865 
603941 
603943 
472872 
603945 
603947 
472876 
603950 
603952 
472881 
603954 
603956 
472886 
603959 
472890 
603962 
603965 
603968 
472897 
472901 
603973 
603975 
603977 
472906 
603979 
472909 
603982 
472912 
603984 
603986 
603988 
472917 
603991 
472921 
603994 
472924 
603997 
604000 
472929 
604005 
472934 
604007 
604009 
472938 
604011 
604014 
604016 
472945 
604018 
604020 
472950 
604023 
604026 
472955 
604029 
472960 
604032 
604037 
604039 
472969 
604041 
604043 
472972 
604046 
472975 
604048 
604050 
472980 
604052 
472982 
604055 
472984 
604058 
472987 
604061 
472990 
604064 
472995 
604069 
472998 
604071 
604073 
473003 
604076 
473006 
604078 
604080 
473009 
604082 
473012 
604085 
604088 
473017 
604091 
473021 
604096 
473025 
604099 
473029 
604101 
604104 
473036 
604110 
473039 
604113 
473042 
473045 
473047 
604119 
473050 
604124 
473053 
473056 
604130 
473059 
604132 
604134 
473064 
604137 
473068 
604140 
604143 
473072 
604147 
473076 
604150 
473083 
604155 
604157 
473086 
604159 
473089 
604161 
473092 
604164 
604166 
604168 
473097 
604170 
473101 
604173 
604176 
473105 
604179 
473109 
604182 
604187 
473116 
604189 
473119 
604191 
604193 
473122 
604196 
473125 
604198 
604200 
473130 
604202 
604205 
473134 
604208 
473138 
604211 
473142 
604214 
604219 
473149 
604221 
604223 
473152 
604225 
473155 
604228 
473158 
604230 
604232 
604234 
473163 
604237 
473167 
604240 
473171 
604243 
604246 
473175 
604251 
604253 
473182 
604255 
473185 
604257 
473188 
604260 
604262 
473191 
604264 
604266 
473196 
604269 
473199 
604272 
473202 
604275 
473205 
604278 
473210 
604283 
473213 
604285 
604287 
473216 
604289 
473219 
604292 
604294 
473224 
604296 
604298 
473228 
604301 
473232 
604304 
604307 
473236 
604310 
473243 
604315 
604317 
604319 
473248 
604321 
604324 
473253 
604326 
604328 
473258 
604330 
604333 
604336 
473267 
604339 
604342 
473272 
604347 
473277 
604349 
604351 
604353 
473283 
604356 
473286 
604358 
604360 
473289 
604362 
473292 
604365 
604368 
473297 
604371 
473301 
604374 
473305 
604379 
473309 
604381 
604383 
604385 
473316 
604388 
604390 
473319 
604392 
473322 
604394 
473325 
604397 
473328 
604400 
473331 
604403 
604406 
473336 
604411 
473340 
604413 
604415 
473344 
604417 
473348 
604420 
604422 
604424 
604426 
473355 
604429 
473360 
604432 
604435 
473365 
604438 
473370 
604443 
604445 
604447 
604449 
473379 
604452 
473382 
604454 
604456 
473385 
604458 
473388 
604461 
604464 
473393 
604467 
473397 
604470 
473401 
604475 
473405 
604477 
604479 
604481 
473412 
604484 
604486 
473415 
604488 
473418 
604490 
473421 
604493 
604496 
473426 
604499 
473429 
604502 
473432 
473435 
604507 
604509 
604511 
473440 
604513 
473443 
604516 
473446 
604518 
604520 
473449 
604522 
604525 
473454 
604528 
473457 
604531 
473460 
604534 
473463 
604539 
473468 
604541 
604543 
473472 
604545 
473476 
604548 
604550 
473480 
604552 
604554 
604557 
473487 
604560 
473490 
604563 
473493 
604566 
473496 
604571 
473501 
604573 
604575 
473504 
604577 
473507 
604580 
473510 
604582 
604584 
604586 
473515 
604589 
473518 
604592 
473521 
604595 
473524 
604598 
473529 
604603 
473532 
604605 
473535 
604607 
604609 
473538 
604612 
604614 
473543 
604616 
473546 
604618 
473549 
604621 
473552 
604624 
604627 
473557 
604630 
473560 
473563 
604635 
604637 
473566 
604639 
604642 
473571 
604644 
473574 
604646 
604648 
473577 
604651 
473580 
604655 
473585 
604658 
473588 
473591 
604663 
473594 
604666 
604669 
473599 
604671 
604673 
473602 
604676 
473605 
473608 
604680 
604683 
473613 
473616 
604688 
473619 
604691 
473622 
604694 
604696 
604698 
473627 
604701 
473630 
604704 
473633 
604706 
473636 
604709 
473641 
604714 
473644 
473647 
604720 
473650 
604722 
604724 
473655 
604727 
473658 
604730 
473661 
604733 
473664 
604737 
604740 
473669 
473672 
604745 
473675 
604747 
604749 
473678 
604751 
604754 
473683 
604756 
473686 
604758 
604760 
473689 
604763 
473692 
604766 
473697 
604769 
473700 
604772 
473703 
604777 
473706 
604779 
604781 
473711 
604783 
473714 
604786 
604788 
473717 
604790 
473720 
604792 
604795 
473725 
604798 
473728 
604801 
473731 
604804 
473734 
604809 
473739 
604811 
604813 
473742 
604815 
473745 
604818 
473748 
604820 
604822 
604824 
473753 
604827 
473756 
604830 
473759 
604833 
473762 
604836 
473767 
604841 
473770 
604843 
473773 
604845 
604847 
473776 
604850 
604852 
473781 
604854 
473784 
604856 
473787 
604859 
473790 
604862 
604865 
473795 
604868 
473798 
473801 
604873 
604875 
473804 
604877 
604879 
473809 
604882 
473812 
604884 
604886 
473815 
604888 
473818 
604891 
604894 
473823 
604897 
473826 
604900 
473829 
473832 
604905 
604907 
473837 
604909 
604911 
473840 
604914 
473843 
604916 
473846 
604918 
604920 
473851 
604923 
473854 
604926 
473857 
604929 
473860 
604932 
473865 
604937 
604939 
473868 
604941 
473871 
604943 
473874 
604946 
604948 
604950 
473879 
604952 
473882 
604955 
473885 
604958 
473888 
604961 
604964 
473893 
473896 
604969 
473899 
604971 
604973 
473902 
604975 
604978 
473907 
604980 
473910 
604982 
604984 
473913 
604987 
473916 
604990 
473921 
604993 
473924 
604996 
473927 
605001 
473930 
605003 
605005 
473935 
605007 
473938 
605010 
605012 
473941 
605014 
473944 
605016 
605019 
473949 
605022 
473952 
605025 
473955 
605028 
473958 
605033 
473963 
605035 
605037 
473966 
605039 
473969 
605042 
473972 
605044 
605046 
605048 
473977 
605051 
473980 
605054 
473983 
605057 
473986 
605060 
473991 
605065 
473994 
605067 
473997 
605069 
605071 
474000 
605074 
605076 
474005 
605078 
474008 
605080 
474011 
605083 
474014 
605086 
605089 
474019 
605092 
474022 
474025 
605097 
605099 
474028 
605101 
605103 
474033 
605106 
605108 
474037 
605110 
605112 
474041 
605115 
474045 
605118 
605121 
474052 
605124 
474057 
605129 
605131 
605133 
474062 
605135 
605138 
474067 
605140 
605142 
605144 
605147 
474076 
605150 
474080 
605153 
474084 
605156 
474088 
605161 
605163 
605165 
474095 
605167 
474098 
605170 
605172 
605174 
474103 
605176 
605179 
474110 
605182 
474113 
605185 
474116 
605188 
474119 
605193 
605195 
474124 
605197 
605199 
474128 
605202 
474132 
605204 
605206 
474136 
605208 
605211 
605214 
474143 
605217 
474146 
605220 
474149 
474152 
605225 
474154 
605227 
474157 
605229 
605231 
474160 
605234 
474163 
605236 
474166 
605238 
605240 
474171 
605243 
605246 
474175 
605249 
474179 
605252 
474183 
605257 
605259 
605261 
474190 
605263 
605266 
474195 
605268 
605270 
474200 
605272 
605275 
474205 
605278 
605281 
605284 
474214 
605289 
474219 
605291 
605293 
605295 
474224 
605298 
605300 
474229 
605302 
605304 
605307 
605309 
474238 
605311 
474241 
605313 
474244 
605316 
474247 
605320 
605322 
474252 
605325 
474256 
605329 
474260 
605334 
474264 
605336 
605338 
605341 
474271 
605344 
605347 
605351 
474281 
605354 
474286 
605359 
605361 
474291 
605363 
605365 
474296 
605368 
605370 
605372 
605374 
474305 
605377 
605380 
474310 
605383 
605386 
474315 
605391 
474320 
605393 
605395 
605397 
605400 
474329 
605402 
605404 
474333 
605406 
474337 
605409 
605412 
474341 
605415 
605418 
474348 
605423 
474353 
605425 
605427 
605429 
474358 
605432 
605434 
474363 
605436 
605438 
605441 
474372 
605444 
605447 
474377 
605450 
474382 
605455 
605457 
474387 
605459 
605461 
605464 
605466 
474396 
605468 
605470 
474400 
605473 
474404 
605476 
605479 
474408 
605482 
474415 
605487 
605489 
605491 
474420 
605493 
605496 
474425 
605498 
605500 
474430 
605502 
605505 
605508 
474439 
605511 
474442 
605514 
474445 
605519 
474448 
605521 
605523 
474453 
605525 
474456 
605528 
605530 
474459 
605532 
474462 
605534 
605537 
474467 
605540 
474470 
605543 
474473 
605546 
474476 
605551 
474481 
605553 
605555 
474484 
605557 
474487 
605560 
474490 
605562 
605564 
605566 
474495 
605569 
474499 
605572 
474503 
605575 
605578 
474507 
605583 
605585 
474514 
605587 
474517 
605589 
474520 
605592 
605594 
474523 
605596 
474526 
605598 
605601 
474531 
605604 
474535 
605607 
474538 
605610 
474543 
605615 
605617 
474546 
605619 
474549 
605621 
605624 
474554 
605626 
605628 
474558 
605630 
605633 
605636 
474565 
474567 
605639 
474569 
605642 
474572 
474575 
605647 
474577 
605649 
605651 
474580 
605653 
474583 
605656 
474586 
605658 
605660 
474589 
605662 
605665 
474594 
605668 
474598 
605671 
474602 
605674 
474606 
605679 
605681 
605683 
474613 
605685 
474616 
605688 
605690 
474619 
605692 
474622 
605694 
605697 
474627 
605700 
474631 
605703 
605706 
474635 
474639 
605711 
605713 
605715 
605717 
474646 
605720 
474649 
605722 
474652 
605724 
605726 
474655 
605729 
474660 
605732 
605735 
474664 
605738 
474668 
605743 
474672 
605745 
605747 
605749 
474679 
605752 
605754 
474684 
605756 
605758 
605761 
474691 
605764 
605767 
474696 
605770 
474701 
605775 
605777 
474706 
605779 
605781 
605784 
605786 
474715 
605788 
605790 
474720 
605793 
605796 
474725 
605799 
474730 
605802 
605807 
605809 
474739 
605811 
605813 
474743 
605816 
605818 
474747 
605820 
605822 
474751 
605825 
605828 
474758 
605831 
605834 
474763 
605839 
474768 
605841 
605843 
474773 
605845 
605848 
605850 
605852 
474782 
605854 
474785 
605857 
474788 
605860 
474791 
605863 
605866 
474796 
474799 
605871 
605873 
474802 
605875 
474805 
605877 
605880 
474810 
605882 
605884 
474813 
605886 
474816 
605889 
474819 
605892 
605895 
474824 
605898 
474827 
474830 
605903 
474833 
605905 
605907 
605909 
474838 
605912 
474842 
605914 
605916 
474846 
605918 
605921 
474850 
605924 
605927 
474857 
605930 
474860 
474863 
605935 
605937 
474866 
605939 
605941 
474871 
605944 
605946 
474875 
605948 
605950 
474879 
605953 
474883 
605956 
605959 
474890 
605962 
474892 
474894 
605967 
474896 
605969 
474899 
605971 
605973 
474902 
605976 
474905 
605978 
474908 
605980 
605982 
474913 
605985 
474916 
605988 
474919 
605991 
474922 
605994 
474927 
605999 
606001 
606003 
606005 
474934 
474936 
606008 
474938 
606010 
474940 
606012 
606014 
474943 
474945 
606017 
474947 
606019 
474949 
606021 
606023 
474952 
606026 
474955 
606029 
474958 
606031 
474961 
606034 
606036 
474966 
606038 
606040 
474970 
606043 
474974 
606046 
606049 
474978 
606052 
474985 
606057 
606060 
474989 
606062 
474993 
606065 
606067 
474997 
606069 
606071 
606074 
475004 
606077 
475007 
606080 
475010 
606083 
475013 
606088 
475018 
606090 
606092 
475022 
606094 
606097 
475026 
606099 
606101 
475030 
606103 
606106 
475037 
606109 
475040 
606112 
475043 
606115 
475046 
606120 
606122 
475051 
606124 
606126 
475055 
606129 
475059 
606131 
606133 
475063 
606135 
606138 
606141 
475070 
606144 
475074 
606147 
475078 
606152 
475082 
606154 
606156 
606158 
475089 
606161 
606163 
606165 
475094 
606167 
606170 
475099 
606173 
475104 
606176 
606179 
606184 
475113 
606186 
606188 
475118 
606190 
606193 
475123 
606195 
606197 
606199 
475128 
606202 
606205 
606208 
475137 
606211 
475141 
606216 
475145 
606218 
606220 
475149 
606222 
606225 
606227 
475156 
606229 
606231 
475161 
606234 
606237 
475166 
606240 
475171 
606243 
606248 
606250 
475180 
606252 
606254 
475183 
606257 
475186 
606259 
475189 
606261 
606263 
475194 
606266 
475197 
606269 
475200 
606272 
475203 
606275 
475208 
606280 
606282 
475211 
606284 
475214 
606286 
475217 
606289 
606291 
606293 
475222 
606295 
475225 
606298 
475228 
606301 
475231 
606304 
606307 
475236 
475240 
606312 
606314 
475244 
606316 
606318 
475248 
606321 
606323 
606325 
475255 
606327 
475258 
606330 
475261 
606333 
475264 
606336 
606339 
475269 
606344 
475273 
606346 
606348 
475277 
606350 
475281 
606353 
606355 
606357 
606359 
475288 
475290 
606362 
475292 
606365 
475294 
606368 
475297 
606371 
475300 
475303 
606376 
475306 
606378 
606380 
606382 
475311 
606385 
475314 
606387 
475317 
606389 
606391 
475320 
606394 
606397 
606400 
475329 
475331 
606403 
475333 
475335 
606408 
475338 
606410 
475340 
606412 
475342 
606414 
475344 
606417 
475347 
606419 
606421 
475350 
606423 
475353 
606426 
475356 
606429 
606432 
475361 
606435 
475365 
606440 
475369 
606442 
606444 
475373 
606446 
606449 
606451 
475380 
606453 
606455 
475385 
606458 
606461 
475390 
606464 
475395 
606467 
606472 
606474 
475404 
606476 
606478 
475407 
606481 
475410 
606483 
475413 
606485 
606487 
475418 
606490 
606493 
475422 
606496 
475426 
606499 
475430 
606504 
606506 
606508 
475437 
606510 
475441 
606513 
606515 
475445 
606517 
606519 
475449 
606522 
606525 
475456 
606528 
606531 
475461 
606536 
475466 
606538 
606540 
606542 
475471 
606545 
606547 
606549 
606551 
475480 
606554 
475485 
606557 
606560 
475490 
606563 
475495 
606568 
606570 
606572 
606574 
475504 
606577 
606579 
475508 
606581 
606583 
475512 
606586 
475516 
606589 
606592 
475523 
606595 
475527 
606600 
606602 
475531 
606604 
606606 
475535 
606609 
606611 
606613 
475542 
606615 
475545 
606618 
475548 
606621 
475551 
606624 
606627 
475556 
475559 
606632 
475562 
606634 
606636 
475565 
606638 
606641 
475570 
606643 
475573 
606645 
606647 
475576 
606650 
475579 
606653 
475584 
606656 
606659 
475588 
475592 
606664 
606666 
475596 
606668 
606670 
606673 
475603 
606675 
606677 
475606 
606679 
475609 
606682 
475612 
606685 
606688 
475617 
475619 
606691 
475621 
475623 
606696 
475626 
606698 
606700 
475629 
606702 
475632 
606705 
475635 
606707 
606709 
606711 
475640 
606714 
475643 
606717 
475646 
606720 
475649 
606723 
475654 
606728 
606730 
475660 
606732 
606734 
475665 
606737 
606739 
606741 
606743 
475672 
475674 
606746 
475676 
606748 
475678 
606750 
606752 
475681 
475683 
606755 
475685 
606757 
475687 
606759 
606761 
475690 
606764 
475693 
606766 
475696 
606768 
606770 
475699 
606773 
475704 
606776 
606779 
475708 
606782 
475712 
606787 
475716 
606789 
606791 
606793 
475723 
606796 
606798 
475727 
606800 
606802 
475731 
606805 
475735 
606808 
606811 
475742 
606814 
475746 
606819 
606821 
475750 
606823 
606825 
475754 
606828 
606830 
606832 
475761 
606834 
606837 
475766 
606840 
475771 
606843 
606846 
475776 
606851 
606853 
606855 
475785 
606857 
475788 
606860 
606862 
475791 
606864 
475794 
606866 
606869 
475799 
606872 
475803 
606875 
606878 
475807 
475811 
606883 
606885 
606887 
606889 
475818 
606892 
475822 
606894 
606896 
475826 
606898 
606901 
475830 
606904 
606907 
475837 
606910 
475842 
606915 
606917 
475847 
606919 
606921 
475852 
606924 
606926 
606928 
606930 
475861 
606933 
606936 
475866 
606939 
606942 
475871 
606947 
475876 
606949 
606951 
606953 
606956 
475885 
606958 
606960 
606962 
475891 
606965 
606968 
475897 
606971 
606974 
475903 
606979 
606981 
606983 
606985 
475914 
606988 
606990 
475919 
606992 
606994 
475924 
606997 
607000 
475929 
607003 
607006 
475938 
607011 
607013 
475943 
607015 
607017 
475948 
607020 
607022 
607024 
475953 
607026 
607029 
607032 
475962 
607035 
607038 
475968 
607043 
607045 
475974 
607047 
607049 
475980 
607052 
607054 
607056 
607058 
607061 
475991 
607064 
607067 
475996 
607070 
476001 
607075 
607077 
476006 
607079 
607081 
607084 
607086 
476015 
607088 
607090 
476020 
607093 
607096 
476025 
607099 
476030 
607102 
607107 
607109 
476039 
607111 
607113 
476044 
607116 
607118 
607120 
476049 
607122 
607125 
476054 
607128 
607131 
607134 
476063 
607139 
476069 
607141 
607143 
607145 
476075 
607148 
607150 
607152 
476081 
607154 
607157 
607160 
607163 
476092 
607166 
476095 
476098 
607171 
476101 
607173 
607175 
607177 
476106 
607180 
607182 
476111 
607184 
607186 
476116 
607189 
607192 
476121 
607195 
607198 
476130 
607203 
607205 
476135 
607207 
607209 
476140 
607212 
607214 
607216 
476145 
607218 
607221 
607224 
476154 
607227 
607230 
476159 
607235 
476164 
607237 
607239 
476169 
607241 
607244 
607246 
607248 
476178 
607250 
476180 
607253 
476182 
476184 
607256 
476187 
607259 
476190 
607262 
476193 
607267 
476196 
607269 
607271 
476201 
607273 
476204 
607276 
607278 
476207 
607280 
476210 
607282 
607285 
476215 
607288 
476217 
476219 
607291 
476221 
607294 
476224 
476227 
607299 
607301 
476230 
607303 
476233 
607305 
607308 
476238 
607310 
607312 
476241 
607314 
476244 
607317 
476247 
607320 
607323 
476252 
607326 
476255 
476258 
607331 
476261 
607333 
607335 
607337 
476266 
476268 
607340 
476270 
607342 
476272 
607344 
607346 
476275 
476277 
607349 
476279 
607352 
476281 
607355 
476284 
607358 
476287 
476290 
607363 
476293 
607365 
607367 
607369 
476298 
476300 
607372 
476302 
607374 
476304 
607376 
607378 
476307 
607381 
476310 
607384 
476313 
607387 
476316 
607390 
476321 
607395 
476324 
607397 
476327 
607399 
607401 
476330 
607404 
607406 
476335 
607408 
476338 
607410 
476341 
607413 
476344 
607416 
607419 
476349 
607422 
476351 
476353 
476355 
607427 
607429 
476358 
607431 
476360 
607433 
476362 
476364 
607436 
607438 
476367 
607440 
476370 
607442 
476373 
607445 
476376 
607448 
607451 
476381 
607454 
476383 
476385 
476387 
607459 
607461 
476390 
607463 
476393 
607465 
476396 
607468 
607470 
476399 
607472 
607474 
476404 
607477 
476407 
607479 
607481 
476410 
607483 
476413 
607486 
607488 
476418 
607490 
607492 
476421 
607495 
476424 
607497 
476427 
607499 
607501 
476432 
607504 
476434 
607507 
476436 
476438 
607510 
476441 
607513 
476443 
476445 
607518 
476447 
607520 
476450 
607522 
607524 
476453 
607527 
476456 
607529 
476459 
607531 
607533 
476464 
607536 
476467 
607539 
476470 
607542 
476473 
607545 
476478 
607550 
607552 
476481 
607554 
476484 
607556 
476487 
607559 
607561 
607563 
476492 
607565 
476495 
607568 
476498 
607571 
476501 
607574 
607577 
476506 
476508 
476510 
607582 
476512 
607584 
607586 
476515 
607588 
476518 
607591 
476521 
607593 
607595 
476524 
607597 
607600 
476529 
476531 
607603 
476533 
607606 
476535 
607609 
476538 
476541 
607614 
476544 
607616 
607618 
476547 
607620 
607623 
476552 
607625 
476555 
607627 
607629 
476558 
607632 
476561 
607635 
476566 
607638 
607641 
476570 
476573 
607646 
607648 
476578 
607650 
607652 
476582 
607655 
607657 
476586 
607659 
607661 
476590 
607664 
607667 
476597 
607670 
476599 
476601 
607673 
476603 
476606 
607678 
476608 
607680 
476610 
607682 
476612 
607684 
476615 
607687 
607689 
476618 
607691 
476621 
607693 
476624 
607696 
607699 
476629 
607702 
476633 
607705 
476637 
607710 
607712 
476641 
607714 
607716 
607719 
476648 
607721 
476651 
607723 
607725 
476654 
607728 
476657 
607731 
476662 
607734 
607737 
476666 
476670 
607742 
607744 
476674 
607746 
607748 
607751 
476681 
607753 
607755 
476684 
607757 
476687 
607760 
476690 
607763 
607766 
476695 
607769 
476699 
607774 
476703 
607776 
607778 
476707 
607780 
607783 
607785 
476714 
607787 
476717 
607789 
476720 
607792 
476723 
607795 
607798 
476728 
607801 
476732 
607806 
476736 
607808 
607810 
476740 
607812 
607815 
607817 
476747 
607819 
476749 
607821 
476751 
607824 
476753 
607827 
476756 
607830 
476759 
607833 
476762 
476765 
607838 
607840 
476770 
607842 
607844 
476773 
607847 
476776 
607849 
476779 
607851 
607853 
476784 
607856 
476787 
607859 
476790 
607862 
476793 
607865 
476798 
607870 
476800 
607872 
476802 
607874 
476804 
607876 
476807 
607879 
607881 
476810 
607883 
476813 
607885 
476816 
607888 
607891 
476821 
607894 
476824 
607897 
476827 
476830 
607902 
607904 
607906 
476835 
607908 
476837 
476839 
607911 
476841 
607913 
607915 
476844 
607917 
476847 
607920 
476850 
607923 
476853 
607926 
607929 
476858 
476861 
607934 
476864 
607936 
607938 
476867 
607940 
607943 
476872 
607945 
476874 
607947 
476876 
607949 
476878 
607952 
476881 
607955 
476884 
607958 
476887 
607961 
476890 
607966 
476895 
607968 
476898 
607970 
607972 
476901 
607975 
476904 
607977 
607979 
476909 
607981 
476911 
607984 
476913 
476915 
607987 
476918 
607990 
476921 
607993 
476924 
607998 
476927 
608000 
608002 
476932 
608004 
476934 
608007 
476936 
608009 
476938 
608011 
476941 
608013 
476943 
608016 
476945 
476947 
608019 
476950 
608022 
476953 
608025 
476956 
608030 
476959 
608032 
608034 
476964 
608036 
476967 
608039 
608041 
476970 
608043 
476973 
608045 
608048 
476978 
608051 
476982 
608054 
608057 
476986 
476990 
608062 
608064 
608066 
608068 
476997 
476999 
608071 
477001 
608073 
477003 
608075 
608077 
477006 
477008 
608080 
477010 
608083 
477012 
608086 
477015 
608089 
477018 
477021 
608094 
608096 
477026 
608098 
608100 
477030 
608103 
608105 
608107 
477037 
608109 
477040 
608112 
477043 
608115 
608118 
477048 
608121 
477052 
608126 
608128 
608130 
477059 
608132 
477062 
608135 
477065 
608137 
608139 
477068 
608141 
608144 
477073 
608147 
477077 
608150 
477081 
608153 
477085 
608158 
608160 
608162 
477092 
608164 
477095 
608167 
608169 
477098 
608171 
608173 
477103 
608176 
477107 
608179 
608182 
608185 
477114 
477117 
608190 
477120 
608192 
608194 
477123 
608196 
608199 
477128 
608201 
608203 
477132 
608205 
477136 
608208 
608210 
477140 
608212 
608214 
608217 
477147 
608219 
608221 
477150 
608223 
477153 
608226 
477156 
608228 
608230 
608232 
477161 
477163 
608235 
477165 
608237 
477167 
608239 
608241 
477170 
608244 
608246 
477176 
608248 
608250 
608253 
608255 
477184 
608257 
608259 
477190 
608262 
608264 
608266 
608268 
477198 
608271 
477201 
608273 
608275 
477204 
608277 
477207 
608280 
608282 
477212 
608284 
608286 
477216 
608289 
608291 
477220 
608293 
608295 
477224 
608298 
608300 
608302 
477231 
608304 
608307 
608309 
477238 
608311 
477241 
608313 
477244 
608316 
608318 
477247 
608320 
608322 
477252 
608325 
608327 
477256 
608329 
608331 
477260 
608334 
477264 
608336 
608338 
608340 
477271 
608343 
608345 
477274 
608347 
477277 
608349 
477280 
608352 
608354 
608356 
477285 
608358 
477287 
477289 
608361 
477291 
608363 
608365 
477294 
608367 
608370 
608372 
477301 
608374 
608376 
608379 
477308 
608381 
608383 
608385 
477315 
608388 
608390 
608392 
608394 
608397 
608399 
477328 
608401 
477331 
608403 
477334 
608406 
608408 
477337 
608410 
608412 
477342 
608415 
608417 
477346 
608419 
608421 
477350 
608424 
477354 
608426 
608428 
608430 
477361 
608433 
608435 
477364 
608437 
477367 
608439 
477370 
608442 
608444 
608446 
477375 
608448 
477379 
608451 
608453 
477383 
608455 
608457 
477387 
608460 
608462 
608464 
477394 
608466 
477397 
608469 
608471 
477400 
608473 
477403 
608475 
608478 
477408 
608480 
608482 
477412 
608484 
608487 
477416 
608489 
608491 
477420 
608493 
608496 
608498 
477427 
608500 
608502 
477431 
608505 
477435 
608507 
608509 
477439 
608511 
608514 
608516 
477446 
608518 
608520 
477450 
608523 
608525 
477454 
608527 
608529 
477458 
608532 
608534 
608536 
477465 
608538 
477468 
608541 
477471 
608543 
608545 
608547 
477476 
608550 
477480 
608552 
608554 
608556 
477487 
608559 
608561 
608563 
477493 
608565 
608568 
608570 
608572 
477501 
608574 
608577 
608579 
608581 
477510 
608583 
608586 
608588 
477518 
608590 
608592 
608595 
477525 
608597 
608599 
608601 
477530 
608604 
608606 
608608 
477537 
608610 
477541 
608613 
608615 
477545 
608617 
608619 
477549 
608622 
608624 
608626 
477556 
608628 
608631 
477560 
608633 
608635 
477564 
608637 
477568 
608640 
608642 
608644 
608646 
477575 
608649 
477578 
608651 
477581 
608653 
608655 
477584 
608658 
608660 
477589 
608662 
608664 
477593 
608667 
477597 
608669 
608671 
477601 
608673 
608676 
608678 
477608 
608680 
608682 
477611 
608685 
477614 
608687 
477617 
608689 
608691 
477622 
608694 
608696 
477626 
608698 
608700 
477630 
608703 
608705 
477634 
608707 
608709 
608712 
477641 
608714 
608716 
477645 
608718 
477649 
608721 
608723 
477653 
608725 
608727 
608730 
477660 
608732 
608734 
608736 
477665 
608739 
608741 
477670 
608743 
608745 
477675 
608748 
608750 
608752 
608754 
477684 
608757 
477687 
608759 
608761 
477690 
608763 
477693 
608766 
608768 
477698 
608770 
608772 
477702 
608775 
608777 
477706 
608779 
608781 
477710 
608784 
608786 
608788 
477717 
608790 
477720 
608793 
477723 
608795 
608797 
477726 
608799 
608802 
477731 
608804 
608806 
477735 
608808 
477739 
608811 
608813 
477743 
608815 
608817 
608820 
477750 
608822 
608824 
477753 
608826 
477756 
608829 
608830 
477759 
608831 
608832 
608833 
608835 
477764 
608837 
477767 
608839 
477770 
608842 
608844 
477773 
608846 
608848 
477778 
608851 
477782 
608854 
608857 
477786 
608860 
477790 
608865 
608867 
608869 
608871 
477801 
608874 
477804 
608876 
608878 
477807 
608880 
477810 
608883 
608886 
477815 
477817 
608889 
477819 
608892 
477821 
477824 
608897 
477827 
608899 
608901 
477830 
608903 
477833 
608906 
608908 
477838 
608910 
608912 
477842 
608915 
477846 
608918 
608921 
477850 
608924 
608929 
608931 
608933 
608935 
608938 
608940 
608942 
477871 
608944 
608947 
477876 
608950 
477879 
608953 
477882 
608956 
477885 
608961 
477890 
477892 
608964 
477894 
608966 
477896 
608969 
477899 
608971 
608973 
477902 
608975 
477905 
608978 
477908 
608981 
608984 
477913 
608987 
477917 
608992 
477921 
608995 
477925 
608998 
609000 
609002 
477932 
609005 
477935 
609007 
609009 
477938 
609012 
477941 
609015 
609017 
477946 
609020 
477950 
609023 
609025 
477954 
609028 
477958 
609031 
609034 
477965 
609037 
477969 
609042 
609044 
477973 
609046 
477977 
609049 
609051 
609053 
609055 
477984 
609058 
477988 
609061 
477992 
609064 
477996 
609069 
609072 
609074 
478003 
609077 
478008 
478013 
609085 
609088 
478018 
609094 
609097 
478027 
609100 
478031 
478035 
609107 
609109 
478039 
609111 
609114 
609117 
478046 
609120 
478049 
478052 
609124 
478055 
609127 
478060 
609132 
609134 
478063 
609136 
478066 
609138 
478069 
609141 
609143 
609145 
478074 
609147 
478078 
609150 
609153 
478082 
609156 
478086 
609159 
609164 
478093 
609166 
609168 
478097 
609170 
478101 
609173 
609175 
478105 
609177 
609179 
609182 
478112 
609184 
609186 
478115 
609188 
478118 
609191 
478121 
609193 
609195 
609197 
478126 
609200 
478129 
609202 
478132 
609204 
609206 
478135 
609209 
478140 
609212 
609215 
478144 
609218 
478148 
478152 
609228 
478159 
609231 
609234 
478163 
478167 
609240 
478171 
609244 
609247 
478178 
609250 
478181 
609253 
478184 
609258 
478187 
609260 
609262 
478192 
609264 
609267 
478196 
609269 
609271 
478200 
609273 
478204 
609276 
609278 
609280 
609282 
478211 
609285 
478215 
609287 
609289 
478219 
609291 
609294 
478223 
609297 
609300 
478230 
609303 
478234 
609308 
478238 
609310 
609312 
478242 
609314 
609317 
609319 
478249 
609321 
609323 
478252 
609326 
478255 
609328 
478258 
609330 
609332 
478263 
609335 
609337 
478267 
609339 
609341 
478271 
609344 
609346 
478275 
609348 
609350 
609353 
478282 
609356 
478285 
609359 
478288 
609362 
478291 
609367 
478296 
609369 
478299 
609371 
609373 
478302 
609376 
478305 
609378 
609380 
478310 
609382 
609385 
478315 
609388 
609391 
478322 
609394 
609399 
478329 
609401 
609403 
478332 
609405 
478335 
609408 
478338 
609410 
609412 
609414 
478343 
609417 
478346 
609420 
478349 
609423 
478352 
609426 
609431 
478360 
609433 
609435 
609437 
478368 
609440 
609442 
478371 
609444 
478374 
609446 
478377 
609449 
609452 
478382 
609455 
478386 
609458 
478390 
609463 
609465 
478394 
609467 
609469 
609472 
478401 
609474 
609476 
478405 
609478 
478409 
609481 
609484 
478413 
609487 
609490 
478420 
609495 
478424 
609497 
609499 
478428 
609501 
478432 
609504 
609506 
609508 
609510 
478439 
609513 
478443 
609516 
478447 
609519 
609522 
478451 
609527 
609529 
478458 
609531 
478460 
609533 
478462 
478464 
609536 
609538 
478467 
609540 
478470 
609542 
478473 
609545 
478476 
609548 
609551 
478481 
609554 
478485 
609559 
478489 
609561 
609563 
478493 
609565 
609568 
609570 
478500 
609572 
609574 
478503 
609577 
478506 
609580 
478509 
609583 
478514 
609586 
478516 
478518 
609591 
478520 
609593 
478523 
609595 
609597 
478526 
609600 
478529 
609602 
478532 
609604 
609606 
478537 
609609 
609612 
478541 
609615 
478545 
609618 
478549 
609623 
609625 
609627 
478556 
609629 
478559 
609632 
478562 
609634 
609636 
478565 
609638 
609641 
478570 
478572 
609644 
478574 
609647 
478576 
609650 
478579 
478582 
609655 
478585 
609657 
609659 
478588 
609661 
609664 
478593 
609666 
478595 
609668 
478597 
609670 
478599 
609673 
478602 
609676 
478605 
609679 
478608 
609682 
478611 
609687 
478616 
609689 
478618 
609691 
478620 
609693 
478622 
609696 
478625 
609698 
478628 
609700 
609702 
478631 
609705 
478634 
609708 
478639 
609711 
478641 
609714 
478643 
478645 
609719 
478648 
609721 
478651 
609724 
478654 
609726 
609728 
478657 
609731 
478662 
609734 
478664 
478666 
478668 
609741 
478671 
609744 
478674 
478677 
478680 
609752 
609755 
478685 
478687 
478689 
609761 
478691 
609764 
478694 
609767 
478697 
609770 
478700 
478703 
609775 
609777 
609779 
478708 
609781 
478710 
478712 
609784 
478714 
609787 
478717 
609790 
478720 
609793 
478723 
478726 
609798 
609801 
478731 
609804 
478733 
478735 
609807 
478737 
478740 
609812 
609814 
478743 
609816 
478746 
609818 
478749 
609821 
609823 
609825 
478754 
609827 
478756 
478758 
609830 
478760 
609832 
478763 
609835 
478766 
609839 
478769 
609843 
478772 
609848 
478777 
609850 
478779 
609852 
478781 
609854 
478783 
609857 
478786 
609860 
478789 
609862 
478792 
609865 
478795 
609868 
609871 
478800 
478802 
609874 
478804 
478806 
609879 
478809 
609881 
609883 
478812 
609885 
478815 
609888 
478818 
609890 
609892 
609894 
478823 
478825 
609897 
478827 
609900 
478829 
609903 
478832 
609906 
478835 
478838 
609911 
478841 
609913 
609915 
609917 
478846 
478848 
609920 
478850 
609922 
478852 
609924 
609926 
478855 
609929 
478858 
609932 
478861 
609935 
478864 
609938 
478869 
478871 
609943 
478873 
609945 
478875 
609947 
609949 
478878 
609952 
478881 
609954 
478884 
609956 
609958 
478887 
609961 
609963 
478892 
609965 
478894 
609967 
478896 
478898 
609970 
609972 
478901 
609974 
478904 
609976 
478907 
609979 
609981 
478910 
609983 
609985 
478915 
609988 
478917 
478919 
609991 
478921 
609994 
478924 
609997 
478927 
478930 
610002 
610004 
478933 
610006 
610008 
478938 
610011 
478940 
610013 
478942 
610015 
478944 
610017 
478947 
610020 
478950 
610023 
478953 
610026 
478956 
610029 
478961 
610034 
478963 
610036 
478965 
610038 
478967 
610040 
478970 
610043 
478973 
610045 
610047 
478976 
610049 
478979 
610052 
610055 
478984 
478986 
610058 
478988 
610061 
478990 
478993 
610066 
478996 
610068 
610070 
478999 
610072 
479002 
610075 
610077 
479007 
610079 
479009 
610081 
479011 
610084 
479013 
610087 
479016 
610090 
479019 
610093 
479022 
479025 
610098 
610100 
479030 
610102 
479032 
610104 
479034 
610107 
479036 
610109 
479039 
610111 
610113 
479042 
610116 
479045 
610119 
479048 
610122 
479053 
610125 
479055 
479057 
610130 
479059 
610132 
479062 
610134 
479065 
610137 
610139 
479068 
610141 
479071 
610143 
610146 
479076 
610149 
479078 
610151 
479080 
479082 
610154 
610156 
479085 
610158 
479088 
610160 
479091 
610163 
610165 
479094 
610167 
610169 
479099 
610172 
479101 
479103 
610175 
479105 
610178 
479108 
610181 
479113 
610186 
610188 
479118 
610190 
610193 
479123 
610195 
610197 
610199 
610202 
479132 
610206 
479136 
610209 
479140 
610214 
479144 
610217 
610220 
610222 
479151 
610224 
610227 
479156 
610231 
479161 
610234 
479166 
610239 
610242 
610245 
479175 
610247 
610249 
479180 
610252 
610256 
479185 
610259 
479190 
610264 
610267 
610270 
479199 
610272 
610274 
479204 
610277 
479209 
610281 
610284 
479214 
610289 
610291 
610293 
479223 
610296 
610298 
479228 
610300 
610303 
479233 
610308 
479238 
610311 
610316 
610318 
610320 
610322 
479251 
610325 
610327 
479256 
610329 
610331 
479261 
610334 
610337 
479266 
610340 
610343 
479275 
610348 
610350 
479280 
610352 
610354 
479285 
610357 
610359 
610361 
479290 
610363 
610366 
610368 
610370 
479299 
610372 
479303 
610375 
610377 
479307 
610379 
610381 
479311 
610384 
610386 
610388 
479318 
610390 
610393 
479322 
610396 
479326 
610399 
479330 
610402 
610407 
479337 
610411 
479342 
610416 
479347 
610419 
610422 
479352 
610424 
610426 
610429 
610431 
479361 
610433 
610436 
479365 
610440 
479369 
610443 
479373 
610448 
610451 
479380 
610453 
479384 
610456 
610458 
479388 
610460 
610462 
479392 
610465 
610467 
610469 
479399 
610471 
610474 
479404 
610476 
610478 
610480 
479409 
610483 
610485 
479414 
610487 
610489 
610492 
479423 
610495 
610498 
479427 
610501 
479431 
610506 
479435 
610509 
610512 
479442 
610515 
479446 
610520 
479450 
610522 
610524 
479454 
610526 
610529 
610531 
479461 
610533 
610535 
479466 
610538 
610540 
610542 
479471 
610544 
610547 
479476 
610550 
610553 
610556 
479485 
479489 
610561 
610564 
479493 
610567 
479497 
610570 
610575 
479504 
610578 
479508 
610581 
479512 
610584 
479516 
610589 
610592 
479523 
610595 
610598 
479528 
610603 
479533 
610606 
610609 
479538 
610612 
610617 
479547 
610620 
479551 
610623 
610626 
479555 
479559 
610631 
610634 
610637 
479566 
610640 
479570 
610645 
479574 
610648 
479578 
610651 
610654 
479585 
610659 
479590 
610662 
610665 
479595 
610668 
479600 
610673 
610676 
610679 
479609 
610682 
610687 
479617 
610690 
610693 
610696 
479625 
610701 
610703 
479633 
610705 
610707 
610710 
610714 
610718 
479648 
610722 
479653 
610729 
479658 
610732 
479663 
610735 
610738 
610743 
479672 
610746 
479677 
610749 
610751 
610753 
479682 
610756 
479687 
610760 
610763 
479696 
610768 
610771 
610774 
479704 
610776 
610778 
610781 
479712 
610785 
610788 
479720 
610793 
610796 
610799 
610801 
610803 
610806 
479735 
479738 
610810 
479741 
610813 
479744 
610818 
610820 
479749 
610822 
610824 
479753 
610827 
479757 
610829 
610831 
479761 
610833 
610836 
610839 
479768 
610842 
610845 
479775 
610850 
610852 
479782 
610854 
610856 
610859 
479789 
610861 
610863 
610865 
610868 
610870 
610872 
479802 
610874 
610877 
610880 
479810 
610883 
610885 
610887 
479818 
610890 
610894 
610897 
479826 
610902 
610904 
610906 
610908 
610911 
479841 
610914 
610916 
479846 
610919 
610922 
479851 
610925 
479856 
610928 
610933 
610935 
479865 
610937 
610939 
479870 
610942 
610944 
610946 
479875 
610948 
610951 
479880 
610954 
610957 
610960 
479889 
479892 
610965 
479895 
610967 
610969 
479898 
610971 
610974 
479903 
610976 
610978 
479907 
610980 
479911 
610983 
610986 
479915 
610989 
610992 
479922 
610997 
479927 
610999 
611001 
611003 
479932 
611006 
611008 
479937 
611010 
611012 
611015 
611017 
479946 
611019 
611021 
479951 
611024 
611026 
479956 
611028 
611030 
479961 
611033 
611035 
611037 
611039 
479970 
611042 
611045 
479975 
611048 
611051 
479980 
611056 
479985 
611058 
611060 
611062 
611065 
479994 
611067 
611069 
479998 
611071 
480002 
611074 
611077 
480006 
611080 
611083 
480013 
611088 
480018 
611090 
611092 
611094 
480023 
611097 
611099 
480028 
611101 
611103 
611106 
480037 
611109 
611112 
480042 
611115 
480047 
611120 
611122 
480052 
611124 
611126 
611129 
611131 
480061 
611133 
611135 
480065 
611138 
480069 
611141 
611144 
480073 
611147 
480080 
611152 
611154 
611156 
480085 
611158 
611161 
480090 
611163 
611165 
480095 
611167 
611170 
611173 
480104 
611176 
611179 
480109 
611184 
480114 
611186 
611188 
611190 
480119 
611193 
611195 
611197 
611199 
480128 
611202 
611204 
480133 
611206 
611208 
480138 
611211 
611213 
480143 
611215 
611217 
611220 
611222 
480152 
611224 
611226 
480157 
611229 
611232 
480162 
611235 
611238 
480167 
611243 
611245 
611247 
611249 
480180 
611252 
611254 
611256 
480186 
611258 
611261 
611264 
480195 
611267 
611270 
480201 
611275 
611277 
611279 
611281 
480210 
611284 
611286 
480215 
611288 
611290 
480220 
611293 
611296 
480225 
611299 
611302 
480234 
611307 
611309 
480239 
611311 
611313 
480244 
611316 
611318 
611320 
480249 
611322 
611325 
611328 
480258 
611331 
611334 
480264 
611339 
611341 
611343 
480273 
611345 
611348 
611350 
480280 
611352 
611354 
611357 
611360 
480289 
611363 
480294 
611366 
611371 
611373 
480303 
611375 
611377 
480308 
611380 
611382 
611384 
611386 
480315 
611389 
611392 
611395 
480325 
611398 
611403 
611405 
480334 
611407 
611409 
480339 
611412 
611414 
480344 
611416 
611418 
480349 
611421 
611424 
611427 
480358 
611430 
480362 
611435 
611437 
611439 
480369 
611441 
611444 
480373 
611446 
611448 
480378 
611450 
611453 
480383 
611455 
611457 
611459 
480388 
611462 
611464 
480393 
611466 
611468 
611471 
611473 
480402 
611475 
611477 
480407 
611480 
611483 
480412 
611486 
480417 
611489 
611494 
611497 
480426 
611500 
480431 
611503 
480436 
611508 
611510 
611512 
480441 
611514 
611517 
611519 
611521 
480450 
611523 
480454 
611526 
611528 
480458 
611530 
611532 
480462 
611535 
611538 
480469 
611541 
611544 
480474 
611549 
480479 
611551 
611553 
611555 
480484 
611558 
611560 
611562 
611564 
480493 
611567 
480497 
611569 
611571 
480501 
611573 
611576 
480505 
611578 
611580 
611582 
480512 
611585 
480516 
611588 
611591 
480520 
611594 
480524 
611599 
611602 
480531 
611605 
480536 
611608 
480541 
611613 
611616 
480546 
611619 
611622 
480555 
611627 
611629 
611631 
480560 
611633 
611636 
480565 
611640 
480570 
611645 
611647 
611649 
480579 
611652 
480582 
480585 
611658 
480588 
480593 
611665 
611667 
611669 
480598 
611672 
480603 
611676 
611679 
480608 
611684 
611686 
611688 
480617 
611690 
611693 
480622 
611695 
611697 
480627 
611699 
611702 
480632 
611704 
611706 
611708 
611711 
480641 
611713 
611715 
480645 
611717 
611720 
480649 
611724 
480653 
611728 
480660 
611732 
480664 
611739 
480668 
611742 
480672 
611745 
611748 
480679 
611753 
480683 
611755 
611757 
480687 
611759 
611762 
480691 
611764 
611766 
611768 
480698 
611771 
480702 
611774 
611777 
480706 
611780 
480710 
611785 
611787 
480717 
611789 
611791 
480722 
611794 
611796 
611798 
480727 
611800 
611803 
480732 
611806 
611809 
611812 
480741 
611817 
480746 
611819 
611821 
480751 
611823 
611826 
480756 
611828 
611830 
611832 
611835 
480765 
611838 
480768 
611841 
480771 
611844 
480774 
611849 
480779 
611851 
611853 
611855 
480785 
611858 
611860 
611862 
480791 
611864 
611867 
480797 
611870 
611873 
611876 
480808 
611881 
611883 
480812 
611885 
611887 
480816 
611890 
480820 
611892 
611894 
611896 
480827 
611899 
611901 
480831 
611903 
611905 
480835 
611908 
611910 
480839 
611912 
611914 
611917 
480846 
611919 
611921 
480851 
611923 
611926 
480856 
611929 
611932 
480861 
611935 
611940 
480870 
611942 
611944 
480874 
611946 
611949 
480878 
611951 
611953 
480882 
611955 
611958 
480889 
611961 
611964 
480893 
611967 
480897 
611972 
480901 
611974 
611976 
611978 
480908 
611981 
611983 
480912 
611985 
611987 
480916 
611990 
480920 
611993 
611996 
480927 
611999 
480932 
612004 
612006 
612008 
480937 
612010 
612013 
480942 
612015 
612017 
612019 
612022 
480951 
612025 
480956 
612028 
612031 
480961 
612036 
480966 
612038 
612040 
612042 
612045 
480975 
612047 
612049 
480979 
612051 
612054 
480983 
612056 
612058 
480987 
612060 
612063 
612065 
480994 
612067 
612069 
480998 
612072 
481002 
612074 
612076 
481006 
612078 
612081 
612084 
481013 
612087 
481018 
612090 
481023 
612095 
612097 
612099 
481028 
612101 
612104 
612106 
612108 
481037 
612110 
612113 
481042 
612116 
481047 
612119 
612122 
481052 
612127 
612129 
612131 
481061 
612133 
481064 
612136 
612138 
481067 
612140 
481070 
612142 
612145 
481075 
612148 
481079 
612151 
612154 
481083 
481087 
612159 
612161 
612163 
612165 
481094 
612168 
481097 
612170 
481100 
612172 
612174 
481103 
612177 
481108 
612180 
612183 
481113 
612186 
481118 
612191 
612193 
481123 
612195 
612197 
612200 
612202 
481132 
612204 
612206 
481137 
612209 
612212 
481142 
612215 
612218 
481147 
612223 
612225 
612227 
481156 
612229 
612232 
481162 
612234 
612236 
612238 
481169 
612241 
612243 
612245 
481174 
612247 
612250 
481179 
612252 
612254 
481184 
612256 
612259 
612261 
612263 
481193 
612265 
612268 
481197 
612271 
481201 
612274 
481205 
612277 
612282 
481212 
612284 
612286 
612288 
481217 
612291 
612293 
481222 
612295 
612297 
481227 
612300 
612303 
612306 
481236 
612309 
481240 
612314 
481244 
612316 
612318 
481248 
612320 
612323 
612325 
481255 
612327 
612329 
481258 
612332 
481261 
612335 
481266 
612338 
612341 
481270 
481274 
612346 
612348 
481278 
612350 
612352 
612355 
481285 
612357 
612359 
481289 
612361 
612364 
481293 
612367 
481297 
612370 
612373 
481304 
612378 
481307 
612380 
481310 
612382 
612384 
481313 
612387 
612389 
481318 
612391 
612393 
481322 
612396 
481326 
612399 
481330 
612402 
612405 
481337 
612410 
612412 
481341 
612414 
612416 
481345 
612419 
481349 
612421 
612423 
612425 
481356 
612428 
612431 
481361 
612434 
612437 
481366 
612442 
481371 
612444 
612446 
612448 
612451 
481380 
612453 
612455 
481384 
612457 
481388 
612460 
612463 
481392 
612466 
612469 
481399 
612474 
481404 
612477 
612480 
481409 
612483 
481414 
612488 
612490 
612492 
612494 
481423 
612497 
481427 
612499 
612501 
481431 
612503 
612506 
481435 
612508 
612510 
612512 
481442 
612515 
612517 
481447 
612519 
612521 
481452 
612524 
612527 
481457 
612530 
612533 
481466 
612538 
612541 
481470 
612544 
481474 
612547 
481478 
612552 
612554 
612556 
481485 
612558 
612561 
481490 
612563 
612565 
481495 
612567 
612570 
481500 
612572 
612574 
612576 
612579 
481509 
612582 
481513 
612585 
612588 
481517 
481521 
612593 
612595 
612597 
612599 
481528 
612602 
612604 
481533 
612606 
612608 
481538 
612611 
612613 
481543 
612615 
612617 
612620 
612623 
481552 
612626 
481556 
612629 
481560 
612634 
481564 
612636 
612638 
612640 
481571 
612643 
612645 
612647 
481576 
612649 
612652 
481581 
612654 
612656 
481586 
612658 
612661 
612663 
612665 
481595 
612667 
612670 
481599 
612672 
612674 
481603 
612676 
481607 
612679 
612681 
612683 
612685 
481614 
612688 
481617 
612690 
481620 
612692 
612694 
481623 
612697 
612699 
481628 
612701 
612703 
481632 
612706 
481636 
612709 
481640 
612712 
612715 
481647 
612720 
612722 
481651 
612724 
612726 
481655 
612729 
481659 
612731 
612733 
612735 
481666 
612738 
612740 
481669 
612742 
481672 
612744 
481675 
612747 
481680 
612753 
481684 
612757 
481688 
612762 
481692 
612766 
481699 
612771 
612773 
481703 
612775 
612778 
481707 
481711 
612784 
612788 
481718 
612793 
481723 
481728 
612800 
612803 
481733 
612806 
612810 
612813 
481742 
481746 
612818 
612820 
481750 
612822 
612824 
481754 
612827 
612829 
612831 
481761 
612833 
612836 
481766 
612838 
612840 
612842 
481771 
612845 
612847 
481776 
612849 
612851 
612854 
612856 
481785 
612858 
612860 
481789 
612863 
481793 
612866 
481797 
612869 
612872 
481804 
612877 
612879 
481809 
612881 
612883 
481814 
612886 
612888 
612890 
481819 
612892 
612895 
612897 
612899 
481828 
612901 
481832 
612904 
612906 
481836 
612908 
612910 
481840 
612913 
612915 
612917 
481847 
612919 
612922 
481852 
612925 
612928 
481857 
612931 
481862 
612936 
612939 
612942 
481871 
612945 
481875 
612950 
481879 
612952 
612954 
481883 
612956 
612959 
481890 
612962 
612965 
481895 
612968 
481900 
612973 
612975 
481905 
612977 
612979 
612982 
612984 
481914 
612986 
612988 
481918 
612991 
481922 
612994 
612997 
481926 
613000 
481933 
613005 
613007 
613009 
481938 
613011 
613014 
481943 
613016 
613018 
481948 
613020 
613023 
613025 
613027 
481957 
613029 
613032 
481961 
613034 
613036 
481965 
613038 
481969 
613041 
613043 
613045 
613047 
481976 
613050 
481979 
613053 
481982 
613056 
481985 
613059 
481990 
613064 
481994 
613067 
481998 
613070 
613073 
482002 
613078 
613080 
482009 
613082 
613084 
482013 
613087 
482017 
613089 
613091 
482021 
613093 
613096 
613098 
482028 
613100 
613102 
482031 
613105 
482034 
613107 
482037 
613109 
613111 
482042 
613114 
613117 
482046 
613120 
482050 
613123 
482054 
613128 
613130 
613132 
482061 
613134 
482065 
613137 
613139 
482069 
613141 
613143 
482073 
613146 
613149 
482080 
613152 
613155 
482085 
613160 
482090 
613162 
613164 
613166 
482095 
613169 
613171 
613173 
613175 
482104 
613178 
482108 
613181 
482112 
613184 
613187 
482116 
613192 
482123 
613195 
613198 
482128 
613201 
482133 
613206 
613208 
482138 
613210 
613212 
613215 
613217 
482147 
613219 
613221 
482151 
613224 
613226 
482155 
613228 
613230 
482159 
613233 
613235 
613237 
482166 
613239 
613242 
482171 
613245 
482176 
613248 
613251 
482181 
613256 
613258 
613260 
482190 
613262 
613265 
482194 
613267 
613269 
482198 
613271 
482202 
613274 
613276 
613278 
613280 
482209 
613283 
613285 
482215 
613287 
613289 
482220 
613292 
613294 
613296 
613298 
482229 
613301 
613304 
482233 
613307 
482237 
613310 
482241 
613315 
613318 
482248 
613321 
613324 
482254 
613329 
482259 
613331 
613333 
613335 
613338 
482268 
613341 
482272 
613344 
613347 
613352 
613354 
613356 
613358 
482288 
613361 
613363 
482292 
613365 
613367 
613370 
482299 
613373 
482302 
613376 
482305 
613379 
482308 
613384 
482313 
613386 
613388 
482318 
613390 
613393 
482322 
613395 
613397 
613399 
482329 
613402 
482332 
613404 
613406 
613408 
482337 
613411 
613413 
482343 
613415 
613417 
613420 
482349 
613422 
613424 
613426 
482355 
613429 
613432 
613435 
482366 
613438 
482371 
613443 
613446 
482376 
613449 
613452 
482381 
613457 
613459 
613461 
482390 
613463 
613466 
482395 
613468 
613470 
482400 
613472 
613475 
482405 
613477 
613479 
613481 
613484 
482414 
613486 
613488 
613490 
482420 
613493 
613495 
613497 
482426 
613499 
613502 
482432 
613504 
613506 
613508 
613511 
613513 
482443 
613515 
613517 
482448 
613520 
613521 
613522 
613523 
613524 
482453 
613526 
613528 
482458 
613530 
613533 
613537 
482467 
613541 
482472 
613545 
482477 
613552 
482482 
613555 
613558 
613561 
482491 
613566 
482495 
613568 
613570 
482499 
613572 
482503 
613575 
613577 
613579 
613581 
482510 
613584 
482515 
613587 
613590 
482520 
613593 
482525 
613598 
613600 
613602 
613604 
482534 
613607 
613609 
613611 
482540 
613613 
613616 
482546 
613619 
613622 
482552 
613625 
613630 
613632 
613634 
482563 
613636 
613639 
482569 
613641 
613643 
613645 
482575 
613648 
613651 
482581 
613654 
613657 
613662 
482592 
613664 
613666 
482596 
613668 
613671 
482600 
613673 
613675 
482604 
613677 
613680 
482611 
613683 
613686 
482615 
613689 
482619 
613694 
482623 
613696 
613698 
613700 
482630 
613703 
613705 
482635 
613707 
613709 
482640 
613712 
613714 
613716 
482645 
613718 
613721 
613723 
613725 
482654 
613727 
613730 
482659 
613732 
613734 
482664 
613736 
613739 
482669 
613742 
613745 
613748 
482678 
613753 
482683 
613755 
613757 
613759 
482688 
613762 
613764 
482693 
613766 
613768 
613771 
482702 
613774 
613777 
482707 
613780 
482712 
613785 
613787 
482717 
613789 
613791 
613794 
613796 
482726 
613798 
613800 
482731 
613803 
613806 
482736 
613809 
613812 
482741 
613817 
613819 
613821 
482750 
613823 
482754 
613826 
613828 
482758 
613830 
613832 
482762 
613835 
613838 
482769 
613841 
613844 
482774 
613849 
482779 
613851 
613853 
613855 
482784 
613858 
613860 
613862 
613864 
482793 
613867 
613869 
482798 
613871 
613873 
482803 
613876 
613878 
482808 
613880 
613882 
613885 
613887 
482817 
613889 
613891 
482821 
613894 
482825 
613897 
613900 
482829 
613903 
482836 
613908 
613910 
482839 
613912 
482842 
613914 
482845 
613917 
613919 
613921 
482850 
613923 
613926 
482855 
613929 
482860 
613932 
613935 
482865 
613940 
613942 
613944 
482874 
613946 
613949 
482878 
613951 
613953 
482882 
613955 
482886 
613958 
613961 
613964 
482893 
613967 
482898 
613972 
613974 
482903 
613976 
613978 
482908 
613981 
613983 
613985 
613987 
482917 
613990 
482921 
613993 
613996 
482925 
613999 
482929 
614004 
614006 
482936 
614008 
614010 
482941 
614013 
614015 
614017 
482946 
614019 
614022 
482951 
614025 
614028 
614031 
482960 
614036 
482965 
614038 
614040 
482970 
614042 
614045 
482975 
614047 
614049 
614051 
614054 
482984 
614056 
614058 
482988 
614060 
614063 
482992 
614065 
614067 
482996 
614069 
614072 
614074 
483003 
614076 
614078 
483008 
614081 
614084 
483013 
614087 
483018 
614090 
614095 
614097 
483027 
614099 
614101 
483031 
614104 
614106 
483035 
614108 
614110 
483039 
614113 
614116 
483046 
614119 
483050 
614122 
483054 
614127 
614129 
483058 
614131 
614133 
614136 
483065 
614138 
614140 
483070 
614142 
614145 
483075 
614148 
614151 
483080 
614154 
614159 
483089 
614161 
614163 
483092 
614165 
483095 
614168 
483098 
614170 
614172 
614174 
483103 
614177 
483107 
614180 
483111 
614183 
614186 
483115 
614191 
614193 
483122 
614195 
614197 
483127 
614200 
614202 
483132 
614204 
614206 
483137 
614209 
614212 
614215 
483146 
614218 
483151 
614223 
614225 
614227 
483156 
614229 
614232 
483161 
614234 
614236 
614238 
614241 
483170 
614244 
483173 
614247 
483176 
614250 
483179 
614255 
483184 
614257 
614259 
483188 
614261 
483192 
614264 
614266 
483196 
614268 
614270 
614273 
483203 
614276 
483207 
614279 
614282 
483211 
483215 
614287 
614289 
614291 
614293 
483222 
614296 
483226 
614298 
614300 
483230 
614302 
614305 
483234 
614308 
614311 
614314 
614319 
614321 
614323 
483252 
614325 
614328 
614331 
614334 
483264 
614337 
483270 
614342 
614344 
614346 
614348 
483279 
614351 
614353 
614355 
483284 
614357 
614360 
614363 
483293 
614366 
483297 
614369 
483301 
614374 
614376 
483305 
614378 
614380 
614383 
483312 
614385 
614387 
483316 
614389 
483320 
614392 
614394 
483324 
614396 
614398 
614401 
483331 
614403 
614405 
483334 
614407 
483337 
614410 
483340 
614412 
614414 
614416 
483345 
614419 
483350 
614422 
614425 
483354 
614428 
483361 
614433 
614436 
483365 
614439 
483370 
614442 
483374 
614447 
614449 
483378 
614451 
614453 
483382 
614456 
614458 
614460 
483389 
614462 
483393 
614465 
614467 
483397 
614469 
614471 
483401 
614474 
614477 
483408 
614480 
614483 
483413 
614488 
614490 
483420 
614492 
614494 
614497 
483426 
614499 
614501 
614503 
614506 
483435 
614508 
614510 
614512 
483441 
614515 
614517 
614519 
614521 
483450 
614524 
483455 
614528 
614533 
483462 
614537 
483467 
614542 
483472 
614547 
483477 
614552 
614554 
614556 
483486 
614559 
483490 
614562 
614565 
483494 
614568 
483498 
614573 
614575 
483505 
614577 
483508 
614580 
483511 
614584 
483514 
614588 
483519 
614592 
483523 
483527 
614599 
614601 
483531 
614603 
614606 
483538 
614611 
483542 
614614 
483546 
614619 
614621 
483550 
614623 
614625 
614628 
483557 
614630 
483560 
614632 
614634 
483563 
614637 
483566 
614639 
614641 
483571 
614643 
614646 
483575 
614648 
614650 
483579 
614652 
483583 
614655 
614659 
483590 
614663 
483593 
614667 
483596 
483599 
614674 
483604 
614677 
483608 
614680 
614683 
483612 
483616 
614688 
614690 
614692 
614694 
483623 
614697 
483627 
614699 
614701 
483631 
614703 
614706 
483635 
614709 
614712 
483642 
614715 
483647 
614720 
614722 
614724 
483654 
614726 
614729 
614731 
483660 
614733 
614735 
614738 
483669 
614741 
614744 
483675 
614747 
614752 
614754 
483684 
614756 
614758 
483689 
614761 
614763 
614765 
614767 
483696 
614770 
483701 
614773 
614776 
483706 
614779 
483711 
614784 
614786 
614788 
614790 
483720 
614793 
614795 
483724 
614797 
614799 
483728 
614802 
483732 
614805 
614808 
483739 
614811 
483742 
614816 
483745 
614818 
483748 
614820 
614822 
483753 
614825 
614827 
483757 
614829 
614831 
483761 
614834 
614836 
483765 
614838 
614840 
614843 
483772 
614845 
614847 
483776 
614849 
483780 
614852 
614854 
483784 
614856 
614858 
614861 
483791 
614864 
483794 
614867 
483797 
614870 
483800 
614875 
483805 
614877 
614879 
483809 
614881 
614884 
483813 
614886 
614888 
483817 
614890 
614893 
483824 
614896 
483827 
614899 
483830 
614902 
483833 
614907 
614909 
483838 
614911 
614913 
483842 
614916 
483846 
614918 
614920 
483850 
614922 
614925 
614928 
483857 
614931 
483861 
614934 
483865 
614939 
483869 
614941 
614943 
614946 
483876 
614948 
614950 
483881 
614953 
614956 
483888 
614961 
614963 
614965 
483894 
614968 
614970 
614973 
483903 
614975 
614978 
614980 
483909 
614982 
614984 
614987 
614989 
483918 
614991 
614993 
483923 
614996 
614999 
483930 
615002 
615005 
483935 
615010 
483940 
615012 
615014 
615016 
483945 
615019 
615021 
615023 
615025 
483954 
615028 
483958 
615031 
483962 
615034 
615037 
483966 
615042 
615044 
483973 
615046 
483976 
615048 
483979 
615051 
615053 
483982 
615055 
615057 
483987 
615060 
483991 
615063 
615066 
483995 
615069 
483999 
615074 
615076 
484006 
615078 
615080 
484010 
615083 
615085 
484014 
615087 
615089 
484018 
615092 
615095 
484025 
615098 
484028 
615101 
484031 
484034 
615106 
615108 
615110 
484039 
615112 
484043 
615115 
615117 
484047 
615119 
615121 
484051 
615124 
615127 
484058 
615130 
484061 
615133 
484064 
615138 
484067 
615140 
615142 
615144 
615147 
615149 
615151 
615153 
484082 
615156 
615158 
484087 
615160 
615162 
615165 
484094 
615167 
615169 
615171 
484100 
615174 
615176 
615178 
615180 
484109 
615183 
484114 
615186 
615189 
615192 
484123 
615197 
615199 
484128 
615201 
615203 
615206 
484135 
615208 
615210 
615212 
484141 
615215 
615218 
615221 
484150 
615224 
484157 
615229 
615231 
615233 
615235 
615238 
484168 
615240 
615242 
615244 
615247 
484176 
615250 
615253 
484183 
615256 
615261 
615263 
484192 
615265 
484195 
615267 
484198 
615270 
615272 
615274 
484203 
615276 
484207 
615279 
615282 
484211 
615285 
484215 
615288 
615293 
484222 
615295 
484224 
615297 
484226 
615299 
484229 
615302 
615304 
615306 
484236 
615308 
615311 
615314 
484245 
615317 
615320 
484250 
615325 
484255 
615327 
615329 
615331 
484260 
615334 
615336 
615338 
615340 
484269 
615343 
484274 
615346 
615349 
484279 
615352 
484284 
615357 
615359 
615361 
615363 
484293 
615366 
615368 
484297 
615370 
615372 
484301 
615375 
484305 
615378 
615381 
484312 
615384 
484315 
615389 
484318 
615391 
484321 
615393 
615395 
484326 
615398 
615400 
615402 
484331 
615404 
615407 
484336 
615410 
484341 
615413 
615416 
615421 
484350 
615423 
615425 
484355 
615427 
615430 
484360 
615432 
615434 
615436 
484365 
615439 
615442 
615445 
484374 
615448 
484378 
615453 
484382 
615455 
615457 
484386 
615459 
615462 
615464 
484393 
615466 
484396 
615468 
484399 
615471 
484402 
615474 
615477 
484407 
615480 
484413 
615485 
615487 
615489 
484419 
615491 
615494 
615496 
484425 
615498 
615500 
615503 
615505 
615507 
484436 
615509 
615512 
484442 
615514 
615516 
615518 
484448 
615521 
615523 
615525 
484454 
615527 
615530 
615533 
615536 
484465 
615539 
484469 
615544 
484473 
615547 
484477 
615550 
615553 
484484 
615558 
615560 
484489 
615562 
615564 
484494 
615567 
615570 
484499 
615573 
615576 
484508 
615581 
615583 
484512 
615585 
615587 
484516 
615590 
484520 
615593 
615596 
484527 
615599 
484530 
615604 
484533 
615606 
484536 
615608 
615610 
484541 
615613 
615615 
484544 
615617 
484547 
615619 
484550 
615622 
615624 
615626 
484555 
615628 
484559 
615631 
615633 
484563 
615635 
615637 
484567 
615640 
615643 
484574 
615646 
484576 
615649 
484578 
484580 
615654 
484583 
615657 
484588 
615660 
615663 
484593 
615668 
484598 
615671 
615674 
615677 
484607 
615682 
484612 
615684 
615686 
615688 
484617 
615691 
484622 
615694 
615697 
615700 
484631 
615705 
615707 
484636 
615709 
615711 
484641 
615714 
484646 
615718 
615722 
615726 
484655 
484658 
484661 
615733 
615735 
484664 
615737 
615739 
484669 
615742 
484672 
615745 
484675 
615748 
484678 
615751 
484683 
615756 
484686 
615758 
615760 
484689 
615762 
484692 
615765 
615767 
484697 
615769 
615771 
484702 
615774 
615776 
615778 
484707 
615780 
615783 
484712 
615785 
615787 
615789 
615792 
484721 
615796 
484726 
615800 
484731 
615804 
484736 
615811 
615814 
484745 
615817 
484748 
615820 
484751 
615825 
484754 
615827 
615829 
484759 
615831 
484762 
615834 
615836 
484765 
615838 
484768 
615840 
615843 
484773 
615846 
615849 
484778 
615852 
484783 
615857 
615859 
484788 
615861 
615863 
615866 
615868 
484797 
615870 
615872 
484801 
615875 
484805 
615878 
484809 
615881 
615884 
484816 
615889 
484819 
615891 
615893 
484822 
615895 
484825 
615898 
615900 
484830 
615902 
615904 
484833 
615907 
484836 
615910 
484839 
615913 
484844 
615916 
484848 
615921 
615923 
484852 
615925 
615927 
484856 
615930 
615932 
615934 
484863 
615936 
484865 
484867 
615939 
484869 
615942 
484872 
615945 
484876 
615948 
484880 
615953 
484884 
615956 
615959 
615962 
484891 
484894 
615967 
484897 
615969 
615971 
484900 
615973 
615976 
484905 
615978 
615980 
484910 
615982 
615985 
484915 
615987 
615989 
615991 
484920 
615994 
615996 
615998 
616000 
484929 
616003 
484933 
616006 
484937 
616009 
616012 
484941 
616017 
616019 
484948 
616021 
484951 
616023 
484954 
616026 
616028 
484957 
616030 
616032 
484962 
616035 
484965 
616038 
484968 
616041 
484971 
616044 
484976 
616049 
616051 
484980 
616053 
616055 
484984 
616058 
484988 
616060 
616062 
616064 
484995 
616067 
484997 
616070 
484999 
485001 
616073 
485004 
616076 
485009 
616081 
616083 
485014 
616086 
616088 
616090 
485019 
616093 
616096 
485028 
616101 
485032 
616104 
485036 
616108 
616110 
485040 
616112 
616114 
616117 
485047 
616119 
616121 
485050 
616123 
485053 
616126 
485056 
616129 
616132 
485061 
616135 
485066 
616140 
616142 
485071 
616144 
616146 
485076 
616149 
616151 
616153 
616155 
485085 
616158 
485089 
616161 
616164 
485093 
616167 
485097 
616172 
616174 
485104 
616176 
616178 
485107 
616181 
485110 
616183 
485113 
616185 
616187 
485118 
616190 
616193 
485123 
616196 
616199 
485128 
616204 
485133 
616206 
616208 
616210 
616213 
485142 
616215 
616217 
485146 
616219 
485150 
616222 
616225 
485154 
616228 
616231 
485161 
616236 
485166 
616238 
616240 
616242 
485171 
616245 
616247 
485176 
616249 
616251 
616254 
485185 
616257 
485188 
616260 
485191 
616263 
485194 
616268 
616270 
485199 
616272 
485202 
616274 
485205 
616277 
616279 
485208 
616281 
616283 
485213 
616286 
485216 
616288 
616290 
485219 
616292 
485222 
616295 
616297 
485227 
616299 
616301 
485231 
616304 
616306 
485235 
616308 
616310 
485239 
616313 
616316 
485246 
616319 
616322 
485252 
616327 
616329 
485258 
616331 
616333 
485264 
616336 
616338 
616340 
616342 
616345 
485275 
616348 
616351 
485280 
616354 
485285 
616359 
616361 
485290 
616363 
616365 
616368 
616370 
485299 
616372 
616374 
485304 
616377 
616380 
485311 
616383 
616386 
485318 
616391 
616393 
616395 
616397 
616400 
485329 
616402 
616404 
616406 
485336 
616409 
616412 
616415 
485345 
616418 
485351 
616423 
616425 
616427 
616429 
485360 
616432 
616434 
616436 
485366 
616438 
616441 
616444 
485375 
616447 
616450 
485380 
616455 
485385 
616457 
485387 
616459 
485389 
616461 
485392 
616464 
616466 
485396 
616468 
616470 
485400 
616473 
485404 
616476 
616479 
616482 
485411 
485413 
485415 
616487 
616489 
485418 
616491 
616493 
485422 
616496 
485426 
616498 
616500 
485430 
616502 
616505 
616508 
485437 
616511 
485441 
616514 
485445 
616519 
485449 
616521 
616523 
616525 
485456 
616528 
616530 
485459 
616532 
485462 
616534 
485465 
616537 
616540 
485470 
616543 
485472 
485474 
616546 
485476 
485479 
616551 
616553 
485483 
616555 
616557 
485487 
616560 
616562 
485491 
616564 
616566 
616569 
485498 
485500 
616572 
485502 
616575 
485504 
616578 
485507 
485511 
616583 
616585 
485515 
616587 
616589 
485519 
616592 
616594 
616596 
485526 
616598 
616601 
485530 
616604 
485534 
616607 
485538 
616610 
616615 
485545 
616617 
616619 
485548 
616621 
485551 
616624 
485554 
616626 
616628 
616630 
485559 
485561 
616633 
485563 
616635 
485565 
616637 
616639 
485568 
616642 
485572 
616644 
616646 
485576 
616648 
616651 
485580 
616653 
616655 
616657 
485587 
616660 
485589 
616662 
485591 
616664 
485593 
616666 
485596 
616669 
485600 
616672 
616675 
485604 
616678 
485608 
616683 
616685 
485615 
616687 
616689 
485619 
616692 
485623 
616695 
616698 
485627 
616701 
485634 
616706 
616708 
485637 
616710 
485640 
616712 
485643 
616715 
616718 
485648 
616721 
485650 
485652 
616724 
485654 
485657 
616729 
616731 
485661 
616733 
616735 
485665 
616738 
616740 
485669 
616742 
616744 
616747 
485676 
616749 
485678 
616751 
485680 
616753 
485682 
616756 
485685 
616757 
616758 
616759 
616760 
485690 
616763 
616766 
485695 
616769 
485700 
616774 
616777 
616780 
485709 
616783 
485713 
616788 
485717 
616791 
485721 
616794 
616797 
485728 
616802 
485731 
616804 
485734 
616806 
616808 
485737 
616811 
485742 
616814 
485745 
616817 
485748 
616820 
485751 
616825 
616827 
485756 
616829 
616831 
485762 
616834 
616837 
485768 
616840 
616843 
485774 
616848 
616850 
616852 
616854 
485785 
616857 
616859 
485789 
616861 
616863 
485793 
616866 
616868 
485797 
616870 
616872 
616875 
485804 
616877 
616879 
616881 
485810 
616884 
616885 
616886 
616887 
485816 
616888 
616892 
485822 
616896 
616900 
485833 
616907 
485836 
616910 
485839 
616913 
485842 
616916 
485847 
616921 
485851 
616925 
485855 
616929 
485859 
616933 
485866 
616940 
485870 
616943 
485874 
616946 
616949 
485878 
616954 
485885 
616959 
485888 
485891 
616964 
485894 
616969 
485899 
485904 
616978 
485909 
616982 
485914 
616986 
616990 
485923 
616997 
485927 
617000 
485931 
617003 
617006 
485935 
617011 
617013 
485942 
617015 
617017 
485946 
617020 
485950 
617024 
485954 
617028 
617032 
485961 
485964 
485967 
617039 
485970 
617042 
617045 
485975 
617048 
485979 
617053 
485983 
617055 
617057 
485987 
617059 
617062 
617064 
485994 
617066 
617068 
485998 
617071 
486002 
617074 
617077 
486006 
617080 
486013 
617085 
617087 
486016 
617089 
486019 
617091 
486022 
617094 
617096 
617098 
486027 
617100 
486029 
486031 
617103 
486033 
617106 
486036 
617109 
617112 
486042 
617117 
617119 
486048 
617121 
617123 
486054 
617126 
617128 
617130 
617132 
617135 
486065 
617138 
617141 
486070 
617144 
486075 
617149 
617151 
486080 
617153 
617155 
617158 
617160 
486089 
617162 
486092 
617164 
486095 
617167 
486098 
617170 
617173 
486103 
617176 
486107 
617181 
486111 
617183 
617185 
486115 
617187 
617190 
617192 
486122 
617194 
617196 
486126 
617199 
617201 
486130 
617203 
617205 
486134 
617208 
617210 
617212 
486141 
617214 
486144 
617217 
486147 
617219 
617221 
486150 
617223 
617226 
486155 
617229 
486160 
617232 
617235 
486165 
617240 
486170 
617242 
617244 
617246 
617249 
486179 
617251 
617253 
486183 
617255 
617258 
486187 
617261 
486191 
617264 
617267 
486198 
617272 
486202 
617274 
617276 
486206 
617278 
617281 
486210 
617283 
617285 
617287 
486217 
617290 
486220 
617293 
486223 
617296 
486226 
617299 
486231 
617304 
617306 
486235 
617309 
486239 
617311 
617313 
486243 
617316 
617319 
486250 
617325 
486254 
486258 
617330 
617332 
486262 
617334 
617336 
617339 
486269 
617341 
617343 
486272 
617345 
486275 
617348 
486278 
617351 
617354 
486283 
486285 
617357 
486287 
486289 
617362 
486292 
617364 
617366 
617368 
486297 
617371 
617373 
486302 
617375 
617377 
486307 
617380 
617383 
617386 
486316 
617389 
486320 
617394 
486324 
617396 
617398 
486328 
617400 
617403 
617405 
486335 
617407 
617409 
486338 
617412 
486341 
617415 
486344 
617418 
486349 
617421 
486353 
617426 
617428 
486357 
617430 
617432 
486361 
617435 
617437 
617439 
486368 
617441 
486371 
617444 
486374 
617447 
486377 
617450 
617453 
486382 
486385 
617458 
486388 
617460 
617462 
486391 
617464 
617467 
486396 
617469 
617471 
486401 
617473 
617476 
486406 
617479 
617482 
486411 
617485 
617490 
486420 
617492 
617494 
486424 
617496 
617499 
486428 
617501 
617503 
486432 
617505 
617508 
617510 
486439 
617512 
617514 
486443 
617517 
486447 
617519 
617521 
486451 
617523 
617526 
617528 
486458 
617530 
617532 
486461 
617535 
486464 
617538 
486467 
617541 
486472 
617544 
486474 
486476 
617549 
486478 
617551 
486481 
617553 
617555 
486485 
617558 
617560 
486489 
617562 
617564 
486493 
617567 
617570 
486500 
617573 
486504 
617576 
486508 
617581 
617583 
486512 
617585 
617587 
617590 
486519 
617592 
486522 
617594 
617596 
486525 
617599 
486528 
617602 
486533 
617605 
486535 
617608 
486537 
486539 
617613 
486542 
617615 
617617 
486547 
617619 
617622 
486552 
617624 
617626 
617628 
486557 
617631 
617634 
617637 
486566 
617640 
486570 
617645 
486574 
617647 
617649 
486578 
617651 
617654 
617656 
486585 
617658 
617660 
486590 
617663 
617666 
486595 
617669 
486600 
617672 
617677 
617679 
486609 
617681 
617683 
486612 
617686 
486615 
617688 
486618 
617690 
617692 
486623 
617695 
617698 
486628 
617701 
617704 
486633 
617709 
486638 
617711 
617713 
617715 
617718 
486647 
617720 
617722 
486651 
617724 
486655 
617727 
617730 
486659 
617733 
617736 
486666 
617741 
486670 
617743 
617745 
486674 
617747 
486678 
617750 
617752 
617754 
617756 
486685 
617759 
486688 
617762 
486691 
617765 
486694 
617768 
486699 
486701 
617773 
486703 
617775 
486705 
617777 
617779 
486708 
617782 
486712 
617784 
617786 
486716 
617788 
617791 
486720 
617794 
617797 
486727 
617800 
486731 
617805 
486735 
617807 
617809 
486739 
617811 
617814 
617816 
486746 
617818 
617820 
486749 
617823 
486752 
617826 
486755 
617829 
486760 
617832 
486762 
486764 
617837 
486766 
617839 
486769 
617841 
617843 
617846 
617848 
486777 
617850 
617852 
486782 
617855 
617858 
486787 
617861 
617864 
486796 
617869 
617871 
486801 
617873 
617875 
486805 
617878 
617880 
617882 
486812 
617884 
617887 
617890 
486819 
617893 
617896 
617901 
486830 
617903 
617905 
486834 
617907 
486838 
617910 
617912 
486842 
617914 
617916 
617919 
486849 
617921 
617923 
486852 
617925 
486854 
617928 
486857 
617931 
486860 
617934 
486863 
617937 
486866 
617942 
486871 
617944 
486874 
617946 
617948 
486877 
617951 
486880 
617954 
486885 
617957 
486888 
617960 
486891 
617965 
486894 
617967 
617969 
486899 
617971 
486902 
617974 
486905 
617977 
486908 
617980 
617983 
486913 
617988 
486917 
617990 
617992 
486921 
617994 
486925 
617997 
617999 
618001 
618003 
486932 
486934 
618006 
486936 
618008 
486938 
618010 
618012 
486941 
618015 
486945 
618017 
618019 
486949 
618021 
618024 
486953 
618026 
618028 
618030 
486960 
618033 
486962 
618035 
486964 
618037 
486966 
618039 
486969 
618042 
618043 
486972 
618044 
618045 
618046 
486975 
618049 
486978 
618052 
486983 
618055 
486986 
618060 
486989 
618063 
486992 
618066 
486997 
618069 
487000 
618074 
487003 
618077 
487006 
618080 
487011 
618083 
487014 
618088 
487017 
618090 
487020 
618092 
618094 
487025 
618097 
487029 
618101 
487033 
618105 
487037 
618109 
487044 
618116 
487046 
618118 
487048 
618120 
487050 
618122 
487053 
618125 
618127 
487057 
618129 
618131 
487061 
618134 
487065 
618138 
618142 
487072 
487074 
618146 
487076 
487078 
487081 
618153 
487084 
618156 
487087 
618159 
487090 
618162 
487095 
618167 
618169 
487098 
618171 
487101 
618173 
487104 
618176 
618178 
618180 
487109 
618182 
487112 
618185 
487115 
618188 
487118 
618191 
618194 
487123 
487126 
618199 
487129 
618201 
618203 
487132 
618205 
618208 
487137 
618210 
618212 
487141 
618214 
487145 
618217 
618219 
487149 
618221 
618223 
618226 
487156 
618228 
487158 
618230 
487160 
618232 
487162 
618235 
487165 
618237 
618239 
487169 
618241 
618244 
487173 
618247 
487177 
618250 
618253 
487184 
487186 
618258 
487188 
618260 
487190 
618262 
618264 
487193 
618267 
487196 
618269 
487199 
618271 
618273 
487202 
618276 
487207 
618279 
487210 
618282 
487213 
618285 
487216 
618290 
618292 
487221 
618294 
487224 
618296 
487227 
618299 
618301 
487230 
618303 
618305 
487235 
618308 
618310 
487239 
618312 
618314 
487243 
618317 
487247 
618319 
618321 
618323 
487254 
618326 
618328 
487258 
618330 
618332 
487262 
618335 
487266 
618338 
618341 
618344 
487273 
487275 
487277 
618349 
487279 
618351 
618353 
487282 
618355 
618358 
487288 
618360 
618362 
618364 
618367 
618369 
618371 
618373 
618376 
487305 
618378 
618380 
618382 
618385 
487314 
618387 
618389 
618391 
618394 
618395 
618396 
618397 
618398 
487327 
618400 
618402 
618404 
487334 
618407 
618409 
618411 
618413 
618416 
487345 
618419 
487348 
618422 
487352 
618425 
487357 
618430 
618432 
487362 
618434 
618436 
487366 
618439 
618441 
618443 
487373 
618445 
618448 
487377 
618450 
487380 
618452 
618454 
487385 
618457 
618459 
487388 
618461 
487391 
618463 
487394 
618466 
618468 
618470 
487399 
618472 
618475 
618476 
618477 
618478 
618479 
487409 
618481 
618483 
618485 
487414 
618488 
618490 
618492 
487421 
618494 
618497 
487426 
618500 
487431 
618503 
618506 
487436 
618511 
618513 
618515 
487445 
618517 
618520 
487449 
618522 
618524 
487453 
618526 
487457 
618529 
618532 
618535 
487464 
618538 
487469 
618543 
618545 
487474 
618547 
618549 
618552 
618554 
487483 
618556 
618558 
487487 
618561 
618564 
487494 
618567 
618570 
487499 
618575 
487504 
618577 
618580 
487509 
618582 
618584 
618587 
487518 
618591 
487522 
618596 
487526 
618600 
487530 
618602 
618605 
618608 
487537 
618611 
618613 
487543 
618615 
618617 
618620 
487549 
618622 
618624 
618626 
487555 
618629 
618632 
618635 
487566 
618638 
487570 
618643 
618645 
487574 
618647 
618649 
487578 
618652 
618654 
618656 
487585 
618658 
487588 
618661 
487591 
618664 
487594 
618667 
618670 
487599 
618675 
487604 
618677 
618679 
487609 
618681 
487612 
618684 
618686 
487615 
618688 
487618 
618690 
618693 
487623 
618696 
487625 
487627 
618699 
487630 
618702 
487633 
618707 
487636 
618709 
487639 
618711 
618713 
487644 
618716 
618718 
487648 
618720 
618722 
487652 
618725 
487656 
618728 
618731 
618734 
487663 
618739 
487669 
618741 
618743 
618745 
487675 
618748 
618750 
618752 
487681 
618754 
618757 
618760 
618763 
487692 
618766 
487696 
618771 
487700 
618773 
618775 
487704 
618777 
618780 
618782 
487711 
618784 
487713 
618786 
487715 
487717 
618789 
487720 
618792 
487723 
618795 
487726 
618798 
487729 
618803 
618805 
487734 
618807 
487737 
618809 
487740 
618812 
618814 
487743 
618816 
618818 
487748 
618821 
618824 
487753 
618827 
487758 
618830 
487763 
618835 
618837 
618839 
618841 
487772 
618844 
618846 
487776 
618848 
618850 
487780 
618853 
487784 
618856 
618859 
618862 
487791 
487792 
487793 
487794 
487795 
618867 
618869 
487799 
618871 
618873 
487803 
618876 
618878 
487807 
618880 
618882 
618885 
487814 
618887 
618889 
487818 
618891 
487822 
618894 
618896 
487826 
618898 
618900 
618903 
487833 
618905 
618907 
618909 
487838 
618912 
487843 
618915 
618918 
487848 
618921 
618926 
618928 
487857 
618930 
618932 
487861 
618935 
487865 
618937 
618939 
487869 
618941 
618944 
618947 
487876 
487878 
618950 
487880 
618953 
487882 
487885 
618958 
487888 
618960 
618962 
487891 
618964 
487894 
618967 
618969 
487899 
618971 
618973 
487903 
618976 
487907 
618979 
618982 
487911 
618985 
487918 
618990 
618992 
618994 
487924 
618996 
618999 
619001 
487930 
619003 
619005 
487936 
619008 
619011 
619014 
619017 
487947 
487950 
619022 
619024 
487953 
619026 
487956 
619028 
619031 
487961 
619033 
487963 
619035 
487965 
619037 
487967 
619040 
487970 
619043 
487972 
487974 
619046 
487976 
619049 
487979 
487982 
619054 
619056 
487985 
619058 
487988 
619060 
619063 
487993 
619065 
619067 
487997 
619069 
619072 
488001 
619075 
488005 
619078 
619081 
488012 
619086 
488016 
619088 
619090 
488020 
619092 
619095 
488024 
619097 
619099 
619101 
488031 
619104 
488033 
488035 
619107 
488037 
619110 
488040 
619113 
488043 
488046 
619118 
619120 
488049 
619122 
619124 
488054 
619127 
619129 
488059 
619131 
619133 
488064 
619136 
619139 
488069 
619142 
619145 
488078 
619150 
619152 
488082 
619154 
619156 
488086 
619159 
619161 
488090 
619163 
619165 
619168 
488097 
619171 
488102 
619174 
619177 
488107 
619182 
488112 
619184 
619186 
619188 
619191 
488121 
619193 
619195 
488125 
619197 
619200 
488129 
619203 
488133 
619206 
619209 
488140 
619214 
619216 
488145 
619218 
619220 
488150 
619223 
619225 
488155 
619227 
619229 
619232 
619235 
488164 
619238 
488168 
619241 
488172 
619246 
488176 
619248 
619250 
619252 
488183 
619255 
619257 
619259 
488188 
619261 
619264 
488193 
619267 
488198 
619270 
619273 
619278 
488207 
619281 
488211 
619284 
488215 
619287 
488219 
619292 
619294 
619296 
488226 
619298 
619301 
488231 
619303 
619305 
619307 
488236 
619310 
619312 
488241 
619314 
619316 
619319 
488250 
619322 
619325 
488254 
619328 
488258 
619333 
488262 
619335 
619337 
619339 
488269 
619342 
619344 
619346 
488275 
619348 
619351 
488281 
619353 
619355 
619357 
488287 
619360 
619363 
619366 
619369 
488298 
488300 
488302 
619374 
488304 
619378 
488307 
488310 
619382 
488313 
619386 
488316 
488321 
619393 
619395 
488325 
619397 
619399 
488329 
619402 
488333 
619406 
619410 
488340 
488342 
619414 
488344 
488346 
488349 
619421 
619423 
488352 
619425 
488355 
619427 
488358 
619430 
619434 
488363 
619438 
488367 
619442 
488371 
488375 
619449 
619452 
488382 
619455 
488386 
619458 
488390 
619463 
619465 
488394 
619467 
619469 
619472 
488401 
619474 
619476 
488405 
619478 
488409 
619481 
619484 
488413 
619487 
619490 
488420 
488423 
619495 
619497 
488426 
619499 
488429 
619501 
619504 
488434 
619506 
619508 
488437 
619510 
488440 
619513 
488443 
619516 
619519 
488448 
619522 
488452 
619527 
488456 
619529 
619531 
488460 
619533 
619536 
619538 
488467 
619540 
488470 
619542 
488473 
619545 
488476 
619548 
619551 
488481 
619554 
488484 
488487 
619559 
619561 
488490 
619563 
619565 
488495 
619568 
488498 
619570 
619572 
488501 
619574 
488504 
619577 
619580 
488509 
619583 
619586 
488515 
619591 
488521 
619593 
619595 
619597 
488527 
619600 
619602 
619604 
619606 
619609 
488538 
488540 
619612 
488542 
619615 
488544 
619618 
488547 
488551 
619623 
619625 
488555 
619627 
619629 
488559 
619632 
619634 
619636 
488566 
619638 
619641 
488571 
619644 
619647 
488576 
619650 
488581 
619655 
619658 
619660 
488590 
619663 
488592 
619665 
488594 
619667 
488596 
619669 
488599 
619672 
488602 
619675 
488605 
619678 
488608 
619681 
488613 
619686 
619689 
488618 
619691 
619694 
488623 
619696 
619698 
488628 
619700 
619703 
619705 
619707 
488637 
619709 
619712 
488642 
619714 
619716 
619718 
488647 
619721 
619723 
488652 
619725 
619727 
619730 
488661 
619733 
619736 
488665 
619739 
488669 
619744 
488673 
619746 
619748 
619750 
488680 
619753 
619755 
488684 
619757 
619759 
488688 
619762 
488692 
619765 
619768 
488699 
619771 
488702 
619776 
488705 
619778 
488708 
619780 
619782 
488713 
619785 
619787 
488716 
619789 
488719 
619791 
488722 
619794 
619797 
488727 
619800 
488729 
488731 
619803 
488733 
488736 
619808 
619810 
488739 
619812 
488742 
619814 
488745 
619817 
619819 
619821 
488750 
619823 
488754 
619826 
619829 
488758 
619832 
488762 
619835 
619840 
488769 
619842 
619844 
488774 
619846 
619849 
488779 
619851 
619853 
619855 
488784 
619858 
619861 
619864 
488793 
619867 
488798 
619872 
619874 
488803 
619876 
619878 
488808 
619881 
619883 
619885 
619887 
488817 
619890 
488821 
619893 
619896 
488825 
619899 
488829 
619904 
619906 
488836 
619908 
619910 
488839 
619913 
488842 
619915 
488845 
619917 
619919 
488850 
619922 
488853 
619925 
488856 
619928 
488859 
619931 
488864 
619936 
619938 
488867 
619940 
488870 
619942 
488873 
619945 
619947 
619949 
488878 
619951 
488881 
619954 
488884 
619957 
488887 
619960 
619963 
488892 
619968 
488897 
619970 
619972 
488902 
619974 
619977 
488907 
619979 
619981 
619983 
619986 
488916 
619988 
619990 
488920 
619992 
619995 
488924 
619997 
619999 
488928 
620001 
620004 
620006 
488935 
620008 
620010 
488940 
620013 
620016 
488945 
620019 
488950 
620022 
620027 
620029 
488959 
620031 
620033 
488963 
620036 
620038 
488967 
620040 
620042 
488971 
620045 
620048 
488978 
620051 
620054 
488983 
620059 
488988 
620061 
620063 
488993 
620065 
620068 
620070 
620072 
489002 
620074 
620077 
489006 
620080 
489010 
620083 
489014 
620086 
620091 
489021 
620093 
620095 
620097 
489026 
620100 
620102 
489031 
620104 
620106 
489036 
620109 
620112 
620115 
489045 
620118 
489049 
620123 
489053 
620125 
620127 
489057 
620129 
620132 
620134 
489064 
620136 
620138 
489067 
620141 
489070 
620144 
489073 
620147 
489078 
620150 
489082 
620155 
620157 
489086 
620159 
620161 
489090 
620164 
620166 
620168 
489097 
620170 
489099 
489101 
620173 
489103 
620176 
489106 
620179 
489110 
620182 
489114 
620187 
620189 
489118 
620191 
620193 
620196 
489125 
620198 
620200 
489129 
620202 
489133 
620205 
620208 
489137 
620211 
620214 
489144 
489147 
620219 
620221 
489150 
620223 
489153 
620225 
620228 
489158 
620230 
620232 
620234 
489163 
620237 
489168 
620240 
620243 
489173 
620246 
620251 
620253 
489182 
620255 
489185 
620257 
489188 
620260 
620262 
489191 
620264 
620266 
489196 
620269 
489200 
620272 
620275 
489204 
620278 
489208 
620283 
620285 
489215 
620287 
620289 
489218 
620292 
489221 
620294 
489224 
620296 
620298 
489229 
620301 
489231 
620304 
489233 
489235 
620307 
489238 
620310 
489241 
620315 
489244 
620318 
489247 
620321 
489252 
620324 
489254 
489256 
620329 
489258 
620331 
489261 
620333 
620335 
489266 
620338 
620340 
620342 
489271 
620344 
620347 
489276 
620349 
620351 
620353 
620356 
489285 
620358 
620360 
489289 
620362 
489293 
620365 
620368 
489297 
620371 
620374 
489304 
620379 
489309 
620382 
620385 
489314 
620388 
489319 
620393 
620395 
620397 
620399 
489328 
620402 
489332 
620404 
620406 
489336 
620408 
620411 
489340 
620413 
620415 
620417 
489347 
620420 
620423 
489352 
620426 
489357 
620429 
489362 
620434 
620436 
620438 
620440 
489371 
620443 
620445 
489375 
620447 
620449 
489379 
620452 
620454 
489383 
620456 
620458 
620461 
489390 
620464 
489395 
620467 
620470 
489400 
620475 
489405 
620479 
620483 
489414 
620487 
489418 
489422 
620494 
620496 
489426 
620498 
620500 
620503 
489433 
620507 
489438 
620511 
489443 
620515 
489448 
620522 
620524 
620526 
620528 
489457 
620531 
489461 
620535 
489465 
620539 
489469 
620543 
489476 
620550 
489481 
620553 
620556 
489486 
620559 
489491 
620564 
620566 
620568 
620570 
489500 
620573 
620575 
489504 
620577 
620579 
489508 
620582 
489512 
620585 
620588 
489519 
620591 
489522 
620596 
489525 
620598 
489528 
620600 
620602 
489533 
620605 
620607 
489537 
620609 
620611 
489541 
620614 
489545 
620617 
620620 
620623 
489552 
489556 
620628 
620630 
489560 
620632 
620634 
489564 
620637 
620639 
620641 
489571 
620643 
620646 
489575 
620649 
489579 
620652 
489583 
620655 
620660 
489590 
620662 
620664 
620666 
489595 
620669 
620671 
489600 
620673 
620675 
489605 
620678 
620681 
620684 
489614 
620687 
489618 
620692 
489622 
620694 
620696 
489626 
620698 
620701 
620703 
489633 
620705 
620707 
489638 
620710 
620713 
489643 
620716 
620719 
489648 
620724 
620726 
620728 
489657 
620730 
489660 
620733 
489663 
620735 
620737 
489666 
620739 
620742 
489671 
620745 
489675 
620748 
489679 
620751 
489683 
620756 
620758 
620760 
489690 
620762 
489693 
620765 
620767 
489696 
620769 
620771 
489701 
620774 
489705 
620777 
620780 
620783 
489712 
489715 
620788 
489718 
620790 
620792 
489721 
620794 
620797 
489726 
620799 
489729 
620801 
620803 
489732 
620806 
489735 
620808 
620810 
489740 
620812 
489743 
620815 
620817 
489746 
620819 
489749 
620821 
620824 
489754 
620826 
620828 
489757 
620830 
489760 
620833 
489763 
620836 
620839 
489768 
620842 
489771 
489774 
620847 
489777 
620849 
620851 
620853 
489782 
620856 
489786 
620858 
620860 
489790 
620862 
620865 
489794 
620868 
620871 
489801 
620874 
489803 
489805 
489807 
620879 
620881 
489810 
620883 
489813 
620885 
489816 
620888 
620890 
489819 
620892 
620894 
489824 
620897 
620900 
489829 
620903 
489832 
620906 
489837 
489839 
620911 
489841 
620913 
489843 
620915 
620917 
489846 
620920 
489849 
620922 
489852 
620924 
620926 
489855 
620929 
489860 
620932 
489862 
620935 
489864 
489866 
620938 
489869 
620943 
620945 
489874 
620947 
620949 
489879 
620952 
620954 
489884 
620956 
620958 
620961 
620964 
489893 
620967 
489896 
620970 
489899 
489902 
620975 
620977 
489907 
620979 
620981 
489911 
620984 
620986 
489915 
620988 
620990 
489919 
620993 
620996 
489926 
620999 
489929 
621002 
489932 
489935 
621007 
621009 
621011 
489940 
621013 
489944 
621016 
621018 
489948 
621020 
621022 
489952 
621025 
621028 
489959 
621031 
489962 
621034 
489965 
621039 
489968 
621041 
621043 
489973 
621045 
489976 
621048 
621050 
489979 
621052 
489982 
621054 
621057 
489987 
621060 
489989 
489991 
621063 
489993 
621066 
489996 
489999 
621071 
621073 
490002 
621075 
490005 
621078 
621080 
490010 
621082 
621084 
490014 
621087 
621089 
490018 
621091 
490022 
621094 
621096 
621098 
621100 
490029 
490031 
621103 
490033 
621105 
490035 
621107 
621109 
490038 
621112 
490041 
621115 
490044 
621118 
490047 
621121 
490052 
621126 
490055 
621128 
490058 
621130 
621132 
490061 
621135 
621137 
490066 
621139 
490068 
621141 
490070 
490072 
621144 
490075 
621147 
490078 
621150 
490081 
621153 
490084 
621158 
621160 
490089 
621162 
621164 
490093 
621167 
490097 
621169 
621171 
490101 
621173 
621176 
621179 
490108 
490110 
621182 
490112 
621185 
490114 
490117 
621190 
621192 
490121 
621194 
621196 
490125 
621199 
490129 
621201 
621203 
621205 
490136 
621208 
490139 
621211 
490142 
621214 
490145 
621217 
490150 
621222 
621224 
490153 
621226 
490156 
621228 
490159 
621231 
621233 
621235 
490164 
621237 
490167 
621240 
490170 
621243 
490173 
621246 
621249 
490178 
490181 
621254 
490184 
621256 
621258 
490187 
621260 
621263 
490192 
621265 
490195 
621267 
621269 
490198 
621272 
490201 
621275 
490206 
621278 
621281 
490210 
490214 
621286 
621288 
490218 
621290 
621292 
621295 
490225 
621297 
490227 
621299 
490229 
621301 
490231 
621304 
490234 
621307 
490237 
621310 
490240 
621313 
490243 
621318 
490248 
621320 
621322 
490251 
621324 
490254 
621327 
490257 
621329 
621331 
621333 
490262 
490264 
621336 
490266 
621339 
490268 
621342 
490271 
621345 
490274 
490277 
621350 
490280 
621352 
621354 
621356 
490285 
490287 
621359 
490289 
621361 
490291 
621363 
621365 
490294 
621368 
490299 
621371 
621374 
490304 
621377 
490309 
621382 
621384 
621386 
621388 
490318 
621391 
490321 
621393 
621395 
490324 
621397 
490327 
621400 
621403 
490332 
621406 
490336 
621409 
490340 
621414 
490344 
621416 
621418 
621420 
490351 
621423 
621425 
490354 
621427 
490357 
621429 
490360 
621432 
621434 
621436 
490365 
621438 
490369 
621441 
621443 
490373 
621445 
621447 
490377 
621450 
621452 
621454 
490384 
621456 
490387 
621459 
490390 
621462 
490393 
621465 
621468 
490398 
490401 
621473 
490404 
621476 
490407 
621479 
490412 
621484 
490414 
621486 
490416 
621488 
490418 
621491 
490421 
621493 
490424 
621496 
621498 
490427 
621501 
490430 
621504 
490435 
621509 
490439 
621511 
621514 
490443 
621516 
621518 
490447 
621520 
621523 
621525 
490454 
621527 
490456 
621529 
490458 
490460 
621532 
490463 
621535 
490466 
621538 
490469 
621541 
490472 
621546 
490477 
621550 
490480 
621554 
490483 
490486 
621558 
490491 
490493 
621565 
490495 
621567 
490497 
621569 
621571 
490500 
621574 
490503 
490506 
621578 
490509 
621582 
490514 
621586 
490518 
621593 
490522 
621595 
621597 
490526 
621599 
621602 
490533 
621606 
490535 
490537 
621610 
490539 
490542 
621614 
490546 
621621 
490550 
621624 
490554 
621627 
621630 
490561 
621635 
490564 
621637 
490567 
621639 
490570 
621642 
621644 
621646 
490575 
621648 
490578 
621651 
490581 
621654 
490584 
621657 
490589 
621662 
490592 
621664 
621666 
490595 
621669 
490598 
621671 
621674 
490603 
621677 
490606 
490609 
621682 
490612 
621684 
621686 
490617 
621689 
621691 
490620 
621694 
490623 
621697 
490626 
621702 
490631 
621704 
621706 
490635 
621709 
490639 
621711 
621714 
490643 
621717 
490650 
621722 
490652 
621724 
490654 
621726 
490656 
621729 
490659 
621732 
490662 
621735 
490665 
621739 
490668 
621742 
490673 
621747 
490676 
621749 
490679 
621751 
621753 
490682 
621756 
621758 
490687 
621760 
490689 
621762 
490691 
490693 
621765 
490696 
621768 
490699 
621771 
490702 
621774 
490705 
621779 
621781 
490710 
621783 
490712 
621785 
490714 
490716 
621788 
621790 
490719 
621792 
621794 
490724 
621797 
621800 
490729 
621803 
490734 
621806 
621811 
621813 
490743 
621815 
621817 
490746 
621820 
490749 
621822 
490752 
621824 
621826 
490757 
621829 
621831 
490761 
621833 
621835 
490765 
621838 
621840 
490769 
621842 
621844 
621847 
490776 
621849 
490779 
621851 
621853 
490782 
621856 
490785 
621858 
621860 
490790 
621862 
621865 
490794 
621867 
621869 
490798 
621871 
490802 
621874 
621876 
621878 
621880 
490809 
621883 
490812 
621885 
490815 
621887 
621889 
490818 
621892 
621894 
490823 
621896 
490826 
621898 
490829 
621901 
621903 
490832 
621905 
621907 
490837 
621910 
490839 
490841 
621913 
490843 
621916 
490846 
621919 
490849 
490852 
621924 
621926 
490855 
621928 
621930 
490860 
621933 
621935 
490864 
621937 
621939 
490868 
621942 
490872 
621944 
621946 
621948 
490879 
621951 
490881 
621953 
490883 
621955 
490885 
621957 
490888 
621960 
621962 
490891 
621964 
490894 
621966 
490897 
621969 
621971 
621973 
490902 
621975 
490905 
621978 
490908 
621980 
621982 
490911 
621984 
621987 
490916 
621989 
490918 
621991 
490920 
621993 
490922 
621996 
490925 
621998 
490928 
622000 
622002 
490931 
622005 
490934 
622007 
622009 
490939 
622011 
622014 
490944 
622017 
490948 
622020 
622023 
490955 
622028 
490957 
490959 
622031 
490961 
622034 
490964 
622037 
490968 
622042 
490972 
622044 
622046 
490976 
622048 
622051 
622053 
490983 
622055 
622058 
490987 
622060 
490990 
622062 
622065 
490995 
622067 
622069 
490998 
622072 
491001 
622074 
491004 
622076 
622079 
622080 
491009 
622081 
622083 
622085 
491014 
622087 
491017 
622090 
622092 
491022 
622094 
622097 
622099 
622101 
491032 
622104 
491034 
622106 
622108 
491037 
622110 
622113 
491042 
622116 
491045 
622118 
491048 
622121 
491051 
622123 
622125 
622127 
491056 
491058 
622130 
491060 
622132 
491062 
622134 
622136 
622139 
491068 
622141 
491071 
622143 
622145 
491076 
622148 
622150 
491080 
622152 
622154 
622157 
491087 
622159 
622161 
491090 
622163 
491093 
622166 
491096 
622169 
622172 
491101 
622175 
491105 
622180 
491109 
622183 
491113 
622186 
622189 
491120 
622194 
622196 
491125 
622198 
622200 
491130 
622203 
622206 
491135 
622209 
622212 
491144 
622217 
622220 
491149 
622223 
491154 
622226 
491159 
622231 
622233 
622235 
622237 
491168 
622240 
622243 
491173 
622246 
622249 
491178 
622254 
491183 
622256 
622258 
622260 
622263 
491192 
622265 
622267 
491196 
622269 
491200 
622272 
622274 
491204 
622276 
622278 
622281 
491211 
622283 
622285 
491214 
622287 
491217 
622290 
491220 
622292 
622294 
622296 
491225 
622299 
491230 
622302 
622305 
491235 
622308 
491240 
622313 
622316 
622319 
491249 
622322 
491252 
491255 
622327 
622329 
491258 
622331 
622333 
491263 
622336 
622338 
491267 
622340 
622342 
491271 
622345 
491275 
622347 
622349 
622351 
491282 
622354 
622356 
491285 
622358 
491288 
622360 
491291 
622363 
622365 
622367 
491296 
622369 
491299 
622372 
491302 
622374 
622376 
491305 
622378 
622381 
491310 
622383 
622385 
491314 
622387 
491318 
622390 
622392 
491322 
622394 
622396 
622399 
622400 
491329 
622401 
622402 
622403 
491333 
622405 
622407 
491337 
622409 
622412 
491341 
622414 
622416 
622418 
491348 
622421 
491351 
622423 
622425 
491354 
622427 
491357 
622430 
491362 
622435 
491368 
622441 
622443 
622445 
491374 
622447 
622450 
491380 
622452 
622454 
622456 
622459 
622461 
491391 
622463 
622465 
491395 
622468 
622470 
491399 
622472 
622474 
491403 
622477 
622479 
622481 
491410 
622483 
622486 
491415 
622488 
622490 
491420 
622492 
622495 
491425 
622499 
622503 
491434 
622507 
491439 
622514 
491444 
622516 
622518 
622520 
491449 
622523 
622525 
622527 
622529 
491458 
491460 
622532 
491462 
491464 
622536 
491467 
622540 
491471 
622544 
491475 
491479 
622551 
622554 
622557 
491486 
622560 
491491 
622565 
622567 
491496 
622569 
622571 
491501 
622574 
622578 
491510 
622582 
622586 
491515 
491520 
622593 
622595 
491525 
622597 
622599 
622602 
622604 
491534 
622606 
622608 
491537 
622611 
491540 
491543 
622615 
622619 
491548 
622623 
491552 
491556 
622630 
491560 
622633 
622636 
491567 
622639 
622644 
491573 
622646 
622648 
622650 
491579 
622653 
491585 
622657 
622661 
622665 
491596 
491600 
622672 
622674 
491604 
622676 
622678 
491608 
622681 
622683 
622685 
491615 
622687 
622690 
491620 
622694 
491625 
622698 
491630 
622702 
622709 
491639 
622712 
491641 
491643 
622715 
491645 
622718 
491648 
622723 
491653 
622726 
622729 
491658 
622732 
491663 
622737 
622741 
491672 
622745 
491675 
622749 
491678 
491681 
622756 
491686 
622758 
622760 
491689 
622762 
491692 
622765 
491695 
622767 
622769 
622771 
491700 
491702 
622774 
491704 
491706 
622778 
491709 
622782 
491712 
622786 
491715 
491718 
622793 
491723 
622796 
491727 
622799 
622802 
491731 
491735 
622807 
622810 
622813 
491742 
491744 
622816 
491746 
491748 
622821 
491751 
622825 
491754 
491757 
622829 
491760 
622833 
491765 
491768 
622840 
622842 
491771 
622844 
491774 
622846 
622849 
491779 
622851 
491781 
622853 
491783 
622855 
491785 
622858 
491788 
622862 
491791 
491794 
622866 
491797 
622870 
491802 
491805 
622877 
491808 
622880 
491811 
622883 
622886 
491816 
622891 
491820 
622893 
622895 
491824 
622897 
491828 
622900 
622904 
491835 
622908 
491840 
622912 
491845 
622919 
622921 
491850 
622923 
622925 
622928 
622930 
491859 
622932 
491861 
622934 
491863 
491865 
622937 
622939 
491868 
622941 
491870 
622943 
491872 
491874 
622946 
491877 
622949 
622952 
491883 
622955 
622960 
491889 
622962 
622964 
622966 
491895 
622969 
622971 
622973 
622976 
491906 
622978 
622980 
622982 
491911 
622985 
622987 
491916 
622989 
622992 
491921 
622995 
622998 
491930 
623003 
491934 
623008 
491938 
623013 
491942 
623019 
491949 
491953 
623025 
623027 
491957 
623029 
623032 
491961 
623035 
623038 
491968 
623041 
491971 
623043 
491974 
623046 
623048 
491977 
623050 
623052 
491982 
623055 
623057 
491986 
623059 
623061 
491990 
623064 
491994 
623066 
623068 
623070 
492001 
623073 
623075 
492005 
623077 
623079 
492009 
623082 
623084 
492013 
623086 
623088 
623091 
492020 
623093 
492023 
623095 
623097 
492026 
623100 
492029 
623102 
623104 
492034 
623106 
623109 
492038 
623111 
623113 
492042 
623115 
492046 
623118 
623119 
623120 
623121 
623122 
623124 
492053 
623126 
623128 
492058 
623131 
492063 
623135 
623139 
492068 
623143 
492077 
623150 
492080 
623154 
492083 
492086 
623158 
623162 
492091 
492095 
623169 
492099 
623173 
492103 
623177 
623181 
492110 
492114 
623188 
492118 
623190 
623192 
492122 
623194 
623197 
623198 
623199 
623200 
492129 
623201 
492132 
623204 
492135 
623207 
492138 
623210 
492143 
623215 
492147 
623220 
492151 
623225 
492155 
623230 
492162 
492166 
623239 
623241 
492170 
623243 
623245 
492174 
623248 
623250 
623252 
492181 
623254 
492184 
623257 
492187 
492190 
623262 
492195 
623267 
492199 
623272 
492203 
492207 
623281 
623282 
623283 
623284 
623285 
492214 
623288 
492218 
623291 
492222 
623294 
492226 
623299 
623302 
492233 
623305 
492236 
623308 
492239 
623313 
492242 
623318 
492247 
492251 
623323 
492255 
623328 
492259 
623337 
492266 
623339 
623341 
492270 
623343 
492274 
623346 
623348 
492278 
623350 
623352 
623355 
492285 
492288 
623360 
492291 
623365 
492294 
623370 
492299 
492303 
492307 
623379 
623380 
623381 
623382 
492311 
623383 
623386 
623389 
492318 
623392 
492322 
623397 
492326 
623400 
492330 
623403 
623406 
492337 
623411 
492340 
492343 
623416 
492346 
623421 
492351 
623426 
492355 
492359 
492363 
623435 
623437 
623439 
623441 
492370 
623444 
492374 
623446 
623448 
492378 
623450 
623453 
492382 
623458 
492389 
623463 
492392 
492395 
623468 
492398 
492403 
623477 
623478 
492407 
623479 
623480 
623481 
492411 
623484 
492415 
623487 
623490 
492422 
623495 
492426 
623498 
623501 
492430 
623504 
492434 
623509 
492441 
623514 
492444 
492447 
623519 
492450 
623524 
492455 
492459 
623533 
492463 
623535 
623537 
492467 
623539 
623542 
623544 
492474 
623546 
623548 
492478 
623551 
492482 
623556 
492486 
623561 
492493 
623566 
492496 
492499 
492502 
623575 
623576 
623577 
623578 
492507 
623579 
623582 
492511 
623585 
492515 
623588 
492519 
623593 
623596 
492526 
623599 
492530 
623602 
492534 
623607 
492538 
623612 
492545 
623617 
492548 
623622 
492551 
492554 
492559 
623631 
623633 
492563 
623635 
623637 
492567 
623640 
623642 
492571 
623644 
623646 
623649 
492578 
492582 
623654 
492586 
623659 
492590 
623664 
492597 
492600 
623673 
623674 
492603 
623675 
623676 
623677 
492606 
623680 
492611 
623683 
623686 
492615 
492619 
623691 
623694 
492623 
623697 
623700 
492630 
623705 
492634 
492638 
623710 
492642 
623715 
623720 
492649 
492652 
492655 
623729 
492658 
623731 
623733 
492663 
623735 
623738 
492667 
623740 
623742 
492671 
623744 
492675 
623747 
623752 
492682 
623757 
492686 
492690 
623762 
492694 
623771 
623772 
492701 
623773 
623774 
623775 
492704 
623778 
492707 
623781 
492710 
623784 
492715 
623789 
492719 
623792 
492723 
623795 
623798 
492727 
623803 
492734 
623808 
492738 
623813 
492742 
492746 
623818 
492753 
623827 
492756 
623829 
492759 
623831 
623833 
492762 
623836 
623838 
492767 
623840 
623842 
492771 
623845 
492775 
623850 
492779 
623855 
492786 
623860 
492790 
492794 
623869 
492798 
623870 
623871 
623872 
623873 
623876 
492805 
623879 
492808 
623882 
492811 
492814 
623887 
623890 
492819 
623893 
492823 
623896 
492827 
623901 
492831 
623906 
492838 
623911 
492842 
623916 
492846 
492850 
623925 
623927 
492857 
623929 
623931 
492860 
623934 
492863 
623936 
492866 
623938 
623940 
492871 
623943 
492875 
623948 
492879 
623953 
492883 
623958 
492890 
492894 
623967 
623968 
623969 
492898 
623970 
623971 
492902 
623974 
623977 
623980 
492909 
492912 
623985 
492915 
623988 
492918 
623991 
623994 
492923 
492927 
623999 
492931 
624004 
492935 
624009 
492942 
624014 
492946 
492950 
624023 
624025 
492954 
624027 
624029 
624032 
492961 
624034 
492964 
624036 
624038 
492967 
624041 
492970 
624046 
492975 
492979 
624051 
492983 
624056 
492987 
624065 
492994 
624066 
624067 
624068 
624069 
492998 
624072 
493002 
624075 
493006 
624078 
624083 
493013 
624086 
493016 
624089 
493019 
624092 
493022 
624097 
493027 
624102 
493031 
493035 
624107 
493039 
624112 
493046 
624121 
493050 
624123 
624125 
493054 
624127 
493058 
624130 
624132 
624134 
624136 
493065 
493067 
624139 
493069 
493071 
624144 
493074 
624149 
493078 
493082 
624154 
493086 
624163 
624164 
493093 
624165 
624166 
624167 
493097 
624170 
493101 
624173 
624176 
493105 
624181 
493112 
624184 
493115 
624187 
493118 
624190 
493121 
624195 
624197 
493126 
624199 
624201 
493130 
624204 
493134 
493138 
493145 
493149 
624221 
624223 
493153 
624225 
624227 
493157 
624230 
624231 
624232 
624233 
624234 
493164 
493167 
624240 
493170 
493173 
624245 
493178 
624250 
493183 
624255 
493188 
624264 
493193 
624266 
624268 
624270 
624273 
493202 
624275 
624277 
624279 
493209 
624282 
493216 
624288 
624293 
493223 
624302 
624303 
624304 
624305 
624306 
493236 
624309 
624312 
493241 
624315 
493246 
624320 
493251 
624323 
624326 
624331 
493260 
624336 
493265 
624341 
493270 
624346 
493275 
624355 
493284 
624358 
493288 
624361 
493292 
624364 
493296 
624369 
624372 
493303 
624375 
624378 
493308 
624383 
493313 
624388 
493318 
624393 
624398 
493327 
493332 
624407 
493337 
624410 
624413 
493342 
624416 
624421 
493351 
624424 
493355 
624427 
624430 
493359 
493363 
624435 
624438 
624441 
493370 
624444 
493375 
624449 
493380 
624454 
493385 
624459 
624464 
493394 
493399 
624473 
493404 
624476 
624479 
493409 
624482 
624487 
493418 
624491 
493422 
624495 
493426 
624499 
493430 
624506 
493437 
624511 
493442 
624516 
493447 
624521 
493452 
624530 
493461 
624533 
624536 
493466 
624539 
493471 
624544 
624547 
493476 
624550 
624553 
493485 
624558 
493489 
624561 
624564 
493493 
624567 
493497 
624572 
493504 
624577 
493509 
624582 
493514 
624587 
493519 
624596 
624599 
493528 
624602 
493533 
624605 
493538 
624610 
624614 
493543 
624618 
624622 
493552 
493556 
624629 
493560 
624634 
493564 
624639 
493571 
624644 
493576 
493581 
624653 
624656 
493586 
624659 
624662 
493595 
624667 
624670 
493600 
624673 
624676 
493605 
624681 
493610 
624684 
624687 
624690 
493619 
493623 
624695 
493627 
624700 
493631 
624705 
493638 
624710 
493643 
624719 
493648 
624722 
493653 
624725 
624728 
624733 
493662 
624737 
493667 
624741 
493672 
624745 
493677 
624752 
624757 
493686 
493690 
624762 
493694 
624767 
493698 
624776 
493705 
624779 
493710 
624782 
624785 
493715 
624790 
493720 
624793 
624796 
624799 
493729 
624804 
493734 
624807 
624810 
493739 
624813 
493744 
624818 
624823 
493753 
624828 
493757 
493761 
624833 
493765 
624842 
493772 
624845 
624848 
493777 
624851 
493782 
624856 
493787 
624860 
624864 
493796 
624868 
493801 
624875 
493806 
624880 
493811 
624885 
624890 
493820 
493824 
624899 
493828 
624902 
493832 
624905 
624908 
493839 
624913 
493844 
624916 
624919 
493849 
624922 
493854 
624927 
624930 
624933 
493863 
624936 
493867 
624941 
493871 
624946 
493875 
624951 
493882 
624956 
493886 
493890 
624965 
493894 
624968 
624971 
493901 
624974 
493907 
624979 
624983 
493913 
624987 
493919 
624991 
624998 
493930 
625003 
493934 
625008 
493938 
625013 
493942 
493949 
625022 
493953 
625025 
625028 
493957 
625031 
493961 
625036 
625039 
493968 
625042 
493971 
625045 
493974 
493977 
625050 
625053 
493982 
625056 
493986 
625059 
493990 
625064 
493994 
625067 
625070 
494001 
625073 
494005 
625078 
494009 
625083 
494013 
625088 
494020 
625093 
494023 
494026 
494029 
625102 
494034 
625106 
494038 
625110 
494042 
625114 
494046 
625121 
494053 
625125 
494057 
625129 
494061 
625133 
494065 
625140 
625142 
494072 
625144 
625146 
494075 
625149 
494078 
625150 
625151 
625152 
494081 
625153 
625156 
494086 
625159 
494090 
625162 
494094 
625167 
494098 
625172 
494105 
625177 
494109 
625182 
494113 
494117 
625191 
625193 
625195 
494124 
625197 
494127 
625200 
494130 
625202 
625204 
494133 
625206 
625209 
494138 
494142 
625214 
494146 
625219 
494150 
625224 
494157 
494161 
625233 
625234 
625235 
625236 
494165 
625237 
625240 
494169 
625243 
625246 
494176 
494179 
625251 
494182 
625254 
494185 
625257 
625260 
494190 
625265 
494194 
494198 
625270 
494202 
625275 
625280 
494209 
494213 
494217 
625289 
625291 
494221 
625293 
625295 
625298 
494228 
625300 
625302 
494231 
625304 
494234 
625307 
494237 
625312 
494242 
625317 
494246 
494250 
625322 
494254 
625331 
625332 
494261 
625333 
625334 
625335 
494265 
625338 
494269 
625341 
625344 
494273 
625349 
494280 
625352 
494283 
625355 
494286 
625358 
494289 
625363 
625365 
494294 
625367 
625369 
494298 
625372 
494302 
494306 
625382 
494313 
625387 
494317 
494321 
625394 
494325 
625399 
494332 
625406 
494335 
625408 
494338 
625410 
625412 
494341 
625415 
625416 
625417 
494346 
625418 
625419 
494350 
625424 
494354 
625429 
494358 
625434 
494365 
625439 
494369 
494373 
625448 
494377 
625451 
625454 
494384 
625457 
494386 
494388 
494390 
625462 
494393 
625465 
625468 
494397 
625471 
494401 
625476 
494405 
625482 
494412 
625487 
494416 
494420 
494424 
625496 
625499 
625502 
494431 
625505 
494434 
494437 
625510 
494440 
625513 
625516 
494445 
625519 
494449 
625524 
494453 
625527 
494457 
625530 
625535 
494464 
494468 
625541 
494472 
625545 
494476 
625548 
625553 
494483 
625556 
494486 
625559 
494489 
625562 
494492 
625567 
494497 
494501 
625573 
494505 
494509 
625582 
625584 
625586 
494516 
625589 
494521 
625594 
494526 
625601 
494531 
494540 
625612 
625615 
494545 
625618 
625621 
494550 
625626 
494555 
625631 
494564 
625636 
494568 
625641 
494572 
494576 
625650 
625653 
494583 
625656 
494587 
625659 
494591 
625664 
494595 
625669 
494602 
625674 
494607 
625679 
494612 
625688 
494617 
625690 
625692 
625694 
625697 
494626 
625700 
494630 
625703 
494634 
625706 
494638 
625711 
625714 
494645 
625717 
625720 
494649 
494653 
625725 
625727 
494657 
625729 
625731 
625734 
494664 
625739 
494669 
625744 
494674 
625749 
494679 
625758 
494688 
625762 
494692 
625766 
494696 
625770 
494700 
625777 
494707 
625781 
494711 
625785 
494715 
625789 
494719 
625796 
494726 
625798 
625800 
625802 
494731 
625805 
625806 
625807 
494736 
625808 
625809 
625812 
494741 
625815 
625818 
494750 
625823 
494754 
625828 
494758 
625833 
494762 
625838 
494769 
494773 
625847 
494777 
625849 
625851 
494781 
625853 
625856 
625858 
494788 
625860 
625862 
494793 
625865 
494798 
625870 
494803 
625875 
625880 
494812 
494816 
625889 
625890 
625891 
494820 
625892 
625893 
494824 
625896 
625899 
625902 
494831 
494835 
625907 
625910 
494839 
625913 
494843 
625916 
625921 
494850 
625923 
625925 
494855 
625927 
625930 
494860 
625935 
494865 
625940 
625945 
494874 
494878 
494882 
625954 
494886 
625959 
625964 
494893 
494897 
625969 
494901 
494905 
625978 
625980 
625982 
494912 
625984 
625987 
625988 
494917 
625989 
625990 
625991 
494922 
625994 
625997 
494927 
626000 
626005 
494936 
626010 
494940 
626015 
494944 
494948 
626020 
494955 
626029 
494959 
626033 
494963 
626037 
494967 
626041 
494974 
626048 
494979 
626051 
626054 
494984 
626057 
494989 
626062 
626067 
494998 
626072 
495002 
626077 
495006 
495010 
626086 
495017 
626089 
626092 
495021 
626095 
495025 
626100 
495029 
626103 
626106 
495036 
626109 
495041 
626114 
626117 
495046 
626120 
495051 
626123 
626128 
626131 
495060 
626134 
495064 
626137 
495068 
626142 
495072 
626147 
495079 
626152 
495083 
495087 
626159 
626162 
495091 
626164 
626166 
626168 
495098 
626171 
495103 
626176 
495108 
626180 
495113 
626185 
626186 
626191 
495122 
626196 
495126 
626201 
495130 
495134 
626210 
495141 
626213 
626216 
495145 
626219 
495149 
626224 
495153 
626227 
626230 
495160 
626235 
495165 
626239 
495170 
626243 
495175 
626247 
626254 
495184 
626257 
495188 
626260 
626263 
495192 
495196 
626268 
626271 
626274 
495203 
626277 
495208 
626282 
626284 
495213 
626286 
626288 
495218 
626291 
626298 
495227 
495230 
495233 
626305 
495236 
626312 
495241 
495245 
495249 
495253 
626325 
626327 
626329 
626331 
495260 
626334 
495264 
626339 
495268 
495272 
626344 
626349 
495279 
495282 
495285 
626358 
495288 
626362 
495293 
626366 
495297 
626370 
495301 
495305 
626377 
626380 
626383 
495312 
626386 
495316 
626391 
495320 
626394 
495324 
626397 
626400 
495331 
626405 
495334 
626408 
495337 
626411 
495340 
626414 
495345 
626419 
495349 
626422 
495353 
626425 
626428 
495357 
626433 
495364 
626438 
495368 
626443 
495372 
495376 
626448 
495383 
626457 
495386 
495389 
626461 
495392 
626465 
495397 
626469 
495401 
626476 
495405 
626480 
495409 
626484 
495416 
626488 
495420 
626495 
495424 
626497 
626499 
495428 
626501 
626504 
626505 
626506 
495435 
626507 
626508 
495438 
626511 
495441 
626514 
495444 
626517 
495449 
626522 
495453 
626527 
495457 
626532 
495461 
626537 
495468 
495472 
626546 
495476 
626548 
626550 
495480 
626552 
626555 
626557 
495487 
626559 
626561 
495490 
626564 
495493 
495496 
626569 
495501 
626574 
495505 
626579 
495509 
495513 
626588 
626589 
626590 
626591 
495520 
626592 
626595 
495524 
626598 
495528 
626601 
495532 
626606 
626609 
495539 
626612 
495542 
626615 
495545 
495548 
626620 
626622 
626624 
495553 
626626 
495557 
626629 
495561 
626634 
495565 
626639 
495572 
626644 
495576 
495580 
626653 
495584 
626657 
626661 
495591 
626665 
495594 
495597 
495600 
626672 
626676 
495605 
626680 
495609 
626684 
495613 
495617 
626691 
626693 
626695 
495624 
626697 
495628 
626700 
626701 
626702 
626703 
495632 
626704 
626707 
495636 
626710 
626713 
495643 
495645 
626718 
495647 
495649 
626723 
495652 
495656 
626728 
495660 
626733 
495664 
626742 
495671 
626746 
495675 
626750 
495679 
626754 
495683 
626761 
495690 
626764 
495693 
626767 
495696 
626770 
495699 
626775 
495704 
495708 
626780 
495712 
626785 
495716 
626790 
495723 
495727 
626799 
626802 
495731 
626805 
495735 
626808 
626813 
495742 
626816 
495745 
626819 
495748 
626822 
495751 
626827 
495756 
626830 
495760 
626833 
495764 
626836 
495768 
626841 
626844 
495775 
626847 
626850 
495780 
626855 
495785 
626860 
495790 
626865 
495799 
626872 
626875 
495804 
626877 
626879 
495809 
626881 
626884 
495814 
626889 
626893 
495823 
626898 
495827 
626899 
495831 
626903 
495835 
626907 
626911 
495842 
495846 
626918 
495850 
626922 
495854 
626926 
626930 
495861 
626937 
495866 
626940 
495871 
626943 
626946 
495876 
626951 
626954 
495885 
626957 
495889 
626962 
495893 
626965 
626968 
495897 
626973 
495904 
626976 
626979 
495909 
626982 
495914 
626987 
626989 
495919 
626991 
626993 
626996 
495928 
627000 
495932 
627004 
495936 
627008 
495940 
627015 
495947 
627019 
495951 
627023 
495955 
627027 
495959 
627034 
627037 
495966 
627040 
495970 
627043 
495974 
627048 
495978 
627051 
627054 
495985 
627057 
495990 
627062 
627064 
627066 
495995 
627068 
627071 
496000 
627074 
627077 
627080 
496009 
496013 
627085 
627088 
496017 
627091 
496021 
627094 
627099 
496028 
627102 
496032 
627105 
496036 
627108 
496040 
627113 
627118 
496047 
627123 
496052 
627128 
496057 
496062 
627137 
627141 
496071 
627145 
496075 
627149 
496079 
496083 
627156 
627160 
496090 
627164 
496095 
627168 
496100 
627175 
496105 
627177 
627179 
627181 
627184 
627185 
496114 
627186 
627187 
627188 
496117 
627191 
496120 
627194 
496123 
627197 
496128 
627202 
496132 
627207 
496136 
496140 
627212 
627217 
496147 
496151 
627226 
496155 
627228 
627230 
496159 
627232 
627235 
627237 
496166 
627239 
496169 
627241 
496172 
627244 
496175 
627249 
496180 
627254 
496184 
627259 
496188 
496192 
627268 
627269 
627270 
496199 
627271 
627272 
496203 
627275 
627278 
496207 
627281 
496211 
627286 
627289 
496218 
627292 
496221 
627295 
496224 
496227 
627300 
627302 
496232 
627304 
627306 
496236 
627309 
496240 
627314 
496244 
627319 
496251 
627324 
496255 
496259 
627333 
496263 
627336 
627339 
496270 
627342 
496273 
627347 
496276 
496279 
627351 
627355 
496284 
627359 
496288 
496292 
627366 
496296 
627368 
627370 
627372 
496303 
627375 
627376 
627377 
627378 
496307 
627379 
627382 
496311 
627385 
496315 
627388 
627393 
496322 
496325 
627398 
496328 
496331 
627403 
496336 
627408 
496340 
496344 
627417 
496348 
627421 
627425 
496355 
627429 
496359 
496363 
627436 
496367 
627439 
627442 
627445 
496374 
496377 
627450 
496380 
496383 
627455 
496388 
627460 
496392 
627465 
496396 
496400 
627474 
627477 
496407 
627480 
496411 
627483 
496415 
627488 
496419 
627491 
627494 
627497 
496426 
496429 
627502 
496432 
627505 
496435 
627508 
627511 
496440 
496444 
627516 
627519 
496448 
627522 
496452 
627525 
627530 
496459 
496463 
627535 
496467 
627540 
496471 
627547 
496478 
627550 
627552 
496481 
627554 
496484 
627556 
496487 
627559 
496492 
627564 
496496 
627568 
496500 
627573 
627574 
496504 
627578 
627582 
496511 
627586 
496515 
496519 
627593 
496523 
627596 
627599 
496530 
627602 
496532 
496534 
627607 
496536 
627609 
496539 
627611 
627613 
496543 
627616 
496547 
627619 
627622 
496551 
627625 
496558 
627630 
496562 
627634 
496566 
627638 
496570 
627645 
627648 
496577 
627651 
496580 
496583 
627656 
496586 
627658 
627660 
627662 
496591 
627665 
496595 
627669 
496599 
627673 
496603 
627677 
496610 
627684 
496614 
627688 
496618 
627692 
496622 
627696 
496629 
627703 
496632 
627706 
496635 
627709 
496638 
627712 
496643 
627717 
496647 
627719 
627721 
496651 
627723 
627726 
496655 
627729 
627732 
496662 
627735 
496667 
627740 
627743 
496672 
627746 
496677 
627749 
627754 
627756 
496686 
627758 
627760 
496691 
627763 
627766 
496696 
627769 
627772 
496701 
627777 
627779 
627781 
496710 
627783 
496714 
627786 
627789 
496718 
627792 
496722 
627795 
627800 
496729 
496733 
627805 
496737 
627810 
496741 
627815 
496748 
627824 
496753 
627828 
496758 
627832 
496763 
627836 
627843 
496772 
627847 
496776 
627851 
496780 
627855 
496784 
627862 
496791 
627864 
627866 
496795 
627868 
496799 
627871 
627872 
627873 
627874 
496803 
627875 
627878 
627881 
496810 
627884 
496815 
627889 
496820 
627894 
496825 
627899 
627904 
496834 
496838 
627913 
496842 
627915 
627917 
496846 
627919 
627922 
627924 
496853 
627926 
627928 
496858 
627931 
496863 
627936 
496868 
627941 
627946 
496877 
496880 
496883 
627955 
627956 
627957 
496886 
627958 
627959 
627962 
496891 
627965 
496895 
627968 
496899 
627973 
496903 
627976 
627979 
496910 
627982 
496914 
627987 
496918 
627991 
496922 
627995 
627999 
496929 
496932 
628006 
496935 
496938 
628011 
496943 
628016 
496947 
628021 
496951 
496955 
628030 
628032 
496962 
628034 
628036 
496966 
628039 
628041 
496970 
628043 
628045 
496974 
628048 
628049 
628050 
628051 
628052 
496981 
628055 
496984 
628058 
496987 
628061 
496990 
628066 
496995 
628068 
628070 
496999 
628072 
497003 
628075 
497007 
628080 
628085 
497014 
497018 
628090 
497022 
497026 
628099 
628103 
497033 
628107 
497036 
497039 
628111 
497042 
628118 
497047 
628121 
497051 
628124 
497055 
628127 
497059 
628132 
628137 
497066 
497070 
628142 
497074 
628147 
497078 
628156 
497085 
628159 
497088 
628162 
497091 
628165 
497094 
628170 
497099 
628173 
497103 
628176 
497107 
628179 
497111 
628184 
628187 
497118 
628190 
628193 
497122 
497126 
628198 
628201 
497130 
628204 
628207 
497137 
497140 
628212 
497143 
628217 
497146 
628222 
497151 
497155 
628229 
497159 
628232 
497163 
628235 
628237 
628240 
497170 
628245 
497174 
628249 
497178 
497182 
628254 
628255 
628257 
628259 
497189 
628261 
497192 
628264 
497195 
628267 
497198 
628270 
628273 
497203 
628278 
497207 
628280 
628282 
497211 
628284 
497215 
628287 
628289 
628291 
628293 
497222 
628296 
497226 
628300 
497230 
628304 
497234 
628308 
497241 
628315 
497244 
497247 
628319 
497250 
628323 
497255 
628327 
497259 
628334 
497263 
628338 
497267 
628342 
497274 
628346 
497278 
628353 
497282 
628355 
628357 
497286 
628359 
628362 
628363 
628364 
497293 
628365 
628366 
497295 
497297 
628369 
497299 
628372 
497302 
628375 
497306 
628380 
497310 
628382 
628384 
497314 
628386 
628389 
628391 
497321 
628393 
628395 
497325 
628398 
497329 
628403 
497333 
628408 
497340 
628413 
497343 
497346 
497349 
628422 
497354 
628426 
497358 
628430 
497362 
628434 
497366 
628441 
497373 
628445 
497377 
628449 
497381 
628453 
497385 
628460 
628462 
497392 
628464 
628466 
497395 
628469 
497398 
628470 
628471 
628472 
497401 
628473 
628476 
497406 
628479 
497410 
628482 
497414 
628487 
497418 
628492 
497425 
628497 
497430 
628502 
497435 
628511 
497440 
628513 
628515 
628517 
628520 
497449 
628522 
628524 
497454 
628526 
628529 
497459 
628534 
497464 
628539 
628544 
497473 
497477 
497481 
628553 
628554 
628555 
628556 
497485 
628557 
628560 
628563 
497492 
628566 
497497 
628571 
497502 
628574 
628577 
497507 
628580 
628585 
497516 
628590 
497521 
628595 
497526 
628600 
497531 
628609 
628611 
497540 
628613 
628615 
497544 
628618 
497548 
628620 
628622 
497552 
628624 
628627 
497559 
628631 
497563 
628635 
497567 
628639 
497571 
628646 
628647 
628648 
628649 
497578 
628650 
628653 
497583 
628656 
628659 
497588 
628664 
497593 
628666 
628668 
628670 
628673 
497602 
628676 
497606 
628679 
497610 
628682 
497614 
628687 
628692 
497621 
628697 
497626 
628702 
497631 
497636 
628711 
628715 
497645 
628719 
497648 
497651 
628723 
497654 
628730 
497659 
628734 
497663 
628738 
497667 
628742 
497671 
628749 
497678 
628751 
628753 
497682 
628755 
497686 
628758 
628759 
628760 
628761 
497690 
628762 
628765 
628768 
497697 
628771 
497700 
497703 
628776 
497706 
628778 
628780 
497711 
628783 
497715 
497719 
497723 
628798 
497730 
497734 
628809 
497738 
628811 
628813 
497742 
628815 
628818 
628819 
628820 
497749 
628821 
497752 
628824 
497755 
628829 
497758 
628832 
497763 
628835 
628838 
497767 
497771 
628843 
497775 
628847 
628851 
497782 
628855 
497786 
497790 
628862 
497794 
628866 
628870 
497801 
628874 
497804 
497807 
628881 
497810 
628886 
497815 
497819 
628891 
497823 
628896 
497827 
628905 
497834 
497838 
628910 
497842 
628915 
497846 
628920 
497853 
497856 
628929 
497859 
628932 
497862 
628935 
628938 
497867 
497871 
628943 
628944 
628945 
628946 
497875 
628947 
497879 
628952 
628957 
497886 
497890 
628962 
497894 
497898 
628971 
628973 
628975 
497905 
628977 
497908 
628980 
497911 
628984 
497914 
628988 
497919 
628992 
497923 
497927 
628999 
497931 
629003 
629007 
497938 
629011 
497942 
497946 
629018 
629020 
497950 
629022 
629024 
629027 
629028 
497957 
629029 
629030 
629031 
497960 
629034 
497963 
629037 
497966 
629040 
497971 
629045 
497975 
629050 
497979 
497983 
629055 
629060 
497990 
497994 
629069 
497998 
629071 
629073 
498002 
629075 
629078 
629080 
498009 
629082 
498012 
629084 
498015 
629087 
498018 
629092 
498023 
629097 
498027 
629102 
498031 
498035 
629111 
629112 
629113 
498042 
629114 
629115 
498046 
629118 
629121 
498050 
629124 
498054 
629129 
629132 
498061 
498063 
629135 
498065 
629138 
498067 
498070 
629143 
498074 
629148 
498078 
629153 
498082 
629158 
498089 
498093 
629167 
498097 
629169 
629171 
498101 
629173 
629176 
629178 
498108 
629180 
629182 
498111 
629185 
498114 
498117 
629189 
629193 
498122 
629197 
498126 
498130 
629204 
629205 
498134 
629206 
629207 
629208 
629211 
498141 
629214 
498145 
629217 
498149 
629222 
629224 
498153 
629226 
629228 
629231 
498160 
498163 
629236 
498166 
498169 
629241 
498174 
629246 
498178 
498182 
629255 
629257 
498186 
629259 
629261 
629264 
498193 
629266 
629268 
498198 
629270 
629273 
498203 
629278 
498208 
629283 
629288 
498217 
498222 
629297 
629298 
498227 
629299 
629300 
629301 
498232 
629304 
629307 
629310 
498241 
629315 
498245 
629318 
498249 
629321 
629324 
498253 
629329 
629331 
498260 
629333 
629335 
498265 
629338 
498270 
629343 
498275 
629348 
629353 
498284 
498289 
629362 
498294 
629366 
629370 
498299 
629374 
498308 
629381 
498312 
629385 
498316 
629389 
498320 
629393 
498327 
629400 
629402 
498331 
629404 
629406 
498335 
629409 
629410 
498339 
629411 
629412 
629413 
629416 
498346 
629419 
629422 
498351 
629427 
498356 
629429 
629431 
498361 
629433 
629436 
629441 
498370 
498374 
629446 
498378 
629451 
498382 
629460 
498389 
629464 
498394 
629468 
498399 
629472 
498404 
629479 
629483 
498413 
629487 
498416 
498419 
629491 
498422 
629498 
498427 
629500 
629502 
498431 
629504 
498435 
629507 
629508 
629509 
629510 
498439 
629511 
629514 
629517 
498446 
629520 
498450 
629525 
498454 
629527 
629529 
498458 
629531 
629534 
498465 
629539 
498468 
498471 
629544 
498474 
629549 
498479 
498483 
629558 
498487 
629562 
498491 
629566 
498498 
629570 
498502 
629577 
498506 
629581 
498510 
629585 
498517 
629589 
498520 
498523 
629596 
498526 
629598 
629600 
629602 
498531 
629605 
629606 
498535 
629607 
629608 
629609 
498539 
629612 
498543 
629615 
629618 
498550 
629623 
629625 
498554 
629627 
629629 
498558 
629632 
498562 
629637 
498569 
629642 
498572 
498575 
629647 
498578 
498583 
629656 
498587 
629660 
498591 
629664 
498595 
629668 
498602 
629675 
498606 
629679 
498610 
629683 
498614 
629687 
498621 
629694 
498624 
629696 
629698 
498627 
629700 
498630 
629703 
629704 
629705 
629706 
498635 
629707 
629710 
498639 
629713 
498643 
629716 
498647 
629721 
629723 
629725 
498654 
629727 
498658 
629730 
498662 
629735 
498666 
629740 
498673 
629745 
498676 
498679 
498682 
629754 
629758 
498687 
629762 
498691 
629766 
498695 
498699 
629773 
629777 
498706 
629781 
498710 
629785 
498714 
498718 
629792 
629794 
629796 
498725 
629798 
498728 
629801 
629802 
498731 
629803 
629804 
629805 
498734 
629808 
498739 
629811 
629814 
498743 
498747 
629819 
629821 
498751 
629823 
629825 
629828 
498758 
629833 
498762 
498766 
629838 
498770 
629843 
498777 
498780 
629852 
498783 
629856 
498786 
629860 
498791 
629864 
498795 
498799 
629871 
498803 
629875 
629879 
498810 
629883 
498814 
498818 
629890 
629892 
498822 
629894 
629896 
629899 
629900 
498829 
629901 
629902 
498831 
629903 
498833 
629906 
498835 
629909 
498838 
629912 
498842 
629917 
498846 
498850 
629922 
629927 
498857 
629932 
498862 
498867 
629941 
629943 
498872 
629945 
629947 
629950 
498881 
629954 
498886 
629958 
629962 
498891 
498896 
629969 
629973 
498905 
629977 
498909 
629981 
498913 
629988 
498917 
629990 
629992 
629994 
498924 
629997 
629998 
629999 
630000 
498929 
630001 
630004 
498934 
630007 
630010 
498939 
630015 
498948 
630020 
498953 
630025 
498958 
630030 
498963 
630039 
498972 
630044 
498976 
630049 
498980 
630054 
498984 
498991 
630063 
630065 
498995 
630067 
630069 
498999 
630072 
630074 
499003 
630076 
630078 
630081 
499010 
630082 
630083 
630084 
630085 
499015 
630088 
630091 
499020 
630094 
499025 
630099 
630102 
630105 
499034 
630108 
499038 
630113 
499042 
499046 
630118 
630123 
499053 
630128 
499058 
499063 
630137 
630139 
499068 
630141 
630143 
630146 
630148 
499077 
630150 
499080 
630152 
499083 
630155 
499086 
630160 
499091 
630165 
499095 
630170 
499099 
499103 
630179 
630180 
630181 
499110 
630182 
630183 
499114 
630186 
630189 
499118 
630192 
499122 
630197 
630200 
499129 
630203 
499132 
630206 
499135 
499138 
630211 
499143 
630216 
499147 
499151 
630223 
630226 
499155 
630229 
630232 
499162 
630235 
499166 
630240 
630241 
499170 
630245 
499174 
630250 
499181 
499184 
630258 
499187 
499190 
630262 
499195 
630267 
630270 
499199 
630272 
499203 
630275 
630278 
499207 
630281 
630284 
499214 
630286 
630289 
499218 
630292 
499222 
630295 
499226 
630298 
630303 
499233 
630305 
630307 
499236 
630309 
499239 
630312 
499242 
630315 
630318 
499247 
630321 
499251 
630326 
499255 
630328 
630330 
499259 
630332 
630335 
630337 
499266 
630339 
630341 
499270 
630344 
630345 
499274 
630346 
630347 
630348 
499278 
630351 
630354 
499285 
630357 
499288 
630362 
499291 
630364 
499294 
630366 
630368 
499299 
630371 
630373 
499303 
630375 
630377 
499307 
630380 
630382 
499311 
630384 
630386 
630389 
499318 
630391 
630393 
499322 
630395 
499326 
630398 
630399 
630400 
630401 
499330 
630402 
630407 
499337 
499340 
630414 
499343 
630417 
499346 
630420 
499351 
630423 
499355 
630427 
499359 
630432 
630433 
499363 
630436 
630438 
499370 
499374 
630447 
499378 
630450 
630453 
499382 
630456 
499389 
630461 
499392 
630464 
499395 
630467 
499398 
630470 
499403 
630475 
630478 
499407 
630481 
499411 
630484 
499415 
630489 
499422 
630494 
499426 
630501 
499430 
630504 
499434 
630507 
630510 
499441 
630514 
499444 
499447 
630519 
630520 
499450 
630522 
630524 
630526 
499455 
499459 
630532 
630534 
499463 
630536 
630538 
499467 
630541 
630544 
499474 
630547 
499478 
630550 
499482 
630555 
630557 
499486 
630559 
630561 
630564 
499493 
499495 
499497 
630569 
499499 
499502 
630576 
499507 
630579 
630582 
499512 
630585 
499517 
630589 
630594 
499526 
630601 
499530 
630603 
630605 
499534 
630607 
499538 
630610 
630612 
630614 
630616 
499545 
630619 
499548 
630622 
499551 
630625 
499554 
630628 
499559 
630633 
499564 
630636 
630639 
499569 
630642 
499574 
630647 
630651 
499583 
630658 
499587 
630661 
499591 
630664 
499595 
630667 
630671 
499602 
630676 
499605 
499608 
499611 
630683 
630686 
499616 
630689 
630692 
499622 
630697 
630699 
499628 
630701 
630703 
499634 
630706 
630710 
630714 
499645 
630718 
499649 
499653 
630725 
630727 
499657 
630729 
630731 
630734 
499664 
630736 
630738 
499668 
630740 
630743 
499672 
630744 
630745 
630746 
630747 
499676 
630749 
630751 
630753 
499683 
630756 
499687 
630759 
630762 
499691 
630765 
499695 
630770 
630773 
499702 
630776 
499706 
630779 
499710 
630784 
630785 
499714 
630786 
630787 
630788 
630791 
499721 
630794 
630797 
499726 
630802 
499731 
630803 
630804 
630805 
630806 
499736 
630811 
630816 
499745 
499749 
630821 
499753 
499757 
630830 
630833 
499764 
630836 
630839 
499768 
499772 
630844 
630847 
499776 
630850 
630853 
499783 
630858 
499788 
630862 
499793 
630866 
499798 
630870 
630877 
499807 
630879 
630881 
499811 
630883 
630886 
499815 
630887 
630888 
630889 
630890 
499819 
630891 
630892 
630893 
630894 
499826 
630898 
499830 
630902 
499834 
630906 
499838 
630913 
630916 
499845 
630919 
499850 
630922 
499855 
630927 
630930 
499860 
630933 
630936 
499869 
630941 
499873 
630945 
499877 
630949 
499881 
630953 
499888 
630960 
630964 
499893 
630968 
499898 
630972 
499903 
630979 
630981 
630983 
499912 
630985 
499915 
630988 
499918 
630990 
630992 
499921 
630994 
630997 
499926 
631000 
499930 
631003 
499934 
631006 
499938 
631011 
631016 
499945 
499949 
631021 
499953 
631026 
499957 
631035 
499964 
631037 
499967 
631039 
631041 
499970 
631044 
499973 
631046 
631048 
499978 
631050 
631053 
499982 
631056 
499986 
631059 
499990 
631062 
631067 
499997 
631070 
500001 
631073 
631076 
500005 
500009 
631081 
631083 
631085 
631087 
500016 
631090 
500019 
631092 
500022 
631094 
631096 
500025 
631099 
500030 
631104 
500034 
631109 
500038 
500042 
631114 
500049 
631123 
500053 
631125 
631127 
500057 
631129 
631132 
500061 
631135 
631138 
500068 
631141 
500071 
500074 
631146 
500077 
631149 
631152 
500082 
631155 
500086 
631160 
631161 
500090 
631162 
631163 
631164 
500094 
631166 
631168 
631170 
500101 
631173 
631175 
500105 
631177 
631179 
500109 
631182 
631184 
500113 
631186 
631188 
631191 
500120 
631192 
631193 
631194 
500123 
631195 
500126 
631199 
500129 
631203 
500134 
631207 
500138 
500142 
631214 
631217 
500146 
631220 
631223 
500153 
631228 
500157 
631229 
631230 
631231 
631232 
500161 
631235 
500165 
631238 
631241 
500172 
631246 
500175 
631248 
500178 
631250 
631252 
500181 
631255 
631257 
500186 
631259 
631261 
500190 
631264 
500194 
631266 
631268 
500198 
631270 
631273 
631274 
631275 
631276 
500205 
631277 
631280 
500209 
631283 
500213 
631286 
500217 
631291 
631293 
631295 
500224 
631297 
500227 
631300 
500230 
631302 
631304 
500233 
631306 
631309 
500238 
631311 
631313 
500242 
631315 
500246 
631318 
631320 
500250 
631322 
631324 
631327 
500257 
631331 
500261 
631335 
500265 
631339 
500269 
631346 
500276 
631350 
500279 
500282 
631354 
500285 
631358 
500290 
631365 
500294 
631367 
631369 
500298 
631371 
500302 
631374 
631376 
631378 
631380 
500309 
631383 
500313 
631385 
631387 
500317 
631389 
631392 
500321 
631395 
631398 
500328 
631401 
500330 
500332 
500334 
631406 
631408 
500337 
631410 
631412 
500341 
631415 
631416 
500345 
631417 
631418 
631419 
500349 
631421 
631423 
631425 
500356 
631428 
631430 
500360 
631432 
631434 
500364 
631437 
631439 
500368 
631441 
631443 
631446 
500375 
631447 
631448 
631449 
500378 
631450 
631452 
500381 
631454 
500384 
631456 
631459 
500389 
631461 
631463 
500393 
631465 
631468 
500397 
631469 
631470 
631471 
631472 
500401 
631475 
631478 
500408 
631481 
500412 
631486 
631487 
500416 
631488 
631489 
631490 
500420 
631493 
631496 
500427 
631499 
500430 
631504 
500433 
631506 
500436 
631508 
631510 
500441 
631513 
631517 
500446 
631521 
500451 
631525 
500456 
631532 
631536 
500465 
631540 
500469 
631544 
500473 
500477 
631551 
631553 
631555 
500484 
631557 
500488 
631560 
631563 
500492 
631566 
500496 
631569 
631574 
500503 
631576 
631578 
500507 
631580 
500511 
631583 
631585 
500515 
631587 
631589 
631592 
500522 
631596 
500526 
631600 
500530 
631604 
500534 
631611 
500541 
631613 
631615 
631617 
500546 
631620 
631621 
631622 
500551 
631623 
631624 
500556 
631628 
631632 
631636 
500565 
500570 
631643 
631645 
500575 
631647 
631649 
500580 
631652 
631655 
631658 
500589 
631661 
500593 
631666 
500597 
631669 
631672 
500601 
631675 
500608 
631680 
631682 
500612 
631684 
631686 
500616 
631689 
631690 
631691 
500620 
631692 
631693 
631695 
631697 
500627 
631699 
631702 
500631 
631705 
500635 
631708 
500639 
631711 
631716 
500646 
631718 
631720 
500650 
631722 
631725 
500654 
631728 
500658 
631731 
631734 
500665 
631739 
500670 
631744 
500675 
631749 
500680 
631754 
500689 
631763 
631764 
500693 
631765 
631766 
631767 
500697 
631769 
631771 
500701 
631773 
631776 
631778 
500708 
631780 
631782 
500712 
631785 
500716 
631788 
631791 
500720 
631794 
500727 
631799 
631800 
631801 
631802 
631803 
500732 
631806 
500737 
631809 
631812 
500742 
631817 
631820 
500751 
631823 
631826 
500755 
500759 
631831 
631833 
500763 
631835 
631837 
631840 
500770 
631842 
631844 
631846 
500775 
631849 
500780 
631853 
500785 
631857 
631861 
500794 
631868 
500797 
631870 
500800 
631872 
631874 
500803 
631877 
500808 
631880 
631883 
500812 
631886 
500816 
631891 
500820 
631894 
631897 
500827 
631900 
500831 
631905 
631907 
500835 
631909 
631911 
500839 
631914 
631915 
631916 
631917 
631918 
500846 
631920 
500849 
631922 
631924 
500852 
631927 
500855 
631930 
500860 
631933 
631936 
500864 
500868 
631941 
631943 
500872 
631945 
631947 
631950 
500879 
631953 
500883 
631956 
631959 
500887 
500891 
631964 
631969 
500898 
500901 
631974 
500904 
631979 
500907 
500912 
631988 
500916 
631989 
631990 
631991 
631992 
500920 
631994 
631996 
500924 
631998 
632001 
632003 
500931 
632005 
632007 
500935 
632010 
500939 
632014 
500943 
632018 
632022 
500950 
500953 
500956 
632029 
500959 
632032 
632035 
500964 
632038 
500968 
632043 
500972 
632047 
500976 
632051 
632055 
500983 
500987 
632062 
500991 
632064 
632066 
500995 
632068 
632071 
632072 
632073 
632074 
501002 
632075 
501005 
632079 
501008 
632083 
501011 
632087 
501016 
501020 
632094 
632096 
501024 
632098 
632100 
501028 
632103 
632106 
501035 
632109 
501039 
632112 
501043 
632117 
501047 
632120 
632123 
632126 
501054 
501057 
632131 
501060 
632133 
632135 
501063 
632137 
632140 
501068 
632141 
632142 
632143 
632144 
501072 
632146 
632148 
501076 
632150 
501080 
632153 
632156 
632159 
501087 
632162 
501091 
632167 
501095 
632169 
632171 
501099 
632173 
632176 
632178 
501106 
632180 
501109 
632182 
501112 
632185 
501115 
632190 
501120 
632195 
501124 
632200 
501128 
501132 
632209 
632210 
632211 
501139 
632212 
632213 
632215 
501143 
632217 
632219 
501147 
632222 
501151 
632224 
632226 
632228 
501158 
632231 
632233 
501161 
632235 
501164 
632237 
501167 
632240 
632242 
632244 
501172 
632246 
501176 
632249 
501180 
632253 
501184 
632257 
632261 
501191 
501195 
632268 
632271 
501199 
632274 
501203 
632277 
632282 
501210 
632283 
632284 
501212 
632285 
632286 
501214 
632288 
501216 
632290 
501219 
632292 
632295 
501223 
632298 
501227 
632301 
501231 
632304 
632309 
501238 
632314 
501242 
501246 
632319 
501250 
632324 
501257 
501260 
632333 
632335 
501263 
632337 
501266 
632339 
632342 
501271 
632344 
632346 
501275 
632348 
632351 
501279 
501283 
632356 
501290 
632363 
501294 
632367 
501298 
632371 
501302 
632378 
632381 
501309 
632384 
501312 
632386 
501315 
632388 
501318 
632391 
501323 
632396 
501328 
632401 
501333 
632408 
501338 
632413 
501347 
632422 
501351 
632425 
501355 
632428 
501359 
632433 
632436 
632438 
501366 
632441 
501369 
501372 
632447 
501375 
632451 
501380 
501384 
632458 
501388 
632461 
632464 
501392 
632467 
501399 
632472 
632473 
632474 
632475 
632477 
501405 
632479 
632481 
501411 
632484 
632487 
501417 
632490 
632493 
632498 
501428 
632503 
501433 
632508 
501438 
632513 
501443 
632522 
632524 
501452 
632526 
632528 
501456 
632531 
501460 
632533 
632535 
501464 
632537 
632540 
501471 
632544 
501475 
632548 
501479 
632552 
501483 
632559 
632562 
501490 
632565 
501495 
632568 
501500 
632573 
632574 
632575 
632576 
632577 
501505 
632579 
632581 
632583 
632586 
501514 
632589 
501518 
632592 
501522 
632595 
501526 
632600 
632605 
501533 
501537 
632610 
501541 
632615 
501545 
632624 
501552 
632626 
632628 
501557 
632630 
632633 
501562 
632635 
632637 
632639 
501567 
632642 
632646 
501576 
632650 
501580 
632654 
501584 
501588 
632661 
632664 
632667 
501595 
632670 
501599 
632675 
501603 
632676 
632677 
632678 
632679 
501607 
632681 
632683 
632685 
501614 
632688 
632691 
501619 
632694 
501624 
632697 
501629 
632702 
632707 
501638 
632712 
501642 
632717 
501646 
501650 
632726 
632728 
501657 
632730 
632732 
501661 
632735 
632737 
501665 
632739 
632741 
501669 
632744 
632748 
501676 
632752 
501681 
632756 
501686 
632763 
501691 
632766 
632769 
632772 
501700 
501704 
632777 
632778 
632779 
632780 
501708 
632781 
632783 
501712 
632785 
632787 
632790 
501719 
632793 
501723 
632796 
632799 
501727 
501731 
632804 
632809 
501738 
632814 
501743 
632819 
501748 
501753 
632828 
632830 
632832 
632834 
501762 
632837 
501766 
632839 
632841 
501770 
632843 
632846 
501774 
632850 
501781 
632854 
501785 
632858 
501789 
632865 
501793 
632868 
632871 
501800 
632874 
501805 
632879 
632880 
632881 
632882 
501810 
632883 
632885 
632887 
501815 
632889 
632892 
632895 
501824 
632898 
501828 
632901 
501832 
632906 
501836 
632911 
501843 
632916 
501847 
632921 
501851 
501855 
632930 
632932 
632934 
501862 
632936 
632939 
501867 
632941 
632943 
501872 
632945 
632948 
501877 
632950 
632952 
632955 
632958 
501886 
632960 
501890 
632963 
632965 
501894 
632968 
632969 
632970 
501898 
632971 
632972 
632973 
632974 
632975 
632977 
501905 
632979 
632981 
501909 
632984 
632985 
501913 
632986 
632987 
632988 
501917 
632990 
632992 
632994 
501924 
632997 
632999 
633001 
501929 
633003 
633006 
501934 
633008 
633010 
501939 
633012 
633015 
633017 
633019 
501948 
633021 
633024 
501952 
633025 
633026 
633027 
633028 
501956 
633031 
501960 
633034 
633037 
501967 
633042 
501971 
633044 
633046 
501975 
633048 
633051 
501979 
633054 
633057 
501986 
633060 
501991 
633065 
633067 
501996 
633069 
633071 
502001 
633074 
633075 
633076 
633077 
633078 
633079 
633080 
633081 
633082 
502010 
633085 
502014 
633088 
502018 
633091 
502022 
633096 
633098 
633100 
502029 
633102 
633105 
502033 
633106 
633107 
633108 
633109 
502037 
633111 
633113 
502041 
633115 
633118 
633120 
502048 
633122 
633124 
633127 
502055 
633129 
633131 
633133 
502062 
633136 
633137 
633138 
633139 
633140 
633141 
502069 
633142 
633143 
633144 
633146 
633148 
633150 
633153 
502082 
633155 
633157 
502086 
633159 
633162 
502090 
633163 
633164 
633165 
633166 
502094 
633167 
633168 
633169 
633170 
633171 
633172 
633173 
502101 
633174 
633176 
502105 
633178 
633180 
502109 
633183 
633184 
633185 
502113 
633186 
633187 
633189 
633191 
502120 
633193 
502123 
633196 
633198 
502126 
633200 
502129 
633202 
633205 
633206 
502134 
633207 
633208 
633209 
502138 
633211 
633213 
502142 
633215 
633218 
502146 
633220 
633222 
633224 
502153 
633227 
633229 
502157 
633231 
633233 
502161 
633236 
502165 
633238 
633240 
633242 
502172 
633245 
633246 
633247 
502175 
633248 
633249 
633250 
502178 
633251 
633252 
633253 
502181 
633254 
633255 
633256 
633257 
502186 
633259 
633261 
502190 
633263 
633266 
502194 
633267 
633268 
633269 
633270 
502198 
633272 
633274 
633276 
502205 
633279 
502209 
633282 
633285 
502213 
633288 
502217 
633293 
633295 
502224 
633297 
633299 
502227 
633302 
502230 
633304 
502233 
633306 
633308 
502238 
633311 
633312 
633313 
633314 
502242 
633315 
633317 
502246 
633319 
633321 
502250 
633324 
633326 
633328 
502257 
633330 
633333 
502261 
633334 
633335 
633336 
633337 
502265 
633338 
633339 
633340 
633341 
502269 
633342 
633343 
633344 
633345 
633347 
502276 
633349 
633351 
502279 
633354 
502282 
633355 
633356 
633357 
502285 
633358 
633360 
633362 
502290 
633364 
502294 
633367 
633369 
502298 
633371 
633373 
502302 
633376 
633378 
633380 
502309 
633382 
633385 
502313 
633387 
633389 
502317 
633391 
502321 
633394 
633396 
633398 
633400 
502328 
633403 
502331 
633406 
502334 
633409 
502337 
633412 
502342 
633417 
502346 
633419 
633421 
502350 
633423 
633426 
502354 
633428 
633430 
633432 
502361 
633435 
633437 
502365 
633439 
633441 
502369 
633444 
633445 
502373 
633446 
633447 
633448 
633449 
633450 
633451 
633452 
502380 
633453 
633454 
633455 
502383 
633456 
633458 
502386 
633460 
502389 
633462 
633465 
633466 
502394 
633467 
633468 
633469 
502398 
633471 
633473 
502402 
633475 
633478 
502406 
633480 
633482 
633484 
502413 
633487 
633489 
502417 
633491 
633493 
502421 
633496 
633497 
502425 
633498 
633499 
633500 
633501 
633502 
633503 
633504 
502432 
633505 
633506 
633507 
502435 
633508 
633509 
633510 
502438 
633511 
633512 
502441 
633515 
633518 
502446 
633522 
502450 
633525 
502454 
633530 
502458 
633533 
633535 
502465 
633538 
633540 
502469 
633542 
633544 
502473 
633547 
502477 
633550 
633553 
633556 
502484 
502487 
633561 
633562 
502490 
633563 
633564 
633565 
502493 
633568 
502498 
633571 
633574 
502502 
502506 
633579 
633582 
502510 
633585 
633588 
502517 
633593 
502521 
633595 
633597 
502525 
633599 
502529 
633602 
633604 
633606 
633608 
502536 
502538 
633611 
502540 
633613 
502542 
633615 
633617 
502545 
633620 
633621 
502549 
633622 
633623 
502553 
633627 
502557 
633630 
633633 
633636 
502564 
502568 
633643 
502572 
633645 
633647 
502576 
633649 
633655 
502583 
633657 
502585 
633659 
502587 
633661 
502589 
502592 
633666 
633668 
502596 
633670 
633672 
502600 
633675 
502604 
633677 
633679 
633681 
502611 
633684 
633686 
502615 
633688 
633690 
502619 
633693 
502623 
633696 
633699 
633702 
502630 
502632 
502634 
633707 
502636 
633709 
633711 
502639 
633713 
502643 
633716 
633718 
502647 
633720 
633722 
502651 
633725 
633728 
502658 
633731 
633734 
502662 
502666 
633739 
633740 
633741 
633742 
502670 
633743 
633746 
633749 
502677 
502679 
633752 
502681 
502683 
633757 
502686 
633760 
633763 
502691 
633766 
502696 
633771 
633773 
502701 
633775 
633777 
633780 
633782 
502710 
633784 
633786 
502714 
633789 
502718 
633791 
633793 
502722 
633795 
633798 
633799 
633800 
633801 
502729 
502731 
502733 
633806 
502735 
633808 
633810 
502738 
633812 
502743 
502748 
633823 
633825 
502753 
633827 
633829 
633834 
502762 
633836 
633838 
502766 
633840 
502770 
633843 
633844 
633845 
633846 
502774 
633847 
633849 
633851 
633853 
502781 
502783 
633856 
502785 
633859 
502787 
633862 
502790 
633865 
502795 
633870 
633872 
502800 
633874 
633876 
502805 
633879 
633881 
633883 
633885 
502814 
633888 
502818 
633891 
633894 
502822 
633897 
502826 
633902 
633903 
633904 
633905 
502833 
633906 
502835 
633909 
502837 
502839 
633912 
502842 
633915 
502847 
633920 
633923 
502852 
633926 
633929 
502857 
633934 
633936 
633938 
502866 
633940 
502870 
633943 
633945 
502874 
633947 
633949 
502878 
633952 
633954 
633956 
502885 
633958 
502887 
633961 
502889 
633962 
633963 
502891 
633964 
633965 
502894 
633967 
633969 
633971 
502899 
633976 
502904 
633977 
633978 
633979 
633980 
502909 
633982 
633984 
633986 
502918 
633991 
633993 
502922 
633995 
633997 
502926 
634000 
634002 
502930 
634004 
634006 
634009 
502937 
634011 
502939 
634013 
502941 
634015 
502943 
634018 
502946 
634021 
502951 
634024 
634027 
502956 
634032 
502961 
634034 
634036 
634038 
634041 
502970 
634043 
634045 
502974 
634047 
634050 
502978 
634053 
502982 
634055 
634058 
634059 
634060 
634061 
502989 
502991 
502993 
634066 
502995 
634069 
502998 
634071 
503003 
634076 
634078 
634080 
503008 
634082 
503013 
634090 
503022 
634095 
503026 
634102 
503030 
503034 
634107 
634108 
634110 
634112 
503041 
634115 
503043 
503045 
634119 
503047 
634121 
503050 
634124 
634127 
503055 
634130 
634132 
503060 
634134 
634137 
503065 
634138 
634139 
634140 
634143 
634146 
503074 
634149 
503078 
634154 
503082 
634156 
634158 
503086 
634160 
634163 
634164 
634165 
503093 
634166 
634167 
503095 
634169 
503097 
634171 
503099 
634173 
503102 
634176 
634177 
634178 
634179 
503107 
634180 
634182 
634184 
503112 
634186 
634189 
503117 
634190 
634191 
634192 
634193 
634195 
634197 
503126 
634199 
634202 
503130 
634203 
634204 
634205 
634206 
503134 
634208 
634210 
503138 
634212 
634215 
634217 
503145 
634219 
503147 
634221 
503149 
503151 
634224 
634225 
634226 
503154 
634227 
634228 
634230 
503159 
634232 
634234 
503164 
634237 
634240 
503169 
634243 
634246 
503178 
634251 
634252 
634253 
634254 
503182 
634255 
634257 
503186 
634259 
634261 
503190 
634264 
634265 
634266 
634267 
634268 
503197 
503199 
634272 
503201 
503203 
634276 
503206 
634280 
503210 
503214 
634287 
634290 
503218 
634293 
634296 
503225 
634301 
503229 
634303 
634305 
503233 
634307 
503237 
634310 
634312 
634314 
634316 
503244 
503246 
634319 
503248 
634322 
503250 
634325 
503253 
634328 
503257 
634333 
503261 
634335 
634337 
503265 
634339 
634342 
634344 
503272 
634346 
634348 
503276 
634351 
503280 
634353 
634355 
503284 
634357 
634360 
634361 
634362 
634363 
503291 
634364 
503293 
634366 
503295 
634368 
503297 
634370 
503300 
634373 
634374 
634375 
634376 
503304 
634377 
634379 
503308 
634381 
634383 
503312 
634386 
634387 
634388 
634389 
634390 
503319 
634392 
634394 
503323 
634396 
634399 
503327 
634400 
634401 
634402 
634403 
503331 
634405 
634407 
634409 
503338 
634412 
503340 
634413 
634414 
503342 
634415 
634416 
503344 
634418 
503347 
634420 
634422 
503351 
634425 
634427 
503355 
634429 
634431 
503359 
634434 
634436 
634438 
503366 
634440 
503370 
634443 
634444 
634445 
634446 
503374 
634447 
634449 
503378 
634451 
634453 
634456 
503385 
634458 
503387 
634460 
503389 
634462 
503391 
634465 
634466 
503394 
634467 
634468 
634469 
634470 
503398 
634471 
634472 
634473 
503402 
634477 
503406 
634481 
634485 
503413 
503417 
634492 
503421 
634494 
634496 
503425 
634498 
634501 
634504 
503432 
503434 
634507 
503436 
634510 
503438 
503441 
634515 
503445 
634519 
503449 
634523 
503453 
634527 
503460 
634534 
634536 
503464 
634538 
634540 
503468 
634543 
503472 
634545 
634547 
634549 
503479 
634552 
503481 
634554 
503483 
634556 
503485 
634558 
503488 
634561 
634564 
503492 
634567 
503496 
634570 
503500 
634575 
503507 
634580 
503511 
634584 
503515 
634591 
503519 
634595 
634598 
503526 
503528 
503530 
634603 
503532 
634606 
503535 
634609 
503539 
634612 
503543 
634617 
634619 
503547 
634621 
634623 
634626 
503554 
634628 
634630 
503558 
634632 
503562 
634635 
634637 
503566 
634639 
634641 
634644 
503573 
634646 
503575 
634648 
503577 
634650 
503579 
634653 
503582 
634657 
503586 
634661 
503590 
634665 
503594 
634672 
503601 
634675 
634677 
503605 
634680 
503609 
634682 
634684 
503613 
634686 
634689 
634692 
503620 
503622 
634695 
503624 
634698 
503626 
503629 
634703 
634704 
634705 
503633 
634706 
634707 
634709 
503637 
634711 
634713 
503641 
634716 
634720 
503648 
634724 
503652 
634728 
503656 
503660 
634735 
634737 
634739 
503667 
634741 
503669 
503671 
634744 
503673 
634747 
634750 
503678 
634753 
503681 
503685 
634758 
503687 
503689 
634762 
503691 
634766 
503694 
503696 
634770 
503698 
503700 
503703 
634777 
503706 
634779 
634781 
503709 
634783 
503712 
634786 
634788 
503717 
634790 
503719 
634792 
503721 
634795 
503723 
634797 
503726 
634799 
503728 
634801 
503730 
634804 
503732 
634807 
503735 
634810 
503738 
634813 
503741 
503744 
634818 
634821 
503749 
634824 
503752 
634827 
503755 
503758 
634832 
634835 
503763 
503765 
634838 
503767 
634841 
503769 
503772 
634846 
503775 
634849 
503778 
634852 
503781 
634855 
503786 
634860 
503789 
634862 
634864 
503792 
634866 
503795 
634869 
634871 
503800 
634873 
503802 
634875 
503804 
634878 
503806 
634879 
634880 
634881 
503809 
634882 
634884 
503812 
634886 
503815 
634888 
503818 
634891 
634895 
503823 
503825 
634899 
503827 
503829 
634903 
503832 
503834 
503836 
634910 
503838 
634912 
503841 
634914 
634916 
503844 
634919 
503847 
634921 
503850 
634923 
634925 
503855 
634928 
503858 
634931 
503861 
634934 
503864 
634937 
503869 
634942 
634943 
503871 
634944 
634945 
503873 
634946 
503875 
634948 
634950 
503878 
634952 
503881 
634955 
503884 
634959 
503887 
634963 
503892 
634967 
503895 
503898 
503901 
634974 
634976 
634978 
503906 
634980 
503908 
503910 
634983 
503912 
634986 
503915 
634989 
503918 
634992 
503921 
503924 
634997 
635001 
503929 
503931 
635005 
503933 
503935 
635009 
503938 
503940 
503942 
635016 
503944 
635018 
503947 
635020 
635022 
503950 
635025 
503953 
635027 
503956 
635029 
635031 
503961 
635034 
635036 
503964 
635038 
503967 
635040 
503970 
635043 
635046 
503975 
635049 
503977 
503979 
635052 
503981 
503984 
635057 
503987 
635060 
503990 
635063 
503993 
635066 
503998 
635071 
504000 
635074 
504002 
504004 
635077 
504007 
635080 
504009 
504011 
635085 
504013 
635088 
504016 
635091 
504019 
635094 
504022 
504025 
635099 
635101 
504030 
635103 
635105 
504033 
635108 
504036 
635110 
635112 
504041 
635114 
504043 
635117 
504045 
635118 
635119 
504047 
635120 
635121 
504050 
635123 
635125 
504053 
635127 
504056 
635130 
504061 
635134 
635138 
504066 
504068 
635142 
504071 
635149 
635151 
504079 
635153 
504082 
635155 
635158 
635160 
635162 
504090 
635164 
635167 
635170 
504098 
635173 
635176 
504104 
635181 
635182 
635183 
635184 
635185 
504114 
635187 
635189 
635191 
635194 
504122 
635198 
504129 
635202 
635206 
504135 
504140 
635213 
635215 
635217 
635219 
504149 
635222 
635225 
504154 
635228 
635231 
504161 
635236 
504165 
635240 
504168 
635244 
504173 
504175 
635248 
504177 
504179 
504182 
635255 
504184 
635257 
504186 
635259 
504188 
635261 
504191 
635264 
635266 
504194 
635268 
504197 
635270 
504200 
635273 
635275 
635277 
504205 
635279 
504207 
504209 
635282 
504211 
635285 
504214 
635288 
504216 
504218 
635291 
504220 
504223 
635296 
504226 
635299 
504229 
635302 
504232 
635305 
504237 
635310 
504239 
635313 
504241 
504243 
635316 
504246 
635319 
504248 
504250 
635324 
504252 
635327 
504255 
635330 
504258 
635333 
504261 
504264 
635338 
635340 
504269 
635342 
504271 
635344 
504273 
635347 
504275 
635349 
504278 
635351 
504280 
635353 
504282 
635356 
504284 
635357 
635358 
635359 
504287 
635360 
635362 
504290 
635364 
504293 
635366 
504296 
635369 
635373 
504301 
504303 
635377 
504305 
504307 
635381 
504310 
504312 
504314 
635388 
504316 
635390 
504319 
635392 
635394 
504322 
635397 
504325 
635399 
504328 
635401 
635403 
504333 
635406 
504335 
635409 
504337 
504339 
635412 
504342 
635415 
504344 
504346 
635420 
504348 
635421 
635422 
635423 
504351 
635424 
635426 
504354 
635428 
504357 
635430 
504360 
635433 
635437 
504365 
504367 
635441 
504369 
504371 
635445 
504374 
504376 
504378 
635452 
504380 
635454 
504383 
635456 
635458 
504386 
635461 
504389 
635464 
504392 
635467 
504397 
635470 
504399 
504401 
635475 
504403 
504406 
635479 
504408 
504410 
635483 
504412 
635487 
504415 
504418 
504421 
635494 
635496 
504424 
635498 
635500 
504429 
635503 
504431 
635505 
504433 
635507 
504435 
635509 
504438 
635512 
504440 
635514 
504442 
635516 
504444 
635518 
504447 
635521 
504450 
635524 
504453 
635527 
504456 
635530 
504461 
635535 
504463 
504465 
635538 
504467 
635541 
504470 
635544 
504472 
504474 
504476 
635549 
504479 
635552 
504482 
635555 
504485 
635558 
504488 
635563 
504493 
635566 
504495 
635569 
504497 
504499 
635572 
504502 
504504 
635577 
504506 
635579 
504508 
635581 
635583 
504511 
635586 
504514 
635588 
504517 
635590 
635592 
504520 
635595 
635596 
635597 
504525 
635598 
635599 
504527 
635601 
504529 
635603 
504531 
635605 
504534 
635608 
504536 
504538 
635612 
504540 
504543 
635616 
504546 
635620 
504549 
504552 
635627 
635629 
504557 
635631 
504559 
635633 
504561 
504563 
635636 
635638 
504566 
635640 
504568 
635642 
504570 
504572 
635645 
504575 
635648 
504578 
635651 
504581 
635654 
504584 
635659 
635660 
635661 
504589 
635662 
635663 
504591 
635665 
504593 
635667 
504595 
635669 
504598 
635672 
504600 
504602 
635676 
504604 
504607 
635680 
504610 
635684 
504613 
504616 
635691 
635693 
504621 
635695 
504623 
635697 
504625 
504627 
635700 
504630 
635703 
504632 
635706 
504634 
504636 
635709 
504639 
635714 
504642 
504645 
635718 
504648 
635722 
504653 
635726 
504655 
504657 
504659 
635733 
504662 
635735 
504664 
635737 
504666 
635739 
504668 
635742 
504671 
635744 
635746 
504674 
635748 
504677 
635751 
504680 
635753 
635755 
635757 
504685 
504687 
635760 
504689 
635763 
504691 
635766 
504694 
504696 
635769 
504698 
504700 
635774 
504703 
635777 
504706 
635780 
504709 
635783 
504712 
635788 
504717 
635791 
504719 
504721 
635794 
504723 
635797 
504726 
504728 
635802 
504730 
504732 
635805 
504735 
635808 
504738 
635811 
504741 
635816 
504744 
635818 
635820 
504749 
635822 
504751 
635825 
504753 
635827 
504755 
635829 
504758 
635831 
504760 
635834 
504762 
635835 
635836 
504764 
635837 
635838 
504767 
635840 
635842 
504770 
635844 
504773 
635847 
504776 
635851 
504781 
635855 
504783 
504785 
635859 
504787 
504790 
504792 
635866 
504794 
635868 
504796 
635870 
504799 
635872 
504802 
635875 
635877 
504805 
635879 
504808 
635881 
635884 
504813 
635886 
504815 
635888 
504817 
635890 
504819 
635893 
635894 
504822 
635895 
635896 
504824 
635897 
504826 
635899 
504828 
635901 
635903 
504831 
635906 
504834 
635909 
504837 
635912 
504840 
635915 
504845 
504847 
635920 
504849 
504851 
635926 
504854 
504856 
504858 
504860 
635933 
504863 
635937 
504866 
504869 
635942 
504872 
635945 
635948 
504877 
504879 
635953 
504881 
635955 
504883 
635957 
504886 
635959 
504888 
635962 
504890 
635964 
504892 
635966 
504895 
635968 
504897 
635971 
504899 
635973 
504901 
635975 
504904 
635978 
504907 
635982 
504910 
504912 
635986 
504914 
504917 
635990 
504920 
504922 
635997 
504925 
635999 
504927 
636001 
504929 
636003 
504931 
636006 
504934 
504936 
636009 
504938 
636012 
504940 
636015 
504943 
504946 
636020 
504949 
636024 
504952 
636028 
504957 
504959 
636032 
504961 
504963 
504966 
636039 
504968 
636041 
504970 
636043 
504972 
636045 
504975 
636048 
636050 
504978 
636052 
504981 
636055 
504984 
636057 
636059 
636061 
504989 
504991 
636064 
504993 
636066 
504995 
636068 
636070 
504998 
505000 
636073 
505002 
505004 
636077 
505007 
636081 
505010 
505013 
636088 
505016 
636091 
505021 
636094 
505023 
636096 
505025 
636098 
505027 
636101 
505030 
636104 
505032 
505034 
636107 
505036 
636110 
505039 
505042 
636115 
636116 
636117 
505045 
636118 
636119 
505048 
636122 
636124 
505053 
636127 
505055 
505057 
636130 
505059 
636133 
505062 
505064 
636138 
505066 
505068 
636141 
505071 
636144 
505074 
636147 
505077 
636152 
505080 
636154 
636156 
505085 
636159 
505087 
505089 
505091 
636166 
505094 
505096 
636169 
505098 
505100 
636174 
505103 
636176 
505106 
636179 
636181 
505109 
636184 
505112 
636188 
505117 
636191 
505119 
505121 
505123 
636196 
636197 
636198 
505126 
636200 
505128 
505130 
636203 
505132 
636206 
505135 
505138 
636211 
636212 
636213 
505141 
636216 
505144 
636219 
505149 
636222 
505151 
505153 
636227 
505155 
636230 
505158 
505160 
636233 
505162 
636236 
505164 
505167 
636241 
505170 
636243 
636245 
505173 
636247 
505176 
636250 
636253 
505181 
505183 
636256 
505185 
636259 
505187 
505190 
636264 
505192 
505194 
636267 
505196 
636270 
505199 
636273 
505202 
505205 
636278 
636280 
505208 
636282 
636284 
505213 
636287 
505215 
636289 
505217 
636291 
505219 
636293 
505222 
636296 
505224 
505226 
636299 
505228 
636302 
505231 
636305 
505234 
505237 
636310 
636311 
636312 
505240 
636313 
636314 
636316 
505245 
636318 
505247 
636320 
505249 
636323 
505252 
636326 
505254 
505256 
636329 
505258 
636332 
505261 
636337 
505265 
636338 
636339 
636340 
505268 
636341 
636344 
505273 
636347 
505276 
636350 
505279 
505281 
636355 
505283 
636358 
505286 
636361 
505290 
636364 
505293 
636369 
505298 
636371 
636373 
505301 
636375 
505304 
636378 
505306 
505308 
636381 
505311 
636384 
505314 
636387 
505316 
505319 
636392 
636395 
505324 
636398 
636401 
505331 
636406 
636408 
505336 
636410 
636412 
505340 
636415 
636417 
636419 
505347 
636421 
505351 
636424 
505354 
636427 
636430 
505359 
636433 
505364 
636438 
636439 
636440 
636441 
636442 
505371 
636444 
636446 
636448 
505376 
636451 
505380 
636454 
636457 
505387 
636460 
505391 
636465 
636466 
505394 
636467 
636468 
636469 
505399 
636472 
636475 
505404 
636478 
505408 
636483 
636486 
505415 
636489 
636492 
505420 
505424 
636497 
636499 
636501 
636503 
505431 
636506 
505436 
636509 
505439 
636512 
636515 
505444 
505446 
636520 
505448 
505450 
636523 
505453 
636526 
505455 
636529 
505457 
505459 
636534 
505462 
636536 
505465 
636538 
636540 
505468 
636543 
505471 
636545 
636547 
505476 
636549 
505478 
636552 
505480 
505482 
636555 
505485 
636558 
505487 
636561 
505489 
505491 
636566 
505494 
636567 
636568 
636569 
505497 
636570 
636572 
505500 
636574 
505503 
636576 
636579 
505508 
636582 
505510 
505512 
636585 
505514 
636588 
505517 
505519 
636593 
505521 
636594 
636595 
505523 
636596 
636597 
505526 
636600 
505529 
636603 
505532 
636606 
505535 
636611 
505540 
636614 
505542 
505544 
636617 
505546 
636620 
505549 
505551 
636625 
505553 
636627 
505555 
636629 
505558 
636631 
505561 
636634 
505564 
636637 
505567 
636640 
636643 
505572 
505574 
636648 
505576 
505578 
636651 
505581 
636654 
505583 
636657 
505585 
505587 
636662 
505590 
636664 
505593 
636666 
636668 
505596 
636671 
505599 
636673 
636675 
505604 
636677 
505606 
636680 
505608 
505610 
636683 
505613 
636686 
505615 
636689 
505617 
505619 
636694 
505622 
636695 
636696 
636697 
505625 
636698 
636700 
505628 
636702 
505631 
636704 
636707 
505636 
636710 
505638 
505640 
636713 
505642 
636716 
505645 
505647 
636721 
505649 
636722 
636723 
505651 
636724 
636725 
505654 
636728 
505657 
636731 
505660 
636734 
505663 
636739 
505668 
505670 
636743 
505672 
636746 
505674 
505677 
636751 
505679 
505681 
636755 
505683 
636758 
505686 
505689 
636763 
505692 
636766 
505695 
636769 
636772 
505700 
505702 
505704 
636777 
505706 
636779 
636781 
505709 
636783 
505711 
505713 
636786 
505715 
636788 
636790 
505718 
636792 
505721 
636795 
636796 
505724 
636797 
636798 
636799 
505727 
636803 
505732 
505734 
636807 
505736 
505738 
636811 
505741 
505743 
505745 
636818 
505747 
636820 
636822 
505750 
636824 
505753 
636827 
505756 
636830 
505759 
636833 
636836 
505764 
505766 
505768 
636841 
505770 
636845 
505773 
505775 
636849 
505777 
505779 
636853 
505782 
505785 
636860 
505788 
636862 
505791 
636864 
636866 
505796 
636869 
505798 
636871 
505800 
636873 
505802 
636875 
505805 
636878 
505807 
636880 
505809 
636882 
505811 
636884 
505814 
636887 
636889 
505817 
636891 
505820 
636893 
505823 
636896 
505828 
636901 
505830 
505832 
636905 
505834 
505837 
505839 
636912 
505841 
636915 
505843 
636917 
505846 
636920 
505849 
636922 
636924 
505852 
636926 
505855 
636929 
636932 
505860 
505862 
636935 
505864 
636938 
505866 
505869 
636943 
505871 
636944 
636945 
505873 
636946 
636947 
505875 
636949 
505878 
636951 
636953 
505881 
636956 
505884 
636959 
505887 
636962 
505892 
636965 
505894 
505896 
636970 
505898 
505901 
636974 
505903 
636977 
505905 
505907 
636982 
505910 
505913 
636986 
505916 
636989 
505919 
636994 
505924 
636997 
505926 
637000 
505928 
505930 
637003 
505933 
505935 
637008 
505937 
637010 
505939 
637012 
637014 
505942 
637017 
505945 
637019 
505948 
637021 
637023 
505951 
637026 
637027 
637028 
505956 
637029 
637030 
505958 
505960 
637034 
505962 
505965 
637038 
505967 
505969 
637042 
505971 
505974 
637049 
505977 
637051 
505980 
637053 
637055 
505983 
637058 
505988 
637061 
505990 
637064 
505992 
505994 
637067 
505997 
505999 
637072 
506001 
506003 
637076 
506006 
637080 
506009 
637084 
506012 
506015 
637091 
506020 
637093 
506022 
637095 
506024 
637097 
506026 
637100 
506029 
637102 
506031 
637104 
506033 
637106 
506035 
637109 
506038 
637111 
637113 
506041 
637115 
506044 
637118 
506047 
637120 
637122 
637124 
506052 
506054 
637127 
506056 
506058 
637132 
506061 
506063 
637136 
506065 
506067 
506070 
637143 
506073 
637146 
637148 
506076 
637151 
506079 
637153 
637155 
506084 
637157 
506086 
637160 
506088 
506090 
637163 
506093 
637166 
506095 
637169 
506097 
506099 
637174 
506102 
637175 
637176 
637177 
506105 
637178 
637180 
506108 
637182 
506111 
637184 
637187 
506116 
637189 
506118 
637191 
506120 
637193 
506122 
637196 
637197 
506125 
637198 
637199 
506127 
637200 
506129 
506131 
637204 
506134 
637208 
506137 
637212 
506140 
506143 
637219 
506148 
637221 
506150 
637223 
506152 
637225 
506154 
637228 
637229 
506157 
637230 
637231 
506159 
637232 
506161 
637235 
506163 
637238 
506166 
506168 
637241 
506170 
506172 
637246 
637247 
506175 
637248 
637249 
506177 
637250 
506179 
637252 
506181 
637254 
637256 
506184 
506186 
637259 
506188 
637261 
506190 
637263 
637265 
506193 
506195 
637268 
506197 
637270 
506199 
637272 
637274 
506202 
506204 
637277 
506206 
506208 
637281 
506211 
637285 
506213 
506215 
637289 
506217 
506220 
506222 
637296 
506224 
506226 
637300 
506229 
506231 
637304 
506233 
506235 
637308 
506238 
506240 
506242 
637315 
506244 
637318 
506247 
637321 
506249 
506251 
637324 
506253 
506256 
637329 
506258 
506260 
637334 
506262 
506265 
637339 
506267 
506269 
506271 
637344 
506274 
506276 
506278 
506280 
637353 
506283 
637356 
506285 
637359 
506287 
506289 
637362 
506292 
506294 
637367 
506296 
637370 
506298 
637373 
506301 
506303 
637376 
506305 
506307 
637381 
506310 
637384 
506312 
506314 
637387 
506316 
637390 
506319 
506321 
637395 
506323 
506325 
637399 
506328 
637402 
506330 
506332 
506334 
637407 
506337 
637411 
506339 
506341 
637414 
506343 
506346 
637419 
506348 
637422 
506350 
506352 
637425 
506355 
637428 
506357 
506359 
637433 
506361 
637435 
506364 
637437 
506366 
637439 
506368 
637442 
506370 
637444 
506373 
637446 
506375 
637448 
506377 
637451 
506379 
637452 
637453 
637454 
506382 
637455 
506384 
506386 
637459 
506388 
637463 
506391 
506393 
637467 
506395 
506397 
506400 
637474 
506402 
637476 
506404 
637478 
506406 
637480 
506409 
637483 
506411 
506413 
637486 
506415 
637489 
506418 
637492 
506420 
506422 
506424 
637497 
506427 
637501 
506429 
506431 
637505 
506433 
506436 
637509 
506438 
506440 
506442 
637516 
506445 
637518 
506447 
637520 
506449 
637522 
506451 
637525 
506454 
637527 
506456 
637529 
506458 
637531 
506460 
637534 
506463 
637536 
506465 
637538 
506467 
637540 
506469 
637543 
506472 
637545 
506474 
637547 
506476 
637549 
506478 
637552 
506481 
506483 
637557 
506485 
506487 
637561 
506490 
506492 
506494 
637568 
506496 
637571 
506499 
637573 
506501 
506503 
637576 
506505 
637578 
637580 
506508 
637582 
506510 
506512 
637585 
506514 
637588 
506517 
637591 
506519 
506521 
637594 
506523 
506526 
637599 
637600 
506528 
637601 
637602 
506530 
637603 
506532 
637605 
637607 
506535 
637609 
506537 
506539 
637612 
506541 
637615 
506544 
506545 
637618 
506546 
506547 
506548 
637621 
506552 
637626 
637627 
637628 
506556 
637629 
637630 
637632 
506560 
637634 
637636 
637639 
506567 
637640 
637641 
637642 
637643 
506571 
637645 
637647 
506575 
637649 
506579 
637652 
637653 
637654 
637655 
637656 
506586 
637660 
506589 
637664 
506592 
506595 
637668 
506600 
637675 
506604 
637677 
637679 
506608 
637681 
637684 
506612 
637688 
506619 
637692 
506623 
637696 
506627 
637703 
506631 
637706 
637709 
506638 
637712 
506641 
506644 
637717 
506647 
637721 
506652 
637725 
506656 
637729 
506660 
637736 
506664 
637739 
637742 
506671 
637745 
506675 
637750 
506679 
637752 
637754 
506683 
637756 
637759 
637761 
506690 
637763 
637765 
506693 
637768 
506696 
506699 
637772 
637776 
506704 
637780 
506708 
506712 
637787 
506716 
637790 
637793 
506723 
637796 
506725 
506727 
637801 
506729 
637804 
506732 
637807 
506735 
637810 
506738 
637815 
506743 
506745 
637818 
506748 
637821 
637824 
506753 
506755 
637829 
506757 
637831 
506759 
637833 
506762 
637835 
506764 
637838 
506766 
506768 
637841 
506771 
637844 
506774 
637847 
506777 
637852 
506780 
637856 
506785 
637859 
506787 
506789 
506791 
637864 
506794 
637868 
506796 
506798 
637871 
506800 
506803 
637876 
506806 
637879 
506809 
637882 
506812 
637885 
506817 
637890 
506819 
637892 
506821 
637894 
506823 
637896 
506826 
637899 
506828 
637901 
506830 
637903 
506832 
637905 
506835 
637908 
637909 
637910 
506838 
637911 
637912 
506841 
637916 
506844 
637920 
506849 
506851 
637924 
506853 
506855 
506858 
637931 
506860 
637933 
506862 
637935 
506864 
637937 
506867 
637940 
506870 
637943 
506873 
637946 
506876 
637949 
506881 
637954 
506883 
506885 
637958 
506887 
637962 
506890 
506892 
637966 
506894 
506896 
506899 
637973 
506902 
637975 
637977 
506905 
637979 
506908 
637982 
637984 
506913 
637986 
506915 
637988 
506917 
637991 
506919 
637993 
506922 
637995 
506924 
637997 
506926 
638000 
506928 
638002 
506931 
638004 
638006 
506934 
638009 
506937 
506940 
638015 
506945 
506947 
506949 
638022 
506951 
638024 
638026 
506954 
506956 
638029 
506958 
638031 
506960 
638033 
506963 
638036 
638038 
506966 
638040 
506969 
638042 
506972 
638045 
638046 
638047 
638048 
638049 
506977 
638051 
506979 
638053 
506981 
506983 
638056 
506986 
638059 
506988 
638062 
506990 
506992 
638065 
506995 
638070 
506998 
638072 
507001 
638074 
638076 
507004 
638079 
507009 
638082 
507011 
638085 
507013 
507015 
638088 
507018 
507020 
638093 
507022 
638095 
507024 
638097 
638099 
507027 
638102 
507030 
638105 
507033 
638108 
507036 
638111 
507041 
507043 
638116 
507045 
638118 
507047 
638120 
638122 
507050 
507052 
638125 
507054 
638128 
507056 
638131 
507059 
638134 
507062 
507065 
638139 
507068 
638141 
638143 
638145 
507073 
507075 
638148 
507077 
638151 
507079 
638154 
507082 
507084 
638157 
507086 
507088 
638162 
507091 
507094 
638167 
507097 
638172 
507100 
638177 
507105 
507107 
507109 
507111 
638186 
507114 
638188 
507116 
638190 
507118 
638192 
507120 
638195 
507123 
638197 
507126 
638199 
638201 
507129 
638204 
507132 
507137 
638210 
507139 
638213 
507141 
507143 
638218 
507146 
638220 
507148 
507150 
638223 
507152 
507155 
638229 
507158 
638231 
507161 
638234 
638236 
507164 
638239 
507169 
638243 
507171 
638245 
507173 
507175 
638248 
638249 
638250 
507178 
507180 
638254 
507182 
638256 
507184 
638259 
507187 
638260 
638261 
507190 
638264 
507193 
638267 
507196 
638270 
507201 
638275 
507203 
638277 
507205 
638279 
507207 
638281 
507210 
638284 
507212 
638286 
507214 
638288 
507216 
638290 
507219 
638293 
507222 
638296 
507225 
638299 
507228 
638302 
507233 
638307 
507235 
638309 
507237 
638311 
507239 
638313 
507242 
638316 
507244 
638318 
507246 
638320 
507248 
638322 
507251 
638325 
507254 
638327 
638329 
507257 
638331 
507260 
638334 
638336 
507265 
638338 
507267 
638340 
507269 
638343 
507271 
638344 
638345 
638346 
507274 
638347 
507276 
638349 
507278 
638351 
507280 
638353 
507283 
638356 
638358 
507286 
638360 
507289 
638362 
507292 
638365 
638366 
638367 
638368 
638369 
507297 
507299 
638372 
507301 
638375 
507303 
638378 
507306 
507308 
507310 
638383 
507312 
638385 
638387 
507315 
638389 
507318 
638392 
507321 
638394 
638396 
507324 
638398 
638401 
507329 
507331 
638404 
507333 
638407 
507335 
638410 
507338 
507340 
507342 
638415 
507344 
638417 
638419 
507347 
638421 
507350 
638424 
507353 
638426 
638428 
507356 
638430 
638433 
507361 
638435 
507363 
638437 
507365 
638439 
507367 
638442 
507370 
638444 
507372 
638446 
507374 
638448 
507376 
638451 
507379 
638452 
638453 
638454 
507382 
638455 
638457 
507385 
638459 
507388 
638461 
638464 
507393 
638466 
507395 
638468 
507397 
638470 
507399 
638473 
638474 
507402 
638475 
638476 
507404 
638477 
507406 
638480 
507408 
638483 
507411 
638486 
507414 
507417 
638491 
507420 
638493 
638495 
638497 
507425 
507427 
638500 
507429 
638502 
507431 
638504 
638506 
507434 
507436 
638509 
507438 
638512 
507440 
638515 
507443 
638518 
507446 
507449 
638523 
507452 
638525 
638527 
638529 
507457 
507459 
638532 
507461 
638534 
507463 
638536 
638538 
507466 
507468 
638541 
507470 
638543 
507472 
638545 
638547 
507475 
638550 
507478 
638552 
507481 
638554 
638556 
507484 
638559 
638560 
638561 
507489 
638562 
638563 
507491 
638565 
507493 
638567 
507495 
638569 
507498 
638572 
507500 
638574 
507502 
638576 
507504 
638578 
507507 
638581 
507509 
638582 
638583 
507511 
638584 
638585 
507513 
638588 
507516 
638591 
507520 
638594 
507524 
638599 
507528 
638601 
638603 
638605 
507535 
638608 
638610 
507539 
638612 
638614 
507543 
638617 
507547 
638620 
638623 
638626 
507554 
507557 
638631 
507560 
638633 
638635 
507563 
638637 
638640 
507568 
638642 
638644 
507572 
638646 
507576 
638649 
638651 
507580 
638653 
638655 
638658 
507587 
638660 
638662 
507591 
638664 
638667 
507595 
638668 
638669 
638670 
638671 
507599 
638673 
638675 
638677 
507606 
638680 
507609 
638682 
638684 
507612 
638686 
507615 
638689 
638690 
638691 
638692 
507620 
638693 
638696 
507624 
638699 
507628 
638702 
507632 
638707 
638709 
638711 
507639 
638713 
507643 
638716 
638718 
507647 
638720 
638722 
507651 
638725 
638728 
507658 
638731 
507661 
638734 
507664 
638739 
507667 
638742 
507672 
638745 
507674 
638748 
507676 
507678 
638753 
507681 
638755 
507683 
638757 
507685 
638759 
507687 
638762 
507690 
638764 
507693 
638766 
638768 
507696 
638771 
507699 
638773 
638775 
507704 
638777 
507706 
638780 
507708 
638781 
638782 
638783 
507711 
638784 
507713 
638786 
507715 
638788 
507717 
638790 
507720 
638793 
507723 
638796 
507726 
638799 
638802 
507731 
507734 
638807 
638808 
507736 
638809 
638810 
638811 
507739 
638812 
638813 
638814 
638815 
638818 
507747 
638821 
507750 
638824 
507754 
507756 
638829 
507758 
638832 
507760 
638835 
507763 
507765 
638838 
507767 
507769 
638843 
638844 
507772 
638845 
638846 
638847 
507775 
638849 
507778 
638851 
638853 
507781 
638856 
638857 
638858 
507786 
638859 
638860 
507788 
638862 
507790 
638864 
507792 
638866 
507795 
638869 
507797 
507799 
638872 
507801 
638875 
507804 
638878 
507807 
507810 
638883 
638884 
638885 
507813 
638886 
638887 
638890 
507818 
507820 
638893 
507822 
638896 
507824 
507827 
638901 
507829 
638903 
507831 
638905 
507833 
638907 
507836 
638910 
507839 
638912 
638914 
507842 
638916 
507845 
638919 
638922 
507850 
507852 
638925 
507854 
638928 
507856 
507859 
638933 
507861 
507863 
638936 
507865 
638939 
507868 
638942 
507871 
507874 
638947 
638948 
638949 
507877 
638950 
638951 
638953 
507882 
638955 
507884 
638957 
507886 
638960 
507888 
638962 
507891 
638964 
507893 
638966 
507895 
638969 
507897 
638970 
638971 
638972 
507900 
638973 
507903 
638976 
507906 
638979 
507909 
638982 
507914 
638987 
507916 
638990 
507918 
507920 
638993 
507923 
638996 
507925 
507927 
639001 
507929 
639003 
507932 
639005 
639007 
507935 
639010 
507938 
639012 
507941 
639014 
639016 
507946 
639019 
639020 
507948 
639021 
639022 
507950 
639023 
507952 
639026 
507955 
639029 
507957 
507959 
639032 
507961 
507964 
639037 
639039 
507967 
639041 
507970 
639043 
507973 
639046 
639047 
639048 
639049 
639050 
507978 
639051 
639052 
507980 
639053 
639054 
507982 
507984 
639057 
507987 
639060 
507989 
639063 
507991 
507993 
639068 
507996 
639070 
507999 
639072 
639074 
508002 
639077 
508005 
639079 
639081 
508010 
639083 
508012 
639086 
508014 
639088 
508016 
639090 
508019 
639092 
508021 
639095 
508023 
639097 
508025 
639099 
508028 
639101 
508031 
639104 
508034 
639107 
508037 
639110 
639113 
508042 
508044 
639118 
508046 
508048 
639121 
508051 
639124 
508053 
639127 
508055 
508057 
639132 
508060 
639133 
639134 
639135 
508063 
639136 
508066 
639139 
508069 
639142 
639145 
508074 
508076 
639150 
508078 
639152 
508080 
639154 
508083 
639156 
508085 
639159 
508087 
639161 
508089 
639163 
508092 
639165 
508095 
639168 
639169 
639170 
508098 
639171 
639172 
508101 
639175 
639178 
508106 
508108 
639181 
508110 
508112 
639186 
508115 
639188 
508117 
639190 
508119 
639192 
508121 
639195 
639196 
508124 
639197 
639198 
508127 
639202 
508130 
508133 
639208 
508138 
508140 
508142 
639216 
508144 
639218 
508147 
639220 
508149 
639222 
508151 
639225 
508153 
639228 
508156 
639231 
508159 
639234 
508162 
508165 
639239 
639241 
508170 
639243 
508172 
639245 
508174 
639248 
508176 
639251 
508179 
508181 
639254 
508183 
639257 
508185 
508188 
639262 
508191 
508194 
639267 
508197 
639272 
508202 
508204 
639277 
508206 
508208 
508211 
508213 
639286 
508215 
639288 
508217 
639290 
639292 
508220 
639295 
508223 
639297 
508226 
639299 
639301 
508229 
639304 
508234 
639308 
508236 
508238 
639312 
508240 
508243 
639316 
508245 
508247 
508249 
639323 
508252 
639326 
508255 
639329 
508258 
639332 
508261 
639337 
639338 
508266 
639339 
639340 
508268 
639341 
508270 
639343 
508272 
639345 
639347 
508275 
508277 
639350 
508279 
639353 
508281 
639356 
508284 
639359 
508287 
508290 
639364 
508293 
639369 
508298 
508300 
639374 
508302 
508304 
639379 
508307 
508309 
508311 
508313 
639388 
508316 
639390 
508319 
639392 
639394 
508322 
639397 
508325 
639399 
639401 
508330 
639403 
508332 
639406 
508334 
508336 
639410 
508339 
508341 
639414 
508343 
508345 
639418 
508348 
508351 
639425 
508354 
639428 
508357 
639431 
639434 
508362 
508364 
508366 
639439 
639440 
508368 
639441 
639442 
639443 
508371 
639445 
508373 
639447 
508375 
639449 
508377 
639452 
508380 
639455 
508383 
639458 
508386 
639461 
508389 
639466 
508394 
508396 
508398 
639471 
508400 
508403 
639476 
508405 
508407 
639481 
508409 
508412 
508415 
639490 
508418 
639492 
508421 
639494 
639496 
508426 
639499 
508428 
639501 
508430 
639503 
508432 
639505 
508435 
639508 
508437 
508439 
639512 
508441 
639516 
508444 
508447 
639520 
508450 
508453 
639527 
639530 
508458 
508460 
639533 
508462 
639536 
508464 
508467 
639541 
508469 
639542 
639543 
508471 
639544 
639545 
508473 
639547 
508476 
639549 
508478 
639551 
508480 
639554 
508482 
639557 
508485 
508487 
639560 
508489 
639563 
508491 
508494 
639568 
508496 
508498 
508500 
639573 
508503 
508505 
639578 
508507 
508509 
639583 
508512 
508515 
508518 
639592 
508521 
639594 
639596 
639598 
508526 
508528 
639601 
508530 
639603 
508532 
639605 
639607 
508535 
639610 
508538 
508541 
639614 
508544 
639618 
508549 
639622 
508552 
508555 
639629 
508558 
639632 
639635 
508563 
508565 
639638 
508567 
508569 
639643 
639644 
508572 
639645 
639646 
639647 
508575 
639649 
508578 
639651 
639653 
508581 
639656 
508586 
639659 
508588 
639662 
508590 
508592 
639665 
508595 
639670 
508599 
639675 
508603 
508607 
639680 
639685 
508614 
508618 
639694 
508622 
639696 
639698 
508626 
639700 
639703 
639705 
508633 
639707 
508635 
639709 
508637 
508639 
639712 
508642 
639716 
508645 
639720 
508648 
508651 
639724 
508656 
639731 
508659 
639734 
508662 
639737 
508665 
639740 
508670 
639745 
639746 
508674 
639747 
639748 
639749 
508678 
639751 
639753 
508682 
639755 
639758 
639761 
508689 
508691 
639764 
508693 
639767 
508695 
508698 
639772 
508702 
639777 
508706 
639782 
508710 
639787 
508717 
508720 
508723 
639796 
639798 
508726 
639800 
639802 
508731 
639805 
508733 
639807 
508735 
639809 
508737 
639811 
508740 
639814 
508743 
639818 
508746 
508749 
639822 
639826 
508754 
508756 
508758 
508760 
639833 
508763 
639836 
639839 
508767 
639842 
508771 
639847 
508775 
639848 
639849 
639850 
639851 
639853 
508782 
639855 
639857 
508785 
639860 
508788 
639863 
508791 
639866 
508796 
639869 
508800 
639874 
508804 
639879 
508808 
639884 
508815 
639889 
508819 
508823 
639898 
508827 
639900 
639902 
639904 
508834 
639907 
508836 
639909 
508838 
639911 
508840 
639913 
508843 
639916 
508846 
639920 
508849 
639924 
508852 
639928 
508857 
508860 
639935 
508863 
639938 
508866 
639941 
508871 
639944 
508875 
639949 
639950 
639951 
508879 
639952 
639953 
639955 
508883 
639957 
639959 
639962 
508890 
639965 
508893 
639968 
508896 
639971 
508899 
639976 
508904 
508906 
508908 
639981 
508910 
508913 
639986 
508916 
639991 
508919 
508922 
508927 
640000 
640002 
508930 
640004 
508933 
640006 
508936 
640009 
640011 
640013 
508941 
640015 
508943 
508945 
640018 
508947 
640022 
508950 
508952 
640026 
508954 
508956 
640030 
508959 
508963 
640037 
508967 
640040 
640043 
508971 
640046 
508978 
640051 
640052 
640053 
640054 
508982 
640055 
640057 
508986 
640059 
640061 
508990 
640064 
640067 
508997 
640070 
640073 
509001 
509005 
640078 
509009 
640083 
640088 
509016 
509020 
640093 
509024 
509028 
640102 
640104 
640106 
509035 
640108 
509037 
640111 
509039 
640113 
509041 
640115 
509044 
640117 
640120 
509048 
640124 
509052 
640128 
509056 
640132 
509063 
640139 
509067 
640142 
509071 
640145 
509075 
640148 
640153 
640154 
509082 
640155 
640156 
640157 
509085 
640159 
509088 
640161 
640163 
509091 
640166 
509096 
640169 
640172 
509100 
640175 
509104 
640180 
509108 
640185 
509115 
640190 
509119 
640195 
509123 
509127 
640204 
640206 
509134 
640208 
509137 
640210 
509140 
640213 
640215 
509143 
640217 
640219 
509148 
640222 
509152 
640226 
509156 
640230 
509160 
640234 
509167 
640241 
509171 
640244 
640247 
509175 
640250 
509179 
640255 
640256 
640257 
640258 
509186 
640259 
640261 
509189 
640263 
509192 
640265 
509195 
640268 
640271 
509200 
640274 
509202 
509204 
640277 
509206 
509209 
640282 
509211 
509213 
640286 
509215 
640290 
509218 
509221 
640294 
509224 
509227 
640301 
640302 
640303 
640304 
509232 
640305 
509234 
640307 
509236 
640309 
640311 
509239 
509241 
640314 
509243 
509245 
640318 
509248 
640322 
509252 
640326 
509255 
509260 
640333 
509263 
640336 
509266 
640339 
509268 
640342 
509270 
509273 
640347 
640348 
640349 
509277 
640350 
640351 
509280 
640353 
640355 
640357 
509285 
640360 
509288 
509291 
640365 
509293 
509295 
509298 
640372 
509301 
640375 
509303 
640378 
509306 
509308 
509310 
640383 
509313 
640386 
509315 
640389 
509318 
509321 
640394 
640396 
509326 
640399 
509328 
640402 
509330 
640405 
509333 
509336 
640410 
509339 
509343 
640417 
509346 
509351 
509353 
640426 
509355 
640428 
509357 
640430 
509360 
640433 
509362 
640435 
509364 
640438 
509366 
509369 
640442 
509372 
640446 
509375 
640450 
509378 
509383 
640457 
509385 
509387 
640460 
509389 
640463 
509392 
640466 
509394 
509396 
509398 
640471 
640472 
640473 
509401 
640474 
640475 
509404 
640477 
640479 
509407 
640481 
509410 
640484 
509415 
640488 
509417 
509419 
640492 
509421 
640496 
509424 
509426 
509428 
509430 
640503 
509433 
640507 
509436 
640510 
509439 
509442 
640515 
640516 
640517 
640518 
509447 
640520 
509449 
640522 
509451 
640524 
509453 
640527 
509456 
509458 
640532 
509460 
509462 
640537 
509465 
509468 
640542 
509471 
509474 
640551 
509479 
509481 
640554 
509483 
640557 
509485 
640560 
509488 
509490 
509492 
640565 
509494 
640567 
640569 
509497 
640571 
509500 
640574 
509503 
640576 
640578 
509506 
640580 
640583 
509511 
509513 
640587 
509515 
509517 
640591 
509520 
509522 
640595 
509524 
509526 
509529 
640602 
509532 
640605 
509535 
640608 
509538 
640611 
509543 
640616 
640617 
509545 
640618 
640619 
509547 
640620 
509549 
640622 
640624 
509552 
640626 
509554 
509556 
640629 
509558 
640632 
509561 
640635 
509564 
640638 
509567 
509570 
640643 
640646 
509575 
640649 
509577 
509579 
640652 
509581 
509584 
640657 
509586 
640660 
509588 
509590 
640663 
509593 
640666 
509596 
640671 
509599 
640672 
640673 
640674 
509602 
640675 
640679 
509607 
509609 
640683 
509611 
509613 
640687 
509616 
509618 
509620 
640694 
509622 
640696 
509625 
640698 
640700 
509628 
640703 
509631 
640705 
509634 
640707 
640709 
509639 
640712 
509641 
640714 
509643 
640716 
509645 
640718 
509648 
640721 
509650 
509652 
640725 
509654 
640729 
509657 
509660 
640733 
509663 
509666 
640740 
640743 
509671 
509673 
640746 
509675 
640749 
509677 
509680 
640754 
509682 
640755 
640756 
509684 
640757 
640758 
509686 
640760 
509689 
640762 
640764 
509692 
640767 
509695 
640770 
509698 
640773 
509703 
640776 
509705 
509707 
640781 
509709 
640784 
509712 
509714 
640787 
509716 
640790 
509718 
509721 
640795 
509724 
640798 
509727 
640801 
509730 
640804 
509735 
640809 
509737 
640810 
640811 
509739 
640812 
640813 
509741 
509744 
640817 
509746 
509748 
640821 
509750 
640825 
509753 
509756 
509759 
640832 
640834 
509762 
640836 
640838 
509767 
640841 
509769 
640843 
509771 
640845 
509773 
640847 
509776 
640850 
509778 
640852 
509780 
640854 
509782 
640856 
509785 
640859 
509788 
640863 
509791 
509794 
640867 
640871 
509799 
509801 
509803 
509805 
640878 
509808 
640881 
509810 
640884 
509812 
509814 
640887 
509817 
640892 
509820 
640893 
640894 
640895 
509823 
640896 
640898 
509826 
640900 
640902 
509831 
640905 
509833 
509835 
640908 
509837 
640911 
509840 
640914 
509842 
509844 
509846 
640919 
509849 
640922 
509852 
640925 
509855 
640928 
509858 
640933 
509863 
640936 
509865 
640939 
509867 
509869 
640942 
509872 
509874 
640947 
640948 
509876 
640949 
640950 
509878 
640951 
509881 
640955 
509884 
640959 
509887 
509890 
640963 
509895 
509897 
640970 
509899 
640972 
509901 
640974 
640976 
509904 
509906 
640979 
509908 
640981 
509910 
640983 
640985 
509913 
640988 
509916 
640990 
509919 
640992 
640994 
509922 
640997 
509927 
641001 
509929 
509931 
641005 
509933 
509936 
641009 
509938 
509940 
509942 
641016 
509945 
641019 
509948 
641022 
509951 
641025 
509954 
641030 
641031 
509959 
641032 
641033 
509961 
641034 
509963 
641036 
509965 
641038 
641040 
509968 
509970 
641043 
509972 
641046 
509974 
641049 
509977 
641052 
509980 
509983 
641057 
509986 
641060 
641063 
509991 
509993 
641066 
509995 
509997 
641071 
510000 
641074 
510002 
510004 
641077 
510006 
641080 
510009 
510011 
641085 
510013 
641086 
641087 
510015 
641088 
641089 
510018 
510020 
641093 
510022 
510024 
641097 
510027 
641101 
510029 
510031 
510033 
641108 
510036 
641110 
510038 
641112 
510040 
641114 
510042 
641117 
510045 
641119 
510047 
641121 
510049 
641123 
510051 
641126 
510054 
641128 
510056 
641130 
510058 
641132 
510060 
641135 
510063 
510066 
641139 
510069 
641143 
510072 
641147 
510077 
510079 
510081 
641154 
510083 
641157 
510086 
641160 
510088 
510090 
641163 
510092 
510095 
641168 
641169 
641170 
510098 
641171 
641172 
510101 
641174 
641176 
510104 
641178 
641181 
510109 
510111 
641184 
510113 
641187 
510115 
641190 
510118 
510120 
510122 
641195 
510124 
641198 
510127 
641201 
510130 
641204 
510133 
510136 
641209 
641212 
510141 
641215 
510143 
510145 
641218 
510147 
510150 
641223 
641224 
510152 
641225 
641226 
510154 
641227 
510156 
641231 
510159 
510162 
641235 
510165 
641239 
510168 
510173 
641246 
510175 
641248 
510177 
641250 
510179 
641252 
510182 
641255 
510184 
641257 
510186 
641259 
510188 
641261 
510191 
641264 
641266 
510194 
641268 
510197 
641270 
510200 
641273 
641277 
510205 
510207 
641281 
510209 
510211 
641285 
510214 
510216 
510218 
641292 
510220 
641295 
510223 
641298 
510226 
641301 
510229 
510232 
641306 
641307 
641308 
641309 
510237 
641310 
510239 
641312 
510241 
641314 
510243 
641316 
510246 
641319 
510248 
641322 
510250 
510252 
641325 
510255 
641328 
510258 
641333 
510261 
641336 
510264 
641339 
510269 
641342 
510271 
510273 
641347 
510275 
641350 
510278 
510280 
641353 
510282 
641356 
510284 
510287 
641361 
641362 
510290 
641363 
641364 
641365 
510293 
510296 
641369 
641373 
510301 
510303 
641377 
510305 
510307 
510310 
641384 
510312 
641386 
510314 
641388 
510316 
641390 
510319 
641393 
510322 
641395 
641397 
510325 
641399 
510328 
641402 
641404 
510333 
641406 
510335 
641408 
510337 
641411 
510339 
510342 
641415 
510344 
510346 
641419 
510348 
641423 
510351 
510354 
510357 
641430 
510360 
641433 
641436 
510365 
641439 
510367 
510369 
510371 
641444 
641445 
641446 
510374 
641447 
641448 
510376 
641450 
510378 
641452 
510380 
641454 
510383 
641457 
510386 
641460 
510389 
641463 
510392 
641466 
510397 
641471 
510399 
510401 
641475 
510403 
510406 
641479 
510408 
510410 
641483 
510412 
510415 
641490 
510418 
641491 
641492 
641493 
510421 
641494 
641496 
510424 
641498 
641500 
510429 
641503 
510431 
510433 
641506 
510435 
641509 
510438 
641512 
510440 
510442 
510444 
641517 
510447 
510449 
641522 
510451 
510453 
641527 
510456 
641532 
510460 
510464 
510468 
641541 
641543 
641545 
641547 
510475 
641550 
510479 
641552 
641554 
510483 
641556 
641559 
510487 
641563 
510494 
641567 
510497 
641571 
510500 
510503 
641578 
510508 
641581 
641584 
510512 
641587 
510516 
641592 
510520 
641593 
641594 
641595 
641596 
641598 
510527 
641600 
641602 
510531 
641605 
510535 
641609 
510539 
641613 
641617 
510546 
510548 
510550 
641624 
510552 
641627 
510555 
641630 
510559 
641633 
510563 
641638 
641639 
510567 
641640 
641641 
641642 
641644 
641646 
510574 
641648 
510578 
641651 
641654 
510582 
641657 
510586 
641660 
641665 
510593 
510596 
641670 
510599 
510602 
641675 
510607 
641680 
510611 
510615 
641689 
641691 
510619 
641693 
641695 
641698 
510626 
641700 
641702 
510630 
641704 
510634 
641707 
510638 
641711 
641715 
510645 
641719 
510648 
510651 
641726 
510654 
641729 
510659 
641732 
641735 
510663 
510667 
641740 
641741 
641742 
641743 
510671 
641744 
641746 
641748 
641750 
510678 
641753 
510682 
641757 
510686 
641761 
510690 
641765 
510697 
641772 
510700 
641775 
510703 
641778 
510706 
641781 
510711 
510713 
641786 
641787 
510715 
641788 
641789 
510717 
641790 
641792 
510720 
641794 
510722 
641796 
510724 
510726 
641799 
510729 
641802 
510732 
641805 
510735 
641808 
510738 
641813 
510743 
641817 
510745 
510747 
641821 
510749 
510752 
641825 
510754 
510756 
510758 
641832 
641833 
510761 
641834 
641835 
641836 
510764 
641838 
510767 
641840 
641842 
510770 
641845 
510775 
510777 
510779 
641853 
510781 
641856 
510784 
510786 
510788 
641861 
641862 
510790 
641864 
510793 
510796 
510799 
641873 
510802 
641879 
510807 
510809 
510811 
510813 
641888 
510816 
510818 
510820 
641894 
510822 
641897 
510825 
510827 
641900 
510829 
641903 
510831 
641906 
510834 
641909 
510839 
641912 
641917 
510845 
510847 
641920 
510849 
641923 
510852 
641926 
510855 
510858 
641931 
641934 
510862 
641937 
510865 
641940 
510870 
510872 
641945 
641946 
510874 
641947 
641948 
510876 
641949 
510879 
641953 
510881 
510883 
641956 
510885 
510888 
641961 
510891 
641964 
510894 
641967 
510897 
641970 
510902 
641975 
510904 
641978 
510906 
510908 
641981 
510911 
641984 
510913 
510915 
641989 
510917 
641990 
641991 
641992 
510920 
510923 
641996 
510926 
641999 
510929 
642004 
642006 
510934 
642008 
510936 
642010 
510938 
510940 
642013 
510943 
642016 
510945 
642018 
510947 
642021 
510949 
642022 
642023 
642024 
510952 
642025 
510955 
642029 
510958 
642033 
510961 
642037 
510966 
510968 
510970 
642044 
510972 
642047 
510975 
510977 
642050 
510979 
642053 
510981 
510984 
642058 
642059 
510987 
642060 
642061 
642062 
510990 
642064 
510993 
642066 
642068 
510998 
642071 
511000 
642074 
511002 
511004 
642077 
511007 
642080 
511009 
511011 
642085 
511013 
642088 
511016 
642091 
511019 
642094 
511022 
511025 
642099 
642101 
511030 
642103 
511032 
642105 
511034 
642108 
511036 
642110 
511039 
642112 
511041 
642114 
511043 
642117 
511045 
511048 
642121 
511051 
642125 
511054 
642129 
511057 
511062 
642136 
511064 
642138 
511066 
642140 
511068 
642142 
511071 
642145 
511073 
642147 
511075 
642149 
511077 
642151 
511080 
642154 
511083 
642156 
642158 
511086 
642160 
511089 
642163 
511094 
642167 
511096 
511098 
642171 
511100 
642175 
511103 
511105 
511107 
511109 
642182 
511112 
642185 
511115 
642188 
511118 
642191 
511121 
642196 
642197 
642198 
511126 
642199 
642200 
511128 
642202 
511130 
642204 
511132 
642206 
511135 
642209 
511137 
511139 
642212 
511141 
642215 
511144 
642218 
511147 
511150 
642223 
511153 
642227 
511158 
642231 
511160 
511162 
642235 
511164 
511167 
511169 
642242 
642243 
511171 
642244 
642245 
511173 
642246 
642248 
511176 
642250 
511179 
642252 
511182 
642255 
511185 
642258 
642261 
511190 
642264 
511192 
511194 
511196 
642269 
511199 
511201 
642274 
511203 
511205 
642279 
511208 
511211 
642284 
511214 
511217 
642293 
511222 
642295 
511224 
642297 
511226 
642299 
511228 
642302 
511231 
642304 
511233 
642306 
511235 
642308 
511237 
642311 
511240 
642315 
511243 
511246 
642319 
511249 
642323 
511254 
511256 
642330 
511258 
511260 
642333 
511263 
642336 
511265 
642339 
511267 
511269 
642344 
511272 
642345 
642346 
642347 
511275 
642348 
642350 
511278 
642352 
511281 
642354 
642357 
511286 
511288 
642361 
511290 
511292 
642365 
511295 
642369 
511297 
511299 
511301 
642376 
511304 
642379 
511307 
642382 
511310 
642385 
511313 
642390 
511318 
642391 
642392 
511320 
642393 
642394 
511322 
642396 
511324 
642398 
511327 
642400 
511329 
642403 
511331 
511333 
642406 
511336 
642409 
511339 
642412 
511342 
642417 
511345 
642421 
511350 
511352 
642425 
511354 
511356 
642429 
511359 
511361 
511363 
642436 
642437 
511365 
642438 
642439 
642440 
511368 
642442 
511371 
642444 
642446 
511374 
642449 
511377 
642452 
511382 
511384 
642457 
511386 
511388 
642461 
511391 
511393 
642466 
511395 
511397 
642470 
511400 
642475 
511403 
642476 
511406 
642481 
511409 
642485 
511414 
511416 
511418 
642492 
511420 
642495 
511423 
511425 
642498 
511427 
642501 
511429 
511432 
642506 
511435 
642510 
511438 
511441 
642514 
642518 
511446 
511448 
511450 
511452 
642525 
642527 
511455 
642529 
511457 
511459 
642532 
511461 
642535 
511464 
642537 
511467 
642540 
642542 
511470 
642544 
511473 
642546 
642549 
511478 
511480 
642553 
511482 
511484 
642557 
511487 
642561 
511489 
511491 
511493 
642568 
511496 
642571 
511499 
642574 
511502 
642577 
511505 
642582 
511510 
642583 
642584 
511512 
642585 
642586 
511514 
642588 
511516 
642590 
511519 
642592 
511521 
642595 
511523 
511525 
642598 
511528 
642601 
511530 
642604 
511532 
511534 
642609 
511537 
642611 
511539 
642613 
511541 
642615 
511543 
642618 
511546 
511548 
642621 
511550 
642624 
511552 
642627 
511555 
511557 
511559 
642632 
511561 
642634 
642636 
511564 
642638 
511566 
511568 
642641 
511570 
642644 
511573 
642647 
511575 
511577 
642650 
511579 
511582 
642655 
511585 
642660 
511588 
511591 
642665 
511596 
642670 
511598 
511600 
511602 
511605 
642679 
511607 
642681 
511609 
642683 
511611 
642685 
511614 
642688 
511617 
642690 
642692 
511620 
642694 
511623 
642697 
511628 
642701 
511630 
511632 
642705 
511634 
642709 
511637 
511639 
511641 
511643 
642716 
511646 
642719 
511649 
642722 
511652 
642725 
511655 
642730 
642731 
642732 
511660 
642733 
642734 
511662 
642736 
511664 
642738 
511666 
642740 
511669 
642743 
511671 
511673 
642747 
511675 
511678 
642751 
511681 
642755 
511684 
511687 
642762 
511692 
642765 
511694 
642768 
511696 
511698 
642771 
511701 
511703 
642776 
642777 
511705 
642778 
642779 
511707 
642780 
642782 
511710 
642784 
511713 
642786 
511716 
642789 
511719 
642792 
642795 
511724 
642798 
511726 
511728 
511730 
642803 
511733 
642807 
511735 
511737 
642811 
511739 
511742 
642815 
511745 
511748 
642822 
642823 
511751 
642824 
642825 
642826 
642828 
511756 
642830 
511759 
642832 
511762 
642835 
511765 
642838 
642841 
511770 
642844 
511773 
511776 
642849 
511779 
642852 
642855 
511784 
642858 
511788 
642863 
511792 
642866 
511796 
642869 
642872 
511803 
642877 
642878 
642879 
642880 
511808 
642881 
511813 
642886 
511818 
642891 
642896 
511827 
511829 
511831 
642905 
511833 
642908 
511836 
511838 
642911 
511840 
642914 
511842 
511845 
642919 
511848 
642922 
511851 
642925 
511854 
642928 
511859 
642933 
511863 
642937 
511867 
642941 
511871 
642945 
511878 
642952 
511881 
642954 
642956 
511884 
642958 
511887 
642961 
642963 
511892 
642965 
642967 
511897 
642970 
642972 
642974 
511902 
642976 
642979 
511907 
642983 
642987 
511916 
511918 
642991 
511920 
511922 
511925 
642998 
511927 
643001 
511929 
511931 
643004 
511934 
643007 
511937 
643012 
511940 
643013 
643014 
643015 
511943 
643016 
643018 
643020 
511948 
643022 
511950 
511952 
643025 
511954 
643028 
511957 
643031 
511959 
511961 
643034 
511963 
511966 
643039 
643041 
511969 
643043 
511972 
643045 
511975 
643048 
643051 
511980 
643054 
511982 
511984 
643057 
511986 
511989 
643062 
511991 
643064 
511993 
643066 
511995 
643068 
511998 
643071 
512001 
643074 
512004 
643077 
512007 
643080 
512012 
643085 
512014 
512016 
643090 
512018 
512021 
643095 
512023 
512025 
512027 
643100 
512030 
512033 
512036 
643109 
643111 
512039 
643113 
643115 
512044 
643118 
512046 
643120 
512048 
643122 
512050 
643124 
512053 
643127 
512055 
512057 
643131 
512059 
512062 
643135 
512065 
643139 
512068 
512071 
643146 
512076 
643149 
512078 
643152 
512080 
512082 
643155 
512085 
512087 
643160 
643161 
512089 
643162 
643163 
512091 
643164 
643166 
512094 
643168 
512096 
643170 
512098 
512100 
643173 
512103 
643177 
512107 
643181 
512111 
643185 
512115 
643192 
512122 
643195 
643198 
512126 
643201 
512130 
643206 
512134 
643207 
643208 
643209 
643210 
643212 
512141 
643214 
643216 
512144 
643219 
512147 
643222 
512150 
643225 
512155 
643228 
512159 
643233 
512163 
643237 
512167 
643241 
643245 
512174 
512178 
643252 
643253 
643254 
512182 
643255 
643256 
643258 
512186 
643260 
643262 
643265 
512193 
512195 
643268 
512197 
643271 
512199 
643274 
512202 
512206 
643279 
643282 
512210 
643285 
512214 
643288 
643293 
512221 
643296 
512225 
643299 
512229 
643302 
512233 
643307 
643308 
643309 
643310 
643311 
512240 
643315 
512243 
512246 
643319 
512249 
643323 
512254 
643330 
512258 
643333 
512262 
643336 
512266 
643339 
643344 
512273 
643347 
512277 
643350 
643353 
512281 
512285 
643358 
643360 
643362 
643364 
512292 
643367 
512295 
512298 
643371 
512301 
643375 
512306 
643379 
512310 
643386 
512314 
643388 
643390 
512318 
643392 
643395 
643397 
512325 
643399 
643401 
512329 
643404 
512333 
643406 
643408 
512337 
643410 
643413 
643414 
643415 
643416 
512344 
643417 
643419 
512347 
643421 
512350 
643423 
512353 
643426 
643429 
512358 
643432 
512360 
512362 
643435 
512364 
512367 
643440 
643441 
512369 
643442 
643443 
512371 
643444 
512373 
643447 
512376 
643450 
512379 
643453 
512382 
512385 
643458 
643460 
643462 
512390 
643464 
512392 
512394 
643467 
512396 
643470 
512399 
643473 
512401 
512403 
643476 
512405 
512408 
643481 
643483 
512411 
643485 
512414 
643487 
512417 
643490 
643492 
643494 
512422 
643496 
512424 
512426 
643499 
512428 
643501 
643503 
512431 
643505 
512433 
512435 
643508 
643509 
512437 
643510 
643511 
643512 
512440 
643514 
512443 
643516 
643518 
512446 
643521 
512449 
643523 
643525 
512454 
643527 
512456 
643530 
512458 
643532 
512460 
643534 
512463 
643536 
512465 
643539 
512467 
643541 
512469 
643543 
512472 
643545 
512474 
643548 
512476 
643550 
512478 
643552 
512481 
643554 
643557 
512486 
643559 
643561 
643563 
512492 
643566 
512494 
512496 
643569 
512499 
643572 
512502 
643575 
512505 
643580 
643581 
512509 
643582 
643583 
643584 
512512 
643586 
643588 
512517 
643590 
512519 
643593 
512521 
512523 
643596 
512526 
643599 
512528 
643602 
512530 
512532 
643607 
512535 
643608 
643609 
643610 
512538 
643611 
512541 
643615 
512544 
643619 
512549 
643623 
512551 
512553 
512555 
643630 
512558 
512560 
643633 
512562 
643636 
512564 
643639 
512567 
512570 
643644 
643645 
512573 
643646 
643647 
643648 
512576 
643650 
643652 
512581 
643654 
512583 
643657 
512585 
512587 
643660 
512590 
643663 
512592 
643666 
512594 
512596 
643671 
512599 
643673 
512602 
643675 
643677 
512605 
643680 
512608 
643683 
512613 
643686 
512615 
643689 
512617 
512619 
643694 
512622 
643696 
512624 
643698 
512626 
643700 
512628 
643703 
512631 
643706 
512634 
643709 
512637 
643712 
512640 
643717 
512645 
512647 
512649 
643722 
512651 
512654 
643727 
512656 
512658 
643732 
512660 
512663 
512666 
643741 
512669 
643743 
512672 
643745 
643747 
512677 
643750 
512679 
643752 
512681 
643754 
512683 
643756 
512686 
643759 
512688 
512690 
643763 
512692 
643767 
512695 
512698 
643771 
512701 
512704 
643778 
643781 
512709 
512711 
643784 
512713 
643787 
512715 
512718 
643792 
512720 
643793 
643794 
512722 
643795 
643796 
512724 
643798 
512727 
643800 
643802 
512730 
643805 
512733 
512736 
643809 
643813 
512741 
512743 
643817 
512745 
512747 
512750 
643824 
512752 
512754 
643827 
512756 
643830 
512759 
643833 
512762 
512765 
643838 
643839 
643840 
512768 
643841 
643842 
643844 
512773 
643846 
512775 
643848 
512777 
643851 
512779 
643854 
512782 
512784 
643857 
512786 
643860 
512788 
512791 
643865 
512794 
643869 
512797 
512800 
643873 
643877 
512805 
512807 
512809 
512811 
643884 
643885 
643886 
512814 
643887 
643888 
512816 
643890 
512818 
643892 
512820 
643894 
512823 
643897 
512826 
643900 
512829 
643903 
512832 
643906 
512837 
643911 
512839 
512841 
643914 
512843 
643917 
512846 
643920 
512848 
512850 
512852 
643925 
512855 
643928 
512858 
643931 
512861 
643934 
512864 
643939 
643940 
643941 
512869 
643942 
643943 
512871 
512873 
643946 
512875 
643949 
512878 
643952 
512880 
512882 
512884 
643957 
643959 
512887 
643961 
512890 
643963 
512893 
643966 
512896 
643969 
643972 
512901 
643975 
512903 
512905 
512907 
643980 
643982 
512910 
643984 
512912 
643986 
512914 
512916 
643989 
512919 
643993 
512922 
643997 
512925 
512928 
644001 
512933 
512935 
644008 
512937 
644010 
512939 
644012 
644014 
512942 
512944 
644017 
512946 
644019 
512948 
644021 
644023 
512951 
644026 
512954 
644028 
512957 
644030 
644032 
512960 
644035 
644036 
644037 
512965 
644038 
644039 
512967 
512969 
644042 
512971 
644045 
512974 
644048 
512976 
512978 
512980 
644053 
644054 
644055 
512983 
644056 
644057 
512986 
644059 
644061 
512989 
644063 
512992 
644066 
644068 
512997 
644070 
512999 
644072 
513001 
644075 
513003 
644077 
513006 
644079 
513008 
644081 
513010 
644084 
513012 
644086 
513015 
644088 
644090 
513018 
644093 
513021 
644095 
513024 
644097 
644099 
513029 
644102 
644103 
513031 
644104 
644105 
513033 
644106 
513035 
644109 
513038 
644112 
513040 
513042 
644115 
513044 
513047 
644120 
644122 
513050 
644124 
513053 
644126 
513056 
644129 
644131 
644133 
513061 
644135 
513063 
513065 
644138 
513067 
644140 
644142 
513070 
644144 
513072 
513074 
644147 
513076 
644149 
644151 
513079 
644153 
513082 
644156 
513085 
644158 
644160 
513088 
644162 
644165 
513093 
644167 
513095 
644169 
513097 
644171 
513099 
644174 
513102 
513104 
644177 
513106 
644180 
513108 
644183 
513111 
513114 
644188 
513117 
644190 
644192 
513120 
644194 
644197 
513125 
644199 
513127 
644201 
513129 
644203 
513131 
644206 
513134 
644208 
513136 
644210 
513138 
644212 
513140 
644215 
513143 
644216 
644217 
644218 
513146 
644219 
644220 
644221 
513149 
644222 
644223 
513152 
644227 
513157 
644231 
513159 
513161 
644235 
513163 
513166 
513168 
644242 
513170 
513172 
644245 
513175 
644248 
513177 
644251 
513179 
513181 
644256 
513184 
644257 
644258 
513186 
644259 
644260 
513188 
644262 
513190 
644264 
513193 
644266 
513195 
644269 
513197 
513199 
644272 
513202 
644275 
513204 
644278 
513206 
513208 
644283 
513211 
644285 
513213 
644287 
513215 
644289 
513217 
644292 
513220 
513222 
644295 
513224 
644298 
513226 
644301 
513229 
513232 
644306 
513235 
644308 
644310 
513238 
644312 
644315 
513243 
513245 
644318 
513247 
644321 
513249 
644324 
513252 
513254 
513256 
644329 
513258 
513261 
644334 
513264 
644339 
513267 
513270 
644344 
513275 
513277 
513279 
644353 
513281 
644355 
513284 
644357 
513286 
644359 
513288 
644362 
513290 
644364 
513293 
644366 
644368 
513296 
644371 
513299 
513302 
644375 
644379 
513307 
513309 
644383 
513311 
513313 
513316 
644390 
513318 
513320 
644393 
513322 
644396 
513325 
644399 
513328 
513331 
644404 
644405 
644406 
513334 
644407 
644408 
644410 
513339 
644412 
513341 
644414 
513343 
644417 
513345 
513348 
644421 
513350 
513352 
644425 
513354 
644429 
513357 
513360 
513363 
644436 
513366 
644439 
644442 
513371 
644445 
513373 
513375 
513377 
644450 
644451 
644452 
513380 
644453 
644454 
513382 
644456 
513384 
644458 
513386 
644460 
513389 
644463 
513392 
644466 
513395 
644469 
513398 
644472 
513403 
644477 
513406 
644481 
513409 
513412 
644485 
644489 
513417 
513420 
513423 
644496 
644497 
644498 
513426 
644499 
644500 
644502 
513431 
644504 
644506 
513434 
644509 
513437 
644512 
513440 
644515 
513445 
644518 
513450 
644523 
644526 
513455 
644529 
644532 
513460 
644537 
644540 
513469 
644543 
513471 
513473 
644546 
513475 
513478 
644551 
644552 
513480 
644553 
644554 
513482 
644555 
513484 
644559 
513487 
513490 
644563 
513493 
644567 
513496 
513501 
644574 
644577 
513505 
644580 
513509 
644583 
513513 
644588 
644589 
644590 
644591 
644592 
513520 
644594 
644596 
513524 
644598 
513528 
644601 
513532 
644605 
644609 
513539 
644613 
513543 
513547 
644620 
644622 
513551 
644624 
644626 
644629 
513558 
644631 
513560 
644633 
513562 
644635 
513564 
644638 
513567 
644640 
513569 
644642 
513571 
644644 
513573 
644647 
513576 
644651 
513579 
513582 
644655 
513585 
644659 
513590 
513592 
644666 
513594 
513596 
644669 
513599 
644672 
513601 
644675 
513603 
513605 
644680 
513608 
644681 
644682 
644683 
513611 
644684 
644686 
513614 
644688 
513617 
644690 
644693 
513622 
644696 
513624 
513626 
644699 
513628 
644702 
513631 
513633 
644707 
513635 
644709 
513637 
644711 
513640 
644713 
513643 
644716 
513646 
644719 
513649 
644722 
644725 
513654 
513656 
644730 
513658 
644732 
513660 
644734 
513663 
644736 
513665 
644739 
513667 
513669 
644742 
513672 
644745 
513675 
644748 
513678 
644753 
513681 
644758 
513686 
513688 
513690 
644763 
513692 
513695 
644768 
513697 
513699 
513701 
513704 
644777 
644779 
513707 
644781 
513710 
644783 
513713 
644786 
644788 
644790 
513718 
644792 
513720 
513722 
644795 
513724 
644799 
513727 
513729 
644803 
513731 
513733 
644807 
513736 
513738 
513740 
644814 
513742 
644817 
513745 
644820 
513749 
644823 
513753 
644828 
644829 
513757 
644830 
644831 
644832 
644834 
644836 
513764 
644838 
513767 
644841 
513770 
644845 
513773 
644849 
513778 
644853 
513781 
513784 
513787 
644860 
644863 
513792 
644866 
513796 
644869 
513800 
644874 
644875 
644876 
513804 
644877 
644878 
644880 
644882 
513811 
644884 
513814 
644887 
513817 
644890 
513820 
644893 
644896 
513825 
513827 
644901 
513829 
513831 
644905 
513834 
644909 
513838 
644913 
513842 
513846 
644920 
644921 
644922 
644923 
644924 
513853 
644926 
644928 
513856 
644930 
513859 
644933 
513862 
644936 
644939 
513867 
513869 
644942 
513871 
513873 
644947 
513876 
644951 
513880 
644955 
513884 
644959 
513888 
644966 
644967 
513895 
644968 
644969 
644970 
513898 
644972 
513901 
644974 
644976 
513904 
644979 
513909 
644983 
513911 
513913 
644987 
513915 
513918 
644991 
513922 
644998 
513926 
645001 
513930 
645004 
645007 
513937 
645012 
513940 
645013 
645014 
645015 
513943 
645016 
645018 
513946 
645020 
645022 
513951 
645025 
513953 
513955 
645028 
513957 
645031 
513960 
645034 
513962 
513964 
513966 
645039 
513969 
645044 
513972 
513975 
645049 
513978 
645054 
513983 
513986 
513989 
645063 
513992 
645065 
645067 
645069 
513997 
513999 
645072 
514001 
645074 
514003 
645076 
645078 
514006 
514008 
645081 
514010 
514012 
645085 
514015 
645090 
514018 
514021 
645095 
514024 
645100 
514029 
645102 
514031 
645104 
514033 
645107 
514035 
645109 
514038 
645111 
514040 
645114 
514042 
514044 
645118 
514047 
645122 
514050 
514053 
645126 
514056 
645133 
514061 
514063 
645136 
514065 
645139 
514067 
645142 
514070 
514072 
514074 
645147 
645148 
514076 
645149 
645150 
645151 
514079 
645153 
514081 
645155 
514083 
645157 
514085 
645160 
514088 
514092 
645166 
514094 
514097 
645170 
514101 
645177 
514106 
645179 
514108 
645181 
514110 
645184 
514113 
645187 
514116 
645189 
514119 
645192 
645194 
514123 
645196 
645198 
514126 
645201 
514131 
645205 
514133 
514135 
645209 
514137 
514140 
645213 
514142 
514144 
514146 
645220 
514149 
645223 
514152 
645226 
514155 
645229 
514158 
645234 
645235 
514163 
645236 
645237 
514165 
645238 
514167 
645240 
514169 
645242 
645244 
514172 
514174 
645247 
514176 
645250 
514178 
645253 
514181 
645256 
514184 
514187 
645261 
514190 
645263 
645265 
645267 
514195 
514197 
645270 
514199 
645273 
514201 
645276 
514204 
514206 
645279 
514208 
514210 
645284 
514213 
645286 
645288 
514216 
645290 
514219 
645293 
514222 
645296 
645299 
514227 
514229 
645302 
514231 
514233 
645307 
514236 
514238 
645312 
514240 
514242 
645317 
514245 
514248 
645322 
514251 
514254 
645331 
514259 
645333 
514261 
645335 
514263 
645337 
514265 
645340 
514268 
645342 
514270 
645344 
514272 
645346 
514274 
645349 
514277 
514280 
645353 
514283 
645357 
514286 
645361 
514291 
514293 
514295 
645368 
514297 
645371 
514300 
645374 
514302 
514304 
645377 
514306 
514309 
645382 
645383 
645384 
514312 
645385 
645386 
514315 
645388 
645390 
514318 
645392 
645395 
514323 
514325 
645399 
514327 
514329 
645403 
514332 
514334 
645407 
514336 
514338 
514341 
645414 
514344 
645417 
514347 
645420 
514350 
645423 
514355 
645428 
645429 
514357 
645430 
645431 
514359 
645432 
514361 
645434 
645436 
514364 
645438 
514366 
514368 
645441 
514370 
645444 
514373 
645447 
514376 
645450 
514379 
514382 
645455 
645459 
514387 
514389 
645463 
514391 
514393 
645467 
514396 
514398 
514400 
645474 
514402 
645475 
645476 
645477 
514405 
645478 
645480 
514408 
645482 
514411 
645484 
514414 
645487 
645491 
514419 
514421 
645495 
514423 
514425 
645499 
514428 
514430 
514432 
645506 
514434 
645509 
514437 
645512 
514440 
645515 
514443 
514446 
645520 
645521 
645522 
645523 
514451 
645524 
514453 
645526 
514455 
645528 
514457 
645530 
514460 
645533 
514462 
514464 
645537 
514466 
645541 
514469 
514472 
645545 
514475 
514478 
645552 
645555 
514483 
514485 
645558 
514487 
645561 
514489 
514492 
645566 
514494 
645567 
645568 
514496 
645569 
645570 
514498 
645572 
514501 
645574 
645576 
514504 
645579 
514507 
645582 
514510 
645585 
514515 
645588 
514517 
514519 
645593 
514521 
514524 
645597 
514526 
514528 
645601 
514530 
645605 
514533 
514536 
514539 
645612 
645614 
514542 
645616 
645618 
514547 
645621 
514549 
645622 
645623 
514551 
645624 
645625 
514553 
645628 
514556 
514558 
645631 
514560 
645634 
514562 
514565 
645639 
514568 
645643 
514571 
514574 
645647 
645651 
514579 
514581 
514583 
514585 
645658 
645659 
645660 
514588 
645661 
645662 
514590 
645664 
514592 
645666 
514594 
645668 
514597 
645671 
514600 
645675 
514603 
514606 
645679 
645683 
514611 
514613 
514615 
514617 
645690 
514620 
645693 
514622 
645696 
514624 
514626 
645699 
514629 
645704 
514632 
645705 
645706 
645707 
514635 
645708 
645710 
514638 
645712 
645714 
514643 
645717 
514645 
514647 
645720 
514649 
645723 
514652 
645726 
514654 
514656 
514658 
645731 
514661 
645735 
514664 
645739 
514667 
514670 
645743 
514675 
514677 
645750 
514679 
645752 
514681 
645754 
645756 
514684 
514686 
645759 
645760 
514688 
645761 
645762 
514690 
645763 
514693 
645766 
514696 
645769 
514699 
645772 
514702 
645777 
645779 
514707 
645781 
514709 
645783 
514711 
514713 
645786 
514716 
645789 
514718 
645792 
514720 
514722 
645795 
514725 
645800 
514728 
645802 
514731 
645804 
645806 
514734 
645809 
514739 
645813 
514741 
514743 
645817 
514745 
514748 
645821 
514750 
514752 
514754 
645828 
514757 
645831 
514760 
645834 
514763 
645837 
514766 
645842 
645843 
514771 
645844 
645845 
514773 
645846 
514775 
645848 
514777 
645850 
645852 
514780 
514782 
645855 
514784 
645858 
514786 
645861 
514789 
514791 
645864 
514793 
514795 
645869 
514798 
514800 
645873 
514802 
514804 
645877 
514807 
645881 
514809 
514811 
514813 
645888 
514816 
645890 
514818 
645892 
514820 
645894 
514822 
645897 
514825 
645898 
645899 
514827 
645900 
645901 
514829 
514831 
645904 
514834 
645907 
514836 
645910 
514838 
514840 
645915 
514843 
645917 
514846 
645919 
645921 
514849 
645924 
514852 
645927 
514857 
645930 
514859 
645933 
514861 
514863 
645938 
514866 
645940 
514868 
645942 
514870 
645944 
514872 
645947 
514875 
514878 
645951 
514881 
645955 
514884 
645959 
514889 
514891 
514893 
645966 
514895 
645969 
514898 
645972 
514900 
514902 
645975 
514904 
514907 
645980 
645981 
645982 
514910 
645983 
645984 
514913 
645986 
645988 
514916 
645990 
645993 
514921 
514923 
645996 
514925 
645999 
514927 
646002 
514930 
514932 
514934 
646007 
514936 
646011 
514939 
514942 
646015 
514945 
646019 
514948 
514953 
646026 
514955 
646028 
514957 
646030 
514959 
646032 
514962 
646035 
646036 
514964 
646037 
646038 
514966 
646039 
514968 
646042 
514971 
646045 
514974 
646048 
514977 
514980 
646053 
646055 
646057 
514985 
646059 
514987 
514989 
646062 
514991 
646065 
514994 
646068 
514996 
514998 
646071 
515000 
515003 
646076 
646078 
515006 
646080 
515009 
646082 
515012 
646085 
646089 
515017 
515019 
646093 
515021 
515023 
646097 
515026 
515028 
515030 
646104 
515032 
646107 
515035 
646110 
515038 
646113 
515041 
515044 
646118 
646119 
646120 
646121 
515049 
646122 
515051 
646124 
515053 
646126 
515055 
646128 
515058 
646131 
515060 
646134 
515062 
515064 
646137 
515067 
646140 
515070 
646145 
515073 
515076 
646149 
646153 
515081 
515083 
646157 
515085 
515087 
515090 
646164 
515092 
646166 
515094 
646168 
515096 
646170 
515099 
646173 
646174 
515102 
646175 
646176 
646177 
515105 
646180 
515108 
646183 
515113 
646186 
515115 
515117 
646191 
515119 
646193 
515122 
646195 
515124 
646197 
515126 
646200 
515128 
646203 
515131 
646206 
515134 
646209 
515137 
515140 
646214 
646216 
515145 
646218 
515147 
646220 
515149 
646223 
515151 
515154 
646227 
515156 
515158 
646231 
515160 
646235 
515163 
515166 
515169 
646242 
515172 
646245 
646248 
515177 
646251 
515179 
515181 
515183 
646256 
646257 
646258 
515186 
646259 
646260 
515188 
646262 
515190 
646264 
515192 
646266 
515195 
646269 
515198 
646272 
515201 
646275 
515204 
646278 
515209 
646283 
515211 
515213 
646287 
515215 
515218 
646291 
515220 
515222 
646295 
515224 
515227 
515229 
646302 
515231 
646304 
515233 
646306 
646308 
515236 
515238 
646311 
646312 
515240 
646313 
646314 
515242 
646315 
515245 
646318 
515247 
646321 
515249 
515251 
646324 
515254 
515256 
646329 
515258 
646331 
515260 
646333 
646335 
515263 
515265 
646338 
515267 
646341 
515269 
646344 
515272 
515274 
646347 
515276 
515278 
646352 
515281 
646354 
515283 
646356 
515285 
646358 
515287 
646361 
515290 
515292 
646365 
515294 
515296 
646369 
515299 
646373 
515301 
515303 
515305 
646380 
515308 
515310 
646383 
515312 
646386 
515314 
646389 
515317 
515319 
515321 
646394 
646395 
515323 
646396 
646397 
646398 
515326 
646400 
515328 
646402 
515330 
646404 
515332 
646407 
515335 
515336 
515337 
646410 
515338 
515339 
646413 
515342 
646416 
515344 
515347 
646421 
515349 
515351 
646425 
515353 
515356 
646429 
515359 
646433 
515362 
515365 
646440 
646442 
515370 
646444 
515373 
646446 
515375 
646449 
646450 
515378 
646451 
646452 
515380 
646453 
515382 
646456 
515384 
646459 
515387 
646462 
515390 
515393 
646467 
515396 
646469 
646471 
646473 
515401 
515403 
646476 
515405 
646479 
515407 
646482 
515410 
515412 
646485 
515414 
515416 
646490 
515419 
646492 
646494 
515422 
646496 
515425 
646499 
515428 
646503 
515433 
646507 
515435 
515437 
646511 
515439 
515442 
515444 
646518 
515446 
515448 
646521 
515451 
646524 
515454 
646527 
515457 
646532 
515460 
646533 
646534 
646535 
646536 
515465 
646538 
515467 
646540 
515469 
646542 
515471 
646545 
515474 
646548 
515476 
515478 
646551 
515480 
646554 
515483 
515486 
646559 
515489 
646563 
515492 
646567 
515497 
646571 
515499 
515501 
515503 
646578 
515506 
646580 
515508 
646582 
515510 
646584 
515512 
646587 
515515 
646588 
646589 
646590 
515518 
646591 
515521 
646594 
515524 
646597 
646600 
515529 
515531 
646605 
515533 
646607 
515535 
646609 
515538 
646611 
515540 
646614 
515542 
515544 
646617 
515547 
646620 
515550 
646623 
515553 
646628 
515556 
646630 
646632 
515561 
646634 
515563 
646637 
515565 
515567 
646641 
515570 
515572 
646645 
515574 
515576 
646649 
515579 
515582 
646656 
515585 
646659 
515588 
646662 
646665 
515593 
515595 
515597 
646670 
646671 
515599 
646672 
646673 
646674 
515602 
646676 
515604 
646678 
515606 
646680 
515608 
646683 
515611 
646686 
515614 
646689 
515617 
646692 
515620 
646697 
515625 
515627 
646701 
515629 
515631 
646705 
515634 
515636 
646709 
515638 
515640 
515643 
646716 
646718 
515646 
646720 
515649 
646722 
515652 
646725 
646726 
646727 
646728 
646729 
515657 
515659 
646733 
515661 
515663 
646737 
515666 
515668 
646741 
515670 
515672 
515675 
646748 
515678 
646751 
515681 
646754 
515684 
646757 
515689 
646762 
646763 
515691 
646764 
646765 
515693 
646766 
515695 
646768 
646770 
515698 
646772 
515700 
515702 
646775 
515704 
646779 
515707 
515710 
646783 
515713 
646787 
515716 
515721 
646794 
515723 
646797 
515725 
515727 
646800 
515730 
646803 
515732 
515734 
646808 
515736 
646809 
646810 
646811 
515739 
646812 
646814 
515742 
646816 
515745 
646818 
515748 
646821 
646824 
515753 
646827 
515755 
515757 
646830 
515759 
515762 
646835 
515764 
515766 
646839 
515768 
646843 
515771 
515774 
646847 
515777 
515780 
646854 
646856 
515785 
646858 
515787 
646860 
515789 
646863 
515791 
646864 
646865 
646866 
515794 
646867 
515796 
515798 
646871 
515800 
646875 
515803 
515806 
646879 
515809 
515812 
646886 
646889 
515817 
515819 
646892 
515821 
646895 
515823 
515826 
646900 
515828 
646901 
646902 
515830 
646903 
646904 
515832 
646906 
515835 
646908 
646910 
515838 
646913 
515841 
515844 
646917 
646921 
515849 
515851 
646925 
515853 
515855 
515858 
646932 
515860 
515862 
646935 
515864 
646938 
515867 
646941 
515870 
515873 
646946 
646947 
646948 
515876 
646949 
646950 
646952 
515881 
646954 
515883 
646956 
515885 
646959 
515887 
646962 
515890 
515892 
646965 
515894 
646968 
515896 
515899 
646973 
515902 
646976 
515905 
646979 
515908 
646982 
515913 
646987 
515915 
646988 
646989 
515917 
646990 
646991 
515919 
646992 
646993 
646994 
515922 
646995 
646996 
515924 
646997 
646998 
515926 
646999 
515928 
647002 
515931 
647005 
515934 
647008 
515937 
515940 
647013 
647015 
647017 
515945 
647019 
515947 
515949 
647022 
515951 
647024 
647026 
515954 
647028 
515956 
515958 
647031 
515960 
647034 
515963 
647037 
647038 
515966 
515969 
515972 
647046 
515977 
647050 
515979 
515981 
515983 
647057 
515986 
647060 
515988 
647062 
515990 
515992 
647065 
515995 
647068 
515998 
647071 
516001 
647074 
516004 
647079 
647080 
647081 
516009 
647082 
647083 
516011 
516013 
647087 
516015 
516018 
647092 
516020 
516022 
647095 
516024 
647098 
516027 
647102 
516030 
516033 
516036 
647109 
516041 
647114 
516043 
647116 
516045 
647119 
516047 
647122 
516050 
647124 
516052 
647126 
516054 
647128 
516056 
647131 
516059 
647132 
647133 
516061 
647134 
647135 
516063 
516065 
516068 
647141 
516070 
647144 
516072 
647145 
647146 
516074 
647149 
516077 
516079 
516081 
647154 
516083 
516086 
647159 
516088 
647162 
516090 
516092 
516095 
647168 
516097 
516099 
647172 
516101 
516104 
516106 
647179 
516108 
647182 
516110 
647183 
647184 
516113 
647186 
516116 
647189 
516119 
647192 
516122 
647195 
647197 
647199 
516127 
647201 
516129 
516131 
647204 
516133 
647206 
647208 
516136 
647210 
516138 
516140 
647213 
516142 
647215 
647217 
516145 
647219 
516148 
647222 
647223 
516151 
647224 
647225 
647226 
516154 
647227 
647228 
647229 
647230 
516159 
647233 
516161 
516163 
647236 
516165 
647239 
516168 
516170 
647244 
516172 
647246 
516174 
647248 
516177 
647250 
516180 
647253 
647255 
516183 
647257 
516186 
647259 
647262 
647263 
516191 
647264 
647265 
516193 
647266 
516195 
647268 
516197 
647270 
647272 
516200 
516202 
647275 
516204 
647277 
516206 
647279 
647281 
516209 
647284 
516212 
647286 
516215 
647288 
647290 
516218 
647293 
647294 
647295 
516223 
647296 
647297 
516225 
516227 
647300 
516229 
647303 
516232 
647306 
516234 
516236 
516238 
647311 
647313 
516241 
647315 
516244 
647317 
516247 
647320 
647322 
516250 
647324 
647326 
516255 
647329 
516257 
647330 
647331 
516259 
647332 
647333 
516261 
647336 
516264 
516266 
647339 
516268 
647342 
516270 
516273 
647347 
516276 
647349 
647351 
516279 
647353 
516282 
647356 
647357 
647358 
647359 
516287 
647360 
647361 
516289 
647362 
647363 
516291 
647364 
516293 
647367 
516296 
647370 
516298 
516300 
647373 
516302 
516305 
647378 
647380 
516308 
647382 
516311 
647384 
516314 
647387 
647389 
647391 
516319 
647393 
516321 
516323 
647396 
647397 
516325 
647398 
647399 
647400 
516328 
516330 
647403 
516332 
647406 
516334 
647409 
516337 
516340 
647414 
516343 
647416 
647418 
516346 
647420 
647423 
516351 
647424 
647425 
516353 
647426 
647427 
516355 
647428 
647429 
516357 
647430 
647431 
516360 
647434 
516362 
516364 
647437 
516366 
647440 
516369 
516372 
647445 
647447 
516375 
647449 
516378 
647451 
647454 
647455 
516383 
647456 
647457 
516385 
647458 
647459 
516387 
647460 
647461 
516389 
647462 
647464 
516392 
516394 
647467 
516396 
647469 
516398 
647472 
647473 
516401 
647475 
516404 
647478 
516407 
647482 
516410 
647483 
647484 
647486 
516415 
647488 
516417 
647490 
516419 
647493 
516421 
647495 
516424 
647497 
516426 
647499 
516428 
647502 
516430 
647503 
647504 
647505 
516433 
647506 
647508 
516436 
647510 
516439 
647512 
516442 
647515 
647517 
647519 
516447 
647521 
516449 
516451 
647524 
647525 
516453 
647526 
647527 
647528 
516456 
647529 
647530 
516458 
647531 
647532 
516460 
647533 
647534 
516462 
647535 
647536 
647537 
516465 
647538 
647539 
647540 
516468 
647541 
647542 
647543 
516471 
647544 
647545 
647546 
516474 
647547 
647548 
647549 
647550 
647551 
516479 
647552 
516481 
647554 
516483 
647556 
516485 
647558 
516488 
647561 
516490 
647563 
516492 
647565 
516494 
647567 
516497 
647570 
647571 
647572 
516500 
647573 
516503 
647578 
516506 
647579 
516511 
647585 
516513 
516515 
647589 
516517 
516520 
647594 
516522 
647596 
516524 
516526 
647599 
647600 
647601 
516529 
647602 
647603 
647604 
516532 
647605 
647606 
647607 
516535 
647608 
647609 
647610 
516538 
647611 
647612 
647613 
647614 
647615 
516543 
647616 
647617 
516545 
647618 
647619 
516547 
647620 
647621 
516549 
647622 
647623 
647624 
516552 
647625 
647626 
516554 
647627 
647628 
516556 
647629 
647630 
516558 
647631 
647632 
647633 
516561 
647634 
647635 
647636 
516564 
647637 
647638 
516567 
647642 
516570 
516575 
647649 
516577 
516579 
516581 
647654 
647656 
516584 
516586 
647659 
647660 
516588 
516590 
516593 
647666 
647667 
647668 
516596 
647669 
647670 
647671 
516599 
647672 
647673 
647674 
516602 
647675 
647676 
647677 
647678 
647679 
516607 
647680 
647681 
516609 
647682 
647683 
516611 
647684 
647685 
516613 
647686 
647687 
647688 
516616 
647689 
647690 
516618 
647691 
647692 
516620 
647693 
647694 
516622 
647695 
647696 
647697 
516625 
647699 
516627 
647701 
516629 
647703 
516631 
647706 
516634 
647707 
647708 
516636 
647709 
647710 
516638 
516640 
516643 
516645 
647718 
516647 
647721 
516649 
516652 
647726 
647727 
516655 
647729 
516658 
647732 
516661 
647735 
516666 
647740 
516668 
516670 
647743 
516672 
647745 
516675 
647748 
647749 
516677 
516679 
516681 
516684 
647757 
516687 
647760 
516690 
647765 
516693 
647766 
647768 
516698 
647771 
516700 
647773 
516702 
647776 
516704 
647779 
516707 
647780 
516709 
647783 
516711 
516713 
647786 
516716 
647789 
516719 
647794 
516722 
647795 
647796 
647797 
516725 
647798 
647800 
647802 
516730 
647804 
516732 
516734 
647807 
647808 
516736 
647809 
647810 
647811 
516739 
647813 
516741 
647815 
516743 
647817 
516745 
647820 
516748 
647821 
647822 
647823 
516751 
647824 
647826 
516754 
647828 
516757 
647830 
647833 
516762 
647836 
516764 
516766 
647839 
516768 
647842 
516771 
516773 
647847 
516775 
647848 
647849 
516777 
647850 
647851 
516780 
647854 
516783 
647857 
516786 
647860 
516789 
647865 
516794 
647867 
516796 
647869 
516798 
647871 
516800 
647874 
516803 
647876 
516805 
647878 
516807 
647880 
516809 
647883 
516812 
647885 
647887 
516815 
647889 
516818 
647892 
516821 
647894 
647896 
647898 
516826 
516828 
647901 
647902 
516830 
647903 
647904 
516832 
647905 
647907 
516835 
647909 
516837 
647911 
516839 
516841 
647914 
516844 
647917 
516847 
647920 
516850 
647923 
516853 
647928 
647929 
647930 
516858 
647931 
647932 
516860 
516862 
647935 
516864 
647938 
516867 
647941 
516869 
516871 
516873 
647946 
647948 
516876 
647950 
516879 
647952 
516882 
647955 
647957 
516885 
647959 
647961 
516890 
647964 
516892 
647966 
516894 
647968 
516896 
647970 
516899 
647973 
516901 
516903 
647976 
516905 
647979 
516908 
647982 
516911 
516914 
647987 
647988 
647989 
516917 
647990 
647991 
647994 
516922 
516924 
647997 
516926 
648000 
516928 
516931 
648005 
516933 
648007 
516935 
648009 
516937 
648011 
516940 
648014 
516943 
648016 
648018 
516946 
648020 
516949 
648023 
648025 
516954 
648027 
516956 
648029 
516958 
648032 
516960 
648034 
516963 
648036 
516965 
648038 
516967 
648041 
516969 
648042 
648043 
648044 
516972 
648045 
648047 
516975 
648049 
516978 
648051 
516981 
648054 
648057 
516986 
648060 
516988 
516990 
648063 
516992 
516995 
648068 
648069 
516997 
648070 
648071 
516999 
648072 
517001 
648075 
517004 
648078 
517007 
648081 
517010 
517013 
648086 
648088 
648090 
517018 
648092 
517020 
517022 
648095 
517024 
648097 
648099 
517027 
648101 
517029 
517031 
648104 
517033 
648106 
648108 
517036 
648110 
517039 
648113 
517042 
648116 
517045 
648119 
648122 
517050 
517052 
517054 
648127 
648128 
517056 
648129 
648130 
648131 
517059 
517061 
648134 
517063 
648137 
517065 
648140 
517068 
517071 
648145 
517074 
648147 
648149 
517077 
648151 
648154 
517082 
648156 
517084 
648158 
517086 
648160 
517088 
648163 
517091 
648165 
517093 
648167 
517095 
648169 
517097 
648172 
517100 
648174 
517103 
648176 
648178 
517106 
648181 
517109 
648182 
648183 
648184 
648185 
517114 
648187 
517116 
648189 
517118 
648191 
517120 
648194 
517123 
648197 
517125 
517127 
648200 
517129 
648203 
517132 
517135 
648208 
648209 
648210 
517138 
648211 
648212 
517141 
648215 
648218 
517146 
517148 
648221 
517150 
517152 
648226 
517155 
648228 
517157 
648230 
517159 
648232 
517161 
648235 
517164 
648237 
648239 
517167 
648241 
517170 
648244 
517173 
648246 
648248 
648250 
517178 
517180 
648253 
517182 
648255 
517184 
648257 
648259 
517187 
517189 
648262 
648263 
517191 
648264 
648265 
517193 
648266 
648268 
517196 
648270 
517199 
648272 
517202 
648275 
517205 
648278 
648281 
517210 
648284 
517212 
517214 
517216 
648289 
517219 
648292 
517221 
648295 
517223 
517225 
648298 
517228 
648303 
517231 
648304 
648305 
648306 
517234 
648307 
648309 
517237 
648311 
648313 
517242 
648316 
517244 
648318 
517246 
648320 
517248 
648322 
517251 
648325 
517253 
648327 
517255 
648329 
517257 
648331 
517260 
648334 
517263 
648337 
517266 
648340 
517269 
648343 
517274 
648348 
517276 
648349 
648350 
517278 
648351 
648352 
517280 
648354 
517283 
648356 
517285 
648358 
517287 
648361 
517289 
648363 
517292 
648365 
648367 
517295 
648370 
517298 
648371 
648372 
648373 
517301 
648374 
648377 
517306 
648380 
517308 
517310 
648383 
517312 
517315 
648388 
517317 
648391 
517319 
517321 
648394 
517324 
648397 
517327 
648402 
517330 
648404 
517333 
648406 
648408 
517338 
648411 
517340 
648413 
517342 
648415 
517344 
648417 
517347 
648420 
517349 
648422 
517351 
648424 
517353 
648426 
517356 
648429 
648430 
517358 
648431 
648432 
517360 
648433 
517362 
648435 
648437 
517365 
648439 
517367 
517369 
648442 
648444 
517372 
648446 
517374 
648448 
517377 
648451 
517379 
648452 
648453 
648454 
517382 
648455 
648456 
517384 
648457 
648458 
517386 
648459 
648460 
517388 
648461 
648462 
648463 
517391 
648465 
517393 
648467 
517395 
648469 
517397 
648472 
517400 
648474 
517403 
648476 
648478 
517406 
648481 
517409 
648482 
648483 
648484 
648485 
517414 
648487 
517416 
648489 
517418 
648491 
517420 
648494 
517423 
648496 
517425 
648498 
517427 
648500 
517429 
648503 
517432 
648505 
648507 
517435 
648509 
517438 
648512 
517441 
648514 
648516 
648518 
517446 
517448 
648521 
517450 
648523 
517452 
648525 
648527 
517455 
517457 
648530 
648531 
517459 
648532 
648533 
517461 
648534 
648536 
517464 
648538 
517467 
648540 
517470 
648543 
648545 
517473 
648547 
648549 
517478 
648552 
517480 
517482 
648556 
517484 
517487 
648561 
517489 
648562 
648563 
517491 
648564 
517493 
648567 
517496 
648571 
517499 
648572 
648573 
517502 
648575 
648577 
517505 
648579 
648582 
517510 
648583 
648584 
517512 
648585 
648586 
517514 
648587 
648588 
517516 
648589 
648590 
648591 
517519 
648592 
648593 
517521 
648594 
648595 
517523 
648596 
648597 
517525 
648598 
648599 
648600 
517528 
648601 
648603 
517531 
648605 
517534 
648607 
517537 
648610 
648612 
648614 
517542 
648616 
517544 
517546 
648619 
517548 
648621 
648623 
517551 
648625 
517553 
517555 
648628 
648629 
517557 
648630 
648631 
648632 
517560 
648633 
648634 
648635 
517563 
648636 
648637 
648638 
517566 
648639 
648640 
648641 
517569 
648642 
648643 
648644 
648645 
648646 
517574 
648647 
648648 
517576 
648649 
648650 
517578 
648651 
648652 
517580 
648653 
648654 
648655 
517583 
648656 
648657 
517585 
648658 
648659 
517587 
648660 
648661 
517589 
648662 
648663 
648664 
517592 
648667 
517595 
648670 
517598 
648673 
517601 
648678 
517606 
648679 
648680 
517608 
648681 
648682 
517610 
648684 
517612 
648686 
517615 
648688 
517617 
648691 
517619 
648693 
517621 
648695 
517624 
648697 
517627 
648700 
517630 
648703 
517633 
648706 
648709 
517638 
517640 
648714 
517642 
517644 
648717 
517647 
648720 
517649 
648723 
517651 
517653 
648728 
517656 
648731 
517659 
648734 
517662 
648737 
517665 
648742 
517670 
517672 
648745 
517674 
648748 
517676 
648751 
517679 
517681 
517683 
648756 
517685 
648759 
517688 
648762 
517691 
648765 
517694 
517697 
648770 
648771 
648772 
648773 
648774 
517702 
517704 
648777 
517706 
648780 
517708 
648783 
517711 
517713 
517715 
648788 
517717 
648791 
517720 
648794 
517723 
648797 
517726 
517729 
648802 
648805 
517734 
648808 
517736 
517738 
648811 
517740 
517743 
648816 
517745 
648819 
517747 
517749 
648822 
517752 
648825 
517755 
648830 
517758 
648833 
517761 
648836 
517766 
648839 
517768 
517770 
648844 
517772 
648847 
517775 
517777 
648850 
517779 
648853 
517781 
517784 
648858 
517787 
648861 
517790 
648864 
517793 
648867 
517798 
648872 
517800 
648873 
648874 
517802 
648875 
648876 
517804 
648877 
648878 
648879 
517807 
648880 
648881 
517809 
648882 
648883 
517811 
648884 
648885 
517813 
648886 
648887 
648888 
517816 
648889 
648890 
648891 
517819 
648892 
648894 
517822 
648896 
517825 
648898 
648901 
648902 
517830 
648903 
648904 
517832 
648905 
648906 
517834 
648907 
648908 
517836 
648909 
648910 
648911 
517839 
648912 
648913 
517841 
648914 
648915 
517843 
648916 
648917 
517845 
648919 
517848 
648921 
648923 
517851 
648926 
517854 
648928 
517857 
648930 
648932 
517862 
648935 
648936 
517864 
648937 
648938 
517866 
648939 
517868 
648941 
648943 
517871 
648945 
517873 
517875 
648948 
648949 
517877 
648950 
648951 
648952 
517880 
648954 
517883 
648956 
648958 
517886 
648961 
517889 
648962 
648963 
648964 
648965 
648966 
517894 
648967 
648968 
517896 
648969 
648970 
517898 
648971 
648972 
517900 
648973 
648974 
648975 
517903 
648977 
517905 
648979 
517907 
648981 
517909 
648984 
517912 
648986 
517915 
648988 
648990 
517918 
648993 
517921 
648994 
648995 
648996 
648997 
648998 
517926 
648999 
649000 
517928 
649001 
649002 
517930 
649003 
649004 
517932 
649005 
649006 
649007 
517935 
649008 
649009 
517937 
649010 
649011 
517939 
649012 
649013 
517941 
649014 
649015 
649016 
517944 
649017 
649018 
649019 
517947 
649020 
649021 
649022 
517950 
649023 
649024 
517953 
649026 
649028 
649030 
517958 
517960 
649033 
649034 
517962 
649035 
649036 
517964 
649037 
649038 
649039 
517967 
649040 
649041 
517969 
649042 
649043 
517971 
649044 
649045 
517973 
649047 
517976 
649049 
649051 
517979 
649054 
517982 
649055 
649056 
649057 
517985 
649058 
649060 
649062 
517990 
649064 
517992 
517994 
649067 
649068 
517996 
649069 
649070 
649071 
517999 
649072 
649073 
518001 
649074 
649075 
518003 
649076 
649077 
518005 
649078 
649079 
649080 
518008 
649081 
649082 
649083 
518011 
649085 
518014 
649087 
649089 
518017 
649092 
649093 
649094 
518022 
649095 
649096 
518024 
649097 
649098 
518026 
649099 
649100 
518028 
649102 
518031 
649104 
518033 
649106 
518035 
649109 
518037 
649110 
649111 
649112 
518040 
649113 
649114 
649115 
518043 
649116 
649117 
649118 
518046 
649119 
649120 
649121 
518049 
649123 
649125 
518054 
649127 
518056 
649130 
518058 
649132 
518060 
649134 
518063 
649136 
518065 
649139 
518067 
649141 
518069 
649143 
518072 
649145 
518075 
649148 
649150 
518078 
649152 
518081 
649154 
649157 
518086 
649159 
518088 
649161 
518090 
649163 
518092 
649166 
649167 
518095 
649168 
649169 
518097 
649170 
518099 
649172 
518101 
649174 
649176 
518104 
518106 
649179 
649180 
518108 
649181 
649182 
518110 
649183 
518113 
649186 
518115 
649188 
518117 
649191 
518119 
649193 
518122 
649195 
518124 
649197 
518126 
649200 
518128 
649202 
518131 
649204 
649206 
518134 
649209 
518137 
649210 
649211 
649212 
518140 
649213 
649215 
649217 
518145 
649219 
518147 
518149 
649222 
518151 
649224 
649226 
518154 
649228 
518156 
518158 
649231 
518160 
649233 
649235 
518163 
649237 
518166 
649240 
518169 
649242 
649244 
518172 
649246 
649249 
518177 
649250 
649251 
518179 
649252 
649253 
518181 
649255 
518183 
649257 
518186 
649259 
518188 
649262 
518190 
649264 
518192 
649266 
518195 
649268 
518198 
649271 
649272 
649273 
518201 
649274 
649275 
518204 
649277 
649279 
649281 
518209 
518211 
649284 
649285 
518213 
649286 
649287 
518215 
649288 
649289 
649290 
518218 
649291 
649292 
518220 
649293 
649294 
518222 
649295 
649296 
518224 
649298 
518227 
649300 
649302 
518230 
649305 
518233 
649306 
649307 
649308 
518236 
649309 
649310 
649311 
649312 
649313 
518241 
649314 
649315 
518243 
649316 
649317 
518245 
649319 
518247 
649321 
518250 
649323 
518252 
649326 
518254 
649327 
649328 
518256 
649329 
649330 
518259 
649332 
649334 
518262 
649336 
518265 
649339 
649340 
518268 
649341 
649342 
649343 
649344 
649345 
518273 
649346 
649347 
518275 
649349 
518277 
649351 
518279 
649353 
518282 
649356 
518284 
649357 
649358 
518286 
649359 
649360 
518288 
649362 
518291 
649364 
649366 
518294 
649369 
518297 
649370 
649371 
649372 
518300 
649373 
649374 
649375 
649376 
649377 
518305 
649379 
518307 
649381 
518309 
649383 
518311 
649386 
518314 
649387 
649388 
518316 
649389 
649390 
518318 
649391 
649392 
518320 
649393 
649394 
518323 
649396 
649398 
518326 
649400 
518329 
649403 
649404 
518332 
649405 
649406 
649407 
649408 
649409 
518337 
649410 
649411 
518339 
649413 
518341 
649415 
518343 
649417 
518346 
649420 
518348 
649421 
649422 
518350 
649423 
649424 
518352 
649425 
649426 
649427 
518355 
649428 
649430 
518358 
649432 
518361 
649434 
518364 
649437 
649438 
649439 
649440 
649441 
518369 
649442 
649443 
518371 
649444 
649445 
518373 
649446 
649447 
518375 
649448 
649449 
518378 
649451 
518380 
649453 
518382 
649455 
518384 
649458 
649459 
518387 
649460 
649461 
649462 
518390 
649464 
518393 
649466 
649468 
518396 
649471 
649472 
649473 
518401 
649474 
649475 
518403 
649476 
649477 
518405 
649478 
649479 
518407 
649480 
649481 
649482 
518410 
649483 
518412 
649485 
518414 
649487 
518416 
649489 
518419 
649492 
649493 
649494 
518422 
649495 
649496 
518425 
649498 
649500 
518428 
649502 
649505 
518433 
649506 
649507 
518435 
649508 
649509 
518437 
649510 
649511 
518439 
649512 
649514 
518442 
518444 
649517 
649518 
518446 
649519 
649520 
518448 
649521 
649522 
649523 
518451 
649524 
649525 
518454 
649528 
649529 
518457 
649530 
649531 
649532 
518460 
649533 
649536 
518465 
649539 
518467 
649540 
649541 
518469 
649542 
649543 
518471 
649544 
649545 
649546 
518474 
649547 
649548 
518476 
649549 
649550 
518478 
649551 
649552 
518480 
649553 
518483 
518486 
518489 
518492 
518497 
518499 
518501 
518503 
518506 
518508 
518510 
518512 
518515 
518518 
518521 
518524 
518529 
518531 
518533 
518535 
518538 
518540 
518542 
518544 
518547 
518550 
518553 
518556 
518561 
518563 
518565 
518567 
518570 
518572 
518574 
518576 
518579 
518582 
518585 
518588 
518593 
518595 
518597 
518599 
518602 
518604 
518606 
518608 
518611 
518614 
518617 
518620 
518625 
518627 
518629 
518631 
518634 
518636 
518638 
518640 
518643 
518646 
518649 
518652 
518657 
518659 
518661 
518663 
518666 
518668 
518670 
518672 
518675 
518678 
518681 
518684 
518689 
518691 
518693 
518695 
518698 
518700 
518702 
518704 
518707 
518710 
518713 
518716 
518721 
518723 
518725 
518727 
518730 
518732 
518734 
518736 
518739 
518742 
518745 
518748 
518753 
518755 
518757 
518759 
518762 
518764 
518766 
518768 
518771 
518774 
518777 
518780 
518785 
518787 
518789 
518791 
518794 
518796 
518798 
518800 
518803 
518806 
518809 
518812 
518817 
518819 
518821 
518823 
518826 
518828 
518830 
518832 
518835 
518837 
518839 
518841 
518844 
518848 
518850 
518852 
518854 
518857 
518859 
518861 
518863 
518866 
518868 
518870 
518872 
518875 
518877 
518879 
518881 
518884 
518886 
518888 
518890 
518893 
518895 
518897 
518899 
518902 
518904 
518906 
518908 
518911 
518913 
518915 
518917 
518920 
518922 
518924 
518926 
518929 
518931 
518933 
518935 
518938 
518940 
518942 
518944 
518947 
518949 
518951 
518953 
518956 
518958 
518960 
518962 
518965 
518968 
518971 
518974 
518979 
518981 
518983 
518985 
518988 
518990 
518992 
518994 
518997 
518999 
519001 
519003 
519006 
519008 
519010 
519012 
519015 
519017 
519019 
519021 
519024 
519026 
519028 
519030 
519033 
519035 
519037 
519039 
519042 
519044 
519046 
519048 
519051 
519053 
519055 
519057 
519060 
519062 
519064 
519066 
519069 
519071 
519073 
519075 
519078 
519080 
519082 
519084 
519087 
519089 
519091 
519093 
519096 
519098 
519100 
519102 
519105 
519107 
519109 
519111 
519114 
519116 
519118 
519120 
519123 
519125 
519127 
519129 
519132 
519134 
519136 
519138 
519141 
519143 
519145 
519147 
519150 
519152 
519154 
519156 
519159 
519161 
519163 
519165 
519168 
519170 
519172 
519174 
519177 
519179 
519181 
519183 
519186 
519189 
519192 
519195 
519200 
519202 
519204 
519206 
519209 
519211 
519213 
519215 
519218 
519220 
519222 
519224 
519227 
519229 
519231 
519233 
519236 
519238 
519240 
519242 
519245 
519247 
519249 
519251 
519254 
519256 
519258 
519260 
519263 
519265 
519267 
519269 
519272 
519274 
519276 
519278 
519281 
519283 
519285 
519287 
519290 
519292 
519294 
519296 
519299 
519301 
519303 
519305 
519308 
519310 
519312 
519314 
519317 
519319 
519321 
519323 
519326 
519328 
519330 
519332 
519335 
519337 
519339 
519341 
519344 
519346 
519348 
519350 
519353 
519355 
519357 
519359 
519362 
519364 
519366 
519368 
519371 
519373 
519375 
519377 
519380 
519382 
519384 
519386 
519389 
519391 
519393 
519395 
519398 
519400 
519402 
519404 
519407 
519410 
519413 
519416 
519421 
519423 
519425 
519427 
519430 
519432 
519434 
519436 
519439 
519441 
519443 
519445 
519448 
519450 
519452 
519454 
519457 
519459 
519461 
519463 
519466 
519468 
519470 
519472 
519475 
519476 
519477 
519478 
519479 
519481 
519483 
519485 
519488 
519490 
519492 
519494 
519497 
519499 
519501 
519503 
519506 
519508 
519510 
519512 
519515 
519517 
519519 
519521 
519524 
519526 
519528 
519530 
519533 
519535 
519537 
519539 
519542 
519544 
519546 
519548 
519551 
519553 
519555 
519557 
519560 
519562 
519564 
519566 
519569 
519571 
519573 
519575 
519578 
519580 
519582 
519584 
519587 
519589 
519591 
519593 
519596 
519598 
519600 
519602 
519605 
519607 
519609 
519611 
519614 
519616 
519618 
519620 
519623 
519625 
519627 
519629 
519632 
519634 
519636 
519638 
519641 
519643 
519645 
519647 
519650 
519652 
519654 
519656 
519659 
519661 
519663 
519665 
519668 
519670 
519672 
519674 
519677 
519679 
519681 
519683 
519686 
519688 
519690 
519692 
519695 
519697 
519699 
519701 
519704 
519706 
519708 
519710 
519713 
519715 
519717 
519719 
519722 
519724 
519726 
519728 
519731 
519733 
519735 
519737 
519740 
519742 
519744 
519746 
519749 
519751 
519753 
519755 
519758 
519760 
519762 
519764 
519767 
519769 
519771 
519773 
519776 
519778 
519780 
519782 
519785 
519787 
519789 
519791 
519794 
519796 
519798 
519800 
519803 
519805 
519807 
519809 
519812 
519814 
519816 
519818 
519821 
519823 
519825 
519827 
519830 
519832 
519834 
519836 
519839 
519841 
519843 
519845 
519848 
519850 
519852 
519854 
519857 
519859 
519861 
519863 
519866 
519868 
519870 
519872 
519875 
519877 
519879 
519881 
519884 
519886 
519888 
519890 
519893 
519895 
519897 
519899 
519902 
519904 
519906 
519908 
519911 
519913 
519915 
519917 
519920 
519922 
519924 
519926 
519929 
519931 
519933 
519935 
519938 
519940 
519942 
519944 
519947 
519949 
519951 
519953 
519956 
519958 
519960 
519962 
519965 
519967 
519969 
519971 
519974 
519976 
519978 
519980 
519983 
519985 
519987 
519989 
519992 
519994 
519996 
519998 
520001 
520003 
520005 
520007 
520010 
520012 
520014 
520016 
520019 
520021 
520023 
520025 
520028 
520030 
520032 
520034 
520037 
520039 
520041 
520043 
520046 
520048 
520050 
520052 
520055 
520057 
520059 
520061 
520064 
520066 
520068 
520070 
520073 
520075 
520077 
520079 
520082 
520084 
520086 
520088 
520091 
520092 
520093 
520094 
520095 
520097 
520099 
520101 
520104 
520106 
520108 
520110 
520113 
520116 
520119 
520122 
520127 
520129 
520131 
520133 
520136 
520138 
520140 
520142 
520145 
520148 
520151 
520154 
520159 
520161 
520163 
520165 
520168 
520170 
520172 
520174 
520177 
520180 
520183 
520186 
520191 
520194 
520197 
520200 
520205 
520207 
520209 
520211 
520214 
520217 
520220 
520223 
520228 
520231 
520234 
520237 
520242 
520244 
520246 
520248 
520251 
520254 
520257 
520260 
520265 
520268 
520271 
520274 
520279 
520281 
520283 
520285 
520288 
520291 
520294 
520297 
520302 
520304 
520306 
520308 
520311 
520313 
520315 
520317 
520320 
520323 
520326 
520329 
520334 
520336 
520339 
520341 
520343 
520346 
520349 
520355 
520359 
520361 
520364 
520368 
520372 
520377 
520380 
520383 
520386 
520391 
520394 
520396 
520399 
520402 
520405 
520408 
520413 
520416 
520419 
520422 
520427 
520429 
520431 
520433 
520436 
520439 
520442 
520445 
520450 
520452 
520454 
520456 
520459 
520461 
520463 
520465 
520468 
520471 
520474 
520477 
520482 
520484 
520486 
520488 
520491 
520493 
520495 
520497 
520500 
520503 
520506 
520509 
520514 
520517 
520520 
520523 
520528 
520530 
520532 
520534 
520537 
520540 
520543 
520546 
520551 
520554 
520557 
520560 
520565 
520567 
520569 
520571 
520574 
520577 
520580 
520583 
520588 
520590 
520592 
520594 
520597 
520599 
520601 
520603 
520606 
520609 
520612 
520615 
520620 
520622 
520624 
520626 
520629 
520631 
520633 
520635 
520638 
520641 
520644 
520647 
520652 
520654 
520656 
520658 
520661 
520663 
520665 
520667 
520670 
520673 
520676 
520679 
520684 
520686 
520688 
520690 
520693 
520695 
520697 
520699 
520702 
520704 
520706 
520708 
520711 
520713 
520715 
520717 
520720 
520722 
520724 
520726 
520729 
520732 
520735 
520738 
520743 
520745 
520747 
520749 
520752 
520754 
520756 
520758 
520761 
520764 
520767 
520770 
520775 
520777 
520779 
520781 
520784 
520786 
520788 
520790 
520793 
520796 
520799 
520802 
520807 
520809 
520811 
520813 
520816 
520818 
520820 
520822 
520825 
520828 
520831 
520834 
520839 
520841 
520843 
520845 
520848 
520850 
520852 
520854 
520857 
520860 
520863 
520866 
520871 
520873 
520875 
520877 
520880 
520882 
520884 
520886 
520889 
520892 
520895 
520898 
520903 
520905 
520907 
520909 
520912 
520914 
520916 
520918 
520921 
520924 
520927 
520930 
520935 
520937 
520940 
520942 
520944 
520947 
520950 
520957 
520960 
520963 
520965 
520968 
520972 
520976 
520981 
520983 
520985 
520987 
520990 
520993 
520995 
520998 
521001 
521004 
521007 
521012 
521014 
521016 
521018 
521021 
521023 
521025 
521027 
521030 
521033 
521036 
521039 
521044 
521046 
521048 
521050 
521053 
521055 
521057 
521059 
521062 
521065 
521068 
521071 
521076 
521078 
521080 
521082 
521085 
521087 
521089 
521091 
521094 
521097 
521100 
521103 
521108 
521110 
521112 
521114 
521117 
521119 
521121 
521123 
521126 
521129 
521132 
521135 
521140 
521142 
521144 
521146 
521149 
521151 
521153 
521155 
521158 
521161 
521164 
521167 
521172 
521174 
521176 
521178 
521181 
521183 
521185 
521187 
521190 
521193 
521196 
521199 
521204 
521206 
521208 
521210 
521213 
521215 
521217 
521219 
521222 
521225 
521228 
521231 
521236 
521238 
521240 
521242 
521245 
521247 
521249 
521251 
521254 
521257 
521260 
521263 
521268 
521270 
521272 
521274 
521277 
521279 
521281 
521283 
521286 
521288 
521290 
521292 
521295 
521297 
521299 
521301 
521304 
521306 
521308 
521310 
521313 
521316 
521319 
521322 
521327 
521329 
521331 
521333 
521336 
521338 
521340 
521342 
521345 
521348 
521351 
521354 
521359 
521361 
521363 
521365 
521368 
521370 
521372 
521374 
521377 
521380 
521383 
521386 
521391 
521393 
521395 
521397 
521400 
521402 
521404 
521406 
521409 
521412 
521415 
521418 
521423 
521425 
521427 
521429 
521432 
521434 
521436 
521438 
521441 
521444 
521447 
521450 
521455 
521457 
521459 
521461 
521464 
521466 
521468 
521470 
521473 
521476 
521479 
521482 
521487 
521489 
521491 
521493 
521496 
521498 
521500 
521502 
521505 
521508 
521511 
521514 
521519 
521522 
521525 
521527 
521529 
521532 
521535 
521538 
521543 
521547 
521549 
521552 
521556 
521561 
521565 
521567 
521570 
521574 
521579 
521583 
521585 
521588 
521592 
521597 
521601 
521603 
521606 
521610 
521615 
521618 
521621 
521624 
521627 
521630 
521633 
521638 
521640 
521642 
521644 
521647 
521650 
521652 
521655 
521658 
521661 
521664 
521669 
521671 
521673 
521675 
521678 
521680 
521682 
521684 
521687 
521690 
521693 
521696 
521701 
521703 
521705 
521707 
521710 
521712 
521714 
521716 
521719 
521722 
521725 
521728 
521733 
521735 
521737 
521739 
521742 
521744 
521746 
521748 
521751 
521754 
521757 
521760 
521765 
521767 
521769 
521771 
521774 
521776 
521778 
521780 
521783 
521786 
521789 
521792 
521797 
521799 
521801 
521803 
521806 
521808 
521810 
521812 
521815 
521818 
521821 
521824 
521829 
521831 
521833 
521835 
521838 
521840 
521842 
521844 
521847 
521850 
521853 
521856 
521861 
521863 
521865 
521867 
521870 
521872 
521874 
521876 
521879 
521882 
521885 
521888 
521893 
521895 
521897 
521899 
521902 
521904 
521906 
521908 
521911 
521914 
521917 
521920 
521925 
521927 
521929 
521931 
521934 
521936 
521938 
521940 
521943 
521946 
521949 
521952 
521957 
521959 
521961 
521963 
521966 
521969 
521972 
521975 
521980 
521983 
521986 
521989 
521994 
521996 
521998 
522000 
522003 
522005 
522007 
522009 
522012 
522015 
522018 
522021 
522026 
522028 
522030 
522032 
522035 
522037 
522039 
522041 
522044 
522047 
522050 
522053 
522058 
522060 
522062 
522064 
522067 
522069 
522071 
522073 
522076 
522079 
522082 
522085 
522090 
522092 
522094 
522096 
522099 
522101 
522103 
522105 
522108 
522111 
522114 
522117 
522122 
522124 
522126 
522128 
522131 
522133 
522135 
522137 
522140 
522143 
522146 
522149 
522154 
522156 
522158 
522160 
522163 
522165 
522167 
522169 
522172 
522175 
522178 
522181 
522186 
522189 
522191 
522194 
522196 
522198 
522200 
522203 
522206 
522209 
522212 
522217 
522220 
522222 
522225 
522227 
522229 
522231 
522234 
522237 
522240 
522243 
522248 
522251 
522253 
522256 
522258 
522260 
522262 
522265 
522268 
522271 
522274 
522279 
522282 
522284 
522287 
522289 
522291 
522293 
522296 
522299 
522302 
522305 
522310 
522313 
522315 
522318 
522320 
522322 
522324 
522327 
522330 
522333 
522336 
522341 
522344 
522346 
522349 
522351 
522353 
522355 
522358 
522361 
522364 
522367 
522372 
522374 
522376 
522378 
522381 
522383 
522385 
522387 
522390 
522393 
522396 
522399 
522404 
522406 
522408 
522410 
522413 
522415 
522417 
522419 
522422 
522425 
522428 
522431 
522436 
522438 
522440 
522442 
522445 
522447 
522449 
522451 
522454 
522457 
522460 
522463 
522468 
522470 
522472 
522474 
522477 
522479 
522481 
522483 
522486 
522489 
522492 
522495 
522500 
522502 
522504 
522506 
522509 
522511 
522513 
522515 
522518 
522521 
522524 
522527 
522532 
522534 
522536 
522538 
522541 
522543 
522545 
522547 
522550 
522553 
522556 
522559 
522564 
522566 
522568 
522570 
522573 
522575 
522577 
522579 
522582 
522585 
522588 
522591 
522596 
522598 
522600 
522602 
522605 
522607 
522609 
522611 
522614 
522617 
522620 
522623 
522628 
522630 
522632 
522634 
522637 
522639 
522641 
522643 
522646 
522649 
522652 
522655 
522660 
522663 
522666 
522669 
522674 
522676 
522678 
522680 
522683 
522686 
522689 
522692 
522697 
522699 
522701 
522703 
522706 
522709 
522712 
522715 
522720 
522723 
522726 
522729 
522734 
522736 
522738 
522740 
522743 
522745 
522747 
522749 
522752 
522755 
522758 
522761 
522766 
522768 
522770 
522772 
522775 
522777 
522779 
522781 
522784 
522787 
522790 
522793 
522798 
522800 
522802 
522804 
522807 
522809 
522811 
522813 
522816 
522819 
522822 
522825 
522830 
522832 
522834 
522836 
522839 
522841 
522843 
522845 
522848 
522851 
522854 
522857 
522862 
522864 
522866 
522868 
522871 
522873 
522875 
522877 
522880 
522883 
522886 
522889 
522894 
522896 
522898 
522900 
522903 
522905 
522907 
522909 
522912 
522915 
522918 
522921 
522926 
522928 
522930 
522932 
522935 
522937 
522939 
522941 
522944 
522947 
522950 
522953 
522958 
522960 
522962 
522964 
522967 
522969 
522971 
522973 
522976 
522979 
522982 
522985 
522990 
522992 
522994 
522996 
522999 
523001 
523003 
523005 
523008 
523011 
523014 
523017 
523022 
523024 
523026 
523028 
523031 
523033 
523035 
523037 
523040 
523043 
523046 
523049 
523054 
523056 
523058 
523060 
523063 
523065 
523067 
523069 
523072 
523075 
523078 
523081 
523086 
523088 
523090 
523092 
523095 
523097 
523099 
523101 
523104 
523107 
523110 
523113 
523118 
523120 
523122 
523124 
523127 
523129 
523131 
523133 
523136 
523139 
523142 
523145 
523150 
523152 
523154 
523156 
523159 
523161 
523163 
523165 
523168 
523171 
523174 
523177 
523182 
523184 
523186 
523188 
523191 
523193 
523195 
523197 
523200 
523203 
523206 
523209 
523214 
523216 
523218 
523220 
523223 
523225 
523227 
523229 
523232 
523235 
523238 
523241 
523246 
523248 
523250 
523252 
523255 
523257 
523259 
523261 
523264 
523267 
523270 
523273 
523278 
523280 
523282 
523284 
523287 
523289 
523291 
523293 
523296 
523299 
523302 
523305 
523310 
523312 
523314 
523316 
523319 
523321 
523323 
523325 
523328 
523331 
523334 
523337 
523342 
523344 
523346 
523348 
523351 
523353 
523355 
523357 
523360 
523363 
523366 
523369 
523374 
523376 
523378 
523380 
523383 
523385 
523387 
523389 
523392 
523395 
523398 
523401 
523406 
523408 
523410 
523412 
523415 
523417 
523419 
523421 
523424 
523427 
523430 
523433 
523438 
523440 
523442 
523444 
523447 
523450 
523453 
523456 
523461 
523464 
523467 
523470 
523475 
523477 
523479 
523481 
523484 
523486 
523488 
523490 
523493 
523496 
523499 
523502 
523507 
523509 
523511 
523513 
523516 
523518 
523520 
523522 
523525 
523528 
523531 
523534 
523539 
523541 
523543 
523545 
523548 
523550 
523552 
523554 
523557 
523560 
523563 
523566 
523571 
523573 
523575 
523577 
523580 
523582 
523584 
523586 
523589 
523592 
523595 
523598 
523603 
523605 
523607 
523609 
523612 
523614 
523616 
523618 
523621 
523624 
523627 
523630 
523635 
523637 
523639 
523641 
523644 
523646 
523648 
523650 
523653 
523656 
523659 
523662 
523667 
523669 
523671 
523673 
523676 
523678 
523680 
523682 
523685 
523688 
523691 
523694 
523699 
523701 
523703 
523705 
523708 
523710 
523712 
523714 
523717 
523720 
523723 
523726 
523731 
523733 
523735 
523737 
523740 
523742 
523744 
523746 
523749 
523752 
523755 
523758 
523763 
523765 
523767 
523769 
523772 
523774 
523776 
523778 
523781 
523784 
523787 
523790 
523795 
523797 
523799 
523801 
523804 
523806 
523808 
523810 
523813 
523816 
523819 
523822 
523827 
523829 
523831 
523833 
523836 
523838 
523840 
523842 
523845 
523848 
523851 
523854 
523859 
523861 
523863 
523865 
523868 
523870 
523872 
523874 
523877 
523880 
523883 
523886 
523891 
523893 
523895 
523897 
523900 
523902 
523904 
523906 
523909 
523912 
523915 
523918 
523923 
523925 
523927 
523929 
523932 
523934 
523936 
523938 
523941 
523944 
523947 
523950 
523955 
523957 
523959 
523961 
523964 
523966 
523968 
523970 
523973 
523976 
523979 
523982 
523987 
523989 
523991 
523993 
523996 
523998 
524000 
524002 
524005 
524008 
524011 
524014 
524019 
524021 
524023 
524025 
524028 
524030 
524032 
524034 
524037 
524040 
524043 
524046 
524051 
524053 
524055 
524057 
524060 
524062 
524064 
524066 
524069 
524072 
524075 
524078 
524083 
524085 
524087 
524089 
524092 
524094 
524096 
524098 
524101 
524104 
524107 
524110 
524115 
524117 
524119 
524121 
524124 
524126 
524128 
524130 
524133 
524136 
524139 
524142 
524147 
524150 
524153 
524156 
524161 
524163 
524165 
524167 
524170 
524172 
524174 
524176 
524179 
524181 
524183 
524185 
524188 
524191 
524194 
524197 
524202 
524205 
524208 
524211 
524216 
524218 
524220 
524222 
524225 
524227 
524229 
524231 
524234 
524237 
524240 
524243 
524248 
524250 
524252 
524254 
524257 
524259 
524261 
524263 
524266 
524269 
524272 
524275 
524280 
524282 
524284 
524286 
)

// ************************************************************************* //
