/*--------------------------------*- C++ -*----------------------------------*\
  =========                 |
  \\      /  F ield         | OpenFOAM: The Open Source CFD Toolbox
   \\    /   O peration     | Website:  https://openfoam.org
    \\  /    A nd           | Version:  13
     \\/     M anipulation  |
\*---------------------------------------------------------------------------*/
FoamFile
{
    format      ascii;
    class       faceList;
    location    "constant/polyMesh";
    object      faces;
}
// * * * * * * * * * * * * * * * * * * * * * * * * * * * * * * * * * * * * * //


35166
(
4(1 22 252 231)
4(21 251 252 22)
4(230 231 252 251)
4(2 23 253 232)
4(22 252 253 23)
4(231 232 253 252)
4(3 24 254 233)
4(23 253 254 24)
4(232 233 254 253)
4(4 25 255 234)
4(24 254 255 25)
4(233 234 255 254)
4(5 26 256 235)
4(25 255 256 26)
4(234 235 256 255)
4(6 27 257 236)
4(26 256 257 27)
4(235 236 257 256)
4(7 28 258 237)
4(27 257 258 28)
4(236 237 258 257)
4(8 29 259 238)
4(28 258 259 29)
4(237 238 259 258)
4(9 30 260 239)
4(29 259 260 30)
4(238 239 260 259)
4(10 31 261 240)
4(30 260 261 31)
4(239 240 261 260)
4(11 32 262 241)
4(31 261 262 32)
4(240 241 262 261)
4(12 33 263 242)
4(32 262 263 33)
4(241 242 263 262)
4(13 34 264 243)
4(33 263 264 34)
4(242 243 264 263)
4(14 35 265 244)
4(34 264 265 35)
4(243 244 265 264)
4(15 36 266 245)
4(35 265 266 36)
4(244 245 266 265)
4(16 37 267 246)
4(36 266 267 37)
4(245 246 267 266)
4(17 38 268 247)
4(37 267 268 38)
4(246 247 268 267)
4(18 39 269 248)
4(38 268 269 39)
4(247 248 269 268)
4(19 2755 4694 2756)
5(39 269 270 2762 40)
5(248 249 2818 270 269)
4(40 2762 4694 2755)
4(249 2756 4694 2818)
4(270 2818 4694 2762)
4(6077 2357 5923 2754)
4(6077 2755 4694 2357)
4(4694 2756 5923 2357)
4(22 43 273 252)
4(42 272 273 43)
4(251 252 273 272)
4(23 44 274 253)
4(43 273 274 44)
4(252 253 274 273)
4(24 45 275 254)
4(44 274 275 45)
4(253 254 275 274)
4(25 46 276 255)
4(45 275 276 46)
4(254 255 276 275)
4(26 47 277 256)
4(46 276 277 47)
4(255 256 277 276)
4(27 48 278 257)
4(47 277 278 48)
4(256 257 278 277)
4(28 49 279 258)
4(48 278 279 49)
4(257 258 279 278)
4(29 50 280 259)
4(49 279 280 50)
4(258 259 280 279)
4(30 51 281 260)
4(50 280 281 51)
4(259 260 281 280)
4(31 52 282 261)
4(51 281 282 52)
4(260 261 282 281)
4(32 53 283 262)
4(52 282 283 53)
4(261 262 283 282)
4(33 54 284 263)
4(53 283 284 54)
4(262 263 284 283)
4(34 55 285 264)
4(54 284 285 55)
4(263 264 285 284)
4(35 56 286 265)
4(55 285 286 56)
4(264 265 286 285)
4(36 57 287 266)
4(56 286 287 57)
4(265 266 287 286)
4(37 58 288 267)
4(57 287 288 58)
4(266 267 288 287)
4(38 59 289 268)
4(58 288 289 59)
4(267 268 289 288)
4(39 60 290 269)
4(59 289 290 60)
4(268 269 290 289)
4(40 2761 4698 2762)
5(60 290 291 2768 61)
5(269 270 2824 291 290)
4(61 2768 4698 2761)
4(270 2762 4698 2824)
4(291 2824 4698 2768)
4(40 2760 4695 2762)
4(4695 2760 6103 2358)
4(6103 2761 4698 2358)
4(4698 2762 4695 2358)
4(43 64 294 273)
4(63 293 294 64)
4(272 273 294 293)
4(44 65 295 274)
4(64 294 295 65)
4(273 274 295 294)
4(45 66 296 275)
4(65 295 296 66)
4(274 275 296 295)
4(46 67 297 276)
4(66 296 297 67)
4(275 276 297 296)
4(47 68 298 277)
4(67 297 298 68)
4(276 277 298 297)
4(48 69 299 278)
4(68 298 299 69)
4(277 278 299 298)
4(49 70 300 279)
4(69 299 300 70)
4(278 279 300 299)
4(50 71 301 280)
4(70 300 301 71)
4(279 280 301 300)
4(51 72 302 281)
4(71 301 302 72)
4(280 281 302 301)
4(52 73 303 282)
4(72 302 303 73)
4(281 282 303 302)
4(53 74 304 283)
4(73 303 304 74)
4(282 283 304 303)
4(54 75 305 284)
4(74 304 305 75)
4(283 284 305 304)
4(55 76 306 285)
4(75 305 306 76)
4(284 285 306 305)
4(56 77 307 286)
4(76 306 307 77)
4(285 286 307 306)
4(57 78 308 287)
4(77 307 308 78)
4(286 287 308 307)
4(58 79 309 288)
4(78 308 309 79)
4(287 288 309 308)
4(59 80 310 289)
4(79 309 310 80)
4(288 289 310 309)
4(60 81 311 290)
4(80 310 311 81)
4(289 290 311 310)
4(61 2767 4702 2768)
5(81 311 312 2774 82)
5(290 291 2830 312 311)
4(82 2774 4702 2767)
4(291 2768 4702 2830)
4(312 2830 4702 2774)
4(61 2766 4699 2768)
4(4699 2766 6125 2359)
4(6125 2767 4702 2359)
4(4702 2768 4699 2359)
4(64 85 315 294)
4(84 314 315 85)
4(293 294 315 314)
4(65 86 316 295)
4(85 315 316 86)
4(294 295 316 315)
4(66 87 317 296)
4(86 316 317 87)
4(295 296 317 316)
4(67 88 318 297)
4(87 317 318 88)
4(296 297 318 317)
4(68 89 319 298)
4(88 318 319 89)
4(297 298 319 318)
4(69 90 320 299)
4(89 319 320 90)
4(298 299 320 319)
4(70 91 321 300)
4(90 320 321 91)
4(299 300 321 320)
4(71 92 322 301)
4(91 321 322 92)
4(300 301 322 321)
4(72 93 323 302)
4(92 322 323 93)
4(301 302 323 322)
4(73 94 324 303)
4(93 323 324 94)
4(302 303 324 323)
4(74 95 325 304)
4(94 324 325 95)
4(303 304 325 324)
4(75 96 326 305)
4(95 325 326 96)
4(304 305 326 325)
4(76 97 327 306)
4(96 326 327 97)
4(305 306 327 326)
4(77 98 328 307)
4(97 327 328 98)
4(306 307 328 327)
4(78 99 329 308)
4(98 328 329 99)
4(307 308 329 328)
4(79 100 330 309)
4(99 329 330 100)
4(308 309 330 329)
4(80 101 331 310)
4(100 330 331 101)
4(309 310 331 330)
4(81 102 332 311)
4(101 331 332 102)
4(310 311 332 331)
4(82 2773 4706 2774)
5(102 332 333 2780 103)
5(311 312 2836 333 332)
4(103 2780 4706 2773)
4(312 2774 4706 2836)
4(333 2836 4706 2780)
4(82 2772 4703 2774)
4(4703 2772 6143 2360)
4(6143 2773 4706 2360)
4(4706 2774 4703 2360)
4(85 106 336 315)
4(105 335 336 106)
4(314 315 336 335)
4(86 107 337 316)
4(106 336 337 107)
4(315 316 337 336)
4(87 108 338 317)
4(107 337 338 108)
4(316 317 338 337)
4(88 109 339 318)
4(108 338 339 109)
4(317 318 339 338)
4(89 110 340 319)
4(109 339 340 110)
4(318 319 340 339)
4(90 111 341 320)
4(110 340 341 111)
4(319 320 341 340)
4(91 112 342 321)
4(111 341 342 112)
4(320 321 342 341)
4(92 113 343 322)
4(112 342 343 113)
4(321 322 343 342)
4(93 114 344 323)
4(113 343 344 114)
4(322 323 344 343)
4(94 115 345 324)
4(114 344 345 115)
4(323 324 345 344)
4(95 116 346 325)
4(115 345 346 116)
4(324 325 346 345)
4(96 117 347 326)
4(116 346 347 117)
4(325 326 347 346)
4(97 118 348 327)
4(117 347 348 118)
4(326 327 348 347)
4(98 119 349 328)
4(118 348 349 119)
4(327 328 349 348)
4(99 120 350 329)
4(119 349 350 120)
4(328 329 350 349)
4(100 121 351 330)
4(120 350 351 121)
4(329 330 351 350)
4(101 122 352 331)
4(121 351 352 122)
4(330 331 352 351)
4(102 123 353 332)
4(122 352 353 123)
4(331 332 353 352)
4(103 2779 4710 2780)
5(123 353 354 2786 124)
5(332 333 2842 354 353)
4(124 2786 4710 2779)
4(333 2780 4710 2842)
4(354 2842 4710 2786)
4(103 2778 4707 2780)
4(4707 2778 6157 2361)
4(6157 2779 4710 2361)
4(4710 2780 4707 2361)
4(106 127 357 336)
4(126 356 357 127)
4(335 336 357 356)
4(107 128 358 337)
4(127 357 358 128)
4(336 337 358 357)
4(108 129 359 338)
4(128 358 359 129)
4(337 338 359 358)
4(109 130 360 339)
4(129 359 360 130)
4(338 339 360 359)
4(110 131 361 340)
4(130 360 361 131)
4(339 340 361 360)
4(111 132 362 341)
4(131 361 362 132)
4(340 341 362 361)
4(112 133 363 342)
4(132 362 363 133)
4(341 342 363 362)
4(113 134 364 343)
4(133 363 364 134)
4(342 343 364 363)
4(114 135 365 344)
4(134 364 365 135)
4(343 344 365 364)
4(115 136 366 345)
4(135 365 366 136)
4(344 345 366 365)
4(116 137 367 346)
4(136 366 367 137)
4(345 346 367 366)
4(117 138 368 347)
4(137 367 368 138)
4(346 347 368 367)
4(118 139 369 348)
4(138 368 369 139)
4(347 348 369 368)
4(119 140 370 349)
4(139 369 370 140)
4(348 349 370 369)
4(120 141 371 350)
4(140 370 371 141)
4(349 350 371 370)
4(121 142 372 351)
4(141 371 372 142)
4(350 351 372 371)
4(122 143 373 352)
4(142 372 373 143)
4(351 352 373 372)
4(123 144 374 353)
4(143 373 374 144)
4(352 353 374 373)
4(124 2785 4714 2786)
5(144 374 375 2792 145)
5(353 354 2848 375 374)
4(145 2792 4714 2785)
4(354 2786 4714 2848)
4(375 2848 4714 2792)
4(124 2784 4711 2786)
4(4711 2784 6144 2362)
4(6144 2785 4714 2362)
4(4714 2786 4711 2362)
4(127 148 378 357)
4(147 377 378 148)
4(356 357 378 377)
4(128 149 379 358)
4(148 378 379 149)
4(357 358 379 378)
4(129 150 380 359)
4(149 379 380 150)
4(358 359 380 379)
4(130 151 381 360)
4(150 380 381 151)
4(359 360 381 380)
4(131 152 382 361)
4(151 381 382 152)
4(360 361 382 381)
4(132 153 383 362)
4(152 382 383 153)
4(361 362 383 382)
4(133 154 384 363)
4(153 383 384 154)
4(362 363 384 383)
4(134 155 385 364)
4(154 384 385 155)
4(363 364 385 384)
4(135 156 386 365)
4(155 385 386 156)
4(364 365 386 385)
4(136 157 387 366)
4(156 386 387 157)
4(365 366 387 386)
4(137 158 388 367)
4(157 387 388 158)
4(366 367 388 387)
4(138 159 389 368)
4(158 388 389 159)
4(367 368 389 388)
4(139 160 390 369)
4(159 389 390 160)
4(368 369 390 389)
4(140 161 391 370)
4(160 390 391 161)
4(369 370 391 390)
4(141 162 392 371)
4(161 391 392 162)
4(370 371 392 391)
4(142 163 393 372)
4(162 392 393 163)
4(371 372 393 392)
4(143 164 394 373)
4(163 393 394 164)
4(372 373 394 393)
4(144 165 395 374)
4(164 394 395 165)
4(373 374 395 394)
4(145 2791 4718 2792)
5(165 395 396 2798 166)
5(374 375 2854 396 395)
4(166 2798 4718 2791)
4(375 2792 4718 2854)
4(396 2854 4718 2798)
4(145 2790 4715 2792)
4(4715 2790 6126 2363)
4(6126 2791 4718 2363)
4(4718 2792 4715 2363)
4(148 169 399 378)
4(168 398 399 169)
4(377 378 399 398)
4(149 170 400 379)
4(169 399 400 170)
4(378 379 400 399)
4(150 171 401 380)
4(170 400 401 171)
4(379 380 401 400)
4(151 172 402 381)
4(171 401 402 172)
4(380 381 402 401)
4(152 173 403 382)
4(172 402 403 173)
4(381 382 403 402)
4(153 174 404 383)
4(173 403 404 174)
4(382 383 404 403)
4(154 175 405 384)
4(174 404 405 175)
4(383 384 405 404)
4(155 176 406 385)
4(175 405 406 176)
4(384 385 406 405)
4(156 177 407 386)
4(176 406 407 177)
4(385 386 407 406)
4(157 178 408 387)
4(177 407 408 178)
4(386 387 408 407)
4(158 179 409 388)
4(178 408 409 179)
4(387 388 409 408)
4(159 180 410 389)
4(179 409 410 180)
4(388 389 410 409)
4(160 181 411 390)
4(180 410 411 181)
4(389 390 411 410)
4(161 182 412 391)
4(181 411 412 182)
4(390 391 412 411)
4(162 183 413 392)
4(182 412 413 183)
4(391 392 413 412)
4(163 184 414 393)
4(183 413 414 184)
4(392 393 414 413)
4(164 185 415 394)
4(184 414 415 185)
4(393 394 415 414)
4(165 186 416 395)
4(185 415 416 186)
4(394 395 416 415)
4(166 2797 4722 2798)
5(186 416 417 2804 187)
5(395 396 2860 417 416)
4(187 2804 4722 2797)
4(396 2798 4722 2860)
4(417 2860 4722 2804)
4(166 2796 4719 2798)
4(4719 2796 6104 2364)
4(6104 2797 4722 2364)
4(4722 2798 4719 2364)
4(169 190 420 399)
4(189 419 420 190)
4(398 399 420 419)
4(170 191 421 400)
4(190 420 421 191)
4(399 400 421 420)
4(171 192 422 401)
4(191 421 422 192)
4(400 401 422 421)
4(172 193 423 402)
4(192 422 423 193)
4(401 402 423 422)
4(173 194 424 403)
4(193 423 424 194)
4(402 403 424 423)
4(174 195 425 404)
4(194 424 425 195)
4(403 404 425 424)
4(175 196 426 405)
4(195 425 426 196)
4(404 405 426 425)
4(176 197 427 406)
4(196 426 427 197)
4(405 406 427 426)
4(177 198 428 407)
4(197 427 428 198)
4(406 407 428 427)
4(178 199 429 408)
4(198 428 429 199)
4(407 408 429 428)
4(179 200 430 409)
4(199 429 430 200)
4(408 409 430 429)
4(180 201 431 410)
4(200 430 431 201)
4(409 410 431 430)
4(181 202 432 411)
4(201 431 432 202)
4(410 411 432 431)
4(182 203 433 412)
4(202 432 433 203)
4(411 412 433 432)
4(183 204 434 413)
4(203 433 434 204)
4(412 413 434 433)
4(184 205 435 414)
4(204 434 435 205)
4(413 414 435 434)
4(185 206 436 415)
4(205 435 436 206)
4(414 415 436 435)
4(186 207 437 416)
4(206 436 437 207)
4(415 416 437 436)
4(187 2803 4726 2804)
5(207 437 438 2810 208)
5(416 417 2866 438 437)
4(208 2810 4726 2803)
4(417 2804 4726 2866)
4(438 2866 4726 2810)
4(187 2802 4723 2804)
4(4723 2802 6078 2365)
4(6078 2803 4726 2365)
4(4726 2804 4723 2365)
4(190 211 441 420)
4(419 420 441 440)
4(191 212 442 421)
4(420 421 442 441)
4(192 213 443 422)
4(421 422 443 442)
4(193 214 444 423)
4(422 423 444 443)
4(194 215 445 424)
4(423 424 445 444)
4(195 216 446 425)
4(424 425 446 445)
4(196 217 447 426)
4(425 426 447 446)
4(197 218 448 427)
4(426 427 448 447)
4(198 219 449 428)
4(427 428 449 448)
4(199 220 450 429)
4(428 429 450 449)
4(200 221 451 430)
4(429 430 451 450)
4(201 222 452 431)
4(430 431 452 451)
4(202 223 453 432)
4(431 432 453 452)
4(203 224 454 433)
4(432 433 454 453)
4(204 225 455 434)
4(433 434 455 454)
4(205 226 456 435)
4(434 435 456 455)
4(206 227 457 436)
4(435 436 457 456)
4(207 228 458 437)
4(436 437 458 457)
4(208 2809 4730 2810)
5(437 438 2872 459 458)
4(229 2815 4730 2809)
4(438 2810 4730 2872)
4(459 2872 4730 2815)
4(208 2808 4727 2810)
4(4727 2808 6049 2366)
4(6049 2809 4730 2366)
4(4730 2810 4727 2366)
4(231 252 483 462)
4(251 482 483 252)
4(461 462 483 482)
4(232 253 484 463)
4(252 483 484 253)
4(462 463 484 483)
4(233 254 485 464)
4(253 484 485 254)
4(463 464 485 484)
4(234 255 486 465)
4(254 485 486 255)
4(464 465 486 485)
4(235 256 487 466)
4(255 486 487 256)
4(465 466 487 486)
4(236 257 488 467)
4(256 487 488 257)
4(466 467 488 487)
4(237 258 489 468)
4(257 488 489 258)
4(467 468 489 488)
4(238 259 490 469)
4(258 489 490 259)
4(468 469 490 489)
4(239 260 491 470)
4(259 490 491 260)
4(469 470 491 490)
4(240 261 492 471)
4(260 491 492 261)
4(470 471 492 491)
4(241 262 493 472)
4(261 492 493 262)
4(471 472 493 492)
4(242 263 494 473)
4(262 493 494 263)
4(472 473 494 493)
4(243 264 495 474)
4(263 494 495 264)
4(473 474 495 494)
4(244 265 496 475)
4(264 495 496 265)
4(474 475 496 495)
4(245 266 497 476)
4(265 496 497 266)
4(475 476 497 496)
4(246 267 498 477)
4(266 497 498 267)
4(476 477 498 497)
4(247 268 499 478)
4(267 498 499 268)
4(477 478 499 498)
4(248 269 500 479)
4(268 499 500 269)
4(478 479 500 499)
4(249 2818 4733 2819)
5(269 500 501 2825 270)
5(479 480 2882 501 500)
4(270 2825 4733 2818)
4(480 2819 4733 2882)
4(501 2882 4733 2825)
4(249 2818 4696 2817)
4(5947 2817 4696 2367)
4(4696 2818 4733 2367)
4(4733 2819 5947 2367)
4(252 273 504 483)
4(272 503 504 273)
4(482 483 504 503)
4(253 274 505 484)
4(273 504 505 274)
4(483 484 505 504)
4(254 275 506 485)
4(274 505 506 275)
4(484 485 506 505)
4(255 276 507 486)
4(275 506 507 276)
4(485 486 507 506)
4(256 277 508 487)
4(276 507 508 277)
4(486 487 508 507)
4(257 278 509 488)
4(277 508 509 278)
4(487 488 509 508)
4(258 279 510 489)
4(278 509 510 279)
4(488 489 510 509)
4(259 280 511 490)
4(279 510 511 280)
4(489 490 511 510)
4(260 281 512 491)
4(280 511 512 281)
4(490 491 512 511)
4(261 282 513 492)
4(281 512 513 282)
4(491 492 513 512)
4(262 283 514 493)
4(282 513 514 283)
4(492 493 514 513)
4(263 284 515 494)
4(283 514 515 284)
4(493 494 515 514)
4(264 285 516 495)
4(284 515 516 285)
4(494 495 516 515)
4(265 286 517 496)
4(285 516 517 286)
4(495 496 517 516)
4(266 287 518 497)
4(286 517 518 287)
4(496 497 518 517)
4(267 288 519 498)
4(287 518 519 288)
4(497 498 519 518)
4(268 289 520 499)
4(288 519 520 289)
4(498 499 520 519)
4(269 290 521 500)
4(289 520 521 290)
4(499 500 521 520)
4(270 2824 4737 2825)
5(290 521 522 2831 291)
5(500 501 2888 522 521)
4(291 2831 4737 2824)
4(501 2825 4737 2888)
4(522 2888 4737 2831)
4(270 2824 4700 2823)
4(270 2823 4734 2825)
4(4734 2823 4700 2368)
4(4700 2824 4737 2368)
4(4737 2825 4734 2368)
4(273 294 525 504)
4(293 524 525 294)
4(503 504 525 524)
4(274 295 526 505)
4(294 525 526 295)
4(504 505 526 525)
4(275 296 527 506)
4(295 526 527 296)
4(505 506 527 526)
4(276 297 528 507)
4(296 527 528 297)
4(506 507 528 527)
4(277 298 529 508)
4(297 528 529 298)
4(507 508 529 528)
4(278 299 530 509)
4(298 529 530 299)
4(508 509 530 529)
4(279 300 531 510)
4(299 530 531 300)
4(509 510 531 530)
4(280 301 532 511)
4(300 531 532 301)
4(510 511 532 531)
4(281 302 533 512)
4(301 532 533 302)
4(511 512 533 532)
4(282 303 534 513)
4(302 533 534 303)
4(512 513 534 533)
4(283 304 535 514)
4(303 534 535 304)
4(513 514 535 534)
4(284 305 536 515)
4(304 535 536 305)
4(514 515 536 535)
4(285 306 537 516)
4(305 536 537 306)
4(515 516 537 536)
4(286 307 538 517)
4(306 537 538 307)
4(516 517 538 537)
4(287 308 539 518)
4(307 538 539 308)
4(517 518 539 538)
4(288 309 540 519)
4(308 539 540 309)
4(518 519 540 539)
4(289 310 541 520)
4(309 540 541 310)
4(519 520 541 540)
4(290 311 542 521)
4(310 541 542 311)
4(520 521 542 541)
4(291 2830 4741 2831)
5(311 542 543 2837 312)
5(521 522 2894 543 542)
4(312 2837 4741 2830)
4(522 2831 4741 2894)
4(543 2894 4741 2837)
4(291 2830 4704 2829)
4(291 2829 4738 2831)
4(4738 2829 4704 2369)
4(4704 2830 4741 2369)
4(4741 2831 4738 2369)
4(294 315 546 525)
4(314 545 546 315)
4(524 525 546 545)
4(295 316 547 526)
4(315 546 547 316)
4(525 526 547 546)
4(296 317 548 527)
4(316 547 548 317)
4(526 527 548 547)
4(297 318 549 528)
4(317 548 549 318)
4(527 528 549 548)
4(298 319 550 529)
4(318 549 550 319)
4(528 529 550 549)
4(299 320 551 530)
4(319 550 551 320)
4(529 530 551 550)
4(300 321 552 531)
4(320 551 552 321)
4(530 531 552 551)
4(301 322 553 532)
4(321 552 553 322)
4(531 532 553 552)
4(302 323 554 533)
4(322 553 554 323)
4(532 533 554 553)
4(303 324 555 534)
4(323 554 555 324)
4(533 534 555 554)
4(304 325 556 535)
4(324 555 556 325)
4(534 535 556 555)
4(305 326 557 536)
4(325 556 557 326)
4(535 536 557 556)
4(306 327 558 537)
4(326 557 558 327)
4(536 537 558 557)
4(307 328 559 538)
4(327 558 559 328)
4(537 538 559 558)
4(308 329 560 539)
4(328 559 560 329)
4(538 539 560 559)
4(309 330 561 540)
4(329 560 561 330)
4(539 540 561 560)
4(310 331 562 541)
4(330 561 562 331)
4(540 541 562 561)
4(311 332 563 542)
4(331 562 563 332)
4(541 542 563 562)
4(312 2836 4745 2837)
5(332 563 564 2843 333)
5(542 543 2900 564 563)
4(333 2843 4745 2836)
4(543 2837 4745 2900)
4(564 2900 4745 2843)
4(312 2836 4708 2835)
4(312 2835 4742 2837)
4(4742 2835 4708 2370)
4(4708 2836 4745 2370)
4(4745 2837 4742 2370)
4(315 336 567 546)
4(335 566 567 336)
4(545 546 567 566)
4(316 337 568 547)
4(336 567 568 337)
4(546 547 568 567)
4(317 338 569 548)
4(337 568 569 338)
4(547 548 569 568)
4(318 339 570 549)
4(338 569 570 339)
4(548 549 570 569)
4(319 340 571 550)
4(339 570 571 340)
4(549 550 571 570)
4(320 341 572 551)
4(340 571 572 341)
4(550 551 572 571)
4(321 342 573 552)
4(341 572 573 342)
4(551 552 573 572)
4(322 343 574 553)
4(342 573 574 343)
4(552 553 574 573)
4(323 344 575 554)
4(343 574 575 344)
4(553 554 575 574)
4(324 345 576 555)
4(344 575 576 345)
4(554 555 576 575)
4(325 346 577 556)
4(345 576 577 346)
4(555 556 577 576)
4(326 347 578 557)
4(346 577 578 347)
4(556 557 578 577)
4(327 348 579 558)
4(347 578 579 348)
4(557 558 579 578)
4(328 349 580 559)
4(348 579 580 349)
4(558 559 580 579)
4(329 350 581 560)
4(349 580 581 350)
4(559 560 581 580)
4(330 351 582 561)
4(350 581 582 351)
4(560 561 582 581)
4(331 352 583 562)
4(351 582 583 352)
4(561 562 583 582)
4(332 353 584 563)
4(352 583 584 353)
4(562 563 584 583)
4(333 2842 4749 2843)
5(353 584 585 2849 354)
5(563 564 2906 585 584)
4(354 2849 4749 2842)
4(564 2843 4749 2906)
4(585 2906 4749 2849)
4(333 2842 4712 2841)
4(333 2841 4746 2843)
4(4746 2841 4712 2371)
4(4712 2842 4749 2371)
4(4749 2843 4746 2371)
4(336 357 588 567)
4(356 587 588 357)
4(566 567 588 587)
4(337 358 589 568)
4(357 588 589 358)
4(567 568 589 588)
4(338 359 590 569)
4(358 589 590 359)
4(568 569 590 589)
4(339 360 591 570)
4(359 590 591 360)
4(569 570 591 590)
4(340 361 592 571)
4(360 591 592 361)
4(570 571 592 591)
4(341 362 593 572)
4(361 592 593 362)
4(571 572 593 592)
4(342 363 594 573)
4(362 593 594 363)
4(572 573 594 593)
4(343 364 595 574)
4(363 594 595 364)
4(573 574 595 594)
4(344 365 596 575)
4(364 595 596 365)
4(574 575 596 595)
4(345 366 597 576)
4(365 596 597 366)
4(575 576 597 596)
4(346 367 598 577)
4(366 597 598 367)
4(576 577 598 597)
4(347 368 599 578)
4(367 598 599 368)
4(577 578 599 598)
4(348 369 600 579)
4(368 599 600 369)
4(578 579 600 599)
4(349 370 601 580)
4(369 600 601 370)
4(579 580 601 600)
4(350 371 602 581)
4(370 601 602 371)
4(580 581 602 601)
4(351 372 603 582)
4(371 602 603 372)
4(581 582 603 602)
4(352 373 604 583)
4(372 603 604 373)
4(582 583 604 603)
4(353 374 605 584)
4(373 604 605 374)
4(583 584 605 604)
4(354 2848 4753 2849)
5(374 605 606 2855 375)
5(584 585 2911 606 605)
4(375 2855 4753 2848)
4(585 2849 4753 2911)
4(606 2911 4753 2855)
4(354 2848 4716 2847)
4(354 2847 4750 2849)
4(4750 2847 4716 2372)
4(4716 2848 4753 2372)
4(4753 2849 4750 2372)
4(357 378 609 588)
4(377 608 609 378)
4(587 588 609 608)
4(358 379 610 589)
4(378 609 610 379)
4(588 589 610 609)
4(359 380 611 590)
4(379 610 611 380)
4(589 590 611 610)
4(360 381 612 591)
4(380 611 612 381)
4(590 591 612 611)
4(361 382 613 592)
4(381 612 613 382)
4(591 592 613 612)
4(362 383 614 593)
4(382 613 614 383)
4(592 593 614 613)
4(363 384 615 594)
4(383 614 615 384)
4(593 594 615 614)
4(364 385 616 595)
4(384 615 616 385)
4(594 595 616 615)
4(365 386 617 596)
4(385 616 617 386)
4(595 596 617 616)
4(366 387 618 597)
4(386 617 618 387)
4(596 597 618 617)
4(367 388 619 598)
4(387 618 619 388)
4(597 598 619 618)
4(368 389 620 599)
4(388 619 620 389)
4(598 599 620 619)
4(369 390 621 600)
4(389 620 621 390)
4(599 600 621 620)
4(370 391 622 601)
4(390 621 622 391)
4(600 601 622 621)
4(371 392 623 602)
4(391 622 623 392)
4(601 602 623 622)
4(372 393 624 603)
4(392 623 624 393)
4(602 603 624 623)
4(373 394 625 604)
4(393 624 625 394)
4(603 604 625 624)
4(374 395 626 605)
4(394 625 626 395)
4(604 605 626 625)
4(375 2854 4757 2855)
5(395 626 627 2861 396)
5(605 606 2917 627 626)
4(396 2861 4757 2854)
4(606 2855 4757 2917)
4(627 2917 4757 2861)
4(375 2854 4720 2853)
4(375 2853 4754 2855)
4(4754 2853 4720 2373)
4(4720 2854 4757 2373)
4(4757 2855 4754 2373)
4(378 399 630 609)
4(398 629 630 399)
4(608 609 630 629)
4(379 400 631 610)
4(399 630 631 400)
4(609 610 631 630)
4(380 401 632 611)
4(400 631 632 401)
4(610 611 632 631)
4(381 402 633 612)
4(401 632 633 402)
4(611 612 633 632)
4(382 403 634 613)
4(402 633 634 403)
4(612 613 634 633)
4(383 404 635 614)
4(403 634 635 404)
4(613 614 635 634)
4(384 405 636 615)
4(404 635 636 405)
4(614 615 636 635)
4(385 406 637 616)
4(405 636 637 406)
4(615 616 637 636)
4(386 407 638 617)
4(406 637 638 407)
4(616 617 638 637)
4(387 408 639 618)
4(407 638 639 408)
4(617 618 639 638)
4(388 409 640 619)
4(408 639 640 409)
4(618 619 640 639)
4(389 410 641 620)
4(409 640 641 410)
4(619 620 641 640)
4(390 411 642 621)
4(410 641 642 411)
4(620 621 642 641)
4(391 412 643 622)
4(411 642 643 412)
4(621 622 643 642)
4(392 413 644 623)
4(412 643 644 413)
4(622 623 644 643)
4(393 414 645 624)
4(413 644 645 414)
4(623 624 645 644)
4(394 415 646 625)
4(414 645 646 415)
4(624 625 646 645)
4(395 416 647 626)
4(415 646 647 416)
4(625 626 647 646)
4(396 2860 4761 2861)
5(416 647 648 2867 417)
5(626 627 2923 648 647)
4(417 2867 4761 2860)
4(627 2861 4761 2923)
4(648 2923 4761 2867)
4(396 2860 4724 2859)
4(396 2859 4758 2861)
4(4758 2859 4724 2374)
4(4724 2860 4761 2374)
4(4761 2861 4758 2374)
4(399 420 651 630)
4(419 650 651 420)
4(629 630 651 650)
4(400 421 652 631)
4(420 651 652 421)
4(630 631 652 651)
4(401 422 653 632)
4(421 652 653 422)
4(631 632 653 652)
4(402 423 654 633)
4(422 653 654 423)
4(632 633 654 653)
4(403 424 655 634)
4(423 654 655 424)
4(633 634 655 654)
4(404 425 656 635)
4(424 655 656 425)
4(634 635 656 655)
4(405 426 657 636)
4(425 656 657 426)
4(635 636 657 656)
4(406 427 658 637)
4(426 657 658 427)
4(636 637 658 657)
4(407 428 659 638)
4(427 658 659 428)
4(637 638 659 658)
4(408 429 660 639)
4(428 659 660 429)
4(638 639 660 659)
4(409 430 661 640)
4(429 660 661 430)
4(639 640 661 660)
4(410 431 662 641)
4(430 661 662 431)
4(640 641 662 661)
4(411 432 663 642)
4(431 662 663 432)
4(641 642 663 662)
4(412 433 664 643)
4(432 663 664 433)
4(642 643 664 663)
4(413 434 665 644)
4(433 664 665 434)
4(643 644 665 664)
4(414 435 666 645)
4(434 665 666 435)
4(644 645 666 665)
4(415 436 667 646)
4(435 666 667 436)
4(645 646 667 666)
4(416 437 668 647)
4(436 667 668 437)
4(646 647 668 667)
4(417 2866 4765 2867)
5(437 668 669 2873 438)
5(647 648 2929 669 668)
4(438 2873 4765 2866)
4(648 2867 4765 2929)
4(669 2929 4765 2873)
4(417 2866 4728 2865)
4(417 2865 4762 2867)
4(4762 2865 4728 2375)
4(4728 2866 4765 2375)
4(4765 2867 4762 2375)
4(420 441 672 651)
4(650 651 672 671)
4(421 442 673 652)
4(651 652 673 672)
4(422 443 674 653)
4(652 653 674 673)
4(423 444 675 654)
4(653 654 675 674)
4(424 445 676 655)
4(654 655 676 675)
4(425 446 677 656)
4(655 656 677 676)
4(426 447 678 657)
4(656 657 678 677)
4(427 448 679 658)
4(657 658 679 678)
4(428 449 680 659)
4(658 659 680 679)
4(429 450 681 660)
4(659 660 681 680)
4(430 451 682 661)
4(660 661 682 681)
4(431 452 683 662)
4(661 662 683 682)
4(432 453 684 663)
4(662 663 684 683)
4(433 454 685 664)
4(663 664 685 684)
4(434 455 686 665)
4(664 665 686 685)
4(435 456 687 666)
4(665 666 687 686)
4(436 457 688 667)
4(666 667 688 687)
4(437 458 689 668)
4(667 668 689 688)
4(438 2872 4769 2873)
5(668 669 2935 690 689)
4(459 2878 4769 2872)
4(669 2873 4769 2935)
4(690 2935 4769 2878)
4(438 2872 4731 2871)
4(438 2871 4766 2873)
4(4766 2871 4731 2376)
4(4731 2872 4769 2376)
4(4769 2873 4766 2376)
4(462 483 714 693)
4(482 713 714 483)
4(692 693 714 713)
4(463 484 715 694)
4(483 714 715 484)
4(693 694 715 714)
4(464 485 716 695)
4(484 715 716 485)
4(694 695 716 715)
4(465 486 717 696)
4(485 716 717 486)
4(695 696 717 716)
4(466 487 718 697)
4(486 717 718 487)
4(696 697 718 717)
4(467 488 719 698)
4(487 718 719 488)
4(697 698 719 718)
4(468 489 720 699)
4(488 719 720 489)
4(698 699 720 719)
4(469 490 721 700)
4(489 720 721 490)
4(699 700 721 720)
4(470 491 722 701)
4(490 721 722 491)
4(700 701 722 721)
4(471 492 723 702)
4(491 722 723 492)
4(701 702 723 722)
4(472 493 724 703)
4(492 723 724 493)
4(702 703 724 723)
4(473 494 725 704)
4(493 724 725 494)
4(703 704 725 724)
4(474 495 726 705)
4(494 725 726 495)
4(704 705 726 725)
4(475 496 727 706)
4(495 726 727 496)
4(705 706 727 726)
4(476 497 728 707)
4(496 727 728 497)
4(706 707 728 727)
4(477 498 729 708)
4(497 728 729 498)
4(707 708 729 728)
4(478 499 730 709)
4(498 729 730 499)
4(708 709 730 729)
4(479 500 731 710)
4(499 730 731 500)
4(709 710 731 730)
4(480 2882 4772 2883)
5(500 731 732 2889 501)
5(710 711 2945 732 731)
4(501 2889 4772 2882)
4(711 2883 4772 2945)
4(732 2945 4772 2889)
4(480 2882 4735 2881)
4(5967 2881 4735 2377)
4(4735 2882 4772 2377)
4(4772 2883 5967 2377)
4(483 504 735 714)
4(503 734 735 504)
4(713 714 735 734)
4(484 505 736 715)
4(504 735 736 505)
4(714 715 736 735)
4(485 506 737 716)
4(505 736 737 506)
4(715 716 737 736)
4(486 507 738 717)
4(506 737 738 507)
4(716 717 738 737)
4(487 508 739 718)
4(507 738 739 508)
4(717 718 739 738)
4(488 509 740 719)
4(508 739 740 509)
4(718 719 740 739)
4(489 510 741 720)
4(509 740 741 510)
4(719 720 741 740)
4(490 511 742 721)
4(510 741 742 511)
4(720 721 742 741)
4(491 512 743 722)
4(511 742 743 512)
4(721 722 743 742)
4(492 513 744 723)
4(512 743 744 513)
4(722 723 744 743)
4(493 514 745 724)
4(513 744 745 514)
4(723 724 745 744)
4(494 515 746 725)
4(514 745 746 515)
4(724 725 746 745)
4(495 516 747 726)
4(515 746 747 516)
4(725 726 747 746)
4(496 517 748 727)
4(516 747 748 517)
4(726 727 748 747)
4(497 518 749 728)
4(517 748 749 518)
4(727 728 749 748)
4(498 519 750 729)
4(518 749 750 519)
4(728 729 750 749)
4(499 520 751 730)
4(519 750 751 520)
4(729 730 751 750)
4(500 521 752 731)
4(520 751 752 521)
4(730 731 752 751)
4(501 2888 4776 2889)
5(521 752 753 2895 522)
5(731 732 2951 753 752)
4(522 2895 4776 2888)
4(732 2889 4776 2951)
4(753 2951 4776 2895)
4(501 2888 4739 2887)
4(501 2887 4773 2889)
4(4773 2887 4739 2378)
4(4739 2888 4776 2378)
4(4776 2889 4773 2378)
4(504 525 756 735)
4(524 755 756 525)
4(734 735 756 755)
4(505 526 757 736)
4(525 756 757 526)
4(735 736 757 756)
4(506 527 758 737)
4(526 757 758 527)
4(736 737 758 757)
4(507 528 759 738)
4(527 758 759 528)
4(737 738 759 758)
4(508 529 760 739)
4(528 759 760 529)
4(738 739 760 759)
4(509 530 761 740)
4(529 760 761 530)
4(739 740 761 760)
4(510 531 762 741)
4(530 761 762 531)
4(740 741 762 761)
4(511 532 763 742)
4(531 762 763 532)
4(741 742 763 762)
4(512 533 764 743)
4(532 763 764 533)
4(742 743 764 763)
4(513 534 765 744)
4(533 764 765 534)
4(743 744 765 764)
4(514 535 766 745)
4(534 765 766 535)
4(744 745 766 765)
4(515 536 767 746)
4(535 766 767 536)
4(745 746 767 766)
4(516 537 768 747)
4(536 767 768 537)
4(746 747 768 767)
4(517 538 769 748)
4(537 768 769 538)
4(747 748 769 768)
4(518 539 770 749)
4(538 769 770 539)
4(748 749 770 769)
4(519 540 771 750)
4(539 770 771 540)
4(749 750 771 770)
4(520 541 772 751)
4(540 771 772 541)
4(750 751 772 771)
4(521 542 773 752)
4(541 772 773 542)
4(751 752 773 772)
4(522 2894 4780 2895)
5(542 773 774 2901 543)
5(752 753 2957 774 773)
4(543 2901 4780 2894)
4(753 2895 4780 2957)
4(774 2957 4780 2901)
4(522 2894 4743 2893)
4(522 2893 4777 2895)
4(4777 2893 4743 2379)
4(4743 2894 4780 2379)
4(4780 2895 4777 2379)
4(525 546 777 756)
4(545 776 777 546)
4(755 756 777 776)
4(526 547 778 757)
4(546 777 778 547)
4(756 757 778 777)
4(527 548 779 758)
4(547 778 779 548)
4(757 758 779 778)
4(528 549 780 759)
4(548 779 780 549)
4(758 759 780 779)
4(529 550 781 760)
4(549 780 781 550)
4(759 760 781 780)
4(530 551 782 761)
4(550 781 782 551)
4(760 761 782 781)
4(531 552 783 762)
4(551 782 783 552)
4(761 762 783 782)
4(532 553 784 763)
4(552 783 784 553)
4(762 763 784 783)
4(533 554 785 764)
4(553 784 785 554)
4(763 764 785 784)
4(534 555 786 765)
4(554 785 786 555)
4(764 765 786 785)
4(535 556 787 766)
4(555 786 787 556)
4(765 766 787 786)
4(536 557 788 767)
4(556 787 788 557)
4(766 767 788 787)
4(537 558 789 768)
4(557 788 789 558)
4(767 768 789 788)
4(538 559 790 769)
4(558 789 790 559)
4(768 769 790 789)
4(539 560 791 770)
4(559 790 791 560)
4(769 770 791 790)
4(540 561 792 771)
4(560 791 792 561)
4(770 771 792 791)
4(541 562 793 772)
4(561 792 793 562)
4(771 772 793 792)
4(542 563 794 773)
4(562 793 794 563)
4(772 773 794 793)
4(543 2900 6289 2901)
5(563 794 795 6271 564)
5(773 774 6272 795 794)
4(564 6271 6289 2900)
4(774 2901 6289 6272)
4(795 6272 6289 6271)
4(543 2900 4747 2899)
4(543 2899 4781 2901)
4(4781 2899 4747 6267)
4(4747 2900 6289 6267)
4(6289 2901 4781 6267)
4(546 567 798 777)
4(566 797 798 567)
4(776 777 798 797)
4(547 568 799 778)
4(567 798 799 568)
4(777 778 799 798)
4(548 569 800 779)
4(568 799 800 569)
4(778 779 800 799)
4(549 570 801 780)
4(569 800 801 570)
4(779 780 801 800)
4(550 571 802 781)
4(570 801 802 571)
4(780 781 802 801)
4(551 572 803 782)
4(571 802 803 572)
4(781 782 803 802)
4(552 573 804 783)
4(572 803 804 573)
4(782 783 804 803)
4(553 574 805 784)
4(573 804 805 574)
4(783 784 805 804)
4(554 575 806 785)
4(574 805 806 575)
4(784 785 806 805)
4(555 576 807 786)
4(575 806 807 576)
4(785 786 807 806)
4(556 577 808 787)
4(576 807 808 577)
4(786 787 808 807)
4(557 578 809 788)
4(577 808 809 578)
4(787 788 809 808)
4(558 579 810 789)
4(578 809 810 579)
4(788 789 810 809)
4(559 580 811 790)
4(579 810 811 580)
4(789 790 811 810)
4(560 581 812 791)
4(580 811 812 581)
4(790 791 812 811)
4(561 582 813 792)
4(581 812 813 582)
4(791 792 813 812)
4(562 583 814 793)
4(582 813 814 583)
4(792 793 814 813)
4(563 584 815 794)
4(583 814 815 584)
4(793 794 815 814)
4(564 2906 6465 6271)
5(584 815 816 2912 585)
5(794 795 6363 816 815)
4(585 2912 6465 2906)
4(795 6271 6465 6363)
4(816 6363 6465 2912)
4(564 2906 4751 2905)
4(564 2905 6290 6271)
4(6290 2905 4751 6310)
4(4751 2906 6465 6310)
4(6465 6271 6290 6310)
4(567 588 819 798)
4(587 818 819 588)
4(797 798 819 818)
4(568 589 820 799)
4(588 819 820 589)
4(798 799 820 819)
4(569 590 821 800)
4(589 820 821 590)
4(799 800 821 820)
4(570 591 822 801)
4(590 821 822 591)
4(800 801 822 821)
4(571 592 823 802)
4(591 822 823 592)
4(801 802 823 822)
4(572 593 824 803)
4(592 823 824 593)
4(802 803 824 823)
4(573 594 825 804)
4(593 824 825 594)
4(803 804 825 824)
4(574 595 826 805)
4(594 825 826 595)
4(804 805 826 825)
4(575 596 827 806)
4(595 826 827 596)
4(805 806 827 826)
4(576 597 828 807)
4(596 827 828 597)
4(806 807 828 827)
4(577 598 829 808)
4(597 828 829 598)
4(807 808 829 828)
4(578 599 830 809)
4(598 829 830 599)
4(808 809 830 829)
4(579 600 831 810)
4(599 830 831 600)
4(809 810 831 830)
4(580 601 832 811)
4(600 831 832 601)
4(810 811 832 831)
4(581 602 833 812)
4(601 832 833 602)
4(811 812 833 832)
4(582 603 834 813)
4(602 833 834 603)
4(812 813 834 833)
4(583 604 835 814)
4(603 834 835 604)
4(813 814 835 834)
4(584 605 836 815)
4(604 835 836 605)
4(814 815 836 835)
4(585 2911 4786 2912)
5(605 836 837 2918 606)
5(815 816 2970 837 836)
4(606 2918 4786 2911)
4(816 2912 4786 2970)
4(837 2970 4786 2918)
4(585 2911 4755 2910)
4(4785 2910 4755 2380)
4(4755 2911 4786 2380)
4(4786 2912 4785 2380)
4(585 2910 4785 2912)
4(588 609 840 819)
4(608 839 840 609)
4(818 819 840 839)
4(589 610 841 820)
4(609 840 841 610)
4(819 820 841 840)
4(590 611 842 821)
4(610 841 842 611)
4(820 821 842 841)
4(591 612 843 822)
4(611 842 843 612)
4(821 822 843 842)
4(592 613 844 823)
4(612 843 844 613)
4(822 823 844 843)
4(593 614 845 824)
4(613 844 845 614)
4(823 824 845 844)
4(594 615 846 825)
4(614 845 846 615)
4(824 825 846 845)
4(595 616 847 826)
4(615 846 847 616)
4(825 826 847 846)
4(596 617 848 827)
4(616 847 848 617)
4(826 827 848 847)
4(597 618 849 828)
4(617 848 849 618)
4(827 828 849 848)
4(598 619 850 829)
4(618 849 850 619)
4(828 829 850 849)
4(599 620 851 830)
4(619 850 851 620)
4(829 830 851 850)
4(600 621 852 831)
4(620 851 852 621)
4(830 831 852 851)
4(601 622 853 832)
4(621 852 853 622)
4(831 832 853 852)
4(602 623 854 833)
4(622 853 854 623)
4(832 833 854 853)
4(603 624 855 834)
4(623 854 855 624)
4(833 834 855 854)
4(604 625 856 835)
4(624 855 856 625)
4(834 835 856 855)
4(605 626 857 836)
4(625 856 857 626)
4(835 836 857 856)
4(606 2917 4790 2918)
5(626 857 858 2924 627)
5(836 837 2976 858 857)
4(627 2924 4790 2917)
4(837 2918 4790 2976)
4(858 2976 4790 2924)
4(606 2917 4759 2916)
4(606 2916 4787 2918)
4(4787 2916 4759 2381)
4(4759 2917 4790 2381)
4(4790 2918 4787 2381)
4(609 630 861 840)
4(629 860 861 630)
4(839 840 861 860)
4(610 631 862 841)
4(630 861 862 631)
4(840 841 862 861)
4(611 632 863 842)
4(631 862 863 632)
4(841 842 863 862)
4(612 633 864 843)
4(632 863 864 633)
4(842 843 864 863)
4(613 634 865 844)
4(633 864 865 634)
4(843 844 865 864)
4(614 635 866 845)
4(634 865 866 635)
4(844 845 866 865)
4(615 636 867 846)
4(635 866 867 636)
4(845 846 867 866)
4(616 637 868 847)
4(636 867 868 637)
4(846 847 868 867)
4(617 638 869 848)
4(637 868 869 638)
4(847 848 869 868)
4(618 639 870 849)
4(638 869 870 639)
4(848 849 870 869)
4(619 640 871 850)
4(639 870 871 640)
4(849 850 871 870)
4(620 641 872 851)
4(640 871 872 641)
4(850 851 872 871)
4(621 642 873 852)
4(641 872 873 642)
4(851 852 873 872)
4(622 643 874 853)
4(642 873 874 643)
4(852 853 874 873)
4(623 644 875 854)
4(643 874 875 644)
4(853 854 875 874)
4(624 645 876 855)
4(644 875 876 645)
4(854 855 876 875)
4(625 646 877 856)
4(645 876 877 646)
4(855 856 877 876)
4(626 647 878 857)
4(646 877 878 647)
4(856 857 878 877)
4(627 2923 4794 2924)
5(647 878 879 2930 648)
5(857 858 2982 879 878)
4(648 2930 4794 2923)
4(858 2924 4794 2982)
4(879 2982 4794 2930)
4(627 2923 4763 2922)
4(627 2922 4791 2924)
4(4791 2922 4763 2382)
4(4763 2923 4794 2382)
4(4794 2924 4791 2382)
4(630 651 882 861)
4(650 881 882 651)
4(860 861 882 881)
4(631 652 883 862)
4(651 882 883 652)
4(861 862 883 882)
4(632 653 884 863)
4(652 883 884 653)
4(862 863 884 883)
4(633 654 885 864)
4(653 884 885 654)
4(863 864 885 884)
4(634 655 886 865)
4(654 885 886 655)
4(864 865 886 885)
4(635 656 887 866)
4(655 886 887 656)
4(865 866 887 886)
4(636 657 888 867)
4(656 887 888 657)
4(866 867 888 887)
4(637 658 889 868)
4(657 888 889 658)
4(867 868 889 888)
4(638 659 890 869)
4(658 889 890 659)
4(868 869 890 889)
4(639 660 891 870)
4(659 890 891 660)
4(869 870 891 890)
4(640 661 892 871)
4(660 891 892 661)
4(870 871 892 891)
4(641 662 893 872)
4(661 892 893 662)
4(871 872 893 892)
4(642 663 894 873)
4(662 893 894 663)
4(872 873 894 893)
4(643 664 895 874)
4(663 894 895 664)
4(873 874 895 894)
4(644 665 896 875)
4(664 895 896 665)
4(874 875 896 895)
4(645 666 897 876)
4(665 896 897 666)
4(875 876 897 896)
4(646 667 898 877)
4(666 897 898 667)
4(876 877 898 897)
4(647 668 899 878)
4(667 898 899 668)
4(877 878 899 898)
4(648 2929 4798 2930)
5(668 899 900 2936 669)
5(878 879 2988 900 899)
4(669 2936 4798 2929)
4(879 2930 4798 2988)
4(900 2988 4798 2936)
4(648 2929 4767 2928)
4(648 2928 4795 2930)
4(4795 2928 4767 2383)
4(4767 2929 4798 2383)
4(4798 2930 4795 2383)
4(651 672 903 882)
4(881 882 903 902)
4(652 673 904 883)
4(882 883 904 903)
4(653 674 905 884)
4(883 884 905 904)
4(654 675 906 885)
4(884 885 906 905)
4(655 676 907 886)
4(885 886 907 906)
4(656 677 908 887)
4(886 887 908 907)
4(657 678 909 888)
4(887 888 909 908)
4(658 679 910 889)
4(888 889 910 909)
4(659 680 911 890)
4(889 890 911 910)
4(660 681 912 891)
4(890 891 912 911)
4(661 682 913 892)
4(891 892 913 912)
4(662 683 914 893)
4(892 893 914 913)
4(663 684 915 894)
4(893 894 915 914)
4(664 685 916 895)
4(894 895 916 915)
4(665 686 917 896)
4(895 896 917 916)
4(666 687 918 897)
4(896 897 918 917)
4(667 688 919 898)
4(897 898 919 918)
4(668 689 920 899)
4(898 899 920 919)
4(669 2935 4802 2936)
5(899 900 2994 921 920)
4(690 2941 4802 2935)
4(900 2936 4802 2994)
4(921 2994 4802 2941)
4(669 2935 4770 2934)
4(669 2934 4799 2936)
4(4799 2934 4770 2384)
4(4770 2935 4802 2384)
4(4802 2936 4799 2384)
4(693 714 945 924)
4(713 944 945 714)
4(923 924 945 944)
4(694 715 946 925)
4(714 945 946 715)
4(924 925 946 945)
4(695 716 947 926)
4(715 946 947 716)
4(925 926 947 946)
4(696 717 948 927)
4(716 947 948 717)
4(926 927 948 947)
4(697 718 949 928)
4(717 948 949 718)
4(927 928 949 948)
4(698 719 950 929)
4(718 949 950 719)
4(928 929 950 949)
4(699 720 951 930)
4(719 950 951 720)
4(929 930 951 950)
4(700 721 952 931)
4(720 951 952 721)
4(930 931 952 951)
4(701 722 953 932)
4(721 952 953 722)
4(931 932 953 952)
4(702 723 954 933)
4(722 953 954 723)
4(932 933 954 953)
4(703 724 955 934)
4(723 954 955 724)
4(933 934 955 954)
4(704 725 956 935)
4(724 955 956 725)
4(934 935 956 955)
4(705 726 957 936)
4(725 956 957 726)
4(935 936 957 956)
4(706 727 958 937)
4(726 957 958 727)
4(936 937 958 957)
4(707 728 959 938)
4(727 958 959 728)
4(937 938 959 958)
4(708 729 960 939)
4(728 959 960 729)
4(938 939 960 959)
4(709 730 961 940)
4(729 960 961 730)
4(939 940 961 960)
4(710 731 962 941)
4(730 961 962 731)
4(940 941 962 961)
4(711 2945 4805 2946)
5(731 962 963 2952 732)
5(941 942 3004 963 962)
4(732 2952 4805 2945)
4(942 2946 4805 3004)
4(963 3004 4805 2952)
4(711 2945 4774 2944)
4(5982 2944 4774 2385)
4(4774 2945 4805 2385)
4(4805 2946 5982 2385)
4(714 735 966 945)
4(734 965 966 735)
4(944 945 966 965)
4(715 736 967 946)
4(735 966 967 736)
4(945 946 967 966)
4(716 737 968 947)
4(736 967 968 737)
4(946 947 968 967)
4(717 738 969 948)
4(737 968 969 738)
4(947 948 969 968)
4(718 739 970 949)
4(738 969 970 739)
4(948 949 970 969)
4(719 740 971 950)
4(739 970 971 740)
4(949 950 971 970)
4(720 741 972 951)
4(740 971 972 741)
4(950 951 972 971)
4(721 742 973 952)
4(741 972 973 742)
4(951 952 973 972)
4(722 743 974 953)
4(742 973 974 743)
4(952 953 974 973)
4(723 744 975 954)
4(743 974 975 744)
4(953 954 975 974)
4(724 745 976 955)
4(744 975 976 745)
4(954 955 976 975)
4(725 746 977 956)
4(745 976 977 746)
4(955 956 977 976)
4(726 747 978 957)
4(746 977 978 747)
4(956 957 978 977)
4(727 748 979 958)
4(747 978 979 748)
4(957 958 979 978)
4(728 749 980 959)
4(748 979 980 749)
4(958 959 980 979)
4(729 750 981 960)
4(749 980 981 750)
4(959 960 981 980)
4(730 751 982 961)
4(750 981 982 751)
4(960 961 982 981)
4(731 752 983 962)
4(751 982 983 752)
4(961 962 983 982)
4(732 2951 4809 2952)
5(752 983 984 2958 753)
5(962 963 3010 984 983)
4(753 2958 4809 2951)
4(963 2952 4809 3010)
4(984 3010 4809 2958)
4(732 2951 4778 2950)
4(732 2950 4806 2952)
4(4806 2950 4778 2386)
4(4778 2951 4809 2386)
4(4809 2952 4806 2386)
4(735 756 987 966)
4(755 986 987 756)
4(965 966 987 986)
4(736 757 988 967)
4(756 987 988 757)
4(966 967 988 987)
4(737 758 989 968)
4(757 988 989 758)
4(967 968 989 988)
4(738 759 990 969)
4(758 989 990 759)
4(968 969 990 989)
4(739 760 991 970)
4(759 990 991 760)
4(969 970 991 990)
4(740 761 992 971)
4(760 991 992 761)
4(970 971 992 991)
4(741 762 993 972)
4(761 992 993 762)
4(971 972 993 992)
4(742 763 994 973)
4(762 993 994 763)
4(972 973 994 993)
4(743 764 995 974)
4(763 994 995 764)
4(973 974 995 994)
4(744 765 996 975)
4(764 995 996 765)
4(974 975 996 995)
4(745 766 997 976)
4(765 996 997 766)
4(975 976 997 996)
4(746 767 998 977)
4(766 997 998 767)
4(976 977 998 997)
4(747 768 999 978)
4(767 998 999 768)
4(977 978 999 998)
4(748 769 1000 979)
4(768 999 1000 769)
4(978 979 1000 999)
4(749 770 1001 980)
4(769 1000 1001 770)
4(979 980 1001 1000)
4(750 771 1002 981)
4(770 1001 1002 771)
4(980 981 1002 1001)
4(751 772 1003 982)
4(771 1002 1003 772)
4(981 982 1003 1002)
4(752 773 1004 983)
4(772 1003 1004 773)
4(982 983 1004 1003)
4(753 2957 4813 2958)
5(773 1004 1005 2963 774)
5(983 984 3016 1005 1004)
4(774 2963 4813 2957)
4(984 2958 4813 3016)
4(1005 3016 4813 2963)
4(753 2957 4782 2956)
4(753 2956 4810 2958)
4(4810 2956 4782 2387)
4(4782 2957 4813 2387)
4(4813 2958 4810 2387)
4(756 777 1008 987)
4(776 1007 1008 777)
4(986 987 1008 1007)
4(757 778 1009 988)
4(777 1008 1009 778)
4(987 988 1009 1008)
4(758 779 1010 989)
4(778 1009 1010 779)
4(988 989 1010 1009)
4(759 780 1011 990)
4(779 1010 1011 780)
4(989 990 1011 1010)
4(760 781 1012 991)
4(780 1011 1012 781)
4(990 991 1012 1011)
4(761 782 1013 992)
4(781 1012 1013 782)
4(991 992 1013 1012)
4(762 783 1014 993)
4(782 1013 1014 783)
4(992 993 1014 1013)
4(763 784 1015 994)
4(783 1014 1015 784)
4(993 994 1015 1014)
4(764 785 1016 995)
4(784 1015 1016 785)
4(994 995 1016 1015)
4(765 786 1017 996)
4(785 1016 1017 786)
4(995 996 1017 1016)
4(766 787 1018 997)
4(786 1017 1018 787)
4(996 997 1018 1017)
4(767 788 1019 998)
4(787 1018 1019 788)
4(997 998 1019 1018)
4(768 789 1020 999)
4(788 1019 1020 789)
4(998 999 1020 1019)
4(769 790 1021 1000)
4(789 1020 1021 790)
4(999 1000 1021 1020)
4(770 791 1022 1001)
4(790 1021 1022 791)
4(1000 1001 1022 1021)
4(771 792 1023 1002)
4(791 1022 1023 792)
4(1001 1002 1023 1022)
4(772 793 1024 1003)
4(792 1023 1024 793)
4(1002 1003 1024 1023)
4(773 794 1025 1004)
4(793 1024 1025 794)
4(1003 1004 1025 1024)
4(774 6272 6468 2963)
5(794 1025 1026 6364 795)
5(1004 1005 3022 1026 1025)
4(795 6364 6468 6272)
4(1005 2963 6468 3022)
4(1026 3022 6468 6364)
4(774 2962 4814 2963)
4(774 6272 6291 2962)
4(4814 2962 6291 6311)
4(6291 6272 6468 6311)
4(6468 2963 4814 6311)
4(777 798 1029 1008)
4(797 1028 1029 798)
4(1007 1008 1029 1028)
4(778 799 1030 1009)
4(798 1029 1030 799)
4(1008 1009 1030 1029)
4(779 800 1031 1010)
4(799 1030 1031 800)
4(1009 1010 1031 1030)
4(780 801 1032 1011)
4(800 1031 1032 801)
4(1010 1011 1032 1031)
4(781 802 1033 1012)
4(801 1032 1033 802)
4(1011 1012 1033 1032)
4(782 803 1034 1013)
4(802 1033 1034 803)
4(1012 1013 1034 1033)
4(783 804 1035 1014)
4(803 1034 1035 804)
4(1013 1014 1035 1034)
4(784 805 1036 1015)
4(804 1035 1036 805)
4(1014 1015 1036 1035)
4(785 806 1037 1016)
4(805 1036 1037 806)
4(1015 1016 1037 1036)
4(786 807 1038 1017)
4(806 1037 1038 807)
4(1016 1017 1038 1037)
4(787 808 1039 1018)
4(807 1038 1039 808)
4(1017 1018 1039 1038)
4(788 809 1040 1019)
4(808 1039 1040 809)
4(1018 1019 1040 1039)
4(789 810 1041 1020)
4(809 1040 1041 810)
4(1019 1020 1041 1040)
4(790 811 1042 1021)
4(810 1041 1042 811)
4(1020 1021 1042 1041)
4(791 812 1043 1022)
4(811 1042 1043 812)
4(1021 1022 1043 1042)
4(792 813 1044 1023)
4(812 1043 1044 813)
4(1022 1023 1044 1043)
4(793 814 1045 1024)
4(813 1044 1045 814)
4(1023 1024 1045 1044)
4(794 815 1046 1025)
4(814 1045 1046 815)
4(1024 1025 1046 1045)
4(795 6363 6470 6364)
5(815 1046 1047 2971 816)
5(1025 1026 3028 1047 1046)
4(816 2971 6470 6363)
4(1026 6364 6470 3028)
4(1047 3028 6470 2971)
4(795 6363 6466 6273)
4(795 6273 6469 6364)
4(6469 6273 6466 6312)
4(6466 6363 6470 6312)
4(6470 6364 6469 6312)
4(798 819 1050 1029)
4(818 1049 1050 819)
4(1028 1029 1050 1049)
4(799 820 1051 1030)
4(819 1050 1051 820)
4(1029 1030 1051 1050)
4(800 821 1052 1031)
4(820 1051 1052 821)
4(1030 1031 1052 1051)
4(801 822 1053 1032)
4(821 1052 1053 822)
4(1031 1032 1053 1052)
4(802 823 1054 1033)
4(822 1053 1054 823)
4(1032 1033 1054 1053)
4(803 824 1055 1034)
4(823 1054 1055 824)
4(1033 1034 1055 1054)
4(804 825 1056 1035)
4(824 1055 1056 825)
4(1034 1035 1056 1055)
4(805 826 1057 1036)
4(825 1056 1057 826)
4(1035 1036 1057 1056)
4(806 827 1058 1037)
4(826 1057 1058 827)
4(1036 1037 1058 1057)
4(807 828 1059 1038)
4(827 1058 1059 828)
4(1037 1038 1059 1058)
4(808 829 1060 1039)
4(828 1059 1060 829)
4(1038 1039 1060 1059)
4(809 830 1061 1040)
4(829 1060 1061 830)
4(1039 1040 1061 1060)
4(810 831 1062 1041)
4(830 1061 1062 831)
4(1040 1041 1062 1061)
4(811 832 1063 1042)
4(831 1062 1063 832)
4(1041 1042 1063 1062)
4(812 833 1064 1043)
4(832 1063 1064 833)
4(1042 1043 1064 1063)
4(813 834 1065 1044)
4(833 1064 1065 834)
4(1043 1044 1065 1064)
4(814 835 1066 1045)
4(834 1065 1066 835)
4(1044 1045 1066 1065)
4(815 836 1067 1046)
4(835 1066 1067 836)
4(1045 1046 1067 1066)
4(816 2970 4821 2971)
5(836 1067 1068 2977 837)
5(1046 1047 3034 1068 1067)
4(837 2977 4821 2970)
4(1047 2971 4821 3034)
4(1068 3034 4821 2977)
4(816 2970 4788 2969)
4(4819 2969 4788 2388)
4(4788 2970 4821 2388)
4(4821 2971 4819 2388)
4(816 2969 4819 2971)
4(819 840 1071 1050)
4(839 1070 1071 840)
4(1049 1050 1071 1070)
4(820 841 1072 1051)
4(840 1071 1072 841)
4(1050 1051 1072 1071)
4(821 842 1073 1052)
4(841 1072 1073 842)
4(1051 1052 1073 1072)
4(822 843 1074 1053)
4(842 1073 1074 843)
4(1052 1053 1074 1073)
4(823 844 1075 1054)
4(843 1074 1075 844)
4(1053 1054 1075 1074)
4(824 845 1076 1055)
4(844 1075 1076 845)
4(1054 1055 1076 1075)
4(825 846 1077 1056)
4(845 1076 1077 846)
4(1055 1056 1077 1076)
4(826 847 1078 1057)
4(846 1077 1078 847)
4(1056 1057 1078 1077)
4(827 848 1079 1058)
4(847 1078 1079 848)
4(1057 1058 1079 1078)
4(828 849 1080 1059)
4(848 1079 1080 849)
4(1058 1059 1080 1079)
4(829 850 1081 1060)
4(849 1080 1081 850)
4(1059 1060 1081 1080)
4(830 851 1082 1061)
4(850 1081 1082 851)
4(1060 1061 1082 1081)
4(831 852 1083 1062)
4(851 1082 1083 852)
4(1061 1062 1083 1082)
4(832 853 1084 1063)
4(852 1083 1084 853)
4(1062 1063 1084 1083)
4(833 854 1085 1064)
4(853 1084 1085 854)
4(1063 1064 1085 1084)
4(834 855 1086 1065)
4(854 1085 1086 855)
4(1064 1065 1086 1085)
4(835 856 1087 1066)
4(855 1086 1087 856)
4(1065 1066 1087 1086)
4(836 857 1088 1067)
4(856 1087 1088 857)
4(1066 1067 1088 1087)
4(837 2976 4825 2977)
5(857 1088 1089 2983 858)
5(1067 1068 3040 1089 1088)
4(858 2983 4825 2976)
4(1068 2977 4825 3040)
4(1089 3040 4825 2983)
4(837 2976 4792 2975)
4(837 2975 4822 2977)
4(4822 2975 4792 2389)
4(4792 2976 4825 2389)
4(4825 2977 4822 2389)
4(840 861 1092 1071)
4(860 1091 1092 861)
4(1070 1071 1092 1091)
4(841 862 1093 1072)
4(861 1092 1093 862)
4(1071 1072 1093 1092)
4(842 863 1094 1073)
4(862 1093 1094 863)
4(1072 1073 1094 1093)
4(843 864 1095 1074)
4(863 1094 1095 864)
4(1073 1074 1095 1094)
4(844 865 1096 1075)
4(864 1095 1096 865)
4(1074 1075 1096 1095)
4(845 866 1097 1076)
4(865 1096 1097 866)
4(1075 1076 1097 1096)
4(846 867 1098 1077)
4(866 1097 1098 867)
4(1076 1077 1098 1097)
4(847 868 1099 1078)
4(867 1098 1099 868)
4(1077 1078 1099 1098)
4(848 869 1100 1079)
4(868 1099 1100 869)
4(1078 1079 1100 1099)
4(849 870 1101 1080)
4(869 1100 1101 870)
4(1079 1080 1101 1100)
4(850 871 1102 1081)
4(870 1101 1102 871)
4(1080 1081 1102 1101)
4(851 872 1103 1082)
4(871 1102 1103 872)
4(1081 1082 1103 1102)
4(852 873 1104 1083)
4(872 1103 1104 873)
4(1082 1083 1104 1103)
4(853 874 1105 1084)
4(873 1104 1105 874)
4(1083 1084 1105 1104)
4(854 875 1106 1085)
4(874 1105 1106 875)
4(1084 1085 1106 1105)
4(855 876 1107 1086)
4(875 1106 1107 876)
4(1085 1086 1107 1106)
4(856 877 1108 1087)
4(876 1107 1108 877)
4(1086 1087 1108 1107)
4(857 878 1109 1088)
4(877 1108 1109 878)
4(1087 1088 1109 1108)
4(858 2982 4829 2983)
5(878 1109 1110 2989 879)
5(1088 1089 3046 1110 1109)
4(879 2989 4829 2982)
4(1089 2983 4829 3046)
4(1110 3046 4829 2989)
4(858 2982 4796 2981)
4(858 2981 4826 2983)
4(4826 2981 4796 2390)
4(4796 2982 4829 2390)
4(4829 2983 4826 2390)
4(861 882 1113 1092)
4(881 1112 1113 882)
4(1091 1092 1113 1112)
4(862 883 1114 1093)
4(882 1113 1114 883)
4(1092 1093 1114 1113)
4(863 884 1115 1094)
4(883 1114 1115 884)
4(1093 1094 1115 1114)
4(864 885 1116 1095)
4(884 1115 1116 885)
4(1094 1095 1116 1115)
4(865 886 1117 1096)
4(885 1116 1117 886)
4(1095 1096 1117 1116)
4(866 887 1118 1097)
4(886 1117 1118 887)
4(1096 1097 1118 1117)
4(867 888 1119 1098)
4(887 1118 1119 888)
4(1097 1098 1119 1118)
4(868 889 1120 1099)
4(888 1119 1120 889)
4(1098 1099 1120 1119)
4(869 890 1121 1100)
4(889 1120 1121 890)
4(1099 1100 1121 1120)
4(870 891 1122 1101)
4(890 1121 1122 891)
4(1100 1101 1122 1121)
4(871 892 1123 1102)
4(891 1122 1123 892)
4(1101 1102 1123 1122)
4(872 893 1124 1103)
4(892 1123 1124 893)
4(1102 1103 1124 1123)
4(873 894 1125 1104)
4(893 1124 1125 894)
4(1103 1104 1125 1124)
4(874 895 1126 1105)
4(894 1125 1126 895)
4(1104 1105 1126 1125)
4(875 896 1127 1106)
4(895 1126 1127 896)
4(1105 1106 1127 1126)
4(876 897 1128 1107)
4(896 1127 1128 897)
4(1106 1107 1128 1127)
4(877 898 1129 1108)
4(897 1128 1129 898)
4(1107 1108 1129 1128)
4(878 899 1130 1109)
4(898 1129 1130 899)
4(1108 1109 1130 1129)
4(879 2988 4833 2989)
5(899 1130 1131 2995 900)
5(1109 1110 3052 1131 1130)
4(900 2995 4833 2988)
4(1110 2989 4833 3052)
4(1131 3052 4833 2995)
4(879 2988 4800 2987)
4(879 2987 4830 2989)
4(4830 2987 4800 2391)
4(4800 2988 4833 2391)
4(4833 2989 4830 2391)
4(882 903 1134 1113)
4(1112 1113 1134 1133)
4(883 904 1135 1114)
4(1113 1114 1135 1134)
4(884 905 1136 1115)
4(1114 1115 1136 1135)
4(885 906 1137 1116)
4(1115 1116 1137 1136)
4(886 907 1138 1117)
4(1116 1117 1138 1137)
4(887 908 1139 1118)
4(1117 1118 1139 1138)
4(888 909 1140 1119)
4(1118 1119 1140 1139)
4(889 910 1141 1120)
4(1119 1120 1141 1140)
4(890 911 1142 1121)
4(1120 1121 1142 1141)
4(891 912 1143 1122)
4(1121 1122 1143 1142)
4(892 913 1144 1123)
4(1122 1123 1144 1143)
4(893 914 1145 1124)
4(1123 1124 1145 1144)
4(894 915 1146 1125)
4(1124 1125 1146 1145)
4(895 916 1147 1126)
4(1125 1126 1147 1146)
4(896 917 1148 1127)
4(1126 1127 1148 1147)
4(897 918 1149 1128)
4(1127 1128 1149 1148)
4(898 919 1150 1129)
4(1128 1129 1150 1149)
4(899 920 1151 1130)
4(1129 1130 1151 1150)
4(900 2994 4837 2995)
5(1130 1131 3058 1152 1151)
4(921 3000 4837 2994)
4(1131 2995 4837 3058)
4(1152 3058 4837 3000)
4(900 2994 4803 2993)
4(900 2993 4834 2995)
4(4834 2993 4803 2392)
4(4803 2994 4837 2392)
4(4837 2995 4834 2392)
4(924 945 1176 1155)
4(944 1175 1176 945)
4(1154 1155 1176 1175)
4(925 946 1177 1156)
4(945 1176 1177 946)
4(1155 1156 1177 1176)
4(926 947 1178 1157)
4(946 1177 1178 947)
4(1156 1157 1178 1177)
4(927 948 1179 1158)
4(947 1178 1179 948)
4(1157 1158 1179 1178)
4(928 949 1180 1159)
4(948 1179 1180 949)
4(1158 1159 1180 1179)
4(929 950 1181 1160)
4(949 1180 1181 950)
4(1159 1160 1181 1180)
4(930 951 1182 1161)
4(950 1181 1182 951)
4(1160 1161 1182 1181)
4(931 952 1183 1162)
4(951 1182 1183 952)
4(1161 1162 1183 1182)
4(932 953 1184 1163)
4(952 1183 1184 953)
4(1162 1163 1184 1183)
4(933 954 1185 1164)
4(953 1184 1185 954)
4(1163 1164 1185 1184)
4(934 955 1186 1165)
4(954 1185 1186 955)
4(1164 1165 1186 1185)
4(935 956 1187 1166)
4(955 1186 1187 956)
4(1165 1166 1187 1186)
4(936 957 1188 1167)
4(956 1187 1188 957)
4(1166 1167 1188 1187)
4(937 958 1189 1168)
4(957 1188 1189 958)
4(1167 1168 1189 1188)
4(938 959 1190 1169)
4(958 1189 1190 959)
4(1168 1169 1190 1189)
4(939 960 1191 1170)
4(959 1190 1191 960)
4(1169 1170 1191 1190)
4(940 961 1192 1171)
4(960 1191 1192 961)
4(1170 1171 1192 1191)
4(941 962 1193 1172)
4(961 1192 1193 962)
4(1171 1172 1193 1192)
4(942 3004 4840 3005)
5(962 1193 1194 3011 963)
5(1172 1173 3068 1194 1193)
4(963 3011 4840 3004)
4(1173 3005 4840 3068)
4(1194 3068 4840 3011)
4(942 3004 4807 3003)
4(5966 3003 4807 2393)
4(4807 3004 4840 2393)
4(4840 3005 5966 2393)
4(945 966 1197 1176)
4(965 1196 1197 966)
4(1175 1176 1197 1196)
4(946 967 1198 1177)
4(966 1197 1198 967)
4(1176 1177 1198 1197)
4(947 968 1199 1178)
4(967 1198 1199 968)
4(1177 1178 1199 1198)
4(948 969 1200 1179)
4(968 1199 1200 969)
4(1178 1179 1200 1199)
4(949 970 1201 1180)
4(969 1200 1201 970)
4(1179 1180 1201 1200)
4(950 971 1202 1181)
4(970 1201 1202 971)
4(1180 1181 1202 1201)
4(951 972 1203 1182)
4(971 1202 1203 972)
4(1181 1182 1203 1202)
4(952 973 1204 1183)
4(972 1203 1204 973)
4(1182 1183 1204 1203)
4(953 974 1205 1184)
4(973 1204 1205 974)
4(1183 1184 1205 1204)
4(954 975 1206 1185)
4(974 1205 1206 975)
4(1184 1185 1206 1205)
4(955 976 1207 1186)
4(975 1206 1207 976)
4(1185 1186 1207 1206)
4(956 977 1208 1187)
4(976 1207 1208 977)
4(1186 1187 1208 1207)
4(957 978 1209 1188)
4(977 1208 1209 978)
4(1187 1188 1209 1208)
4(958 979 1210 1189)
4(978 1209 1210 979)
4(1188 1189 1210 1209)
4(959 980 1211 1190)
4(979 1210 1211 980)
4(1189 1190 1211 1210)
4(960 981 1212 1191)
4(980 1211 1212 981)
4(1190 1191 1212 1211)
4(961 982 1213 1192)
4(981 1212 1213 982)
4(1191 1192 1213 1212)
4(962 983 1214 1193)
4(982 1213 1214 983)
4(1192 1193 1214 1213)
4(963 3010 4844 3011)
5(983 1214 1215 3017 984)
5(1193 1194 3074 1215 1214)
4(984 3017 4844 3010)
4(1194 3011 4844 3074)
4(1215 3074 4844 3017)
4(963 3010 4811 3009)
4(963 3009 4841 3011)
4(4841 3009 4811 2394)
4(4811 3010 4844 2394)
4(4844 3011 4841 2394)
4(966 987 1218 1197)
4(986 1217 1218 987)
4(1196 1197 1218 1217)
4(967 988 1219 1198)
4(987 1218 1219 988)
4(1197 1198 1219 1218)
4(968 989 1220 1199)
4(988 1219 1220 989)
4(1198 1199 1220 1219)
4(969 990 1221 1200)
4(989 1220 1221 990)
4(1199 1200 1221 1220)
4(970 991 1222 1201)
4(990 1221 1222 991)
4(1200 1201 1222 1221)
4(971 992 1223 1202)
4(991 1222 1223 992)
4(1201 1202 1223 1222)
4(972 993 1224 1203)
4(992 1223 1224 993)
4(1202 1203 1224 1223)
4(973 994 1225 1204)
4(993 1224 1225 994)
4(1203 1204 1225 1224)
4(974 995 1226 1205)
4(994 1225 1226 995)
4(1204 1205 1226 1225)
4(975 996 1227 1206)
4(995 1226 1227 996)
4(1205 1206 1227 1226)
4(976 997 1228 1207)
4(996 1227 1228 997)
4(1206 1207 1228 1227)
4(977 998 1229 1208)
4(997 1228 1229 998)
4(1207 1208 1229 1228)
4(978 999 1230 1209)
4(998 1229 1230 999)
4(1208 1209 1230 1229)
4(979 1000 1231 1210)
4(999 1230 1231 1000)
4(1209 1210 1231 1230)
4(980 1001 1232 1211)
4(1000 1231 1232 1001)
4(1210 1211 1232 1231)
4(981 1002 1233 1212)
4(1001 1232 1233 1002)
4(1211 1212 1233 1232)
4(982 1003 1234 1213)
4(1002 1233 1234 1003)
4(1212 1213 1234 1233)
4(983 1004 1235 1214)
4(1003 1234 1235 1004)
4(1213 1214 1235 1234)
4(984 3016 4848 3017)
5(1004 1235 1236 3023 1005)
5(1214 1215 3080 1236 1235)
4(1005 3023 4848 3016)
4(1215 3017 4848 3080)
4(1236 3080 4848 3023)
4(984 3016 4815 3015)
4(984 3015 4845 3017)
4(4845 3015 4815 2395)
4(4815 3016 4848 2395)
4(4848 3017 4845 2395)
4(987 1008 1239 1218)
4(1007 1238 1239 1008)
4(1217 1218 1239 1238)
4(988 1009 1240 1219)
4(1008 1239 1240 1009)
4(1218 1219 1240 1239)
4(989 1010 1241 1220)
4(1009 1240 1241 1010)
4(1219 1220 1241 1240)
4(990 1011 1242 1221)
4(1010 1241 1242 1011)
4(1220 1221 1242 1241)
4(991 1012 1243 1222)
4(1011 1242 1243 1012)
4(1221 1222 1243 1242)
4(992 1013 1244 1223)
4(1012 1243 1244 1013)
4(1222 1223 1244 1243)
4(993 1014 1245 1224)
4(1013 1244 1245 1014)
4(1223 1224 1245 1244)
4(994 1015 1246 1225)
4(1014 1245 1246 1015)
4(1224 1225 1246 1245)
4(995 1016 1247 1226)
4(1015 1246 1247 1016)
4(1225 1226 1247 1246)
4(996 1017 1248 1227)
4(1016 1247 1248 1017)
4(1226 1227 1248 1247)
4(997 1018 1249 1228)
4(1017 1248 1249 1018)
4(1227 1228 1249 1248)
4(998 1019 1250 1229)
4(1018 1249 1250 1019)
4(1228 1229 1250 1249)
4(999 1020 1251 1230)
4(1019 1250 1251 1020)
4(1229 1230 1251 1250)
4(1000 1021 1252 1231)
4(1020 1251 1252 1021)
4(1230 1231 1252 1251)
4(1001 1022 1253 1232)
4(1021 1252 1253 1022)
4(1231 1232 1253 1252)
4(1002 1023 1254 1233)
4(1022 1253 1254 1023)
4(1232 1233 1254 1253)
4(1003 1024 1255 1234)
4(1023 1254 1255 1024)
4(1233 1234 1255 1254)
4(1004 1025 1256 1235)
4(1024 1255 1256 1025)
4(1234 1235 1256 1255)
4(1005 3022 4852 3023)
5(1025 1256 1257 3029 1026)
5(1235 1236 3086 1257 1256)
4(1026 3029 4852 3022)
4(1236 3023 4852 3086)
4(1257 3086 4852 3029)
4(1005 3021 4849 3023)
4(4849 3021 4817 2396)
4(4817 3022 4852 2396)
4(4852 3023 4849 2396)
4(1005 3022 4817 3021)
4(1008 1029 1260 1239)
4(1028 1259 1260 1029)
4(1238 1239 1260 1259)
4(1009 1030 1261 1240)
4(1029 1260 1261 1030)
4(1239 1240 1261 1260)
4(1010 1031 1262 1241)
4(1030 1261 1262 1031)
4(1240 1241 1262 1261)
4(1011 1032 1263 1242)
4(1031 1262 1263 1032)
4(1241 1242 1263 1262)
4(1012 1033 1264 1243)
4(1032 1263 1264 1033)
4(1242 1243 1264 1263)
4(1013 1034 1265 1244)
4(1033 1264 1265 1034)
4(1243 1244 1265 1264)
4(1014 1035 1266 1245)
4(1034 1265 1266 1035)
4(1244 1245 1266 1265)
4(1015 1036 1267 1246)
4(1035 1266 1267 1036)
4(1245 1246 1267 1266)
4(1016 1037 1268 1247)
4(1036 1267 1268 1037)
4(1246 1247 1268 1267)
4(1017 1038 1269 1248)
4(1037 1268 1269 1038)
4(1247 1248 1269 1268)
4(1018 1039 1270 1249)
4(1038 1269 1270 1039)
4(1248 1249 1270 1269)
4(1019 1040 1271 1250)
4(1039 1270 1271 1040)
4(1249 1250 1271 1270)
4(1020 1041 1272 1251)
4(1040 1271 1272 1041)
4(1250 1251 1272 1271)
4(1021 1042 1273 1252)
4(1041 1272 1273 1042)
4(1251 1252 1273 1272)
4(1022 1043 1274 1253)
4(1042 1273 1274 1043)
4(1252 1253 1274 1273)
4(1023 1044 1275 1254)
4(1043 1274 1275 1044)
4(1253 1254 1275 1274)
4(1024 1045 1276 1255)
4(1044 1275 1276 1045)
4(1254 1255 1276 1275)
4(1025 1046 1277 1256)
4(1045 1276 1277 1046)
4(1255 1256 1277 1276)
4(1026 3028 4856 3029)
5(1046 1277 1278 3035 1047)
5(1256 1257 3092 1278 1277)
4(1047 3035 4856 3028)
4(1257 3029 4856 3092)
4(1278 3092 4856 3035)
4(1026 3027 4853 3029)
4(4853 3027 4820 2397)
4(4820 3028 4856 2397)
4(4856 3029 4853 2397)
4(1026 3028 4820 3027)
4(1029 1050 1281 1260)
4(1049 1280 1281 1050)
4(1259 1260 1281 1280)
4(1030 1051 1282 1261)
4(1050 1281 1282 1051)
4(1260 1261 1282 1281)
4(1031 1052 1283 1262)
4(1051 1282 1283 1052)
4(1261 1262 1283 1282)
4(1032 1053 1284 1263)
4(1052 1283 1284 1053)
4(1262 1263 1284 1283)
4(1033 1054 1285 1264)
4(1053 1284 1285 1054)
4(1263 1264 1285 1284)
4(1034 1055 1286 1265)
4(1054 1285 1286 1055)
4(1264 1265 1286 1285)
4(1035 1056 1287 1266)
4(1055 1286 1287 1056)
4(1265 1266 1287 1286)
4(1036 1057 1288 1267)
4(1056 1287 1288 1057)
4(1266 1267 1288 1287)
4(1037 1058 1289 1268)
4(1057 1288 1289 1058)
4(1267 1268 1289 1288)
4(1038 1059 1290 1269)
4(1058 1289 1290 1059)
4(1268 1269 1290 1289)
4(1039 1060 1291 1270)
4(1059 1290 1291 1060)
4(1269 1270 1291 1290)
4(1040 1061 1292 1271)
4(1060 1291 1292 1061)
4(1270 1271 1292 1291)
4(1041 1062 1293 1272)
4(1061 1292 1293 1062)
4(1271 1272 1293 1292)
4(1042 1063 1294 1273)
4(1062 1293 1294 1063)
4(1272 1273 1294 1293)
4(1043 1064 1295 1274)
4(1063 1294 1295 1064)
4(1273 1274 1295 1294)
4(1044 1065 1296 1275)
4(1064 1295 1296 1065)
4(1274 1275 1296 1295)
4(1045 1066 1297 1276)
4(1065 1296 1297 1066)
4(1275 1276 1297 1296)
4(1046 1067 1298 1277)
4(1066 1297 1298 1067)
4(1276 1277 1298 1297)
4(1047 3034 4860 3035)
5(1067 1298 1299 3041 1068)
5(1277 1278 3098 1299 1298)
4(1068 3041 4860 3034)
4(1278 3035 4860 3098)
4(1299 3098 4860 3041)
4(1047 3034 4823 3033)
4(1047 3033 4857 3035)
4(4857 3033 4823 2398)
4(4823 3034 4860 2398)
4(4860 3035 4857 2398)
4(1050 1071 1302 1281)
4(1070 1301 1302 1071)
4(1280 1281 1302 1301)
4(1051 1072 1303 1282)
4(1071 1302 1303 1072)
4(1281 1282 1303 1302)
4(1052 1073 1304 1283)
4(1072 1303 1304 1073)
4(1282 1283 1304 1303)
4(1053 1074 1305 1284)
4(1073 1304 1305 1074)
4(1283 1284 1305 1304)
4(1054 1075 1306 1285)
4(1074 1305 1306 1075)
4(1284 1285 1306 1305)
4(1055 1076 1307 1286)
4(1075 1306 1307 1076)
4(1285 1286 1307 1306)
4(1056 1077 1308 1287)
4(1076 1307 1308 1077)
4(1286 1287 1308 1307)
4(1057 1078 1309 1288)
4(1077 1308 1309 1078)
4(1287 1288 1309 1308)
4(1058 1079 1310 1289)
4(1078 1309 1310 1079)
4(1288 1289 1310 1309)
4(1059 1080 1311 1290)
4(1079 1310 1311 1080)
4(1289 1290 1311 1310)
4(1060 1081 1312 1291)
4(1080 1311 1312 1081)
4(1290 1291 1312 1311)
4(1061 1082 1313 1292)
4(1081 1312 1313 1082)
4(1291 1292 1313 1312)
4(1062 1083 1314 1293)
4(1082 1313 1314 1083)
4(1292 1293 1314 1313)
4(1063 1084 1315 1294)
4(1083 1314 1315 1084)
4(1293 1294 1315 1314)
4(1064 1085 1316 1295)
4(1084 1315 1316 1085)
4(1294 1295 1316 1315)
4(1065 1086 1317 1296)
4(1085 1316 1317 1086)
4(1295 1296 1317 1316)
4(1066 1087 1318 1297)
4(1086 1317 1318 1087)
4(1296 1297 1318 1317)
4(1067 1088 1319 1298)
4(1087 1318 1319 1088)
4(1297 1298 1319 1318)
4(1068 3040 4864 3041)
5(1088 1319 1320 3047 1089)
5(1298 1299 3104 1320 1319)
4(1089 3047 4864 3040)
4(1299 3041 4864 3104)
4(1320 3104 4864 3047)
4(1068 3040 4827 3039)
4(1068 3039 4861 3041)
4(4861 3039 4827 2399)
4(4827 3040 4864 2399)
4(4864 3041 4861 2399)
4(1071 1092 1323 1302)
4(1091 1322 1323 1092)
4(1301 1302 1323 1322)
4(1072 1093 1324 1303)
4(1092 1323 1324 1093)
4(1302 1303 1324 1323)
4(1073 1094 1325 1304)
4(1093 1324 1325 1094)
4(1303 1304 1325 1324)
4(1074 1095 1326 1305)
4(1094 1325 1326 1095)
4(1304 1305 1326 1325)
4(1075 1096 1327 1306)
4(1095 1326 1327 1096)
4(1305 1306 1327 1326)
4(1076 1097 1328 1307)
4(1096 1327 1328 1097)
4(1306 1307 1328 1327)
4(1077 1098 1329 1308)
4(1097 1328 1329 1098)
4(1307 1308 1329 1328)
4(1078 1099 1330 1309)
4(1098 1329 1330 1099)
4(1308 1309 1330 1329)
4(1079 1100 1331 1310)
4(1099 1330 1331 1100)
4(1309 1310 1331 1330)
4(1080 1101 1332 1311)
4(1100 1331 1332 1101)
4(1310 1311 1332 1331)
4(1081 1102 1333 1312)
4(1101 1332 1333 1102)
4(1311 1312 1333 1332)
4(1082 1103 1334 1313)
4(1102 1333 1334 1103)
4(1312 1313 1334 1333)
4(1083 1104 1335 1314)
4(1103 1334 1335 1104)
4(1313 1314 1335 1334)
4(1084 1105 1336 1315)
4(1104 1335 1336 1105)
4(1314 1315 1336 1335)
4(1085 1106 1337 1316)
4(1105 1336 1337 1106)
4(1315 1316 1337 1336)
4(1086 1107 1338 1317)
4(1106 1337 1338 1107)
4(1316 1317 1338 1337)
4(1087 1108 1339 1318)
4(1107 1338 1339 1108)
4(1317 1318 1339 1338)
4(1088 1109 1340 1319)
4(1108 1339 1340 1109)
4(1318 1319 1340 1339)
4(1089 3046 4868 3047)
5(1109 1340 1341 3053 1110)
5(1319 1320 3110 1341 1340)
4(1110 3053 4868 3046)
4(1320 3047 4868 3110)
4(1341 3110 4868 3053)
4(1089 3046 4831 3045)
4(1089 3045 4865 3047)
4(4865 3045 4831 2400)
4(4831 3046 4868 2400)
4(4868 3047 4865 2400)
4(1092 1113 1344 1323)
4(1112 1343 1344 1113)
4(1322 1323 1344 1343)
4(1093 1114 1345 1324)
4(1113 1344 1345 1114)
4(1323 1324 1345 1344)
4(1094 1115 1346 1325)
4(1114 1345 1346 1115)
4(1324 1325 1346 1345)
4(1095 1116 1347 1326)
4(1115 1346 1347 1116)
4(1325 1326 1347 1346)
4(1096 1117 1348 1327)
4(1116 1347 1348 1117)
4(1326 1327 1348 1347)
4(1097 1118 1349 1328)
4(1117 1348 1349 1118)
4(1327 1328 1349 1348)
4(1098 1119 1350 1329)
4(1118 1349 1350 1119)
4(1328 1329 1350 1349)
4(1099 1120 1351 1330)
4(1119 1350 1351 1120)
4(1329 1330 1351 1350)
4(1100 1121 1352 1331)
4(1120 1351 1352 1121)
4(1330 1331 1352 1351)
4(1101 1122 1353 1332)
4(1121 1352 1353 1122)
4(1331 1332 1353 1352)
4(1102 1123 1354 1333)
4(1122 1353 1354 1123)
4(1332 1333 1354 1353)
4(1103 1124 1355 1334)
4(1123 1354 1355 1124)
4(1333 1334 1355 1354)
4(1104 1125 1356 1335)
4(1124 1355 1356 1125)
4(1334 1335 1356 1355)
4(1105 1126 1357 1336)
4(1125 1356 1357 1126)
4(1335 1336 1357 1356)
4(1106 1127 1358 1337)
4(1126 1357 1358 1127)
4(1336 1337 1358 1357)
4(1107 1128 1359 1338)
4(1127 1358 1359 1128)
4(1337 1338 1359 1358)
4(1108 1129 1360 1339)
4(1128 1359 1360 1129)
4(1338 1339 1360 1359)
4(1109 1130 1361 1340)
4(1129 1360 1361 1130)
4(1339 1340 1361 1360)
4(1110 3052 4872 3053)
5(1130 1361 1362 3059 1131)
5(1340 1341 3116 1362 1361)
4(1131 3059 4872 3052)
4(1341 3053 4872 3116)
4(1362 3116 4872 3059)
4(1110 3052 4835 3051)
4(1110 3051 4869 3053)
4(4869 3051 4835 2401)
4(4835 3052 4872 2401)
4(4872 3053 4869 2401)
4(1113 1134 1365 1344)
4(1343 1344 1365 1364)
4(1114 1135 1366 1345)
4(1344 1345 1366 1365)
4(1115 1136 1367 1346)
4(1345 1346 1367 1366)
4(1116 1137 1368 1347)
4(1346 1347 1368 1367)
4(1117 1138 1369 1348)
4(1347 1348 1369 1368)
4(1118 1139 1370 1349)
4(1348 1349 1370 1369)
4(1119 1140 1371 1350)
4(1349 1350 1371 1370)
4(1120 1141 1372 1351)
4(1350 1351 1372 1371)
4(1121 1142 1373 1352)
4(1351 1352 1373 1372)
4(1122 1143 1374 1353)
4(1352 1353 1374 1373)
4(1123 1144 1375 1354)
4(1353 1354 1375 1374)
4(1124 1145 1376 1355)
4(1354 1355 1376 1375)
4(1125 1146 1377 1356)
4(1355 1356 1377 1376)
4(1126 1147 1378 1357)
4(1356 1357 1378 1377)
4(1127 1148 1379 1358)
4(1357 1358 1379 1378)
4(1128 1149 1380 1359)
4(1358 1359 1380 1379)
4(1129 1150 1381 1360)
4(1359 1360 1381 1380)
4(1130 1151 1382 1361)
4(1360 1361 1382 1381)
4(1131 3058 4876 3059)
5(1361 1362 3122 1383 1382)
4(1152 3064 4876 3058)
4(1362 3059 4876 3122)
4(1383 3122 4876 3064)
4(1131 3058 4838 3057)
4(1131 3057 4873 3059)
4(4873 3057 4838 2402)
4(4838 3058 4876 2402)
4(4876 3059 4873 2402)
4(1155 1176 1406 1386)
4(1175 1405 1406 1176)
4(1156 1177 1407 1387)
4(1176 1406 1407 1177)
4(1157 1178 1408 1388)
4(1177 1407 1408 1178)
4(1158 1179 1409 1389)
4(1178 1408 1409 1179)
4(1159 1180 1410 1390)
4(1179 1409 1410 1180)
4(1160 1181 1411 1391)
4(1180 1410 1411 1181)
4(1161 1182 1412 1392)
4(1181 1411 1412 1182)
4(1162 1183 1413 1393)
4(1182 1412 1413 1183)
4(1163 1184 1414 1394)
4(1183 1413 1414 1184)
4(1164 1185 1415 1395)
4(1184 1414 1415 1185)
4(1165 1186 1416 1396)
4(1185 1415 1416 1186)
4(1166 1187 1417 1397)
4(1186 1416 1417 1187)
4(1167 1188 1418 1398)
4(1187 1417 1418 1188)
4(1168 1189 1419 1399)
4(1188 1418 1419 1189)
4(1169 1190 1420 1400)
4(1189 1419 1420 1190)
4(1170 1191 1421 1401)
4(1190 1420 1421 1191)
4(1171 1192 1422 1402)
4(1191 1421 1422 1192)
4(1172 1193 1423 1403)
4(1192 1422 1423 1193)
4(1173 3068 4879 3069)
5(1193 1423 1424 3075 1194)
4(1194 3075 4879 3068)
4(1404 3069 4879 3132)
4(1424 3132 4879 3075)
4(1173 3068 4842 3067)
4(5946 3067 4842 2403)
4(4842 3068 4879 2403)
4(4879 3069 5946 2403)
4(1176 1197 1427 1406)
4(1196 1426 1427 1197)
4(1177 1198 1428 1407)
4(1197 1427 1428 1198)
4(1178 1199 1429 1408)
4(1198 1428 1429 1199)
4(1179 1200 1430 1409)
4(1199 1429 1430 1200)
4(1180 1201 1431 1410)
4(1200 1430 1431 1201)
4(1181 1202 1432 1411)
4(1201 1431 1432 1202)
4(1182 1203 1433 1412)
4(1202 1432 1433 1203)
4(1183 1204 1434 1413)
4(1203 1433 1434 1204)
4(1184 1205 1435 1414)
4(1204 1434 1435 1205)
4(1185 1206 1436 1415)
4(1205 1435 1436 1206)
4(1186 1207 1437 1416)
4(1206 1436 1437 1207)
4(1187 1208 1438 1417)
4(1207 1437 1438 1208)
4(1188 1209 1439 1418)
4(1208 1438 1439 1209)
4(1189 1210 1440 1419)
4(1209 1439 1440 1210)
4(1190 1211 1441 1420)
4(1210 1440 1441 1211)
4(1191 1212 1442 1421)
4(1211 1441 1442 1212)
4(1192 1213 1443 1422)
4(1212 1442 1443 1213)
4(1193 1214 1444 1423)
4(1213 1443 1444 1214)
4(1194 3074 4882 3075)
5(1214 1444 1445 3081 1215)
4(1215 3081 4882 3074)
4(1424 3075 4882 3136)
4(1445 3136 4882 3081)
4(1194 3074 4846 3073)
4(1194 3073 4880 3075)
4(4880 3073 4846 2404)
4(4846 3074 4882 2404)
4(4882 3075 4880 2404)
4(1197 1218 1448 1427)
4(1217 1447 1448 1218)
4(1198 1219 1449 1428)
4(1218 1448 1449 1219)
4(1199 1220 1450 1429)
4(1219 1449 1450 1220)
4(1200 1221 1451 1430)
4(1220 1450 1451 1221)
4(1201 1222 1452 1431)
4(1221 1451 1452 1222)
4(1202 1223 1453 1432)
4(1222 1452 1453 1223)
4(1203 1224 1454 1433)
4(1223 1453 1454 1224)
4(1204 1225 1455 1434)
4(1224 1454 1455 1225)
4(1205 1226 1456 1435)
4(1225 1455 1456 1226)
4(1206 1227 1457 1436)
4(1226 1456 1457 1227)
4(1207 1228 1458 1437)
4(1227 1457 1458 1228)
4(1208 1229 1459 1438)
4(1228 1458 1459 1229)
4(1209 1230 1460 1439)
4(1229 1459 1460 1230)
4(1210 1231 1461 1440)
4(1230 1460 1461 1231)
4(1211 1232 1462 1441)
4(1231 1461 1462 1232)
4(1212 1233 1463 1442)
4(1232 1462 1463 1233)
4(1213 1234 1464 1443)
4(1233 1463 1464 1234)
4(1214 1235 1465 1444)
4(1234 1464 1465 1235)
4(1215 3080 4885 3081)
5(1235 1465 1466 3087 1236)
4(1236 3087 4885 3080)
4(1445 3081 4885 3140)
4(1466 3140 4885 3087)
4(1215 3080 4850 3079)
4(1215 3079 4883 3081)
4(4883 3079 4850 2405)
4(4850 3080 4885 2405)
4(4885 3081 4883 2405)
4(1218 1239 1469 1448)
4(1238 1468 1469 1239)
4(1219 1240 1470 1449)
4(1239 1469 1470 1240)
4(1220 1241 1471 1450)
4(1240 1470 1471 1241)
4(1221 1242 1472 1451)
4(1241 1471 1472 1242)
4(1222 1243 1473 1452)
4(1242 1472 1473 1243)
4(1223 1244 1474 1453)
4(1243 1473 1474 1244)
4(1224 1245 1475 1454)
4(1244 1474 1475 1245)
4(1225 1246 1476 1455)
4(1245 1475 1476 1246)
4(1226 1247 1477 1456)
4(1246 1476 1477 1247)
4(1227 1248 1478 1457)
4(1247 1477 1478 1248)
4(1228 1249 1479 1458)
4(1248 1478 1479 1249)
4(1229 1250 1480 1459)
4(1249 1479 1480 1250)
4(1230 1251 1481 1460)
4(1250 1480 1481 1251)
4(1231 1252 1482 1461)
4(1251 1481 1482 1252)
4(1232 1253 1483 1462)
4(1252 1482 1483 1253)
4(1233 1254 1484 1463)
4(1253 1483 1484 1254)
4(1234 1255 1485 1464)
4(1254 1484 1485 1255)
4(1235 1256 1486 1465)
4(1255 1485 1486 1256)
4(1236 3086 4888 3087)
5(1256 1486 1487 3093 1257)
4(1257 3093 4888 3086)
4(1466 3087 4888 3144)
4(1487 3144 4888 3093)
4(1236 3086 4854 3085)
4(1236 3085 4886 3087)
4(4886 3085 4854 2406)
4(4854 3086 4888 2406)
4(4888 3087 4886 2406)
4(1239 1260 1490 1469)
4(1259 1489 1490 1260)
4(1240 1261 1491 1470)
4(1260 1490 1491 1261)
4(1241 1262 1492 1471)
4(1261 1491 1492 1262)
4(1242 1263 1493 1472)
4(1262 1492 1493 1263)
4(1243 1264 1494 1473)
4(1263 1493 1494 1264)
4(1244 1265 1495 1474)
4(1264 1494 1495 1265)
4(1245 1266 1496 1475)
4(1265 1495 1496 1266)
4(1246 1267 1497 1476)
4(1266 1496 1497 1267)
4(1247 1268 1498 1477)
4(1267 1497 1498 1268)
4(1248 1269 1499 1478)
4(1268 1498 1499 1269)
4(1249 1270 1500 1479)
4(1269 1499 1500 1270)
4(1250 1271 1501 1480)
4(1270 1500 1501 1271)
4(1251 1272 1502 1481)
4(1271 1501 1502 1272)
4(1252 1273 1503 1482)
4(1272 1502 1503 1273)
4(1253 1274 1504 1483)
4(1273 1503 1504 1274)
4(1254 1275 1505 1484)
4(1274 1504 1505 1275)
4(1255 1276 1506 1485)
4(1275 1505 1506 1276)
4(1256 1277 1507 1486)
4(1276 1506 1507 1277)
4(1257 3092 4891 3093)
5(1277 1507 1508 3099 1278)
4(1278 3099 4891 3092)
4(1487 3093 4891 3148)
4(1508 3148 4891 3099)
4(1257 3092 4858 3091)
4(1257 3091 4889 3093)
4(4889 3091 4858 2407)
4(4858 3092 4891 2407)
4(4891 3093 4889 2407)
4(1260 1281 1511 1490)
4(1280 1510 1511 1281)
4(1261 1282 1512 1491)
4(1281 1511 1512 1282)
4(1262 1283 1513 1492)
4(1282 1512 1513 1283)
4(1263 1284 1514 1493)
4(1283 1513 1514 1284)
4(1264 1285 1515 1494)
4(1284 1514 1515 1285)
4(1265 1286 1516 1495)
4(1285 1515 1516 1286)
4(1266 1287 1517 1496)
4(1286 1516 1517 1287)
4(1267 1288 1518 1497)
4(1287 1517 1518 1288)
4(1268 1289 1519 1498)
4(1288 1518 1519 1289)
4(1269 1290 1520 1499)
4(1289 1519 1520 1290)
4(1270 1291 1521 1500)
4(1290 1520 1521 1291)
4(1271 1292 1522 1501)
4(1291 1521 1522 1292)
4(1272 1293 1523 1502)
4(1292 1522 1523 1293)
4(1273 1294 1524 1503)
4(1293 1523 1524 1294)
4(1274 1295 1525 1504)
4(1294 1524 1525 1295)
4(1275 1296 1526 1505)
4(1295 1525 1526 1296)
4(1276 1297 1527 1506)
4(1296 1526 1527 1297)
4(1277 1298 1528 1507)
4(1297 1527 1528 1298)
4(1278 3098 4894 3099)
5(1298 1528 1529 3105 1299)
4(1299 3105 4894 3098)
4(1508 3099 4894 3152)
4(1529 3152 4894 3105)
4(1278 3098 4862 3097)
4(1278 3097 4892 3099)
4(4892 3097 4862 2408)
4(4862 3098 4894 2408)
4(4894 3099 4892 2408)
4(1281 1302 1532 1511)
4(1301 1531 1532 1302)
4(1282 1303 1533 1512)
4(1302 1532 1533 1303)
4(1283 1304 1534 1513)
4(1303 1533 1534 1304)
4(1284 1305 1535 1514)
4(1304 1534 1535 1305)
4(1285 1306 1536 1515)
4(1305 1535 1536 1306)
4(1286 1307 1537 1516)
4(1306 1536 1537 1307)
4(1287 1308 1538 1517)
4(1307 1537 1538 1308)
4(1288 1309 1539 1518)
4(1308 1538 1539 1309)
4(1289 1310 1540 1519)
4(1309 1539 1540 1310)
4(1290 1311 1541 1520)
4(1310 1540 1541 1311)
4(1291 1312 1542 1521)
4(1311 1541 1542 1312)
4(1292 1313 1543 1522)
4(1312 1542 1543 1313)
4(1293 1314 1544 1523)
4(1313 1543 1544 1314)
4(1294 1315 1545 1524)
4(1314 1544 1545 1315)
4(1295 1316 1546 1525)
4(1315 1545 1546 1316)
4(1296 1317 1547 1526)
4(1316 1546 1547 1317)
4(1297 1318 1548 1527)
4(1317 1547 1548 1318)
4(1298 1319 1549 1528)
4(1318 1548 1549 1319)
4(1299 3104 4897 3105)
5(1319 1549 1550 3111 1320)
4(1320 3111 4897 3104)
4(1529 3105 4897 3156)
4(1550 3156 4897 3111)
4(1299 3104 4866 3103)
4(1299 3103 4895 3105)
4(4895 3103 4866 2409)
4(4866 3104 4897 2409)
4(4897 3105 4895 2409)
4(1302 1323 1553 1532)
4(1322 1552 1553 1323)
4(1303 1324 1554 1533)
4(1323 1553 1554 1324)
4(1304 1325 1555 1534)
4(1324 1554 1555 1325)
4(1305 1326 1556 1535)
4(1325 1555 1556 1326)
4(1306 1327 1557 1536)
4(1326 1556 1557 1327)
4(1307 1328 1558 1537)
4(1327 1557 1558 1328)
4(1308 1329 1559 1538)
4(1328 1558 1559 1329)
4(1309 1330 1560 1539)
4(1329 1559 1560 1330)
4(1310 1331 1561 1540)
4(1330 1560 1561 1331)
4(1311 1332 1562 1541)
4(1331 1561 1562 1332)
4(1312 1333 1563 1542)
4(1332 1562 1563 1333)
4(1313 1334 1564 1543)
4(1333 1563 1564 1334)
4(1314 1335 1565 1544)
4(1334 1564 1565 1335)
4(1315 1336 1566 1545)
4(1335 1565 1566 1336)
4(1316 1337 1567 1546)
4(1336 1566 1567 1337)
4(1317 1338 1568 1547)
4(1337 1567 1568 1338)
4(1318 1339 1569 1548)
4(1338 1568 1569 1339)
4(1319 1340 1570 1549)
4(1339 1569 1570 1340)
4(1320 3110 4900 3111)
5(1340 1570 1571 3117 1341)
4(1341 3117 4900 3110)
4(1550 3111 4900 3160)
4(1571 3160 4900 3117)
4(1320 3110 4870 3109)
4(1320 3109 4898 3111)
4(4898 3109 4870 2410)
4(4870 3110 4900 2410)
4(4900 3111 4898 2410)
4(1323 1344 1574 1553)
4(1343 1573 1574 1344)
4(1324 1345 1575 1554)
4(1344 1574 1575 1345)
4(1325 1346 1576 1555)
4(1345 1575 1576 1346)
4(1326 1347 1577 1556)
4(1346 1576 1577 1347)
4(1327 1348 1578 1557)
4(1347 1577 1578 1348)
4(1328 1349 1579 1558)
4(1348 1578 1579 1349)
4(1329 1350 1580 1559)
4(1349 1579 1580 1350)
4(1330 1351 1581 1560)
4(1350 1580 1581 1351)
4(1331 1352 1582 1561)
4(1351 1581 1582 1352)
4(1332 1353 1583 1562)
4(1352 1582 1583 1353)
4(1333 1354 1584 1563)
4(1353 1583 1584 1354)
4(1334 1355 1585 1564)
4(1354 1584 1585 1355)
4(1335 1356 1586 1565)
4(1355 1585 1586 1356)
4(1336 1357 1587 1566)
4(1356 1586 1587 1357)
4(1337 1358 1588 1567)
4(1357 1587 1588 1358)
4(1338 1359 1589 1568)
4(1358 1588 1589 1359)
4(1339 1360 1590 1569)
4(1359 1589 1590 1360)
4(1340 1361 1591 1570)
4(1360 1590 1591 1361)
4(1341 3116 4903 3117)
5(1361 1591 1592 3123 1362)
4(1362 3123 4903 3116)
4(1571 3117 4903 3164)
4(1592 3164 4903 3123)
4(1341 3116 4874 3115)
4(1341 3115 4901 3117)
4(4901 3115 4874 2411)
4(4874 3116 4903 2411)
4(4903 3117 4901 2411)
4(1344 1365 1595 1574)
4(1345 1366 1596 1575)
4(1346 1367 1597 1576)
4(1347 1368 1598 1577)
4(1348 1369 1599 1578)
4(1349 1370 1600 1579)
4(1350 1371 1601 1580)
4(1351 1372 1602 1581)
4(1352 1373 1603 1582)
4(1353 1374 1604 1583)
4(1354 1375 1605 1584)
4(1355 1376 1606 1585)
4(1356 1377 1607 1586)
4(1357 1378 1608 1587)
4(1358 1379 1609 1588)
4(1359 1380 1610 1589)
4(1360 1381 1611 1590)
4(1361 1382 1612 1591)
4(1362 3122 4906 3123)
4(1383 3128 4906 3122)
4(1592 3123 4906 3168)
4(1613 3168 4906 3128)
4(1362 3122 4877 3121)
4(1362 3121 4904 3123)
4(4904 3121 4877 2412)
4(4877 3122 4906 2412)
4(4906 3123 4904 2412)
4(6076 6699 6666 2413)
4(6666 6700 5924 2413)
4(6076 2413 5924 2759)
6(2759 5924 6700 6666 6699 6076)
4(1614 3174 4908 3173)
4(6075 2414 5925 3172)
4(6075 3173 4908 2414)
4(4908 3174 5925 2414)
4(1615 3177 4911 3176)
4(6074 2415 5926 3175)
4(6074 3176 4911 2415)
4(4911 3177 5926 2415)
4(1616 3180 4914 3179)
4(6073 2416 5927 3178)
4(6073 3179 4914 2416)
4(4914 3180 5927 2416)
4(3178 1616 3179 6073)
4(1616 3178 5927 3180)
4(6072 2417 5928 3181)
3(6072 4920 2417)
3(4920 5928 2417)
4(3181 5928 4920 6072)
4(1617 3184 4922 3183)
4(6071 2418 5929 3182)
4(6071 3183 4922 2418)
4(4922 3184 5929 2418)
4(1618 3187 4925 3186)
4(6070 2419 5930 3185)
4(6070 3186 4925 2419)
4(4925 3187 5930 2419)
4(3185 1618 3186 6070)
4(1618 3185 5930 3187)
4(1619 3190 4928 3189)
4(6069 2420 5931 3188)
4(6069 3189 4928 2420)
4(4928 3190 5931 2420)
4(3188 1619 3189 6069)
4(1619 3188 5931 3190)
4(1620 3193 4931 3192)
4(6068 2421 5932 3191)
4(6068 3192 4931 2421)
4(4931 3193 5932 2421)
4(6618 2765 4909 6704)
4(6102 6703 6668 2422)
4(6668 6704 4909 2422)
4(4909 2765 6102 2422)
4(6618 6704 6668 6703)
4(2765 6618 6703 6102)
4(1621 3196 4912 3198)
4(1621 3198 4936 3197)
4(4912 3196 6101 2423)
4(6101 3197 4936 2423)
4(4936 3198 4912 2423)
4(3196 1621 3197 6101)
4(1622 3199 4915 3201)
4(1622 3201 4939 3200)
4(4915 3199 6100 2424)
4(6100 3200 4939 2424)
4(4939 3201 4915 2424)
4(3199 1622 3200 6100)
4(1623 3202 4918 3204)
4(1623 3204 4942 3203)
4(4918 3202 6099 2425)
4(6099 3203 4942 2425)
4(4942 3204 4918 2425)
4(3202 1623 3203 6099)
4(1624 3206 4945 3205)
3(4921 6098 2426)
4(6098 3205 4945 2426)
4(4945 3206 4921 2426)
5(4921 3206 1624 3205 6098)
4(1625 3207 4923 3209)
4(1625 3209 4948 3208)
4(4923 3207 6097 2427)
4(6097 3208 4948 2427)
4(4948 3209 4923 2427)
4(3207 1625 3208 6097)
4(1626 3210 4926 3212)
4(1626 3212 4951 3211)
4(4926 3210 6096 2428)
4(6096 3211 4951 2428)
4(4951 3212 4926 2428)
4(3210 1626 3211 6096)
4(1627 3213 4929 3215)
4(1627 3215 4954 3214)
4(4929 3213 6095 2429)
4(6095 3214 4954 2429)
4(4954 3215 4929 2429)
4(3213 1627 3214 6095)
4(1628 3216 4932 3218)
4(1628 3218 4957 3217)
4(4932 3216 6094 2430)
4(6094 3217 4957 2430)
4(4957 3218 4932 2430)
4(3216 1628 3217 6094)
4(1629 3219 4934 3221)
4(1629 3221 4960 3220)
4(4934 3219 6067 2431)
4(6067 3220 4960 2431)
4(4960 3221 4934 2431)
4(6067 3219 1629 3220)
4(6632 2771 4937 6708)
4(6124 6707 6670 2432)
4(6670 6708 4937 2432)
4(4937 2771 6124 2432)
4(6632 6708 6670 6707)
4(6632 6707 6124 2771)
4(1631 3224 4940 3226)
4(1631 3226 4965 3225)
4(4940 3224 6123 2433)
4(6123 3225 4965 2433)
4(4965 3226 4940 2433)
4(3224 1631 3225 6123)
4(1632 3227 4943 3229)
4(1632 3229 4968 3228)
4(4943 3227 6122 2434)
4(6122 3228 4968 2434)
4(4968 3229 4943 2434)
4(3227 1632 3228 6122)
4(1633 3230 4946 3232)
4(1633 3232 4971 3231)
4(4946 3230 6121 2435)
4(6121 3231 4971 2435)
4(4971 3232 4946 2435)
4(3230 1633 3231 6121)
4(1634 3233 4949 3235)
4(1634 3235 4974 3234)
4(4949 3233 6120 2436)
4(6120 3234 4974 2436)
4(4974 3235 4949 2436)
4(3233 1634 3234 6120)
4(1635 3236 4952 3238)
4(1635 3238 4977 3237)
4(4952 3236 6119 2437)
4(6119 3237 4977 2437)
4(4977 3238 4952 2437)
4(3236 1635 3237 6119)
4(1636 3239 4955 3241)
4(1636 3241 4980 3240)
4(4955 3239 6118 2438)
4(6118 3240 4980 2438)
4(4980 3241 4955 2438)
4(3239 1636 3240 6118)
4(1637 3242 4958 3244)
4(1637 3244 4983 3243)
4(4958 3242 6117 2439)
4(6117 3243 4983 2439)
4(4983 3244 4958 2439)
4(3242 1637 3243 6117)
4(1638 3245 4961 3247)
4(1638 3247 4986 3246)
4(4961 3245 6093 2440)
4(6093 3246 4986 2440)
4(4986 3247 4961 2440)
4(6093 3245 1638 3246)
4(1639 3248 4963 3250)
4(1639 3250 4989 3249)
4(4963 3248 6066 2441)
4(6066 3249 4989 2441)
4(4989 3250 4963 2441)
4(6066 3248 1639 3249)
4(6644 2777 4966 6712)
4(6142 6711 6671 2442)
4(6671 6712 4966 2442)
4(4966 2777 6142 2442)
4(6644 6711 6142 2777)
4(6644 6712 6671 6711)
4(1641 3253 4969 3255)
4(1641 3255 4994 3254)
4(4969 3253 6141 2443)
4(6141 3254 4994 2443)
4(4994 3255 4969 2443)
4(1641 3254 6141 3253)
4(1642 3256 4972 3258)
4(1642 3258 4997 3257)
4(4972 3256 6140 2444)
4(6140 3257 4997 2444)
4(4997 3258 4972 2444)
4(3256 1642 3257 6140)
4(1643 3259 4975 3261)
4(1643 3261 5000 3260)
4(4975 3259 6139 2445)
4(6139 3260 5000 2445)
4(5000 3261 4975 2445)
4(3259 1643 3260 6139)
4(1644 3262 4978 3264)
4(1644 3264 5003 3263)
4(4978 3262 6138 2446)
4(6138 3263 5003 2446)
4(5003 3264 4978 2446)
4(3262 1644 3263 6138)
4(1645 3265 4981 3267)
4(1645 3267 5006 3266)
4(4981 3265 6137 2447)
4(6137 3266 5006 2447)
4(5006 3267 4981 2447)
4(3265 1645 3266 6137)
4(1646 3268 4984 3270)
4(1646 3270 5009 3269)
4(4984 3268 6136 2448)
4(6136 3269 5009 2448)
4(5009 3270 4984 2448)
4(3268 1646 3269 6136)
4(1647 3271 4987 3273)
4(1647 3273 5012 3272)
4(4987 3271 6116 2449)
4(6116 3272 5012 2449)
4(5012 3273 4987 2449)
4(6116 3271 1647 3272)
4(1648 3274 4990 3276)
4(1648 3276 5015 3275)
4(4990 3274 6092 2450)
4(6092 3275 5015 2450)
4(5015 3276 4990 2450)
4(6092 3274 1648 3275)
4(1649 3277 4992 3279)
4(1649 3279 5018 3278)
4(4992 3277 6065 2451)
4(6065 3278 5018 2451)
4(5018 3279 4992 2451)
4(6065 3277 1649 3278)
4(6654 2783 4995 6717)
4(6156 6716 6673 2452)
4(6673 6717 4995 2452)
4(4995 2783 6156 2452)
4(6654 6717 6673 6716)
4(6654 6716 6156 2783)
4(1651 3282 4998 3284)
4(1651 3284 5023 3283)
4(4998 3282 6155 2453)
4(6155 3283 5023 2453)
4(5023 3284 4998 2453)
4(1651 3283 6155 3282)
4(1652 3285 5001 3287)
4(1652 3287 5026 3286)
4(5001 3285 6154 2454)
4(6154 3286 5026 2454)
4(5026 3287 5001 2454)
4(1652 3286 6154 3285)
4(1653 3288 5004 3290)
4(1653 3290 5029 3289)
4(5004 3288 6153 2455)
4(6153 3289 5029 2455)
4(5029 3290 5004 2455)
4(3288 1653 3289 6153)
4(1654 3291 5007 3293)
4(1654 3293 5032 3292)
4(5007 3291 6152 2456)
4(6152 3292 5032 2456)
4(5032 3293 5007 2456)
4(3291 1654 3292 6152)
4(1655 3294 5010 3296)
4(1655 3296 5035 3295)
4(5010 3294 6151 2457)
4(6151 3295 5035 2457)
4(5035 3296 5010 2457)
4(3294 1655 3295 6151)
4(1656 3297 5013 3299)
4(1656 3299 5038 3298)
4(5013 3297 6135 2458)
4(6135 3298 5038 2458)
4(5038 3299 5013 2458)
4(6135 3297 1656 3298)
4(1657 3300 5016 3302)
4(1657 3302 5041 3301)
4(5016 3300 6115 2459)
4(6115 3301 5041 2459)
4(5041 3302 5016 2459)
4(6115 3300 1657 3301)
4(1658 3303 5019 3305)
4(1658 3305 5044 3304)
4(5019 3303 6091 2460)
4(6091 3304 5044 2460)
4(5044 3305 5019 2460)
4(6091 3303 1658 3304)
4(1659 3306 5021 3308)
4(1659 3308 5047 3307)
4(5021 3306 6064 2461)
4(6064 3307 5047 2461)
4(5047 3308 5021 2461)
4(6064 3306 1659 3307)
4(6662 2789 5024 6722)
4(6145 6720 6674 2462)
4(6674 6722 5024 2462)
4(5024 2789 6145 2462)
4(6662 6720 6145 2789)
4(6662 6722 6674 6720)
4(1661 3311 5027 3313)
4(1661 3313 5052 3312)
4(5027 3311 6146 2463)
4(6146 3312 5052 2463)
4(5052 3313 5027 2463)
4(1661 3312 6146 3311)
4(1662 3314 5030 3316)
4(1662 3316 5055 3315)
4(5030 3314 6147 2464)
4(6147 3315 5055 2464)
4(5055 3316 5030 2464)
4(1662 3315 6147 3314)
4(1663 3317 5033 3319)
4(1663 3319 5058 3318)
4(5033 3317 6148 2465)
4(6148 3318 5058 2465)
4(5058 3319 5033 2465)
4(1663 3318 6148 3317)
4(1664 3320 5036 3322)
4(1664 3322 5061 3321)
4(5036 3320 6149 2466)
4(6149 3321 5061 2466)
4(5061 3322 5036 2466)
4(3321 6149 3320 1664)
4(1665 3323 5039 3325)
4(1665 3325 5064 3324)
4(5039 3323 6150 2467)
4(6150 3324 5064 2467)
4(5064 3325 5039 2467)
4(3324 6150 3323 1665)
4(1666 3326 5042 3328)
4(1666 3328 5067 3327)
4(5042 3326 6134 2468)
4(6134 3327 5067 2468)
4(5067 3328 5042 2468)
4(6134 3326 1666 3327)
4(1667 3329 5045 3331)
4(1667 3331 5070 3330)
4(5045 3329 6114 2469)
4(6114 3330 5070 2469)
4(5070 3331 5045 2469)
4(6114 3329 1667 3330)
4(1668 3332 5048 3334)
4(1668 3334 5073 3333)
4(5048 3332 6090 2470)
4(6090 3333 5073 2470)
4(5073 3334 5048 2470)
4(6090 3332 1668 3333)
4(1669 3335 5050 3337)
4(1669 3337 5076 3336)
4(5050 3335 6063 2471)
4(6063 3336 5076 2471)
4(5076 3337 5050 2471)
4(6063 3335 1669 3336)
4(6667 2795 5053 6725)
4(6127 6724 6676 2472)
4(6676 6725 5053 2472)
4(5053 2795 6127 2472)
4(6667 6724 6127 2795)
4(6667 6725 6676 6724)
4(1671 3340 5056 3342)
4(1671 3342 5081 3341)
4(5056 3340 6128 2473)
4(6128 3341 5081 2473)
4(5081 3342 5056 2473)
4(1671 3341 6128 3340)
4(1672 3343 5059 3345)
4(1672 3345 5084 3344)
4(5059 3343 6129 2474)
4(6129 3344 5084 2474)
4(5084 3345 5059 2474)
4(1672 3344 6129 3343)
4(1673 3346 5062 3348)
4(1673 3348 5087 3347)
4(5062 3346 6130 2475)
4(6130 3347 5087 2475)
4(5087 3348 5062 2475)
4(3347 6130 3346 1673)
4(1674 3349 5065 3351)
4(1674 3351 5090 3350)
4(5065 3349 6131 2476)
4(6131 3350 5090 2476)
4(5090 3351 5065 2476)
4(3350 6131 3349 1674)
4(1675 3352 5068 3354)
4(1675 3354 5093 3353)
4(5068 3352 6132 2477)
4(6132 3353 5093 2477)
4(5093 3354 5068 2477)
4(3353 6132 3352 1675)
4(1676 3355 5071 3357)
4(1676 3357 5096 3356)
4(5071 3355 6133 2478)
4(6133 3356 5096 2478)
4(5096 3357 5071 2478)
4(3356 6133 3355 1676)
4(1677 3358 5074 3360)
4(1677 3360 5099 3359)
4(5074 3358 6113 2479)
4(6113 3359 5099 2479)
4(5099 3360 5074 2479)
4(6113 3358 1677 3359)
4(1678 3361 5077 3363)
4(1678 3363 5102 3362)
4(5077 3361 6089 2480)
4(6089 3362 5102 2480)
4(5102 3363 5077 2480)
4(6089 3361 1678 3362)
4(1679 3364 5079 3366)
4(1679 3366 5105 3365)
4(5079 3364 6062 2481)
4(6062 3365 5105 2481)
4(5105 3366 5079 2481)
4(6062 3364 1679 3365)
4(6675 2801 5082 6727)
4(6105 6726 6678 2482)
4(6678 6727 5082 2482)
4(5082 2801 6105 2482)
4(6675 6726 6105 2801)
4(6675 6727 6678 6726)
4(1681 3369 5085 3371)
4(1681 3371 5110 3370)
4(5085 3369 6106 2483)
4(6106 3370 5110 2483)
4(5110 3371 5085 2483)
4(1681 3370 6106 3369)
4(1682 3372 5088 3374)
4(1682 3374 5113 3373)
4(5088 3372 6107 2484)
4(6107 3373 5113 2484)
4(5113 3374 5088 2484)
4(3373 6107 3372 1682)
4(1683 3375 5091 3377)
4(1683 3377 5116 3376)
4(5091 3375 6108 2485)
4(6108 3376 5116 2485)
4(5116 3377 5091 2485)
4(3376 6108 3375 1683)
4(1684 3378 5094 3380)
4(1684 3380 5119 3379)
4(5094 3378 6109 2486)
4(6109 3379 5119 2486)
4(5119 3380 5094 2486)
4(3379 6109 3378 1684)
4(1685 3381 5097 3383)
4(1685 3383 5122 3382)
4(5097 3381 6110 2487)
4(6110 3382 5122 2487)
4(5122 3383 5097 2487)
4(3382 6110 3381 1685)
4(1686 3384 5100 3386)
4(1686 3386 5125 3385)
4(5100 3384 6111 2488)
4(6111 3385 5125 2488)
4(5125 3386 5100 2488)
4(3385 6111 3384 1686)
4(1687 3387 5103 3389)
4(1687 3389 5128 3388)
4(5103 3387 6112 2489)
4(6112 3388 5128 2489)
4(5128 3389 5103 2489)
4(3388 6112 3387 1687)
4(1688 3390 5106 3392)
4(1688 3392 5131 3391)
4(5106 3390 6088 2490)
4(6088 3391 5131 2490)
4(5131 3392 5106 2490)
4(6088 3390 1688 3391)
4(1689 3393 5108 3395)
4(1689 3395 5134 3394)
4(5108 3393 6061 2491)
4(6061 3394 5134 2491)
4(5134 3395 5108 2491)
4(6061 3393 1689 3394)
4(6683 2807 5111 6733)
4(6079 6732 6679 2492)
4(6679 6733 5111 2492)
4(5111 2807 6079 2492)
4(6683 6733 6679 6732)
4(6683 6732 6079 2807)
4(1691 3398 5114 3400)
4(1691 3400 5139 3399)
4(5114 3398 6080 2493)
4(6080 3399 5139 2493)
4(5139 3400 5114 2493)
4(3399 6080 3398 1691)
4(1692 3401 5117 3403)
4(1692 3403 5142 3402)
4(5117 3401 6081 2494)
4(6081 3402 5142 2494)
4(5142 3403 5117 2494)
4(3402 6081 3401 1692)
4(1693 3404 5120 3406)
4(1693 3406 5145 3405)
4(5120 3404 6082 2495)
4(6082 3405 5145 2495)
4(5145 3406 5120 2495)
4(3405 6082 3404 1693)
4(1694 3407 5123 3409)
4(1694 3409 5148 3408)
4(5123 3407 6083 2496)
4(6083 3408 5148 2496)
4(5148 3409 5123 2496)
4(3408 6083 3407 1694)
4(1695 3410 5126 3412)
4(1695 3412 5151 3411)
4(5126 3410 6084 2497)
4(6084 3411 5151 2497)
4(5151 3412 5126 2497)
4(3411 6084 3410 1695)
4(1696 3413 5129 3415)
4(1696 3415 5154 3414)
4(5129 3413 6085 2498)
4(6085 3414 5154 2498)
4(5154 3415 5129 2498)
4(3414 6085 3413 1696)
4(1697 3416 5132 3418)
4(1697 3418 5157 3417)
4(5132 3416 6086 2499)
4(6086 3417 5157 2499)
4(5157 3418 5132 2499)
4(3417 6086 3416 1697)
4(1698 3419 5135 3421)
4(1698 3421 5160 3420)
4(5135 3419 6087 2500)
4(6087 3420 5160 2500)
4(5160 3421 5135 2500)
4(3420 6087 3419 1698)
4(1699 3422 5137 3424)
4(1699 3424 5163 3423)
4(5137 3422 6060 2501)
4(6060 3423 5163 2501)
4(5163 3424 5137 2501)
4(6060 3422 1699 3423)
4(6692 2813 5140 6738)
4(6050 6736 6681 2502)
4(6681 6738 5140 2502)
4(5140 2813 6050 2502)
4(6736 6050 2813 6692)
4(6692 6738 6681 6736)
4(1701 3427 5143 3429)
4(1701 3429 5168 3428)
4(5143 3427 6051 2503)
4(6051 3428 5168 2503)
4(5168 3429 5143 2503)
4(3428 6051 3427 1701)
4(1702 3430 5146 3432)
4(1702 3432 5170 3431)
4(5146 3430 6052 2504)
4(6052 3431 5170 2504)
4(5170 3432 5146 2504)
4(3431 6052 3430 1702)
4(1703 3433 5149 3435)
4(1703 3435 5172 3434)
4(5149 3433 6053 2505)
4(6053 3434 5172 2505)
4(5172 3435 5149 2505)
4(3434 6053 3433 1703)
4(1704 3436 5152 3438)
4(1704 3438 5174 3437)
4(5152 3436 6054 2506)
4(6054 3437 5174 2506)
4(5174 3438 5152 2506)
4(3437 6054 3436 1704)
4(1705 3439 5155 3441)
4(1705 3441 5176 3440)
4(5155 3439 6055 2507)
4(6055 3440 5176 2507)
4(5176 3441 5155 2507)
4(3440 6055 3439 1705)
4(1706 3442 5158 3444)
4(1706 3444 5178 3443)
4(5158 3442 6056 2508)
4(6056 3443 5178 2508)
4(5178 3444 5158 2508)
4(3443 6056 3442 1706)
4(1707 3445 5161 3447)
4(1707 3447 5180 3446)
4(5161 3445 6057 2509)
4(6057 3446 5180 2509)
4(5180 3447 5161 2509)
4(3446 6057 3445 1707)
4(1708 3448 5164 3450)
4(1708 3450 5182 3449)
4(5164 3448 6058 2510)
4(6058 3449 5182 2510)
4(5182 3450 5164 2510)
4(3449 6058 3448 1708)
4(1709 3451 5166 3453)
4(1709 3453 5184 3452)
4(5166 3451 6059 2511)
4(6059 3452 5184 2511)
4(5184 3453 5166 2511)
4(3452 6059 3451 1709)
4(6715 6742 4910 2822)
4(4910 6742 6682 2512)
4(6682 6743 5948 2512)
4(5948 2822 4910 2512)
4(6715 2822 5948 6743)
4(6715 6743 6682 6742)
4(1719 3475 4913 3474)
4(1719 3476 5187 3475)
4(5949 3474 4913 2513)
4(4913 3475 5187 2513)
4(5187 3476 5949 2513)
4(1719 3474 5949 3476)
4(1720 3478 4916 3477)
4(1720 3479 5190 3478)
4(5950 3477 4916 2514)
4(4916 3478 5190 2514)
4(5190 3479 5950 2514)
4(1720 3477 5950 3479)
4(1721 3481 4919 3480)
4(1721 3482 5193 3481)
4(5951 3480 4919 2515)
4(4919 3481 5193 2515)
4(5193 3482 5951 2515)
4(1721 3480 5951 3482)
3(3485 4924 3484)
4(5952 3484 4924 2516)
4(4924 3485 5199 2516)
3(5199 5952 2516)
4(3484 5952 5199 3485)
4(1722 3487 4927 3486)
4(1722 3488 5201 3487)
4(5953 3486 4927 2517)
4(4927 3487 5201 2517)
4(5201 3488 5953 2517)
4(1722 3486 5953 3488)
4(1723 3490 4930 3489)
4(1723 3491 5204 3490)
4(5954 3489 4930 2518)
4(4930 3490 5204 2518)
4(5204 3491 5954 2518)
4(1723 3489 5954 3491)
4(1724 3493 4933 3492)
4(1724 3494 5207 3493)
4(5955 3492 4933 2519)
4(4933 3493 5207 2519)
4(5207 3494 5955 2519)
4(1724 3492 5955 3494)
4(1725 3496 4935 3495)
4(1725 3497 5210 3496)
4(5933 3495 4935 2520)
4(4935 3496 5210 2520)
4(5210 3497 5933 2520)
4(3495 5933 3497 1725)
4(6729 6747 4938 2828)
4(6729 2828 5188 6748)
4(4938 6747 6684 2521)
4(6684 6748 5188 2521)
4(5188 2828 4938 2521)
4(6729 6748 6684 6747)
4(1727 3501 4941 3500)
4(1727 3500 5191 3502)
4(1727 3502 5215 3501)
4(5191 3500 4941 6313)
4(4941 3501 5215 6313)
4(5215 3502 5191 6313)
4(1728 3504 4944 3503)
4(1728 3503 5194 3505)
4(1728 3505 6472 3504)
4(5194 3503 4944 6600)
4(4944 3504 6472 6600)
4(6472 3505 5194 6600)
4(1729 3507 4947 3506)
4(1729 3506 5197 3508)
4(5197 3506 4947 6314)
4(4947 3507 6475 6314)
4(6475 3508 5197 6314)
4(1729 3508 6475 3507)
4(1730 3510 4950 3509)
4(5200 3509 4950 2522)
4(4950 3510 5218 2522)
4(5218 3511 5200 2522)
4(1730 3511 5218 3510)
4(1730 3509 5200 3511)
4(1731 3513 4953 3512)
4(1731 3512 5202 3514)
4(1731 3514 5219 3513)
4(5202 3512 4953 6315)
4(4953 3513 5219 6315)
4(5219 3514 5202 6315)
6(1733 3519 1743 1850 1840 3520)
6(1742 6368 1849 1850 1743 3542)
6(1839 3771 1840 1850 1849 6380)
4(1732 3516 4956 3515)
4(1733 3515 4956 3519)
4(1742 3542 4956 3516)
4(1743 3519 4956 3542)
4(1732 3515 5205 3517)
4(1733 3520 5205 3515)
4(1839 3517 5205 3771)
4(1840 3771 5205 3520)
4(1732 3517 6480 3516)
4(1742 3516 6480 6368)
4(1839 6380 6480 3517)
4(1849 6368 6480 6380)
6(1734 3522 1744 1851 1841 3523)
5(1743 1850 1851 1744 3544)
5(1840 3773 1841 1851 1850)
4(1733 3519 4959 3518)
4(1734 3518 4959 3522)
4(1743 3544 4959 3519)
4(1744 3522 4959 3544)
4(1733 3518 5208 3520)
4(1734 3523 5208 3518)
4(1840 3520 5208 3773)
4(1841 3773 5208 3523)
4(1735 3525 5222 3526)
6(1744 1851 1852 3550 1745 3546)
6(1841 3775 1842 3778 1852 1851)
4(1734 3522 4962 3521)
4(1735 3521 4962 3525)
4(1744 3546 4962 3522)
4(1745 3525 4962 3546)
4(1734 3521 5211 3523)
4(1735 3526 5211 3521)
4(1841 3523 5211 3775)
4(1842 3775 5211 3526)
4(1745 3550 5222 3525)
4(1842 3526 5222 3778)
4(1852 3778 5222 3550)
4(1735 3525 4964 3524)
4(1735 3524 5213 3526)
4(5213 3524 4964 2523)
4(4964 3525 5222 2523)
4(5222 3526 5213 2523)
4(6745 6750 4967 2834)
4(6745 2834 5216 6751)
4(4967 6750 6685 2524)
4(6685 6751 5216 2524)
4(5216 2834 4967 2524)
4(6745 6751 6685 6750)
4(1737 3530 4970 3529)
4(1737 3531 5225 3530)
4(1737 3529 6473 3531)
4(6473 3529 4970 6316)
4(4970 3530 5225 6316)
4(5225 3531 6473 6316)
4(1738 3533 4973 3532)
4(1738 6366 6483 3533)
4(6476 3532 4973 6317)
4(4973 3533 6483 6317)
4(6483 6366 6476 6317)
4(1738 3532 6476 6366)
4(1739 3535 4976 3534)
4(1739 3534 6478 6367)
4(1739 6367 6485 3535)
4(6478 3534 4976 6598)
4(4976 3535 6485 6598)
4(6485 6367 6478 6598)
4(1740 3537 4979 3536)
4(1740 3536 5220 3538)
4(5220 3536 4979 6318)
4(4979 3537 6487 6318)
4(6487 3538 5220 6318)
4(1740 3538 6487 3537)
6(1742 3543 1752 1859 1849 6368)
6(1751 6372 1858 1859 1752 3562)
6(1848 6383 1849 1859 1858 6384)
4(1741 3540 4982 3539)
4(1742 3539 4982 3543)
4(1751 3562 4982 3540)
4(1752 3543 4982 3562)
4(1741 3539 6481 3541)
4(1742 6368 6481 3539)
4(1848 3541 6481 6383)
4(1849 6383 6481 6368)
4(1741 3541 6489 3540)
4(1751 3540 6489 6372)
4(1848 6384 6489 3541)
4(1858 6372 6489 6384)
5(1743 3545 1753 1860 1850)
5(1752 1859 1860 1753 3564)
4(1849 1850 1860 1859)
4(1742 3543 4985 3542)
4(1743 3542 4985 3545)
4(1752 3564 4985 3543)
4(1753 3545 4985 3564)
5(1744 3547 1754 1861 1851)
5(1753 1860 1861 1754 3566)
4(1850 1851 1861 1860)
4(1743 3545 4988 3544)
4(1744 3544 4988 3547)
4(1753 3566 4988 3545)
4(1754 3547 4988 3566)
4(1745 3549 5229 3550)
6(1754 1861 1862 3572 1755 3568)
5(1851 1852 3791 1862 1861)
4(1744 3547 4991 3546)
4(1745 3546 4991 3549)
4(1754 3568 4991 3547)
4(1755 3549 4991 3568)
4(1755 3572 5229 3549)
4(1852 3550 5229 3791)
4(1862 3791 5229 3572)
4(1745 3549 4993 3548)
4(1745 3548 5223 3550)
4(5223 3548 4993 2525)
4(4993 3549 5229 2525)
4(5229 3550 5223 2525)
4(6755 6752 4996 2840)
4(6755 2840 5226 6753)
4(4996 6752 6687 2526)
4(6687 6753 5226 2526)
4(5226 2840 4996 2526)
4(6755 6753 6687 6752)
4(1747 3554 4999 3553)
4(1747 3555 5232 3554)
4(1747 3553 6484 3555)
4(6484 3553 4999 6319)
4(4999 3554 5232 6319)
4(5232 3555 6484 6319)
7(1749 3559 1759 1866 6387 1856 6370)
7(1758 6373 1865 6391 1866 1759 3578)
4(1855 6277 6494 3798)
4(1748 3557 5002 3556)
4(1749 3556 5002 3559)
4(1758 3578 5002 3557)
4(1759 3559 5002 3578)
4(1748 3556 6486 6369)
4(1749 6370 6486 3556)
4(1855 6369 6486 6277)
4(1856 6277 6486 6370)
4(1748 6369 6492 3557)
4(1758 3557 6492 6373)
4(1855 3798 6492 6369)
4(1865 6373 6492 3798)
4(1856 6387 6494 6277)
4(1865 3798 6494 6391)
4(1866 6391 6494 6387)
6(1750 3561 1760 1867 1857 6371)
5(1759 1866 1867 1760 3580)
6(1856 6386 1857 1867 1866 6387)
4(1749 3559 5005 3558)
4(1750 3558 5005 3561)
4(1759 3580 5005 3559)
4(1760 3561 5005 3580)
4(1749 3558 6599 6370)
4(1750 6371 6599 3558)
4(1856 6370 6599 6386)
4(1857 6386 6599 6371)
6(1751 3563 1761 1868 1858 6372)
5(1760 1867 1868 1761 3582)
5(1857 6388 1858 1868 1867)
4(1750 3561 5008 3560)
4(1751 3560 5008 3563)
4(1760 3582 5008 3561)
4(1761 3563 5008 3582)
4(1750 3560 6490 6371)
4(1751 6372 6490 3560)
4(1857 6371 6490 6388)
4(1858 6388 6490 6372)
5(1752 3565 1762 1869 1859)
5(1761 1868 1869 1762 3584)
4(1858 1859 1869 1868)
4(1751 3563 5011 3562)
4(1752 3562 5011 3565)
4(1761 3584 5011 3563)
4(1762 3565 5011 3584)
5(1753 3567 1763 1870 1860)
5(1762 1869 1870 1763 3586)
4(1859 1860 1870 1869)
4(1752 3565 5014 3564)
4(1753 3564 5014 3567)
4(1762 3586 5014 3565)
4(1763 3567 5014 3586)
5(1754 3569 1764 1871 1861)
5(1763 1870 1871 1764 3588)
4(1860 1861 1871 1870)
4(1753 3567 5017 3566)
4(1754 3566 5017 3569)
4(1763 3588 5017 3567)
4(1764 3569 5017 3588)
4(1755 3571 5236 3572)
6(1764 1871 1872 3594 1765 3590)
5(1861 1862 3801 1872 1871)
4(1754 3569 5020 3568)
4(1755 3568 5020 3571)
4(1764 3590 5020 3569)
4(1765 3571 5020 3590)
4(1765 3594 5236 3571)
4(1862 3572 5236 3801)
4(1872 3801 5236 3594)
4(1755 3571 5022 3570)
4(1755 3570 5230 3572)
4(5230 3570 5022 2527)
4(5022 3571 5236 2527)
4(5236 3572 5230 2527)
4(6772 6756 5025 2846)
4(6772 2846 5233 6757)
4(5025 6756 6689 2528)
4(6689 6757 5233 2528)
4(5233 2846 5025 2528)
4(6772 6757 6689 6756)
4(1757 3576 5028 3575)
4(1757 3577 5239 3576)
4(1757 3575 6493 3577)
4(6493 3575 5028 6320)
4(5028 3576 5239 6320)
4(5239 3577 6493 6320)
5(1759 3581 1769 1876 1866)
6(1768 6374 1875 1876 1769 3600)
6(1865 6391 1866 1876 1875 6392)
4(1758 3579 5031 3578)
4(1759 3578 5031 3581)
4(1768 3600 5031 3579)
4(1769 3581 5031 3600)
4(1758 6373 6495 3579)
4(1768 3579 6495 6374)
4(1865 6392 6495 6373)
4(1875 6374 6495 6392)
5(1760 3583 1770 1877 1867)
5(1769 1876 1877 1770 3602)
4(1866 1867 1877 1876)
4(1759 3581 5034 3580)
4(1760 3580 5034 3583)
4(1769 3602 5034 3581)
4(1770 3583 5034 3602)
5(1761 3585 1771 1878 1868)
5(1770 1877 1878 1771 3604)
4(1867 1868 1878 1877)
4(1760 3583 5037 3582)
4(1761 3582 5037 3585)
4(1770 3604 5037 3583)
4(1771 3585 5037 3604)
5(1762 3587 1772 1879 1869)
5(1771 1878 1879 1772 3606)
4(1868 1869 1879 1878)
4(1761 3585 5040 3584)
4(1762 3584 5040 3587)
4(1771 3606 5040 3585)
4(1772 3587 5040 3606)
5(1763 3589 1773 1880 1870)
5(1772 1879 1880 1773 3608)
4(1869 1870 1880 1879)
4(1762 3587 5043 3586)
4(1763 3586 5043 3589)
4(1772 3608 5043 3587)
4(1773 3589 5043 3608)
5(1764 3591 1774 1881 1871)
5(1773 1880 1881 1774 3610)
4(1870 1871 1881 1880)
4(1763 3589 5046 3588)
4(1764 3588 5046 3591)
4(1773 3610 5046 3589)
4(1774 3591 5046 3610)
4(1765 3593 5242 3594)
6(1774 1881 1882 3616 1775 3612)
5(1871 1872 3810 1882 1881)
4(1764 3591 5049 3590)
4(1765 3590 5049 3593)
4(1774 3612 5049 3591)
4(1775 3593 5049 3612)
4(1775 3616 5242 3593)
4(1872 3594 5242 3810)
4(1882 3810 5242 3616)
4(1765 3593 5051 3592)
4(1765 3592 5237 3594)
4(5237 3592 5051 2529)
4(5051 3593 5242 2529)
4(5242 3594 5237 2529)
4(6789 6761 5054 2852)
4(6789 2852 5240 6762)
4(5054 6761 6690 2530)
4(6690 6762 5240 2530)
4(5240 2852 5054 2530)
4(6789 6762 6690 6761)
4(1767 3598 5057 3597)
4(1767 3599 5245 3598)
4(1767 3597 6496 3599)
4(6496 3597 5057 6321)
4(5057 3598 5245 6321)
4(5245 3599 6496 6321)
5(1769 3603 1779 1886 1876)
6(1778 6375 1885 1886 1779 3622)
5(1875 1876 1886 1885 6395)
4(1768 3601 5060 3600)
4(1769 3600 5060 3603)
4(1778 3622 5060 3601)
4(1779 3603 5060 3622)
4(1768 6374 6498 3601)
4(1778 3601 6498 6375)
4(1875 6395 6498 6374)
4(1885 6375 6498 6395)
5(1770 3605 1780 1887 1877)
5(1779 1886 1887 1780 3624)
4(1876 1877 1887 1886)
4(1769 3603 5063 3602)
4(1770 3602 5063 3605)
4(1779 3624 5063 3603)
4(1780 3605 5063 3624)
5(1771 3607 1781 1888 1878)
5(1780 1887 1888 1781 3626)
4(1877 1878 1888 1887)
4(1770 3605 5066 3604)
4(1771 3604 5066 3607)
4(1780 3626 5066 3605)
4(1781 3607 5066 3626)
5(1772 3609 1782 1889 1879)
5(1781 1888 1889 1782 3628)
4(1878 1879 1889 1888)
4(1771 3607 5069 3606)
4(1772 3606 5069 3609)
4(1781 3628 5069 3607)
4(1782 3609 5069 3628)
5(1773 3611 1783 1890 1880)
5(1782 1889 1890 1783 3630)
4(1879 1880 1890 1889)
4(1772 3609 5072 3608)
4(1773 3608 5072 3611)
4(1782 3630 5072 3609)
4(1783 3611 5072 3630)
5(1774 3613 1784 1891 1881)
5(1783 1890 1891 1784 3632)
4(1880 1881 1891 1890)
4(1773 3611 5075 3610)
4(1774 3610 5075 3613)
4(1783 3632 5075 3611)
4(1784 3613 5075 3632)
4(1775 3615 5248 3616)
6(1784 1891 1892 3638 1785 3634)
5(1881 1882 3817 1892 1891)
4(1774 3613 5078 3612)
4(1775 3612 5078 3615)
4(1784 3634 5078 3613)
4(1785 3615 5078 3634)
4(1785 3638 5248 3615)
4(1882 3616 5248 3817)
4(1892 3817 5248 3638)
4(1775 3615 5080 3614)
4(1775 3614 5243 3616)
4(5243 3614 5080 2531)
4(5080 3615 5248 2531)
4(5248 3616 5243 2531)
4(6798 6764 5083 2858)
4(6798 2858 5246 6767)
4(5083 6764 6691 2532)
4(6691 6767 5246 2532)
4(5246 2858 5083 2532)
4(6798 6767 6691 6764)
4(1777 3620 5086 3619)
4(1777 3621 5251 3620)
4(1777 3619 6499 3621)
4(6499 3619 5086 6322)
4(5086 3620 5251 6322)
4(5251 3621 6499 6322)
5(1779 3625 1789 1896 1886)
6(1788 6376 1895 1896 1789 3644)
5(1885 1886 1896 1895 6398)
4(1778 3623 5089 3622)
4(1779 3622 5089 3625)
4(1788 3644 5089 3623)
4(1789 3625 5089 3644)
4(1778 6375 6501 3623)
4(1788 3623 6501 6376)
4(1885 6398 6501 6375)
4(1895 6376 6501 6398)
5(1780 3627 1790 1897 1887)
5(1789 1896 1897 1790 3646)
4(1886 1887 1897 1896)
4(1779 3625 5092 3624)
4(1780 3624 5092 3627)
4(1789 3646 5092 3625)
4(1790 3627 5092 3646)
5(1781 3629 1791 1898 1888)
5(1790 1897 1898 1791 3648)
4(1887 1888 1898 1897)
4(1780 3627 5095 3626)
4(1781 3626 5095 3629)
4(1790 3648 5095 3627)
4(1791 3629 5095 3648)
5(1782 3631 1792 1899 1889)
5(1791 1898 1899 1792 3650)
4(1888 1889 1899 1898)
4(1781 3629 5098 3628)
4(1782 3628 5098 3631)
4(1791 3650 5098 3629)
4(1792 3631 5098 3650)
5(1783 3633 1793 1900 1890)
5(1792 1899 1900 1793 3652)
4(1889 1890 1900 1899)
4(1782 3631 5101 3630)
4(1783 3630 5101 3633)
4(1792 3652 5101 3631)
4(1793 3633 5101 3652)
5(1784 3635 1794 1901 1891)
5(1793 1900 1901 1794 3654)
4(1890 1891 1901 1900)
4(1783 3633 5104 3632)
4(1784 3632 5104 3635)
4(1793 3654 5104 3633)
4(1794 3635 5104 3654)
4(1785 3637 5254 3638)
6(1794 1901 1902 3660 1795 3656)
5(1891 1892 3824 1902 1901)
4(1784 3635 5107 3634)
4(1785 3634 5107 3637)
4(1794 3656 5107 3635)
4(1795 3637 5107 3656)
4(1795 3660 5254 3637)
4(1892 3638 5254 3824)
4(1902 3824 5254 3660)
4(1785 3637 5109 3636)
4(1785 3636 5249 3638)
4(5249 3636 5109 2533)
4(5109 3637 5254 2533)
4(5254 3638 5249 2533)
4(6811 6769 5112 2864)
4(6811 2864 5252 6771)
4(5112 6769 6693 2534)
4(6693 6771 5252 2534)
4(5252 2864 5112 2534)
4(6811 6771 6693 6769)
4(1787 3642 5115 3641)
4(1787 3643 5257 3642)
4(1787 3641 6502 3643)
4(6502 3641 5115 6323)
4(5115 3642 5257 6323)
4(5257 3643 6502 6323)
5(1789 3647 1799 1906 1896)
6(1798 6377 1905 1906 1799 3666)
5(1895 1896 1906 1905 6401)
4(1788 3645 5118 3644)
4(1789 3644 5118 3647)
4(1798 3666 5118 3645)
4(1799 3647 5118 3666)
4(1788 6376 6504 3645)
4(1798 3645 6504 6377)
4(1895 6401 6504 6376)
4(1905 6377 6504 6401)
5(1790 3649 1800 1907 1897)
5(1799 1906 1907 1800 3668)
4(1896 1897 1907 1906)
4(1789 3647 5121 3646)
4(1790 3646 5121 3649)
4(1799 3668 5121 3647)
4(1800 3649 5121 3668)
5(1791 3651 1801 1908 1898)
5(1800 1907 1908 1801 3670)
4(1897 1898 1908 1907)
4(1790 3649 5124 3648)
4(1791 3648 5124 3651)
4(1800 3670 5124 3649)
4(1801 3651 5124 3670)
5(1792 3653 1802 1909 1899)
5(1801 1908 1909 1802 3672)
4(1898 1899 1909 1908)
4(1791 3651 5127 3650)
4(1792 3650 5127 3653)
4(1801 3672 5127 3651)
4(1802 3653 5127 3672)
5(1793 3655 1803 1910 1900)
5(1802 1909 1910 1803 3674)
4(1899 1900 1910 1909)
4(1792 3653 5130 3652)
4(1793 3652 5130 3655)
4(1802 3674 5130 3653)
4(1803 3655 5130 3674)
5(1794 3657 1804 1911 1901)
5(1803 1910 1911 1804 3676)
4(1900 1901 1911 1910)
4(1793 3655 5133 3654)
4(1794 3654 5133 3657)
4(1803 3676 5133 3655)
4(1804 3657 5133 3676)
4(1795 3659 5260 3660)
6(1804 1911 1912 3682 1805 3678)
5(1901 1902 3831 1912 1911)
4(1794 3657 5136 3656)
4(1795 3656 5136 3659)
4(1804 3678 5136 3657)
4(1805 3659 5136 3678)
4(1805 3682 5260 3659)
4(1902 3660 5260 3831)
4(1912 3831 5260 3682)
4(1795 3659 5138 3658)
4(1795 3658 5255 3660)
4(5255 3658 5138 2535)
4(5138 3659 5260 2535)
4(5260 3660 5255 2535)
4(6822 6774 5141 2870)
4(6822 2870 5258 6776)
4(5141 6774 6695 2536)
4(6695 6776 5258 2536)
4(5258 2870 5141 2536)
4(6822 6776 6695 6774)
4(1797 3664 5144 3663)
4(1797 3665 5263 3664)
4(1797 3663 6505 3665)
4(6505 3663 5144 6324)
4(5144 3664 5263 6324)
4(5263 3665 6505 6324)
6(1799 3669 1809 3693 1916 1906)
4(1808 3690 5267 3688)
6(1905 1906 1916 3843 1915 6404)
4(1798 3667 5147 3666)
4(1799 3666 5147 3669)
4(1808 3688 5147 3667)
4(1809 3669 5147 3688)
4(1809 3688 5267 3693)
4(1915 3843 5267 3690)
4(1916 3693 5267 3843)
4(1798 6377 6507 3667)
4(1808 3667 6507 3690)
4(1905 6404 6507 6377)
4(1915 3690 6507 6404)
6(1800 3671 1810 3696 1917 1907)
4(1809 3693 5268 3691)
5(1906 1907 1917 3846 1916)
4(1799 3669 5150 3668)
4(1800 3668 5150 3671)
4(1809 3691 5150 3669)
4(1810 3671 5150 3691)
4(1810 3691 5268 3696)
4(1916 3846 5268 3693)
4(1917 3696 5268 3846)
6(1801 3673 1811 3699 1918 1908)
4(1810 3696 5269 3694)
5(1907 1908 1918 3849 1917)
4(1800 3671 5153 3670)
4(1801 3670 5153 3673)
4(1810 3694 5153 3671)
4(1811 3673 5153 3694)
4(1811 3694 5269 3699)
4(1917 3849 5269 3696)
4(1918 3699 5269 3849)
6(1802 3675 1812 3702 1919 1909)
4(1811 3699 5270 3697)
5(1908 1909 1919 3852 1918)
4(1801 3673 5156 3672)
4(1802 3672 5156 3675)
4(1811 3697 5156 3673)
4(1812 3675 5156 3697)
4(1812 3697 5270 3702)
4(1918 3852 5270 3699)
4(1919 3702 5270 3852)
6(1803 3677 1813 3705 1920 1910)
4(1812 3702 5271 3700)
5(1909 1910 1920 3855 1919)
4(1802 3675 5159 3674)
4(1803 3674 5159 3677)
4(1812 3700 5159 3675)
4(1813 3677 5159 3700)
4(1813 3700 5271 3705)
4(1919 3855 5271 3702)
4(1920 3705 5271 3855)
6(1804 3679 1814 3708 1921 1911)
4(1813 3705 5272 3703)
5(1910 1911 1921 3858 1920)
4(1803 3677 5162 3676)
4(1804 3676 5162 3679)
4(1813 3703 5162 3677)
4(1814 3679 5162 3703)
4(1814 3703 5272 3708)
4(1920 3858 5272 3705)
4(1921 3708 5272 3858)
7(1805 3681 1815 3711 1922 1912 3682)
4(1814 3708 5273 3706)
5(1911 1912 1922 3861 1921)
4(1804 3679 5165 3678)
4(1805 3678 5165 3681)
4(1814 3706 5165 3679)
4(1815 3681 5165 3706)
4(1815 3706 5273 3711)
4(1921 3861 5273 3708)
4(1922 3711 5273 3861)
4(1815 3711 5274 3709)
6(1912 3837 1913 1923 3864 1922)
4(1805 3681 5167 3680)
4(1806 3680 5167 3683)
4(1815 3709 5167 3681)
4(1816 3683 5167 3709)
4(1805 3680 5261 3682)
4(1806 3684 5261 3680)
4(1912 3682 5261 3837)
4(1913 3837 5261 3684)
4(1816 3709 5274 3713)
4(1922 3864 5274 3711)
4(1923 3713 5274 3864)
4(6827 6779 5169 2876)
4(6827 2876 5264 6781)
4(5169 6779 6696 2537)
4(6696 6781 5264 2537)
4(5264 2876 5169 2537)
4(6827 6781 6696 6779)
4(1807 3686 5171 3685)
4(1807 3687 5275 3686)
4(5266 3685 5171 2538)
4(5171 3686 5275 2538)
4(5275 3687 5266 2538)
4(1807 3685 5266 3687)
4(1808 3689 5173 3688)
4(1808 3690 5277 3689)
4(5267 3688 5173 2539)
4(5173 3689 5277 2539)
4(5277 3690 5267 2539)
4(1809 3692 5175 3691)
4(1809 3693 5279 3692)
4(5268 3691 5175 2540)
4(5175 3692 5279 2540)
4(5279 3693 5268 2540)
4(1810 3695 5177 3694)
4(1810 3696 5281 3695)
4(5269 3694 5177 2541)
4(5177 3695 5281 2541)
4(5281 3696 5269 2541)
4(1811 3698 5179 3697)
4(1811 3699 5283 3698)
4(5270 3697 5179 2542)
4(5179 3698 5283 2542)
4(5283 3699 5270 2542)
4(1812 3701 5181 3700)
4(1812 3702 5285 3701)
4(5271 3700 5181 2543)
4(5181 3701 5285 2543)
4(5285 3702 5271 2543)
4(1813 3704 5183 3703)
4(1813 3705 5287 3704)
4(5272 3703 5183 2544)
4(5183 3704 5287 2544)
4(5287 3705 5272 2544)
4(1814 3707 5185 3706)
4(1814 3708 5289 3707)
4(5273 3706 5185 2545)
4(5185 3707 5289 2545)
4(5289 3708 5273 2545)
4(1815 3710 5186 3709)
4(1815 3711 5291 3710)
4(5274 3709 5186 2546)
4(5186 3710 5291 2546)
4(5291 3711 5274 2546)
3(6787 5189 2886)
4(5189 6787 6698 2547)
4(6698 6790 5968 2547)
4(5968 2886 5189 2547)
4(1826 3733 5192 3732)
4(1826 3734 5294 3733)
4(5969 3732 5192 2548)
4(5192 3733 5294 2548)
4(5294 3734 5969 2548)
4(1826 3732 5969 3734)
4(1827 3736 5195 3735)
4(1827 3737 5297 3736)
4(5970 3735 5195 2549)
4(5195 3736 5297 2549)
4(5297 3737 5970 2549)
4(1827 3735 5970 3737)
4(1828 3739 5198 3738)
4(1828 3740 5300 3739)
4(5971 3738 5198 2550)
4(5198 3739 5300 2550)
4(5300 3740 5971 2550)
4(1828 3738 5971 3740)
3(3743 5203 3742)
4(5972 3742 5203 2551)
4(5203 3743 5306 2551)
3(5306 5972 2551)
4(3742 5972 5306 3743)
4(1829 3745 5206 3744)
4(1829 3746 5308 3745)
4(5973 3744 5206 2552)
4(5206 3745 5308 2552)
4(5308 3746 5973 2552)
4(1829 3744 5973 3746)
4(1830 3748 5209 3747)
4(1830 3749 5311 3748)
4(5974 3747 5209 2553)
4(5209 3748 5311 2553)
4(5311 3749 5974 2553)
4(1830 3747 5974 3749)
4(1831 3751 5212 3750)
4(1831 3752 5314 3751)
4(5956 3750 5212 2554)
4(5212 3751 5314 2554)
4(5314 3752 5956 2554)
4(3750 5956 3752 1831)
4(1832 3754 5214 3753)
4(1832 3755 5317 3754)
4(5934 3753 5214 2555)
4(5214 3754 5317 2555)
4(5317 3755 5934 2555)
4(3753 5934 3755 1832)
4(6849 6792 5217 2892)
4(6849 2892 5295 6793)
4(5217 6792 6701 2556)
4(6701 6793 5295 2556)
4(5295 2892 5217 2556)
4(6849 6793 6701 6792)
4(1834 3758 5298 3760)
4(1834 3760 5322 3759)
4(1834 3759 6474 3758)
4(5298 3758 6474 6325)
4(6474 3759 5322 6325)
4(5322 3760 5298 6325)
4(1835 3761 5301 3762)
4(1835 3762 6509 6378)
4(5301 3761 6477 6326)
4(6477 6378 6509 6326)
4(6509 3762 5301 6326)
4(1835 6378 6477 3761)
4(1836 3763 5304 3764)
4(1836 6379 6479 3763)
4(1836 3764 6511 6379)
4(5304 3763 6479 6327)
4(6479 6379 6511 6327)
4(6511 3764 5304 6327)
4(1837 3766 5221 3765)
4(5307 3765 5221 2557)
4(5221 3766 5326 2557)
4(5326 3767 5307 2557)
4(1837 3767 5326 3766)
4(1837 3765 5307 3767)
4(1838 3768 5309 3770)
4(1838 3770 5327 3769)
4(1838 3769 6482 3768)
4(5309 3768 6482 6328)
4(6482 3769 5327 6328)
4(5327 3770 5309 6328)
5(1840 1850 1957 1947 3774)
5(1849 6385 1956 1957 1850)
6(1946 3926 1947 1957 1956 6408)
4(1839 3771 5312 3772)
4(1840 3774 5312 3771)
4(1946 3772 5312 3926)
4(1947 3926 5312 3774)
4(1839 3772 6515 6380)
4(1849 6380 6515 6385)
4(1946 6408 6515 3772)
4(1956 6385 6515 6408)
5(1841 1851 1958 1948 3776)
4(1850 1957 1958 1851)
5(1947 3928 1948 1958 1957)
4(1840 3773 5315 3774)
4(1841 3776 5315 3773)
4(1947 3774 5315 3928)
4(1948 3928 5315 3776)
4(1842 3778 5330 3779)
5(1851 1958 1959 3792 1852)
6(1948 3930 1949 3933 1959 1958)
4(1841 3775 5318 3776)
4(1842 3779 5318 3775)
4(1948 3776 5318 3930)
4(1949 3930 5318 3779)
4(1852 3792 5330 3778)
4(1949 3779 5330 3933)
4(1959 3933 5330 3792)
4(1842 3778 5224 3777)
4(1842 3777 5320 3779)
4(5320 3777 5224 2558)
4(5224 3778 5330 2558)
4(5330 3779 5320 2558)
4(6605 6794 5227 2898)
4(6605 2898 5323 6795)
4(5227 6794 4783 2559)
4(4783 6795 5323 2559)
4(5323 2898 5227 2559)
4(6605 6795 4783 6794)
4(1844 3784 5333 3783)
4(5325 3782 5228 2560)
4(5228 3783 5333 2560)
4(5333 3784 5325 2560)
4(1844 3783 5228 3782)
4(1844 3782 5325 3784)
4(1845 3786 5336 3785)
4(6293 6274 6292 6268)
4(6292 3785 5336 6268)
4(5336 3786 6293 6268)
4(1845 3785 6292 6274)
4(1845 6274 6293 3786)
4(1846 6276 6294 6275)
4(1846 6381 6513 6276)
4(6513 6381 6488 6329)
4(6488 6275 6294 6329)
4(6294 6276 6513 6329)
4(1846 6275 6488 6381)
4(1847 3787 5328 3788)
4(1847 6382 6491 3787)
4(1847 3788 6518 6382)
4(5328 3787 6491 6330)
4(6491 6382 6518 6330)
4(6518 3788 5328 6330)
5(1849 1859 1966 1956 6385)
5(1858 6390 1965 1966 1859)
6(1955 6411 1956 1966 1965 6412)
4(1848 6383 6516 3789)
4(1849 6385 6516 6383)
4(1955 3789 6516 6411)
4(1956 6411 6516 6385)
4(1848 3789 6521 6384)
4(1858 6384 6521 6390)
4(1955 6412 6521 3789)
4(1965 6390 6521 6412)
4(1850 1860 1967 1957)
4(1859 1966 1967 1860)
4(1956 1957 1967 1966)
4(1851 1861 1968 1958)
4(1860 1967 1968 1861)
4(1957 1958 1968 1967)
4(1852 3791 5339 3792)
5(1861 1968 1969 3802 1862)
5(1958 1959 3946 1969 1968)
4(1862 3802 5339 3791)
4(1959 3792 5339 3946)
4(1969 3946 5339 3802)
4(1852 3791 5231 3790)
4(1852 3790 5331 3792)
4(5331 3790 5231 2561)
4(5231 3791 5339 2561)
4(5339 3792 5331 2561)
4(6614 6797 5234 2904)
4(6614 2904 5334 2903)
4(5234 6797 4784 2562)
4(4784 2903 5334 2562)
4(5334 2904 5234 2562)
4(6614 2903 4784 6797)
4(1854 3795 5337 3797)
4(1854 3797 5342 3796)
4(5337 3795 5235 2563)
4(5235 3796 5342 2563)
4(5342 3797 5337 2563)
4(1854 3796 5235 3795)
4(1855 3799 5345 3798)
4(1855 6277 6295 3799)
4(6295 6277 6494 6331)
4(6494 3798 5345 6331)
4(5345 3799 6295 6331)
5(1857 1867 1974 1964 6389)
5(1866 6393 1973 1974 1867)
6(1963 6414 1964 1974 1973 6415)
4(1856 6386 6519 6278)
4(1857 6389 6519 6386)
4(1963 6278 6519 6414)
4(1964 6414 6519 6389)
4(1856 6278 6524 6387)
4(1866 6387 6524 6393)
4(1963 6415 6524 6278)
4(1973 6393 6524 6415)
5(1858 1868 1975 1965 6390)
4(1867 1974 1975 1868)
5(1964 6416 1965 1975 1974)
4(1857 6388 6522 6389)
4(1858 6390 6522 6388)
4(1964 6389 6522 6416)
4(1965 6416 6522 6390)
4(1859 1869 1976 1966)
4(1868 1975 1976 1869)
4(1965 1966 1976 1975)
4(1860 1870 1977 1967)
4(1869 1976 1977 1870)
4(1966 1967 1977 1976)
4(1861 1871 1978 1968)
4(1870 1977 1978 1871)
4(1967 1968 1978 1977)
4(1862 3801 5348 3802)
5(1871 1978 1979 3811 1872)
5(1968 1969 3956 1979 1978)
4(1872 3811 5348 3801)
4(1969 3802 5348 3956)
4(1979 3956 5348 3811)
4(1862 3801 5238 3800)
4(1862 3800 5340 3802)
4(5340 3800 5238 2564)
4(5238 3801 5348 2564)
4(5348 3802 5340 2564)
4(6627 6799 5241 2909)
4(6627 2909 5343 2908)
4(5241 6799 6467 6332)
4(6467 2908 5343 6332)
4(5343 2909 5241 6332)
4(6627 2908 6467 6799)
7(1865 6392 1875 6396 1982 1972 3808)
4(1874 3815 6529 6394)
7(1971 3960 1972 1982 6422 1981 6419)
4(1864 3805 5346 3807)
4(1865 3808 5346 3805)
4(1971 3807 5346 3960)
4(1972 3960 5346 3808)
4(1864 3806 6497 3805)
4(1865 3805 6497 6392)
4(1874 6394 6497 3806)
4(1875 6392 6497 6394)
4(1864 3807 6527 3806)
4(1874 3806 6527 3815)
4(1971 6419 6527 3807)
4(1981 3815 6527 6419)
4(1875 6394 6529 6396)
4(1981 6422 6529 3815)
4(1982 6396 6529 6422)
5(1866 1876 1983 1973 6393)
5(1875 6396 1982 1983 1876)
5(1972 6420 1973 1983 1982)
4(1865 6391 6525 3808)
4(1866 6393 6525 6391)
4(1972 3808 6525 6420)
4(1973 6420 6525 6393)
4(1867 1877 1984 1974)
4(1876 1983 1984 1877)
4(1973 1974 1984 1983)
4(1868 1878 1985 1975)
4(1877 1984 1985 1878)
4(1974 1975 1985 1984)
4(1869 1879 1986 1976)
4(1878 1985 1986 1879)
4(1975 1976 1986 1985)
4(1870 1880 1987 1977)
4(1879 1986 1987 1880)
4(1976 1977 1987 1986)
4(1871 1881 1988 1978)
4(1880 1987 1988 1881)
4(1977 1978 1988 1987)
4(1872 3810 5352 3811)
5(1881 1988 1989 3818 1882)
5(1978 1979 3964 1989 1988)
4(1882 3818 5352 3810)
4(1979 3811 5352 3964)
4(1989 3964 5352 3818)
4(1872 3810 5244 3809)
4(1872 3809 5349 3811)
4(5349 3809 5244 2565)
4(5244 3810 5352 2565)
4(5352 3811 5349 2565)
4(6640 6804 5247 2915)
4(5247 6804 6706 2566)
4(6706 2914 5351 2566)
4(5351 2915 5247 2566)
4(6640 2915 5351 2914)
4(6640 2914 6706 6804)
4(1874 3815 5355 3814)
4(1874 3814 6500 6394)
4(6529 6394 6500 6333)
4(6500 3814 5355 6333)
4(5355 3815 6529 6333)
4(1876 1886 1993 1983)
5(1885 6399 1992 1993 1886)
5(1982 1983 1993 1992 6423)
4(1875 6396 6530 6395)
4(1885 6395 6530 6399)
4(1982 6423 6530 6396)
4(1992 6399 6530 6423)
4(1877 1887 1994 1984)
4(1886 1993 1994 1887)
4(1983 1984 1994 1993)
4(1878 1888 1995 1985)
4(1887 1994 1995 1888)
4(1984 1985 1995 1994)
4(1879 1889 1996 1986)
4(1888 1995 1996 1889)
4(1985 1986 1996 1995)
4(1880 1890 1997 1987)
4(1889 1996 1997 1890)
4(1986 1987 1997 1996)
4(1881 1891 1998 1988)
4(1890 1997 1998 1891)
4(1987 1988 1998 1997)
4(1882 3817 5358 3818)
5(1891 1998 1999 3825 1892)
5(1988 1989 3971 1999 1998)
4(1892 3825 5358 3817)
4(1989 3818 5358 3971)
4(1999 3971 5358 3825)
4(1882 3817 5250 3816)
4(1882 3816 5353 3818)
4(5353 3816 5250 2567)
4(5250 3817 5358 2567)
4(5358 3818 5353 2567)
4(6651 6806 5253 2921)
4(6651 2921 5356 6808)
4(5253 6806 6709 2568)
4(6709 6808 5356 2568)
4(5356 2921 5253 2568)
4(6651 6808 6709 6806)
4(1884 3822 5361 3821)
4(1884 3821 6503 6397)
4(1884 6397 6531 3822)
4(6531 6397 6503 6334)
4(6503 3821 5361 6334)
4(5361 3822 6531 6334)
4(1886 1896 2003 1993)
5(1895 6402 2002 2003 1896)
5(1992 1993 2003 2002 6426)
4(1885 6399 6533 6398)
4(1895 6398 6533 6402)
4(1992 6426 6533 6399)
4(2002 6402 6533 6426)
4(1887 1897 2004 1994)
4(1896 2003 2004 1897)
4(1993 1994 2004 2003)
4(1888 1898 2005 1995)
4(1897 2004 2005 1898)
4(1994 1995 2005 2004)
4(1889 1899 2006 1996)
4(1898 2005 2006 1899)
4(1995 1996 2006 2005)
4(1890 1900 2007 1997)
4(1899 2006 2007 1900)
4(1996 1997 2007 2006)
4(1891 1901 2008 1998)
4(1900 2007 2008 1901)
4(1997 1998 2008 2007)
4(1892 3824 5364 3825)
5(1901 2008 2009 3832 1902)
5(1998 1999 3978 2009 2008)
4(1902 3832 5364 3824)
4(1999 3825 5364 3978)
4(2009 3978 5364 3832)
4(1892 3824 5256 3823)
4(1892 3823 5359 3825)
4(5359 3823 5256 2569)
4(5256 3824 5364 2569)
4(5364 3825 5359 2569)
4(6659 6809 5259 2927)
4(6659 2927 5362 6810)
4(5259 6809 6713 2570)
4(6713 6810 5362 2570)
4(5362 2927 5259 2570)
4(6659 6810 6713 6809)
4(1894 3829 5367 3828)
4(1894 3828 6506 6400)
4(1894 6400 6534 3829)
4(6534 6400 6506 6335)
4(6506 3828 5367 6335)
4(5367 3829 6534 6335)
4(1896 1906 2013 2003)
5(1905 6405 2012 2013 1906)
5(2002 2003 2013 2012 6429)
4(1895 6402 6536 6401)
4(1905 6401 6536 6405)
4(2002 6429 6536 6402)
4(2012 6405 6536 6429)
4(1897 1907 2014 2004)
4(1906 2013 2014 1907)
4(2003 2004 2014 2013)
4(1898 1908 2015 2005)
4(1907 2014 2015 1908)
4(2004 2005 2015 2014)
4(1899 1909 2016 2006)
4(1908 2015 2016 1909)
4(2005 2006 2016 2015)
4(1900 1910 2017 2007)
4(1909 2016 2017 1910)
4(2006 2007 2017 2016)
4(1901 1911 2018 2008)
4(1910 2017 2018 1911)
4(2007 2008 2018 2017)
4(1902 3831 5370 3832)
5(1911 2018 2019 3838 1912)
5(2008 2009 3985 2019 2018)
4(1912 3838 5370 3831)
4(2009 3832 5370 3985)
4(2019 3985 5370 3838)
4(1902 3831 5262 3830)
4(1902 3830 5365 3832)
4(5365 3830 5262 2571)
4(5262 3831 5370 2571)
4(5370 3832 5365 2571)
4(6665 6814 5265 2933)
4(6665 2933 5368 6816)
4(5265 6814 6714 2572)
4(6714 6816 5368 2572)
4(5368 2933 5265 2572)
4(6665 6816 6714 6814)
4(1904 3836 5373 3835)
4(1904 3835 6508 6403)
4(1904 6403 6537 3836)
4(6537 6403 6508 6336)
4(6508 3835 5373 6336)
4(5373 3836 6537 6336)
5(1906 1916 3848 2023 2013)
4(1915 3845 5377 3843)
6(2012 2013 2023 3997 2022 6432)
4(1916 3843 5377 3848)
4(2022 3997 5377 3845)
4(2023 3848 5377 3997)
4(1905 6405 6539 6404)
4(1915 6404 6539 3845)
4(2012 6432 6539 6405)
4(2022 3845 6539 6432)
5(1907 1917 3851 2024 2014)
4(1916 3848 5378 3846)
5(2013 2014 2024 4000 2023)
4(1917 3846 5378 3851)
4(2023 4000 5378 3848)
4(2024 3851 5378 4000)
5(1908 1918 3854 2025 2015)
4(1917 3851 5379 3849)
5(2014 2015 2025 4003 2024)
4(1918 3849 5379 3854)
4(2024 4003 5379 3851)
4(2025 3854 5379 4003)
5(1909 1919 3857 2026 2016)
4(1918 3854 5380 3852)
5(2015 2016 2026 4006 2025)
4(1919 3852 5380 3857)
4(2025 4006 5380 3854)
4(2026 3857 5380 4006)
5(1910 1920 3860 2027 2017)
4(1919 3857 5381 3855)
5(2016 2017 2027 4009 2026)
4(1920 3855 5381 3860)
4(2026 4009 5381 3857)
4(2027 3860 5381 4009)
5(1911 1921 3863 2028 2018)
4(1920 3860 5382 3858)
5(2017 2018 2028 4012 2027)
4(1921 3858 5382 3863)
4(2027 4012 5382 3860)
4(2028 3863 5382 4012)
7(1912 1922 3866 2029 6434 2019 3838)
4(1921 3863 5383 3861)
6(2018 2019 6434 2029 4015 2028)
4(1922 3861 5383 3866)
4(2028 4015 5383 3863)
4(2029 3866 5383 4015)
4(1922 3866 5384 3864)
4(2019 3991 6541 6434)
4(1912 3837 5371 3838)
4(1913 3839 5371 3837)
4(2019 3838 5371 3991)
4(2020 3991 5371 3839)
4(1923 3864 5384 3868)
4(2029 4018 5384 3866)
4(2030 3868 5384 4018)
4(2020 6435 6541 3991)
4(2029 6434 6541 4018)
4(2030 4018 6541 6435)
4(6672 6817 5276 2939)
4(6672 2939 5374 6818)
4(5276 6817 6718 2573)
4(6718 6818 5374 2573)
4(5374 2939 5276 2573)
4(6672 6818 6718 6817)
4(1914 3841 5278 3840)
4(1914 3842 5385 3841)
4(5376 3840 5278 2574)
4(5278 3841 5385 2574)
4(5385 3842 5376 2574)
4(1914 3840 5376 3842)
4(1915 3844 5280 3843)
4(1915 3845 5387 3844)
4(5377 3843 5280 2575)
4(5280 3844 5387 2575)
4(5387 3845 5377 2575)
4(1916 3847 5282 3846)
4(1916 3848 5389 3847)
4(5378 3846 5282 2576)
4(5282 3847 5389 2576)
4(5389 3848 5378 2576)
4(1917 3850 5284 3849)
4(1917 3851 5391 3850)
4(5379 3849 5284 2577)
4(5284 3850 5391 2577)
4(5391 3851 5379 2577)
4(1918 3853 5286 3852)
4(1918 3854 5393 3853)
4(5380 3852 5286 2578)
4(5286 3853 5393 2578)
4(5393 3854 5380 2578)
4(1919 3856 5288 3855)
4(1919 3857 5395 3856)
4(5381 3855 5288 2579)
4(5288 3856 5395 2579)
4(5395 3857 5381 2579)
4(1920 3859 5290 3858)
4(1920 3860 5397 3859)
4(5382 3858 5290 2580)
4(5290 3859 5397 2580)
4(5397 3860 5382 2580)
4(1921 3862 5292 3861)
4(1921 3863 5399 3862)
4(5383 3861 5292 2581)
4(5292 3862 5399 2581)
4(5399 3863 5383 2581)
4(1922 3865 5293 3864)
4(1922 3866 5401 3865)
4(5384 3864 5293 2582)
4(5293 3865 5401 2582)
4(5401 3866 5384 2582)
4(6688 6821 5296 2949)
4(5296 6821 6721 2583)
3(6721 5981 2583)
4(5981 2949 5296 2583)
4(1933 3888 5299 3887)
4(1933 3889 5404 3888)
4(5980 3887 5299 2584)
4(5299 3888 5404 2584)
4(5404 3889 5980 2584)
4(1933 3887 5980 3889)
4(1934 3891 5302 3890)
4(1934 3892 5407 3891)
4(5979 3890 5302 2585)
4(5302 3891 5407 2585)
4(5407 3892 5979 2585)
4(5979 3892 1934 3890)
4(1935 3894 5305 3893)
4(1935 3895 5410 3894)
4(5978 3893 5305 2586)
4(5305 3894 5410 2586)
4(5410 3895 5978 2586)
4(5978 3895 1935 3893)
3(3898 5310 3897)
4(5977 3897 5310 2587)
4(5310 3898 5416 2587)
3(5416 5977 2587)
4(5977 5416 3898 3897)
4(1936 3900 5313 3899)
4(1936 3901 5418 3900)
4(5976 3899 5313 2588)
4(5313 3900 5418 2588)
4(5418 3901 5976 2588)
4(5976 3901 1936 3899)
4(1937 3903 5316 3902)
4(1937 3904 5421 3903)
4(5975 3902 5316 2589)
4(5316 3903 5421 2589)
4(5421 3904 5975 2589)
4(3902 5975 3904 1937)
4(1938 3906 5319 3905)
4(1938 3907 5424 3906)
4(5957 3905 5319 2590)
4(5319 3906 5424 2590)
4(5424 3907 5957 2590)
4(3905 5957 3907 1938)
4(1939 3909 5321 3908)
4(1939 3910 5427 3909)
4(5935 3908 5321 2591)
4(5321 3909 5427 2591)
4(5427 3910 5935 2591)
4(3908 5935 3910 1939)
4(6697 6824 5324 2955)
4(6697 2955 5405 6825)
4(5324 6824 6723 2592)
4(6723 6825 5405 2592)
4(5405 2955 5324 2592)
4(6697 6825 6723 6824)
4(1941 3913 5408 3915)
4(1941 3915 5432 3914)
4(1941 3914 6510 3913)
4(5408 3913 6510 6337)
4(6510 3914 5432 6337)
4(5432 3915 5408 6337)
4(1942 3916 5411 3917)
4(1942 6406 6512 3916)
4(1942 3917 6542 6406)
4(5411 3916 6512 6338)
4(6512 6406 6542 6338)
4(6542 3917 5411 6338)
4(1943 3918 5414 3919)
4(1943 6407 6514 3918)
4(1943 3919 6544 6407)
4(5414 3918 6514 6339)
4(6514 6407 6544 6339)
4(6544 3919 5414 6339)
4(1944 3921 5329 3920)
4(5417 3920 5329 2593)
4(5329 3921 5436 2593)
4(5436 3922 5417 2593)
4(1944 3922 5436 3921)
4(1944 3920 5417 3922)
4(1945 3923 5419 3925)
4(1945 3925 5437 3924)
4(1945 3924 6517 3923)
4(5419 3923 6517 6340)
4(6517 3924 5437 6340)
4(5437 3925 5419 6340)
5(1947 1957 2064 2054 3929)
5(1956 6413 2063 2064 1957)
6(2053 4080 2054 2064 2063 6438)
4(1946 3926 5422 3927)
4(1947 3929 5422 3926)
4(2053 3927 5422 4080)
4(2054 4080 5422 3929)
4(1946 3927 6548 6408)
4(1956 6408 6548 6413)
4(2053 6438 6548 3927)
4(2063 6413 6548 6438)
5(1948 1958 2065 2055 3931)
4(1957 2064 2065 1958)
5(2054 4082 2055 2065 2064)
4(1947 3928 5425 3929)
4(1948 3931 5425 3928)
4(2054 3929 5425 4082)
4(2055 4082 5425 3931)
4(1949 3933 5440 3934)
5(1958 2065 2066 3947 1959)
6(2055 4084 2056 4087 2066 2065)
4(1948 3930 5428 3931)
4(1949 3934 5428 3930)
4(2055 3931 5428 4084)
4(2056 4084 5428 3934)
4(1959 3947 5440 3933)
4(2056 3934 5440 4087)
4(2066 4087 5440 3947)
4(1949 3933 5332 3932)
4(1949 3932 5430 3934)
4(5430 3932 5332 2594)
4(5332 3933 5440 2594)
4(5440 3934 5430 2594)
3(6710 6728 2961)
4(6710 2961 5433 6826)
3(6826 5433 6633)
4(5433 2961 6728 6633)
4(6710 6826 6633 6728)
4(1951 6812 6731 3937)
4(1951 3939 6800 6812)
4(5435 3937 6731 6635)
4(6800 3939 5435 6635)
4(1951 3937 5435 3939)
4(1952 3941 6803 6813)
4(1952 6813 6296 6279)
4(6297 6279 6296 6269)
4(6803 3941 6297 6269)
4(1952 6279 6297 3941)
4(1953 6281 6298 6280)
4(1953 6280 6520 6409)
4(1953 6409 6546 6281)
4(6546 6409 6520 6341)
4(6520 6280 6298 6341)
4(6298 6281 6546 6341)
4(1954 3942 5438 3943)
4(1954 6410 6523 3942)
4(1954 3943 6551 6410)
4(5438 3942 6523 6342)
4(6523 6410 6551 6342)
4(6551 3943 5438 6342)
5(1956 1966 2073 2063 6413)
5(1965 6418 2072 2073 1966)
6(2062 6441 2063 2073 2072 6442)
4(1955 6411 6549 3944)
4(1956 6413 6549 6411)
4(2062 3944 6549 6441)
4(2063 6441 6549 6413)
4(1955 3944 6554 6412)
4(1965 6412 6554 6418)
4(2062 6442 6554 3944)
4(2072 6418 6554 6442)
4(1957 1967 2074 2064)
4(1966 2073 2074 1967)
4(2063 2064 2074 2073)
4(1958 1968 2075 2065)
4(1967 2074 2075 1968)
4(2064 2065 2075 2074)
4(1959 3946 5449 3947)
5(1968 2075 2076 3957 1969)
5(2065 2066 4099 2076 2075)
4(1969 3957 5449 3946)
4(2066 3947 5449 4099)
4(2076 4099 5449 3957)
4(1959 3946 5341 3945)
4(1959 3945 5441 3947)
4(5441 3945 5341 2597)
4(5341 3946 5449 2597)
4(5449 3947 5441 2597)
4(775 2964 5344 2966)
4(775 2966 5444 2965)
4(5344 2964 4818 2598)
4(4818 2965 5444 2598)
4(5444 2966 5344 2598)
4(775 2965 4818 2964)
4(1961 3951 5347 3950)
4(1961 3950 5447 3952)
4(1961 3952 5452 3951)
4(5447 3950 5347 2599)
4(5347 3951 5452 2599)
4(5452 3952 5447 2599)
4(1962 3954 5455 3953)
4(1962 6282 6299 3954)
4(1962 3953 6526 6282)
4(6299 6282 6526 6343)
4(6526 3953 5455 6343)
4(5455 3954 6299 6343)
5(1964 1974 2081 2071 6417)
5(1973 6421 2080 2081 1974)
6(2070 6444 2071 2081 2080 6445)
4(1963 6414 6552 6283)
4(1964 6417 6552 6414)
4(2070 6283 6552 6444)
4(2071 6444 6552 6417)
4(1963 6283 6557 6415)
4(1973 6415 6557 6421)
4(2070 6445 6557 6283)
4(2080 6421 6557 6445)
5(1965 1975 2082 2072 6418)
4(1974 2081 2082 1975)
5(2071 6446 2072 2082 2081)
4(1964 6416 6555 6417)
4(1965 6418 6555 6416)
4(2071 6417 6555 6446)
4(2072 6446 6555 6418)
4(1966 1976 2083 2073)
4(1975 2082 2083 1976)
4(2072 2073 2083 2082)
4(1967 1977 2084 2074)
4(1976 2083 2084 1977)
4(2073 2074 2084 2083)
4(1968 1978 2085 2075)
4(1977 2084 2085 1978)
4(2074 2075 2085 2084)
4(1969 3956 5458 3957)
5(1978 2085 2086 3965 1979)
5(2075 2076 4108 2086 2085)
4(1979 3965 5458 3956)
4(2076 3957 5458 4108)
4(2086 4108 5458 3965)
4(1969 3956 5350 3955)
4(1969 3955 5450 3957)
4(5450 3955 5350 2600)
4(5350 3956 5458 2600)
4(5458 3957 5450 2600)
4(796 2968 5453 2967)
4(796 2967 6471 6365)
4(796 6365 6528 2968)
4(6528 6365 6471 6344)
4(6471 2967 5453 6344)
4(5453 2968 6528 6344)
7(1972 1982 6424 2089 6450 2079 3962)
4(1981 3969 6561 6422)
4(2078 4112 6562 4113)
4(1971 3960 5456 3961)
4(1972 3962 5456 3960)
4(2078 3961 5456 4112)
4(2079 4112 5456 3962)
4(1971 3961 6560 6419)
4(1981 6419 6560 3969)
4(2078 4113 6560 3961)
4(2088 3969 6560 4113)
4(1982 6422 6561 6424)
4(2088 6453 6561 3969)
4(2089 6424 6561 6453)
4(2079 6450 6562 4112)
4(2088 4113 6562 6453)
4(2089 6453 6562 6450)
5(1973 1983 2090 2080 6421)
5(1982 6424 2089 2090 1983)
6(2079 6449 2080 2090 2089 6450)
4(1972 6420 6558 3962)
4(1973 6421 6558 6420)
4(2079 3962 6558 6449)
4(2080 6449 6558 6421)
4(1974 1984 2091 2081)
4(1983 2090 2091 1984)
4(2080 2081 2091 2090)
4(1975 1985 2092 2082)
4(1984 2091 2092 1985)
4(2081 2082 2092 2091)
4(1976 1986 2093 2083)
4(1985 2092 2093 1986)
4(2082 2083 2093 2092)
4(1977 1987 2094 2084)
4(1986 2093 2094 1987)
4(2083 2084 2094 2093)
4(1978 1988 2095 2085)
4(1987 2094 2095 1988)
4(2084 2085 2095 2094)
4(1979 3964 5463 3965)
5(1988 2095 2096 3972 1989)
5(2085 2086 4116 2096 2095)
4(1989 3972 5463 3964)
4(2086 3965 5463 4116)
4(2096 4116 5463 3972)
4(1979 3964 5354 3963)
4(1979 3963 5459 3965)
4(5459 3963 5354 2601)
4(5354 3964 5463 2601)
4(5463 3965 5459 2601)
4(817 6828 5357 2974)
4(5357 6828 6730 2602)
4(6730 2973 5461 2602)
4(5461 2974 5357 2602)
4(817 2974 5461 2973)
4(817 2973 6730 6828)
4(1981 3969 5466 3968)
4(1981 3968 6532 6422)
4(6561 6422 6532 6345)
4(6532 3968 5466 6345)
4(5466 3969 6561 6345)
4(1983 1993 2100 2090)
5(1992 6427 2099 2100 1993)
5(2089 2090 2100 2099 6454)
4(1982 6424 6563 6423)
4(1992 6423 6563 6427)
4(2089 6454 6563 6424)
4(2099 6427 6563 6454)
4(1984 1994 2101 2091)
4(1993 2100 2101 1994)
4(2090 2091 2101 2100)
4(1985 1995 2102 2092)
4(1994 2101 2102 1995)
4(2091 2092 2102 2101)
4(1986 1996 2103 2093)
4(1995 2102 2103 1996)
4(2092 2093 2103 2102)
4(1987 1997 2104 2094)
4(1996 2103 2104 1997)
4(2093 2094 2104 2103)
4(1988 1998 2105 2095)
4(1997 2104 2105 1998)
4(2094 2095 2105 2104)
4(1989 3971 5469 3972)
5(1998 2105 2106 3979 1999)
5(2095 2096 4123 2106 2105)
4(1999 3979 5469 3971)
4(2096 3972 5469 4123)
4(2106 4123 5469 3979)
4(1989 3971 5360 3970)
4(1989 3970 5464 3972)
4(5464 3970 5360 2603)
4(5360 3971 5469 2603)
4(5469 3972 5464 2603)
4(6765 6830 5363 2980)
4(6765 2980 5467 6831)
4(5363 6830 6734 2604)
4(6734 6831 5467 2604)
4(5467 2980 5363 2604)
4(6765 6831 6734 6830)
4(1991 3976 5472 3975)
4(1991 3975 6535 6425)
4(1991 6425 6564 3976)
4(6564 6425 6535 6346)
4(6535 3975 5472 6346)
4(5472 3976 6564 6346)
4(1993 2003 2110 2100)
5(2002 6430 2109 2110 2003)
5(2099 2100 2110 2109 6457)
4(1992 6427 6566 6426)
4(2002 6426 6566 6430)
4(2099 6457 6566 6427)
4(2109 6430 6566 6457)
4(1994 2004 2111 2101)
4(2003 2110 2111 2004)
4(2100 2101 2111 2110)
4(1995 2005 2112 2102)
4(2004 2111 2112 2005)
4(2101 2102 2112 2111)
4(1996 2006 2113 2103)
4(2005 2112 2113 2006)
4(2102 2103 2113 2112)
4(1997 2007 2114 2104)
4(2006 2113 2114 2007)
4(2103 2104 2114 2113)
4(1998 2008 2115 2105)
4(2007 2114 2115 2008)
4(2104 2105 2115 2114)
4(1999 3978 5475 3979)
5(2008 2115 2116 3986 2009)
5(2105 2106 4130 2116 2115)
4(2009 3986 5475 3978)
4(2106 3979 5475 4130)
4(2116 4130 5475 3986)
4(1999 3978 5366 3977)
4(1999 3977 5470 3979)
4(5470 3977 5366 2605)
4(5366 3978 5475 2605)
4(5475 3979 5470 2605)
4(6783 6833 5369 2986)
4(6783 2986 5473 6834)
4(5369 6833 6737 2606)
4(6737 6834 5473 2606)
4(5473 2986 5369 2606)
4(6783 6834 6737 6833)
4(2001 3983 5478 3982)
4(2001 3982 6538 6428)
4(2001 6428 6567 3983)
4(6567 6428 6538 6347)
4(6538 3982 5478 6347)
4(5478 3983 6567 6347)
4(2003 2013 2120 2110)
5(2012 6433 2119 2120 2013)
5(2109 2110 2120 2119 6460)
4(2002 6430 6569 6429)
4(2012 6429 6569 6433)
4(2109 6460 6569 6430)
4(2119 6433 6569 6460)
4(2004 2014 2121 2111)
4(2013 2120 2121 2014)
4(2110 2111 2121 2120)
4(2005 2015 2122 2112)
4(2014 2121 2122 2015)
4(2111 2112 2122 2121)
4(2006 2016 2123 2113)
4(2015 2122 2123 2016)
4(2112 2113 2123 2122)
4(2007 2017 2124 2114)
4(2016 2123 2124 2017)
4(2113 2114 2124 2123)
4(2008 2018 2125 2115)
4(2017 2124 2125 2018)
4(2114 2115 2125 2124)
4(2009 3985 5481 3986)
5(2018 2125 2126 3992 2019)
5(2115 2116 4137 2126 2125)
4(2019 3992 5481 3985)
4(2116 3986 5481 4137)
4(2126 4137 5481 3992)
4(2009 3985 5372 3984)
4(2009 3984 5476 3986)
4(5476 3984 5372 2607)
4(5372 3985 5481 2607)
4(5481 3986 5476 2607)
4(6796 6836 5375 2992)
4(6796 2992 5479 6837)
4(5375 6836 6739 2608)
4(6739 6837 5479 2608)
4(5479 2992 5375 2608)
4(6796 6837 6739 6836)
4(2011 3990 5484 3989)
4(2011 3989 6540 6431)
4(2011 6431 6570 3990)
4(6570 6431 6540 6348)
4(6540 3989 5484 6348)
4(5484 3990 6570 6348)
5(2013 2023 4002 2130 2120)
4(2022 3999 5488 3997)
6(2119 2120 2130 4151 2129 6463)
4(2023 3997 5488 4002)
4(2129 4151 5488 3999)
4(2130 4002 5488 4151)
4(2012 6433 6572 6432)
4(2022 6432 6572 3999)
4(2119 6463 6572 6433)
4(2129 3999 6572 6463)
5(2014 2024 4005 2131 2121)
4(2023 4002 5489 4000)
5(2120 2121 2131 4154 2130)
4(2024 4000 5489 4005)
4(2130 4154 5489 4002)
4(2131 4005 5489 4154)
5(2015 2025 4008 2132 2122)
4(2024 4005 5490 4003)
5(2121 2122 2132 4157 2131)
4(2025 4003 5490 4008)
4(2131 4157 5490 4005)
4(2132 4008 5490 4157)
5(2016 2026 4011 2133 2123)
4(2025 4008 5491 4006)
5(2122 2123 2133 4160 2132)
4(2026 4006 5491 4011)
4(2132 4160 5491 4008)
4(2133 4011 5491 4160)
5(2017 2027 4014 2134 2124)
4(2026 4011 5492 4009)
5(2123 2124 2134 4163 2133)
4(2027 4009 5492 4014)
4(2133 4163 5492 4011)
4(2134 4014 5492 4163)
5(2018 2028 4017 2135 2125)
4(2027 4014 5493 4012)
5(2124 2125 2135 4166 2134)
4(2028 4012 5493 4017)
4(2134 4166 5493 4014)
4(2135 4017 5493 4166)
4(2019 6434 6574 3992)
4(2028 4017 5494 4015)
6(2125 2126 4144 2136 4169 2135)
4(2029 4015 5494 4020)
4(2135 4169 5494 4017)
4(2136 4020 5494 4169)
4(2029 4020 6574 6434)
4(2126 3992 6574 4144)
4(2136 4144 6574 4020)
4(2019 3991 5482 3992)
4(5482 3991 6541 6349)
4(6541 6434 6574 6349)
4(6574 3992 5482 6349)
4(6807 6839 5386 2998)
4(6807 2998 5485 6840)
4(5386 6839 6741 2609)
4(6741 6840 5485 2609)
4(5485 2998 5386 2609)
4(6807 6840 6741 6839)
4(2021 3995 5388 3994)
4(2021 3996 5497 3995)
4(5487 3994 5388 2610)
4(5388 3995 5497 2610)
4(5497 3996 5487 2610)
4(2021 3994 5487 3996)
4(2022 3998 5390 3997)
4(2022 3999 5499 3998)
4(5488 3997 5390 2611)
4(5390 3998 5499 2611)
4(5499 3999 5488 2611)
4(2023 4001 5392 4000)
4(2023 4002 5501 4001)
4(5489 4000 5392 2612)
4(5392 4001 5501 2612)
4(5501 4002 5489 2612)
4(2024 4004 5394 4003)
4(2024 4005 5503 4004)
4(5490 4003 5394 2613)
4(5394 4004 5503 2613)
4(5503 4005 5490 2613)
4(2025 4007 5396 4006)
4(2025 4008 5505 4007)
4(5491 4006 5396 2614)
4(5396 4007 5505 2614)
4(5505 4008 5491 2614)
4(2026 4010 5398 4009)
4(2026 4011 5507 4010)
4(5492 4009 5398 2615)
4(5398 4010 5507 2615)
4(5507 4011 5492 2615)
4(2027 4013 5400 4012)
4(2027 4014 5509 4013)
4(5493 4012 5400 2616)
4(5400 4013 5509 2616)
4(5509 4014 5493 2616)
4(2028 4016 5402 4015)
4(2028 4017 5511 4016)
4(5494 4015 5402 2617)
4(5402 4016 5511 2617)
4(5511 4017 5494 2617)
4(2029 4019 5403 4018)
4(2029 4020 5513 4019)
4(5495 4018 5403 2618)
4(5403 4019 5513 2618)
4(5513 4020 5495 2618)
4(2029 4018 5495 4020)
3(6843 5406 3008)
4(5406 6843 6744 2619)
4(6744 6844 5965 2619)
4(5965 3008 5406 2619)
4(2040 4042 5409 4041)
4(2040 4043 5516 4042)
4(5964 4041 5409 2620)
4(5409 4042 5516 2620)
4(5516 4043 5964 2620)
4(5964 4043 2040 4041)
4(2041 4045 5412 4044)
4(2041 4046 5519 4045)
4(5963 4044 5412 2621)
4(5412 4045 5519 2621)
4(5519 4046 5963 2621)
4(5963 4046 2041 4044)
4(2042 4048 5415 4047)
4(2042 4049 5522 4048)
4(5962 4047 5415 2622)
4(5415 4048 5522 2622)
4(5522 4049 5962 2622)
4(5962 4049 2042 4047)
3(4052 5420 4051)
4(5961 4051 5420 2623)
4(5420 4052 5528 2623)
3(5528 5961 2623)
4(5961 5528 4052 4051)
4(2043 4054 5423 4053)
4(2043 4055 5530 4054)
4(5960 4053 5423 2624)
4(5423 4054 5530 2624)
4(5530 4055 5960 2624)
4(5960 4055 2043 4053)
4(2044 4057 5426 4056)
4(2044 4058 5533 4057)
4(5959 4056 5426 2625)
4(5426 4057 5533 2625)
4(5533 4058 5959 2625)
4(5959 4058 2044 4056)
4(2045 4060 5429 4059)
4(2045 4061 5536 4060)
4(5958 4059 5429 2626)
4(5429 4060 5536 2626)
4(5536 4061 5958 2626)
4(4059 5958 4061 2045)
4(2046 4063 5431 4062)
4(2046 4064 5539 4063)
4(5936 4062 5431 2627)
4(5431 4063 5539 2627)
4(5539 4064 5936 2627)
4(4062 5936 4064 2046)
4(6832 6845 5434 3014)
4(6832 3014 5517 6846)
4(5434 6845 6746 2628)
4(6746 6846 5517 2628)
4(5517 3014 5434 2628)
4(6832 6846 6746 6845)
4(2048 4067 5520 4069)
4(2048 4069 5544 4068)
4(2048 4068 6543 4067)
4(5520 4067 6543 6350)
4(6543 4068 5544 6350)
4(5544 4069 5520 6350)
4(2049 4070 5523 4071)
4(2049 6436 6545 4070)
4(2049 4071 6575 6436)
4(5523 4070 6545 6351)
4(6545 6436 6575 6351)
4(6575 4071 5523 6351)
4(2050 4072 5526 4073)
4(2050 6437 6547 4072)
4(2050 4073 6576 6437)
4(5526 4072 6547 6352)
4(6547 6437 6576 6352)
4(6576 4073 5526 6352)
4(2051 4075 5439 4074)
4(5529 4074 5439 2629)
4(5439 4075 5549 2629)
4(5549 4076 5529 2629)
4(2051 4076 5549 4075)
4(2051 4074 5529 4076)
4(2052 4077 5531 4079)
4(2052 4079 5551 4078)
4(2052 4078 6550 4077)
4(5531 4077 6550 6353)
4(6550 4078 5551 6353)
4(5551 4079 5531 6353)
6(2054 2064 2171 4241 2161 4083)
6(2063 6443 2170 4266 2171 2064)
4(2160 4237 5555 4238)
4(2053 4080 5534 4081)
4(2054 4083 5534 4080)
4(2160 4081 5534 4237)
4(2161 4237 5534 4083)
4(2161 4241 5555 4237)
4(2170 4238 5555 4266)
4(2171 4266 5555 4241)
4(2053 4081 6578 6438)
4(2063 6438 6578 6443)
4(2160 4238 6578 4081)
4(2170 6443 6578 4238)
6(2055 2065 2172 4244 2162 4085)
5(2064 2171 4269 2172 2065)
4(2161 4240 5556 4241)
4(2054 4082 5537 4083)
4(2055 4085 5537 4082)
4(2161 4083 5537 4240)
4(2162 4240 5537 4085)
4(2162 4244 5556 4240)
4(2171 4241 5556 4269)
4(2172 4269 5556 4244)
4(2056 4087 5557 4088)
6(2065 2172 4272 2173 4100 2066)
4(2162 4243 5558 4244)
4(2055 4084 5540 4085)
4(2056 4088 5540 4084)
4(2162 4085 5540 4243)
4(2163 4243 5540 4088)
4(2066 4100 5557 4087)
4(2163 4088 5557 4247)
4(2173 4247 5557 4100)
4(2163 4247 5558 4243)
4(2172 4244 5558 4272)
4(2173 4272 5558 4247)
4(2056 4087 5442 4086)
4(2056 4086 5542 4088)
4(5542 4086 5442 2630)
4(5442 4087 5557 2630)
4(5557 4088 5542 2630)
3(6842 6801 3020)
4(6842 3020 5545 6848)
4(4851 6848 5545 2631)
4(5545 3020 6801 2631)
5(6842 6848 4851 2631 6801)
4(2058 6621 6805 4091)
4(2058 4093 5561 6621)
4(6301 4091 6805 6270)
4(5561 4093 6301 6270)
4(2058 4091 6301 4093)
4(2059 6623 6300 6284)
4(2059 6285 6302 6623)
4(6307 6284 6300 6304)
4(6302 6285 6307 6304)
4(2059 6284 6307 6285)
4(2060 6305 6308 6286)
4(2060 6286 6553 6439)
4(2060 6439 6577 6305)
4(6577 6439 6553 6354)
4(6553 6286 6308 6354)
4(6308 6305 6577 6354)
4(2061 4095 5552 4096)
4(2061 6440 6556 4095)
4(2061 4096 6580 6440)
4(5552 4095 6556 6355)
4(6556 6440 6580 6355)
4(6580 4096 5552 6355)
6(2063 2073 2180 4267 2170 6443)
6(2072 6448 2179 4292 2180 2073)
4(2169 4263 5568 4264)
4(2170 4267 5568 4263)
4(2179 4264 5568 4292)
4(2180 4292 5568 4267)
4(2062 6441 6579 4097)
4(2063 6443 6579 6441)
4(2169 4097 6579 4263)
4(2170 4263 6579 6443)
4(2062 4097 6582 6442)
4(2072 6442 6582 6448)
4(2169 4264 6582 4097)
4(2179 6448 6582 4264)
5(2064 2074 2181 4270 2171)
5(2073 2180 4295 2181 2074)
4(2170 4266 5569 4267)
4(2171 4270 5569 4266)
4(2180 4267 5569 4295)
4(2181 4295 5569 4270)
5(2065 2075 2182 4273 2172)
5(2074 2181 4298 2182 2075)
4(2171 4269 5570 4270)
4(2172 4273 5570 4269)
4(2181 4270 5570 4298)
4(2182 4298 5570 4273)
4(2066 4099 5571 4100)
6(2075 2182 4301 2183 4109 2076)
4(2172 4272 5572 4273)
4(2076 4109 5571 4099)
4(2173 4100 5571 4276)
4(2183 4276 5571 4109)
4(2173 4276 5572 4272)
4(2182 4273 5572 4301)
4(2183 4301 5572 4276)
4(2066 4099 5451 4098)
4(2066 4098 5559 4100)
4(5559 4098 5451 2632)
4(5451 4099 5571 2632)
4(5571 4100 5559 2632)
4(1006 3025 4855 3024)
4(1006 3024 5454 3026)
4(1006 3026 5562 3025)
4(5454 3024 4855 2633)
4(4855 3025 5562 2633)
4(5562 3026 5454 2633)
4(2068 4104 5457 4103)
4(2068 4105 5575 4104)
4(2068 4103 6303 4105)
4(6303 4103 5457 6356)
4(5457 4104 5575 6356)
4(5575 4105 6303 6356)
4(2069 6287 6309 6288)
4(2069 4106 6559 6287)
4(2069 6288 6584 4106)
4(6309 6287 6559 6357)
4(6559 4106 6584 6357)
4(6584 6288 6309 6357)
6(2071 2081 2188 4290 2178 6447)
6(2080 6452 2187 4315 2188 2081)
4(2177 4286 5580 4287)
4(2178 4290 5580 4286)
4(2187 4287 5580 4315)
4(2188 4315 5580 4290)
4(2070 6444 6581 6306)
4(2071 6447 6581 6444)
4(2177 6306 6581 4286)
4(2178 4286 6581 6447)
4(2070 6306 6586 6445)
4(2080 6445 6586 6452)
4(2177 4287 6586 6306)
4(2187 6452 6586 4287)
6(2072 2082 2189 4293 2179 6448)
5(2081 2188 4318 2189 2082)
4(2178 4289 5581 4290)
4(2179 4293 5581 4289)
4(2188 4290 5581 4318)
4(2189 4318 5581 4293)
4(2071 6446 6583 6447)
4(2072 6448 6583 6446)
4(2178 6447 6583 4289)
4(2179 4289 6583 6448)
5(2073 2083 2190 4296 2180)
5(2082 2189 4321 2190 2083)
4(2179 4292 5582 4293)
4(2180 4296 5582 4292)
4(2189 4293 5582 4321)
4(2190 4321 5582 4296)
5(2074 2084 2191 4299 2181)
5(2083 2190 4324 2191 2084)
4(2180 4295 5583 4296)
4(2181 4299 5583 4295)
4(2190 4296 5583 4324)
4(2191 4324 5583 4299)
5(2075 2085 2192 4302 2182)
5(2084 2191 4327 2192 2085)
4(2181 4298 5584 4299)
4(2182 4302 5584 4298)
4(2191 4299 5584 4327)
4(2192 4327 5584 4302)
4(2076 4108 5585 4109)
6(2085 2192 4330 2193 4117 2086)
4(2182 4301 5586 4302)
4(2086 4117 5585 4108)
4(2183 4109 5585 4305)
4(2193 4305 5585 4117)
4(2183 4305 5586 4301)
4(2192 4302 5586 4330)
4(2193 4330 5586 4305)
4(2076 4108 5460 4107)
4(2076 4107 5573 4109)
4(5573 4107 5460 2634)
4(5460 4108 5585 2634)
4(5585 4109 5573 2634)
4(1027 3031 4859 3030)
4(1027 3032 5576 3031)
4(5462 3030 4859 2635)
4(4859 3031 5576 2635)
4(5576 3032 5462 2635)
4(1027 3030 5462 3032)
4(2078 4114 5589 4113)
4(2078 4112 6585 4114)
4(6585 4112 6562 6358)
4(6562 4113 5589 6358)
4(5589 4114 6585 6358)
6(2080 2090 2197 4316 2187 6452)
6(2089 6455 2196 4341 2197 2090)
4(2186 4312 5593 4313)
4(2187 4316 5593 4312)
4(2196 4313 5593 4341)
4(2197 4341 5593 4316)
4(2079 6449 6587 6451)
4(2080 6452 6587 6449)
4(2186 6451 6587 4312)
4(2187 4312 6587 6452)
4(2079 6451 6588 6450)
4(2089 6450 6588 6455)
4(2186 4313 6588 6451)
4(2196 6455 6588 4313)
5(2081 2091 2198 4319 2188)
5(2090 2197 4344 2198 2091)
4(2187 4315 5594 4316)
4(2188 4319 5594 4315)
4(2197 4316 5594 4344)
4(2198 4344 5594 4319)
5(2082 2092 2199 4322 2189)
5(2091 2198 4347 2199 2092)
4(2188 4318 5595 4319)
4(2189 4322 5595 4318)
4(2198 4319 5595 4347)
4(2199 4347 5595 4322)
5(2083 2093 2200 4325 2190)
5(2092 2199 4350 2200 2093)
4(2189 4321 5596 4322)
4(2190 4325 5596 4321)
4(2199 4322 5596 4350)
4(2200 4350 5596 4325)
5(2084 2094 2201 4328 2191)
5(2093 2200 4353 2201 2094)
4(2190 4324 5597 4325)
4(2191 4328 5597 4324)
4(2200 4325 5597 4353)
4(2201 4353 5597 4328)
5(2085 2095 2202 4331 2192)
5(2094 2201 4356 2202 2095)
4(2191 4327 5598 4328)
4(2192 4331 5598 4327)
4(2201 4328 5598 4356)
4(2202 4356 5598 4331)
4(2086 4116 5599 4117)
6(2095 2202 4359 2203 4124 2096)
4(2192 4330 5600 4331)
4(2096 4124 5599 4116)
4(2193 4117 5599 4334)
4(2203 4334 5599 4124)
4(2193 4334 5600 4330)
4(2202 4331 5600 4359)
4(2203 4359 5600 4334)
4(2086 4116 5465 4115)
4(2086 4115 5587 4117)
4(5587 4115 5465 2636)
4(5465 4116 5599 2636)
4(5599 4117 5587 2636)
4(1048 6850 5468 3038)
4(1048 3038 5590 3037)
4(5468 6850 6754 2637)
4(6754 3037 5590 2637)
4(5590 3038 5468 2637)
4(1048 3037 6754 6850)
4(2088 4121 5603 4120)
4(2088 4120 6565 6453)
4(2088 6453 6589 4121)
4(6589 6453 6565 6359)
4(6565 4120 5603 6359)
4(5603 4121 6589 6359)
5(2090 2100 2207 4345 2197)
6(2099 6458 2206 4370 2207 2100)
4(2196 4341 5607 4342)
4(2197 4345 5607 4341)
4(2206 4342 5607 4370)
4(2207 4370 5607 4345)
4(2089 6455 6590 6454)
4(2099 6454 6590 6458)
4(2196 4342 6590 6455)
4(2206 6458 6590 4342)
5(2091 2101 2208 4348 2198)
5(2100 2207 4373 2208 2101)
4(2197 4344 5608 4345)
4(2198 4348 5608 4344)
4(2207 4345 5608 4373)
4(2208 4373 5608 4348)
5(2092 2102 2209 4351 2199)
5(2101 2208 4376 2209 2102)
4(2198 4347 5609 4348)
4(2199 4351 5609 4347)
4(2208 4348 5609 4376)
4(2209 4376 5609 4351)
5(2093 2103 2210 4354 2200)
5(2102 2209 4379 2210 2103)
4(2199 4350 5610 4351)
4(2200 4354 5610 4350)
4(2209 4351 5610 4379)
4(2210 4379 5610 4354)
5(2094 2104 2211 4357 2201)
5(2103 2210 4382 2211 2104)
4(2200 4353 5611 4354)
4(2201 4357 5611 4353)
4(2210 4354 5611 4382)
4(2211 4382 5611 4357)
5(2095 2105 2212 4360 2202)
5(2104 2211 4385 2212 2105)
4(2201 4356 5612 4357)
4(2202 4360 5612 4356)
4(2211 4357 5612 4385)
4(2212 4385 5612 4360)
4(2096 4123 5613 4124)
6(2105 2212 4388 2213 4131 2106)
4(2202 4359 5614 4360)
4(2106 4131 5613 4123)
4(2203 4124 5613 4363)
4(2213 4363 5613 4131)
4(2203 4363 5614 4359)
4(2212 4360 5614 4388)
4(2213 4388 5614 4363)
4(2096 4123 5471 4122)
4(2096 4122 5601 4124)
4(5601 4122 5471 2638)
4(5471 4123 5613 2638)
4(5613 4124 5601 2638)
4(6622 6601 5474 3044)
4(6622 3044 5604 6602)
4(5474 6601 6758 2639)
4(6758 6602 5604 2639)
4(5604 3044 5474 2639)
4(6622 6602 6758 6601)
4(2098 4128 5617 4127)
4(2098 4127 6568 6456)
4(2098 6456 6591 4128)
4(6591 6456 6568 6360)
4(6568 4127 5617 6360)
4(5617 4128 6591 6360)
5(2100 2110 2217 4374 2207)
6(2109 6461 2216 4399 2217 2110)
4(2206 4370 5621 4371)
4(2207 4374 5621 4370)
4(2216 4371 5621 4399)
4(2217 4399 5621 4374)
4(2099 6458 6592 6457)
4(2109 6457 6592 6461)
4(2206 4371 6592 6458)
4(2216 6461 6592 4371)
5(2101 2111 2218 4377 2208)
5(2110 2217 4402 2218 2111)
4(2207 4373 5622 4374)
4(2208 4377 5622 4373)
4(2217 4374 5622 4402)
4(2218 4402 5622 4377)
5(2102 2112 2219 4380 2209)
5(2111 2218 4405 2219 2112)
4(2208 4376 5623 4377)
4(2209 4380 5623 4376)
4(2218 4377 5623 4405)
4(2219 4405 5623 4380)
5(2103 2113 2220 4383 2210)
5(2112 2219 4408 2220 2113)
4(2209 4379 5624 4380)
4(2210 4383 5624 4379)
4(2219 4380 5624 4408)
4(2220 4408 5624 4383)
5(2104 2114 2221 4386 2211)
5(2113 2220 4411 2221 2114)
4(2210 4382 5625 4383)
4(2211 4386 5625 4382)
4(2220 4383 5625 4411)
4(2221 4411 5625 4386)
5(2105 2115 2222 4389 2212)
5(2114 2221 4414 2222 2115)
4(2211 4385 5626 4386)
4(2212 4389 5626 4385)
4(2221 4386 5626 4414)
4(2222 4414 5626 4389)
4(2106 4130 5627 4131)
6(2115 2222 4417 2223 4138 2116)
4(2212 4388 5628 4389)
4(2116 4138 5627 4130)
4(2213 4131 5627 4392)
4(2223 4392 5627 4138)
4(2213 4392 5628 4388)
4(2222 4389 5628 4417)
4(2223 4417 5628 4392)
4(2106 4130 5477 4129)
4(2106 4129 5615 4131)
4(5615 4129 5477 2640)
4(5477 4130 5627 2640)
4(5627 4131 5615 2640)
4(6637 6603 5480 3050)
4(6637 3050 5618 6604)
4(5480 6603 6760 2641)
4(6760 6604 5618 2641)
4(5618 3050 5480 2641)
4(6637 6604 6760 6603)
4(2108 4135 5631 4134)
4(2108 4134 6571 6459)
4(2108 6459 6593 4135)
4(6593 6459 6571 6361)
4(6571 4134 5631 6361)
4(5631 4135 6593 6361)
5(2110 2120 2227 4403 2217)
6(2119 6464 2226 4428 2227 2120)
4(2216 4399 5635 4400)
4(2217 4403 5635 4399)
4(2226 4400 5635 4428)
4(2227 4428 5635 4403)
4(2109 6461 6594 6460)
4(2119 6460 6594 6464)
4(2216 4400 6594 6461)
4(2226 6464 6594 4400)
5(2111 2121 2228 4406 2218)
5(2120 2227 4431 2228 2121)
4(2217 4402 5636 4403)
4(2218 4406 5636 4402)
4(2227 4403 5636 4431)
4(2228 4431 5636 4406)
5(2112 2122 2229 4409 2219)
5(2121 2228 4434 2229 2122)
4(2218 4405 5637 4406)
4(2219 4409 5637 4405)
4(2228 4406 5637 4434)
4(2229 4434 5637 4409)
5(2113 2123 2230 4412 2220)
5(2122 2229 4437 2230 2123)
4(2219 4408 5638 4409)
4(2220 4412 5638 4408)
4(2229 4409 5638 4437)
4(2230 4437 5638 4412)
5(2114 2124 2231 4415 2221)
5(2123 2230 4440 2231 2124)
4(2220 4411 5639 4412)
4(2221 4415 5639 4411)
4(2230 4412 5639 4440)
4(2231 4440 5639 4415)
5(2115 2125 2232 4418 2222)
5(2124 2231 4443 2232 2125)
4(2221 4414 5640 4415)
4(2222 4418 5640 4414)
4(2231 4415 5640 4443)
4(2232 4443 5640 4418)
4(2116 4137 5641 4138)
6(2125 2232 4446 2233 4145 2126)
4(2222 4417 5642 4418)
4(2126 4145 5641 4137)
4(2223 4138 5641 4421)
4(2233 4421 5641 4145)
4(2223 4421 5642 4417)
4(2232 4418 5642 4446)
4(2233 4446 5642 4421)
4(2116 4137 5483 4136)
4(2116 4136 5629 4138)
4(5629 4136 5483 2642)
4(5483 4137 5641 2642)
4(5641 4138 5629 2642)
4(6648 6606 5486 3056)
4(6648 3056 5632 6607)
4(5486 6606 6763 2643)
4(6763 6607 5632 2643)
4(5632 3056 5486 2643)
4(6648 6607 6763 6606)
4(2118 4142 5645 4141)
4(2118 4141 6573 6462)
4(2118 6462 6595 4142)
4(6595 6462 6573 6362)
4(6573 4141 5645 6362)
4(5645 4142 6595 6362)
6(2120 2130 4156 2237 4432 2227)
4(2129 4153 5650 4151)
4(2226 4428 5651 4429)
4(2130 4151 5650 4156)
4(2236 4457 5650 4153)
4(2237 4156 5650 4457)
4(2227 4432 5651 4428)
4(2236 4429 5651 4457)
4(2237 4457 5651 4432)
4(2119 6464 6596 6463)
4(2129 6463 6596 4153)
4(2226 4429 6596 6464)
4(2236 4153 6596 4429)
6(2121 2131 4159 2238 4435 2228)
4(2130 4156 5652 4154)
4(2227 4431 5653 4432)
4(2131 4154 5652 4159)
4(2237 4460 5652 4156)
4(2238 4159 5652 4460)
4(2228 4435 5653 4431)
4(2237 4432 5653 4460)
4(2238 4460 5653 4435)
6(2122 2132 4162 2239 4438 2229)
4(2131 4159 5654 4157)
4(2228 4434 5655 4435)
4(2132 4157 5654 4162)
4(2238 4463 5654 4159)
4(2239 4162 5654 4463)
4(2229 4438 5655 4434)
4(2238 4435 5655 4463)
4(2239 4463 5655 4438)
6(2123 2133 4165 2240 4441 2230)
4(2132 4162 5656 4160)
4(2229 4437 5657 4438)
4(2133 4160 5656 4165)
4(2239 4466 5656 4162)
4(2240 4165 5656 4466)
4(2230 4441 5657 4437)
4(2239 4438 5657 4466)
4(2240 4466 5657 4441)
6(2124 2134 4168 2241 4444 2231)
4(2133 4165 5658 4163)
4(2230 4440 5659 4441)
4(2134 4163 5658 4168)
4(2240 4469 5658 4165)
4(2241 4168 5658 4469)
4(2231 4444 5659 4440)
4(2240 4441 5659 4469)
4(2241 4469 5659 4444)
6(2125 2135 4171 2242 4447 2232)
4(2134 4168 5660 4166)
4(2231 4443 5661 4444)
4(2135 4166 5660 4171)
4(2241 4472 5660 4168)
4(2242 4171 5660 4472)
4(2232 4447 5661 4443)
4(2241 4444 5661 4472)
4(2242 4472 5661 4447)
4(2126 4144 5662 4145)
4(2135 4171 5663 4169)
4(2232 4446 5664 4447)
4(2136 4174 5662 4144)
4(2233 4145 5662 4450)
4(2243 4450 5662 4174)
4(2136 4169 5663 4174)
4(2242 4475 5663 4171)
4(2243 4174 5663 4475)
4(2233 4450 5664 4446)
4(2242 4447 5664 4475)
4(2243 4475 5664 4450)
4(2126 4143 5643 4145)
4(5643 4143 5496 2644)
4(5496 4144 5662 2644)
4(5662 4145 5643 2644)
4(2126 4144 5496 4143)
4(6656 6609 5498 3062)
4(6656 3062 5646 6610)
4(5498 6609 6766 2645)
4(6766 6610 5646 2645)
4(5646 3062 5498 2645)
4(6656 6610 6766 6609)
4(2128 4149 5500 4148)
4(2128 4150 5667 4149)
4(5648 4148 5500 2646)
4(5500 4149 5667 2646)
4(5667 4150 5648 2646)
4(2128 4148 5648 4150)
4(2129 4152 5502 4151)
4(2129 4153 5669 4152)
4(5650 4151 5502 2647)
4(5502 4152 5669 2647)
4(5669 4153 5650 2647)
4(2130 4155 5504 4154)
4(2130 4156 5671 4155)
4(5652 4154 5504 2648)
4(5504 4155 5671 2648)
4(5671 4156 5652 2648)
4(2131 4158 5506 4157)
4(2131 4159 5673 4158)
4(5654 4157 5506 2649)
4(5506 4158 5673 2649)
4(5673 4159 5654 2649)
4(2132 4161 5508 4160)
4(2132 4162 5675 4161)
4(5656 4160 5508 2650)
4(5508 4161 5675 2650)
4(5675 4162 5656 2650)
4(2133 4164 5510 4163)
4(2133 4165 5677 4164)
4(5658 4163 5510 2651)
4(5510 4164 5677 2651)
4(5677 4165 5658 2651)
4(2134 4167 5512 4166)
4(2134 4168 5679 4167)
4(5660 4166 5512 2652)
4(5512 4167 5679 2652)
4(5679 4168 5660 2652)
4(2135 4170 5514 4169)
4(2135 4171 5681 4170)
4(5663 4169 5514 2653)
4(5514 4170 5681 2653)
4(5681 4171 5663 2653)
4(2136 4173 5515 4172)
4(2136 4172 5665 4174)
4(2136 4174 5683 4173)
4(5665 4172 5515 2654)
4(5515 4173 5683 2654)
4(5683 4174 5665 2654)
4(6669 6612 5518 3072)
4(5518 6612 6768 2655)
4(6768 6613 5945 2655)
4(5945 3072 5518 2655)
4(2147 4197 5521 4196)
4(2147 4198 5686 4197)
4(5944 4196 5521 2656)
4(5521 4197 5686 2656)
4(5686 4198 5944 2656)
4(5944 4198 2147 4196)
4(2148 4200 5524 4199)
4(2148 4201 5688 4200)
4(5943 4199 5524 2657)
4(5524 4200 5688 2657)
4(5688 4201 5943 2657)
4(5943 4201 2148 4199)
4(2149 4203 5527 4202)
4(2149 4204 5690 4203)
4(5942 4202 5527 2658)
4(5527 4203 5690 2658)
4(5690 4204 5942 2658)
4(5942 4204 2149 4202)
3(4207 5532 4206)
4(5941 4206 5532 2659)
4(5532 4207 5694 2659)
3(5694 5941 2659)
4(5694 4207 4206 5941)
4(2150 4209 5535 4208)
4(2150 4210 5696 4209)
4(5940 4208 5535 2660)
4(5535 4209 5696 2660)
4(5696 4210 5940 2660)
4(5940 4210 2150 4208)
4(2151 4212 5538 4211)
4(2151 4213 5698 4212)
4(5939 4211 5538 2661)
4(5538 4212 5698 2661)
4(5698 4213 5939 2661)
4(5939 4213 2151 4211)
4(2152 4215 5541 4214)
4(2152 4216 5700 4215)
4(5938 4214 5541 2662)
4(5541 4215 5700 2662)
4(5700 4216 5938 2662)
4(5938 4216 2152 4214)
4(2153 4218 5543 4217)
4(2153 4219 5702 4218)
4(5937 4217 5543 2663)
4(5543 4218 5702 2663)
4(5702 4219 5937 2663)
4(4217 5937 4219 2153)
4(6677 6615 5546 3078)
4(6677 3078 5687 6616)
4(5546 6615 6770 2664)
4(6770 6616 5687 2664)
4(5687 3078 5546 2664)
4(6677 6616 6770 6615)
4(2155 4222 5689 4224)
4(2155 4224 5705 4223)
4(5689 4222 5547 2665)
4(5547 4223 5705 2665)
4(5705 4224 5689 2665)
4(2155 4223 5547 4222)
4(2156 4225 5691 4227)
4(2156 4227 5707 4226)
4(5691 4225 5548 2666)
4(5548 4226 5707 2666)
4(5707 4227 5691 2666)
4(2156 4226 5548 4225)
4(2157 4228 5693 4230)
4(2157 4230 5709 4229)
4(5693 4228 5550 2667)
4(5550 4229 5709 2667)
4(5709 4230 5693 2667)
4(2157 4229 5550 4228)
4(2158 4232 5553 4231)
4(2158 4233 5711 4232)
4(5695 4231 5553 2668)
4(5553 4232 5711 2668)
4(5711 4233 5695 2668)
4(2158 4231 5695 4233)
4(2159 4234 5697 4236)
4(2159 4236 5713 4235)
4(5697 4234 5554 2669)
4(5554 4235 5713 2669)
4(5713 4236 5697 2669)
4(2159 4235 5554 4234)
4(2160 4237 5699 4239)
4(2160 4239 5715 4238)
4(5699 4237 5555 2670)
4(5555 4238 5715 2670)
4(5715 4239 5699 2670)
4(2161 4240 5701 4242)
4(2161 4242 5717 4241)
4(5701 4240 5556 2671)
4(5556 4241 5717 2671)
4(5717 4242 5701 2671)
4(2162 4243 5703 4245)
4(2162 4245 5719 4244)
4(5703 4243 5558 2672)
4(5558 4244 5719 2672)
4(5719 4245 5703 2672)
4(2163 4247 5560 4246)
4(2163 4246 5704 4248)
4(2163 4248 5721 4247)
4(5704 4246 5560 2673)
4(5560 4247 5721 2673)
4(5721 4248 5704 2673)
4(6686 6619 5563 3084)
4(6686 3084 5706 6620)
4(5563 6619 6773 2674)
4(6773 6620 5706 2674)
4(5706 3084 5563 2674)
4(6686 6620 6773 6619)
4(2165 4251 5708 4253)
4(2165 4253 5724 4252)
4(5708 4251 5564 2675)
4(5564 4252 5724 2675)
4(5724 4253 5708 2675)
4(2165 4252 5564 4251)
4(2166 4254 5710 4256)
4(2166 4256 5726 4255)
4(5710 4254 5565 2676)
4(5565 4255 5726 2676)
4(5726 4256 5710 2676)
4(2166 4255 5565 4254)
4(2167 4257 5712 4259)
4(2167 4259 5728 4258)
4(5712 4257 5566 2677)
4(5566 4258 5728 2677)
4(5728 4259 5712 2677)
4(2167 4258 5566 4257)
4(2168 4260 5714 4262)
4(2168 4262 5730 4261)
4(5714 4260 5567 2678)
4(5567 4261 5730 2678)
4(5730 4262 5714 2678)
4(2168 4261 5567 4260)
4(2169 4263 5716 4265)
4(2169 4265 5732 4264)
4(5716 4263 5568 2679)
4(5568 4264 5732 2679)
4(5732 4265 5716 2679)
4(2170 4266 5718 4268)
4(2170 4268 5734 4267)
4(5718 4266 5569 2680)
4(5569 4267 5734 2680)
4(5734 4268 5718 2680)
4(2171 4269 5720 4271)
4(2171 4271 5736 4270)
4(5720 4269 5570 2681)
4(5570 4270 5736 2681)
4(5736 4271 5720 2681)
4(2172 4272 5722 4274)
4(2172 4274 5738 4273)
4(5722 4272 5572 2682)
4(5572 4273 5738 2682)
4(5738 4274 5722 2682)
4(2173 4276 5574 4275)
4(2173 4275 5723 4277)
4(2173 4277 5740 4276)
4(5723 4275 5574 2683)
4(5574 4276 5740 2683)
4(5740 4277 5723 2683)
4(6694 6624 5577 3090)
4(6694 3090 5725 6625)
4(5577 6624 6775 2684)
4(6775 6625 5725 2684)
4(5725 3090 5577 2684)
4(2175 4280 5727 4282)
4(2175 4282 5743 4281)
4(5727 4280 5578 2685)
4(5578 4281 5743 2685)
4(5743 4282 5727 2685)
4(2175 4281 5578 4280)
4(2176 4283 5729 4285)
4(2176 4285 5745 4284)
4(5729 4283 5579 2686)
4(5579 4284 5745 2686)
4(5745 4285 5729 2686)
4(2176 4284 5579 4283)
4(2177 4286 5731 4288)
4(2177 4288 5747 4287)
4(5731 4286 5580 2687)
4(5580 4287 5747 2687)
4(5747 4288 5731 2687)
4(2178 4289 5733 4291)
4(2178 4291 5749 4290)
4(5733 4289 5581 2688)
4(5581 4290 5749 2688)
4(5749 4291 5733 2688)
4(2179 4292 5735 4294)
4(2179 4294 5751 4293)
4(5735 4292 5582 2689)
4(5582 4293 5751 2689)
4(5751 4294 5735 2689)
4(2180 4295 5737 4297)
4(2180 4297 5753 4296)
4(5737 4295 5583 2690)
4(5583 4296 5753 2690)
4(5753 4297 5737 2690)
4(2181 4298 5739 4300)
4(2181 4300 5755 4299)
4(5739 4298 5584 2691)
4(5584 4299 5755 2691)
4(5755 4300 5739 2691)
4(2182 4301 5741 4303)
4(2182 4303 5757 4302)
4(5741 4301 5586 2692)
4(5586 4302 5757 2692)
4(5757 4303 5741 2692)
4(2183 4305 5588 4304)
4(2183 4304 5742 4306)
4(2183 4306 5759 4305)
4(5742 4304 5588 2693)
4(5588 4305 5759 2693)
4(5759 4306 5742 2693)
4(6705 6626 5591 3096)
4(6705 3096 5744 6628)
4(5591 6626 6778 2694)
4(6778 6628 5744 2694)
4(5744 3096 5591 2694)
4(2185 4309 5746 4311)
4(2185 4311 5762 4310)
4(5746 4309 5592 2695)
4(5592 4310 5762 2695)
4(5762 4311 5746 2695)
4(2185 4310 5592 4309)
4(2186 4312 5748 4314)
4(2186 4314 5764 4313)
4(5748 4312 5593 2696)
4(5593 4313 5764 2696)
4(5764 4314 5748 2696)
4(2187 4315 5750 4317)
4(2187 4317 5766 4316)
4(5750 4315 5594 2697)
4(5594 4316 5766 2697)
4(5766 4317 5750 2697)
4(2188 4318 5752 4320)
4(2188 4320 5768 4319)
4(5752 4318 5595 2698)
4(5595 4319 5768 2698)
4(5768 4320 5752 2698)
4(2189 4321 5754 4323)
4(2189 4323 5770 4322)
4(5754 4321 5596 2699)
4(5596 4322 5770 2699)
4(5770 4323 5754 2699)
4(2190 4324 5756 4326)
4(2190 4326 5772 4325)
4(5756 4324 5597 2700)
4(5597 4325 5772 2700)
4(5772 4326 5756 2700)
4(2191 4327 5758 4329)
4(2191 4329 5774 4328)
4(5758 4327 5598 2701)
4(5598 4328 5774 2701)
4(5774 4329 5758 2701)
4(2192 4330 5760 4332)
4(2192 4332 5776 4331)
4(5760 4330 5600 2702)
4(5600 4331 5776 2702)
4(5776 4332 5760 2702)
4(2193 4334 5602 4333)
4(2193 4333 5761 4335)
4(2193 4335 5778 4334)
4(5761 4333 5602 2703)
4(5602 4334 5778 2703)
4(5778 4335 5761 2703)
4(6719 6630 5605 3102)
4(6719 3102 5763 6631)
4(5605 6630 6780 2704)
4(6780 6631 5763 2704)
4(5763 3102 5605 2704)
4(6719 6631 6780 6630)
4(2195 4338 5765 4340)
4(2195 4340 5781 4339)
4(5765 4338 5606 2705)
4(5606 4339 5781 2705)
4(5781 4340 5765 2705)
4(2195 4339 5606 4338)
4(2196 4341 5767 4343)
4(2196 4343 5783 4342)
4(5767 4341 5607 2706)
4(5607 4342 5783 2706)
4(5783 4343 5767 2706)
4(2197 4344 5769 4346)
4(2197 4346 5785 4345)
4(5769 4344 5608 2707)
4(5608 4345 5785 2707)
4(5785 4346 5769 2707)
4(2198 4347 5771 4349)
4(2198 4349 5787 4348)
4(5771 4347 5609 2708)
4(5609 4348 5787 2708)
4(5787 4349 5771 2708)
4(2199 4350 5773 4352)
4(2199 4352 5789 4351)
4(5773 4350 5610 2709)
4(5610 4351 5789 2709)
4(5789 4352 5773 2709)
4(2200 4353 5775 4355)
4(2200 4355 5791 4354)
4(5775 4353 5611 2710)
4(5611 4354 5791 2710)
4(5791 4355 5775 2710)
4(2201 4356 5777 4358)
4(2201 4358 5793 4357)
4(5777 4356 5612 2711)
4(5612 4357 5793 2711)
4(5793 4358 5777 2711)
4(2202 4359 5779 4361)
4(2202 4361 5795 4360)
4(5779 4359 5614 2712)
4(5614 4360 5795 2712)
4(5795 4361 5779 2712)
4(2203 4363 5616 4362)
4(2203 4362 5780 4364)
4(2203 4364 5797 4363)
4(5780 4362 5616 2713)
4(5616 4363 5797 2713)
4(5797 4364 5780 2713)
4(6735 6634 5619 3108)
4(6735 3108 5782 6636)
4(5619 6634 6782 2714)
4(6782 6636 5782 2714)
4(5782 3108 5619 2714)
4(6735 6636 6782 6634)
4(2205 4367 5784 4369)
4(2205 4369 5800 4368)
4(5784 4367 5620 2715)
4(5620 4368 5800 2715)
4(5800 4369 5784 2715)
4(2205 4368 5620 4367)
4(2206 4370 5786 4372)
4(2206 4372 5802 4371)
4(5786 4370 5621 2716)
4(5621 4371 5802 2716)
4(5802 4372 5786 2716)
4(2207 4373 5788 4375)
4(2207 4375 5804 4374)
4(5788 4373 5622 2717)
4(5622 4374 5804 2717)
4(5804 4375 5788 2717)
4(2208 4376 5790 4378)
4(2208 4378 5806 4377)
4(5790 4376 5623 2718)
4(5623 4377 5806 2718)
4(5806 4378 5790 2718)
4(2209 4379 5792 4381)
4(2209 4381 5808 4380)
4(5792 4379 5624 2719)
4(5624 4380 5808 2719)
4(5808 4381 5792 2719)
4(2210 4382 5794 4384)
4(2210 4384 5810 4383)
4(5794 4382 5625 2720)
4(5625 4383 5810 2720)
4(5810 4384 5794 2720)
4(2211 4385 5796 4387)
4(2211 4387 5812 4386)
4(5796 4385 5626 2721)
4(5626 4386 5812 2721)
4(5812 4387 5796 2721)
4(2212 4388 5798 4390)
4(2212 4390 5814 4389)
4(5798 4388 5628 2722)
4(5628 4389 5814 2722)
4(5814 4390 5798 2722)
4(2213 4392 5630 4391)
4(2213 4391 5799 4393)
4(2213 4393 5816 4392)
4(5799 4391 5630 2723)
4(5630 4392 5816 2723)
4(5816 4393 5799 2723)
4(6749 6638 5633 3114)
4(6749 3114 5801 6639)
4(5633 6638 6785 2724)
4(6785 6639 5801 2724)
4(5801 3114 5633 2724)
4(6749 6639 6785 6638)
4(2215 4396 5803 4398)
4(2215 4398 5819 4397)
4(5803 4396 5634 2725)
4(5634 4397 5819 2725)
4(5819 4398 5803 2725)
4(2215 4397 5634 4396)
4(2216 4399 5805 4401)
4(2216 4401 5821 4400)
4(5805 4399 5635 2726)
4(5635 4400 5821 2726)
4(5821 4401 5805 2726)
4(2217 4402 5807 4404)
4(2217 4404 5823 4403)
4(5807 4402 5636 2727)
4(5636 4403 5823 2727)
4(5823 4404 5807 2727)
4(2218 4405 5809 4407)
4(2218 4407 5825 4406)
4(5809 4405 5637 2728)
4(5637 4406 5825 2728)
4(5825 4407 5809 2728)
4(2219 4408 5811 4410)
4(2219 4410 5827 4409)
4(5811 4408 5638 2729)
4(5638 4409 5827 2729)
4(5827 4410 5811 2729)
4(2220 4411 5813 4413)
4(2220 4413 5829 4412)
4(5813 4411 5639 2730)
4(5639 4412 5829 2730)
4(5829 4413 5813 2730)
4(2221 4414 5815 4416)
4(2221 4416 5831 4415)
4(5815 4414 5640 2731)
4(5640 4415 5831 2731)
4(5831 4416 5815 2731)
4(2222 4417 5817 4419)
4(2222 4419 5833 4418)
4(5817 4417 5642 2732)
4(5642 4418 5833 2732)
4(5833 4419 5817 2732)
4(2223 4421 5644 4420)
4(2223 4420 5818 4422)
4(2223 4422 5835 4421)
4(5818 4420 5644 2733)
4(5644 4421 5835 2733)
4(5835 4422 5818 2733)
4(6759 6641 5647 3120)
4(6759 3120 5820 6642)
4(5647 6641 6786 2734)
4(6786 6642 5820 2734)
4(5820 3120 5647 2734)
4(6759 6642 6786 6641)
4(2225 4425 5822 4427)
4(2225 4427 5838 4426)
4(5822 4425 5649 2735)
4(5649 4426 5838 2735)
4(5838 4427 5822 2735)
4(2225 4426 5649 4425)
4(2226 4428 5824 4430)
4(2226 4430 5840 4429)
4(5824 4428 5651 2736)
4(5651 4429 5840 2736)
4(5840 4430 5824 2736)
4(2227 4431 5826 4433)
4(2227 4433 5842 4432)
4(5826 4431 5653 2737)
4(5653 4432 5842 2737)
4(5842 4433 5826 2737)
4(2228 4434 5828 4436)
4(2228 4436 5844 4435)
4(5828 4434 5655 2738)
4(5655 4435 5844 2738)
4(5844 4436 5828 2738)
4(2229 4437 5830 4439)
4(2229 4439 5846 4438)
4(5830 4437 5657 2739)
4(5657 4438 5846 2739)
4(5846 4439 5830 2739)
4(2230 4440 5832 4442)
4(2230 4442 5848 4441)
4(5832 4440 5659 2740)
4(5659 4441 5848 2740)
4(5848 4442 5832 2740)
4(2231 4443 5834 4445)
4(2231 4445 5850 4444)
4(5834 4443 5661 2741)
4(5661 4444 5850 2741)
4(5850 4445 5834 2741)
4(2232 4446 5836 4448)
4(2232 4448 5852 4447)
4(5836 4446 5664 2742)
4(5664 4447 5852 2742)
4(5852 4448 5836 2742)
4(2233 4450 5666 4449)
4(2233 4449 5837 4451)
4(2233 4451 5854 4450)
4(5837 4449 5666 2743)
4(5666 4450 5854 2743)
4(5854 4451 5837 2743)
4(6777 6645 5668 3126)
4(6777 3126 5839 6646)
4(5668 6645 6788 2744)
4(6788 6646 5839 2744)
4(5839 3126 5668 2744)
4(6777 6646 6788 6645)
4(2235 4455 5670 4454)
4(2235 4454 5841 4456)
4(2235 4456 5857 4455)
4(5841 4454 5670 2745)
4(5670 4455 5857 2745)
4(5857 4456 5841 2745)
4(2236 4458 5672 4457)
4(2236 4457 5843 4459)
4(2236 4459 5858 4458)
4(5843 4457 5672 2746)
4(5672 4458 5858 2746)
4(5858 4459 5843 2746)
4(2237 4461 5674 4460)
4(2237 4460 5845 4462)
4(2237 4462 5859 4461)
4(5845 4460 5674 2747)
4(5674 4461 5859 2747)
4(5859 4462 5845 2747)
4(2238 4464 5676 4463)
4(2238 4463 5847 4465)
4(2238 4465 5860 4464)
4(5847 4463 5676 2748)
4(5676 4464 5860 2748)
4(5860 4465 5847 2748)
4(2239 4467 5678 4466)
4(2239 4466 5849 4468)
4(2239 4468 5861 4467)
4(5849 4466 5678 2749)
4(5678 4467 5861 2749)
4(5861 4468 5849 2749)
4(2240 4470 5680 4469)
4(2240 4469 5851 4471)
4(2240 4471 5862 4470)
4(5851 4469 5680 2750)
4(5680 4470 5862 2750)
4(5862 4471 5851 2750)
4(2241 4473 5682 4472)
4(2241 4472 5853 4474)
4(2241 4474 5863 4473)
4(5853 4472 5682 2751)
4(5682 4473 5863 2751)
4(5863 4474 5853 2751)
4(2242 4476 5684 4475)
4(2242 4475 5855 4477)
4(2242 4477 5864 4476)
4(5855 4475 5684 2752)
4(5684 4476 5864 2752)
4(5864 4477 5855 2752)
4(2243 4479 5685 4478)
4(2243 4478 5856 4480)
4(2243 4480 5865 4479)
4(5856 4478 5685 2753)
4(5685 4479 5865 2753)
4(5865 4480 5856 2753)
4(4697 2757 6077 2357)
4(5923 2758 4697 2357)
4(20 2757 4697 2758)
4(6077 2760 4695 2357)
4(4695 2762 4694 2357)
4(4697 2764 4695 2357)
4(41 2760 4695 2764)
4(41 2764 4697 2757)
4(5923 2357 4696 2817)
4(4696 2357 4694 2818)
4(4697 2357 4696 2820)
4(250 2820 4696 2817)
4(250 2758 4697 2820)
4(4696 2357 4695 2823)
4(270 2823 4695 2762)
4(270 2818 4696 2823)
4(271 2764 4695 2823)
4(271 2823 4696 2820)
4(271 2820 4697 2764)
4(4701 2763 6103 2358)
4(4701 2358 4695 2764)
4(41 2763 4701 2764)
4(6103 2766 4699 2358)
4(4699 2768 4698 2358)
4(4701 2770 4699 2358)
4(62 2766 4699 2770)
4(62 2770 4701 2763)
4(4700 2823 4695 2358)
4(4700 2358 4698 2824)
4(4701 2358 4700 2826)
4(271 2826 4700 2823)
4(271 2764 4701 2826)
4(4700 2358 4699 2829)
4(291 2829 4699 2768)
4(291 2824 4700 2829)
4(292 2770 4699 2829)
4(292 2829 4700 2826)
4(292 2826 4701 2770)
4(4705 2769 6125 2359)
4(4705 2359 4699 2770)
4(62 2769 4705 2770)
4(6125 2772 4703 2359)
4(4703 2774 4702 2359)
4(4705 2776 4703 2359)
4(83 2772 4703 2776)
4(83 2776 4705 2769)
4(4704 2829 4699 2359)
4(4704 2359 4702 2830)
4(4705 2359 4704 2832)
4(292 2832 4704 2829)
4(292 2770 4705 2832)
4(4704 2359 4703 2835)
4(312 2835 4703 2774)
4(312 2830 4704 2835)
4(313 2776 4703 2835)
4(313 2835 4704 2832)
4(313 2832 4705 2776)
4(4709 2775 6143 2360)
4(4709 2360 4703 2776)
4(83 2775 4709 2776)
4(6143 2778 4707 2360)
4(4707 2780 4706 2360)
4(4709 2782 4707 2360)
4(104 2778 4707 2782)
4(104 2782 4709 2775)
4(4708 2835 4703 2360)
4(4708 2360 4706 2836)
4(4709 2360 4708 2838)
4(313 2838 4708 2835)
4(313 2776 4709 2838)
4(4708 2360 4707 2841)
4(333 2841 4707 2780)
4(333 2836 4708 2841)
4(334 2782 4707 2841)
4(334 2841 4708 2838)
4(334 2838 4709 2782)
4(4713 2781 6157 2361)
4(4713 2361 4707 2782)
4(104 2781 4713 2782)
4(6157 2784 4711 2361)
4(4711 2786 4710 2361)
4(4713 2788 4711 2361)
4(125 2784 4711 2788)
4(125 2788 4713 2781)
4(4712 2841 4707 2361)
4(4712 2361 4710 2842)
4(4713 2361 4712 2844)
4(334 2844 4712 2841)
4(334 2782 4713 2844)
4(4712 2361 4711 2847)
4(354 2847 4711 2786)
4(354 2842 4712 2847)
4(355 2788 4711 2847)
4(355 2847 4712 2844)
4(355 2844 4713 2788)
4(6144 2362 4717 2787)
4(4717 2362 4711 2788)
4(125 2787 4717 2788)
4(6144 2790 4715 2362)
4(4715 2792 4714 2362)
4(4717 2794 4715 2362)
4(146 2790 4715 2794)
4(146 2794 4717 2787)
4(4716 2847 4711 2362)
4(4716 2362 4714 2848)
4(4717 2362 4716 2850)
4(355 2850 4716 2847)
4(355 2788 4717 2850)
4(4716 2362 4715 2853)
4(375 2853 4715 2792)
4(375 2848 4716 2853)
4(376 2794 4715 2853)
4(376 2853 4716 2850)
4(376 2850 4717 2794)
4(6126 2363 4721 2793)
4(4721 2363 4715 2794)
4(146 2793 4721 2794)
4(6126 2796 4719 2363)
4(4719 2798 4718 2363)
4(4721 2800 4719 2363)
4(167 2796 4719 2800)
4(167 2800 4721 2793)
4(4720 2853 4715 2363)
4(4720 2363 4718 2854)
4(4721 2363 4720 2856)
4(376 2856 4720 2853)
4(376 2794 4721 2856)
4(4720 2363 4719 2859)
4(396 2859 4719 2798)
4(396 2854 4720 2859)
4(397 2800 4719 2859)
4(397 2859 4720 2856)
4(397 2856 4721 2800)
4(6104 2364 4725 2799)
4(4725 2364 4719 2800)
4(167 2799 4725 2800)
4(6104 2802 4723 2364)
4(4723 2804 4722 2364)
4(4725 2806 4723 2364)
4(188 2802 4723 2806)
4(188 2806 4725 2799)
4(4724 2859 4719 2364)
4(4724 2364 4722 2860)
4(4725 2364 4724 2862)
4(397 2862 4724 2859)
4(397 2800 4725 2862)
4(4724 2364 4723 2865)
4(417 2865 4723 2804)
4(417 2860 4724 2865)
4(418 2806 4723 2865)
4(418 2865 4724 2862)
4(418 2862 4725 2806)
4(6078 2365 4729 2805)
4(4729 2365 4723 2806)
4(188 2805 4729 2806)
4(6078 2808 4727 2365)
4(4727 2810 4726 2365)
4(4729 2812 4727 2365)
4(209 2808 4727 2812)
4(209 2812 4729 2805)
4(4728 2865 4723 2365)
4(4728 2365 4726 2866)
4(4729 2365 4728 2868)
4(418 2868 4728 2865)
4(418 2806 4729 2868)
4(4728 2365 4727 2871)
4(438 2871 4727 2810)
4(438 2866 4728 2871)
4(439 2812 4727 2871)
4(439 2871 4728 2868)
4(439 2868 4729 2812)
4(6049 2366 4732 2811)
4(4732 2366 4727 2812)
4(209 2811 4732 2812)
4(6049 2814 5983 2366)
4(5983 2815 4730 2366)
4(5983 2366 4732 6740)
4(6702 6740 4732 2811)
4(4731 2871 4727 2366)
4(4731 2366 4730 2872)
4(4732 2366 4731 2874)
4(439 2874 4731 2871)
4(439 2812 4732 2874)
4(5983 2877 4731 2366)
4(459 2872 4731 2877)
4(6835 2877 4731 2874)
4(6835 2874 4732 6740)
4(4736 2820 4696 2367)
4(5947 2821 4736 2367)
4(250 2820 4736 2821)
4(4734 2367 4696 2823)
4(4734 2825 4733 2367)
4(4736 2827 4734 2367)
4(271 2823 4734 2827)
4(271 2827 4736 2820)
4(5947 2367 4735 2881)
4(4735 2367 4733 2882)
4(4736 2367 4735 2884)
4(481 2884 4735 2881)
4(481 2821 4736 2884)
4(4735 2367 4734 2887)
4(501 2887 4734 2825)
4(501 2882 4735 2887)
4(502 2827 4734 2887)
4(502 2887 4735 2884)
4(502 2884 4736 2827)
4(4740 2826 4700 2368)
4(4740 2368 4734 2827)
4(271 2826 4740 2827)
4(4738 2368 4700 2829)
4(4738 2831 4737 2368)
4(4740 2833 4738 2368)
4(292 2829 4738 2833)
4(292 2833 4740 2826)
4(4739 2887 4734 2368)
4(4739 2368 4737 2888)
4(4740 2368 4739 2890)
4(502 2890 4739 2887)
4(502 2827 4740 2890)
4(4739 2368 4738 2893)
4(522 2893 4738 2831)
4(522 2888 4739 2893)
4(523 2833 4738 2893)
4(523 2893 4739 2890)
4(523 2890 4740 2833)
4(4744 2832 4704 2369)
4(4744 2369 4738 2833)
4(292 2832 4744 2833)
4(4742 2369 4704 2835)
4(4742 2837 4741 2369)
4(4744 2839 4742 2369)
4(313 2835 4742 2839)
4(313 2839 4744 2832)
4(4743 2893 4738 2369)
4(4743 2369 4741 2894)
4(4744 2369 4743 2896)
4(523 2896 4743 2893)
4(523 2833 4744 2896)
4(4743 2369 4742 2899)
4(543 2899 4742 2837)
4(543 2894 4743 2899)
4(544 2839 4742 2899)
4(544 2899 4743 2896)
4(544 2896 4744 2839)
4(4748 2838 4708 2370)
4(4748 2370 4742 2839)
4(313 2838 4748 2839)
4(4746 2370 4708 2841)
4(4746 2843 4745 2370)
4(4748 2845 4746 2370)
4(334 2841 4746 2845)
4(334 2845 4748 2838)
4(4747 2899 4742 2370)
4(4747 2370 4745 2900)
4(4748 2370 4747 2902)
4(544 2902 4747 2899)
4(544 2839 4748 2902)
4(4747 2370 4746 2905)
4(564 2905 4746 2843)
4(564 2900 4747 2905)
4(565 2845 4746 2905)
4(565 2905 4747 2902)
4(565 2902 4748 2845)
4(4752 2844 4712 2371)
4(4752 2371 4746 2845)
4(334 2844 4752 2845)
4(4750 2371 4712 2847)
4(4750 2849 4749 2371)
4(4752 2851 4750 2371)
4(355 2847 4750 2851)
4(355 2851 4752 2844)
4(4751 2905 4746 2371)
4(4751 2371 4749 2906)
4(4752 2371 4751 2907)
4(565 2907 4751 2905)
4(565 2845 4752 2907)
4(4751 2371 4750 2910)
4(585 2910 4750 2849)
4(585 2906 4751 2910)
4(586 2851 4750 2910)
4(586 2910 4751 2907)
4(586 2907 4752 2851)
4(4756 2850 4716 2372)
4(4756 2372 4750 2851)
4(355 2850 4756 2851)
4(4754 2372 4716 2853)
4(4754 2855 4753 2372)
4(4756 2857 4754 2372)
4(376 2853 4754 2857)
4(376 2857 4756 2850)
4(4755 2910 4750 2372)
4(4755 2372 4753 2911)
4(4756 2372 4755 2913)
4(586 2913 4755 2910)
4(586 2851 4756 2913)
4(4755 2372 4754 2916)
4(606 2916 4754 2855)
4(606 2911 4755 2916)
4(607 2857 4754 2916)
4(607 2916 4755 2913)
4(607 2913 4756 2857)
4(4760 2856 4720 2373)
4(4760 2373 4754 2857)
4(376 2856 4760 2857)
4(4758 2373 4720 2859)
4(4758 2861 4757 2373)
4(4760 2863 4758 2373)
4(397 2859 4758 2863)
4(397 2863 4760 2856)
4(4759 2916 4754 2373)
4(4759 2373 4757 2917)
4(4760 2373 4759 2919)
4(607 2919 4759 2916)
4(607 2857 4760 2919)
4(4759 2373 4758 2922)
4(627 2922 4758 2861)
4(627 2917 4759 2922)
4(628 2863 4758 2922)
4(628 2922 4759 2919)
4(628 2919 4760 2863)
4(4764 2862 4724 2374)
4(4764 2374 4758 2863)
4(397 2862 4764 2863)
4(4762 2374 4724 2865)
4(4762 2867 4761 2374)
4(4764 2869 4762 2374)
4(418 2865 4762 2869)
4(418 2869 4764 2862)
4(4763 2922 4758 2374)
4(4763 2374 4761 2923)
4(4764 2374 4763 2925)
4(628 2925 4763 2922)
4(628 2863 4764 2925)
4(4763 2374 4762 2928)
4(648 2928 4762 2867)
4(648 2923 4763 2928)
4(649 2869 4762 2928)
4(649 2928 4763 2925)
4(649 2925 4764 2869)
4(4768 2868 4728 2375)
4(4768 2375 4762 2869)
4(418 2868 4768 2869)
4(4766 2375 4728 2871)
4(4766 2873 4765 2375)
4(4768 2875 4766 2375)
4(439 2871 4766 2875)
4(439 2875 4768 2868)
4(4767 2928 4762 2375)
4(4767 2375 4765 2929)
4(4768 2375 4767 2931)
4(649 2931 4767 2928)
4(649 2869 4768 2931)
4(4767 2375 4766 2934)
4(669 2934 4766 2873)
4(669 2929 4767 2934)
4(670 2875 4766 2934)
4(670 2934 4767 2931)
4(670 2931 4768 2875)
4(4771 2874 4731 2376)
4(4771 2376 4766 2875)
4(439 2874 4771 2875)
4(6009 2376 4731 2877)
4(6009 2878 4769 2376)
4(6009 2376 4771 6784)
4(6835 6784 4771 2874)
4(4770 2934 4766 2376)
4(4770 2376 4769 2935)
4(4771 2376 4770 2937)
4(670 2937 4770 2934)
4(670 2875 4771 2937)
4(6009 2940 4770 2376)
4(690 2935 4770 2940)
4(6680 2940 4770 2937)
4(6680 2937 4771 6784)
4(4775 2884 4735 2377)
4(5967 2885 4775 2377)
4(481 2884 4775 2885)
4(4773 2377 4735 2887)
4(4773 2889 4772 2377)
4(4775 2891 4773 2377)
4(502 2887 4773 2891)
4(502 2891 4775 2884)
4(5967 2377 4774 2944)
4(4774 2377 4772 2945)
4(4775 2377 4774 2947)
4(712 2947 4774 2944)
4(712 2885 4775 2947)
4(4774 2377 4773 2950)
4(732 2950 4773 2889)
4(732 2945 4774 2950)
4(733 2891 4773 2950)
4(733 2950 4774 2947)
4(733 2947 4775 2891)
4(4779 2890 4739 2378)
4(4779 2378 4773 2891)
4(502 2890 4779 2891)
4(4777 2378 4739 2893)
4(4777 2895 4776 2378)
4(4779 2897 4777 2378)
4(523 2893 4777 2897)
4(523 2897 4779 2890)
4(4778 2950 4773 2378)
4(4778 2378 4776 2951)
4(4779 2378 4778 2953)
4(733 2953 4778 2950)
4(733 2891 4779 2953)
4(4778 2378 4777 2956)
4(753 2956 4777 2895)
4(753 2951 4778 2956)
4(754 2897 4777 2956)
4(754 2956 4778 2953)
4(754 2953 4779 2897)
4(4783 2896 4743 2379)
4(4783 2379 4777 2897)
4(523 2896 4783 2897)
4(4781 2379 4743 2899)
4(4781 2901 4780 2379)
4(4783 2903 4781 2379)
4(544 2899 4781 2903)
4(544 2903 4783 2896)
4(4782 2956 4777 2379)
4(4782 2379 4780 2957)
4(4783 2379 4782 2959)
4(754 2959 4782 2956)
4(754 2897 4783 2959)
4(4782 2379 4781 2962)
4(774 2957 4782 2962)
4(774 2962 4781 2901)
4(775 2962 4782 2959)
4(775 2959 4783 2903)
4(775 2903 4781 2962)
4(4789 2913 4755 2380)
4(4789 2380 4785 2914)
4(586 2914 4785 2910)
4(586 2913 4789 2914)
4(4787 2380 4755 2916)
4(4787 2918 4786 2380)
4(4789 2920 4787 2380)
4(607 2916 4787 2920)
4(607 2920 4789 2913)
4(4788 2969 4785 2380)
4(4788 2380 4786 2970)
4(816 2912 4785 2969)
4(4789 2380 4788 2972)
4(817 2972 4788 2969)
4(817 2969 4785 2914)
4(817 2914 4789 2972)
4(4788 2380 4787 2975)
4(837 2975 4787 2918)
4(837 2970 4788 2975)
4(838 2920 4787 2975)
4(838 2975 4788 2972)
4(838 2972 4789 2920)
4(4793 2919 4759 2381)
4(4793 2381 4787 2920)
4(607 2919 4793 2920)
4(4791 2381 4759 2922)
4(4791 2924 4790 2381)
4(4793 2926 4791 2381)
4(628 2922 4791 2926)
4(628 2926 4793 2919)
4(4792 2975 4787 2381)
4(4792 2381 4790 2976)
4(4793 2381 4792 2978)
4(838 2978 4792 2975)
4(838 2920 4793 2978)
4(4792 2381 4791 2981)
4(858 2981 4791 2924)
4(858 2976 4792 2981)
4(859 2926 4791 2981)
4(859 2981 4792 2978)
4(859 2978 4793 2926)
4(4797 2925 4763 2382)
4(4797 2382 4791 2926)
4(628 2925 4797 2926)
4(4795 2382 4763 2928)
4(4795 2930 4794 2382)
4(4797 2932 4795 2382)
4(649 2928 4795 2932)
4(649 2932 4797 2925)
4(4796 2981 4791 2382)
4(4796 2382 4794 2982)
4(4797 2382 4796 2984)
4(859 2984 4796 2981)
4(859 2926 4797 2984)
4(4796 2382 4795 2987)
4(879 2987 4795 2930)
4(879 2982 4796 2987)
4(880 2932 4795 2987)
4(880 2987 4796 2984)
4(880 2984 4797 2932)
4(4801 2931 4767 2383)
4(4801 2383 4795 2932)
4(649 2931 4801 2932)
4(4799 2383 4767 2934)
4(4799 2936 4798 2383)
4(4801 2938 4799 2383)
4(670 2934 4799 2938)
4(670 2938 4801 2931)
4(4800 2987 4795 2383)
4(4800 2383 4798 2988)
4(4801 2383 4800 2990)
4(880 2990 4800 2987)
4(880 2932 4801 2990)
4(4800 2383 4799 2993)
4(900 2993 4799 2936)
4(900 2988 4800 2993)
4(901 2938 4799 2993)
4(901 2993 4800 2990)
4(901 2990 4801 2938)
4(4804 2937 4770 2384)
4(4804 2384 4799 2938)
4(670 2937 4804 2938)
4(6031 2384 4770 2940)
4(6031 2941 4802 2384)
4(6031 2384 4804 6820)
4(6680 6820 4804 2937)
4(4803 2993 4799 2384)
4(4803 2384 4802 2994)
4(4804 2384 4803 2996)
4(901 2996 4803 2993)
4(901 2938 4804 2996)
4(6031 2999 4803 2384)
4(921 2994 4803 2999)
4(6819 2999 4803 2996)
4(6819 2996 4804 6820)
4(4808 2947 4774 2385)
4(4808 2385 5982 2948)
4(712 2947 4808 2948)
4(4806 2385 4774 2950)
4(4806 2952 4805 2385)
4(4808 2954 4806 2385)
4(733 2950 4806 2954)
4(733 2954 4808 2947)
4(5982 2385 4807 3003)
4(4807 2385 4805 3004)
4(4808 2385 4807 3006)
4(943 3006 4807 3003)
4(943 2948 4808 3006)
4(4807 2385 4806 3009)
4(963 3009 4806 2952)
4(963 3004 4807 3009)
4(964 2954 4806 3009)
4(964 3009 4807 3006)
4(964 3006 4808 2954)
4(4812 2953 4778 2386)
4(4812 2386 4806 2954)
4(733 2953 4812 2954)
4(4810 2386 4778 2956)
4(4810 2958 4809 2386)
4(4812 2960 4810 2386)
4(754 2956 4810 2960)
4(754 2960 4812 2953)
4(4811 3009 4806 2386)
4(4811 2386 4809 3010)
4(4812 2386 4811 3012)
4(964 3012 4811 3009)
4(964 2954 4812 3012)
4(4811 2386 4810 3015)
4(984 3015 4810 2958)
4(984 3010 4811 3015)
4(985 2960 4810 3015)
4(985 3015 4811 3012)
4(985 3012 4812 2960)
4(4816 2959 4782 2387)
4(4816 2387 4810 2960)
4(754 2959 4816 2960)
4(4814 2387 4782 2962)
4(4814 2963 4813 2387)
4(4816 2965 4814 2387)
4(775 2965 4816 2959)
4(775 2962 4814 2965)
4(4815 3015 4810 2387)
4(4815 2387 4813 3016)
4(4816 2387 4815 3018)
4(985 3018 4815 3015)
4(985 2960 4816 3018)
4(4815 2387 4814 3021)
4(1005 3016 4815 3021)
4(1005 3021 4814 2963)
4(1006 3021 4815 3018)
4(1006 3018 4816 2965)
4(1006 2965 4814 3021)
4(4824 2972 4788 2388)
4(4824 2388 4819 2973)
4(817 2973 4819 2969)
4(817 2972 4824 2973)
4(4822 2388 4788 2975)
4(4822 2977 4821 2388)
4(4824 2979 4822 2388)
4(838 2975 4822 2979)
4(838 2979 4824 2972)
4(4823 3033 4819 2388)
4(4823 2388 4821 3034)
4(1047 2971 4819 3033)
4(4824 2388 4823 3036)
4(1048 3036 4823 3033)
4(1048 3033 4819 2973)
4(1048 2973 4824 3036)
4(4823 2388 4822 3039)
4(1068 3039 4822 2977)
4(1068 3034 4823 3039)
4(1069 2979 4822 3039)
4(1069 3039 4823 3036)
4(1069 3036 4824 2979)
4(4828 2978 4792 2389)
4(4828 2389 4822 2979)
4(838 2978 4828 2979)
4(4826 2389 4792 2981)
4(4826 2983 4825 2389)
4(4828 2985 4826 2389)
4(859 2981 4826 2985)
4(859 2985 4828 2978)
4(4827 3039 4822 2389)
4(4827 2389 4825 3040)
4(4828 2389 4827 3042)
4(1069 3042 4827 3039)
4(1069 2979 4828 3042)
4(4827 2389 4826 3045)
4(1089 3045 4826 2983)
4(1089 3040 4827 3045)
4(1090 2985 4826 3045)
4(1090 3045 4827 3042)
4(1090 3042 4828 2985)
4(4832 2984 4796 2390)
4(4832 2390 4826 2985)
4(859 2984 4832 2985)
4(4830 2390 4796 2987)
4(4830 2989 4829 2390)
4(4832 2991 4830 2390)
4(880 2987 4830 2991)
4(880 2991 4832 2984)
4(4831 3045 4826 2390)
4(4831 2390 4829 3046)
4(4832 2390 4831 3048)
4(1090 3048 4831 3045)
4(1090 2985 4832 3048)
4(4831 2390 4830 3051)
4(1110 3051 4830 2989)
4(1110 3046 4831 3051)
4(1111 2991 4830 3051)
4(1111 3051 4831 3048)
4(1111 3048 4832 2991)
4(4836 2990 4800 2391)
4(4836 2391 4830 2991)
4(880 2990 4836 2991)
4(4834 2391 4800 2993)
4(4834 2995 4833 2391)
4(4836 2997 4834 2391)
4(901 2993 4834 2997)
4(901 2997 4836 2990)
4(4835 3051 4830 2391)
4(4835 2391 4833 3052)
4(4836 2391 4835 3054)
4(1111 3054 4835 3051)
4(1111 2991 4836 3054)
4(4835 2391 4834 3057)
4(1131 3057 4834 2995)
4(1131 3052 4835 3057)
4(1132 2997 4834 3057)
4(1132 3057 4835 3054)
4(1132 3054 4836 2997)
4(4839 2996 4803 2392)
4(4839 2392 4834 2997)
4(901 2996 4839 2997)
4(6048 2392 4803 2999)
4(6048 3000 4837 2392)
4(6048 2392 4839 6841)
4(6819 6841 4839 2996)
4(4838 3057 4834 2392)
4(4838 2392 4837 3058)
4(4839 2392 4838 3060)
4(1132 3060 4838 3057)
4(1132 2997 4839 3060)
4(4838 2392 6048 3063)
4(1152 3058 4838 3063)
4(6664 3063 4838 3060)
4(6664 3060 4839 6841)
4(4843 3006 4807 2393)
4(4843 2393 5966 3007)
4(943 3006 4843 3007)
4(4841 2393 4807 3009)
4(4841 3011 4840 2393)
4(4843 3013 4841 2393)
4(964 3009 4841 3013)
4(964 3013 4843 3006)
4(5966 2393 4842 3067)
4(4842 2393 4840 3068)
4(4843 2393 4842 3070)
4(1174 3070 4842 3067)
4(1174 3007 4843 3070)
4(4842 2393 4841 3073)
4(1194 3073 4841 3011)
4(1194 3068 4842 3073)
4(1195 3013 4841 3073)
4(1195 3073 4842 3070)
4(1195 3070 4843 3013)
4(4847 3012 4811 2394)
4(4847 2394 4841 3013)
4(964 3012 4847 3013)
4(4845 2394 4811 3015)
4(4845 3017 4844 2394)
4(4847 3019 4845 2394)
4(985 3015 4845 3019)
4(985 3019 4847 3012)
4(4846 3073 4841 2394)
4(4846 2394 4844 3074)
4(4847 2394 4846 3076)
4(1195 3076 4846 3073)
4(1195 3013 4847 3076)
4(4846 2394 4845 3079)
4(1215 3079 4845 3017)
4(1215 3074 4846 3079)
4(1216 3019 4845 3079)
4(1216 3079 4846 3076)
4(1216 3076 4847 3019)
4(4851 3018 4815 2395)
4(4851 2395 4845 3019)
4(985 3018 4851 3019)
4(4849 2395 4815 3021)
4(4849 3023 4848 2395)
4(4851 3025 4849 2395)
4(1006 3021 4849 3025)
4(1006 3025 4851 3018)
4(4850 3079 4845 2395)
4(4850 2395 4848 3080)
4(4851 2395 4850 3082)
4(1216 3082 4850 3079)
4(1216 3019 4851 3082)
4(4850 2395 4849 3085)
4(1236 3085 4849 3023)
4(1236 3080 4850 3085)
4(1237 3025 4849 3085)
4(1237 3085 4850 3082)
4(1237 3082 4851 3025)
4(4855 3024 4817 2396)
4(4855 2396 4849 3025)
4(1006 3021 4817 3024)
4(4853 2396 4817 3027)
4(4853 3029 4852 2396)
4(1026 3027 4817 3022)
4(4855 3031 4853 2396)
4(1027 3027 4853 3031)
4(1027 3031 4855 3024)
4(1027 3024 4817 3027)
4(4854 3085 4849 2396)
4(4854 2396 4852 3086)
4(4855 2396 4854 3088)
4(1237 3088 4854 3085)
4(1237 3025 4855 3088)
4(4854 2396 4853 3091)
4(1257 3091 4853 3029)
4(1257 3086 4854 3091)
4(1258 3031 4853 3091)
4(1258 3091 4854 3088)
4(1258 3088 4855 3031)
4(4859 3030 4820 2397)
4(4859 2397 4853 3031)
4(1027 3027 4820 3030)
4(4857 2397 4820 3033)
4(4857 3035 4856 2397)
4(1047 3033 4820 3028)
4(4859 3037 4857 2397)
4(1048 3033 4857 3037)
4(1048 3037 4859 3030)
4(1048 3030 4820 3033)
4(4858 3091 4853 2397)
4(4858 2397 4856 3092)
4(4859 2397 4858 3094)
4(1258 3094 4858 3091)
4(1258 3031 4859 3094)
4(4858 2397 4857 3097)
4(1278 3097 4857 3035)
4(1278 3092 4858 3097)
4(1279 3037 4857 3097)
4(1279 3097 4858 3094)
4(1279 3094 4859 3037)
4(4863 3036 4823 2398)
4(4863 2398 4857 3037)
4(1048 3036 4863 3037)
4(4861 2398 4823 3039)
4(4861 3041 4860 2398)
4(4863 3043 4861 2398)
4(1069 3039 4861 3043)
4(1069 3043 4863 3036)
4(4862 3097 4857 2398)
4(4862 2398 4860 3098)
4(4863 2398 4862 3100)
4(1279 3100 4862 3097)
4(1279 3037 4863 3100)
4(4862 2398 4861 3103)
4(1299 3103 4861 3041)
4(1299 3098 4862 3103)
4(1300 3043 4861 3103)
4(1300 3103 4862 3100)
4(1300 3100 4863 3043)
4(4867 3042 4827 2399)
4(4867 2399 4861 3043)
4(1069 3042 4867 3043)
4(4865 2399 4827 3045)
4(4865 3047 4864 2399)
4(4867 3049 4865 2399)
4(1090 3045 4865 3049)
4(1090 3049 4867 3042)
4(4866 3103 4861 2399)
4(4866 2399 4864 3104)
4(4867 2399 4866 3106)
4(1300 3106 4866 3103)
4(1300 3043 4867 3106)
4(4866 2399 4865 3109)
4(1320 3109 4865 3047)
4(1320 3104 4866 3109)
4(1321 3049 4865 3109)
4(1321 3109 4866 3106)
4(1321 3106 4867 3049)
4(4871 3048 4831 2400)
4(4871 2400 4865 3049)
4(1090 3048 4871 3049)
4(4869 2400 4831 3051)
4(4869 3053 4868 2400)
4(4871 3055 4869 2400)
4(1111 3051 4869 3055)
4(1111 3055 4871 3048)
4(4870 3109 4865 2400)
4(4870 2400 4868 3110)
4(4871 2400 4870 3112)
4(1321 3112 4870 3109)
4(1321 3049 4871 3112)
4(4870 2400 4869 3115)
4(1341 3115 4869 3053)
4(1341 3110 4870 3115)
4(1342 3055 4869 3115)
4(1342 3115 4870 3112)
4(1342 3112 4871 3055)
4(4875 3054 4835 2401)
4(4875 2401 4869 3055)
4(1111 3054 4875 3055)
4(4873 2401 4835 3057)
4(4873 3059 4872 2401)
4(4875 3061 4873 2401)
4(1132 3057 4873 3061)
4(1132 3061 4875 3054)
4(4874 3115 4869 2401)
4(4874 2401 4872 3116)
4(4875 2401 4874 3118)
4(1342 3118 4874 3115)
4(1342 3055 4875 3118)
4(4874 2401 4873 3121)
4(1362 3121 4873 3059)
4(1362 3116 4874 3121)
4(1363 3061 4873 3121)
4(1363 3121 4874 3118)
4(1363 3118 4875 3061)
4(4878 3060 4838 2402)
4(4878 2402 4873 3061)
4(1132 3060 4878 3061)
4(6030 2402 4838 3063)
4(6030 3064 4876 2402)
4(6030 2402 4878 6611)
4(6664 6611 4878 3060)
4(4877 3121 4873 2402)
4(4877 2402 4876 3122)
4(4878 2402 4877 3124)
4(1363 3124 4877 3121)
4(1363 3061 4878 3124)
4(4877 2402 6030 3127)
4(1383 3122 4877 3127)
4(6791 3127 4877 3124)
4(6791 3124 4878 6611)
4(4881 3070 4842 2403)
4(4881 2403 5946 3071)
4(1174 3070 4881 3071)
4(4880 2403 4842 3073)
4(4880 3075 4879 2403)
4(4881 3077 4880 2403)
4(1195 3073 4880 3077)
4(1195 3077 4881 3070)
4(5946 2403 6186 3131)
4(6186 2403 4879 3132)
4(6186 6649 4881 2403)
4(6802 3071 4881 6649)
4(6186 2403 4880 3135)
4(1424 3135 4880 3075)
4(6815 3077 4880 3135)
4(6815 6649 4881 3077)
4(4884 3076 4846 2404)
4(4884 2404 4880 3077)
4(1195 3076 4884 3077)
4(4883 2404 4846 3079)
4(4883 3081 4882 2404)
4(4884 3083 4883 2404)
4(1216 3079 4883 3083)
4(1216 3083 4884 3076)
4(6212 3135 4880 2404)
4(6212 2404 4882 3136)
4(6212 6650 4884 2404)
4(6815 3077 4884 6650)
4(6212 2404 4883 3139)
4(1445 3139 4883 3081)
4(6823 3083 4883 3139)
4(6823 6650 4884 3083)
4(4887 3082 4850 2405)
4(4887 2405 4883 3083)
4(1216 3082 4887 3083)
4(4886 2405 4850 3085)
4(4886 3087 4885 2405)
4(4887 3089 4886 2405)
4(1237 3085 4886 3089)
4(1237 3089 4887 3082)
4(6234 3139 4883 2405)
4(6234 2405 4885 3140)
4(6234 6652 4887 2405)
4(6823 3083 4887 6652)
4(6234 2405 4886 3143)
4(1466 3143 4886 3087)
4(6829 3089 4886 3143)
4(6829 6652 4887 3089)
4(4890 3088 4854 2406)
4(4890 2406 4886 3089)
4(1237 3088 4890 3089)
4(4889 2406 4854 3091)
4(4889 3093 4888 2406)
4(4890 3095 4889 2406)
4(1258 3091 4889 3095)
4(1258 3095 4890 3088)
4(6252 3143 4886 2406)
4(6252 2406 4888 3144)
4(6252 6653 4890 2406)
4(6829 3089 4890 6653)
4(6252 2406 4889 3147)
4(1487 3147 4889 3093)
4(6838 3095 4889 3147)
4(6838 6653 4890 3095)
4(4893 3094 4858 2407)
4(4893 2407 4889 3095)
4(1258 3094 4893 3095)
4(4892 2407 4858 3097)
4(4892 3099 4891 2407)
4(4893 3101 4892 2407)
4(1279 3097 4892 3101)
4(1279 3101 4893 3094)
4(6266 3147 4889 2407)
4(6266 2407 4891 3148)
4(6266 6655 4893 2407)
4(6838 3095 4893 6655)
4(6266 2407 4892 3151)
4(1508 3151 4892 3099)
4(6847 3101 4892 3151)
4(6847 6655 4893 3101)
4(4896 3100 4862 2408)
4(4896 2408 4892 3101)
4(1279 3100 4896 3101)
4(4895 2408 4862 3103)
4(4895 3105 4894 2408)
4(4896 3107 4895 2408)
4(1300 3103 4895 3107)
4(1300 3107 4896 3100)
4(6253 3151 4892 2408)
4(6253 2408 4894 3152)
4(6253 6657 4896 2408)
4(6847 3101 4896 6657)
4(4895 3155 6253 2408)
4(1529 3155 4895 3105)
4(6851 3107 4895 3155)
4(6851 6657 4896 3107)
4(4899 3106 4866 2409)
4(4899 2409 4895 3107)
4(1300 3106 4899 3107)
4(4898 2409 4866 3109)
4(4898 3111 4897 2409)
4(4899 3113 4898 2409)
4(1321 3109 4898 3113)
4(1321 3113 4899 3106)
4(6235 3155 4895 2409)
4(6235 2409 4897 3156)
4(6235 6658 4899 2409)
4(6851 3107 4899 6658)
4(4898 3159 6235 2409)
4(1550 3159 4898 3111)
4(6608 3113 4898 3159)
4(6608 6658 4899 3113)
4(4902 3112 4870 2410)
4(4902 2410 4898 3113)
4(1321 3112 4902 3113)
4(4901 2410 4870 3115)
4(4901 3117 4900 2410)
4(4902 3119 4901 2410)
4(1342 3115 4901 3119)
4(1342 3119 4902 3112)
4(6213 3159 4898 2410)
4(6213 2410 4900 3160)
4(6213 6660 4902 2410)
4(6608 3113 4902 6660)
4(4901 3163 6213 2410)
4(1571 3163 4901 3117)
4(6617 3119 4901 3163)
4(6617 6660 4902 3119)
4(4905 3118 4874 2411)
4(4905 2411 4901 3119)
4(1342 3118 4905 3119)
4(4904 2411 4874 3121)
4(4904 3123 4903 2411)
4(4905 3125 4904 2411)
4(1363 3121 4904 3125)
4(1363 3125 4905 3118)
4(6187 3163 4901 2411)
4(6187 2411 4903 3164)
4(6187 6661 4905 2411)
4(6617 3119 4905 6661)
4(4904 3167 6187 2411)
4(1592 3167 4904 3123)
4(6629 3125 4904 3167)
4(6629 6661 4905 3125)
4(4907 3124 4877 2412)
4(4907 2412 4904 3125)
4(1363 3124 4907 3125)
4(6008 2412 4877 3127)
4(6008 3128 4906 2412)
4(6008 2412 4907 6647)
4(6791 6647 4907 3124)
4(6158 3167 4904 2412)
4(6158 2412 4906 3168)
4(6158 6663 4907 2412)
4(6629 3125 4907 6663)
4(6008 3171 6158 2412)
4(6643 6663 4907 6647)
4(4909 6704 6666 2413)
4(6076 2765 4909 2413)
4(6076 6699 6618 2765)
4(6618 6699 6666 6704)
4(4910 2413 6666 6742)
4(5924 2413 4910 2822)
4(6715 6742 6666 6700)
4(6700 5924 2822 6715)
4(4910 2413 4909 2828)
4(6729 2828 4909 6704)
4(6729 6742 4910 2828)
4(6729 6704 6666 6742)
4(4908 3173 6076 2413)
4(5924 3174 4908 2413)
4(2759 1614 3174 5924)
4(1614 2759 6076 3173)
4(4909 2413 4908 3198)
4(1621 3198 4908 3173)
4(1621 2765 4909 3198)
4(3173 6076 2765 1621)
4(4910 3475 4908 2413)
4(1719 3174 4908 3475)
4(1719 3475 4910 2822)
4(5924 3174 1719 2822)
4(1727 3475 4908 3198)
4(1727 3198 4909 2828)
4(1727 2828 4910 3475)
4(4911 3176 6075 2414)
4(5925 3177 4911 2414)
4(6075 3196 4912 2414)
4(4912 3198 4908 2414)
4(6075 3173 1621 3196)
4(4912 2414 4911 3201)
4(1622 3201 4911 3176)
4(1622 3196 4912 3201)
4(3176 6075 3196 1622)
4(5925 2414 4913 3474)
4(4913 2414 4908 3475)
4(3174 5925 3474 1719)
4(4913 3478 4911 2414)
4(1720 3177 4911 3478)
4(1720 3478 4913 3474)
4(5925 3177 1720 3474)
4(4913 2414 4912 3500)
4(1727 3500 4912 3198)
4(1727 3475 4913 3500)
4(1728 3478 4911 3201)
4(1728 3201 4912 3500)
4(1728 3500 4913 3478)
4(4914 3179 6074 2415)
4(5926 3180 4914 2415)
4(6074 3199 4915 2415)
4(4915 3201 4911 2415)
4(6074 3176 1622 3199)
4(4915 2415 4914 3204)
4(1623 3204 4914 3179)
4(1623 3199 4915 3204)
4(3179 6074 3199 1623)
4(5926 2415 4916 3477)
4(4916 2415 4911 3478)
4(3177 5926 3477 1720)
4(4916 3481 4914 2415)
4(1721 3180 4914 3481)
4(1721 3481 4916 3477)
4(5926 3180 1721 3477)
4(4916 2415 4915 3503)
4(1728 3503 4915 3201)
4(1728 3478 4916 3503)
4(1729 3481 4914 3204)
4(1729 3204 4915 3503)
4(1729 3503 4916 3481)
3(4917 6073 2416)
3(5927 4917 2416)
4(3178 6073 4917 5927)
4(6073 3202 4918 2416)
4(4918 3204 4914 2416)
4(6073 3179 1623 3202)
4(4918 2416 4917 3206)
4(1624 3202 4918 3206)
5(1624 3206 4917 6073 3202)
4(5927 2416 4919 3480)
4(4919 2416 4914 3481)
4(3180 5927 3480 1721)
4(4919 3483 4917 2416)
3(3483 4919 3480)
4(4917 3483 3480 5927)
4(4919 2416 4918 3506)
4(1729 3506 4918 3204)
4(1729 3481 4919 3506)
4(1730 3206 4918 3506)
4(1730 3506 4919 3483)
4(1730 3483 4917 3206)
4(4922 3183 6072 2417)
4(5928 3184 4922 2417)
4(3181 1617 3184 5928)
4(1617 3181 6072 3183)
4(6072 3207 4923 2417)
4(4923 3209 4920 2417)
5(6072 4920 3209 1625 3207)
4(4923 2417 4922 3212)
4(1626 3212 4922 3183)
4(1626 3207 4923 3212)
4(3183 6072 3207 1626)
4(5928 2417 4924 3484)
4(4924 2417 4920 3485)
4(3485 4920 5928 3484)
4(4924 3487 4922 2417)
4(1722 3184 4922 3487)
4(1722 3487 4924 3484)
4(5928 3184 1722 3484)
4(4924 2417 4923 3512)
4(1731 3512 4923 3209)
4(1731 3485 4924 3512)
4(1731 3209 4920 3485)
4(1732 3487 4922 3212)
4(1732 3212 4923 3512)
4(1732 3512 4924 3487)
4(4925 3186 6071 2418)
4(5929 3187 4925 2418)
4(3182 1618 3187 5929)
4(1618 3182 6071 3186)
4(6071 3210 4926 2418)
4(4926 3212 4922 2418)
4(6071 3183 1626 3210)
4(4926 2418 4925 3215)
4(1627 3215 4925 3186)
4(1627 3210 4926 3215)
4(3186 6071 3210 1627)
4(5929 2418 4927 3486)
4(4927 2418 4922 3487)
4(3184 5929 3486 1722)
4(4927 3490 4925 2418)
4(1723 3187 4925 3490)
4(1723 3490 4927 3486)
4(5929 3187 1723 3486)
4(4927 2418 4926 3515)
4(1732 3515 4926 3212)
4(1732 3487 4927 3515)
4(1733 3490 4925 3215)
4(1733 3215 4926 3515)
4(1733 3515 4927 3490)
4(4928 3189 6070 2419)
4(5930 3190 4928 2419)
4(1619 3185 6070 3189)
4(3185 1619 3190 5930)
4(6070 3213 4929 2419)
4(4929 3215 4925 2419)
4(6070 3186 1627 3213)
4(4929 2419 4928 3218)
4(1628 3218 4928 3189)
4(1628 3213 4929 3218)
4(3189 6070 3213 1628)
4(5930 2419 4930 3489)
4(4930 2419 4925 3490)
4(3187 5930 3489 1723)
4(4930 3493 4928 2419)
4(1724 3190 4928 3493)
4(1724 3493 4930 3489)
4(5930 3190 1724 3489)
4(4930 2419 4929 3518)
4(1733 3518 4929 3215)
4(1733 3490 4930 3518)
4(1734 3493 4928 3218)
4(1734 3218 4929 3518)
4(1734 3518 4930 3493)
4(4931 3192 6069 2420)
4(5931 3193 4931 2420)
4(6069 3216 4932 2420)
4(4932 3218 4928 2420)
4(6069 3189 1628 3216)
4(4932 2420 4931 3221)
4(1629 3221 4931 3192)
4(1629 3216 4932 3221)
4(3192 6069 3216 1629)
4(5931 2420 4933 3492)
4(4933 2420 4928 3493)
4(3190 5931 3492 1724)
4(4933 3496 4931 2420)
4(1725 3193 4931 3496)
4(1725 3496 4933 3492)
4(5931 3193 1725 3492)
4(4933 2420 4932 3521)
4(1734 3521 4932 3218)
4(1734 3493 4933 3521)
4(1735 3496 4931 3221)
4(1735 3221 4932 3521)
4(1735 3521 4933 3496)
4(6068 2421 5866 3194)
4(5932 3195 5866 2421)
4(4934 2421 6068 3219)
4(4934 3221 4931 2421)
4(3219 6068 3192 1629)
4(5866 3223 4934 2421)
4(1630 3219 4934 3223)
4(5932 2421 4935 3495)
4(4935 2421 4931 3496)
4(3193 5932 3495 1725)
4(5866 2421 4935 3498)
4(1726 3498 4935 3495)
4(4935 2421 4934 3524)
4(1735 3524 4934 3221)
4(1735 3496 4935 3524)
4(1736 3223 4934 3524)
4(1736 3524 4935 3498)
4(1736 3498 5866 3223)
4(4937 6708 6668 2422)
4(6102 2771 4937 2422)
4(6102 6703 6632 2771)
4(6632 6703 6668 6708)
4(4938 2422 6668 6747)
4(4938 2828 4909 2422)
4(6729 6747 6668 6704)
4(4938 2422 4937 2834)
4(6745 2834 4937 6708)
4(6745 6747 4938 2834)
4(6745 6708 6668 6747)
4(4936 3197 6102 2422)
4(4936 2422 4909 3198)
4(1621 2765 6102 3197)
4(4937 2422 4936 3226)
4(1631 3226 4936 3197)
4(1631 2771 4937 3226)
4(3197 6102 2771 1631)
4(4938 3501 4936 2422)
4(1727 3198 4936 3501)
4(1727 3501 4938 2828)
4(1737 3501 4936 3226)
4(1737 3226 4937 2834)
4(1737 2834 4938 3501)
4(4939 3200 6101 2423)
4(4939 2423 4912 3201)
4(1622 3196 6101 3200)
4(6101 3224 4940 2423)
4(4940 3226 4936 2423)
4(6101 3197 1631 3224)
4(4940 2423 4939 3229)
4(1632 3229 4939 3200)
4(1632 3224 4940 3229)
4(3200 6101 3224 1632)
4(4941 3500 4912 2423)
4(4941 2423 4936 3501)
4(4941 3504 4939 2423)
4(1728 3201 4939 3504)
4(1728 3504 4941 3500)
4(4941 2423 4940 3529)
4(1737 3529 4940 3226)
4(1737 3501 4941 3529)
4(1738 3504 4939 3229)
4(1738 3229 4940 3529)
4(1738 3529 4941 3504)
4(4942 3203 6100 2424)
4(4942 2424 4915 3204)
4(1623 3199 6100 3203)
4(6100 3227 4943 2424)
4(4943 3229 4939 2424)
4(6100 3200 1632 3227)
4(4943 2424 4942 3232)
4(1633 3232 4942 3203)
4(1633 3227 4943 3232)
4(3203 6100 3227 1633)
4(4944 3503 4915 2424)
4(4944 2424 4939 3504)
4(4944 3507 4942 2424)
4(1729 3204 4942 3507)
4(1729 3507 4944 3503)
4(4944 2424 4943 3532)
4(1738 3532 4943 3229)
4(1738 3504 4944 3532)
4(1739 3507 4942 3232)
4(1739 3232 4943 3532)
4(1739 3532 4944 3507)
4(4945 3205 6099 2425)
4(4945 2425 4918 3206)
4(1624 3202 6099 3205)
4(6099 3230 4946 2425)
4(4946 3232 4942 2425)
4(6099 3203 1633 3230)
4(4946 2425 4945 3235)
4(1634 3235 4945 3205)
4(1634 3230 4946 3235)
4(3205 6099 3230 1634)
4(4947 3506 4918 2425)
4(4947 2425 4942 3507)
4(4947 3510 4945 2425)
4(1730 3206 4945 3510)
4(1730 3510 4947 3506)
4(4947 2425 4946 3534)
4(1739 3534 4946 3232)
4(1739 3507 4947 3534)
4(1740 3510 4945 3235)
4(1740 3235 4946 3534)
4(1740 3534 4947 3510)
4(4948 3208 6098 2426)
4(4948 2426 4921 3209)
5(6098 3208 1625 3209 4921)
4(6098 3233 4949 2426)
4(4949 3235 4945 2426)
4(6098 3205 1634 3233)
4(4949 2426 4948 3238)
4(1635 3238 4948 3208)
4(1635 3233 4949 3238)
4(3208 6098 3233 1635)
4(4950 3509 4921 2426)
4(4950 2426 4945 3510)
4(1730 3206 4921 3509)
4(4950 3513 4948 2426)
4(1731 3209 4948 3513)
4(1731 3513 4950 3509)
4(1731 3509 4921 3209)
4(4950 2426 4949 3536)
4(1740 3536 4949 3235)
4(1740 3510 4950 3536)
4(1741 3513 4948 3238)
4(1741 3238 4949 3536)
4(1741 3536 4950 3513)
4(4951 3211 6097 2427)
4(4951 2427 4923 3212)
4(1626 3207 6097 3211)
4(6097 3236 4952 2427)
4(4952 3238 4948 2427)
4(6097 3208 1635 3236)
4(4952 2427 4951 3241)
4(1636 3241 4951 3211)
4(1636 3236 4952 3241)
4(3211 6097 3236 1636)
4(4953 3512 4923 2427)
4(4953 2427 4948 3513)
4(4953 3516 4951 2427)
4(1732 3212 4951 3516)
4(1732 3516 4953 3512)
4(4953 2427 4952 3539)
4(1741 3539 4952 3238)
4(1741 3513 4953 3539)
4(1742 3516 4951 3241)
4(1742 3241 4952 3539)
4(1742 3539 4953 3516)
4(4954 3214 6096 2428)
4(4954 2428 4926 3215)
4(1627 3210 6096 3214)
4(6096 3239 4955 2428)
4(4955 3241 4951 2428)
4(6096 3211 1636 3239)
4(4955 2428 4954 3244)
4(1637 3244 4954 3214)
4(1637 3239 4955 3244)
4(3214 6096 3239 1637)
4(4956 3515 4926 2428)
4(4956 2428 4951 3516)
4(4956 3519 4954 2428)
4(1733 3215 4954 3519)
4(4956 2428 4955 3542)
4(1742 3542 4955 3241)
4(1743 3519 4954 3244)
4(1743 3244 4955 3542)
4(4957 3217 6095 2429)
4(4957 2429 4929 3218)
4(1628 3213 6095 3217)
4(6095 3242 4958 2429)
4(4958 3244 4954 2429)
4(6095 3214 1637 3242)
4(4958 2429 4957 3247)
4(1638 3247 4957 3217)
4(1638 3242 4958 3247)
4(3217 6095 3242 1638)
4(4959 3518 4929 2429)
4(4959 2429 4954 3519)
4(4959 3522 4957 2429)
4(1734 3218 4957 3522)
4(4959 2429 4958 3544)
4(1743 3544 4958 3244)
4(1744 3522 4957 3247)
4(1744 3247 4958 3544)
4(6094 2430 4960 3220)
4(4960 2430 4932 3221)
4(3220 1629 3216 6094)
4(4961 2430 6094 3245)
4(4961 3247 4957 2430)
4(3245 6094 3217 1638)
4(4961 2430 4960 3250)
4(1639 3250 4960 3220)
4(1639 3245 4961 3250)
4(1639 3220 6094 3245)
4(4962 3521 4932 2430)
4(4962 2430 4957 3522)
4(4962 3525 4960 2430)
4(1735 3221 4960 3525)
4(4962 2430 4961 3546)
4(1744 3546 4961 3247)
4(1745 3525 4960 3250)
4(1745 3250 4961 3546)
4(6067 2431 5867 3222)
4(5867 2431 4934 3223)
4(4963 2431 6067 3248)
4(4963 3250 4960 2431)
4(3248 6067 3220 1639)
4(5867 3252 4963 2431)
4(1640 3248 4963 3252)
4(1640 3252 5867 3222)
4(1640 3222 6067 3248)
4(4964 3524 4934 2431)
4(4964 2431 4960 3525)
4(5867 2431 4964 3527)
4(1736 3527 4964 3524)
4(1736 3223 5867 3527)
4(4964 2431 4963 3548)
4(1745 3548 4963 3250)
4(1745 3525 4964 3548)
4(1746 3252 4963 3548)
4(1746 3548 4964 3527)
4(1746 3527 5867 3252)
4(4966 6712 6670 2432)
4(6124 2777 4966 2432)
4(6644 6707 6670 6712)
4(6124 6707 6644 2777)
4(4967 2432 6670 6750)
4(4967 2834 4937 2432)
4(6745 6750 6670 6708)
4(4967 2432 4966 2840)
4(6755 2840 4966 6712)
4(6755 6750 4967 2840)
4(6755 6712 6670 6750)
4(4965 3225 6124 2432)
4(4965 2432 4937 3226)
4(1631 2771 6124 3225)
4(4966 2432 4965 3255)
4(1641 3255 4965 3225)
4(1641 2777 4966 3255)
4(6124 2777 1641 3225)
4(4967 3530 4965 2432)
4(1737 3226 4965 3530)
4(1737 3530 4967 2834)
4(1747 3530 4965 3255)
4(1747 3255 4966 2840)
4(1747 2840 4967 3530)
4(4968 3228 6123 2433)
4(4968 2433 4940 3229)
4(1632 3224 6123 3228)
4(6123 3253 4969 2433)
4(4969 3255 4965 2433)
4(6123 3225 1641 3253)
4(4969 2433 4968 3258)
4(1642 3258 4968 3228)
4(1642 3253 4969 3258)
4(3228 6123 3253 1642)
4(4970 3529 4940 2433)
4(4970 2433 4965 3530)
4(4970 3533 4968 2433)
4(1738 3229 4968 3533)
4(1738 3533 4970 3529)
4(4970 2433 4969 3553)
4(1747 3553 4969 3255)
4(1747 3530 4970 3553)
4(1748 3533 4968 3258)
4(1748 3258 4969 3553)
4(1748 3553 4970 3533)
4(4971 3231 6122 2434)
4(4971 2434 4943 3232)
4(1633 3227 6122 3231)
4(6122 3256 4972 2434)
4(4972 3258 4968 2434)
4(6122 3228 1642 3256)
4(4972 2434 4971 3261)
4(1643 3261 4971 3231)
4(1643 3256 4972 3261)
4(3231 6122 3256 1643)
4(4973 3532 4943 2434)
4(4973 2434 4968 3533)
4(4973 3535 4971 2434)
4(1739 3232 4971 3535)
4(1739 3535 4973 3532)
4(4973 2434 4972 3556)
4(1748 3556 4972 3258)
4(1748 3533 4973 3556)
4(1749 3535 4971 3261)
4(1749 3261 4972 3556)
4(1749 3556 4973 3535)
4(4974 3234 6121 2435)
4(4974 2435 4946 3235)
4(1634 3230 6121 3234)
4(6121 3259 4975 2435)
4(4975 3261 4971 2435)
4(6121 3231 1643 3259)
4(4975 2435 4974 3264)
4(1644 3264 4974 3234)
4(1644 3259 4975 3264)
4(3234 6121 3259 1644)
4(4976 3534 4946 2435)
4(4976 2435 4971 3535)
4(4976 3537 4974 2435)
4(1740 3235 4974 3537)
4(1740 3537 4976 3534)
4(4976 2435 4975 3558)
4(1749 3558 4975 3261)
4(1749 3535 4976 3558)
4(1750 3537 4974 3264)
4(1750 3264 4975 3558)
4(1750 3558 4976 3537)
4(4977 3237 6120 2436)
4(4977 2436 4949 3238)
4(1635 3233 6120 3237)
4(6120 3262 4978 2436)
4(4978 3264 4974 2436)
4(6120 3234 1644 3262)
4(4978 2436 4977 3267)
4(1645 3267 4977 3237)
4(1645 3262 4978 3267)
4(3237 6120 3262 1645)
4(4979 3536 4949 2436)
4(4979 2436 4974 3537)
4(4979 3540 4977 2436)
4(1741 3238 4977 3540)
4(1741 3540 4979 3536)
4(4979 2436 4978 3560)
4(1750 3560 4978 3264)
4(1750 3537 4979 3560)
4(1751 3540 4977 3267)
4(1751 3267 4978 3560)
4(1751 3560 4979 3540)
4(4980 3240 6119 2437)
4(4980 2437 4952 3241)
4(1636 3236 6119 3240)
4(6119 3265 4981 2437)
4(4981 3267 4977 2437)
4(6119 3237 1645 3265)
4(4981 2437 4980 3270)
4(1646 3270 4980 3240)
4(1646 3265 4981 3270)
4(3240 6119 3265 1646)
4(4982 3539 4952 2437)
4(4982 2437 4977 3540)
4(4982 3543 4980 2437)
4(1742 3241 4980 3543)
4(4982 2437 4981 3562)
4(1751 3562 4981 3267)
4(1752 3543 4980 3270)
4(1752 3270 4981 3562)
4(4983 3243 6118 2438)
4(4983 2438 4955 3244)
4(1637 3239 6118 3243)
4(6118 3268 4984 2438)
4(4984 3270 4980 2438)
4(6118 3240 1646 3268)
4(4984 2438 4983 3273)
4(1647 3273 4983 3243)
4(1647 3268 4984 3273)
4(3243 6118 3268 1647)
4(4985 3542 4955 2438)
4(4985 2438 4980 3543)
4(4985 3545 4983 2438)
4(1743 3244 4983 3545)
4(4985 2438 4984 3564)
4(1752 3564 4984 3270)
4(1753 3545 4983 3273)
4(1753 3273 4984 3564)
4(6117 2439 4986 3246)
4(4986 2439 4958 3247)
4(3246 1638 3242 6117)
4(4987 2439 6117 3271)
4(4987 3273 4983 2439)
4(3271 6117 3243 1647)
4(4987 2439 4986 3276)
4(1648 3276 4986 3246)
4(1648 3271 4987 3276)
4(1648 3246 6117 3271)
4(4988 3544 4958 2439)
4(4988 2439 4983 3545)
4(4988 3547 4986 2439)
4(1744 3247 4986 3547)
4(4988 2439 4987 3566)
4(1753 3566 4987 3273)
4(1754 3547 4986 3276)
4(1754 3276 4987 3566)
4(6093 2440 4989 3249)
4(4989 2440 4961 3250)
4(3249 1639 3245 6093)
4(4990 2440 6093 3274)
4(4990 3276 4986 2440)
4(3274 6093 3246 1648)
4(4990 2440 4989 3279)
4(1649 3279 4989 3249)
4(1649 3274 4990 3279)
4(1649 3249 6093 3274)
4(4991 3546 4961 2440)
4(4991 2440 4986 3547)
4(4991 3549 4989 2440)
4(1745 3250 4989 3549)
4(4991 2440 4990 3568)
4(1754 3568 4990 3276)
4(1755 3549 4989 3279)
4(1755 3279 4990 3568)
4(6066 2441 5868 3251)
4(5868 2441 4963 3252)
4(3251 1640 3248 6066)
4(1640 3251 5868 3252)
4(4992 2441 6066 3277)
4(4992 3279 4989 2441)
4(3277 6066 3249 1649)
4(5868 3281 4992 2441)
4(1650 3277 4992 3281)
4(1650 3251 6066 3277)
4(1650 3281 5868 3251)
4(4993 3548 4963 2441)
4(4993 2441 4989 3549)
4(5868 2441 4993 3551)
4(1746 3551 4993 3548)
4(1746 3252 5868 3551)
4(4993 2441 4992 3570)
4(1755 3570 4992 3279)
4(1755 3549 4993 3570)
4(1756 3281 4992 3570)
4(1756 3570 4993 3551)
4(1756 3551 5868 3281)
4(4995 6717 6671 2442)
4(6142 2783 4995 2442)
4(6654 6711 6671 6717)
4(6142 6711 6654 2783)
4(4996 2442 6671 6752)
4(4996 2840 4966 2442)
4(6755 6752 6671 6712)
4(4996 2442 4995 2846)
4(6772 2846 4995 6717)
4(6772 6752 4996 2846)
4(6772 6717 6671 6752)
4(4994 3254 6142 2442)
4(4994 2442 4966 3255)
4(1641 2777 6142 3254)
4(4995 2442 4994 3284)
4(1651 3284 4994 3254)
4(1651 2783 4995 3284)
4(6142 2783 1651 3254)
4(4996 3554 4994 2442)
4(1747 3255 4994 3554)
4(1747 3554 4996 2840)
4(1757 3554 4994 3284)
4(1757 3284 4995 2846)
4(1757 2846 4996 3554)
4(4997 3257 6141 2443)
4(4997 2443 4969 3258)
4(1642 3253 6141 3257)
4(6141 3282 4998 2443)
4(4998 3284 4994 2443)
4(6141 3254 1651 3282)
4(4998 2443 4997 3287)
4(1652 3287 4997 3257)
4(1652 3282 4998 3287)
4(6141 3282 1652 3257)
4(4999 3553 4969 2443)
4(4999 2443 4994 3554)
4(4999 3557 4997 2443)
4(1748 3258 4997 3557)
4(1748 3557 4999 3553)
4(4999 2443 4998 3575)
4(1757 3575 4998 3284)
4(1757 3554 4999 3575)
4(1758 3557 4997 3287)
4(1758 3287 4998 3575)
4(1758 3575 4999 3557)
4(5000 3260 6140 2444)
4(5000 2444 4972 3261)
4(1643 3256 6140 3260)
4(6140 3285 5001 2444)
4(5001 3287 4997 2444)
4(6140 3257 1652 3285)
4(5001 2444 5000 3290)
4(1653 3290 5000 3260)
4(1653 3285 5001 3290)
4(3260 6140 3285 1653)
4(5002 3556 4972 2444)
4(5002 2444 4997 3557)
4(5002 3559 5000 2444)
4(1749 3261 5000 3559)
4(5002 2444 5001 3578)
4(1758 3578 5001 3287)
4(1759 3559 5000 3290)
4(1759 3290 5001 3578)
4(5003 3263 6139 2445)
4(5003 2445 4975 3264)
4(1644 3259 6139 3263)
4(6139 3288 5004 2445)
4(5004 3290 5000 2445)
4(6139 3260 1653 3288)
4(5004 2445 5003 3293)
4(1654 3293 5003 3263)
4(1654 3288 5004 3293)
4(3263 6139 3288 1654)
4(5005 3558 4975 2445)
4(5005 2445 5000 3559)
4(5005 3561 5003 2445)
4(1750 3264 5003 3561)
4(5005 2445 5004 3580)
4(1759 3580 5004 3290)
4(1760 3561 5003 3293)
4(1760 3293 5004 3580)
4(5006 3266 6138 2446)
4(5006 2446 4978 3267)
4(1645 3262 6138 3266)
4(6138 3291 5007 2446)
4(5007 3293 5003 2446)
4(6138 3263 1654 3291)
4(5007 2446 5006 3296)
4(1655 3296 5006 3266)
4(1655 3291 5007 3296)
4(3266 6138 3291 1655)
4(5008 3560 4978 2446)
4(5008 2446 5003 3561)
4(5008 3563 5006 2446)
4(1751 3267 5006 3563)
4(5008 2446 5007 3582)
4(1760 3582 5007 3293)
4(1761 3563 5006 3296)
4(1761 3296 5007 3582)
4(5009 3269 6137 2447)
4(5009 2447 4981 3270)
4(1646 3265 6137 3269)
4(6137 3294 5010 2447)
4(5010 3296 5006 2447)
4(6137 3266 1655 3294)
4(5010 2447 5009 3299)
4(1656 3299 5009 3269)
4(1656 3294 5010 3299)
4(3269 6137 3294 1656)
4(5011 3562 4981 2447)
4(5011 2447 5006 3563)
4(5011 3565 5009 2447)
4(1752 3270 5009 3565)
4(5011 2447 5010 3584)
4(1761 3584 5010 3296)
4(1762 3565 5009 3299)
4(1762 3299 5010 3584)
4(6136 2448 5012 3272)
4(5012 2448 4984 3273)
4(3272 1647 3268 6136)
4(5013 2448 6136 3297)
4(5013 3299 5009 2448)
4(3297 6136 3269 1656)
4(5013 2448 5012 3302)
4(1657 3302 5012 3272)
4(1657 3297 5013 3302)
4(1657 3272 6136 3297)
4(5014 3564 4984 2448)
4(5014 2448 5009 3565)
4(5014 3567 5012 2448)
4(1753 3273 5012 3567)
4(5014 2448 5013 3586)
4(1762 3586 5013 3299)
4(1763 3567 5012 3302)
4(1763 3302 5013 3586)
4(6116 2449 5015 3275)
4(5015 2449 4987 3276)
4(3275 1648 3271 6116)
4(5016 2449 6116 3300)
4(5016 3302 5012 2449)
4(3300 6116 3272 1657)
4(5016 2449 5015 3305)
4(1658 3305 5015 3275)
4(1658 3300 5016 3305)
4(1658 3275 6116 3300)
4(5017 3566 4987 2449)
4(5017 2449 5012 3567)
4(5017 3569 5015 2449)
4(1754 3276 5015 3569)
4(5017 2449 5016 3588)
4(1763 3588 5016 3302)
4(1764 3569 5015 3305)
4(1764 3305 5016 3588)
4(6092 2450 5018 3278)
4(5018 2450 4990 3279)
4(3278 1649 3274 6092)
4(5019 2450 6092 3303)
4(5019 3305 5015 2450)
4(3303 6092 3275 1658)
4(5019 2450 5018 3308)
4(1659 3308 5018 3278)
4(1659 3303 5019 3308)
4(1659 3278 6092 3303)
4(5020 3568 4990 2450)
4(5020 2450 5015 3569)
4(5020 3571 5018 2450)
4(1755 3279 5018 3571)
4(5020 2450 5019 3590)
4(1764 3590 5019 3305)
4(1765 3571 5018 3308)
4(1765 3308 5019 3590)
4(6065 2451 5869 3280)
4(5869 2451 4992 3281)
4(3280 1650 3277 6065)
4(1650 3280 5869 3281)
4(5021 2451 6065 3306)
4(5021 3308 5018 2451)
4(3306 6065 3278 1659)
4(5869 3310 5021 2451)
4(1660 3306 5021 3310)
4(1660 3280 6065 3306)
4(1660 3310 5869 3280)
4(5022 3570 4992 2451)
4(5022 2451 5018 3571)
4(5869 2451 5022 3573)
4(1756 3573 5022 3570)
4(1756 3281 5869 3573)
4(5022 2451 5021 3592)
4(1765 3592 5021 3308)
4(1765 3571 5022 3592)
4(1766 3310 5021 3592)
4(1766 3592 5022 3573)
4(1766 3573 5869 3310)
4(5024 6722 6673 2452)
4(6156 2789 5024 2452)
4(6662 6716 6673 6722)
4(6662 2789 6156 6716)
4(5025 2452 6673 6756)
4(5025 2846 4995 2452)
4(6772 6756 6673 6717)
4(5025 2452 5024 2852)
4(6789 2852 5024 6722)
4(6789 6756 5025 2852)
4(6789 6722 6673 6756)
4(5023 3283 6156 2452)
4(5023 2452 4995 3284)
4(1651 2783 6156 3283)
4(5024 2452 5023 3313)
4(1661 3313 5023 3283)
4(1661 2789 5024 3313)
4(6156 2789 1661 3283)
4(5025 3576 5023 2452)
4(1757 3284 5023 3576)
4(1757 3576 5025 2846)
4(1767 3576 5023 3313)
4(1767 3313 5024 2852)
4(1767 2852 5025 3576)
4(5026 3286 6155 2453)
4(5026 2453 4998 3287)
4(1652 3282 6155 3286)
4(6155 3311 5027 2453)
4(5027 3313 5023 2453)
4(1661 3311 6155 3283)
4(5027 2453 5026 3316)
4(1662 3316 5026 3286)
4(1662 3311 5027 3316)
4(6155 3311 1662 3286)
4(5028 3575 4998 2453)
4(5028 2453 5023 3576)
4(5028 3579 5026 2453)
4(1758 3287 5026 3579)
4(1758 3579 5028 3575)
4(5028 2453 5027 3597)
4(1767 3597 5027 3313)
4(1767 3576 5028 3597)
4(1768 3579 5026 3316)
4(1768 3316 5027 3597)
4(1768 3597 5028 3579)
4(5029 3289 6154 2454)
4(5029 2454 5001 3290)
4(1653 3285 6154 3289)
4(6154 3314 5030 2454)
4(5030 3316 5026 2454)
4(1662 3314 6154 3286)
4(5030 2454 5029 3319)
4(1663 3319 5029 3289)
4(1663 3314 5030 3319)
4(6154 3314 1663 3289)
4(5031 3578 5001 2454)
4(5031 2454 5026 3579)
4(5031 3581 5029 2454)
4(1759 3290 5029 3581)
4(5031 2454 5030 3600)
4(1768 3600 5030 3316)
4(1769 3581 5029 3319)
4(1769 3319 5030 3600)
4(5032 3292 6153 2455)
4(5032 2455 5004 3293)
4(1654 3288 6153 3292)
4(6153 3317 5033 2455)
4(5033 3319 5029 2455)
4(1663 3317 6153 3289)
4(5033 2455 5032 3322)
4(1664 3322 5032 3292)
4(1664 3317 5033 3322)
4(3292 6153 3317 1664)
4(5034 3580 5004 2455)
4(5034 2455 5029 3581)
4(5034 3583 5032 2455)
4(1760 3293 5032 3583)
4(5034 2455 5033 3602)
4(1769 3602 5033 3319)
4(1770 3583 5032 3322)
4(1770 3322 5033 3602)
4(5035 3295 6152 2456)
4(5035 2456 5007 3296)
4(1655 3291 6152 3295)
4(6152 3320 5036 2456)
4(5036 3322 5032 2456)
4(6152 3292 1664 3320)
4(5036 2456 5035 3325)
4(1665 3325 5035 3295)
4(1665 3320 5036 3325)
4(3295 6152 3320 1665)
4(5037 3582 5007 2456)
4(5037 2456 5032 3583)
4(5037 3585 5035 2456)
4(1761 3296 5035 3585)
4(5037 2456 5036 3604)
4(1770 3604 5036 3322)
4(1771 3585 5035 3325)
4(1771 3325 5036 3604)
4(6151 2457 5038 3298)
4(5038 2457 5010 3299)
4(3298 1656 3294 6151)
4(5039 2457 6151 3323)
4(5039 3325 5035 2457)
4(3323 6151 3295 1665)
4(5039 2457 5038 3328)
4(1666 3328 5038 3298)
4(1666 3323 5039 3328)
4(1666 3298 6151 3323)
4(5040 3584 5010 2457)
4(5040 2457 5035 3585)
4(5040 3587 5038 2457)
4(1762 3299 5038 3587)
4(5040 2457 5039 3606)
4(1771 3606 5039 3325)
4(1772 3587 5038 3328)
4(1772 3328 5039 3606)
4(6135 2458 5041 3301)
4(5041 2458 5013 3302)
4(3301 1657 3297 6135)
4(5042 2458 6135 3326)
4(5042 3328 5038 2458)
4(3326 6135 3298 1666)
4(5042 2458 5041 3331)
4(1667 3331 5041 3301)
4(1667 3326 5042 3331)
4(1667 3301 6135 3326)
4(5043 3586 5013 2458)
4(5043 2458 5038 3587)
4(5043 3589 5041 2458)
4(1763 3302 5041 3589)
4(5043 2458 5042 3608)
4(1772 3608 5042 3328)
4(1773 3589 5041 3331)
4(1773 3331 5042 3608)
4(6115 2459 5044 3304)
4(5044 2459 5016 3305)
4(3304 1658 3300 6115)
4(5045 2459 6115 3329)
4(5045 3331 5041 2459)
4(3329 6115 3301 1667)
4(5045 2459 5044 3334)
4(1668 3334 5044 3304)
4(1668 3329 5045 3334)
4(1668 3304 6115 3329)
4(5046 3588 5016 2459)
4(5046 2459 5041 3589)
4(5046 3591 5044 2459)
4(1764 3305 5044 3591)
4(5046 2459 5045 3610)
4(1773 3610 5045 3331)
4(1774 3591 5044 3334)
4(1774 3334 5045 3610)
4(6091 2460 5047 3307)
4(5047 2460 5019 3308)
4(3307 1659 3303 6091)
4(5048 2460 6091 3332)
4(5048 3334 5044 2460)
4(3332 6091 3304 1668)
4(5048 2460 5047 3337)
4(1669 3337 5047 3307)
4(1669 3332 5048 3337)
4(1669 3307 6091 3332)
4(5049 3590 5019 2460)
4(5049 2460 5044 3591)
4(5049 3593 5047 2460)
4(1765 3308 5047 3593)
4(5049 2460 5048 3612)
4(1774 3612 5048 3334)
4(1775 3593 5047 3337)
4(1775 3337 5048 3612)
4(6064 2461 5870 3309)
4(5870 2461 5021 3310)
4(1660 3309 5870 3310)
4(3309 1660 3306 6064)
4(5050 2461 6064 3335)
4(5050 3337 5047 2461)
4(3335 6064 3307 1669)
4(5870 3339 5050 2461)
4(1670 3335 5050 3339)
4(1670 3339 5870 3309)
4(1670 3309 6064 3335)
4(5051 3592 5021 2461)
4(5051 2461 5047 3593)
4(5870 2461 5051 3595)
4(1766 3595 5051 3592)
4(1766 3310 5870 3595)
4(5051 2461 5050 3614)
4(1775 3614 5050 3337)
4(1775 3593 5051 3614)
4(1776 3339 5050 3614)
4(1776 3614 5051 3595)
4(1776 3595 5870 3339)
4(5053 6725 6674 2462)
4(6145 2795 5053 2462)
4(6667 6720 6674 6725)
4(6667 2795 6145 6720)
4(5054 2462 6674 6761)
4(5054 2852 5024 2462)
4(6789 6761 6674 6722)
4(5054 2462 5053 2858)
4(6798 2858 5053 6725)
4(6798 6761 5054 2858)
4(6798 6725 6674 6761)
4(6145 2462 5052 3312)
4(5052 2462 5024 3313)
4(6145 3312 1661 2789)
4(5053 2462 5052 3342)
4(1671 3342 5052 3312)
4(1671 2795 5053 3342)
4(6145 2795 1671 3312)
4(5054 3598 5052 2462)
4(1767 3313 5052 3598)
4(1767 3598 5054 2852)
4(1777 3598 5052 3342)
4(1777 3342 5053 2858)
4(1777 2858 5054 3598)
4(6146 2463 5055 3315)
4(5055 2463 5027 3316)
4(6146 3315 1662 3311)
4(6146 3340 5056 2463)
4(5056 3342 5052 2463)
4(1671 3340 6146 3312)
4(5056 2463 5055 3345)
4(1672 3345 5055 3315)
4(1672 3340 5056 3345)
4(6146 3340 1672 3315)
4(5057 3597 5027 2463)
4(5057 2463 5052 3598)
4(5057 3601 5055 2463)
4(1768 3316 5055 3601)
4(1768 3601 5057 3597)
4(5057 2463 5056 3619)
4(1777 3619 5056 3342)
4(1777 3598 5057 3619)
4(1778 3601 5055 3345)
4(1778 3345 5056 3619)
4(1778 3619 5057 3601)
4(6147 2464 5058 3318)
4(5058 2464 5030 3319)
4(6147 3318 1663 3314)
4(6147 3343 5059 2464)
4(5059 3345 5055 2464)
4(1672 3343 6147 3315)
4(5059 2464 5058 3348)
4(1673 3348 5058 3318)
4(1673 3343 5059 3348)
4(6147 3343 1673 3318)
4(5060 3600 5030 2464)
4(5060 2464 5055 3601)
4(5060 3603 5058 2464)
4(1769 3319 5058 3603)
4(5060 2464 5059 3622)
4(1778 3622 5059 3345)
4(1779 3603 5058 3348)
4(1779 3348 5059 3622)
4(6148 2465 5061 3321)
4(5061 2465 5033 3322)
4(6148 3321 1664 3317)
4(6148 3346 5062 2465)
4(5062 3348 5058 2465)
4(1673 3346 6148 3318)
4(5062 2465 5061 3351)
4(1674 3351 5061 3321)
4(1674 3346 5062 3351)
4(3346 1674 3321 6148)
4(5063 3602 5033 2465)
4(5063 2465 5058 3603)
4(5063 3605 5061 2465)
4(1770 3322 5061 3605)
4(5063 2465 5062 3624)
4(1779 3624 5062 3348)
4(1780 3605 5061 3351)
4(1780 3351 5062 3624)
4(6149 2466 5064 3324)
4(5064 2466 5036 3325)
4(6149 3324 1665 3320)
4(6149 3349 5065 2466)
4(5065 3351 5061 2466)
4(1674 3349 6149 3321)
4(5065 2466 5064 3354)
4(1675 3354 5064 3324)
4(1675 3349 5065 3354)
4(3349 1675 3324 6149)
4(5066 3604 5036 2466)
4(5066 2466 5061 3605)
4(5066 3607 5064 2466)
4(1771 3325 5064 3607)
4(5066 2466 5065 3626)
4(1780 3626 5065 3351)
4(1781 3607 5064 3354)
4(1781 3354 5065 3626)
4(6150 2467 5067 3327)
4(5067 2467 5039 3328)
4(3327 1666 3323 6150)
4(6150 3352 5068 2467)
4(5068 3354 5064 2467)
4(1675 3352 6150 3324)
4(5068 2467 5067 3357)
4(1676 3357 5067 3327)
4(1676 3352 5068 3357)
4(3352 1676 3327 6150)
4(5069 3606 5039 2467)
4(5069 2467 5064 3607)
4(5069 3609 5067 2467)
4(1772 3328 5067 3609)
4(5069 2467 5068 3628)
4(1781 3628 5068 3354)
4(1782 3609 5067 3357)
4(1782 3357 5068 3628)
4(6134 2468 5070 3330)
4(5070 2468 5042 3331)
4(3330 1667 3326 6134)
4(5071 2468 6134 3355)
4(5071 3357 5067 2468)
4(3355 6134 3327 1676)
4(5071 2468 5070 3360)
4(1677 3360 5070 3330)
4(1677 3355 5071 3360)
4(1677 3330 6134 3355)
4(5072 3608 5042 2468)
4(5072 2468 5067 3609)
4(5072 3611 5070 2468)
4(1773 3331 5070 3611)
4(5072 2468 5071 3630)
4(1782 3630 5071 3357)
4(1783 3611 5070 3360)
4(1783 3360 5071 3630)
4(6114 2469 5073 3333)
4(5073 2469 5045 3334)
4(3333 1668 3329 6114)
4(5074 2469 6114 3358)
4(5074 3360 5070 2469)
4(3358 6114 3330 1677)
4(5074 2469 5073 3363)
4(1678 3363 5073 3333)
4(1678 3358 5074 3363)
4(1678 3333 6114 3358)
4(5075 3610 5045 2469)
4(5075 2469 5070 3611)
4(5075 3613 5073 2469)
4(1774 3334 5073 3613)
4(5075 2469 5074 3632)
4(1783 3632 5074 3360)
4(1784 3613 5073 3363)
4(1784 3363 5074 3632)
4(6090 2470 5076 3336)
4(5076 2470 5048 3337)
4(3336 1669 3332 6090)
4(5077 2470 6090 3361)
4(5077 3363 5073 2470)
4(3361 6090 3333 1678)
4(5077 2470 5076 3366)
4(1679 3366 5076 3336)
4(1679 3361 5077 3366)
4(1679 3336 6090 3361)
4(5078 3612 5048 2470)
4(5078 2470 5073 3613)
4(5078 3615 5076 2470)
4(1775 3337 5076 3615)
4(5078 2470 5077 3634)
4(1784 3634 5077 3363)
4(1785 3615 5076 3366)
4(1785 3366 5077 3634)
4(6063 2471 5871 3338)
4(5871 2471 5050 3339)
4(1670 3338 5871 3339)
4(3338 1670 3335 6063)
4(5079 2471 6063 3364)
4(5079 3366 5076 2471)
4(3364 6063 3336 1679)
4(5871 3368 5079 2471)
4(1680 3364 5079 3368)
4(1680 3338 6063 3364)
4(1680 3368 5871 3338)
4(5080 3614 5050 2471)
4(5080 2471 5076 3615)
4(5871 2471 5080 3617)
4(1776 3617 5080 3614)
4(1776 3339 5871 3617)
4(5080 2471 5079 3636)
4(1785 3636 5079 3366)
4(1785 3615 5080 3636)
4(1786 3368 5079 3636)
4(1786 3636 5080 3617)
4(1786 3617 5871 3368)
4(5082 6727 6676 2472)
4(6127 2801 5082 2472)
4(6675 6724 6676 6727)
4(6675 2801 6127 6724)
4(5083 2472 6676 6764)
4(5083 2858 5053 2472)
4(6798 6764 6676 6725)
4(5083 2472 5082 2864)
4(6811 2864 5082 6727)
4(6811 6764 5083 2864)
4(6811 6727 6676 6764)
4(6127 2472 5081 3341)
4(5081 2472 5053 3342)
4(6127 3341 1671 2795)
4(5082 2472 5081 3371)
4(1681 3371 5081 3341)
4(1681 2801 5082 3371)
4(6127 2801 1681 3341)
4(5083 3620 5081 2472)
4(1777 3342 5081 3620)
4(1777 3620 5083 2858)
4(1787 3620 5081 3371)
4(1787 3371 5082 2864)
4(1787 2864 5083 3620)
4(6128 2473 5084 3344)
4(5084 2473 5056 3345)
4(6128 3344 1672 3340)
4(6128 3369 5085 2473)
4(5085 3371 5081 2473)
4(1681 3369 6128 3341)
4(5085 2473 5084 3374)
4(1682 3374 5084 3344)
4(1682 3369 5085 3374)
4(6128 3369 1682 3344)
4(5086 3619 5056 2473)
4(5086 2473 5081 3620)
4(5086 3623 5084 2473)
4(1778 3345 5084 3623)
4(1778 3623 5086 3619)
4(5086 2473 5085 3641)
4(1787 3641 5085 3371)
4(1787 3620 5086 3641)
4(1788 3623 5084 3374)
4(1788 3374 5085 3641)
4(1788 3641 5086 3623)
4(6129 2474 5087 3347)
4(5087 2474 5059 3348)
4(6129 3347 1673 3343)
4(6129 3372 5088 2474)
4(5088 3374 5084 2474)
4(1682 3372 6129 3344)
4(5088 2474 5087 3377)
4(1683 3377 5087 3347)
4(1683 3372 5088 3377)
4(3372 1683 3347 6129)
4(5089 3622 5059 2474)
4(5089 2474 5084 3623)
4(5089 3625 5087 2474)
4(1779 3348 5087 3625)
4(5089 2474 5088 3644)
4(1788 3644 5088 3374)
4(1789 3625 5087 3377)
4(1789 3377 5088 3644)
4(6130 2475 5090 3350)
4(5090 2475 5062 3351)
4(6130 3350 1674 3346)
4(6130 3375 5091 2475)
4(5091 3377 5087 2475)
4(1683 3375 6130 3347)
4(5091 2475 5090 3380)
4(1684 3380 5090 3350)
4(1684 3375 5091 3380)
4(3375 1684 3350 6130)
4(5092 3624 5062 2475)
4(5092 2475 5087 3625)
4(5092 3627 5090 2475)
4(1780 3351 5090 3627)
4(5092 2475 5091 3646)
4(1789 3646 5091 3377)
4(1790 3627 5090 3380)
4(1790 3380 5091 3646)
4(6131 2476 5093 3353)
4(5093 2476 5065 3354)
4(6131 3353 1675 3349)
4(6131 3378 5094 2476)
4(5094 3380 5090 2476)
4(1684 3378 6131 3350)
4(5094 2476 5093 3383)
4(1685 3383 5093 3353)
4(1685 3378 5094 3383)
4(3378 1685 3353 6131)
4(5095 3626 5065 2476)
4(5095 2476 5090 3627)
4(5095 3629 5093 2476)
4(1781 3354 5093 3629)
4(5095 2476 5094 3648)
4(1790 3648 5094 3380)
4(1791 3629 5093 3383)
4(1791 3383 5094 3648)
4(6132 2477 5096 3356)
4(5096 2477 5068 3357)
4(6132 3356 1676 3352)
4(6132 3381 5097 2477)
4(5097 3383 5093 2477)
4(1685 3381 6132 3353)
4(5097 2477 5096 3386)
4(1686 3386 5096 3356)
4(1686 3381 5097 3386)
4(3381 1686 3356 6132)
4(5098 3628 5068 2477)
4(5098 2477 5093 3629)
4(5098 3631 5096 2477)
4(1782 3357 5096 3631)
4(5098 2477 5097 3650)
4(1791 3650 5097 3383)
4(1792 3631 5096 3386)
4(1792 3386 5097 3650)
4(6133 2478 5099 3359)
4(5099 2478 5071 3360)
4(3359 1677 3355 6133)
4(6133 3384 5100 2478)
4(5100 3386 5096 2478)
4(1686 3384 6133 3356)
4(5100 2478 5099 3389)
4(1687 3389 5099 3359)
4(1687 3384 5100 3389)
4(3384 1687 3359 6133)
4(5101 3630 5071 2478)
4(5101 2478 5096 3631)
4(5101 3633 5099 2478)
4(1783 3360 5099 3633)
4(5101 2478 5100 3652)
4(1792 3652 5100 3386)
4(1793 3633 5099 3389)
4(1793 3389 5100 3652)
4(6113 2479 5102 3362)
4(5102 2479 5074 3363)
4(3362 1678 3358 6113)
4(5103 2479 6113 3387)
4(5103 3389 5099 2479)
4(3387 6113 3359 1687)
4(5103 2479 5102 3392)
4(1688 3392 5102 3362)
4(1688 3387 5103 3392)
4(1688 3362 6113 3387)
4(5104 3632 5074 2479)
4(5104 2479 5099 3633)
4(5104 3635 5102 2479)
4(1784 3363 5102 3635)
4(5104 2479 5103 3654)
4(1793 3654 5103 3389)
4(1794 3635 5102 3392)
4(1794 3392 5103 3654)
4(6089 2480 5105 3365)
4(5105 2480 5077 3366)
4(3365 1679 3361 6089)
4(5106 2480 6089 3390)
4(5106 3392 5102 2480)
4(3390 6089 3362 1688)
4(5106 2480 5105 3395)
4(1689 3395 5105 3365)
4(1689 3390 5106 3395)
4(1689 3365 6089 3390)
4(5107 3634 5077 2480)
4(5107 2480 5102 3635)
4(5107 3637 5105 2480)
4(1785 3366 5105 3637)
4(5107 2480 5106 3656)
4(1794 3656 5106 3392)
4(1795 3637 5105 3395)
4(1795 3395 5106 3656)
4(6062 2481 5872 3367)
4(5872 2481 5079 3368)
4(3367 1680 3364 6062)
4(1680 3367 5872 3368)
4(5108 2481 6062 3393)
4(5108 3395 5105 2481)
4(3393 6062 3365 1689)
4(5872 3397 5108 2481)
4(1690 3393 5108 3397)
4(1690 3397 5872 3367)
4(1690 3367 6062 3393)
4(5109 3636 5079 2481)
4(5109 2481 5105 3637)
4(5872 2481 5109 3639)
4(1786 3639 5109 3636)
4(1786 3368 5872 3639)
4(5109 2481 5108 3658)
4(1795 3658 5108 3395)
4(1795 3637 5109 3658)
4(1796 3397 5108 3658)
4(1796 3658 5109 3639)
4(1796 3639 5872 3397)
4(5111 6733 6678 2482)
4(6105 2807 5111 2482)
4(6683 6726 6678 6733)
4(6683 2807 6105 6726)
4(5112 2482 6678 6769)
4(5112 2864 5082 2482)
4(6811 6769 6678 6727)
4(5112 2482 5111 2870)
4(6822 2870 5111 6733)
4(6822 6769 5112 2870)
4(6822 6733 6678 6769)
4(6105 2482 5110 3370)
4(5110 2482 5082 3371)
4(6105 3370 1681 2801)
4(5111 2482 5110 3400)
4(1691 3400 5110 3370)
4(1691 2807 5111 3400)
4(6105 2807 1691 3370)
4(5112 3642 5110 2482)
4(1787 3371 5110 3642)
4(1787 3642 5112 2864)
4(1797 3642 5110 3400)
4(1797 3400 5111 2870)
4(1797 2870 5112 3642)
4(6106 2483 5113 3373)
4(5113 2483 5085 3374)
4(6106 3373 1682 3369)
4(6106 3398 5114 2483)
4(5114 3400 5110 2483)
4(1691 3398 6106 3370)
4(5114 2483 5113 3403)
4(1692 3403 5113 3373)
4(1692 3398 5114 3403)
4(3398 1692 3373 6106)
4(5115 3641 5085 2483)
4(5115 2483 5110 3642)
4(5115 3645 5113 2483)
4(1788 3374 5113 3645)
4(1788 3645 5115 3641)
4(5115 2483 5114 3663)
4(1797 3663 5114 3400)
4(1797 3642 5115 3663)
4(1798 3645 5113 3403)
4(1798 3403 5114 3663)
4(1798 3663 5115 3645)
4(6107 2484 5116 3376)
4(5116 2484 5088 3377)
4(6107 3376 1683 3372)
4(6107 3401 5117 2484)
4(5117 3403 5113 2484)
4(1692 3401 6107 3373)
4(5117 2484 5116 3406)
4(1693 3406 5116 3376)
4(1693 3401 5117 3406)
4(3401 1693 3376 6107)
4(5118 3644 5088 2484)
4(5118 2484 5113 3645)
4(5118 3647 5116 2484)
4(1789 3377 5116 3647)
4(5118 2484 5117 3666)
4(1798 3666 5117 3403)
4(1799 3647 5116 3406)
4(1799 3406 5117 3666)
4(6108 2485 5119 3379)
4(5119 2485 5091 3380)
4(6108 3379 1684 3375)
4(6108 3404 5120 2485)
4(5120 3406 5116 2485)
4(1693 3404 6108 3376)
4(5120 2485 5119 3409)
4(1694 3409 5119 3379)
4(1694 3404 5120 3409)
4(3404 1694 3379 6108)
4(5121 3646 5091 2485)
4(5121 2485 5116 3647)
4(5121 3649 5119 2485)
4(1790 3380 5119 3649)
4(5121 2485 5120 3668)
4(1799 3668 5120 3406)
4(1800 3649 5119 3409)
4(1800 3409 5120 3668)
4(6109 2486 5122 3382)
4(5122 2486 5094 3383)
4(6109 3382 1685 3378)
4(6109 3407 5123 2486)
4(5123 3409 5119 2486)
4(1694 3407 6109 3379)
4(5123 2486 5122 3412)
4(1695 3412 5122 3382)
4(1695 3407 5123 3412)
4(3407 1695 3382 6109)
4(5124 3648 5094 2486)
4(5124 2486 5119 3649)
4(5124 3651 5122 2486)
4(1791 3383 5122 3651)
4(5124 2486 5123 3670)
4(1800 3670 5123 3409)
4(1801 3651 5122 3412)
4(1801 3412 5123 3670)
4(6110 2487 5125 3385)
4(5125 2487 5097 3386)
4(6110 3385 1686 3381)
4(6110 3410 5126 2487)
4(5126 3412 5122 2487)
4(1695 3410 6110 3382)
4(5126 2487 5125 3415)
4(1696 3415 5125 3385)
4(1696 3410 5126 3415)
4(3410 1696 3385 6110)
4(5127 3650 5097 2487)
4(5127 2487 5122 3651)
4(5127 3653 5125 2487)
4(1792 3386 5125 3653)
4(5127 2487 5126 3672)
4(1801 3672 5126 3412)
4(1802 3653 5125 3415)
4(1802 3415 5126 3672)
4(6111 2488 5128 3388)
4(5128 2488 5100 3389)
4(6111 3388 1687 3384)
4(6111 3413 5129 2488)
4(5129 3415 5125 2488)
4(1696 3413 6111 3385)
4(5129 2488 5128 3418)
4(1697 3418 5128 3388)
4(1697 3413 5129 3418)
4(3413 1697 3388 6111)
4(5130 3652 5100 2488)
4(5130 2488 5125 3653)
4(5130 3655 5128 2488)
4(1793 3389 5128 3655)
4(5130 2488 5129 3674)
4(1802 3674 5129 3415)
4(1803 3655 5128 3418)
4(1803 3418 5129 3674)
4(6112 2489 5131 3391)
4(5131 2489 5103 3392)
4(3391 1688 3387 6112)
4(6112 3416 5132 2489)
4(5132 3418 5128 2489)
4(1697 3416 6112 3388)
4(5132 2489 5131 3421)
4(1698 3421 5131 3391)
4(1698 3416 5132 3421)
4(3416 1698 3391 6112)
4(5133 3654 5103 2489)
4(5133 2489 5128 3655)
4(5133 3657 5131 2489)
4(1794 3392 5131 3657)
4(5133 2489 5132 3676)
4(1803 3676 5132 3418)
4(1804 3657 5131 3421)
4(1804 3421 5132 3676)
4(6088 2490 5134 3394)
4(5134 2490 5106 3395)
4(3394 1689 3390 6088)
4(5135 2490 6088 3419)
4(5135 3421 5131 2490)
4(3419 6088 3391 1698)
4(5135 2490 5134 3424)
4(1699 3424 5134 3394)
4(1699 3419 5135 3424)
4(1699 3394 6088 3419)
4(5136 3656 5106 2490)
4(5136 2490 5131 3657)
4(5136 3659 5134 2490)
4(1795 3395 5134 3659)
4(5136 2490 5135 3678)
4(1804 3678 5135 3421)
4(1805 3659 5134 3424)
4(1805 3424 5135 3678)
4(6061 2491 5873 3396)
4(5873 2491 5108 3397)
4(3396 1690 3393 6061)
4(1690 3396 5873 3397)
4(5137 2491 6061 3422)
4(5137 3424 5134 2491)
4(3422 6061 3394 1699)
4(5873 3426 5137 2491)
4(1700 3422 5137 3426)
4(1700 3396 6061 3422)
4(5138 3658 5108 2491)
4(5138 2491 5134 3659)
4(5873 2491 5138 3661)
4(1796 3661 5138 3658)
4(1796 3397 5873 3661)
4(5138 2491 5137 3680)
4(1805 3680 5137 3424)
4(1805 3659 5138 3680)
4(1806 3426 5137 3680)
4(1806 3680 5138 3661)
4(5140 6738 6679 2492)
4(6079 2813 5140 2492)
4(6692 6732 6679 6738)
4(6692 2813 6079 6732)
4(5141 2492 6679 6774)
4(5141 2870 5111 2492)
4(6822 6774 6679 6733)
4(5141 2492 5140 2876)
4(6827 2876 5140 6738)
4(6827 6774 5141 2876)
4(6827 6738 6679 6774)
4(6079 2492 5139 3399)
4(5139 2492 5111 3400)
4(6079 3399 1691 2807)
4(5140 2492 5139 3429)
4(1701 3429 5139 3399)
4(1701 2813 5140 3429)
4(2813 1701 3399 6079)
4(5141 3664 5139 2492)
4(1797 3400 5139 3664)
4(1797 3664 5141 2870)
4(1807 3664 5139 3429)
4(1807 3429 5140 2876)
4(1807 2876 5141 3664)
4(6080 2493 5142 3402)
4(5142 2493 5114 3403)
4(6080 3402 1692 3398)
4(6080 3427 5143 2493)
4(5143 3429 5139 2493)
4(1701 3427 6080 3399)
4(5143 2493 5142 3432)
4(1702 3432 5142 3402)
4(1702 3427 5143 3432)
4(3427 1702 3402 6080)
4(5144 3663 5114 2493)
4(5144 2493 5139 3664)
4(5144 3667 5142 2493)
4(1798 3403 5142 3667)
4(1798 3667 5144 3663)
4(5144 2493 5143 3685)
4(1807 3685 5143 3429)
4(1807 3664 5144 3685)
4(1808 3667 5142 3432)
4(1808 3432 5143 3685)
4(1808 3685 5144 3667)
4(6081 2494 5145 3405)
4(5145 2494 5117 3406)
4(6081 3405 1693 3401)
4(6081 3430 5146 2494)
4(5146 3432 5142 2494)
4(1702 3430 6081 3402)
4(5146 2494 5145 3435)
4(1703 3435 5145 3405)
4(1703 3430 5146 3435)
4(3430 1703 3405 6081)
4(5147 3666 5117 2494)
4(5147 2494 5142 3667)
4(5147 3669 5145 2494)
4(1799 3406 5145 3669)
4(5147 2494 5146 3688)
4(1808 3688 5146 3432)
4(1809 3669 5145 3435)
4(1809 3435 5146 3688)
4(6082 2495 5148 3408)
4(5148 2495 5120 3409)
4(6082 3408 1694 3404)
4(6082 3433 5149 2495)
4(5149 3435 5145 2495)
4(1703 3433 6082 3405)
4(5149 2495 5148 3438)
4(1704 3438 5148 3408)
4(1704 3433 5149 3438)
4(3433 1704 3408 6082)
4(5150 3668 5120 2495)
4(5150 2495 5145 3669)
4(5150 3671 5148 2495)
4(1800 3409 5148 3671)
4(5150 2495 5149 3691)
4(1809 3691 5149 3435)
4(1810 3671 5148 3438)
4(1810 3438 5149 3691)
4(6083 2496 5151 3411)
4(5151 2496 5123 3412)
4(6083 3411 1695 3407)
4(6083 3436 5152 2496)
4(5152 3438 5148 2496)
4(1704 3436 6083 3408)
4(5152 2496 5151 3441)
4(1705 3441 5151 3411)
4(1705 3436 5152 3441)
4(3436 1705 3411 6083)
4(5153 3670 5123 2496)
4(5153 2496 5148 3671)
4(5153 3673 5151 2496)
4(1801 3412 5151 3673)
4(5153 2496 5152 3694)
4(1810 3694 5152 3438)
4(1811 3673 5151 3441)
4(1811 3441 5152 3694)
4(6084 2497 5154 3414)
4(5154 2497 5126 3415)
4(6084 3414 1696 3410)
4(6084 3439 5155 2497)
4(5155 3441 5151 2497)
4(1705 3439 6084 3411)
4(5155 2497 5154 3444)
4(1706 3444 5154 3414)
4(1706 3439 5155 3444)
4(3439 1706 3414 6084)
4(5156 3672 5126 2497)
4(5156 2497 5151 3673)
4(5156 3675 5154 2497)
4(1802 3415 5154 3675)
4(5156 2497 5155 3697)
4(1811 3697 5155 3441)
4(1812 3675 5154 3444)
4(1812 3444 5155 3697)
4(6085 2498 5157 3417)
4(5157 2498 5129 3418)
4(6085 3417 1697 3413)
4(6085 3442 5158 2498)
4(5158 3444 5154 2498)
4(1706 3442 6085 3414)
4(5158 2498 5157 3447)
4(1707 3447 5157 3417)
4(1707 3442 5158 3447)
4(3442 1707 3417 6085)
4(5159 3674 5129 2498)
4(5159 2498 5154 3675)
4(5159 3677 5157 2498)
4(1803 3418 5157 3677)
4(5159 2498 5158 3700)
4(1812 3700 5158 3444)
4(1813 3677 5157 3447)
4(1813 3447 5158 3700)
4(6086 2499 5160 3420)
4(5160 2499 5132 3421)
4(6086 3420 1698 3416)
4(6086 3445 5161 2499)
4(5161 3447 5157 2499)
4(1707 3445 6086 3417)
4(5161 2499 5160 3450)
4(1708 3450 5160 3420)
4(1708 3445 5161 3450)
4(3445 1708 3420 6086)
4(5162 3676 5132 2499)
4(5162 2499 5157 3677)
4(5162 3679 5160 2499)
4(1804 3421 5160 3679)
4(5162 2499 5161 3703)
4(1813 3703 5161 3447)
4(1814 3679 5160 3450)
4(1814 3450 5161 3703)
4(6087 2500 5163 3423)
4(5163 2500 5135 3424)
4(3423 1699 3419 6087)
4(6087 3448 5164 2500)
4(5164 3450 5160 2500)
4(1708 3448 6087 3420)
4(5164 2500 5163 3453)
4(1709 3453 5163 3423)
4(1709 3448 5164 3453)
4(3448 1709 3423 6087)
4(5165 3678 5135 2500)
4(5165 2500 5160 3679)
4(5165 3681 5163 2500)
4(1805 3424 5163 3681)
4(5165 2500 5164 3706)
4(1814 3706 5164 3450)
4(1815 3681 5163 3453)
4(1815 3453 5164 3706)
4(6060 2501 5874 3425)
4(5874 2501 5137 3426)
4(3425 1700 3422 6060)
4(5166 2501 6060 3451)
4(5166 3453 5163 2501)
4(3451 6060 3423 1709)
4(5874 3455 5166 2501)
4(1710 3451 5166 3455)
4(1710 3425 6060 3451)
4(5167 3680 5137 2501)
4(5167 2501 5163 3681)
4(5874 2501 5167 3683)
4(5167 2501 5166 3709)
4(1815 3709 5166 3453)
4(1816 3455 5166 3709)
4(5984 2816 6681 2502)
3(6050 5984 2502)
4(5169 2502 6681 6779)
4(5169 2876 5140 2502)
4(6827 6779 6681 6738)
4(5984 2880 5169 2502)
4(460 6779 5169 2880)
4(460 2816 6681 6779)
4(2816 460 2880 5984)
4(6050 2502 5168 3428)
4(5168 2502 5140 3429)
4(6050 3428 1701 2813)
4(5984 2502 5168 3457)
3(3457 5168 3428)
4(3428 6050 5984 3457)
4(5169 3686 5168 2502)
4(1807 3429 5168 3686)
4(1807 3686 5169 2876)
4(1817 3686 5168 3457)
4(1817 2880 5169 3686)
4(5984 2880 1817 3457)
4(6051 2503 5170 3431)
4(5170 2503 5143 3432)
4(6051 3431 1702 3427)
4(6051 3456 5985 2503)
4(5985 3457 5168 2503)
5(3456 6051 3428 3457 5985)
4(5985 2503 5170 3459)
4(1711 3459 5170 3431)
4(3456 1711 3431 6051)
4(3456 5985 3459 1711)
4(5171 3685 5143 2503)
4(5171 2503 5168 3686)
4(5171 3689 5170 2503)
4(1808 3432 5170 3689)
4(1808 3689 5171 3685)
4(5985 3714 5171 2503)
4(1817 3686 5171 3714)
4(3457 1817 3714 5985)
4(1818 3689 5170 3459)
4(1818 3714 5171 3689)
4(5985 3714 1818 3459)
4(6052 2504 5172 3434)
4(5172 2504 5146 3435)
4(6052 3434 1703 3430)
4(6052 3458 5986 2504)
4(5986 3459 5170 2504)
4(1711 3458 6052 3431)
4(1711 3459 5986 3458)
4(5986 2504 5172 3461)
4(1712 3461 5172 3434)
4(3458 1712 3434 6052)
4(3458 5986 3461 1712)
4(5173 3688 5146 2504)
4(5173 2504 5170 3689)
4(5173 3692 5172 2504)
4(1809 3435 5172 3692)
4(1809 3692 5173 3688)
4(5986 3716 5173 2504)
4(1818 3689 5173 3716)
4(3459 1818 3716 5986)
4(1819 3692 5172 3461)
4(1819 3716 5173 3692)
4(5986 3716 1819 3461)
4(6053 2505 5174 3437)
4(5174 2505 5149 3438)
4(6053 3437 1704 3433)
4(6053 3460 5987 2505)
4(5987 3461 5172 2505)
4(1712 3460 6053 3434)
4(1712 3461 5987 3460)
4(5987 2505 5174 3463)
4(1713 3463 5174 3437)
4(3460 1713 3437 6053)
4(3460 5987 3463 1713)
4(5175 3691 5149 2505)
4(5175 2505 5172 3692)
4(5175 3695 5174 2505)
4(1810 3438 5174 3695)
4(1810 3695 5175 3691)
4(5987 3718 5175 2505)
4(1819 3692 5175 3718)
4(3461 1819 3718 5987)
4(1820 3695 5174 3463)
4(1820 3718 5175 3695)
4(5987 3718 1820 3463)
4(6054 2506 5176 3440)
4(5176 2506 5152 3441)
4(6054 3440 1705 3436)
4(6054 3462 5988 2506)
4(5988 3463 5174 2506)
4(1713 3462 6054 3437)
4(1713 3463 5988 3462)
4(5988 2506 5176 3465)
4(1714 3465 5176 3440)
4(3462 1714 3440 6054)
4(3462 5988 3465 1714)
4(5177 3694 5152 2506)
4(5177 2506 5174 3695)
4(5177 3698 5176 2506)
4(1811 3441 5176 3698)
4(1811 3698 5177 3694)
4(5988 3720 5177 2506)
4(1820 3695 5177 3720)
4(3463 1820 3720 5988)
4(1821 3698 5176 3465)
4(1821 3720 5177 3698)
4(5988 3720 1821 3465)
4(6055 2507 5178 3443)
4(5178 2507 5155 3444)
4(6055 3443 1706 3439)
4(6055 3464 5989 2507)
4(5989 3465 5176 2507)
6(3464 6055 3440 1714 3465 5989)
4(5989 2507 5178 3467)
4(1715 3467 5178 3443)
4(3464 1715 3443 6055)
4(3464 5989 3467 1715)
4(5179 3697 5155 2507)
4(5179 2507 5176 3698)
4(5179 3701 5178 2507)
4(1812 3444 5178 3701)
4(1812 3701 5179 3697)
4(5989 3722 5179 2507)
4(1821 3698 5179 3722)
4(3465 1821 3722 5989)
4(1822 3701 5178 3467)
4(1822 3722 5179 3701)
4(5989 3722 1822 3467)
4(6056 2508 5180 3446)
4(5180 2508 5158 3447)
4(6056 3446 1707 3442)
4(6056 3466 5990 2508)
4(5990 3467 5178 2508)
4(1715 3466 6056 3443)
4(1715 3467 5990 3466)
4(5990 2508 5180 3469)
4(1716 3469 5180 3446)
4(3466 1716 3446 6056)
4(3466 5990 3469 1716)
4(5181 3700 5158 2508)
4(5181 2508 5178 3701)
4(5181 3704 5180 2508)
4(1813 3447 5180 3704)
4(1813 3704 5181 3700)
4(5990 3724 5181 2508)
4(1822 3701 5181 3724)
4(3467 1822 3724 5990)
4(1823 3704 5180 3469)
4(1823 3724 5181 3704)
4(5990 3724 1823 3469)
4(6057 2509 5182 3449)
4(5182 2509 5161 3450)
4(6057 3449 1708 3445)
4(6057 3468 5991 2509)
4(5991 3469 5180 2509)
4(1716 3468 6057 3446)
4(1716 3469 5991 3468)
4(5991 2509 5182 3471)
4(1717 3471 5182 3449)
4(3468 1717 3449 6057)
4(3468 5991 3471 1717)
4(5183 3703 5161 2509)
4(5183 2509 5180 3704)
4(5183 3707 5182 2509)
4(1814 3450 5182 3707)
4(1814 3707 5183 3703)
4(5991 3726 5183 2509)
4(1823 3704 5183 3726)
4(3469 1823 3726 5991)
4(1824 3707 5182 3471)
4(1824 3726 5183 3707)
4(5991 3726 1824 3471)
4(6058 2510 5184 3452)
4(5184 2510 5164 3453)
4(6058 3452 1709 3448)
4(6058 3470 5992 2510)
4(5992 3471 5182 2510)
4(1717 3470 6058 3449)
4(1717 3471 5992 3470)
4(5992 2510 5184 3473)
4(1718 3473 5184 3452)
4(3470 1718 3452 6058)
4(3470 5992 3473 1718)
4(5185 3706 5164 2510)
4(5185 2510 5182 3707)
4(5185 3710 5184 2510)
4(1815 3453 5184 3710)
4(1815 3710 5185 3706)
4(5992 3728 5185 2510)
4(1824 3707 5185 3728)
4(3471 1824 3728 5992)
4(1825 3710 5184 3473)
4(1825 3728 5185 3710)
4(5992 3728 1825 3473)
4(6059 2511 5875 3454)
4(5875 2511 5166 3455)
4(3454 1710 3451 6059)
4(6059 3472 5993 2511)
4(5993 3473 5184 2511)
4(1718 3472 6059 3452)
4(1718 3473 5993 3472)
3(5993 2511 5875)
5(3472 5993 5875 3454 6059)
4(5186 3709 5166 2511)
4(5186 2511 5184 3710)
4(5875 2511 5186 3712)
4(1816 3712 5186 3709)
4(5993 3730 5186 2511)
4(1825 3710 5186 3730)
4(3473 1825 3730 5993)
3(3730 5186 3712)
4(5993 3730 3712 5875)
4(5188 6748 6682 2512)
4(5188 2512 4910 2828)
4(6729 6742 6682 6748)
4(5189 2512 6682 6787)
4(5948 2512 5189 2886)
5(6787 6682 6743 5948 2886)
4(5189 2512 5188 2892)
4(6849 2892 5188 6748)
4(6849 6787 5189 2892)
4(6849 6748 6682 6787)
4(5187 3475 4910 2512)
4(5948 3476 5187 2512)
4(2822 1719 3476 5948)
4(5188 2512 5187 3502)
4(1727 3502 5187 3475)
4(1727 2828 5188 3502)
4(5189 3733 5187 2512)
4(1826 3476 5187 3733)
4(1826 3733 5189 2886)
4(5948 3476 1826 2886)
4(1834 3733 5187 3502)
4(1834 3502 5188 2892)
4(1834 2892 5189 3733)
4(5190 3478 4913 2513)
4(5949 3479 5190 2513)
4(3474 1720 3479 5949)
4(5191 2513 4913 3500)
4(5191 3502 5187 2513)
4(5191 2513 5190 3505)
4(1728 3505 5190 3478)
4(1728 3500 5191 3505)
4(5949 2513 5192 3732)
4(5192 2513 5187 3733)
4(3476 5949 3732 1826)
4(5192 3736 5190 2513)
4(1827 3479 5190 3736)
4(1827 3736 5192 3732)
4(5949 3479 1827 3732)
4(5192 2513 5191 3758)
4(1834 3733 5192 3758)
4(1834 3758 5191 3502)
4(1835 3736 5190 3505)
4(1835 3758 5192 3736)
4(1835 3505 5191 3758)
4(5193 3481 4916 2514)
4(5950 3482 5193 2514)
4(3477 1721 3482 5950)
4(5194 2514 4916 3503)
4(5194 3505 5190 2514)
4(5194 2514 5193 3508)
4(1729 3508 5193 3481)
4(1729 3503 5194 3508)
4(5950 2514 5195 3735)
4(5195 2514 5190 3736)
4(3479 5950 3735 1827)
4(5195 3739 5193 2514)
4(1828 3482 5193 3739)
4(1828 3739 5195 3735)
4(5950 3482 1828 3735)
4(5195 2514 5194 3761)
4(1835 3736 5195 3761)
4(1835 3761 5194 3505)
4(1836 3739 5193 3508)
4(1836 3761 5195 3739)
4(1836 3508 5194 3761)
4(5196 3483 4919 2515)
3(5951 5196 2515)
4(3483 5196 5951 3480)
4(5197 2515 4919 3506)
4(5197 3508 5193 2515)
4(5197 2515 5196 3511)
4(1730 3506 5197 3511)
4(1730 3511 5196 3483)
4(5951 2515 5198 3738)
4(5198 2515 5193 3739)
4(3482 5951 3738 1828)
4(5198 3741 5196 2515)
3(3741 5198 3738)
4(5951 5196 3741 3738)
4(5198 2515 5197 3763)
4(1836 3739 5198 3763)
4(1836 3763 5197 3508)
4(1837 3763 5198 3741)
4(1837 3511 5197 3763)
4(1837 3741 5196 3511)
4(5201 3487 4924 2516)
4(5952 3488 5201 2516)
4(3484 1722 3488 5952)
4(5202 2516 4924 3512)
4(5202 3514 5199 2516)
4(1731 3485 5199 3514)
4(5202 2516 5201 3517)
4(1732 3517 5201 3487)
4(1732 3512 5202 3517)
4(5952 2516 5203 3742)
4(5203 2516 5199 3743)
4(3743 5199 5952 3742)
4(5203 3745 5201 2516)
4(1829 3488 5201 3745)
4(1829 3745 5203 3742)
4(5952 3488 1829 3742)
4(5203 2516 5202 3768)
4(1838 3743 5203 3768)
4(1838 3768 5202 3514)
4(1838 3514 5199 3743)
4(1839 3745 5201 3517)
4(1839 3768 5203 3745)
4(1839 3517 5202 3768)
4(5204 3490 4927 2517)
4(5953 3491 5204 2517)
4(3486 1723 3491 5953)
4(5205 2517 4927 3515)
4(5205 3517 5201 2517)
4(5205 2517 5204 3520)
4(1733 3520 5204 3490)
4(5953 2517 5206 3744)
4(5206 2517 5201 3745)
4(3488 5953 3744 1829)
4(5206 3748 5204 2517)
4(1830 3491 5204 3748)
4(1830 3748 5206 3744)
4(5953 3491 1830 3744)
4(5206 2517 5205 3771)
4(1839 3745 5206 3771)
4(1840 3748 5204 3520)
4(1840 3771 5206 3748)
4(5207 3493 4930 2518)
4(5954 3494 5207 2518)
4(3489 1724 3494 5954)
4(5208 2518 4930 3518)
4(5208 3520 5204 2518)
4(5208 2518 5207 3523)
4(1734 3523 5207 3493)
4(5954 2518 5209 3747)
4(5209 2518 5204 3748)
4(3491 5954 3747 1830)
4(5209 3751 5207 2518)
4(1831 3494 5207 3751)
4(1831 3751 5209 3747)
4(5954 3494 1831 3747)
4(5209 2518 5208 3773)
4(1840 3748 5209 3773)
4(1841 3751 5207 3523)
4(1841 3773 5209 3751)
4(5210 3496 4933 2519)
4(5955 3497 5210 2519)
4(3492 1725 3497 5955)
4(5211 2519 4933 3521)
4(5211 3523 5207 2519)
4(5211 2519 5210 3526)
4(1735 3526 5210 3496)
4(5955 2519 5212 3750)
4(5212 2519 5207 3751)
4(3494 5955 3750 1831)
4(5212 3754 5210 2519)
4(1832 3497 5210 3754)
4(1832 3754 5212 3750)
4(3497 1832 3750 5955)
4(5212 2519 5211 3775)
4(1841 3751 5212 3775)
4(1842 3754 5210 3526)
4(1842 3775 5212 3754)
4(5876 3498 4935 2520)
4(5933 3499 5876 2520)
4(5213 2520 4935 3524)
4(5213 3526 5210 2520)
4(5876 3528 5213 2520)
4(1736 3524 5213 3528)
4(1736 3528 5876 3498)
4(5933 2520 5214 3753)
4(5214 2520 5210 3754)
4(5933 3753 1832 3497)
4(5876 2520 5214 3756)
4(1833 3756 5214 3753)
4(5214 2520 5213 3777)
4(1842 3777 5213 3526)
4(1842 3754 5214 3777)
4(1843 3528 5213 3777)
4(1843 3777 5214 3756)
4(1843 3756 5876 3528)
4(5216 6751 6684 2521)
4(5216 2521 4938 2834)
4(6745 6747 6684 6751)
4(5217 2521 6684 6792)
4(5217 2892 5188 2521)
4(6849 6792 6684 6748)
4(5217 2521 5216 2898)
4(6605 2898 5216 6751)
4(6605 6792 5217 2898)
4(6605 6751 6684 6792)
4(5215 3501 4938 2521)
4(5215 2521 5188 3502)
4(5216 2521 5215 3531)
4(1737 2834 5216 3531)
4(1737 3531 5215 3501)
4(5217 3759 5215 2521)
4(1834 3759 5217 2892)
4(1834 3502 5215 3759)
4(1844 3531 5216 2898)
4(1844 2898 5217 3759)
4(1844 3759 5215 3531)
4(5219 3513 4950 2522)
4(5219 2522 5200 3514)
4(1731 3514 5200 3509)
4(5220 2522 4950 3536)
4(5220 3538 5218 2522)
4(1740 3510 5218 3538)
4(5220 2522 5219 3541)
4(1741 3541 5219 3513)
4(1741 3536 5220 3541)
4(5221 3765 5200 2522)
4(5221 2522 5218 3766)
4(1837 3766 5218 3511)
4(1837 3511 5200 3765)
4(5221 3769 5219 2522)
4(1838 3769 5221 3765)
4(1838 3514 5219 3769)
4(1838 3765 5200 3514)
4(5221 2522 5220 3787)
4(1847 3766 5221 3787)
4(1847 3538 5218 3766)
4(1847 3787 5220 3538)
4(1848 3787 5221 3769)
4(1848 3769 5219 3541)
4(1848 3541 5220 3787)
4(5877 3527 4964 2523)
4(5877 2523 5213 3528)
4(1736 3527 5877 3528)
4(5223 2523 4964 3548)
4(5223 3550 5222 2523)
4(5877 3552 5223 2523)
4(1746 3548 5223 3552)
4(1746 3552 5877 3527)
4(5224 3777 5213 2523)
4(5224 2523 5222 3778)
4(5877 2523 5224 3780)
4(1843 3780 5224 3777)
4(1843 3528 5877 3780)
4(5224 2523 5223 3790)
4(1852 3790 5223 3550)
4(1852 3778 5224 3790)
4(1853 3552 5223 3790)
4(1853 3790 5224 3780)
4(1853 3780 5877 3552)
4(5226 6753 6685 2524)
4(5226 2524 4967 2840)
4(6755 6750 6685 6753)
4(5227 2524 6685 6794)
4(5227 2898 5216 2524)
4(6605 6794 6685 6751)
4(5227 2524 5226 2904)
4(6614 2904 5226 6753)
4(6614 6794 5227 2904)
4(6614 6753 6685 6794)
4(5225 3530 4967 2524)
4(5225 2524 5216 3531)
4(5226 2524 5225 3555)
4(1747 2840 5226 3555)
4(1747 3555 5225 3530)
4(5227 3783 5225 2524)
4(1844 3783 5227 2898)
4(1844 3531 5225 3783)
4(1854 3555 5226 2904)
4(1854 2904 5227 3783)
4(1854 3783 5225 3555)
4(5878 3551 4993 2525)
4(5878 2525 5223 3552)
4(1746 3551 5878 3552)
4(5230 2525 4993 3570)
4(5230 3572 5229 2525)
4(5878 3574 5230 2525)
4(1756 3570 5230 3574)
4(1756 3574 5878 3551)
4(5231 3790 5223 2525)
4(5231 2525 5229 3791)
4(5878 2525 5231 3793)
4(1853 3793 5231 3790)
4(1853 3552 5878 3793)
4(5231 2525 5230 3800)
4(1862 3800 5230 3572)
4(1862 3791 5231 3800)
4(1863 3574 5230 3800)
4(1863 3800 5231 3793)
4(1863 3793 5878 3574)
4(5233 6757 6687 2526)
4(5233 2526 4996 2846)
4(6772 6752 6687 6757)
4(5234 2526 6687 6797)
4(5234 2904 5226 2526)
4(6614 6797 6687 6753)
4(5234 2526 5233 2909)
4(6627 2909 5233 6757)
4(6627 6797 5234 2909)
4(6627 6757 6687 6797)
4(5232 3554 4996 2526)
4(5232 2526 5226 3555)
4(5233 2526 5232 3577)
4(1757 2846 5233 3577)
4(1757 3577 5232 3554)
4(5234 3796 5232 2526)
4(1854 3796 5234 2904)
4(1854 3555 5232 3796)
4(1864 3577 5233 2909)
4(1864 2909 5234 3796)
4(1864 3796 5232 3577)
4(5879 3573 5022 2527)
4(5879 2527 5230 3574)
4(1756 3573 5879 3574)
4(5237 2527 5022 3592)
4(5237 3594 5236 2527)
4(5879 3596 5237 2527)
4(1766 3592 5237 3596)
4(1766 3596 5879 3573)
4(5238 3800 5230 2527)
4(5238 2527 5236 3801)
4(5879 2527 5238 3803)
4(1863 3803 5238 3800)
4(1863 3574 5879 3803)
4(5238 2527 5237 3809)
4(1872 3809 5237 3594)
4(1872 3801 5238 3809)
4(1873 3596 5237 3809)
4(1873 3809 5238 3803)
4(1873 3803 5879 3596)
4(5240 6762 6689 2528)
4(5240 2528 5025 2852)
4(6789 6756 6689 6762)
4(5241 2528 6689 6799)
4(5241 2909 5233 2528)
4(6627 6799 6689 6757)
4(5241 2528 5240 2915)
4(6640 2915 5240 6762)
4(6640 6799 5241 2915)
4(6640 6762 6689 6799)
4(5239 3576 5025 2528)
4(5239 2528 5233 3577)
4(5240 2528 5239 3599)
4(1767 2852 5240 3599)
4(1767 3599 5239 3576)
4(5241 3806 5239 2528)
4(1864 3577 5239 3806)
4(1864 3806 5241 2909)
4(1874 3599 5240 2915)
4(1874 3806 5239 3599)
4(1874 2915 5241 3806)
4(5880 3595 5051 2529)
4(5880 2529 5237 3596)
4(1766 3595 5880 3596)
4(5243 2529 5051 3614)
4(5243 3616 5242 2529)
4(5880 3618 5243 2529)
4(1776 3614 5243 3618)
4(1776 3618 5880 3595)
4(5244 3809 5237 2529)
4(5244 2529 5242 3810)
4(5880 2529 5244 3812)
4(1873 3812 5244 3809)
4(1873 3596 5880 3812)
4(5244 2529 5243 3816)
4(1882 3816 5243 3616)
4(1882 3810 5244 3816)
4(1883 3618 5243 3816)
4(1883 3816 5244 3812)
4(1883 3812 5880 3618)
4(5246 6767 6690 2530)
4(5246 2530 5054 2858)
4(6798 6761 6690 6767)
4(5247 2530 6690 6804)
4(5247 2915 5240 2530)
4(6640 6804 6690 6762)
4(5247 2530 5246 2921)
4(6651 2921 5246 6767)
4(6651 6804 5247 2921)
4(6651 6767 6690 6804)
4(5245 3598 5054 2530)
4(5245 2530 5240 3599)
4(5246 2530 5245 3621)
4(1777 2858 5246 3621)
4(1777 3621 5245 3598)
4(5247 3814 5245 2530)
4(1874 3814 5247 2915)
4(1874 3599 5245 3814)
4(1884 3621 5246 2921)
4(1884 2921 5247 3814)
4(1884 3814 5245 3621)
4(5881 3617 5080 2531)
4(5881 2531 5243 3618)
4(1776 3617 5881 3618)
4(5249 2531 5080 3636)
4(5249 3638 5248 2531)
4(5881 3640 5249 2531)
4(1786 3636 5249 3640)
4(1786 3640 5881 3617)
4(5250 3816 5243 2531)
4(5250 2531 5248 3817)
4(5881 2531 5250 3819)
4(1883 3819 5250 3816)
4(1883 3618 5881 3819)
4(5250 2531 5249 3823)
4(1892 3823 5249 3638)
4(1892 3817 5250 3823)
4(1893 3640 5249 3823)
4(1893 3823 5250 3819)
4(1893 3819 5881 3640)
4(5252 6771 6691 2532)
4(5252 2532 5083 2864)
4(6811 6764 6691 6771)
4(5253 2532 6691 6806)
4(5253 2921 5246 2532)
4(6651 6806 6691 6767)
4(5253 2532 5252 2927)
4(6659 2927 5252 6771)
4(6659 6806 5253 2927)
4(6659 6771 6691 6806)
4(5251 3620 5083 2532)
4(5251 2532 5246 3621)
4(5252 2532 5251 3643)
4(1787 2864 5252 3643)
4(1787 3643 5251 3620)
4(5253 3821 5251 2532)
4(1884 3821 5253 2921)
4(1884 3621 5251 3821)
4(1894 3643 5252 2927)
4(1894 2927 5253 3821)
4(1894 3821 5251 3643)
4(5882 3639 5109 2533)
4(5882 2533 5249 3640)
4(1786 3639 5882 3640)
4(5255 2533 5109 3658)
4(5255 3660 5254 2533)
4(5882 3662 5255 2533)
4(1796 3658 5255 3662)
4(1796 3662 5882 3639)
4(5256 3823 5249 2533)
4(5256 2533 5254 3824)
4(5882 2533 5256 3826)
4(1893 3826 5256 3823)
4(1893 3640 5882 3826)
4(5256 2533 5255 3830)
4(1902 3830 5255 3660)
4(1902 3824 5256 3830)
4(1903 3662 5255 3830)
4(1903 3830 5256 3826)
4(1903 3826 5882 3662)
4(5258 6776 6693 2534)
4(5258 2534 5112 2870)
4(6822 6769 6693 6776)
4(5259 2534 6693 6809)
4(5259 2927 5252 2534)
4(6659 6809 6693 6771)
4(5259 2534 5258 2933)
4(6665 2933 5258 6776)
4(6665 6809 5259 2933)
4(6665 6776 6693 6809)
4(5257 3642 5112 2534)
4(5257 2534 5252 3643)
4(5258 2534 5257 3665)
4(1797 2870 5258 3665)
4(1797 3665 5257 3642)
4(5259 3828 5257 2534)
4(1894 3828 5259 2927)
4(1894 3643 5257 3828)
4(1904 3665 5258 2933)
4(1904 2933 5259 3828)
4(1904 3828 5257 3665)
4(5883 3661 5138 2535)
4(5883 2535 5255 3662)
4(1796 3661 5883 3662)
4(5261 2535 5138 3680)
4(5261 3682 5260 2535)
4(5883 3684 5261 2535)
4(5262 3830 5255 2535)
4(5262 2535 5260 3831)
4(5883 2535 5262 3833)
4(1903 3833 5262 3830)
4(1903 3662 5883 3833)
4(5262 2535 5261 3837)
4(1912 3831 5262 3837)
4(1913 3837 5262 3833)
4(5264 6781 6695 2536)
4(5264 2536 5141 2876)
4(6827 6774 6695 6781)
4(5265 2536 6695 6814)
4(5265 2933 5258 2536)
4(6665 6814 6695 6776)
4(5265 2536 5264 2939)
4(6672 2939 5264 6781)
4(6672 6814 5265 2939)
4(6672 6781 6695 6814)
4(5263 3664 5141 2536)
4(5263 2536 5258 3665)
4(5264 2536 5263 3687)
4(1807 2876 5264 3687)
4(1807 3687 5263 3664)
4(5265 3835 5263 2536)
4(1904 3835 5265 2933)
4(1904 3665 5263 3835)
4(1914 3687 5264 2939)
4(1914 2939 5265 3835)
4(1914 3835 5263 3687)
4(6010 2879 6696 2537)
4(6010 2537 5169 2880)
4(460 2879 6010 2880)
4(460 6779 6696 2879)
4(5276 2537 6696 6817)
4(5276 2939 5264 2537)
4(6672 6817 6696 6781)
4(6010 2943 5276 2537)
4(691 6817 5276 2943)
4(691 2943 6010 2879)
4(691 2879 6696 6817)
4(5275 3686 5169 2537)
4(5275 2537 5264 3687)
4(6010 2537 5275 3715)
4(1817 3715 5275 3686)
4(2880 6010 3715 1817)
4(5276 3841 5275 2537)
4(1914 3687 5275 3841)
4(1914 3841 5276 2939)
4(1924 3841 5275 3715)
4(1924 2943 5276 3841)
4(6010 2943 1924 3715)
4(5277 3689 5171 2538)
4(5277 2538 5266 3690)
4(1808 3690 5266 3685)
4(6011 2538 5171 3714)
4(6011 3715 5275 2538)
4(1817 3715 6011 3714)
4(6011 2538 5277 3717)
4(1818 3717 5277 3689)
4(3714 6011 3717 1818)
4(5278 3840 5266 2538)
4(5278 2538 5275 3841)
4(1914 3687 5266 3840)
4(5278 3844 5277 2538)
4(1915 3690 5277 3844)
4(1915 3844 5278 3840)
4(1915 3840 5266 3690)
4(6011 3869 5278 2538)
4(1924 3841 5278 3869)
4(3715 1924 3869 6011)
4(1925 3844 5277 3717)
4(1925 3869 5278 3844)
4(6011 3869 1925 3717)
4(5279 3692 5173 2539)
4(5279 2539 5267 3693)
4(6012 2539 5173 3716)
4(6012 3717 5277 2539)
4(1818 3717 6012 3716)
4(6012 2539 5279 3719)
4(1819 3719 5279 3692)
4(3716 6012 3719 1819)
4(5280 3843 5267 2539)
4(5280 2539 5277 3844)
4(5280 3847 5279 2539)
4(1916 3693 5279 3847)
4(1916 3847 5280 3843)
4(6012 3871 5280 2539)
4(1925 3844 5280 3871)
4(3717 1925 3871 6012)
4(1926 3847 5279 3719)
4(1926 3871 5280 3847)
4(6012 3871 1926 3719)
4(5281 3695 5175 2540)
4(5281 2540 5268 3696)
4(6013 2540 5175 3718)
4(6013 3719 5279 2540)
4(1819 3719 6013 3718)
4(6013 2540 5281 3721)
4(1820 3721 5281 3695)
4(3718 6013 3721 1820)
4(5282 3846 5268 2540)
4(5282 2540 5279 3847)
4(5282 3850 5281 2540)
4(1917 3696 5281 3850)
4(1917 3850 5282 3846)
4(6013 3873 5282 2540)
4(1926 3847 5282 3873)
4(3719 1926 3873 6013)
4(1927 3850 5281 3721)
4(1927 3873 5282 3850)
4(6013 3873 1927 3721)
4(5283 3698 5177 2541)
4(5283 2541 5269 3699)
4(6014 2541 5177 3720)
4(6014 3721 5281 2541)
4(1820 3721 6014 3720)
4(6014 2541 5283 3723)
4(1821 3723 5283 3698)
4(3720 6014 3723 1821)
4(5284 3849 5269 2541)
4(5284 2541 5281 3850)
4(5284 3853 5283 2541)
4(1918 3699 5283 3853)
4(1918 3853 5284 3849)
4(6014 3875 5284 2541)
4(1927 3850 5284 3875)
4(3721 1927 3875 6014)
4(1928 3853 5283 3723)
4(1928 3875 5284 3853)
4(6014 3875 1928 3723)
4(5285 3701 5179 2542)
4(5285 2542 5270 3702)
4(6015 2542 5179 3722)
4(6015 3723 5283 2542)
4(1821 3723 6015 3722)
4(6015 2542 5285 3725)
4(1822 3725 5285 3701)
4(3722 6015 3725 1822)
4(5286 3852 5270 2542)
4(5286 2542 5283 3853)
4(5286 3856 5285 2542)
4(1919 3702 5285 3856)
4(1919 3856 5286 3852)
4(6015 3877 5286 2542)
4(1928 3853 5286 3877)
4(3723 1928 3877 6015)
4(1929 3856 5285 3725)
4(1929 3877 5286 3856)
4(6015 3877 1929 3725)
4(5287 3704 5181 2543)
4(5287 2543 5271 3705)
4(6016 2543 5181 3724)
4(6016 3725 5285 2543)
4(1822 3725 6016 3724)
4(6016 2543 5287 3727)
4(1823 3727 5287 3704)
4(3724 6016 3727 1823)
4(5288 3855 5271 2543)
4(5288 2543 5285 3856)
4(5288 3859 5287 2543)
4(1920 3705 5287 3859)
4(1920 3859 5288 3855)
4(6016 3879 5288 2543)
4(1929 3856 5288 3879)
4(3725 1929 3879 6016)
4(1930 3859 5287 3727)
4(1930 3879 5288 3859)
4(6016 3879 1930 3727)
4(5289 3707 5183 2544)
4(5289 2544 5272 3708)
4(6017 2544 5183 3726)
4(6017 3727 5287 2544)
4(1823 3727 6017 3726)
4(6017 2544 5289 3729)
4(1824 3729 5289 3707)
4(3726 6017 3729 1824)
4(5290 3858 5272 2544)
4(5290 2544 5287 3859)
4(5290 3862 5289 2544)
4(1921 3708 5289 3862)
4(1921 3862 5290 3858)
4(6017 3881 5290 2544)
4(1930 3859 5290 3881)
4(3727 1930 3881 6017)
4(1931 3862 5289 3729)
4(1931 3881 5290 3862)
4(6017 3881 1931 3729)
4(5291 3710 5185 2545)
4(5291 2545 5273 3711)
4(6018 2545 5185 3728)
4(6018 3729 5289 2545)
4(1824 3729 6018 3728)
4(6018 2545 5291 3731)
4(1825 3731 5291 3710)
4(3728 6018 3731 1825)
4(5292 3861 5273 2545)
4(5292 2545 5289 3862)
4(5292 3865 5291 2545)
4(1922 3711 5291 3865)
4(1922 3865 5292 3861)
4(6018 3883 5292 2545)
4(1931 3862 5292 3883)
4(3729 1931 3883 6018)
4(1932 3865 5291 3731)
4(1932 3883 5292 3865)
4(3731 6018 3883 1932)
4(5884 3712 5186 2546)
4(5884 2546 5274 3713)
4(5994 2546 5186 3730)
4(5994 3731 5291 2546)
4(3730 1825 3731 5994)
3(5884 5994 2546)
4(5884 3712 3730 5994)
4(5293 3864 5274 2546)
4(5293 2546 5291 3865)
4(5884 2546 5293 3867)
4(1923 3867 5293 3864)
4(5994 3885 5293 2546)
4(1932 3865 5293 3885)
4(5994 3731 1932 3885)
3(3885 5293 3867)
4(3867 5884 5994 3885)
4(5295 6793 6698 2547)
4(5295 2547 5189 2892)
4(6849 6787 6698 6793)
4(5296 2547 6698 6821)
4(5968 2547 5296 2949)
4(5296 2547 5295 2955)
4(6697 2955 5295 6793)
4(6697 6821 5296 2955)
4(6697 6793 6698 6821)
4(5294 3733 5189 2547)
4(5968 3734 5294 2547)
4(5968 2886 1826 3734)
4(5295 2547 5294 3760)
4(1834 3760 5294 3733)
4(1834 2892 5295 3760)
4(5296 3888 5294 2547)
4(1933 3734 5294 3888)
4(1933 3888 5296 2949)
4(5968 3734 1933 2949)
4(1941 3888 5294 3760)
4(1941 3760 5295 2955)
4(1941 2955 5296 3888)
4(5297 3736 5192 2548)
4(5969 3737 5297 2548)
4(3732 1827 3737 5969)
4(5298 2548 5192 3758)
4(5298 3760 5294 2548)
4(5298 2548 5297 3762)
4(1835 3762 5297 3736)
4(1835 3758 5298 3762)
4(5969 2548 5299 3887)
4(5299 2548 5294 3888)
4(1933 3734 5969 3887)
4(5299 3891 5297 2548)
4(1934 3737 5297 3891)
4(1934 3891 5299 3887)
4(5969 3737 1934 3887)
4(5299 2548 5298 3913)
4(1941 3888 5299 3913)
4(1941 3913 5298 3760)
4(1942 3891 5297 3762)
4(1942 3913 5299 3891)
4(1942 3762 5298 3913)
4(5300 3739 5195 2549)
4(5970 3740 5300 2549)
4(3735 1828 3740 5970)
4(5301 2549 5195 3761)
4(5301 3762 5297 2549)
4(5301 2549 5300 3764)
4(1836 3764 5300 3739)
4(1836 3761 5301 3764)
4(5970 2549 5302 3890)
4(5302 2549 5297 3891)
4(3737 5970 3890 1934)
4(5302 3894 5300 2549)
4(1935 3740 5300 3894)
4(1935 3894 5302 3890)
4(5970 3740 1935 3890)
4(5302 2549 5301 3916)
4(1942 3891 5302 3916)
4(1942 3916 5301 3762)
4(1943 3894 5300 3764)
4(1943 3916 5302 3894)
4(1943 3764 5301 3916)
4(5303 3741 5198 2550)
3(5971 5303 2550)
4(3738 3741 5303 5971)
4(5304 2550 5198 3763)
4(5304 3764 5300 2550)
4(5304 2550 5303 3767)
4(1837 3763 5304 3767)
4(1837 3767 5303 3741)
4(5971 2550 5305 3893)
4(5305 2550 5300 3894)
4(3740 5971 3893 1935)
4(5305 3896 5303 2550)
3(3896 5305 3893)
4(5971 5303 3896 3893)
4(5305 2550 5304 3918)
4(1943 3894 5305 3918)
4(1943 3918 5304 3764)
4(1944 3918 5305 3896)
4(1944 3767 5304 3918)
4(1944 3896 5303 3767)
4(5308 3745 5203 2551)
4(5972 3746 5308 2551)
4(3742 1829 3746 5972)
4(5309 2551 5203 3768)
4(5309 3770 5306 2551)
4(1838 3743 5306 3770)
4(5309 2551 5308 3772)
4(1839 3772 5308 3745)
4(1839 3768 5309 3772)
4(5972 2551 5310 3897)
4(5310 2551 5306 3898)
4(5972 3897 3898 5306)
4(5310 3900 5308 2551)
4(1936 3746 5308 3900)
4(1936 3900 5310 3897)
4(5972 3746 1936 3897)
4(5310 2551 5309 3923)
4(1945 3898 5310 3923)
4(1945 3923 5309 3770)
4(1945 3770 5306 3898)
4(1946 3900 5308 3772)
4(1946 3923 5310 3900)
4(1946 3772 5309 3923)
4(5311 3748 5206 2552)
4(5973 3749 5311 2552)
4(3744 1830 3749 5973)
4(5312 2552 5206 3771)
4(5312 3772 5308 2552)
4(5312 2552 5311 3774)
4(1840 3774 5311 3748)
4(5973 2552 5313 3899)
4(5313 2552 5308 3900)
4(3746 5973 3899 1936)
4(5313 3903 5311 2552)
4(1937 3749 5311 3903)
4(1937 3903 5313 3899)
4(5973 3749 1937 3899)
4(5313 2552 5312 3926)
4(1946 3900 5313 3926)
4(1947 3903 5311 3774)
4(1947 3926 5313 3903)
4(5314 3751 5209 2553)
4(5974 3752 5314 2553)
4(3747 1831 3752 5974)
4(5315 2553 5209 3773)
4(5315 3774 5311 2553)
4(5315 2553 5314 3776)
4(1841 3776 5314 3751)
4(5974 2553 5316 3902)
4(5316 2553 5311 3903)
4(3749 5974 3902 1937)
4(5316 3906 5314 2553)
4(1938 3752 5314 3906)
4(1938 3906 5316 3902)
4(3752 1938 3902 5974)
4(5316 2553 5315 3928)
4(1947 3903 5316 3928)
4(1948 3906 5314 3776)
4(1948 3928 5316 3906)
4(5317 3754 5212 2554)
4(5956 3755 5317 2554)
4(1832 3755 5956 3750)
4(5318 2554 5212 3775)
4(5318 3776 5314 2554)
4(5318 2554 5317 3779)
4(1842 3779 5317 3754)
4(5956 2554 5319 3905)
4(5319 2554 5314 3906)
4(5956 3905 1938 3752)
4(5319 3909 5317 2554)
4(1939 3755 5317 3909)
4(1939 3909 5319 3905)
4(3755 1939 3905 5956)
4(5319 2554 5318 3930)
4(1948 3906 5319 3930)
4(1949 3909 5317 3779)
4(1949 3930 5319 3909)
4(5885 3756 5214 2555)
4(5934 3757 5885 2555)
4(1833 3756 5885 3757)
4(1833 3757 5934 3753)
4(5320 2555 5214 3777)
4(5320 3779 5317 2555)
4(5885 3781 5320 2555)
4(1843 3777 5320 3781)
4(1843 3781 5885 3756)
4(5934 2555 5321 3908)
4(5321 2555 5317 3909)
4(5934 3908 1939 3755)
4(5885 2555 5321 3911)
4(1940 3911 5321 3908)
4(1940 3757 5885 3911)
4(3757 1940 3908 5934)
4(5321 2555 5320 3932)
4(1949 3932 5320 3779)
4(1949 3909 5321 3932)
4(1950 3781 5320 3932)
4(1950 3932 5321 3911)
4(1950 3911 5885 3781)
4(5323 6795 6701 2556)
4(5323 2556 5217 2898)
4(6605 6792 6701 6795)
4(5324 2556 6701 6824)
4(5324 2955 5295 2556)
4(6697 6824 6701 6793)
4(5324 2556 5323 2961)
4(6710 2961 5323 6795)
4(6710 6824 5324 2961)
4(6710 6795 6701 6824)
4(5322 3759 5217 2556)
4(5322 2556 5295 3760)
4(5323 2556 5322 3784)
4(1844 2898 5323 3784)
4(1844 3784 5322 3759)
4(5324 3914 5322 2556)
4(1941 3914 5324 2955)
4(1941 3760 5322 3914)
4(1951 3784 5323 2961)
4(1951 2961 5324 3914)
4(1951 3914 5322 3784)
4(5327 3769 5221 2557)
4(5327 2557 5307 3770)
4(1838 3770 5307 3765)
4(5328 2557 5221 3787)
4(5328 3788 5326 2557)
4(1847 3766 5326 3788)
4(5328 2557 5327 3789)
4(1848 3789 5327 3769)
4(1848 3787 5328 3789)
4(5329 3920 5307 2557)
4(5329 2557 5326 3921)
4(1944 3921 5326 3767)
4(1944 3767 5307 3920)
4(5329 3924 5327 2557)
4(1945 3924 5329 3920)
4(1945 3770 5327 3924)
4(1945 3920 5307 3770)
4(5329 2557 5328 3942)
4(1954 3921 5329 3942)
4(1954 3788 5326 3921)
4(1954 3942 5328 3788)
4(1955 3942 5329 3924)
4(1955 3924 5327 3789)
4(1955 3789 5328 3942)
4(5886 3780 5224 2558)
4(5886 2558 5320 3781)
4(1843 3780 5886 3781)
4(5331 2558 5224 3790)
4(5331 3792 5330 2558)
4(5886 3794 5331 2558)
4(1853 3790 5331 3794)
4(1853 3794 5886 3780)
4(5332 3932 5320 2558)
4(5332 2558 5330 3933)
4(5886 2558 5332 3935)
4(1950 3935 5332 3932)
4(1950 3781 5886 3935)
4(5332 2558 5331 3945)
4(1959 3945 5331 3792)
4(1959 3933 5332 3945)
4(1960 3794 5331 3945)
4(1960 3945 5332 3935)
4(1960 3935 5886 3794)
4(5334 2903 4783 2559)
4(5334 2559 5227 2904)
4(6614 6794 4783 2903)
4(6728 2961 5323 2559)
5(6728 2559 4783 6795 6710)
4(5335 2559 5334 2966)
4(775 2966 5334 2903)
4(775 2959 5335 2966)
4(5335 2959 4783 2559)
4(5333 3783 5227 2559)
4(5333 2559 5323 3784)
4(5334 2559 5333 3797)
4(1854 3797 5333 3783)
4(1854 2904 5334 3797)
4(1951 3784 5333 6812)
4(1951 6812 6728 2961)
4(1961 3938 5333 3797)
4(1961 3797 5334 2966)
4(1961 2966 5335 3938)
4(5335 2559 5333 3938)
4(5336 3785 5228 2560)
4(5336 2560 5325 3786)
4(1845 3782 5228 3785)
4(1845 3786 5325 3782)
4(5337 2560 5228 3795)
4(5337 3797 5333 2560)
4(1854 3795 5228 3783)
4(5337 2560 5336 3799)
4(1855 3795 5337 3799)
4(1855 3799 5336 3785)
4(1855 3785 5228 3795)
4(6731 3937 5325 2560)
4(1951 3784 5325 3937)
4(1952 6813 6731 3937)
4(1952 3786 5336 6813)
4(1952 3937 5325 3786)
4(5338 2560 5337 3950)
4(1961 3950 5337 3797)
4(1961 3938 5338 3950)
4(5338 3938 5333 2560)
4(1962 3799 5337 3950)
4(1962 3950 5338 3940)
4(1962 3940 5336 3799)
4(5887 3793 5231 2561)
4(5887 2561 5331 3794)
4(1853 3793 5887 3794)
4(5340 2561 5231 3800)
4(5340 3802 5339 2561)
4(5887 3804 5340 2561)
4(1863 3800 5340 3804)
4(1863 3804 5887 3793)
4(5341 3945 5331 2561)
4(5341 2561 5339 3946)
4(5887 2561 5341 3948)
4(1960 3948 5341 3945)
4(1960 3794 5887 3948)
4(5341 2561 5340 3955)
4(1969 3955 5340 3802)
4(1969 3946 5341 3955)
4(1970 3804 5340 3955)
4(1970 3955 5341 3948)
4(1970 3948 5887 3804)
4(5343 2908 4784 2562)
4(5343 2562 5234 2909)
4(6627 6797 4784 2908)
4(5344 2562 4784 2964)
4(5344 2966 5334 2562)
4(775 2964 4784 2903)
4(5344 2562 5343 2968)
4(796 2964 5344 2968)
4(796 2908 4784 2964)
4(796 2968 5343 2908)
4(5342 3796 5234 2562)
4(5342 2562 5334 3797)
4(5343 2562 5342 3807)
4(1864 3807 5342 3796)
4(1864 2909 5343 3807)
4(5344 3951 5342 2562)
4(1961 3797 5342 3951)
4(1961 3951 5344 2966)
4(1971 3951 5342 3807)
4(1971 2968 5344 3951)
4(1971 3807 5343 2968)
4(5345 3798 5235 2563)
4(5345 2563 5337 3799)
4(1855 3795 5235 3798)
4(5346 2563 5235 3805)
4(5346 3807 5342 2563)
4(1864 3805 5235 3796)
4(5346 2563 5345 3808)
4(1865 3798 5235 3805)
4(1865 3808 5345 3798)
4(5347 3950 5337 2563)
4(5347 2563 5342 3951)
4(5347 3953 5345 2563)
4(1962 3953 5347 3950)
4(1962 3799 5345 3953)
4(5347 2563 5346 3960)
4(1971 3951 5347 3960)
4(1972 3960 5347 3953)
4(1972 3953 5345 3808)
4(5888 3803 5238 2564)
4(5888 2564 5340 3804)
4(1863 3803 5888 3804)
4(5349 2564 5238 3809)
4(5349 3811 5348 2564)
4(5888 3813 5349 2564)
4(1873 3809 5349 3813)
4(1873 3813 5888 3803)
4(5350 3955 5340 2564)
4(5350 2564 5348 3956)
4(5888 2564 5350 3958)
4(1970 3958 5350 3955)
4(1970 3804 5888 3958)
4(5350 2564 5349 3963)
4(1979 3963 5349 3811)
4(1979 3956 5350 3963)
4(1980 3813 5349 3963)
4(1980 3963 5350 3958)
4(1980 3958 5888 3813)
4(5889 3812 5244 2565)
4(5889 2565 5349 3813)
4(1873 3812 5889 3813)
4(5353 2565 5244 3816)
4(5353 3818 5352 2565)
4(5889 3820 5353 2565)
4(1883 3816 5353 3820)
4(1883 3820 5889 3812)
4(5354 3963 5349 2565)
4(5354 2565 5352 3964)
4(5889 2565 5354 3966)
4(1980 3966 5354 3963)
4(1980 3813 5889 3966)
4(5354 2565 5353 3970)
4(1989 3970 5353 3818)
4(1989 3964 5354 3970)
4(1990 3820 5353 3970)
4(1990 3970 5354 3966)
4(1990 3966 5889 3820)
4(5356 6808 6706 2566)
4(5356 2566 5247 2921)
4(6651 6804 6706 6808)
4(5357 2566 6706 6828)
4(5357 2974 5351 2566)
4(817 2914 5351 2974)
4(817 6828 6706 2914)
4(5357 2566 5356 2980)
4(6765 2980 5356 6808)
4(6765 6828 5357 2980)
4(6765 6808 6706 6828)
4(5355 3814 5247 2566)
4(5355 2566 5351 3815)
4(1874 3815 5351 2915)
4(5356 2566 5355 3822)
4(1884 2921 5356 3822)
4(1884 3822 5355 3814)
4(5357 3968 5355 2566)
4(1981 3968 5357 2974)
4(1981 2974 5351 3815)
4(1981 3815 5355 3968)
4(1991 3822 5356 2980)
4(1991 2980 5357 3968)
4(1991 3968 5355 3822)
4(5890 3819 5250 2567)
4(5890 2567 5353 3820)
4(1883 3819 5890 3820)
4(5359 2567 5250 3823)
4(5359 3825 5358 2567)
4(5890 3827 5359 2567)
4(1893 3823 5359 3827)
4(1893 3827 5890 3819)
4(5360 3970 5353 2567)
4(5360 2567 5358 3971)
4(5890 2567 5360 3973)
4(1990 3973 5360 3970)
4(1990 3820 5890 3973)
4(5360 2567 5359 3977)
4(1999 3977 5359 3825)
4(1999 3971 5360 3977)
4(2000 3827 5359 3977)
4(2000 3977 5360 3973)
4(2000 3973 5890 3827)
4(5362 6810 6709 2568)
4(5362 2568 5253 2927)
4(6659 6806 6709 6810)
4(5363 2568 6709 6830)
4(5363 2980 5356 2568)
4(6765 6830 6709 6808)
4(5363 2568 5362 2986)
4(6783 2986 5362 6810)
4(6783 6830 5363 2986)
4(6783 6810 6709 6830)
4(5361 3821 5253 2568)
4(5361 2568 5356 3822)
4(5362 2568 5361 3829)
4(1894 2927 5362 3829)
4(1894 3829 5361 3821)
4(5363 3975 5361 2568)
4(1991 3975 5363 2980)
4(1991 3822 5361 3975)
4(2001 3829 5362 2986)
4(2001 2986 5363 3975)
4(2001 3975 5361 3829)
4(5891 3826 5256 2569)
4(5891 2569 5359 3827)
4(1893 3826 5891 3827)
4(5365 2569 5256 3830)
4(5365 3832 5364 2569)
4(5891 3834 5365 2569)
4(1903 3830 5365 3834)
4(1903 3834 5891 3826)
4(5366 3977 5359 2569)
4(5366 2569 5364 3978)
4(5891 2569 5366 3980)
4(2000 3980 5366 3977)
4(2000 3827 5891 3980)
4(5366 2569 5365 3984)
4(2009 3984 5365 3832)
4(2009 3978 5366 3984)
4(2010 3834 5365 3984)
4(2010 3984 5366 3980)
4(2010 3980 5891 3834)
4(5368 6816 6713 2570)
4(5368 2570 5259 2933)
4(6665 6809 6713 6816)
4(5369 2570 6713 6833)
4(5369 2986 5362 2570)
4(6783 6833 6713 6810)
4(5369 2570 5368 2992)
4(6796 2992 5368 6816)
4(6796 6833 5369 2992)
4(6796 6816 6713 6833)
4(5367 3828 5259 2570)
4(5367 2570 5362 3829)
4(5368 2570 5367 3836)
4(1904 2933 5368 3836)
4(1904 3836 5367 3828)
4(5369 3982 5367 2570)
4(2001 3982 5369 2986)
4(2001 3829 5367 3982)
4(2011 3836 5368 2992)
4(2011 2992 5369 3982)
4(2011 3982 5367 3836)
4(5892 3833 5262 2571)
4(5892 2571 5365 3834)
4(1903 3833 5892 3834)
4(5371 2571 5262 3837)
4(5371 3838 5370 2571)
4(5892 3839 5371 2571)
4(5372 3984 5365 2571)
4(5372 2571 5370 3985)
4(5892 2571 5372 3987)
4(2010 3987 5372 3984)
4(2010 3834 5892 3987)
4(5372 2571 5371 3991)
4(2019 3985 5372 3991)
4(2020 3991 5372 3987)
4(5374 6818 6714 2572)
4(5374 2572 5265 2939)
4(6672 6814 6714 6818)
4(5375 2572 6714 6836)
4(5375 2992 5368 2572)
4(6796 6836 6714 6816)
4(5375 2572 5374 2998)
4(6807 2998 5374 6818)
4(6807 6836 5375 2998)
4(6807 6818 6714 6836)
4(5373 3835 5265 2572)
4(5373 2572 5368 3836)
4(5374 2572 5373 3842)
4(1914 2939 5374 3842)
4(1914 3842 5373 3835)
4(5375 3989 5373 2572)
4(2011 3989 5375 2992)
4(2011 3836 5373 3989)
4(2021 3842 5374 2998)
4(2021 2998 5375 3989)
4(2021 3989 5373 3842)
4(6032 2942 6718 2573)
4(6032 2573 5276 2943)
4(691 2942 6032 2943)
4(691 6817 6718 2942)
4(5386 2573 6718 6839)
4(5386 2998 5374 2573)
4(6807 6839 6718 6818)
4(6032 3002 5386 2573)
4(922 6839 5386 3002)
4(922 3002 6032 2942)
4(922 2942 6718 6839)
4(5385 3841 5276 2573)
4(5385 2573 5374 3842)
4(6032 2573 5385 3870)
4(1924 3870 5385 3841)
4(6032 3870 1924 2943)
4(5386 3995 5385 2573)
4(2021 3842 5385 3995)
4(2021 3995 5386 2998)
4(2031 3995 5385 3870)
4(2031 3002 5386 3995)
4(6032 3002 2031 3870)
4(5387 3844 5278 2574)
4(5387 2574 5376 3845)
4(1915 3845 5376 3840)
4(6033 2574 5278 3869)
4(6033 3870 5385 2574)
4(1924 3870 6033 3869)
4(6033 2574 5387 3872)
4(1925 3872 5387 3844)
4(3869 6033 3872 1925)
4(5388 3994 5376 2574)
4(5388 2574 5385 3995)
4(2021 3842 5376 3994)
4(5388 3998 5387 2574)
4(2022 3845 5387 3998)
4(2022 3998 5388 3994)
4(2022 3994 5376 3845)
4(6033 4023 5388 2574)
4(2031 3995 5388 4023)
4(2031 4023 6033 3870)
4(2032 3998 5387 3872)
4(2032 4023 5388 3998)
4(6033 4023 2032 3872)
4(5389 3847 5280 2575)
4(5389 2575 5377 3848)
4(6034 2575 5280 3871)
4(6034 3872 5387 2575)
4(1925 3872 6034 3871)
4(6034 2575 5389 3874)
4(1926 3874 5389 3847)
4(3871 6034 3874 1926)
4(5390 3997 5377 2575)
4(5390 2575 5387 3998)
4(5390 4001 5389 2575)
4(2023 3848 5389 4001)
4(2023 4001 5390 3997)
4(6034 4025 5390 2575)
4(2032 3998 5390 4025)
4(3872 2032 4025 6034)
4(2033 4001 5389 3874)
4(2033 4025 5390 4001)
4(6034 4025 2033 3874)
4(5391 3850 5282 2576)
4(5391 2576 5378 3851)
4(6035 2576 5282 3873)
4(6035 3874 5389 2576)
4(1926 3874 6035 3873)
4(6035 2576 5391 3876)
4(1927 3876 5391 3850)
4(3873 6035 3876 1927)
4(5392 4000 5378 2576)
4(5392 2576 5389 4001)
4(5392 4004 5391 2576)
4(2024 3851 5391 4004)
4(2024 4004 5392 4000)
4(6035 4027 5392 2576)
4(2033 4001 5392 4027)
4(3874 2033 4027 6035)
4(2034 4004 5391 3876)
4(2034 4027 5392 4004)
4(6035 4027 2034 3876)
4(5393 3853 5284 2577)
4(5393 2577 5379 3854)
4(6036 2577 5284 3875)
4(6036 3876 5391 2577)
4(1927 3876 6036 3875)
4(6036 2577 5393 3878)
4(1928 3878 5393 3853)
4(3875 6036 3878 1928)
4(5394 4003 5379 2577)
4(5394 2577 5391 4004)
4(5394 4007 5393 2577)
4(2025 3854 5393 4007)
4(2025 4007 5394 4003)
4(6036 4029 5394 2577)
4(2034 4004 5394 4029)
4(3876 2034 4029 6036)
4(2035 4007 5393 3878)
4(2035 4029 5394 4007)
4(6036 4029 2035 3878)
4(5395 3856 5286 2578)
4(5395 2578 5380 3857)
4(6037 2578 5286 3877)
4(6037 3878 5393 2578)
4(1928 3878 6037 3877)
4(6037 2578 5395 3880)
4(1929 3880 5395 3856)
4(3877 6037 3880 1929)
4(5396 4006 5380 2578)
4(5396 2578 5393 4007)
4(5396 4010 5395 2578)
4(2026 3857 5395 4010)
4(2026 4010 5396 4006)
4(6037 4031 5396 2578)
4(2035 4007 5396 4031)
4(3878 2035 4031 6037)
4(2036 4010 5395 3880)
4(2036 4031 5396 4010)
4(6037 4031 2036 3880)
4(5397 3859 5288 2579)
4(5397 2579 5381 3860)
4(6038 2579 5288 3879)
4(6038 3880 5395 2579)
4(1929 3880 6038 3879)
4(6038 2579 5397 3882)
4(1930 3882 5397 3859)
4(3879 6038 3882 1930)
4(5398 4009 5381 2579)
4(5398 2579 5395 4010)
4(5398 4013 5397 2579)
4(2027 3860 5397 4013)
4(2027 4013 5398 4009)
4(6038 4033 5398 2579)
4(2036 4010 5398 4033)
4(3880 2036 4033 6038)
4(2037 4013 5397 3882)
4(2037 4033 5398 4013)
4(6038 4033 2037 3882)
4(5399 3862 5290 2580)
4(5399 2580 5382 3863)
4(6039 2580 5290 3881)
4(6039 3882 5397 2580)
4(1930 3882 6039 3881)
4(6039 2580 5399 3884)
4(1931 3884 5399 3862)
4(3881 6039 3884 1931)
4(5400 4012 5382 2580)
4(5400 2580 5397 4013)
4(5400 4016 5399 2580)
4(2028 3863 5399 4016)
4(2028 4016 5400 4012)
4(6039 4035 5400 2580)
4(2037 4013 5400 4035)
4(3882 2037 4035 6039)
4(2038 4016 5399 3884)
4(2038 4035 5400 4016)
4(3884 6039 4035 2038)
4(5401 3865 5292 2581)
4(5401 2581 5383 3866)
4(6019 2581 5292 3883)
4(6019 3884 5399 2581)
4(3883 1931 3884 6019)
4(5401 3886 6019 2581)
4(1932 3886 5401 3865)
4(1932 3883 6019 3886)
4(5402 4015 5383 2581)
4(5402 2581 5399 4016)
4(5402 4019 5401 2581)
4(2029 3866 5401 4019)
4(2029 4019 5402 4015)
4(6019 4037 5402 2581)
4(2038 4016 5402 4037)
4(6019 3884 2038 4037)
4(2039 4019 5401 3886)
4(2039 4037 5402 4019)
4(3886 6019 4037 2039)
4(5893 3867 5293 2582)
4(5893 2582 5384 3868)
4(5995 2582 5293 3885)
4(5995 3886 5401 2582)
4(3885 1932 3886 5995)
3(5893 5995 2582)
4(5893 3867 3885 5995)
4(5403 4018 5384 2582)
4(5403 2582 5401 4019)
4(5893 2582 5403 4021)
4(2030 4021 5403 4018)
4(5995 4039 5403 2582)
4(2039 4019 5403 4039)
4(5995 3886 2039 4039)
3(4039 5403 4021)
4(5995 4039 4021 5893)
4(5405 6825 6721 2583)
4(5405 2583 5296 2955)
4(6697 6821 6721 6825)
4(5406 2583 6721 6843)
4(5981 2583 5406 3008)
4(5406 2583 5405 3014)
4(6832 3014 5405 6825)
4(6832 6843 5406 3014)
4(6832 6825 6721 6843)
4(5404 3888 5296 2583)
4(5404 2583 5981 3889)
4(5981 2949 1933 3889)
4(5405 2583 5404 3915)
4(1941 3915 5404 3888)
4(1941 2955 5405 3915)
4(5406 4042 5404 2583)
4(2040 3889 5404 4042)
4(2040 4042 5406 3008)
4(2040 3008 5981 3889)
4(2048 4042 5404 3915)
4(2048 3915 5405 3014)
4(2048 3014 5406 4042)
4(5407 3891 5299 2584)
4(5407 2584 5980 3892)
4(3892 5980 3887 1934)
4(5408 2584 5299 3913)
4(5408 3915 5404 2584)
4(5408 2584 5407 3917)
4(1942 3917 5407 3891)
4(1942 3913 5408 3917)
4(5980 2584 5409 4041)
4(5409 2584 5404 4042)
4(4041 2040 3889 5980)
4(5409 4045 5407 2584)
4(2041 3892 5407 4045)
4(2041 4045 5409 4041)
4(2041 4041 5980 3892)
4(5409 2584 5408 4067)
4(2048 4042 5409 4067)
4(2048 4067 5408 3915)
4(2049 4045 5407 3917)
4(2049 4067 5409 4045)
4(2049 3917 5408 4067)
4(5410 3894 5302 2585)
4(5410 2585 5979 3895)
4(3895 5979 3890 1935)
4(5411 2585 5302 3916)
4(5411 3917 5407 2585)
4(5411 2585 5410 3919)
4(1943 3919 5410 3894)
4(1943 3916 5411 3919)
4(5979 2585 5412 4044)
4(5412 2585 5407 4045)
4(4044 2041 3892 5979)
4(5412 4048 5410 2585)
4(2042 3895 5410 4048)
4(2042 4048 5412 4044)
4(2042 4044 5979 3895)
4(5412 2585 5411 4070)
4(2049 4045 5412 4070)
4(2049 4070 5411 3917)
4(2050 4048 5410 3919)
4(2050 4070 5412 4048)
4(2050 3919 5411 4070)
4(5413 3896 5305 2586)
3(5413 2586 5978)
4(3896 5413 5978 3893)
4(5414 2586 5305 3918)
4(5414 3919 5410 2586)
4(5414 2586 5413 3922)
4(1944 3918 5414 3922)
4(1944 3922 5413 3896)
4(5978 2586 5415 4047)
4(5415 2586 5410 4048)
4(4047 2042 3895 5978)
4(5415 4050 5413 2586)
3(4050 5415 4047)
4(5413 4050 4047 5978)
4(5415 2586 5414 4072)
4(2050 4048 5415 4072)
4(2050 4072 5414 3919)
4(2051 4072 5415 4050)
4(2051 3922 5414 4072)
4(2051 4050 5413 3922)
4(5418 3900 5310 2587)
4(5418 2587 5977 3901)
4(3901 5977 3897 1936)
4(5419 2587 5310 3923)
4(5419 3925 5416 2587)
4(1945 3898 5416 3925)
4(5419 2587 5418 3927)
4(1946 3927 5418 3900)
4(1946 3923 5419 3927)
4(5977 2587 5420 4051)
4(5420 2587 5416 4052)
4(4051 4052 5416 5977)
4(5420 4054 5418 2587)
4(2043 3901 5418 4054)
4(2043 4054 5420 4051)
4(2043 4051 5977 3901)
4(5420 2587 5419 4077)
4(2052 4052 5420 4077)
4(2052 4077 5419 3925)
4(2052 3925 5416 4052)
4(2053 4054 5418 3927)
4(2053 4077 5420 4054)
4(2053 3927 5419 4077)
4(5421 3903 5313 2588)
4(5421 2588 5976 3904)
4(3904 5976 3899 1937)
4(5422 2588 5313 3926)
4(5422 3927 5418 2588)
4(5422 2588 5421 3929)
4(1947 3929 5421 3903)
4(5976 2588 5423 4053)
4(5423 2588 5418 4054)
4(4053 2043 3901 5976)
4(5423 4057 5421 2588)
4(2044 3904 5421 4057)
4(2044 4057 5423 4053)
4(2044 4053 5976 3904)
4(5423 2588 5422 4080)
4(2053 4054 5423 4080)
4(2054 4057 5421 3929)
4(2054 4080 5423 4057)
4(5424 3906 5316 2589)
4(5975 3907 5424 2589)
4(1938 3907 5975 3902)
4(5425 2589 5316 3928)
4(5425 3929 5421 2589)
4(5425 2589 5424 3931)
4(1948 3931 5424 3906)
4(5975 2589 5426 4056)
4(5426 2589 5421 4057)
4(4056 2044 3904 5975)
4(5426 4060 5424 2589)
4(2045 3907 5424 4060)
4(2045 4060 5426 4056)
4(3907 2045 4056 5975)
4(5426 2589 5425 4082)
4(2054 4057 5426 4082)
4(2055 4060 5424 3931)
4(2055 4082 5426 4060)
4(5427 3909 5319 2590)
4(5957 3910 5427 2590)
4(1939 3910 5957 3905)
4(5428 2590 5319 3930)
4(5428 3931 5424 2590)
4(5428 2590 5427 3934)
4(1949 3934 5427 3909)
4(5957 2590 5429 4059)
4(5429 2590 5424 4060)
4(5957 4059 2045 3907)
4(5429 4063 5427 2590)
4(2046 3910 5427 4063)
4(2046 4063 5429 4059)
4(3910 2046 4059 5957)
4(5429 2590 5428 4084)
4(2055 4060 5429 4084)
4(2056 4063 5427 3934)
4(2056 4084 5429 4063)
4(5894 3911 5321 2591)
4(5935 3912 5894 2591)
4(1940 3911 5894 3912)
4(1940 3912 5935 3908)
4(5430 2591 5321 3932)
4(5430 3934 5427 2591)
4(5894 3936 5430 2591)
4(1950 3932 5430 3936)
4(1950 3936 5894 3911)
4(5935 2591 5431 4062)
4(5431 2591 5427 4063)
4(5935 4062 2046 3910)
4(5894 2591 5431 4065)
4(2047 4065 5431 4062)
4(3912 2047 4062 5935)
4(2047 3912 5894 4065)
4(5431 2591 5430 4086)
4(2056 4086 5430 3934)
4(2056 4063 5431 4086)
4(2057 3936 5430 4086)
4(2057 4086 5431 4065)
4(2057 4065 5894 3936)
4(5433 6826 6723 2592)
4(5433 2592 5324 2961)
4(6710 6824 6723 6826)
4(5434 2592 6723 6845)
4(5434 3014 5405 2592)
4(6832 6845 6723 6825)
4(5434 2592 5433 3020)
4(6842 3020 5433 6826)
4(6842 6845 5434 3020)
4(6842 6826 6723 6845)
4(5432 3914 5324 2592)
4(5432 2592 5405 3915)
4(5433 2592 5432 3939)
4(1951 2961 5433 3939)
4(1951 3939 5432 3914)
4(5434 4068 5432 2592)
4(2048 4068 5434 3014)
4(2048 3915 5432 4068)
4(2058 3939 5433 3020)
4(2058 3020 5434 4068)
4(2058 4068 5432 3939)
4(5437 3924 5329 2593)
4(5437 2593 5417 3925)
4(1945 3925 5417 3920)
4(5438 2593 5329 3942)
4(5438 3943 5436 2593)
4(1954 3921 5436 3943)
4(5438 2593 5437 3944)
4(1955 3944 5437 3924)
4(1955 3942 5438 3944)
4(5439 4074 5417 2593)
4(5439 2593 5436 4075)
4(2051 4075 5436 3922)
4(2051 3922 5417 4074)
4(5439 4078 5437 2593)
4(2052 4078 5439 4074)
4(2052 3925 5437 4078)
4(2052 4074 5417 3925)
4(5439 2593 5438 4095)
4(2061 4075 5439 4095)
4(2061 3943 5436 4075)
4(2061 4095 5438 3943)
4(2062 4095 5439 4078)
4(2062 4078 5437 3944)
4(2062 3944 5438 4095)
4(5895 3935 5332 2594)
4(5895 2594 5430 3936)
4(1950 3935 5895 3936)
4(5441 2594 5332 3945)
4(5441 3947 5440 2594)
4(5895 3949 5441 2594)
4(1960 3945 5441 3949)
4(1960 3949 5895 3935)
4(5442 4086 5430 2594)
4(5442 2594 5440 4087)
4(5895 2594 5442 4089)
4(2057 4089 5442 4086)
4(2057 3936 5895 4089)
4(5442 2594 5441 4098)
4(2066 4098 5441 3947)
4(2066 4087 5442 4098)
4(2067 3949 5441 4098)
4(2067 4098 5442 4089)
4(2067 4089 5895 3949)
4(5444 2965 4816 2595)
4(5444 2595 5335 2966)
4(5335 2595 4816 2959)
4(6801 3020 5433 6633)
4(6801 6633 6826 6842)
4(5445 2595 5444 3026)
4(1006 3026 5444 2965)
4(1006 3018 5445 3026)
4(5445 3018 4816 2595)
4(6800 6633 5433 3939)
4(5444 2595 5443 3952)
4(1961 3952 5443 3938)
4(1961 2966 5444 3952)
4(5443 2595 5335 3938)
4(2058 3939 6800 6621)
4(2058 6621 6801 3020)
4(2068 4092 5443 3952)
4(2068 3952 5444 3026)
4(2068 3026 5445 4092)
4(5445 2595 5443 4092)
4(6803 6635 5435 3941)
4(1952 3941 5435 3937)
4(5447 2596 5338 3950)
4(5447 3952 5443 2596)
4(5338 2596 5443 3938)
4(5447 2596 5446 3954)
4(1962 3950 5447 3954)
4(1962 3954 5446 3940)
4(6805 4091 5435 6635)
4(2058 3939 5435 4091)
4(2059 3941 6803 6623)
4(2059 6623 6805 4091)
4(2059 4091 5435 3941)
4(5448 2596 5447 4103)
4(2068 4103 5447 3952)
4(2068 4092 5448 4103)
4(5448 4092 5443 2596)
4(2069 3954 5447 4103)
4(2069 4094 5446 3954)
4(2069 4103 5448 4094)
4(5896 3948 5341 2597)
4(5896 2597 5441 3949)
4(1960 3948 5896 3949)
4(5450 2597 5341 3955)
4(5450 3957 5449 2597)
4(5896 3959 5450 2597)
4(1970 3955 5450 3959)
4(1970 3959 5896 3948)
4(5451 4098 5441 2597)
4(5451 2597 5449 4099)
4(5896 2597 5451 4101)
4(2067 4101 5451 4098)
4(2067 3949 5896 4101)
4(5451 2597 5450 4107)
4(2076 4107 5450 3957)
4(2076 4099 5451 4107)
4(2077 3959 5450 4107)
4(2077 4107 5451 4101)
4(2077 4101 5896 3959)
4(5453 2967 4818 2598)
4(5453 2598 5344 2968)
4(796 2964 4818 2967)
4(5454 2598 4818 3024)
4(5454 3026 5444 2598)
4(1006 3024 4818 2965)
4(5454 2598 5453 3032)
4(1027 3024 5454 3032)
4(1027 2967 4818 3024)
4(1027 3032 5453 2967)
4(5452 3951 5344 2598)
4(5452 2598 5444 3952)
4(5453 2598 5452 3961)
4(1971 3961 5452 3951)
4(1971 2968 5453 3961)
4(5454 4104 5452 2598)
4(2068 3952 5452 4104)
4(2068 4104 5454 3026)
4(2078 4104 5452 3961)
4(2078 3032 5454 4104)
4(2078 3961 5453 3032)
4(5455 3953 5347 2599)
4(5455 2599 5447 3954)
4(5456 2599 5347 3960)
4(5456 3961 5452 2599)
4(5456 2599 5455 3962)
4(1972 3962 5455 3953)
4(5457 4103 5447 2599)
4(5457 2599 5452 4104)
4(5457 4106 5455 2599)
4(2069 3954 5455 4106)
4(2069 4106 5457 4103)
4(5457 2599 5456 4112)
4(2078 4104 5457 4112)
4(2079 4106 5455 3962)
4(2079 4112 5457 4106)
4(5897 3958 5350 2600)
4(5897 2600 5450 3959)
4(1970 3958 5897 3959)
4(5459 2600 5350 3963)
4(5459 3965 5458 2600)
4(5897 3967 5459 2600)
4(1980 3963 5459 3967)
4(1980 3967 5897 3958)
4(5460 4107 5450 2600)
4(5460 2600 5458 4108)
4(5897 2600 5460 4110)
4(2077 4110 5460 4107)
4(2077 3959 5897 4110)
4(5460 2600 5459 4115)
4(2086 4115 5459 3965)
4(2086 4108 5460 4115)
4(2087 3967 5459 4115)
4(2087 4115 5460 4110)
4(2087 4110 5897 3967)
4(5898 3966 5354 2601)
4(5898 2601 5459 3967)
4(1980 3966 5898 3967)
4(5464 2601 5354 3970)
4(5464 3972 5463 2601)
4(5898 3974 5464 2601)
4(1990 3970 5464 3974)
4(1990 3974 5898 3966)
4(5465 4115 5459 2601)
4(5465 2601 5463 4116)
4(5898 2601 5465 4118)
4(2087 4118 5465 4115)
4(2087 3967 5898 4118)
4(5465 2601 5464 4122)
4(2096 4122 5464 3972)
4(2096 4116 5465 4122)
4(2097 3974 5464 4122)
4(2097 4122 5465 4118)
4(2097 4118 5898 3974)
4(5467 6831 6730 2602)
4(5467 2602 5357 2980)
4(6765 6828 6730 6831)
4(5468 2602 6730 6850)
4(5468 3038 5461 2602)
4(1048 2973 5461 3038)
4(1048 6850 6730 2973)
4(5468 2602 5467 3044)
4(6622 3044 5467 6831)
4(6622 6850 5468 3044)
4(6622 6831 6730 6850)
4(5466 3968 5357 2602)
4(5466 2602 5461 3969)
4(1981 3969 5461 2974)
4(5467 2602 5466 3976)
4(1991 2980 5467 3976)
4(1991 3976 5466 3968)
4(5468 4120 5466 2602)
4(2088 4120 5468 3038)
4(2088 3038 5461 3969)
4(2088 3969 5466 4120)
4(2098 3976 5467 3044)
4(2098 3044 5468 4120)
4(2098 4120 5466 3976)
4(5899 3973 5360 2603)
4(5899 2603 5464 3974)
4(1990 3973 5899 3974)
4(5470 2603 5360 3977)
4(5470 3979 5469 2603)
4(5899 3981 5470 2603)
4(2000 3977 5470 3981)
4(2000 3981 5899 3973)
4(5471 4122 5464 2603)
4(5471 2603 5469 4123)
4(5899 2603 5471 4125)
4(2097 4125 5471 4122)
4(2097 3974 5899 4125)
4(5471 2603 5470 4129)
4(2106 4129 5470 3979)
4(2106 4123 5471 4129)
4(2107 3981 5470 4129)
4(2107 4129 5471 4125)
4(2107 4125 5899 3981)
4(5473 6834 6734 2604)
4(5473 2604 5363 2986)
4(6783 6830 6734 6834)
4(5474 2604 6734 6601)
4(5474 3044 5467 2604)
4(6622 6601 6734 6831)
4(5474 2604 5473 3050)
4(6637 3050 5473 6834)
4(6637 6601 5474 3050)
4(6637 6834 6734 6601)
4(5472 3975 5363 2604)
4(5472 2604 5467 3976)
4(5473 2604 5472 3983)
4(2001 2986 5473 3983)
4(2001 3983 5472 3975)
4(5474 4127 5472 2604)
4(2098 4127 5474 3044)
4(2098 3976 5472 4127)
4(2108 3983 5473 3050)
4(2108 3050 5474 4127)
4(2108 4127 5472 3983)
4(5900 3980 5366 2605)
4(5900 2605 5470 3981)
4(2000 3980 5900 3981)
4(5476 2605 5366 3984)
4(5476 3986 5475 2605)
4(5900 3988 5476 2605)
4(2010 3984 5476 3988)
4(2010 3988 5900 3980)
4(5477 4129 5470 2605)
4(5477 2605 5475 4130)
4(5900 2605 5477 4132)
4(2107 4132 5477 4129)
4(2107 3981 5900 4132)
4(5477 2605 5476 4136)
4(2116 4136 5476 3986)
4(2116 4130 5477 4136)
4(2117 3988 5476 4136)
4(2117 4136 5477 4132)
4(2117 4132 5900 3988)
4(5479 6837 6737 2606)
4(5479 2606 5369 2992)
4(6796 6833 6737 6837)
4(5480 2606 6737 6603)
4(5480 3050 5473 2606)
4(6637 6603 6737 6834)
4(5480 2606 5479 3056)
4(6648 3056 5479 6837)
4(6648 6603 5480 3056)
4(6648 6837 6737 6603)
4(5478 3982 5369 2606)
4(5478 2606 5473 3983)
4(5479 2606 5478 3990)
4(2011 2992 5479 3990)
4(2011 3990 5478 3982)
4(5480 4134 5478 2606)
4(2108 4134 5480 3050)
4(2108 3983 5478 4134)
4(2118 3990 5479 3056)
4(2118 3056 5480 4134)
4(2118 4134 5478 3990)
4(5901 3987 5372 2607)
4(5901 2607 5476 3988)
4(2010 3987 5901 3988)
4(5482 2607 5372 3991)
4(5482 3992 5481 2607)
4(5901 3993 5482 2607)
4(2020 3991 5482 3993)
4(5483 4136 5476 2607)
4(5483 2607 5481 4137)
4(5901 2607 5483 4139)
4(2117 4139 5483 4136)
4(2117 3988 5901 4139)
4(5483 2607 5482 4143)
4(2126 4137 5483 4143)
4(2126 4143 5482 3992)
4(2127 4143 5483 4139)
4(2127 3993 5482 4143)
4(5485 6840 6739 2608)
4(5485 2608 5375 2998)
4(6807 6836 6739 6840)
4(5486 2608 6739 6606)
4(5486 3056 5479 2608)
4(6648 6606 6739 6837)
4(5486 2608 5485 3062)
4(6656 3062 5485 6840)
4(6656 6606 5486 3062)
4(6656 6840 6739 6606)
4(5484 3989 5375 2608)
4(5484 2608 5479 3990)
4(5485 2608 5484 3996)
4(2021 2998 5485 3996)
4(2021 3996 5484 3989)
4(5486 4141 5484 2608)
4(2118 4141 5486 3056)
4(2118 3990 5484 4141)
4(2128 3996 5485 3062)
4(2128 3062 5486 4141)
4(2128 4141 5484 3996)
4(6047 3001 6741 2609)
4(6047 2609 5386 3002)
4(922 6839 6741 3001)
4(922 3001 6047 3002)
4(5498 2609 6741 6609)
4(5498 3062 5485 2609)
4(6656 6609 6741 6840)
4(5498 2609 6047 3066)
4(1153 6609 5498 3066)
4(1153 3066 6047 3001)
4(1153 3001 6741 6609)
4(5497 3995 5386 2609)
4(5497 2609 5485 3996)
4(6047 2609 5497 4024)
4(2031 4024 5497 3995)
4(6047 4024 2031 3002)
4(5498 4149 5497 2609)
4(2128 3996 5497 4149)
4(2128 4149 5498 3062)
4(2138 4149 5497 4024)
4(2138 3066 5498 4149)
4(2138 4024 6047 3066)
4(5499 3998 5388 2610)
4(5499 2610 5487 3999)
4(2022 3999 5487 3994)
4(6046 2610 5388 4023)
4(6046 4024 5497 2610)
4(2031 4024 6046 4023)
4(6046 2610 5499 4026)
4(2032 4026 5499 3998)
4(4026 2032 4023 6046)
4(5500 4148 5487 2610)
4(5500 2610 5497 4149)
4(2128 3996 5487 4148)
4(5500 4152 5499 2610)
4(2129 3999 5499 4152)
4(2129 4152 5500 4148)
4(2129 4148 5487 3999)
4(5500 2610 6046 4177)
4(2138 4149 5500 4177)
4(4177 6046 4024 2138)
4(2139 4152 5499 4026)
4(2139 4177 5500 4152)
4(2139 4026 6046 4177)
4(5501 4001 5390 2611)
4(5501 2611 5488 4002)
4(6045 2611 5390 4025)
4(6045 4026 5499 2611)
4(6045 4025 2032 4026)
4(6045 2611 5501 4028)
4(2033 4028 5501 4001)
4(4028 2033 4025 6045)
4(5502 4151 5488 2611)
4(5502 2611 5499 4152)
4(5502 4155 5501 2611)
4(2130 4002 5501 4155)
4(2130 4155 5502 4151)
4(5502 2611 6045 4179)
4(2139 4152 5502 4179)
4(4179 6045 4026 2139)
4(2140 4155 5501 4028)
4(2140 4179 5502 4155)
4(2140 4028 6045 4179)
4(5503 4004 5392 2612)
4(5503 2612 5489 4005)
4(6044 2612 5392 4027)
4(6044 4028 5501 2612)
4(6044 4027 2033 4028)
4(6044 2612 5503 4030)
4(2034 4030 5503 4004)
4(4030 2034 4027 6044)
4(5504 4154 5489 2612)
4(5504 2612 5501 4155)
4(5504 4158 5503 2612)
4(2131 4005 5503 4158)
4(2131 4158 5504 4154)
4(5504 2612 6044 4181)
4(2140 4155 5504 4181)
4(4181 6044 4028 2140)
4(2141 4158 5503 4030)
4(2141 4181 5504 4158)
4(2141 4030 6044 4181)
4(5505 4007 5394 2613)
4(5505 2613 5490 4008)
4(6043 2613 5394 4029)
4(6043 4030 5503 2613)
4(6043 4029 2034 4030)
4(6043 2613 5505 4032)
4(2035 4032 5505 4007)
4(4032 2035 4029 6043)
4(5506 4157 5490 2613)
4(5506 2613 5503 4158)
4(5506 4161 5505 2613)
4(2132 4008 5505 4161)
4(2132 4161 5506 4157)
4(5506 2613 6043 4183)
4(2141 4158 5506 4183)
4(4183 6043 4030 2141)
4(2142 4161 5505 4032)
4(2142 4183 5506 4161)
4(2142 4032 6043 4183)
4(5507 4010 5396 2614)
4(5507 2614 5491 4011)
4(6042 2614 5396 4031)
4(6042 4032 5505 2614)
4(6042 4031 2035 4032)
4(6042 2614 5507 4034)
4(2036 4034 5507 4010)
4(4034 2036 4031 6042)
4(5508 4160 5491 2614)
4(5508 2614 5505 4161)
4(5508 4164 5507 2614)
4(2133 4011 5507 4164)
4(2133 4164 5508 4160)
4(5508 2614 6042 4185)
4(2142 4161 5508 4185)
4(4185 6042 4032 2142)
4(2143 4164 5507 4034)
4(2143 4185 5508 4164)
4(2143 4034 6042 4185)
4(5509 4013 5398 2615)
4(5509 2615 5492 4014)
4(6041 2615 5398 4033)
4(6041 4034 5507 2615)
4(6041 4033 2036 4034)
4(6041 2615 5509 4036)
4(2037 4036 5509 4013)
4(4036 2037 4033 6041)
4(5510 4163 5492 2615)
4(5510 2615 5507 4164)
4(5510 4167 5509 2615)
4(2134 4014 5509 4167)
4(2134 4167 5510 4163)
4(5510 2615 6041 4187)
4(2143 4164 5510 4187)
4(4187 6041 4034 2143)
4(2144 4167 5509 4036)
4(2144 4187 5510 4167)
4(2144 4036 6041 4187)
4(5511 4016 5400 2616)
4(5511 2616 5493 4017)
4(6040 2616 5400 4035)
4(6040 4036 5509 2616)
4(4035 2037 4036 6040)
4(5511 4038 6040 2616)
4(2038 4038 5511 4016)
4(2038 4035 6040 4038)
4(5512 4166 5493 2616)
4(5512 2616 5509 4167)
4(5512 4170 5511 2616)
4(2135 4017 5511 4170)
4(2135 4170 5512 4166)
4(6040 4189 5512 2616)
4(2144 4167 5512 4189)
4(4189 6040 4036 2144)
4(2145 4170 5511 4038)
4(2145 4189 5512 4170)
4(4038 6040 4189 2145)
4(5513 4019 5402 2617)
4(5513 2617 5494 4020)
4(6020 2617 5402 4037)
4(6020 4038 5511 2617)
4(4037 2038 4038 6020)
4(5513 4040 6020 2617)
4(2039 4040 5513 4019)
4(2039 4037 6020 4040)
4(5514 4169 5494 2617)
4(5514 2617 5511 4170)
4(5514 4173 5513 2617)
4(2136 4020 5513 4173)
4(2136 4173 5514 4169)
4(6020 4191 5514 2617)
4(2145 4170 5514 4191)
4(6020 4038 2145 4191)
4(2146 4173 5513 4040)
4(2146 4191 5514 4173)
4(4040 6020 4191 2146)
4(5902 4021 5403 2618)
4(5902 2618 5495 4022)
4(2030 4022 5495 4018)
4(5996 2618 5403 4039)
4(5996 4040 5513 2618)
4(4039 2039 4040 5996)
3(5902 5996 2618)
4(4039 5996 5902 4021)
4(5515 4172 5495 2618)
4(5515 2618 5513 4173)
4(2136 4020 5495 4172)
4(5902 2618 5515 4175)
4(2137 4175 5515 4172)
4(2137 4172 5495 4022)
4(5996 4193 5515 2618)
4(2146 4173 5515 4193)
4(5996 4040 2146 4193)
3(4193 5515 4175)
4(5996 4193 4175 5902)
4(5517 6846 6744 2619)
4(5517 2619 5406 3014)
4(6832 6843 6744 6846)
4(5518 2619 6744 6612)
4(5965 2619 5518 3072)
4(5518 2619 5517 3078)
4(6677 3078 5517 6846)
4(6677 6612 5518 3078)
4(6677 6846 6744 6612)
4(5516 4042 5406 2619)
4(5516 2619 5965 4043)
4(4043 5965 3008 2040)
4(5517 2619 5516 4069)
4(2048 4069 5516 4042)
4(2048 3014 5517 4069)
4(5518 4197 5516 2619)
4(2147 4043 5516 4197)
4(2147 4197 5518 3072)
4(2147 3072 5965 4043)
4(2155 4197 5516 4069)
4(2155 4069 5517 3078)
4(2155 3078 5518 4197)
4(5519 4045 5409 2620)
4(5519 2620 5964 4046)
4(4046 5964 4041 2041)
4(5520 2620 5409 4067)
4(5520 4069 5516 2620)
4(5520 2620 5519 4071)
4(2049 4071 5519 4045)
4(2049 4067 5520 4071)
4(5964 2620 5521 4196)
4(5521 2620 5516 4197)
4(4196 2147 4043 5964)
4(5521 4200 5519 2620)
4(2148 4046 5519 4200)
4(2148 4200 5521 4196)
4(2148 4196 5964 4046)
4(5521 2620 5520 4222)
4(2155 4197 5521 4222)
4(2155 4222 5520 4069)
4(2156 4200 5519 4071)
4(2156 4222 5521 4200)
4(2156 4071 5520 4222)
4(5522 4048 5412 2621)
4(5522 2621 5963 4049)
4(4049 5963 4044 2042)
4(5523 2621 5412 4070)
4(5523 4071 5519 2621)
4(5523 2621 5522 4073)
4(2050 4073 5522 4048)
4(2050 4070 5523 4073)
4(5963 2621 5524 4199)
4(5524 2621 5519 4200)
4(4199 2148 4046 5963)
4(5524 4203 5522 2621)
4(2149 4049 5522 4203)
4(2149 4203 5524 4199)
4(2149 4199 5963 4049)
4(5524 2621 5523 4225)
4(2156 4200 5524 4225)
4(2156 4225 5523 4071)
4(2157 4203 5522 4073)
4(2157 4225 5524 4203)
4(2157 4073 5523 4225)
4(5525 4050 5415 2622)
3(5525 2622 5962)
4(5962 4047 4050 5525)
4(5526 2622 5415 4072)
4(5526 4073 5522 2622)
4(5526 2622 5525 4076)
4(2051 4072 5526 4076)
4(2051 4076 5525 4050)
4(5962 2622 5527 4202)
4(5527 2622 5522 4203)
4(4202 2149 4049 5962)
4(5527 4205 5525 2622)
3(4205 5527 4202)
4(5525 4205 4202 5962)
4(5527 2622 5526 4228)
4(2157 4203 5527 4228)
4(2157 4228 5526 4073)
4(2158 4228 5527 4205)
4(2158 4076 5526 4228)
4(2158 4205 5525 4076)
4(5530 4054 5420 2623)
4(5530 2623 5961 4055)
4(4055 5961 4051 2043)
4(5531 2623 5420 4077)
4(5531 4079 5528 2623)
4(2052 4052 5528 4079)
4(5531 2623 5530 4081)
4(2053 4081 5530 4054)
4(2053 4077 5531 4081)
4(5961 2623 5532 4206)
4(5532 2623 5528 4207)
4(4207 5528 5961 4206)
4(5532 4209 5530 2623)
4(2150 4055 5530 4209)
4(2150 4209 5532 4206)
4(2150 4206 5961 4055)
4(5532 2623 5531 4234)
4(2159 4207 5532 4234)
4(2159 4234 5531 4079)
4(2159 4079 5528 4207)
4(2160 4209 5530 4081)
4(2160 4234 5532 4209)
4(2160 4081 5531 4234)
4(5533 4057 5423 2624)
4(5533 2624 5960 4058)
4(4058 5960 4053 2044)
4(5534 2624 5423 4080)
4(5534 4081 5530 2624)
4(5534 2624 5533 4083)
4(2054 4083 5533 4057)
4(5960 2624 5535 4208)
4(5535 2624 5530 4209)
4(4208 2150 4055 5960)
4(5535 4212 5533 2624)
4(2151 4058 5533 4212)
4(2151 4212 5535 4208)
4(2151 4208 5960 4058)
4(5535 2624 5534 4237)
4(2160 4209 5535 4237)
4(2161 4212 5533 4083)
4(2161 4237 5535 4212)
4(5536 4060 5426 2625)
4(5536 2625 5959 4061)
4(4061 5959 4056 2045)
4(5537 2625 5426 4082)
4(5537 4083 5533 2625)
4(5537 2625 5536 4085)
4(2055 4085 5536 4060)
4(5959 2625 5538 4211)
4(5538 2625 5533 4212)
4(4211 2151 4058 5959)
4(5538 4215 5536 2625)
4(2152 4061 5536 4215)
4(2152 4215 5538 4211)
4(2152 4211 5959 4061)
4(5538 2625 5537 4240)
4(2161 4212 5538 4240)
4(2162 4215 5536 4085)
4(2162 4240 5538 4215)
4(5539 4063 5429 2626)
4(5958 4064 5539 2626)
4(2046 4064 5958 4059)
4(5540 2626 5429 4084)
4(5540 4085 5536 2626)
4(5540 2626 5539 4088)
4(2056 4088 5539 4063)
4(5958 2626 5541 4214)
4(5541 2626 5536 4215)
4(4214 2152 4061 5958)
4(5541 4218 5539 2626)
4(2153 4064 5539 4218)
4(2153 4218 5541 4214)
4(4064 2153 4214 5958)
4(5541 2626 5540 4243)
4(2162 4215 5541 4243)
4(2163 4218 5539 4088)
4(2163 4243 5541 4218)
4(5903 4065 5431 2627)
4(5936 4066 5903 2627)
4(5542 2627 5431 4086)
4(5542 4088 5539 2627)
4(5903 4090 5542 2627)
4(2057 4086 5542 4090)
4(2057 4090 5903 4065)
4(5936 2627 5543 4217)
4(5543 2627 5539 4218)
4(5936 4217 2153 4064)
4(5903 2627 5543 4220)
4(2154 4220 5543 4217)
4(5543 2627 5542 4246)
4(2163 4246 5542 4088)
4(2163 4218 5543 4246)
4(2164 4090 5542 4246)
4(2164 4246 5543 4220)
4(2164 4220 5903 4090)
4(5545 6848 6746 2628)
4(5545 2628 5434 3020)
4(6842 6845 6746 6848)
4(5546 2628 6746 6615)
4(5546 3078 5517 2628)
4(6677 6615 6746 6846)
4(5546 2628 5545 3084)
4(6686 3084 5545 6848)
4(6686 6615 5546 3084)
4(6686 6848 6746 6615)
4(5544 4068 5434 2628)
4(5544 2628 5517 4069)
4(5545 2628 5544 4093)
4(2058 3020 5545 4093)
4(2058 4093 5544 4068)
4(5546 4223 5544 2628)
4(2155 4223 5546 3078)
4(2155 4069 5544 4223)
4(2165 4093 5545 3084)
4(2165 3084 5546 4223)
4(2165 4223 5544 4093)
4(5551 4078 5439 2629)
4(5551 2629 5529 4079)
4(2052 4079 5529 4074)
4(5552 2629 5439 4095)
4(5552 4096 5549 2629)
4(2061 4075 5549 4096)
4(5552 2629 5551 4097)
4(2062 4097 5551 4078)
4(2062 4095 5552 4097)
4(5553 4231 5529 2629)
4(5553 2629 5549 4232)
4(2158 4232 5549 4076)
4(2158 4076 5529 4231)
4(5553 4235 5551 2629)
4(2159 4235 5553 4231)
4(2159 4079 5551 4235)
4(2159 4231 5529 4079)
4(5553 2629 5552 4260)
4(2168 4232 5553 4260)
4(2168 4096 5549 4232)
4(2168 4260 5552 4096)
4(2169 4260 5553 4235)
4(2169 4235 5551 4097)
4(2169 4097 5552 4260)
4(5904 4089 5442 2630)
4(5904 2630 5542 4090)
4(2057 4089 5904 4090)
4(5559 2630 5442 4098)
4(5559 4100 5557 2630)
4(5904 4102 5559 2630)
4(2067 4098 5559 4102)
4(2067 4102 5904 4089)
4(5560 4246 5542 2630)
4(5560 2630 5557 4247)
4(5904 2630 5560 4249)
4(2164 4249 5560 4246)
4(2164 4090 5904 4249)
4(5560 2630 5559 4275)
4(2173 4275 5559 4100)
4(2173 4247 5560 4275)
4(2174 4102 5559 4275)
4(2174 4275 5560 4249)
4(2174 4249 5904 4102)
4(5562 3025 4851 2631)
4(5562 2631 5445 3026)
4(5445 2631 4851 3018)
4(5563 2631 4851 6619)
4(5563 3084 5545 2631)
4(6686 6619 4851 6848)
4(5563 2631 5562 3090)
4(6694 3090 5562 3025)
4(6694 6619 5563 3090)
4(5561 2631 5545 4093)
4(5562 2631 5561 4105)
4(2068 3026 5562 4105)
4(2068 4105 5561 4092)
4(5561 2631 5445 4092)
4(5563 4252 5561 2631)
4(2165 4252 5563 3084)
4(2165 4093 5561 4252)
4(2175 4105 5562 3090)
4(2175 3090 5563 4252)
4(2175 4252 5561 4105)
4(5905 4101 5451 2632)
4(5905 2632 5559 4102)
4(2067 4101 5905 4102)
4(5573 2632 5451 4107)
4(5573 4109 5571 2632)
4(5905 4111 5573 2632)
4(2077 4107 5573 4111)
4(2077 4111 5905 4101)
4(5574 4275 5559 2632)
4(5574 2632 5571 4276)
4(5905 2632 5574 4278)
4(2174 4278 5574 4275)
4(2174 4102 5905 4278)
4(5574 2632 5573 4304)
4(2183 4304 5573 4109)
4(2183 4276 5574 4304)
4(2184 4111 5573 4304)
4(2184 4304 5574 4278)
4(2184 4278 5905 4111)
4(5576 3031 4855 2633)
4(5576 2633 5454 3032)
4(5577 2633 4855 6624)
4(5577 3090 5562 2633)
4(5577 2633 5576 3096)
4(6705 3096 5576 3031)
4(6705 6624 5577 3096)
4(5575 4104 5454 2633)
4(5575 2633 5562 4105)
4(5576 2633 5575 4114)
4(2078 3032 5576 4114)
4(2078 4114 5575 4104)
4(5577 4281 5575 2633)
4(2175 4281 5577 3090)
4(2175 4105 5575 4281)
4(2185 4114 5576 3096)
4(2185 3096 5577 4281)
4(2185 4281 5575 4114)
4(5906 4110 5460 2634)
4(5906 2634 5573 4111)
4(2077 4110 5906 4111)
4(5587 2634 5460 4115)
4(5587 4117 5585 2634)
4(5906 4119 5587 2634)
4(2087 4115 5587 4119)
4(2087 4119 5906 4110)
4(5588 4304 5573 2634)
4(5588 2634 5585 4305)
4(5906 2634 5588 4307)
4(2184 4307 5588 4304)
4(2184 4111 5906 4307)
4(5588 2634 5587 4333)
4(2193 4333 5587 4117)
4(2193 4305 5588 4333)
4(2194 4119 5587 4333)
4(2194 4333 5588 4307)
4(2194 4307 5906 4119)
4(5590 3037 4859 2635)
4(5590 2635 5462 3038)
4(1048 3038 5462 3030)
4(5591 2635 4859 6626)
4(5591 3096 5576 2635)
4(5591 2635 5590 3102)
4(6719 3102 5590 3037)
4(6719 6626 5591 3102)
4(6719 3037 4859 6626)
4(5589 4113 5462 2635)
4(5589 2635 5576 4114)
4(2078 3032 5462 4113)
4(5590 2635 5589 4121)
4(2088 3038 5590 4121)
4(2088 4113 5462 3038)
4(2088 4121 5589 4113)
4(5591 4310 5589 2635)
4(2185 4310 5591 3096)
4(2185 4114 5589 4310)
4(2195 4121 5590 3102)
4(2195 3102 5591 4310)
4(2195 4310 5589 4121)
4(5907 4118 5465 2636)
4(5907 2636 5587 4119)
4(2087 4118 5907 4119)
4(5601 2636 5465 4122)
4(5601 4124 5599 2636)
4(5907 4126 5601 2636)
4(2097 4122 5601 4126)
4(2097 4126 5907 4118)
4(5602 4333 5587 2636)
4(5602 2636 5599 4334)
4(5907 2636 5602 4336)
4(2194 4336 5602 4333)
4(2194 4119 5907 4336)
4(5602 2636 5601 4362)
4(2203 4362 5601 4124)
4(2203 4334 5602 4362)
4(2204 4126 5601 4362)
4(2204 4362 5602 4336)
4(2204 4336 5907 4126)
4(5604 6602 6754 2637)
4(5604 2637 5468 3044)
4(6622 6850 6754 6602)
4(5605 2637 6754 6630)
4(5605 3102 5590 2637)
4(6719 6630 6754 3037)
4(5605 2637 5604 3108)
4(6735 3108 5604 6602)
4(6735 6630 5605 3108)
4(6735 6602 6754 6630)
4(5603 4120 5468 2637)
4(5603 2637 5590 4121)
4(5604 2637 5603 4128)
4(2098 3044 5604 4128)
4(2098 4128 5603 4120)
4(5605 4339 5603 2637)
4(2195 4339 5605 3102)
4(2195 4121 5603 4339)
4(2205 4128 5604 3108)
4(2205 3108 5605 4339)
4(2205 4339 5603 4128)
4(5908 4125 5471 2638)
4(5908 2638 5601 4126)
4(2097 4125 5908 4126)
4(5615 2638 5471 4129)
4(5615 4131 5613 2638)
4(5908 4133 5615 2638)
4(2107 4129 5615 4133)
4(2107 4133 5908 4125)
4(5616 4362 5601 2638)
4(5616 2638 5613 4363)
4(5908 2638 5616 4365)
4(2204 4365 5616 4362)
4(2204 4126 5908 4365)
4(5616 2638 5615 4391)
4(2213 4391 5615 4131)
4(2213 4363 5616 4391)
4(2214 4133 5615 4391)
4(2214 4391 5616 4365)
4(2214 4365 5908 4133)
4(5618 6604 6758 2639)
4(5618 2639 5474 3050)
4(6637 6601 6758 6604)
4(5619 2639 6758 6634)
4(5619 3108 5604 2639)
4(6735 6634 6758 6602)
4(5619 2639 5618 3114)
4(6749 3114 5618 6604)
4(6749 6634 5619 3114)
4(6749 6604 6758 6634)
4(5617 4127 5474 2639)
4(5617 2639 5604 4128)
4(5618 2639 5617 4135)
4(2108 3050 5618 4135)
4(2108 4135 5617 4127)
4(5619 4368 5617 2639)
4(2205 4368 5619 3108)
4(2205 4128 5617 4368)
4(2215 4135 5618 3114)
4(2215 3114 5619 4368)
4(2215 4368 5617 4135)
4(5909 4132 5477 2640)
4(5909 2640 5615 4133)
4(2107 4132 5909 4133)
4(5629 2640 5477 4136)
4(5629 4138 5627 2640)
4(5909 4140 5629 2640)
4(2117 4136 5629 4140)
4(2117 4140 5909 4132)
4(5630 4391 5615 2640)
4(5630 2640 5627 4392)
4(5909 2640 5630 4394)
4(2214 4394 5630 4391)
4(2214 4133 5909 4394)
4(5630 2640 5629 4420)
4(2223 4420 5629 4138)
4(2223 4392 5630 4420)
4(2224 4140 5629 4420)
4(2224 4420 5630 4394)
4(2224 4394 5909 4140)
4(5632 6607 6760 2641)
4(5632 2641 5480 3056)
4(6648 6603 6760 6607)
4(5633 2641 6760 6638)
4(5633 3114 5618 2641)
4(6749 6638 6760 6604)
4(5633 2641 5632 3120)
4(6759 3120 5632 6607)
4(6759 6638 5633 3120)
4(6759 6607 6760 6638)
4(5631 4134 5480 2641)
4(5631 2641 5618 4135)
4(5632 2641 5631 4142)
4(2118 3056 5632 4142)
4(2118 4142 5631 4134)
4(5633 4397 5631 2641)
4(2215 4397 5633 3114)
4(2215 4135 5631 4397)
4(2225 4142 5632 3120)
4(2225 3120 5633 4397)
4(2225 4397 5631 4142)
4(5910 4139 5483 2642)
4(5910 2642 5629 4140)
4(2117 4139 5910 4140)
4(5643 2642 5483 4143)
4(5643 4145 5641 2642)
4(5910 4147 5643 2642)
4(2127 4143 5643 4147)
4(5644 4420 5629 2642)
4(5644 2642 5641 4421)
4(5910 2642 5644 4423)
4(2224 4423 5644 4420)
4(2224 4140 5910 4423)
4(5644 2642 5643 4449)
4(2233 4449 5643 4145)
4(2233 4421 5644 4449)
4(2234 4147 5643 4449)
4(2234 4449 5644 4423)
4(2234 4423 5910 4147)
4(5646 6610 6763 2643)
4(5646 2643 5486 3062)
4(6656 6606 6763 6610)
4(5647 2643 6763 6641)
4(5647 3120 5632 2643)
4(6759 6641 6763 6607)
4(5647 2643 5646 3126)
4(6777 3126 5646 6610)
4(6777 6641 5647 3126)
4(6777 6610 6763 6641)
4(5645 4141 5486 2643)
4(5645 2643 5632 4142)
4(5646 2643 5645 4150)
4(2128 3062 5646 4150)
4(2128 4150 5645 4141)
4(5647 4426 5645 2643)
4(2225 4426 5647 3120)
4(2225 4142 5645 4426)
4(2235 4150 5646 3126)
4(2235 3126 5647 4426)
4(2235 4426 5645 4150)
4(5911 4146 5496 2644)
4(5911 2644 5643 4147)
4(2127 4143 5496 4146)
4(5665 2644 5496 4172)
4(5665 4174 5662 2644)
4(2136 4172 5496 4144)
4(5911 4176 5665 2644)
4(2137 4172 5665 4176)
4(2137 4146 5496 4172)
4(5666 4449 5643 2644)
4(5666 2644 5662 4450)
4(5911 2644 5666 4452)
4(2234 4452 5666 4449)
4(2234 4147 5911 4452)
4(5666 2644 5665 4478)
4(2243 4478 5665 4174)
4(2243 4450 5666 4478)
4(2244 4176 5665 4478)
4(2244 4478 5666 4452)
4(2244 4452 5911 4176)
4(6029 3065 6766 2645)
4(6029 2645 5498 3066)
4(6029 3066 1153 3065)
4(1153 6609 6766 3065)
4(5668 2645 6766 6645)
4(5668 3126 5646 2645)
4(6777 6645 6766 6610)
4(5668 2645 6029 3130)
4(1384 6645 5668 3130)
4(3130 6029 3065 1384)
4(1384 3065 6766 6645)
4(5667 4149 5498 2645)
4(5667 2645 5646 4150)
4(6029 2645 5667 4178)
4(2138 4178 5667 4149)
4(4178 2138 3066 6029)
4(5668 4455 5667 2645)
4(2235 4150 5667 4455)
4(2235 4455 5668 3126)
4(2245 4455 5667 4178)
4(2245 3130 5668 4455)
4(2245 4178 6029 3130)
4(5669 4152 5500 2646)
4(5669 2646 5648 4153)
4(2129 4153 5648 4148)
4(6028 2646 5500 4177)
4(6028 4178 5667 2646)
4(6028 4177 2138 4178)
4(6028 2646 5669 4180)
4(2139 4180 5669 4152)
4(4180 2139 4177 6028)
4(5670 4454 5648 2646)
4(5670 2646 5667 4455)
4(2235 4150 5648 4454)
4(5670 4458 5669 2646)
4(2236 4153 5669 4458)
4(2236 4458 5670 4454)
4(2236 4454 5648 4153)
4(5670 2646 6028 4483)
4(2245 4455 5670 4483)
4(4483 6028 4178 2245)
4(2246 4458 5669 4180)
4(2246 4483 5670 4458)
4(2246 4180 6028 4483)
4(5671 4155 5502 2647)
4(5671 2647 5650 4156)
4(6027 2647 5502 4179)
4(6027 4180 5669 2647)
4(6027 4179 2139 4180)
4(6027 2647 5671 4182)
4(2140 4182 5671 4155)
4(4182 2140 4179 6027)
4(5672 4457 5650 2647)
4(5672 2647 5669 4458)
4(5672 4461 5671 2647)
4(2237 4156 5671 4461)
4(2237 4461 5672 4457)
4(5672 2647 6027 4485)
4(2246 4458 5672 4485)
4(4485 6027 4180 2246)
4(2247 4461 5671 4182)
4(2247 4485 5672 4461)
4(2247 4182 6027 4485)
4(5673 4158 5504 2648)
4(5673 2648 5652 4159)
4(6026 2648 5504 4181)
4(6026 4182 5671 2648)
4(6026 4181 2140 4182)
4(6026 2648 5673 4184)
4(2141 4184 5673 4158)
4(4184 2141 4181 6026)
4(5674 4460 5652 2648)
4(5674 2648 5671 4461)
4(5674 4464 5673 2648)
4(2238 4159 5673 4464)
4(2238 4464 5674 4460)
4(5674 2648 6026 4487)
4(2247 4461 5674 4487)
4(4487 6026 4182 2247)
4(2248 4464 5673 4184)
4(2248 4487 5674 4464)
4(2248 4184 6026 4487)
4(5675 4161 5506 2649)
4(5675 2649 5654 4162)
4(6025 2649 5506 4183)
4(6025 4184 5673 2649)
4(6025 4183 2141 4184)
4(6025 2649 5675 4186)
4(2142 4186 5675 4161)
4(4186 2142 4183 6025)
4(5676 4463 5654 2649)
4(5676 2649 5673 4464)
4(5676 4467 5675 2649)
4(2239 4162 5675 4467)
4(2239 4467 5676 4463)
4(5676 2649 6025 4489)
4(2248 4464 5676 4489)
4(4489 6025 4184 2248)
4(2249 4467 5675 4186)
4(2249 4489 5676 4467)
4(2249 4186 6025 4489)
4(5677 4164 5508 2650)
4(5677 2650 5656 4165)
4(6024 2650 5508 4185)
4(6024 4186 5675 2650)
4(6024 4185 2142 4186)
4(6024 2650 5677 4188)
4(2143 4188 5677 4164)
4(4188 2143 4185 6024)
4(5678 4466 5656 2650)
4(5678 2650 5675 4467)
4(5678 4470 5677 2650)
4(2240 4165 5677 4470)
4(2240 4470 5678 4466)
4(5678 2650 6024 4491)
4(2249 4467 5678 4491)
4(4491 6024 4186 2249)
4(2250 4470 5677 4188)
4(2250 4491 5678 4470)
4(2250 4188 6024 4491)
4(5679 4167 5510 2651)
4(5679 2651 5658 4168)
4(6023 2651 5510 4187)
4(6023 4188 5677 2651)
4(6023 4187 2143 4188)
4(6023 2651 5679 4190)
4(2144 4190 5679 4167)
4(4190 2144 4187 6023)
4(5680 4469 5658 2651)
4(5680 2651 5677 4470)
4(5680 4473 5679 2651)
4(2241 4168 5679 4473)
4(2241 4473 5680 4469)
4(5680 2651 6023 4493)
4(2250 4470 5680 4493)
4(4493 6023 4188 2250)
4(2251 4473 5679 4190)
4(2251 4493 5680 4473)
4(2251 4190 6023 4493)
4(5681 4170 5512 2652)
4(5681 2652 5660 4171)
4(6022 2652 5512 4189)
4(6022 4190 5679 2652)
4(6022 4189 2144 4190)
4(6022 2652 5681 4192)
4(2145 4192 5681 4170)
4(4192 2145 4189 6022)
4(5682 4472 5660 2652)
4(5682 2652 5679 4473)
4(5682 4476 5681 2652)
4(2242 4171 5681 4476)
4(2242 4476 5682 4472)
4(5682 2652 6022 4495)
4(2251 4473 5682 4495)
4(4495 6022 4190 2251)
4(2252 4476 5681 4192)
4(2252 4495 5682 4476)
4(2252 4192 6022 4495)
4(5683 4173 5514 2653)
4(5683 2653 5663 4174)
4(6021 2653 5514 4191)
4(6021 4192 5681 2653)
4(4191 2145 4192 6021)
4(5683 4194 6021 2653)
4(2146 4194 5683 4173)
4(2146 4191 6021 4194)
4(5684 4475 5663 2653)
4(5684 2653 5681 4476)
4(5684 4479 5683 2653)
4(2243 4174 5683 4479)
4(2243 4479 5684 4475)
4(6021 4497 5684 2653)
4(2252 4476 5684 4497)
4(4497 6021 4192 2252)
4(2253 4479 5683 4194)
4(2253 4497 5684 4479)
4(4194 6021 4497 2253)
4(5912 4175 5515 2654)
4(5912 2654 5665 4176)
4(5997 2654 5515 4193)
4(5997 4194 5683 2654)
4(4193 2146 4194 5997)
4(5912 4195 5997 2654)
5(4193 5997 4195 5912 4175)
4(5685 4478 5665 2654)
4(5685 2654 5683 4479)
4(5912 2654 5685 4481)
4(2244 4481 5685 4478)
4(2244 4176 5912 4481)
4(5997 4499 5685 2654)
4(2253 4479 5685 4499)
4(5997 4194 2253 4499)
4(2254 4499 5685 4481)
4(2254 4481 5912 4195)
4(4195 5997 4499 2254)
4(5687 6616 6768 2655)
4(5687 2655 5518 3078)
4(6677 6612 6768 6616)
4(6185 2655 6768 3133)
4(5945 2655 6185 3134)
4(6185 2655 5687 3138)
4(1425 3138 5687 6616)
4(5686 4197 5518 2655)
4(5686 2655 5945 4198)
4(4198 5945 3072 2147)
4(5687 2655 5686 4224)
4(2155 4224 5686 4197)
4(2155 3078 5687 4224)
4(6185 4503 5686 2655)
4(2255 4198 5686 4503)
4(2262 4503 5686 4224)
4(2262 4224 5687 3138)
4(4503 2262 3138 6185)
4(5688 4200 5521 2656)
4(5688 2656 5944 4201)
4(4201 5944 4196 2148)
4(5689 2656 5521 4222)
4(5689 4224 5686 2656)
4(5689 2656 5688 4227)
4(2156 4227 5688 4200)
4(2156 4222 5689 4227)
4(5944 2656 6184 4502)
4(6184 2656 5686 4503)
4(6184 4505 5688 2656)
4(2256 4201 5688 4505)
4(6184 2656 5689 4518)
4(2262 4518 5689 4224)
4(6184 4518 2262 4503)
4(2263 4505 5688 4227)
4(2263 4227 5689 4518)
4(4505 2263 4518 6184)
4(5690 4203 5524 2657)
4(5690 2657 5943 4204)
4(4204 5943 4199 2149)
4(5691 2657 5524 4225)
4(5691 4227 5688 2657)
4(5691 2657 5690 4230)
4(2157 4230 5690 4203)
4(2157 4225 5691 4230)
4(5943 2657 6183 4504)
4(6183 2657 5688 4505)
4(6183 4507 5690 2657)
4(2257 4204 5690 4507)
4(6183 2657 5691 4520)
4(2263 4520 5691 4227)
4(6183 4520 2263 4505)
4(2264 4507 5690 4230)
4(2264 4230 5691 4520)
4(4507 2264 4520 6183)
4(5692 4205 5527 2658)
3(5692 2658 5942)
4(5942 4202 4205 5692)
4(5693 2658 5527 4228)
4(5693 4230 5690 2658)
4(5693 2658 5692 4233)
4(2158 4228 5693 4233)
4(2158 4233 5692 4205)
4(5942 2658 6182 4506)
4(6182 2658 5690 4507)
4(4506 6182 4507 2257)
4(4506 2257 4204 5942)
3(6182 5692 2658)
4(6182 4506 5942 5692)
4(6182 2658 5693 4522)
4(2264 4522 5693 4230)
4(6182 4522 2264 4507)
4(2265 4233 5693 4522)
5(2265 4522 6182 5692 4233)
4(5696 4209 5532 2659)
4(5696 2659 5941 4210)
4(4210 5941 4206 2150)
4(5697 2659 5532 4234)
4(5697 4236 5694 2659)
4(2159 4207 5694 4236)
4(5697 2659 5696 4239)
4(2160 4239 5696 4209)
4(2160 4234 5697 4239)
4(5941 2659 6181 4508)
3(6181 2659 5694)
4(5694 5941 4508 6181)
4(6181 4510 5696 2659)
4(2258 4210 5696 4510)
4(2258 4510 6181 4508)
4(2258 4508 5941 4210)
4(6181 2659 5697 4525)
4(2266 4525 5697 4236)
5(2266 4236 5694 6181 4525)
4(2267 4510 5696 4239)
4(2267 4239 5697 4525)
4(4510 2267 4525 6181)
4(5698 4212 5535 2660)
4(5698 2660 5940 4213)
4(4213 5940 4208 2151)
4(5699 2660 5535 4237)
4(5699 4239 5696 2660)
4(5699 2660 5698 4242)
4(2161 4242 5698 4212)
4(2161 4237 5699 4242)
4(5940 2660 6180 4509)
4(6180 2660 5696 4510)
4(6180 4512 5698 2660)
4(2259 4213 5698 4512)
4(2259 4512 6180 4509)
4(2259 4509 5940 4213)
4(6180 2660 5699 4527)
4(2267 4527 5699 4239)
4(6180 4527 2267 4510)
4(2268 4512 5698 4242)
4(2268 4242 5699 4527)
4(4512 2268 4527 6180)
4(5700 4215 5538 2661)
4(5700 2661 5939 4216)
4(4216 5939 4211 2152)
4(5701 2661 5538 4240)
4(5701 4242 5698 2661)
4(5701 2661 5700 4245)
4(2162 4245 5700 4215)
4(2162 4240 5701 4245)
4(5939 2661 6179 4511)
4(6179 2661 5698 4512)
4(4511 2259 4213 5939)
4(4511 6179 4512 2259)
4(6179 4514 5700 2661)
4(2260 4216 5700 4514)
4(2260 4511 5939 4216)
4(2260 4514 6179 4511)
4(6179 2661 5701 4529)
4(2268 4529 5701 4242)
4(6179 4529 2268 4512)
4(2269 4514 5700 4245)
4(2269 4245 5701 4529)
4(4514 2269 4529 6179)
4(5702 4218 5541 2662)
4(5702 2662 5938 4219)
4(4219 5938 4214 2153)
4(5703 2662 5541 4243)
4(5703 4245 5700 2662)
4(5703 2662 5702 4248)
4(2163 4248 5702 4218)
4(2163 4243 5703 4248)
4(5938 2662 6178 4513)
4(6178 2662 5700 4514)
4(4513 6178 4514 2260)
4(4513 2260 4216 5938)
4(6178 4516 5702 2662)
4(2261 4219 5702 4516)
4(6178 2662 5703 4531)
4(2269 4531 5703 4245)
4(6178 4531 2269 4514)
4(2270 4516 5702 4248)
4(2270 4248 5703 4531)
4(4516 2270 4531 6178)
4(5913 4220 5543 2663)
4(5937 4221 5913 2663)
4(5704 2663 5543 4246)
4(5704 4248 5702 2663)
4(5913 4250 5704 2663)
4(2164 4246 5704 4250)
4(2164 4250 5913 4220)
4(6177 4515 5937 2663)
4(6177 2663 5702 4516)
4(5913 2663 6177 4517)
4(6177 2663 5704 4533)
4(2270 4533 5704 4248)
4(4533 2270 4516 6177)
4(2271 4250 5704 4533)
4(5706 6620 6770 2664)
4(5706 2664 5546 3084)
4(6686 6615 6770 6620)
4(6211 2664 6770 3137)
4(6211 3138 5687 2664)
4(6211 2664 5706 3142)
4(1446 3142 5706 6620)
4(5705 4223 5546 2664)
4(5705 2664 5687 4224)
4(5706 2664 5705 4253)
4(2165 4253 5705 4223)
4(2165 3084 5706 4253)
4(6211 4519 5705 2664)
4(2262 4224 5705 4519)
4(2262 4519 6211 3138)
4(2272 4519 5705 4253)
4(2272 4253 5706 3142)
4(4519 2272 3142 6211)
4(5707 4226 5547 2665)
4(5707 2665 5689 4227)
4(2156 4222 5547 4226)
4(5708 2665 5547 4251)
4(5708 4253 5705 2665)
4(2165 4251 5547 4223)
4(5708 2665 5707 4256)
4(2166 4256 5707 4226)
4(2166 4251 5708 4256)
4(2166 4226 5547 4251)
4(6210 4518 5689 2665)
4(6210 2665 5705 4519)
4(4518 6210 4519 2262)
4(6210 4521 5707 2665)
4(2263 4227 5707 4521)
4(2263 4521 6210 4518)
4(6210 2665 5708 4536)
4(2272 4536 5708 4253)
4(6210 4536 2272 4519)
4(2273 4521 5707 4256)
4(2273 4256 5708 4536)
4(4521 2273 4536 6210)
4(5709 4229 5548 2666)
4(5709 2666 5691 4230)
4(2157 4225 5548 4229)
4(5710 2666 5548 4254)
4(5710 4256 5707 2666)
4(2166 4254 5548 4226)
4(5710 2666 5709 4259)
4(2167 4259 5709 4229)
4(2167 4254 5710 4259)
4(2167 4229 5548 4254)
4(6209 4520 5691 2666)
4(6209 2666 5707 4521)
4(4520 6209 4521 2263)
4(6209 4523 5709 2666)
4(2264 4230 5709 4523)
4(2264 4523 6209 4520)
4(6209 2666 5710 4538)
4(2273 4538 5710 4256)
4(6209 4538 2273 4521)
4(2274 4523 5709 4259)
4(2274 4259 5710 4538)
4(4523 2274 4538 6209)
4(5711 4232 5550 2667)
4(5711 2667 5693 4233)
4(2158 4228 5550 4232)
4(5712 2667 5550 4257)
4(5712 4259 5709 2667)
4(2167 4257 5550 4229)
4(5712 2667 5711 4262)
4(2168 4262 5711 4232)
4(2168 4257 5712 4262)
4(2168 4232 5550 4257)
4(6208 4522 5693 2667)
4(6208 2667 5709 4523)
4(4522 6208 4523 2264)
4(6208 4524 5711 2667)
4(2265 4233 5711 4524)
4(2265 4524 6208 4522)
4(6208 2667 5712 4540)
4(2274 4540 5712 4259)
4(6208 4540 2274 4523)
4(2275 4524 5711 4262)
4(2275 4262 5712 4540)
4(4524 2275 4540 6208)
4(5713 4235 5553 2668)
4(5713 2668 5695 4236)
4(2159 4236 5695 4231)
4(5714 2668 5553 4260)
4(5714 4262 5711 2668)
4(5714 2668 5713 4265)
4(2169 4265 5713 4235)
4(2169 4260 5714 4265)
3(6207 5695 2668)
4(6207 2668 5711 4524)
5(6207 4524 2265 4233 5695)
4(6207 4526 5713 2668)
4(2266 4236 5713 4526)
5(2266 4526 6207 5695 4236)
4(6207 2668 5714 4542)
4(2275 4542 5714 4262)
4(6207 4542 2275 4524)
4(2276 4526 5713 4265)
4(2276 4265 5714 4542)
4(4526 2276 4542 6207)
4(5715 4238 5554 2669)
4(5715 2669 5697 4239)
4(2160 4234 5554 4238)
4(5716 2669 5554 4263)
4(5716 4265 5713 2669)
4(2169 4263 5554 4235)
4(5716 2669 5715 4268)
4(2170 4268 5715 4238)
4(2170 4263 5716 4268)
4(2170 4238 5554 4263)
4(6206 4525 5697 2669)
4(6206 2669 5713 4526)
4(4525 6206 4526 2266)
4(6206 4528 5715 2669)
4(2267 4239 5715 4528)
4(2267 4528 6206 4525)
4(6206 2669 5716 4544)
4(2276 4544 5716 4265)
4(6206 4544 2276 4526)
4(2277 4528 5715 4268)
4(2277 4268 5716 4544)
4(4528 2277 4544 6206)
4(5717 4241 5555 2670)
4(5717 2670 5699 4242)
4(5718 2670 5555 4266)
4(5718 4268 5715 2670)
4(5718 2670 5717 4271)
4(2171 4271 5717 4241)
4(2171 4266 5718 4271)
4(6205 4527 5699 2670)
4(6205 2670 5715 4528)
4(4527 6205 4528 2267)
4(6205 4530 5717 2670)
4(2268 4242 5717 4530)
4(2268 4530 6205 4527)
4(6205 2670 5718 4546)
4(2277 4546 5718 4268)
4(6205 4546 2277 4528)
4(2278 4530 5717 4271)
4(2278 4271 5718 4546)
4(4530 2278 4546 6205)
4(5719 4244 5556 2671)
4(5719 2671 5701 4245)
4(5720 2671 5556 4269)
4(5720 4271 5717 2671)
4(5720 2671 5719 4274)
4(2172 4274 5719 4244)
4(2172 4269 5720 4274)
4(6204 4529 5701 2671)
4(6204 2671 5717 4530)
4(4529 6204 4530 2268)
4(6204 4532 5719 2671)
4(2269 4245 5719 4532)
4(2269 4532 6204 4529)
4(6204 2671 5720 4548)
4(2278 4548 5720 4271)
4(6204 4548 2278 4530)
4(2279 4532 5719 4274)
4(2279 4274 5720 4548)
4(4532 2279 4548 6204)
4(5721 4247 5558 2672)
4(5721 2672 5703 4248)
4(5722 2672 5558 4272)
4(5722 4274 5719 2672)
4(5722 2672 5721 4277)
4(2173 4277 5721 4247)
4(2173 4272 5722 4277)
4(6203 4531 5703 2672)
4(6203 2672 5719 4532)
4(4531 6203 4532 2269)
4(5721 2672 6203 4534)
4(2270 4248 5721 4534)
4(4534 6203 4531 2270)
4(6203 2672 5722 4550)
4(2279 4550 5722 4274)
4(4550 2279 4532 6203)
4(2280 4534 5721 4277)
4(2280 4277 5722 4550)
4(2280 4550 6203 4534)
4(5914 4249 5560 2673)
4(5914 2673 5704 4250)
4(2164 4249 5914 4250)
4(5723 2673 5560 4275)
4(5723 4277 5721 2673)
4(5914 4279 5723 2673)
4(2174 4275 5723 4279)
4(2174 4279 5914 4249)
4(6176 4533 5704 2673)
4(6176 2673 5721 4534)
4(6176 4534 2270 4533)
4(5914 2673 6176 4535)
4(6176 2673 5723 4552)
4(2280 4552 5723 4277)
4(4552 2280 4534 6176)
4(2281 4279 5723 4552)
4(2281 4535 5914 4279)
4(2281 4552 6176 4535)
4(5725 6625 6773 2674)
4(5725 2674 5563 3090)
4(6233 2674 6773 3141)
4(6233 3142 5706 2674)
4(6233 2674 5725 3146)
4(1467 3146 5725 6625)
4(6233 3146 1467 3141)
4(5724 4252 5563 2674)
4(5724 2674 5706 4253)
4(5725 2674 5724 4282)
4(2175 4282 5724 4252)
4(2175 3090 5725 4282)
4(6233 4537 5724 2674)
4(2272 4253 5724 4537)
4(2272 4537 6233 3142)
4(2282 4537 5724 4282)
4(2282 4282 5725 3146)
4(6233 4537 2282 3146)
4(5726 4255 5564 2675)
4(5726 2675 5708 4256)
4(2166 4251 5564 4255)
4(5727 2675 5564 4280)
4(5727 4282 5724 2675)
4(2175 4280 5564 4252)
4(5727 2675 5726 4285)
4(2176 4285 5726 4255)
4(2176 4280 5727 4285)
4(2176 4255 5564 4280)
4(6232 4536 5708 2675)
4(6232 2675 5724 4537)
4(4536 6232 4537 2272)
4(6232 4539 5726 2675)
4(2273 4256 5726 4539)
4(2273 4539 6232 4536)
4(6232 2675 5727 4555)
4(2282 4555 5727 4282)
4(6232 4555 2282 4537)
4(2283 4539 5726 4285)
4(2283 4285 5727 4555)
4(4539 2283 4555 6232)
4(5728 4258 5565 2676)
4(5728 2676 5710 4259)
4(2167 4254 5565 4258)
4(5729 2676 5565 4283)
4(5729 4285 5726 2676)
4(2176 4283 5565 4255)
4(5729 2676 5728 4288)
4(2177 4288 5728 4258)
4(2177 4283 5729 4288)
4(2177 4258 5565 4283)
4(6231 4538 5710 2676)
4(6231 2676 5726 4539)
4(4538 6231 4539 2273)
4(6231 4541 5728 2676)
4(2274 4259 5728 4541)
4(2274 4541 6231 4538)
4(6231 2676 5729 4557)
4(2283 4557 5729 4285)
4(6231 4557 2283 4539)
4(2284 4541 5728 4288)
4(2284 4288 5729 4557)
4(4541 2284 4557 6231)
4(5730 4261 5566 2677)
4(5730 2677 5712 4262)
4(2168 4257 5566 4261)
4(5731 2677 5566 4286)
4(5731 4288 5728 2677)
4(2177 4286 5566 4258)
4(5731 2677 5730 4291)
4(2178 4291 5730 4261)
4(2178 4286 5731 4291)
4(2178 4261 5566 4286)
4(6230 4540 5712 2677)
4(6230 2677 5728 4541)
4(4540 6230 4541 2274)
4(6230 4543 5730 2677)
4(2275 4262 5730 4543)
4(2275 4543 6230 4540)
4(6230 2677 5731 4559)
4(2284 4559 5731 4288)
4(6230 4559 2284 4541)
4(2285 4543 5730 4291)
4(2285 4291 5731 4559)
4(4543 2285 4559 6230)
4(5732 4264 5567 2678)
4(5732 2678 5714 4265)
4(2169 4260 5567 4264)
4(5733 2678 5567 4289)
4(5733 4291 5730 2678)
4(2178 4289 5567 4261)
4(5733 2678 5732 4294)
4(2179 4294 5732 4264)
4(2179 4289 5733 4294)
4(2179 4264 5567 4289)
4(6229 4542 5714 2678)
4(6229 2678 5730 4543)
4(4542 6229 4543 2275)
4(6229 4545 5732 2678)
4(2276 4265 5732 4545)
4(2276 4545 6229 4542)
4(6229 2678 5733 4561)
4(2285 4561 5733 4291)
4(6229 4561 2285 4543)
4(2286 4545 5732 4294)
4(2286 4294 5733 4561)
4(4545 2286 4561 6229)
4(5734 4267 5568 2679)
4(5734 2679 5716 4268)
4(5735 2679 5568 4292)
4(5735 4294 5732 2679)
4(5735 2679 5734 4297)
4(2180 4297 5734 4267)
4(2180 4292 5735 4297)
4(6228 4544 5716 2679)
4(6228 2679 5732 4545)
4(4544 6228 4545 2276)
4(6228 4547 5734 2679)
4(2277 4268 5734 4547)
4(2277 4547 6228 4544)
4(6228 2679 5735 4563)
4(2286 4563 5735 4294)
4(6228 4563 2286 4545)
4(2287 4547 5734 4297)
4(2287 4297 5735 4563)
4(4547 2287 4563 6228)
4(5736 4270 5569 2680)
4(5736 2680 5718 4271)
4(5737 2680 5569 4295)
4(5737 4297 5734 2680)
4(5737 2680 5736 4300)
4(2181 4300 5736 4270)
4(2181 4295 5737 4300)
4(6227 4546 5718 2680)
4(6227 2680 5734 4547)
4(4546 6227 4547 2277)
4(6227 4549 5736 2680)
4(2278 4271 5736 4549)
4(2278 4549 6227 4546)
4(6227 2680 5737 4565)
4(2287 4565 5737 4297)
4(6227 4565 2287 4547)
4(2288 4549 5736 4300)
4(2288 4300 5737 4565)
4(4549 2288 4565 6227)
4(5738 4273 5570 2681)
4(5738 2681 5720 4274)
4(5739 2681 5570 4298)
4(5739 4300 5736 2681)
4(5739 2681 5738 4303)
4(2182 4303 5738 4273)
4(2182 4298 5739 4303)
4(6226 4548 5720 2681)
4(6226 2681 5736 4549)
4(4548 6226 4549 2278)
4(5738 2681 6226 4551)
4(2279 4274 5738 4551)
4(4551 6226 4548 2279)
4(6226 2681 5739 4567)
4(2288 4567 5739 4300)
4(4567 2288 4549 6226)
4(2289 4551 5738 4303)
4(2289 4303 5739 4567)
4(2289 4567 6226 4551)
4(5740 4276 5572 2682)
4(5740 2682 5722 4277)
4(5741 2682 5572 4301)
4(5741 4303 5738 2682)
4(5741 2682 5740 4306)
4(2183 4306 5740 4276)
4(2183 4301 5741 4306)
4(6202 4550 5722 2682)
4(6202 2682 5738 4551)
4(6202 4551 2279 4550)
4(5740 2682 6202 4553)
4(2280 4277 5740 4553)
4(4553 6202 4550 2280)
4(6202 2682 5741 4569)
4(2289 4569 5741 4303)
4(4569 2289 4551 6202)
4(2290 4553 5740 4306)
4(2290 4306 5741 4569)
4(2290 4569 6202 4553)
4(5915 4278 5574 2683)
4(5915 2683 5723 4279)
4(2174 4278 5915 4279)
4(5742 2683 5574 4304)
4(5742 4306 5740 2683)
4(5915 4308 5742 2683)
4(2184 4304 5742 4308)
4(2184 4308 5915 4278)
4(6175 4552 5723 2683)
4(6175 2683 5740 4553)
4(6175 4553 2280 4552)
4(5915 2683 6175 4554)
4(2281 4279 5915 4554)
4(4554 6175 4552 2281)
4(6175 2683 5742 4571)
4(2290 4571 5742 4306)
4(4571 2290 4553 6175)
4(2291 4308 5742 4571)
4(2291 4554 5915 4308)
4(2291 4571 6175 4554)
4(5744 6628 6775 2684)
4(5744 2684 5577 3096)
4(6251 2684 6775 3145)
4(6251 3146 5725 2684)
4(1467 3146 6251 3145)
4(6251 2684 5744 3150)
4(1488 3150 5744 6628)
4(6251 3150 1488 3145)
4(5743 4281 5577 2684)
4(5743 2684 5725 4282)
4(5744 2684 5743 4311)
4(2185 4311 5743 4281)
4(2185 3096 5744 4311)
4(6251 4556 5743 2684)
4(2282 4282 5743 4556)
4(2282 4556 6251 3146)
4(2292 4556 5743 4311)
4(2292 4311 5744 3150)
4(6251 4556 2292 3150)
4(5745 4284 5578 2685)
4(5745 2685 5727 4285)
4(2176 4280 5578 4284)
4(5746 2685 5578 4309)
4(5746 4311 5743 2685)
4(2185 4309 5578 4281)
4(5746 2685 5745 4314)
4(2186 4314 5745 4284)
4(2186 4309 5746 4314)
4(2186 4284 5578 4309)
4(6250 4555 5727 2685)
4(6250 2685 5743 4556)
4(2282 4555 6250 4556)
4(6250 4558 5745 2685)
4(2283 4285 5745 4558)
4(2283 4558 6250 4555)
4(6250 2685 5746 4574)
4(2292 4574 5746 4311)
4(6250 4574 2292 4556)
4(2293 4558 5745 4314)
4(2293 4314 5746 4574)
4(6250 4558 2293 4574)
4(5747 4287 5579 2686)
4(5747 2686 5729 4288)
4(2177 4283 5579 4287)
4(5748 2686 5579 4312)
4(5748 4314 5745 2686)
4(2186 4312 5579 4284)
4(5748 2686 5747 4317)
4(2187 4317 5747 4287)
4(2187 4312 5748 4317)
4(2187 4287 5579 4312)
4(6249 4557 5729 2686)
4(6249 2686 5745 4558)
4(4557 6249 4558 2283)
4(6249 4560 5747 2686)
4(2284 4288 5747 4560)
4(2284 4560 6249 4557)
4(6249 2686 5748 4576)
4(2293 4576 5748 4314)
4(6249 4576 2293 4558)
4(2294 4560 5747 4317)
4(2294 4317 5748 4576)
4(4560 2294 4576 6249)
4(5749 4290 5580 2687)
4(5749 2687 5731 4291)
4(5750 2687 5580 4315)
4(5750 4317 5747 2687)
4(5750 2687 5749 4320)
4(2188 4320 5749 4290)
4(2188 4315 5750 4320)
4(6248 4559 5731 2687)
4(6248 2687 5747 4560)
4(4559 6248 4560 2284)
4(6248 4562 5749 2687)
4(2285 4291 5749 4562)
4(2285 4562 6248 4559)
4(6248 2687 5750 4578)
4(2294 4578 5750 4317)
4(6248 4578 2294 4560)
4(2295 4562 5749 4320)
4(2295 4320 5750 4578)
4(4562 2295 4578 6248)
4(5751 4293 5581 2688)
4(5751 2688 5733 4294)
4(5752 2688 5581 4318)
4(5752 4320 5749 2688)
4(5752 2688 5751 4323)
4(2189 4323 5751 4293)
4(2189 4318 5752 4323)
4(6247 4561 5733 2688)
4(6247 2688 5749 4562)
4(4561 6247 4562 2285)
4(6247 4564 5751 2688)
4(2286 4294 5751 4564)
4(2286 4564 6247 4561)
4(6247 2688 5752 4580)
4(2295 4580 5752 4320)
4(6247 4580 2295 4562)
4(2296 4564 5751 4323)
4(2296 4323 5752 4580)
4(4564 2296 4580 6247)
4(5753 4296 5582 2689)
4(5753 2689 5735 4297)
4(5754 2689 5582 4321)
4(5754 4323 5751 2689)
4(5754 2689 5753 4326)
4(2190 4326 5753 4296)
4(2190 4321 5754 4326)
4(6246 4563 5735 2689)
4(6246 2689 5751 4564)
4(4563 6246 4564 2286)
4(6246 4566 5753 2689)
4(2287 4297 5753 4566)
4(2287 4566 6246 4563)
4(6246 2689 5754 4582)
4(2296 4582 5754 4323)
4(6246 4582 2296 4564)
4(2297 4566 5753 4326)
4(2297 4326 5754 4582)
4(4566 2297 4582 6246)
4(5755 4299 5583 2690)
4(5755 2690 5737 4300)
4(5756 2690 5583 4324)
4(5756 4326 5753 2690)
4(5756 2690 5755 4329)
4(2191 4329 5755 4299)
4(2191 4324 5756 4329)
4(6245 4565 5737 2690)
4(6245 2690 5753 4566)
4(4565 6245 4566 2287)
4(5755 2690 6245 4568)
4(2288 4300 5755 4568)
4(4568 6245 4565 2288)
4(6245 2690 5756 4584)
4(2297 4584 5756 4326)
4(4584 2297 4566 6245)
4(2298 4568 5755 4329)
4(2298 4329 5756 4584)
4(2298 4584 6245 4568)
4(5757 4302 5584 2691)
4(5757 2691 5739 4303)
4(5758 2691 5584 4327)
4(5758 4329 5755 2691)
4(5758 2691 5757 4332)
4(2192 4332 5757 4302)
4(2192 4327 5758 4332)
4(6225 4567 5739 2691)
4(6225 2691 5755 4568)
4(6225 4568 2288 4567)
4(5757 2691 6225 4570)
4(2289 4303 5757 4570)
4(4570 6225 4567 2289)
4(6225 2691 5758 4586)
4(2298 4586 5758 4329)
4(4586 2298 4568 6225)
4(2299 4570 5757 4332)
4(2299 4332 5758 4586)
4(2299 4586 6225 4570)
4(5759 4305 5586 2692)
4(5759 2692 5741 4306)
4(5760 2692 5586 4330)
4(5760 4332 5757 2692)
4(5760 2692 5759 4335)
4(2193 4335 5759 4305)
4(2193 4330 5760 4335)
4(6201 4569 5741 2692)
4(6201 2692 5757 4570)
4(6201 4570 2289 4569)
4(5759 2692 6201 4572)
4(2290 4306 5759 4572)
4(4572 6201 4569 2290)
4(6201 2692 5760 4588)
4(2299 4588 5760 4332)
4(4588 2299 4570 6201)
4(2300 4572 5759 4335)
4(2300 4335 5760 4588)
4(2300 4588 6201 4572)
4(5916 4307 5588 2693)
4(5916 2693 5742 4308)
4(2184 4307 5916 4308)
4(5761 2693 5588 4333)
4(5761 4335 5759 2693)
4(5916 4337 5761 2693)
4(2194 4333 5761 4337)
4(2194 4337 5916 4307)
4(6174 4571 5742 2693)
4(6174 2693 5759 4572)
4(6174 4572 2290 4571)
4(5916 2693 6174 4573)
4(4573 6174 4571 2291)
4(2291 4308 5916 4573)
4(6174 2693 5761 4590)
4(2300 4590 5761 4335)
4(4590 2300 4572 6174)
4(2301 4337 5761 4590)
4(2301 4590 6174 4573)
4(2301 4573 5916 4337)
4(5763 6631 6778 2694)
4(5763 2694 5591 3102)
4(6719 6626 6778 6631)
4(6265 2694 6778 3149)
4(6265 3150 5744 2694)
4(1488 3150 6265 3149)
4(6265 2694 5763 3154)
4(1509 3154 5763 6631)
4(1509 3149 6265 3154)
4(1509 6631 6778 3149)
4(5762 4310 5591 2694)
4(5762 2694 5744 4311)
4(5763 2694 5762 4340)
4(2195 4340 5762 4310)
4(2195 3102 5763 4340)
4(6265 4575 5762 2694)
4(2292 4311 5762 4575)
4(2292 4575 6265 3150)
4(2302 4575 5762 4340)
4(2302 4340 5763 3154)
4(6265 4575 2302 3154)
4(5764 4313 5592 2695)
4(5764 2695 5746 4314)
4(2186 4309 5592 4313)
4(5765 2695 5592 4338)
4(5765 4340 5762 2695)
4(2195 4338 5592 4310)
4(5765 2695 5764 4343)
4(2196 4343 5764 4313)
4(2196 4338 5765 4343)
4(2196 4313 5592 4338)
4(6264 4574 5746 2695)
4(6264 2695 5762 4575)
4(2292 4574 6264 4575)
4(6264 4577 5764 2695)
4(2293 4314 5764 4577)
4(2293 4577 6264 4574)
4(6264 2695 5765 4593)
4(2302 4593 5765 4340)
4(2302 4575 6264 4593)
4(2303 4577 5764 4343)
4(2303 4343 5765 4593)
4(6264 4577 2303 4593)
4(5766 4316 5593 2696)
4(5766 2696 5748 4317)
4(5767 2696 5593 4341)
4(5767 4343 5764 2696)
4(5767 2696 5766 4346)
4(2197 4346 5766 4316)
4(2197 4341 5767 4346)
4(6263 4576 5748 2696)
4(6263 2696 5764 4577)
4(2293 4576 6263 4577)
4(6263 4579 5766 2696)
4(2294 4317 5766 4579)
4(2294 4579 6263 4576)
4(6263 2696 5767 4595)
4(2303 4595 5767 4343)
4(2303 4577 6263 4595)
4(2304 4579 5766 4346)
4(2304 4346 5767 4595)
4(6263 4579 2304 4595)
4(5768 4319 5594 2697)
4(5768 2697 5750 4320)
4(5769 2697 5594 4344)
4(5769 4346 5766 2697)
4(5769 2697 5768 4349)
4(2198 4349 5768 4319)
4(2198 4344 5769 4349)
4(6262 4578 5750 2697)
4(6262 2697 5766 4579)
4(4578 6262 4579 2294)
4(6262 4581 5768 2697)
4(2295 4320 5768 4581)
4(2295 4581 6262 4578)
4(6262 2697 5769 4597)
4(2304 4597 5769 4346)
4(2304 4579 6262 4597)
4(2305 4581 5768 4349)
4(2305 4349 5769 4597)
4(4581 2305 4597 6262)
4(5770 4322 5595 2698)
4(5770 2698 5752 4323)
4(5771 2698 5595 4347)
4(5771 4349 5768 2698)
4(5771 2698 5770 4352)
4(2199 4352 5770 4322)
4(2199 4347 5771 4352)
4(6261 4580 5752 2698)
4(6261 2698 5768 4581)
4(4580 6261 4581 2295)
4(6261 4583 5770 2698)
4(2296 4323 5770 4583)
4(2296 4583 6261 4580)
4(6261 2698 5771 4599)
4(2305 4599 5771 4349)
4(6261 4599 2305 4581)
4(2306 4583 5770 4352)
4(2306 4352 5771 4599)
4(4583 2306 4599 6261)
4(5772 4325 5596 2699)
4(5772 2699 5754 4326)
4(5773 2699 5596 4350)
4(5773 4352 5770 2699)
4(5773 2699 5772 4355)
4(2200 4355 5772 4325)
4(2200 4350 5773 4355)
4(6260 4582 5754 2699)
4(6260 2699 5770 4583)
4(4582 6260 4583 2296)
4(5772 2699 6260 4585)
4(2297 4326 5772 4585)
4(4585 6260 4582 2297)
4(6260 2699 5773 4601)
4(2306 4601 5773 4352)
4(4601 2306 4583 6260)
4(2307 4585 5772 4355)
4(2307 4355 5773 4601)
4(2307 4601 6260 4585)
4(5774 4328 5597 2700)
4(5774 2700 5756 4329)
4(5775 2700 5597 4353)
4(5775 4355 5772 2700)
4(5775 2700 5774 4358)
4(2201 4358 5774 4328)
4(2201 4353 5775 4358)
4(6244 4584 5756 2700)
4(6244 2700 5772 4585)
4(6244 4585 2297 4584)
4(5774 2700 6244 4587)
4(2298 4329 5774 4587)
4(4587 6244 4584 2298)
4(6244 2700 5775 4603)
4(2307 4603 5775 4355)
4(4603 2307 4585 6244)
4(2308 4587 5774 4358)
4(2308 4358 5775 4603)
4(2308 4603 6244 4587)
4(5776 4331 5598 2701)
4(5776 2701 5758 4332)
4(5777 2701 5598 4356)
4(5777 4358 5774 2701)
4(5777 2701 5776 4361)
4(2202 4361 5776 4331)
4(2202 4356 5777 4361)
4(6224 4586 5758 2701)
4(6224 2701 5774 4587)
4(6224 4587 2298 4586)
4(5776 2701 6224 4589)
4(2299 4332 5776 4589)
4(4589 6224 4586 2299)
4(6224 2701 5777 4605)
4(2308 4605 5777 4358)
4(4605 2308 4587 6224)
4(2309 4589 5776 4361)
4(2309 4361 5777 4605)
4(2309 4605 6224 4589)
4(5778 4334 5600 2702)
4(5778 2702 5760 4335)
4(5779 2702 5600 4359)
4(5779 4361 5776 2702)
4(5779 2702 5778 4364)
4(2203 4364 5778 4334)
4(2203 4359 5779 4364)
4(6200 4588 5760 2702)
4(6200 2702 5776 4589)
4(6200 4589 2299 4588)
4(5778 2702 6200 4591)
4(2300 4335 5778 4591)
4(4591 6200 4588 2300)
4(6200 2702 5779 4607)
4(2309 4607 5779 4361)
4(4607 2309 4589 6200)
4(2310 4591 5778 4364)
4(2310 4364 5779 4607)
4(2310 4607 6200 4591)
4(5917 4336 5602 2703)
4(5917 2703 5761 4337)
4(2194 4336 5917 4337)
4(5780 2703 5602 4362)
4(5780 4364 5778 2703)
4(5917 4366 5780 2703)
4(2204 4362 5780 4366)
4(2204 4366 5917 4336)
4(6173 4590 5761 2703)
4(6173 2703 5778 4591)
4(6173 4591 2300 4590)
4(5917 2703 6173 4592)
4(2301 4337 5917 4592)
4(4592 6173 4590 2301)
4(6173 2703 5780 4609)
4(2310 4609 5780 4364)
4(4609 2310 4591 6173)
3(4366 5780 4609)
4(5782 6636 6780 2704)
4(5782 2704 5605 3108)
4(6735 6630 6780 6636)
4(6254 2704 6780 3153)
4(6254 3154 5763 2704)
4(1509 3153 6780 6631)
4(1509 3154 6254 3153)
4(5782 3158 6254 2704)
4(1530 3158 5782 6636)
4(1530 3153 6254 3158)
4(1530 6636 6780 3153)
4(5781 4339 5605 2704)
4(5781 2704 5763 4340)
4(5782 2704 5781 4369)
4(2205 4369 5781 4339)
4(2205 3108 5782 4369)
4(6254 4594 5781 2704)
4(2302 4340 5781 4594)
4(6254 3154 2302 4594)
4(2311 4594 5781 4369)
4(2311 4369 5782 3158)
4(6254 4594 2311 3158)
4(5783 4342 5606 2705)
4(5783 2705 5765 4343)
4(2196 4338 5606 4342)
4(5784 2705 5606 4367)
4(5784 4369 5781 2705)
4(2205 4367 5606 4339)
4(5784 2705 5783 4372)
4(2206 4372 5783 4342)
4(2206 4367 5784 4372)
4(2206 4342 5606 4367)
4(6255 4593 5765 2705)
4(6255 2705 5781 4594)
4(2302 4593 6255 4594)
4(6255 4596 5783 2705)
4(2303 4343 5783 4596)
4(6255 4593 2303 4596)
4(5784 4611 6255 2705)
4(2311 4611 5784 4369)
4(2311 4594 6255 4611)
4(2312 4596 5783 4372)
4(2312 4372 5784 4611)
4(6255 4596 2312 4611)
4(5785 4345 5607 2706)
4(5785 2706 5767 4346)
4(5786 2706 5607 4370)
4(5786 4372 5783 2706)
4(5786 2706 5785 4375)
4(2207 4375 5785 4345)
4(2207 4370 5786 4375)
4(6256 4595 5767 2706)
4(6256 2706 5783 4596)
4(2303 4595 6256 4596)
4(6256 4598 5785 2706)
4(2304 4346 5785 4598)
4(6256 4595 2304 4598)
4(5786 4613 6256 2706)
4(2312 4613 5786 4372)
4(2312 4596 6256 4613)
4(2313 4598 5785 4375)
4(2313 4375 5786 4613)
4(6256 4598 2313 4613)
4(5787 4348 5608 2707)
4(5787 2707 5769 4349)
4(5788 2707 5608 4373)
4(5788 4375 5785 2707)
4(5788 2707 5787 4378)
4(2208 4378 5787 4348)
4(2208 4373 5788 4378)
4(6257 4597 5769 2707)
4(6257 2707 5785 4598)
4(2304 4597 6257 4598)
4(6257 4600 5787 2707)
4(2305 4349 5787 4600)
4(6257 4597 2305 4600)
4(5788 4615 6257 2707)
4(2313 4615 5788 4375)
4(2313 4598 6257 4615)
4(2314 4600 5787 4378)
4(2314 4378 5788 4615)
4(4615 6257 4600 2314)
4(5789 4351 5609 2708)
4(5789 2708 5771 4352)
4(5790 2708 5609 4376)
4(5790 4378 5787 2708)
4(5790 2708 5789 4381)
4(2209 4381 5789 4351)
4(2209 4376 5790 4381)
4(6258 4599 5771 2708)
4(6258 2708 5787 4600)
4(4600 2305 4599 6258)
4(6258 4602 5789 2708)
4(2306 4352 5789 4602)
4(6258 4599 2306 4602)
4(5790 4617 6258 2708)
4(2314 4617 5790 4378)
4(2314 4600 6258 4617)
4(2315 4602 5789 4381)
4(2315 4381 5790 4617)
4(4617 6258 4602 2315)
4(5791 4354 5610 2709)
4(5791 2709 5773 4355)
4(5792 2709 5610 4379)
4(5792 4381 5789 2709)
4(5792 2709 5791 4384)
4(2210 4384 5791 4354)
4(2210 4379 5792 4384)
4(6259 4601 5773 2709)
4(6259 2709 5789 4602)
4(4602 2306 4601 6259)
4(6259 4604 5791 2709)
4(2307 4355 5791 4604)
4(4604 6259 4601 2307)
4(5792 4619 6259 2709)
4(2315 4619 5792 4381)
4(2315 4602 6259 4619)
4(2316 4604 5791 4384)
4(2316 4384 5792 4619)
4(4619 6259 4604 2316)
4(5793 4357 5611 2710)
4(5793 2710 5775 4358)
4(5794 2710 5611 4382)
4(5794 4384 5791 2710)
4(5794 2710 5793 4387)
4(2211 4387 5793 4357)
4(2211 4382 5794 4387)
4(6243 4603 5775 2710)
4(6243 2710 5791 4604)
4(6243 4604 2307 4603)
4(5793 2710 6243 4606)
4(2308 4358 5793 4606)
4(4606 6243 4603 2308)
4(6243 2710 5794 4621)
4(2316 4621 5794 4384)
4(4621 2316 4604 6243)
4(2317 4606 5793 4387)
4(2317 4387 5794 4621)
4(2317 4621 6243 4606)
4(5795 4360 5612 2711)
4(5795 2711 5777 4361)
4(5796 2711 5612 4385)
4(5796 4387 5793 2711)
4(5796 2711 5795 4390)
4(2212 4390 5795 4360)
4(2212 4385 5796 4390)
4(6223 4605 5777 2711)
4(6223 2711 5793 4606)
4(6223 4606 2308 4605)
4(5795 2711 6223 4608)
4(2309 4361 5795 4608)
4(4608 6223 4605 2309)
4(6223 2711 5796 4623)
4(2317 4623 5796 4387)
4(4623 2317 4606 6223)
4(2318 4608 5795 4390)
4(2318 4390 5796 4623)
4(2318 4623 6223 4608)
4(5797 4363 5614 2712)
4(5797 2712 5779 4364)
4(5798 2712 5614 4388)
4(5798 4390 5795 2712)
4(5798 2712 5797 4393)
4(2213 4393 5797 4363)
4(2213 4388 5798 4393)
4(6199 4607 5779 2712)
4(6199 2712 5795 4608)
4(6199 4608 2309 4607)
4(5797 2712 6199 4610)
4(2310 4364 5797 4610)
4(4610 6199 4607 2310)
4(6199 2712 5798 4625)
4(2318 4625 5798 4390)
4(4625 2318 4608 6199)
4(2319 4610 5797 4393)
4(2319 4393 5798 4625)
4(2319 4625 6199 4610)
4(5918 4365 5616 2713)
4(5918 2713 5780 4366)
4(2204 4365 5918 4366)
4(5799 2713 5616 4391)
4(5799 4393 5797 2713)
4(5918 4395 5799 2713)
4(2214 4391 5799 4395)
4(2214 4395 5918 4365)
4(6172 4609 5780 2713)
4(6172 2713 5797 4610)
4(6172 4610 2310 4609)
3(5918 2713 6172)
4(6172 4609 4366 5918)
4(6172 2713 5799 4627)
4(2319 4627 5799 4393)
4(4627 2319 4610 6172)
3(4395 5799 4627)
4(5918 4395 4627 6172)
4(5801 6639 6782 2714)
4(5801 2714 5619 3114)
4(6749 6634 6782 6639)
4(6236 2714 6782 3157)
4(6236 3158 5782 2714)
4(5801 3162 6236 2714)
4(1551 3162 5801 6639)
4(1551 3157 6236 3162)
4(1551 6639 6782 3157)
4(5800 4368 5619 2714)
4(5800 2714 5782 4369)
4(5801 2714 5800 4398)
4(2215 4398 5800 4368)
4(2215 3114 5801 4398)
4(6236 4612 5800 2714)
4(2311 4369 5800 4612)
4(6236 3158 2311 4612)
4(2320 4612 5800 4398)
4(2320 4398 5801 3162)
4(6236 4612 2320 3162)
4(5802 4371 5620 2715)
4(5802 2715 5784 4372)
4(2206 4367 5620 4371)
4(5803 2715 5620 4396)
4(5803 4398 5800 2715)
4(2215 4396 5620 4368)
4(5803 2715 5802 4401)
4(2216 4401 5802 4371)
4(2216 4396 5803 4401)
4(2216 4371 5620 4396)
4(6237 4611 5784 2715)
4(6237 2715 5800 4612)
4(2311 4611 6237 4612)
4(6237 4614 5802 2715)
4(2312 4372 5802 4614)
4(6237 4611 2312 4614)
4(5803 4629 6237 2715)
4(2320 4629 5803 4398)
4(2320 4612 6237 4629)
4(2321 4614 5802 4401)
4(2321 4401 5803 4629)
4(6237 4614 2321 4629)
4(5804 4374 5621 2716)
4(5804 2716 5786 4375)
4(5805 2716 5621 4399)
4(5805 4401 5802 2716)
4(5805 2716 5804 4404)
4(2217 4404 5804 4374)
4(2217 4399 5805 4404)
4(6238 4613 5786 2716)
4(6238 2716 5802 4614)
4(2312 4613 6238 4614)
4(6238 4616 5804 2716)
4(2313 4375 5804 4616)
4(6238 4613 2313 4616)
4(5805 4631 6238 2716)
4(2321 4631 5805 4401)
4(2321 4614 6238 4631)
4(2322 4616 5804 4404)
4(2322 4404 5805 4631)
4(4631 6238 4616 2322)
4(5806 4377 5622 2717)
4(5806 2717 5788 4378)
4(5807 2717 5622 4402)
4(5807 4404 5804 2717)
4(5807 2717 5806 4407)
4(2218 4407 5806 4377)
4(2218 4402 5807 4407)
4(6239 4615 5788 2717)
4(6239 2717 5804 4616)
4(4616 2313 4615 6239)
4(6239 4618 5806 2717)
4(2314 4378 5806 4618)
4(6239 4615 2314 4618)
4(5807 4633 6239 2717)
4(2322 4633 5807 4404)
4(2322 4616 6239 4633)
4(2323 4618 5806 4407)
4(2323 4407 5807 4633)
4(4633 6239 4618 2323)
4(5808 4380 5623 2718)
4(5808 2718 5790 4381)
4(5809 2718 5623 4405)
4(5809 4407 5806 2718)
4(5809 2718 5808 4410)
4(2219 4410 5808 4380)
4(2219 4405 5809 4410)
4(6240 4617 5790 2718)
4(6240 2718 5806 4618)
4(4618 2314 4617 6240)
4(6240 4620 5808 2718)
4(2315 4381 5808 4620)
4(6240 4617 2315 4620)
4(5809 4635 6240 2718)
4(2323 4635 5809 4407)
4(2323 4618 6240 4635)
4(2324 4620 5808 4410)
4(2324 4410 5809 4635)
4(4635 6240 4620 2324)
4(5810 4383 5624 2719)
4(5810 2719 5792 4384)
4(5811 2719 5624 4408)
4(5811 4410 5808 2719)
4(5811 2719 5810 4413)
4(2220 4413 5810 4383)
4(2220 4408 5811 4413)
4(6241 4619 5792 2719)
4(6241 2719 5808 4620)
4(4620 2315 4619 6241)
4(6241 4622 5810 2719)
4(2316 4384 5810 4622)
4(6241 4619 2316 4622)
4(5811 4637 6241 2719)
4(2324 4637 5811 4410)
4(2324 4620 6241 4637)
4(2325 4622 5810 4413)
4(2325 4413 5811 4637)
4(4637 6241 4622 2325)
4(5812 4386 5625 2720)
4(5812 2720 5794 4387)
4(5813 2720 5625 4411)
4(5813 4413 5810 2720)
4(5813 2720 5812 4416)
4(2221 4416 5812 4386)
4(2221 4411 5813 4416)
4(6242 4621 5794 2720)
4(6242 2720 5810 4622)
4(4622 2316 4621 6242)
4(6242 4624 5812 2720)
4(2317 4387 5812 4624)
4(4624 6242 4621 2317)
4(5813 4639 6242 2720)
4(2325 4639 5813 4413)
4(2325 4622 6242 4639)
4(2326 4624 5812 4416)
4(2326 4416 5813 4639)
4(4639 6242 4624 2326)
4(5814 4389 5626 2721)
4(5814 2721 5796 4390)
4(5815 2721 5626 4414)
4(5815 4416 5812 2721)
4(5815 2721 5814 4419)
4(2222 4419 5814 4389)
4(2222 4414 5815 4419)
4(6222 4623 5796 2721)
4(6222 2721 5812 4624)
4(6222 4624 2317 4623)
4(5814 2721 6222 4626)
4(2318 4390 5814 4626)
4(4626 6222 4623 2318)
4(6222 2721 5815 4641)
4(2326 4641 5815 4416)
4(4641 2326 4624 6222)
4(2327 4626 5814 4419)
4(2327 4419 5815 4641)
4(2327 4641 6222 4626)
4(5816 4392 5628 2722)
4(5816 2722 5798 4393)
4(5817 2722 5628 4417)
4(5817 4419 5814 2722)
4(5817 2722 5816 4422)
4(2223 4422 5816 4392)
4(2223 4417 5817 4422)
4(6198 4625 5798 2722)
4(6198 2722 5814 4626)
4(6198 4626 2318 4625)
4(5816 2722 6198 4628)
4(2319 4393 5816 4628)
4(4628 6198 4625 2319)
4(6198 2722 5817 4643)
4(2327 4643 5817 4419)
4(4643 2327 4626 6198)
4(2328 4628 5816 4422)
4(2328 4422 5817 4643)
4(2328 4643 6198 4628)
4(5919 4394 5630 2723)
4(5919 2723 5799 4395)
4(2214 4394 5919 4395)
4(5818 2723 5630 4420)
4(5818 4422 5816 2723)
4(5919 4424 5818 2723)
4(2224 4420 5818 4424)
4(2224 4424 5919 4394)
4(6171 4627 5799 2723)
4(6171 2723 5816 4628)
4(6171 4628 2319 4627)
3(5919 2723 6171)
4(6171 4627 4395 5919)
4(6171 2723 5818 4645)
4(2328 4645 5818 4422)
4(4645 2328 4628 6171)
4(2329 4424 5818 4645)
5(2329 4645 6171 5919 4424)
4(5820 6642 6785 2724)
4(5820 2724 5633 3120)
4(6759 6638 6785 6642)
4(6214 2724 6785 3161)
4(6214 3162 5801 2724)
4(1551 3162 6214 3161)
4(1551 3161 6785 6639)
4(5820 3166 6214 2724)
4(1572 3166 5820 6642)
4(1572 3161 6214 3166)
4(1572 6642 6785 3161)
4(5819 4397 5633 2724)
4(5819 2724 5801 4398)
4(5820 2724 5819 4427)
4(2225 4427 5819 4397)
4(2225 3120 5820 4427)
4(6214 4630 5819 2724)
4(2320 4398 5819 4630)
4(6214 3162 2320 4630)
4(2330 4630 5819 4427)
4(2330 4427 5820 3166)
4(6214 4630 2330 3166)
4(5821 4400 5634 2725)
4(5821 2725 5803 4401)
4(2216 4396 5634 4400)
4(5822 2725 5634 4425)
4(5822 4427 5819 2725)
4(2225 4425 5634 4397)
4(5822 2725 5821 4430)
4(2226 4430 5821 4400)
4(2226 4425 5822 4430)
4(2226 4400 5634 4425)
4(6215 4629 5803 2725)
4(6215 2725 5819 4630)
4(2320 4629 6215 4630)
4(6215 4632 5821 2725)
4(2321 4401 5821 4632)
4(6215 4629 2321 4632)
4(5822 4648 6215 2725)
4(2330 4648 5822 4427)
4(2330 4630 6215 4648)
4(2331 4632 5821 4430)
4(2331 4430 5822 4648)
4(4648 6215 4632 2331)
4(5823 4403 5635 2726)
4(5823 2726 5805 4404)
4(5824 2726 5635 4428)
4(5824 4430 5821 2726)
4(5824 2726 5823 4433)
4(2227 4433 5823 4403)
4(2227 4428 5824 4433)
4(6216 4631 5805 2726)
4(6216 2726 5821 4632)
4(4632 2321 4631 6216)
4(6216 4634 5823 2726)
4(2322 4404 5823 4634)
4(6216 4631 2322 4634)
4(5824 4650 6216 2726)
4(2331 4650 5824 4430)
4(2331 4632 6216 4650)
4(2332 4634 5823 4433)
4(2332 4433 5824 4650)
4(4650 6216 4634 2332)
4(5825 4406 5636 2727)
4(5825 2727 5807 4407)
4(5826 2727 5636 4431)
4(5826 4433 5823 2727)
4(5826 2727 5825 4436)
4(2228 4436 5825 4406)
4(2228 4431 5826 4436)
4(6217 4633 5807 2727)
4(6217 2727 5823 4634)
4(4634 2322 4633 6217)
4(6217 4636 5825 2727)
4(2323 4407 5825 4636)
4(6217 4633 2323 4636)
4(5826 4652 6217 2727)
4(2332 4652 5826 4433)
4(2332 4634 6217 4652)
4(2333 4636 5825 4436)
4(2333 4436 5826 4652)
4(4652 6217 4636 2333)
4(5827 4409 5637 2728)
4(5827 2728 5809 4410)
4(5828 2728 5637 4434)
4(5828 4436 5825 2728)
4(5828 2728 5827 4439)
4(2229 4439 5827 4409)
4(2229 4434 5828 4439)
4(6218 4635 5809 2728)
4(6218 2728 5825 4636)
4(4636 2323 4635 6218)
4(6218 4638 5827 2728)
4(2324 4410 5827 4638)
4(6218 4635 2324 4638)
4(5828 4654 6218 2728)
4(2333 4654 5828 4436)
4(2333 4636 6218 4654)
4(2334 4638 5827 4439)
4(2334 4439 5828 4654)
4(4654 6218 4638 2334)
4(5829 4412 5638 2729)
4(5829 2729 5811 4413)
4(5830 2729 5638 4437)
4(5830 4439 5827 2729)
4(5830 2729 5829 4442)
4(2230 4442 5829 4412)
4(2230 4437 5830 4442)
4(6219 4637 5811 2729)
4(6219 2729 5827 4638)
4(4638 2324 4637 6219)
4(6219 4640 5829 2729)
4(2325 4413 5829 4640)
4(6219 4637 2325 4640)
4(5830 4656 6219 2729)
4(2334 4656 5830 4439)
4(2334 4638 6219 4656)
4(2335 4640 5829 4442)
4(2335 4442 5830 4656)
4(4656 6219 4640 2335)
4(5831 4415 5639 2730)
4(5831 2730 5813 4416)
4(5832 2730 5639 4440)
4(5832 4442 5829 2730)
4(5832 2730 5831 4445)
4(2231 4445 5831 4415)
4(2231 4440 5832 4445)
4(6220 4639 5813 2730)
4(6220 2730 5829 4640)
4(4640 2325 4639 6220)
4(6220 4642 5831 2730)
4(2326 4416 5831 4642)
4(6220 4639 2326 4642)
4(5832 4658 6220 2730)
4(2335 4658 5832 4442)
4(2335 4640 6220 4658)
4(2336 4642 5831 4445)
4(2336 4445 5832 4658)
4(4658 6220 4642 2336)
4(5833 4418 5640 2731)
4(5833 2731 5815 4419)
4(5834 2731 5640 4443)
4(5834 4445 5831 2731)
4(5834 2731 5833 4448)
4(2232 4448 5833 4418)
4(2232 4443 5834 4448)
4(6221 4641 5815 2731)
4(6221 2731 5831 4642)
4(4642 2326 4641 6221)
4(6221 4644 5833 2731)
4(2327 4419 5833 4644)
4(4644 6221 4641 2327)
4(5834 4660 6221 2731)
4(2336 4660 5834 4445)
4(2336 4642 6221 4660)
4(2337 4644 5833 4448)
4(2337 4448 5834 4660)
4(4660 6221 4644 2337)
4(5835 4421 5642 2732)
4(5835 2732 5817 4422)
4(5836 2732 5642 4446)
4(5836 4448 5833 2732)
4(5836 2732 5835 4451)
4(2233 4451 5835 4421)
4(2233 4446 5836 4451)
4(6197 4643 5817 2732)
4(6197 2732 5833 4644)
4(6197 4644 2327 4643)
4(5835 2732 6197 4646)
4(2328 4422 5835 4646)
4(4646 6197 4643 2328)
4(6197 2732 5836 4662)
4(2337 4662 5836 4448)
4(4662 2337 4644 6197)
4(2338 4646 5835 4451)
4(2338 4451 5836 4662)
4(2338 4662 6197 4646)
4(5920 4423 5644 2733)
4(5920 2733 5818 4424)
4(2224 4423 5920 4424)
4(5837 2733 5644 4449)
4(5837 4451 5835 2733)
4(5920 4453 5837 2733)
4(2234 4449 5837 4453)
4(2234 4453 5920 4423)
4(6170 4645 5818 2733)
4(6170 2733 5835 4646)
4(6170 4646 2328 4645)
4(5920 2733 6170 4647)
4(2329 4424 5920 4647)
4(4647 6170 4645 2329)
4(6170 2733 5837 4664)
4(2338 4664 5837 4451)
4(4664 2338 4646 6170)
4(2339 4453 5837 4664)
4(2339 4647 5920 4453)
4(2339 4664 6170 4647)
4(5839 6646 6786 2734)
4(5839 2734 5647 3126)
4(6777 6641 6786 6646)
4(6188 2734 6786 3165)
4(6188 3166 5820 2734)
4(1572 3165 6786 6642)
4(1572 3166 6188 3165)
4(5839 3170 6188 2734)
4(1593 3170 5839 6646)
4(1593 3165 6188 3170)
4(1593 6646 6786 3165)
4(5838 4426 5647 2734)
4(5838 2734 5820 4427)
4(5839 2734 5838 4456)
4(2235 4456 5838 4426)
4(2235 3126 5839 4456)
4(6188 4649 5838 2734)
4(2330 4427 5838 4649)
4(6188 3166 2330 4649)
4(2340 4649 5838 4456)
4(2340 4456 5839 3170)
4(3170 6188 4649 2340)
4(5840 4429 5649 2735)
4(5840 2735 5822 4430)
4(2226 4425 5649 4429)
4(5841 2735 5649 4454)
4(5841 4456 5838 2735)
4(2235 4454 5649 4426)
4(5841 2735 5840 4459)
4(2236 4459 5840 4429)
4(2236 4454 5841 4459)
4(2236 4429 5649 4454)
4(6189 4648 5822 2735)
4(6189 2735 5838 4649)
4(4649 2330 4648 6189)
4(6189 4651 5840 2735)
4(2331 4430 5840 4651)
4(6189 4648 2331 4651)
4(5841 4667 6189 2735)
4(2340 4667 5841 4456)
4(2340 4649 6189 4667)
4(2341 4651 5840 4459)
4(2341 4459 5841 4667)
4(4667 6189 4651 2341)
4(5842 4432 5651 2736)
4(5842 2736 5824 4433)
4(5843 2736 5651 4457)
4(5843 4459 5840 2736)
4(5843 2736 5842 4462)
4(2237 4462 5842 4432)
4(2237 4457 5843 4462)
4(6190 4650 5824 2736)
4(6190 2736 5840 4651)
4(4651 2331 4650 6190)
4(6190 4653 5842 2736)
4(2332 4433 5842 4653)
4(6190 4650 2332 4653)
4(5843 4669 6190 2736)
4(2341 4669 5843 4459)
4(2341 4651 6190 4669)
4(2342 4653 5842 4462)
4(2342 4462 5843 4669)
4(4669 6190 4653 2342)
4(5844 4435 5653 2737)
4(5844 2737 5826 4436)
4(5845 2737 5653 4460)
4(5845 4462 5842 2737)
4(5845 2737 5844 4465)
4(2238 4465 5844 4435)
4(2238 4460 5845 4465)
4(6191 4652 5826 2737)
4(6191 2737 5842 4653)
4(4653 2332 4652 6191)
4(6191 4655 5844 2737)
4(2333 4436 5844 4655)
4(6191 4652 2333 4655)
4(5845 4671 6191 2737)
4(2342 4671 5845 4462)
4(2342 4653 6191 4671)
4(2343 4655 5844 4465)
4(2343 4465 5845 4671)
4(4671 6191 4655 2343)
4(5846 4438 5655 2738)
4(5846 2738 5828 4439)
4(5847 2738 5655 4463)
4(5847 4465 5844 2738)
4(5847 2738 5846 4468)
4(2239 4468 5846 4438)
4(2239 4463 5847 4468)
4(6192 4654 5828 2738)
4(6192 2738 5844 4655)
4(4655 2333 4654 6192)
4(6192 4657 5846 2738)
4(2334 4439 5846 4657)
4(6192 4654 2334 4657)
4(5847 4673 6192 2738)
4(2343 4673 5847 4465)
4(2343 4655 6192 4673)
4(2344 4657 5846 4468)
4(2344 4468 5847 4673)
4(4673 6192 4657 2344)
4(5848 4441 5657 2739)
4(5848 2739 5830 4442)
4(5849 2739 5657 4466)
4(5849 4468 5846 2739)
4(5849 2739 5848 4471)
4(2240 4471 5848 4441)
4(2240 4466 5849 4471)
4(6193 4656 5830 2739)
4(6193 2739 5846 4657)
4(4657 2334 4656 6193)
4(6193 4659 5848 2739)
4(2335 4442 5848 4659)
4(6193 4656 2335 4659)
4(5849 4675 6193 2739)
4(2344 4675 5849 4468)
4(2344 4657 6193 4675)
4(2345 4659 5848 4471)
4(2345 4471 5849 4675)
4(4675 6193 4659 2345)
4(5850 4444 5659 2740)
4(5850 2740 5832 4445)
4(5851 2740 5659 4469)
4(5851 4471 5848 2740)
4(5851 2740 5850 4474)
4(2241 4474 5850 4444)
4(2241 4469 5851 4474)
4(6194 4658 5832 2740)
4(6194 2740 5848 4659)
4(4659 2335 4658 6194)
4(6194 4661 5850 2740)
4(2336 4445 5850 4661)
4(6194 4658 2336 4661)
4(5851 4677 6194 2740)
4(2345 4677 5851 4471)
4(2345 4659 6194 4677)
4(2346 4661 5850 4474)
4(2346 4474 5851 4677)
4(4677 6194 4661 2346)
4(5852 4447 5661 2741)
4(5852 2741 5834 4448)
4(5853 2741 5661 4472)
4(5853 4474 5850 2741)
4(5853 2741 5852 4477)
4(2242 4477 5852 4447)
4(2242 4472 5853 4477)
4(6195 4660 5834 2741)
4(6195 2741 5850 4661)
4(4661 2336 4660 6195)
4(6195 4663 5852 2741)
4(2337 4448 5852 4663)
4(6195 4660 2337 4663)
4(5853 4679 6195 2741)
4(2346 4679 5853 4474)
4(2346 4661 6195 4679)
4(2347 4663 5852 4477)
4(2347 4477 5853 4679)
4(4679 6195 4663 2347)
4(5854 4450 5664 2742)
4(5854 2742 5836 4451)
4(5855 2742 5664 4475)
4(5855 4477 5852 2742)
4(5855 2742 5854 4480)
4(2243 4480 5854 4450)
4(2243 4475 5855 4480)
4(6196 4662 5836 2742)
4(6196 2742 5852 4663)
4(4663 2337 4662 6196)
4(6196 4665 5854 2742)
4(2338 4451 5854 4665)
4(4665 6196 4662 2338)
4(5855 4681 6196 2742)
4(2347 4681 5855 4477)
4(2347 4663 6196 4681)
4(2348 4665 5854 4480)
4(2348 4480 5855 4681)
4(4681 6196 4665 2348)
4(5921 4452 5666 2743)
4(5921 2743 5837 4453)
4(2234 4452 5921 4453)
4(5856 2743 5666 4478)
4(5856 4480 5854 2743)
4(5921 4482 5856 2743)
4(2244 4478 5856 4482)
4(2244 4482 5921 4452)
4(6169 4664 5837 2743)
4(6169 2743 5854 4665)
4(6169 4665 2338 4664)
4(5921 2743 6169 4666)
4(4666 6169 4664 2339)
4(2339 4453 5921 4666)
4(6169 2743 5856 4683)
4(2348 4683 5856 4480)
4(4683 2348 4665 6169)
3(4482 5856 4683)
5(4683 6169 4666 5921 4482)
4(6007 3129 6788 2744)
4(6007 2744 5668 3130)
4(1384 6645 6788 3129)
4(6007 3130 1384 3129)
4(6159 2744 6788 3169)
4(6159 3170 5839 2744)
4(1593 3169 6788 6646)
4(3169 1593 3170 6159)
3(6007 6159 2744)
4(5857 4455 5668 2744)
4(5857 2744 5839 4456)
4(6007 2744 5857 4484)
4(2245 4484 5857 4455)
4(4484 2245 3130 6007)
4(6159 4668 5857 2744)
4(2340 4456 5857 4668)
4(6159 3170 2340 4668)
3(4668 5857 4484)
4(4484 6007 6159 4668)
4(5858 4458 5670 2745)
4(5858 2745 5841 4459)
4(6006 2745 5670 4483)
4(6006 4484 5857 2745)
4(6006 4483 2245 4484)
4(6006 2745 5858 4486)
4(2246 4486 5858 4458)
4(4486 2246 4483 6006)
4(6160 4667 5841 2745)
4(6160 2745 5857 4668)
4(4668 2340 4667 6160)
4(6160 4670 5858 2745)
4(2341 4459 5858 4670)
4(6160 4667 2341 4670)
4(6006 4685 6160 2745)
5(4668 6160 4685 6006 4484)
4(2349 4670 5858 4486)
4(2349 4486 6006 4685)
4(4685 6160 4670 2349)
4(5859 4461 5672 2746)
4(5859 2746 5843 4462)
4(6005 2746 5672 4485)
4(6005 4486 5858 2746)
4(6005 4485 2246 4486)
4(6005 2746 5859 4488)
4(2247 4488 5859 4461)
4(4488 2247 4485 6005)
4(6161 4669 5843 2746)
4(6161 2746 5858 4670)
4(4670 2341 4669 6161)
4(6161 4672 5859 2746)
4(2342 4462 5859 4672)
4(6161 4669 2342 4672)
4(6005 4686 6161 2746)
4(2349 4670 6161 4686)
4(4686 6005 4486 2349)
4(2350 4672 5859 4488)
4(4686 6161 4672 2350)
4(2350 4488 6005 4686)
4(5860 4464 5674 2747)
4(5860 2747 5845 4465)
4(6004 2747 5674 4487)
4(6004 4488 5859 2747)
4(6004 4487 2247 4488)
4(6004 2747 5860 4490)
4(2248 4490 5860 4464)
4(4490 2248 4487 6004)
4(6162 4671 5845 2747)
4(6162 2747 5859 4672)
4(4672 2342 4671 6162)
4(6162 4674 5860 2747)
4(2343 4465 5860 4674)
4(6162 4671 2343 4674)
4(6004 4687 6162 2747)
4(2350 4672 6162 4687)
4(4687 6004 4488 2350)
4(2351 4674 5860 4490)
4(2351 4490 6004 4687)
4(4687 6162 4674 2351)
4(5861 4467 5676 2748)
4(5861 2748 5847 4468)
4(6003 2748 5676 4489)
4(6003 4490 5860 2748)
4(6003 4489 2248 4490)
4(6003 2748 5861 4492)
4(2249 4492 5861 4467)
4(4492 2249 4489 6003)
4(6163 4673 5847 2748)
4(6163 2748 5860 4674)
4(4674 2343 4673 6163)
4(6163 4676 5861 2748)
4(2344 4468 5861 4676)
4(6163 4673 2344 4676)
4(6003 4688 6163 2748)
4(4688 6003 4490 2351)
4(2351 4674 6163 4688)
4(2352 4676 5861 4492)
4(2352 4492 6003 4688)
4(4688 6163 4676 2352)
4(5862 4470 5678 2749)
4(5862 2749 5849 4471)
4(6002 2749 5678 4491)
4(6002 4492 5861 2749)
4(6002 4491 2249 4492)
4(6002 2749 5862 4494)
4(2250 4494 5862 4470)
4(4494 2250 4491 6002)
4(6164 4675 5849 2749)
4(6164 2749 5861 4676)
4(4676 2344 4675 6164)
4(6164 4678 5862 2749)
4(2345 4471 5862 4678)
4(6164 4675 2345 4678)
4(6002 4689 6164 2749)
4(2352 4676 6164 4689)
4(4689 6002 4492 2352)
4(2353 4678 5862 4494)
4(2353 4494 6002 4689)
4(4689 6164 4678 2353)
4(5863 4473 5680 2750)
4(5863 2750 5851 4474)
4(6001 2750 5680 4493)
4(6001 4494 5862 2750)
4(6001 4493 2250 4494)
4(6001 2750 5863 4496)
4(2251 4496 5863 4473)
4(4496 2251 4493 6001)
4(6165 4677 5851 2750)
4(6165 2750 5862 4678)
4(4678 2345 4677 6165)
4(6165 4680 5863 2750)
4(2346 4474 5863 4680)
4(6165 4677 2346 4680)
4(6001 4690 6165 2750)
4(2353 4678 6165 4690)
4(4690 6001 4494 2353)
4(2354 4680 5863 4496)
4(4690 6165 4680 2354)
4(2354 4496 6001 4690)
4(5864 4476 5682 2751)
4(5864 2751 5853 4477)
4(6000 2751 5682 4495)
4(6000 4496 5863 2751)
4(6000 4495 2251 4496)
4(6000 2751 5864 4498)
4(2252 4498 5864 4476)
4(4498 2252 4495 6000)
4(6166 4679 5853 2751)
4(6166 2751 5863 4680)
4(4680 2346 4679 6166)
4(6166 4682 5864 2751)
4(2347 4477 5864 4682)
4(6166 4679 2347 4682)
4(6000 4691 6166 2751)
4(2354 4680 6166 4691)
4(4691 6000 4496 2354)
4(2355 4682 5864 4498)
4(2355 4498 6000 4691)
4(4691 6166 4682 2355)
4(5865 4479 5684 2752)
4(5865 2752 5855 4480)
4(5999 2752 5684 4497)
4(5999 4498 5864 2752)
4(5999 4497 2252 4498)
4(5999 2752 5865 4500)
4(2253 4500 5865 4479)
4(4500 2253 4497 5999)
4(6167 4681 5855 2752)
4(6167 2752 5864 4682)
4(4682 2347 4681 6167)
4(6167 4684 5865 2752)
4(2348 4480 5865 4684)
4(6167 4681 2348 4684)
4(5999 4692 6167 2752)
6(4692 5999 4498 2355 4682 6167)
4(2356 4684 5865 4500)
4(2356 4500 5999 4692)
4(4692 6167 4684 2356)
4(5922 4481 5685 2753)
4(5922 2753 5856 4482)
4(2244 4481 5922 4482)
4(5998 2753 5685 4499)
4(5998 4500 5865 2753)
4(4499 2253 4500 5998)
4(5922 4501 5998 2753)
4(2254 4499 5998 4501)
4(2254 4501 5922 4481)
4(6168 4683 5856 2753)
4(6168 2753 5865 4684)
4(4684 2348 4683 6168)
3(6168 5922 2753)
4(6168 4683 4482 5922)
4(5998 4693 6168 2753)
4(2356 4684 6168 4693)
4(4693 5998 4500 2356)
4(4747 6267 4784 2902)
4(4784 6267 4781 2903)
4(544 2902 4784 2903)
4(4747 2905 6290 6267)
4(6290 6271 6289 6267)
4(4784 2908 6290 6267)
4(565 2905 6290 2908)
4(565 2908 4784 2902)
4(6291 2962 4781 6267)
4(6291 6267 6289 6272)
4(6291 2964 4784 6267)
4(775 2964 6291 2962)
4(6291 6267 6290 6273)
4(795 6273 6290 6271)
4(795 6272 6291 6273)
4(796 2908 6290 6273)
4(796 6273 6291 2964)
4(6294 6275 6292 6268)
4(6294 6268 6293 6276)
4(1846 6274 6292 6275)
4(1846 6276 6293 6274)
4(6295 6268 6292 6277)
4(6295 3799 5336 6268)
4(1855 6277 6292 3785)
4(6295 6268 6294 6278)
4(1856 6275 6292 6277)
4(1856 6278 6294 6275)
4(1856 6277 6295 6278)
4(6296 6279 6293 6268)
4(1952 3786 6293 6279)
4(6296 6280 6294 6268)
4(1953 6280 6296 6279)
4(1953 6279 6293 6276)
4(1953 6276 6294 6280)
4(6296 6268 6295 6282)
4(1962 3940 6296 6282)
4(1962 6282 6295 3799)
4(1963 6282 6296 6280)
4(1963 6280 6294 6278)
4(1963 6278 6295 6282)
4(6298 6280 6296 6269)
4(6298 6269 6297 6281)
4(1953 6281 6297 6279)
4(6299 6269 6296 6282)
4(6299 3954 5446 6269)
4(6299 6269 6298 6283)
4(1963 6283 6298 6280)
4(1963 6282 6299 6283)
4(6300 6284 6297 6269)
4(2059 3941 6297 6284)
4(6300 6286 6298 6269)
4(2060 6286 6300 6284)
4(2060 6284 6297 6281)
4(2060 6281 6298 6286)
4(6300 6269 6299 6287)
4(2069 4094 6300 6287)
4(2069 6287 6299 3954)
4(2070 6287 6300 6286)
4(2070 6286 6298 6283)
4(2070 6283 6299 6287)
4(6302 6270 6301 6285)
4(2059 6285 6301 4091)
4(5448 4103 6303 6270)
4(6303 4105 5561 6270)
4(5448 6270 5561 4092)
4(6303 6270 6302 6288)
4(2069 6288 6302 4094)
4(2069 4103 6303 6288)
4(5564 4251 6301 6270)
4(5564 6270 5561 4252)
4(2165 4093 6301 4251)
4(5564 4255 6302 6270)
4(2166 6285 6302 4255)
4(2166 4251 6301 6285)
4(6303 4280 5564 6270)
4(2175 4280 6303 4105)
4(2176 4255 6302 6288)
4(2176 6288 6303 4280)
4(6308 6286 6300 6304)
4(6308 6304 6307 6305)
4(2060 6305 6307 6284)
4(6300 6287 6309 6304)
4(6309 6288 6302 6304)
4(6309 6304 6308 6306)
4(2070 6306 6308 6286)
4(2070 6287 6309 6306)
4(5565 4254 6307 6304)
4(6302 4255 5565 6304)
4(2166 6285 6307 4254)
4(5565 4258 6308 6304)
4(2167 4254 6307 6305)
4(2167 6305 6308 4258)
4(6309 4283 5565 6304)
4(2176 4283 6309 6288)
4(2177 4258 6308 6306)
4(2177 6306 6309 4283)
4(6467 2907 4751 6310)
4(6290 2908 6467 6310)
4(565 2907 6467 2908)
4(4785 6310 4751 2910)
4(4785 2912 6465 6310)
4(6467 2914 4785 6310)
4(586 2914 6467 2907)
4(6466 6273 6290 6310)
4(6466 6310 6465 6363)
4(6467 6310 6466 6365)
4(796 6365 6466 6273)
4(796 2908 6467 6365)
4(4785 2969 6466 6310)
4(816 6363 6466 2969)
4(817 2969 6466 6365)
4(817 6365 6467 2914)
4(4818 2964 6291 6311)
4(4818 6311 4814 2965)
4(6291 6273 6469 6311)
4(6469 6364 6468 6311)
4(4818 2967 6469 6311)
4(796 6273 6469 2967)
4(4814 6311 4817 3021)
4(4817 6311 6468 3022)
4(4817 3024 4818 6311)
4(6469 3027 4817 6311)
4(1026 3027 6469 6364)
4(1027 2967 6469 3027)
4(6471 6365 6466 6312)
4(6471 6312 6469 2967)
4(4819 6312 6466 2969)
4(4819 2971 6470 6312)
4(6471 2973 4819 6312)
4(817 2973 6471 6365)
4(4820 3027 6469 6312)
4(4820 6312 6470 3028)
4(4820 3030 6471 6312)
4(1027 2967 6471 3030)
4(4819 3033 4820 6312)
4(1048 3030 6471 2973)
4(6472 3504 4941 6313)
4(5191 3505 6472 6313)
4(4941 3529 6473 6313)
4(6473 3531 5215 6313)
4(6473 6313 6472 6366)
4(1738 3529 6473 6366)
4(1738 6366 6472 3504)
4(6474 3758 5191 6313)
4(5215 3759 6474 6313)
4(6474 6378 6472 6313)
4(1835 6378 6474 3758)
4(1835 3505 6472 6378)
4(6474 6313 6473 3782)
4(1844 3782 6473 3531)
4(1844 3759 6474 3782)
4(1845 6366 6473 3782)
4(1845 3782 6474 6378)
4(1845 6378 6472 6366)
4(4947 6314 5218 3510)
4(5218 6314 5197 3511)
4(4947 3534 6478 6314)
4(6478 6367 6475 6314)
4(1739 3507 6475 6367)
4(5218 3538 6478 6314)
4(1740 3534 6478 3538)
4(6479 3763 5197 6314)
4(6479 6314 6475 6379)
4(1836 6379 6475 3508)
4(6479 3766 5218 6314)
4(1837 3766 6479 3763)
4(6479 6314 6478 6381)
4(1846 6379 6479 6381)
4(1846 6381 6478 6367)
4(1846 6367 6475 6379)
4(1847 6381 6479 3766)
4(1847 3538 6478 6381)
4(6480 3516 4953 6315)
4(5202 3517 6480 6315)
4(4953 3539 6481 6315)
4(6481 3541 5219 6315)
4(6481 6315 6480 6368)
4(6482 3768 5202 6315)
4(5219 3769 6482 6315)
4(6482 6380 6480 6315)
4(1839 6380 6482 3768)
4(6482 6315 6481 6383)
4(1848 3769 6482 6383)
4(1849 6383 6482 6380)
4(6483 3533 4970 6316)
4(6483 6316 6473 6366)
4(4970 3553 6484 6316)
4(6484 3555 5225 6316)
4(6484 6316 6483 6369)
4(1748 6369 6483 3533)
4(1748 3553 6484 6369)
4(5228 3782 6473 6316)
4(5228 6316 5225 3783)
4(5228 3785 6483 6316)
4(1845 6366 6483 3785)
4(6484 3795 5228 6316)
4(1854 3795 6484 3555)
4(1855 3785 6483 6369)
4(1855 6369 6484 3795)
4(6485 3535 4973 6317)
4(6485 6317 6476 6367)
4(1739 6367 6476 3532)
4(4973 3556 6486 6317)
4(6486 6369 6483 6317)
4(6486 6317 6485 6370)
4(1749 6370 6485 3535)
4(6292 6274 6476 6317)
4(6292 6317 6483 3785)
4(1845 6366 6476 6274)
4(6292 6275 6485 6317)
4(1846 6367 6485 6275)
4(1846 6274 6476 6367)
4(6486 6277 6292 6317)
4(1856 6275 6485 6370)
4(6489 3540 4979 6318)
4(5220 3541 6489 6318)
4(4979 3560 6490 6318)
4(6490 6371 6487 6318)
4(1750 3537 6487 6371)
4(6490 6318 6489 6372)
4(6491 3787 5220 6318)
4(6491 6318 6487 6382)
4(1847 6382 6487 3538)
4(6491 6384 6489 6318)
4(1848 6384 6491 3787)
4(6491 6318 6490 6388)
4(1857 6382 6491 6388)
4(1857 6371 6487 6382)
4(1858 6388 6491 6384)
4(6492 3557 4999 6319)
4(6492 6319 6484 6369)
4(4999 3575 6493 6319)
4(6493 3577 5232 6319)
4(6493 6319 6492 6373)
4(1758 3575 6493 6373)
4(5235 3795 6484 6319)
4(5235 6319 5232 3796)
4(5235 3798 6492 6319)
4(6493 3805 5235 6319)
4(1864 3805 6493 3577)
4(1865 6373 6493 3805)
4(6495 3579 5028 6320)
4(6495 6320 6493 6373)
4(5028 3597 6496 6320)
4(6496 3599 5239 6320)
4(6496 6320 6495 6374)
4(1768 3597 6496 6374)
4(6497 3805 6493 6320)
4(5239 3806 6497 6320)
4(6497 6392 6495 6320)
4(6497 6320 6496 6394)
4(1874 6394 6496 3599)
4(1875 6374 6496 6394)
4(6498 3601 5057 6321)
4(6498 6321 6496 6374)
4(5057 3619 6499 6321)
4(6499 3621 5245 6321)
4(6499 6321 6498 6375)
4(1778 3619 6499 6375)
4(6500 6394 6496 6321)
4(5245 3814 6500 6321)
4(6500 6395 6498 6321)
4(1875 6395 6500 6394)
4(6500 6321 6499 6397)
4(1884 6397 6499 3621)
4(1884 3814 6500 6397)
4(1885 6375 6499 6397)
4(1885 6397 6500 6395)
4(6501 3623 5086 6322)
4(6501 6322 6499 6375)
4(5086 3641 6502 6322)
4(6502 3643 5251 6322)
4(6502 6322 6501 6376)
4(1788 3641 6502 6376)
4(6503 6397 6499 6322)
4(5251 3821 6503 6322)
4(6503 6398 6501 6322)
4(1885 6398 6503 6397)
4(6503 6322 6502 6400)
4(1894 6400 6502 3643)
4(1894 3821 6503 6400)
4(1895 6376 6502 6400)
4(1895 6400 6503 6398)
4(6504 3645 5115 6323)
4(6504 6323 6502 6376)
4(5115 3663 6505 6323)
4(6505 3665 5257 6323)
4(6505 6323 6504 6377)
4(1798 3663 6505 6377)
4(6506 6400 6502 6323)
4(5257 3828 6506 6323)
4(6506 6401 6504 6323)
4(1895 6401 6506 6400)
4(6506 6323 6505 6403)
4(1904 6403 6505 3665)
4(1904 3828 6506 6403)
4(1905 6377 6505 6403)
4(1905 6403 6506 6401)
4(6507 3667 5144 6324)
4(6507 6324 6505 6377)
4(5266 6324 5144 3685)
4(5263 6324 5266 3687)
4(6507 3690 5266 6324)
4(6508 6403 6505 6324)
4(5263 3835 6508 6324)
4(6508 6404 6507 6324)
4(1905 6404 6508 6403)
4(5266 3840 6508 6324)
4(1914 3835 6508 3840)
4(1915 3840 6508 6404)
4(6509 6378 6474 6325)
4(5298 3762 6509 6325)
4(5325 6325 6474 3782)
4(5322 6325 5325 3784)
4(6509 3786 5325 6325)
4(1845 3786 6509 6378)
4(6510 3913 5298 6325)
4(5322 3914 6510 6325)
4(6510 6406 6509 6325)
4(1942 3762 6509 6406)
4(1942 6406 6510 3913)
4(5325 3937 6510 6325)
4(1951 3914 6510 3937)
4(1952 6406 6509 3786)
4(1952 3937 6510 6406)
4(6511 6379 6477 6326)
4(5301 3764 6511 6326)
4(1836 3761 6477 6379)
4(6293 6326 6477 6274)
4(6293 3786 6509 6326)
4(1845 6274 6477 6378)
4(6511 6276 6293 6326)
4(1846 6276 6511 6379)
4(1846 6379 6477 6274)
4(6512 3916 5301 6326)
4(6512 6326 6509 6406)
4(6512 6407 6511 6326)
4(1943 3764 6511 6407)
4(1943 6407 6512 3916)
4(6293 6279 6512 6326)
4(1952 6406 6512 6279)
4(1953 6407 6511 6276)
4(1953 6279 6512 6407)
4(5326 3766 6479 6327)
4(5326 6327 5304 3767)
4(6513 6327 6479 6381)
4(6513 6276 6511 6327)
4(5326 3788 6513 6327)
4(1847 6381 6513 3788)
4(6514 3918 5304 6327)
4(6514 6327 6511 6407)
4(6514 3921 5326 6327)
4(1944 3921 6514 3918)
4(6514 6327 6513 6409)
4(1953 6409 6513 6276)
4(1953 6407 6514 6409)
4(1954 3788 6513 6409)
4(1954 6409 6514 3921)
4(6515 6380 6482 6328)
4(5309 3772 6515 6328)
4(6516 6328 6482 6383)
4(6516 3789 5327 6328)
4(6516 6328 6515 6385)
4(6517 3923 5309 6328)
4(5327 3924 6517 6328)
4(6517 6408 6515 6328)
4(1946 6408 6517 3923)
4(6517 6328 6516 6411)
4(1955 3924 6517 6411)
4(1956 6411 6517 6408)
4(6518 6382 6488 6329)
4(6518 6329 6513 3788)
4(1847 6381 6488 6382)
4(6519 6329 6488 6386)
4(6519 6278 6294 6329)
4(1856 6386 6488 6275)
4(6519 6329 6518 6389)
4(1857 6389 6518 6382)
4(1857 6382 6488 6386)
4(6520 6409 6513 6329)
4(6294 6280 6520 6329)
4(6520 6410 6518 6329)
4(1954 3788 6518 6410)
4(1954 6410 6520 6409)
4(6520 6329 6519 6414)
4(1963 6280 6520 6414)
4(1964 6410 6518 6389)
4(1964 6414 6520 6410)
4(6521 6384 6491 6330)
4(5328 3789 6521 6330)
4(6522 6330 6491 6388)
4(6522 6389 6518 6330)
4(6522 6330 6521 6390)
4(6523 3942 5328 6330)
4(6523 6330 6518 6410)
4(6523 6412 6521 6330)
4(1955 6412 6523 3942)
4(6523 6330 6522 6416)
4(1964 6410 6523 6416)
4(1965 6416 6523 6412)
4(6524 6387 6494 6331)
4(6295 6278 6524 6331)
4(6525 6331 6494 6391)
4(6525 3808 5345 6331)
4(6525 6331 6524 6393)
4(6526 6282 6295 6331)
4(5345 3953 6526 6331)
4(6526 6415 6524 6331)
4(1963 6415 6526 6282)
4(6526 6331 6525 6420)
4(1972 3953 6526 6420)
4(1973 6420 6526 6415)
4(5351 2914 6467 6332)
4(5351 6332 5241 2915)
4(6640 6799 6467 2914)
4(6528 6332 6467 6365)
4(6528 2968 5343 6332)
4(5351 2974 6528 6332)
4(817 6365 6528 2974)
4(6527 3806 5241 6332)
4(5343 3807 6527 6332)
4(6527 3815 5351 6332)
4(6528 6419 6527 6332)
4(1971 6419 6528 2968)
4(1981 2974 6528 6419)
4(6530 6395 6500 6333)
4(6530 6333 6529 6396)
4(6531 6333 6500 6397)
4(6531 3822 5355 6333)
4(6531 6333 6530 6399)
4(1885 6397 6531 6399)
4(6532 6422 6529 6333)
4(5355 3968 6532 6333)
4(6532 6423 6530 6333)
4(1982 6423 6532 6422)
4(6532 6333 6531 6425)
4(1991 6425 6531 3822)
4(1991 3968 6532 6425)
4(1992 6399 6531 6425)
4(1992 6425 6532 6423)
4(6533 6398 6503 6334)
4(6533 6334 6531 6399)
4(6534 6334 6503 6400)
4(6534 3829 5361 6334)
4(6534 6334 6533 6402)
4(1895 6400 6534 6402)
4(6535 6425 6531 6334)
4(5361 3975 6535 6334)
4(6535 6426 6533 6334)
4(1992 6426 6535 6425)
4(6535 6334 6534 6428)
4(2001 6428 6534 3829)
4(2001 3975 6535 6428)
4(2002 6402 6534 6428)
4(2002 6428 6535 6426)
4(6536 6401 6506 6335)
4(6536 6335 6534 6402)
4(6537 6335 6506 6403)
4(6537 3836 5367 6335)
4(6537 6335 6536 6405)
4(1905 6403 6537 6405)
4(6538 6428 6534 6335)
4(5367 3982 6538 6335)
4(6538 6429 6536 6335)
4(2002 6429 6538 6428)
4(6538 6335 6537 6431)
4(2011 6431 6537 3836)
4(2011 3982 6538 6431)
4(2012 6405 6537 6431)
4(2012 6431 6538 6429)
4(6539 6404 6508 6336)
4(6539 6336 6537 6405)
4(5376 6336 6508 3840)
4(5373 6336 5376 3842)
4(6539 3845 5376 6336)
4(6540 6431 6537 6336)
4(5373 3989 6540 6336)
4(6540 6432 6539 6336)
4(2012 6432 6540 6431)
4(5376 3994 6540 6336)
4(2021 3989 6540 3994)
4(2022 3994 6540 6432)
4(6542 6406 6510 6337)
4(5408 3917 6542 6337)
4(5435 6337 6510 3937)
4(5432 6337 5435 3939)
4(6542 3941 5435 6337)
4(1952 3941 6542 6406)
4(6543 4067 5408 6337)
4(5432 4068 6543 6337)
4(6543 6436 6542 6337)
4(2049 3917 6542 6436)
4(2049 6436 6543 4067)
4(5435 4091 6543 6337)
4(2058 4068 6543 4091)
4(2059 6436 6542 3941)
4(2059 4091 6543 6436)
4(6544 6407 6512 6338)
4(5411 3919 6544 6338)
4(6297 6338 6512 6279)
4(6297 3941 6542 6338)
4(6544 6281 6297 6338)
4(1953 6281 6544 6407)
4(6545 4070 5411 6338)
4(6545 6338 6542 6436)
4(6545 6437 6544 6338)
4(2050 3919 6544 6437)
4(2050 6437 6545 4070)
4(6297 6284 6545 6338)
4(2059 6436 6545 6284)
4(2060 6437 6544 6281)
4(2060 6284 6545 6437)
4(5436 3921 6514 6339)
4(5436 6339 5414 3922)
4(6546 6339 6514 6409)
4(6546 6281 6544 6339)
4(5436 3943 6546 6339)
4(1954 6409 6546 3943)
4(6547 4072 5414 6339)
4(6547 6339 6544 6437)
4(6547 4075 5436 6339)
4(2051 4075 6547 4072)
4(6547 6339 6546 6439)
4(2060 6439 6546 6281)
4(2060 6437 6547 6439)
4(2061 3943 6546 6439)
4(2061 6439 6547 4075)
4(6548 6408 6517 6340)
4(5419 3927 6548 6340)
4(6549 6340 6517 6411)
4(6549 3944 5437 6340)
4(6549 6340 6548 6413)
4(6550 4077 5419 6340)
4(5437 4078 6550 6340)
4(6550 6438 6548 6340)
4(2053 6438 6550 4077)
4(6550 6340 6549 6441)
4(2062 4078 6550 6441)
4(2063 6441 6550 6438)
4(6551 6410 6520 6341)
4(6551 6341 6546 3943)
4(6552 6341 6520 6414)
4(6552 6283 6298 6341)
4(6552 6341 6551 6417)
4(1964 6417 6551 6410)
4(6553 6439 6546 6341)
4(6298 6286 6553 6341)
4(6553 6440 6551 6341)
4(2061 3943 6551 6440)
4(2061 6440 6553 6439)
4(6553 6341 6552 6444)
4(2070 6286 6553 6444)
4(2071 6440 6551 6417)
4(2071 6444 6553 6440)
4(6554 6412 6523 6342)
4(5438 3944 6554 6342)
4(6555 6342 6523 6416)
4(6555 6417 6551 6342)
4(6555 6342 6554 6418)
4(6556 4095 5438 6342)
4(6556 6342 6551 6440)
4(6556 6442 6554 6342)
4(2062 6442 6556 4095)
4(6556 6342 6555 6446)
4(2071 6440 6556 6446)
4(2072 6446 6556 6442)
4(6557 6415 6526 6343)
4(6299 6283 6557 6343)
4(6558 6343 6526 6420)
4(6558 3962 5455 6343)
4(6558 6343 6557 6421)
4(6559 6287 6299 6343)
4(5455 4106 6559 6343)
4(6559 6445 6557 6343)
4(2070 6445 6559 6287)
4(6559 6343 6558 6449)
4(2079 4106 6559 6449)
4(2080 6449 6559 6445)
4(5461 2973 6471 6344)
4(5461 6344 6528 2974)
4(5462 6344 6471 3030)
4(5453 6344 5462 3032)
4(5461 3038 5462 6344)
4(6560 6419 6528 6344)
4(5453 3961 6560 6344)
4(6560 3969 5461 6344)
4(5462 4113 6560 6344)
4(6563 6423 6532 6345)
4(6563 6345 6561 6424)
4(6564 6345 6532 6425)
4(6564 3976 5466 6345)
4(6564 6345 6563 6427)
4(1992 6425 6564 6427)
4(6565 6453 6561 6345)
4(5466 4120 6565 6345)
4(6565 6454 6563 6345)
4(2089 6454 6565 6453)
4(6565 6345 6564 6456)
4(2098 6456 6564 3976)
4(2098 4120 6565 6456)
4(2099 6427 6564 6456)
4(2099 6456 6565 6454)
4(6566 6426 6535 6346)
4(6566 6346 6564 6427)
4(6567 6346 6535 6428)
4(6567 3983 5472 6346)
4(6567 6346 6566 6430)
4(2002 6428 6567 6430)
4(6568 6456 6564 6346)
4(5472 4127 6568 6346)
4(6568 6457 6566 6346)
4(2099 6457 6568 6456)
4(6568 6346 6567 6459)
4(2108 6459 6567 3983)
4(2108 4127 6568 6459)
4(2109 6430 6567 6459)
4(2109 6459 6568 6457)
4(6569 6429 6538 6347)
4(6569 6347 6567 6430)
4(6570 6347 6538 6431)
4(6570 3990 5478 6347)
4(6570 6347 6569 6433)
4(2012 6431 6570 6433)
4(6571 6459 6567 6347)
4(5478 4134 6571 6347)
4(6571 6460 6569 6347)
4(2109 6460 6571 6459)
4(6571 6347 6570 6462)
4(2118 6462 6570 3990)
4(2118 4134 6571 6462)
4(2119 6433 6570 6462)
4(2119 6462 6571 6460)
4(6572 6432 6540 6348)
4(6572 6348 6570 6433)
4(5487 6348 6540 3994)
4(5484 6348 5487 3996)
4(6572 3999 5487 6348)
4(6573 6462 6570 6348)
4(5484 4141 6573 6348)
4(6573 6463 6572 6348)
4(2119 6463 6573 6462)
4(5487 4148 6573 6348)
4(2128 4141 6573 4148)
4(2129 4148 6573 6463)
4(6597 6435 6541 6349)
4(5482 3993 6597 6349)
4(5495 6349 6541 4018)
4(5495 4020 6574 6349)
4(6597 4022 5495 6349)
4(5482 6349 5496 4143)
4(5496 6349 6574 4144)
4(6597 6349 5496 4146)
4(5495 4172 5496 6349)
4(6575 6436 6543 6350)
4(5520 4071 6575 6350)
4(6301 6350 6543 4091)
4(5544 6350 6301 4093)
4(6575 6285 6301 6350)
4(2059 6285 6575 6436)
4(5520 6350 5547 4222)
4(5547 6350 5544 4223)
4(5547 4226 6575 6350)
4(2156 4071 6575 4226)
4(6301 4251 5547 6350)
4(2166 4226 6575 6285)
4(6576 6437 6545 6351)
4(5523 4073 6576 6351)
4(6307 6351 6545 6284)
4(6307 6285 6575 6351)
4(6576 6305 6307 6351)
4(2060 6305 6576 6437)
4(5523 6351 5548 4225)
4(5548 6351 6575 4226)
4(5548 4229 6576 6351)
4(2157 4073 6576 4229)
4(6307 4254 5548 6351)
4(2167 4229 6576 6305)
4(5549 4075 6547 6352)
4(5549 6352 5526 4076)
4(6577 6352 6547 6439)
4(6577 6305 6576 6352)
4(5549 4096 6577 6352)
4(2061 6439 6577 4096)
4(5526 6352 5550 4228)
4(5550 6352 6576 4229)
4(5550 4232 5549 6352)
4(6577 4257 5550 6352)
4(2167 4257 6577 6305)
4(2168 4096 6577 4257)
4(6578 6438 6550 6353)
4(5531 4081 6578 6353)
4(6579 6353 6550 6441)
4(6579 4097 5551 6353)
4(6579 6353 6578 6443)
4(5531 6353 5554 4234)
4(5554 6353 5551 4235)
4(5554 4238 6578 6353)
4(6579 4263 5554 6353)
4(6580 6440 6553 6354)
4(6580 6354 6577 4096)
4(6581 6354 6553 6444)
4(6581 6306 6308 6354)
4(6581 6354 6580 6447)
4(2071 6447 6580 6440)
4(5566 4257 6577 6354)
4(6308 4258 5566 6354)
4(5566 4261 6580 6354)
4(2168 4096 6580 4261)
4(6581 4286 5566 6354)
4(2178 4261 6580 6447)
4(6582 6442 6556 6355)
4(5552 4097 6582 6355)
4(6583 6355 6556 6446)
4(6583 6447 6580 6355)
4(6583 6355 6582 6448)
4(5552 6355 5567 4260)
4(5567 6355 6580 4261)
4(5567 4264 6582 6355)
4(6583 4289 5567 6355)
4(6584 4106 5457 6356)
4(6303 6288 6584 6356)
4(5457 4112 6585 6356)
4(6585 4114 5575 6356)
4(6585 6356 6584 6451)
4(2079 6451 6584 4106)
4(2079 4112 6585 6451)
4(5578 4280 6303 6356)
4(5578 6356 5575 4281)
4(5578 4284 6584 6356)
4(2176 6288 6584 4284)
4(6585 4309 5578 6356)
4(2185 4309 6585 4114)
4(2186 4284 6584 6451)
4(2186 6451 6585 4309)
4(6586 6445 6559 6357)
4(6309 6306 6586 6357)
4(6587 6357 6559 6449)
4(6587 6451 6584 6357)
4(6587 6357 6586 6452)
4(5579 4283 6309 6357)
4(5579 6357 6584 4284)
4(5579 4287 6586 6357)
4(6587 4312 5579 6357)
4(6588 6450 6562 6358)
4(6588 6358 6585 6451)
4(6589 6358 6562 6453)
4(6589 4121 5589 6358)
4(6589 6358 6588 6455)
4(2089 6453 6589 6455)
4(5592 4309 6585 6358)
4(5592 6358 5589 4310)
4(5592 4313 6588 6358)
4(6589 4338 5592 6358)
4(2195 4338 6589 4121)
4(2196 6455 6589 4338)
4(6590 6454 6565 6359)
4(6590 6359 6589 6455)
4(6591 6359 6565 6456)
4(6591 4128 5603 6359)
4(6591 6359 6590 6458)
4(2099 6456 6591 6458)
4(5606 4338 6589 6359)
4(5606 6359 5603 4339)
4(5606 4342 6590 6359)
4(6591 4367 5606 6359)
4(2205 4367 6591 4128)
4(2206 6458 6591 4367)
4(6592 6457 6568 6360)
4(6592 6360 6591 6458)
4(6593 6360 6568 6459)
4(6593 4135 5617 6360)
4(6593 6360 6592 6461)
4(2109 6459 6593 6461)
4(5620 4367 6591 6360)
4(5620 6360 5617 4368)
4(5620 4371 6592 6360)
4(6593 4396 5620 6360)
4(2215 4396 6593 4135)
4(2216 6461 6593 4396)
4(6594 6460 6571 6361)
4(6594 6361 6593 6461)
4(6595 6361 6571 6462)
4(6595 4142 5631 6361)
4(6595 6361 6594 6464)
4(2119 6462 6595 6464)
4(5634 4396 6593 6361)
4(5634 6361 5631 4397)
4(5634 4400 6594 6361)
4(6595 4425 5634 6361)
4(2225 4425 6595 4142)
4(2226 6464 6595 4425)
4(6596 6463 6573 6362)
4(6596 6362 6595 6464)
4(5648 6362 6573 4148)
4(5645 6362 5648 4150)
4(6596 4153 5648 6362)
4(5649 4425 6595 6362)
4(5649 6362 5645 4426)
4(5649 4429 6596 6362)
4(5648 4454 5649 6362)
4(4976 6598 6487 3537)
4(6487 6598 6478 3538)
4(4976 3558 6599 6598)
4(6599 6370 6485 6598)
4(6487 6371 6599 6598)
4(6478 6598 6488 6381)
4(6488 6598 6485 6275)
4(6488 6382 6487 6598)
4(6599 6386 6488 6598)
4(4944 6600 6475 3507)
4(6475 6600 5194 3508)
4(6476 6600 4944 3532)
4(6472 6600 6476 6366)
4(6475 6367 6476 6600)
4(5194 6600 6477 3761)
4(6477 6600 6472 6378)
4(6477 6379 6475 6600)
4(6476 6274 6477 6600)
4(6852 6855 6858 6861)
4(6704 6668 6858 6855)
4(6703 6618 6852 6861)
4(6618 6704 6855 6852)
4(6668 6703 6861 6858)
4(6853 6856 6859 6862)
4(6855 6858 6859 6856)
4(6861 6852 6853 6862)
4(6852 6855 6856 6853)
4(6858 6861 6862 6859)
4(6856 6859 6860 6857)
4(6862 6853 6854 6863)
4(6853 6856 6857 6854)
4(6859 6862 6863 6860)
5(6864 6867 6870 6873 6876)
4(3206 1624 6870 6867)
4(6098 4921 6864 6876)
4(1624 3205 6873 6870)
4(3205 6098 6876 6873)
4(4921 3206 6867 6864)
5(6865 6868 6871 6874 6877)
4(6867 6870 6871 6868)
4(6876 6864 6865 6877)
4(6870 6873 6874 6871)
4(6873 6876 6877 6874)
4(6864 6867 6868 6865)
4(6868 6871 6872 6869)
4(6877 6865 6866 6878)
4(6871 6874 6875 6872)
4(6874 6877 6878 6875)
4(6865 6868 6869 6866)
4(6879 6883 6887 6891)
4(6670 6707 6891 6887)
4(6708 6670 6887 6883)
4(6707 6632 6879 6891)
4(6632 6708 6883 6879)
4(6880 6884 6888 6892)
4(6887 6891 6892 6888)
4(6883 6887 6888 6884)
4(6891 6879 6880 6892)
4(6879 6883 6884 6880)
4(6881 6885 6889 6893)
4(6888 6892 6893 6889)
4(6884 6888 6889 6885)
4(6892 6880 6881 6893)
4(6880 6884 6885 6881)
4(6889 6893 6894 6890)
4(6885 6889 6890 6886)
4(6893 6881 6882 6894)
4(6881 6885 6886 6882)
4(6654 6717 6895 6896)
4(6673 6716 6898 6897)
4(6717 6673 6897 6895)
4(6895 6897 6898 6896)
4(6683 6733 6899 6900)
4(6679 6732 6902 6901)
4(6733 6679 6901 6899)
4(6899 6901 6902 6900)
4(6904 6906 6909 6912)
4(6747 6729 6903 6911)
4(6911 6903 6904 6912)
5(6729 6748 6906 6904 6903)
4(6684 6747 6911 6908)
4(6908 6911 6912 6909)
5(6748 6684 6908 6909 6906)
4(6912 6904 6905 6913)
4(6904 6906 6907 6905)
4(6909 6912 6913 6910)
4(6906 6909 6910 6907)
4(6914 6917 6921 6925)
5(3511 1730 6914 6925 6924)
4(1730 3509 6917 6914)
5(3509 5200 6920 6921 6917)
4(5200 3511 6924 6920)
4(6920 6924 6925 6921)
4(6915 6918 6922 6926)
4(6925 6914 6915 6926)
4(6914 6917 6918 6915)
4(6917 6921 6922 6918)
4(6921 6925 6926 6922)
4(6926 6915 6916 6927)
4(6915 6918 6919 6916)
4(6918 6922 6923 6919)
4(6922 6926 6927 6923)
4(6929 6932 6935 6939)
4(6750 6745 6928 6938)
4(6938 6928 6929 6939)
5(6745 6751 6932 6929 6928)
5(6685 6750 6938 6939 6935)
4(6751 6685 6935 6932)
4(6930 6933 6936 6940)
4(6939 6929 6930 6940)
4(6929 6932 6933 6930)
4(6935 6939 6940 6936)
4(6932 6935 6936 6933)
4(6940 6930 6931 6941)
4(6930 6933 6934 6931)
4(6936 6940 6941 6937)
4(6933 6936 6937 6934)
4(6942 6945 6948 6951)
4(6752 6755 6942 6951)
4(6755 6753 6945 6942)
4(6687 6752 6951 6948)
4(6753 6687 6948 6945)
4(6943 6946 6949 6952)
4(6951 6942 6943 6952)
4(6942 6945 6946 6943)
4(6948 6951 6952 6949)
4(6945 6948 6949 6946)
4(6952 6943 6944 6953)
4(6943 6946 6947 6944)
4(6949 6952 6953 6950)
4(6946 6949 6950 6947)
4(6954 6957 6960 6963)
4(6756 6772 6954 6963)
4(6772 6757 6957 6954)
4(6689 6756 6963 6960)
4(6757 6689 6960 6957)
4(6955 6958 6961 6964)
4(6963 6954 6955 6964)
4(6954 6957 6958 6955)
4(6960 6963 6964 6961)
4(6957 6960 6961 6958)
4(6964 6955 6956 6965)
4(6955 6958 6959 6956)
4(6961 6964 6965 6962)
4(6958 6961 6962 6959)
4(6966 6969 6972 6975)
4(6761 6789 6966 6975)
4(6789 6762 6969 6966)
4(6690 6761 6975 6972)
4(6762 6690 6972 6969)
4(6967 6970 6973 6976)
4(6975 6966 6967 6976)
4(6966 6969 6970 6967)
4(6972 6975 6976 6973)
4(6969 6972 6973 6970)
4(6976 6967 6968 6977)
4(6967 6970 6971 6968)
4(6973 6976 6977 6974)
4(6970 6973 6974 6971)
4(6978 6981 6985 6988)
4(6764 6798 6978 6988)
4(6798 6767 6981 6978)
5(6691 6764 6988 6985 6984)
5(6767 6691 6984 6985 6981)
4(6979 6982 6986 6989)
4(6988 6978 6979 6989)
4(6978 6981 6982 6979)
4(6985 6988 6989 6986)
4(6981 6985 6986 6982)
4(6989 6979 6980 6990)
4(6979 6982 6983 6980)
4(6986 6989 6990 6987)
4(6982 6986 6987 6983)
4(6991 6995 6999 7002)
4(6769 6811 6991 7002)
5(6811 6771 6994 6995 6991)
5(6693 6769 7002 6999 6998)
4(6771 6693 6998 6994)
4(6994 6998 6999 6995)
4(6992 6996 7000 7003)
4(7002 6991 6992 7003)
4(6991 6995 6996 6992)
4(6999 7002 7003 7000)
4(6995 6999 7000 6996)
4(7003 6992 6993 7004)
4(6992 6996 6997 6993)
4(7000 7003 7004 7001)
4(6996 7000 7001 6997)
4(7005 7009 7012 7015)
4(6774 6822 7005 7015)
5(6822 6776 7008 7009 7005)
4(6695 6774 7015 7012)
5(6776 6695 7012 7009 7008)
4(7006 7010 7013 7016)
4(7015 7005 7006 7016)
4(7005 7009 7010 7006)
4(7012 7015 7016 7013)
4(7009 7012 7013 7010)
4(7016 7006 7007 7017)
4(7006 7010 7011 7007)
4(7013 7016 7017 7014)
4(7010 7013 7014 7011)
4(7018 7021 7023 7025)
4(6779 6827 7018 7025)
5(6827 6781 7020 7021 7018)
5(6781 6696 7023 7021 7020)
4(6696 6779 7025 7023)
4(7025 7018 7019 7026)
4(7018 7021 7022 7019)
4(7021 7023 7024 7022)
4(7023 7025 7026 7024)
4(7027 7029 7031 7033)
4(6792 6849 7027 7033)
4(6849 6793 7029 7027)
4(6701 6792 7033 7031)
4(6793 6701 7031 7029)
4(7033 7027 7028 7034)
4(7027 7029 7030 7028)
4(7031 7033 7034 7032)
4(7029 7031 7032 7030)
4(7035 7039 7044 7049)
5(3767 1837 7035 7049 7048)
4(1837 3765 7039 7035)
5(3765 5307 7043 7044 7039)
4(5307 3767 7048 7043)
4(7043 7048 7049 7044)
4(7036 7040 7045 7050)
4(7049 7035 7036 7050)
4(7035 7039 7040 7036)
4(7039 7044 7045 7040)
4(7044 7049 7050 7045)
4(7037 7041 7046 7051)
4(7050 7036 7037 7051)
4(7036 7040 7041 7037)
4(7040 7045 7046 7041)
4(7045 7050 7051 7046)
4(7051 7037 7038 7052)
4(7037 7041 7042 7038)
4(7041 7046 7047 7042)
4(7046 7051 7052 7047)
4(6795 4783 7056 7055)
4(6794 6605 7053 7057)
4(7057 7053 7054 7058)
4(6605 6795 7055 7053)
4(7053 7055 7056 7054)
4(4783 6794 7057 7058)
4(4784 6797 7061 7062)
4(6797 6614 7059 7061)
4(7061 7059 7060 7062)
4(6614 2903 7060 7059)
4(6627 2908 7064 7063)
4(6799 6627 7063 7065)
4(7065 7063 7064 7066)
4(6467 6799 7065 7066)
4(6804 6640 7067 7071)
4(7071 7067 7068 7072)
4(6706 6804 7071 7069)
4(7069 7071 7072 7070)
4(2914 6706 7069 7070)
4(6640 2914 7068 7067)
4(7073 7076 7080 7084)
5(6806 6651 7073 7084 7083)
4(6651 6808 7076 7073)
4(6709 6806 7083 7079)
4(7079 7083 7084 7080)
5(6808 6709 7079 7080 7076)
4(7074 7077 7081 7085)
4(7084 7073 7074 7085)
4(7073 7076 7077 7074)
4(7080 7084 7085 7081)
4(7076 7080 7081 7077)
4(7085 7074 7075 7086)
4(7074 7077 7078 7075)
4(7081 7085 7086 7082)
4(7077 7081 7082 7078)
4(7087 7092 7097 7102)
4(6809 6659 7087 7102)
4(6659 6810 7092 7087)
4(6713 6809 7102 7097)
4(6810 6713 7097 7092)
4(7088 7093 7098 7103)
4(7102 7087 7088 7103)
4(7087 7092 7093 7088)
4(7097 7102 7103 7098)
4(7092 7097 7098 7093)
4(7089 7094 7099 7104)
4(7103 7088 7089 7104)
4(7088 7093 7094 7089)
4(7098 7103 7104 7099)
4(7093 7098 7099 7094)
4(7090 7095 7100 7105)
4(7104 7089 7090 7105)
4(7089 7094 7095 7090)
4(7099 7104 7105 7100)
4(7094 7099 7100 7095)
4(7105 7090 7091 7106)
4(7090 7095 7096 7091)
4(7100 7105 7106 7101)
4(7095 7100 7101 7096)
4(7107 7112 7116 7120)
4(6814 6665 7107 7120)
5(6665 6816 7111 7112 7107)
4(6714 6814 7120 7116)
5(6816 6714 7116 7112 7111)
4(7108 7113 7117 7121)
4(7120 7107 7108 7121)
4(7107 7112 7113 7108)
4(7116 7120 7121 7117)
4(7112 7116 7117 7113)
4(7109 7114 7118 7122)
4(7121 7108 7109 7122)
4(7108 7113 7114 7109)
4(7117 7121 7122 7118)
4(7113 7117 7118 7114)
4(7122 7109 7110 7123)
4(7109 7114 7115 7110)
4(7118 7122 7123 7119)
4(7114 7118 7119 7115)
4(7125 7128 7130 7132)
5(6817 6672 7124 7125 7132)
4(6672 6818 7127 7124)
4(7124 7127 7128 7125)
5(6818 6718 7130 7128 7127)
4(6718 6817 7132 7130)
4(7132 7125 7126 7133)
4(7125 7128 7129 7126)
4(7128 7130 7131 7129)
4(7130 7132 7133 7131)
4(7134 7136 7138 7140)
4(6824 6697 7134 7140)
4(6697 6825 7136 7134)
4(6723 6824 7140 7138)
4(6825 6723 7138 7136)
4(7140 7134 7135 7141)
4(7134 7136 7137 7135)
4(7138 7140 7141 7139)
4(7136 7138 7139 7137)
4(7142 7147 7152 7157)
4(3922 1944 7142 7157)
4(1944 3920 7147 7142)
4(3920 5417 7152 7147)
4(5417 3922 7157 7152)
4(7143 7148 7153 7158)
4(7157 7142 7143 7158)
4(7142 7147 7148 7143)
4(7147 7152 7153 7148)
4(7152 7157 7158 7153)
4(7144 7149 7154 7159)
4(7158 7143 7144 7159)
4(7143 7148 7149 7144)
4(7148 7153 7154 7149)
4(7153 7158 7159 7154)
4(7145 7150 7155 7160)
4(7159 7144 7145 7160)
4(7144 7149 7150 7145)
4(7149 7154 7155 7150)
4(7154 7159 7160 7155)
4(7160 7145 7146 7161)
4(7145 7150 7151 7146)
4(7150 7155 7156 7151)
4(7155 7160 7161 7156)
4(6728 6710 7162 7163)
4(6826 6633 7165 7164)
4(6710 6826 7164 7162)
4(7162 7164 7165 7163)
4(6828 817 7169 7168)
4(6730 6828 7168 7166)
4(7166 7168 7169 7167)
4(2973 6730 7166 7167)
4(7170 7173 7177 7181)
5(6830 6765 7170 7181 7180)
4(6765 6831 7173 7170)
4(6734 6830 7180 7176)
4(7176 7180 7181 7177)
5(6831 6734 7176 7177 7173)
4(7171 7174 7178 7182)
4(7181 7170 7171 7182)
4(7170 7173 7174 7171)
4(7177 7181 7182 7178)
4(7173 7177 7178 7174)
4(7182 7171 7172 7183)
4(7171 7174 7175 7172)
4(7178 7182 7183 7179)
4(7174 7178 7179 7175)
4(7184 7189 7194 7199)
4(6833 6783 7184 7199)
4(6783 6834 7189 7184)
4(6737 6833 7199 7194)
4(6834 6737 7194 7189)
4(7185 7190 7195 7200)
4(7199 7184 7185 7200)
4(7184 7189 7190 7185)
4(7194 7199 7200 7195)
4(7189 7194 7195 7190)
4(7186 7191 7196 7201)
4(7200 7185 7186 7201)
4(7185 7190 7191 7186)
4(7195 7200 7201 7196)
4(7190 7195 7196 7191)
4(7187 7192 7197 7202)
4(7201 7186 7187 7202)
4(7186 7191 7192 7187)
4(7196 7201 7202 7197)
4(7191 7196 7197 7192)
4(7202 7187 7188 7203)
4(7187 7192 7193 7188)
4(7197 7202 7203 7198)
4(7192 7197 7198 7193)
4(7205 7210 7214 7218)
5(6836 6796 7204 7205 7218)
4(6796 6837 7209 7204)
4(7204 7209 7210 7205)
4(6739 6836 7218 7214)
5(6837 6739 7214 7210 7209)
4(7206 7211 7215 7219)
4(7218 7205 7206 7219)
4(7205 7210 7211 7206)
4(7214 7218 7219 7215)
4(7210 7214 7215 7211)
4(7207 7212 7216 7220)
4(7219 7206 7207 7220)
4(7206 7211 7212 7207)
4(7215 7219 7220 7216)
4(7211 7215 7216 7212)
4(7220 7207 7208 7221)
4(7207 7212 7213 7208)
4(7216 7220 7221 7217)
4(7212 7216 7217 7213)
4(7223 7226 7228 7230)
5(6839 6807 7222 7223 7230)
4(6807 6840 7225 7222)
4(7222 7225 7226 7223)
4(6741 6839 7230 7228)
5(6840 6741 7228 7226 7225)
4(7230 7223 7224 7231)
4(7223 7226 7227 7224)
4(7228 7230 7231 7229)
4(7226 7228 7229 7227)
4(7232 7234 7236 7238)
4(6845 6832 7232 7238)
4(6832 6846 7234 7232)
4(6746 6845 7238 7236)
4(6846 6746 7236 7234)
4(7238 7232 7233 7239)
4(7232 7234 7235 7233)
4(7236 7238 7239 7237)
4(7234 7236 7237 7235)
4(7240 7244 7248 7252)
4(4076 2051 7240 7252)
4(2051 4074 7244 7240)
4(4074 5529 7248 7244)
4(5529 4076 7252 7248)
4(7241 7245 7249 7253)
4(7252 7240 7241 7253)
4(7240 7244 7245 7241)
4(7244 7248 7249 7245)
4(7248 7252 7253 7249)
4(7242 7246 7250 7254)
4(7253 7241 7242 7254)
4(7241 7245 7246 7242)
4(7245 7249 7250 7246)
4(7249 7253 7254 7250)
4(7254 7242 7243 7255)
4(7242 7246 7247 7243)
4(7246 7250 7251 7247)
4(7250 7254 7255 7251)
4(6801 6842 7256 7257)
4(6842 6848 7258 7256)
4(7256 7258 7259 7257)
4(6848 4851 7259 7258)
4(6850 1048 7263 7262)
4(6754 6850 7262 7260)
4(7260 7262 7263 7261)
4(3037 6754 7260 7261)
4(7264 7267 7270 7274)
5(6601 6622 7264 7274 7273)
4(6622 6602 7267 7264)
5(6758 6601 7273 7274 7270)
4(6602 6758 7270 7267)
4(7265 7268 7271 7275)
4(7274 7264 7265 7275)
4(7264 7267 7268 7265)
4(7270 7274 7275 7271)
4(7267 7270 7271 7268)
4(7275 7265 7266 7276)
4(7265 7268 7269 7266)
4(7271 7275 7276 7272)
4(7268 7271 7272 7269)
4(7278 7281 7284 7288)
4(6603 6637 7277 7287)
4(7287 7277 7278 7288)
5(6637 6604 7281 7278 7277)
5(6760 6603 7287 7288 7284)
4(6604 6760 7284 7281)
4(7279 7282 7285 7289)
4(7288 7278 7279 7289)
4(7278 7281 7282 7279)
4(7284 7288 7289 7285)
4(7281 7284 7285 7282)
4(7289 7279 7280 7290)
4(7279 7282 7283 7280)
4(7285 7289 7290 7286)
4(7282 7285 7286 7283)
4(7292 7295 7298 7302)
4(6606 6648 7291 7301)
4(7301 7291 7292 7302)
5(6648 6607 7295 7292 7291)
5(6763 6606 7301 7302 7298)
4(6607 6763 7298 7295)
4(7293 7296 7299 7303)
4(7302 7292 7293 7303)
4(7292 7295 7296 7293)
4(7298 7302 7303 7299)
4(7295 7298 7299 7296)
4(7303 7293 7294 7304)
4(7293 7296 7297 7294)
4(7299 7303 7304 7300)
4(7296 7299 7300 7297)
4(7306 7309 7311 7313)
5(6609 6656 7305 7306 7313)
4(6656 6610 7308 7305)
4(7305 7308 7309 7306)
5(6610 6766 7311 7309 7308)
4(6766 6609 7313 7311)
4(7313 7306 7307 7314)
4(7306 7309 7310 7307)
4(7309 7311 7312 7310)
4(7311 7313 7314 7312)
4(7315 7318 7320 7322)
4(4206 5941 7322 7320)
5(4207 4206 7320 7318 7317)
5(5694 4207 7317 7318 7315)
4(5941 5694 7315 7322)
4(7320 7322 7323 7321)
4(7318 7320 7321 7319)
4(7315 7318 7319 7316)
4(7322 7315 7316 7323)
4(6615 6677 7324 7326)
4(7326 7324 7325 7327)
4(6677 6616 7325 7324)
4(6770 6615 7326 7327)
4(7328 7331 7334 7337)
4(4233 2158 7328 7337)
4(5695 4233 7337 7334)
4(2158 4231 7331 7328)
4(4231 5695 7334 7331)
4(7329 7332 7335 7338)
4(7337 7328 7329 7338)
4(7334 7337 7338 7335)
4(7328 7331 7332 7329)
4(7331 7334 7335 7332)
4(7338 7329 7330 7339)
4(7335 7338 7339 7336)
4(7329 7332 7333 7330)
4(7332 7335 7336 7333)
4(6619 6686 7340 7341)
4(6686 6620 7341 7340)
4(7342 7344 7346 7348)
4(6630 6719 7342 7348)
4(6719 6631 7344 7342)
4(6780 6630 7348 7346)
4(6631 6780 7346 7344)
4(7348 7342 7343 7349)
4(7342 7344 7345 7343)
4(7346 7348 7349 7347)
4(7344 7346 7347 7345)
4(6634 6735 7350 7352)
4(7352 7350 7351 7353)
4(6735 6636 7351 7350)
4(6782 6634 7352 7353)
4(7354 7356 7358 7361)
5(6638 6749 7354 7361 7360)
4(6749 6639 7356 7354)
5(6785 6638 7360 7361 7358)
4(6639 6785 7358 7356)
4(7361 7354 7355 7362)
4(7354 7356 7357 7355)
4(7358 7361 7362 7359)
4(7356 7358 7359 7357)
4(7364 7366 7368 7371)
4(6641 6759 7363 7370)
4(7370 7363 7364 7371)
5(6759 6642 7366 7364 7363)
5(6786 6641 7370 7371 7368)
4(6642 6786 7368 7366)
4(7371 7364 7365 7372)
4(7364 7366 7367 7365)
4(7368 7371 7372 7369)
4(7366 7368 7369 7367)
4(6645 6777 7373 7377)
4(7377 7373 7374 7378)
4(6777 6646 7375 7373)
4(7373 7375 7376 7374)
4(6788 6645 7377 7378)
4(6646 6788 7376 7375)
4(7379 7383 7388 7393)
5(2764 4697 7387 7388 7383)
4(4697 2757 7392 7387)
4(7387 7392 7393 7388)
4(41 2764 7383 7379)
4(7380 7384 7389 7394)
4(7383 7388 7389 7384)
4(7388 7393 7394 7389)
4(7379 7383 7384 7380)
4(7381 7385 7390 7395)
4(7384 7389 7390 7385)
4(7389 7394 7395 7390)
4(7380 7384 7385 7381)
4(7385 7390 7391 7386)
4(7390 7395 7396 7391)
4(7381 7385 7386 7382)
4(7397 7402 7387 7407)
4(4697 2820 7407 7387)
4(2758 4697 7387 7402)
4(2820 250 7397 7407)
4(7398 7403 7388 7408)
4(7387 7407 7408 7388)
4(7402 7387 7388 7403)
4(7407 7397 7398 7408)
4(7399 7404 7389 7409)
4(7388 7408 7409 7389)
4(7403 7388 7389 7404)
4(7408 7398 7399 7409)
4(7400 7405 7390 7410)
4(7389 7409 7410 7390)
4(7404 7389 7390 7405)
4(7409 7399 7400 7410)
4(7390 7410 7411 7391)
4(7405 7390 7391 7406)
4(7410 7400 7401 7411)
4(7412 7408 7388 7383)
4(2764 271 7412 7383)
5(271 2820 7407 7408 7412)
4(7413 7409 7389 7384)
4(7383 7412 7413 7384)
4(7412 7408 7409 7413)
4(7414 7410 7390 7385)
4(7384 7413 7414 7385)
4(7413 7409 7410 7414)
4(7385 7414 7415 7386)
4(7414 7410 7411 7415)
4(7416 7420 7424 7428)
4(2770 4701 7424 7420)
4(4701 2763 7428 7424)
4(62 2770 7420 7416)
4(7417 7421 7425 7429)
4(7420 7424 7425 7421)
4(7424 7428 7429 7425)
4(7416 7420 7421 7417)
4(7418 7422 7426 7430)
4(7421 7425 7426 7422)
4(7425 7429 7430 7426)
4(7417 7421 7422 7418)
4(7422 7426 7427 7423)
4(7426 7430 7431 7427)
4(7418 7422 7423 7419)
4(7412 7383 7424 7432)
4(4701 2826 7432 7424)
4(2764 4701 7424 7383)
4(2826 271 7412 7432)
4(7413 7384 7425 7433)
4(7424 7432 7433 7425)
4(7383 7424 7425 7384)
4(7432 7412 7413 7433)
4(7414 7385 7426 7434)
4(7425 7433 7434 7426)
4(7384 7425 7426 7385)
4(7433 7413 7414 7434)
4(7426 7434 7435 7427)
4(7385 7426 7427 7386)
4(7434 7414 7415 7435)
4(7436 7432 7424 7420)
4(2770 292 7436 7420)
4(292 2826 7432 7436)
4(7437 7433 7425 7421)
4(7420 7436 7437 7421)
4(7436 7432 7433 7437)
4(7438 7434 7426 7422)
4(7421 7437 7438 7422)
4(7437 7433 7434 7438)
4(7422 7438 7439 7423)
4(7438 7434 7435 7439)
4(7440 7444 7448 7452)
4(2776 4705 7448 7444)
4(4705 2769 7452 7448)
4(83 2776 7444 7440)
4(7441 7445 7449 7453)
4(7444 7448 7449 7445)
4(7448 7452 7453 7449)
4(7440 7444 7445 7441)
4(7442 7446 7450 7454)
4(7445 7449 7450 7446)
4(7449 7453 7454 7450)
4(7441 7445 7446 7442)
4(7446 7450 7451 7447)
4(7450 7454 7455 7451)
4(7442 7446 7447 7443)
4(7436 7420 7448 7456)
4(4705 2832 7456 7448)
4(2770 4705 7448 7420)
4(2832 292 7436 7456)
4(7437 7421 7449 7457)
4(7448 7456 7457 7449)
4(7420 7448 7449 7421)
4(7456 7436 7437 7457)
4(7438 7422 7450 7458)
4(7449 7457 7458 7450)
4(7421 7449 7450 7422)
4(7457 7437 7438 7458)
4(7450 7458 7459 7451)
4(7422 7450 7451 7423)
4(7458 7438 7439 7459)
4(7460 7456 7448 7444)
4(2776 313 7460 7444)
4(313 2832 7456 7460)
4(7461 7457 7449 7445)
4(7444 7460 7461 7445)
4(7460 7456 7457 7461)
4(7462 7458 7450 7446)
4(7445 7461 7462 7446)
4(7461 7457 7458 7462)
4(7446 7462 7463 7447)
4(7462 7458 7459 7463)
4(7464 7468 7472 7476)
4(2782 4709 7472 7468)
4(4709 2775 7476 7472)
4(104 2782 7468 7464)
4(7465 7469 7473 7477)
4(7468 7472 7473 7469)
4(7472 7476 7477 7473)
4(7464 7468 7469 7465)
4(7466 7470 7474 7478)
4(7469 7473 7474 7470)
4(7473 7477 7478 7474)
4(7465 7469 7470 7466)
4(7470 7474 7475 7471)
4(7474 7478 7479 7475)
4(7466 7470 7471 7467)
4(7460 7444 7472 7480)
4(4709 2838 7480 7472)
4(2776 4709 7472 7444)
4(2838 313 7460 7480)
4(7461 7445 7473 7481)
4(7472 7480 7481 7473)
4(7444 7472 7473 7445)
4(7480 7460 7461 7481)
4(7462 7446 7474 7482)
4(7473 7481 7482 7474)
4(7445 7473 7474 7446)
4(7481 7461 7462 7482)
4(7474 7482 7483 7475)
4(7446 7474 7475 7447)
4(7482 7462 7463 7483)
4(7484 7480 7472 7468)
4(2782 334 7484 7468)
4(334 2838 7480 7484)
4(7485 7481 7473 7469)
4(7468 7484 7485 7469)
4(7484 7480 7481 7485)
4(7486 7482 7474 7470)
4(7469 7485 7486 7470)
4(7485 7481 7482 7486)
4(7470 7486 7487 7471)
4(7486 7482 7483 7487)
4(7488 7492 7496 7500)
4(2788 4713 7496 7492)
4(4713 2781 7500 7496)
4(125 2788 7492 7488)
4(7489 7493 7497 7501)
4(7492 7496 7497 7493)
4(7496 7500 7501 7497)
4(7488 7492 7493 7489)
4(7490 7494 7498 7502)
4(7493 7497 7498 7494)
4(7497 7501 7502 7498)
4(7489 7493 7494 7490)
4(7494 7498 7499 7495)
4(7498 7502 7503 7499)
4(7490 7494 7495 7491)
4(7484 7468 7496 7504)
4(4713 2844 7504 7496)
4(2782 4713 7496 7468)
4(2844 334 7484 7504)
4(7485 7469 7497 7505)
4(7496 7504 7505 7497)
4(7468 7496 7497 7469)
4(7504 7484 7485 7505)
4(7486 7470 7498 7506)
4(7497 7505 7506 7498)
4(7469 7497 7498 7470)
4(7505 7485 7486 7506)
4(7498 7506 7507 7499)
4(7470 7498 7499 7471)
4(7506 7486 7487 7507)
4(7508 7504 7496 7492)
4(2788 355 7508 7492)
4(355 2844 7504 7508)
4(7509 7505 7497 7493)
4(7492 7508 7509 7493)
4(7508 7504 7505 7509)
4(7510 7506 7498 7494)
4(7493 7509 7510 7494)
4(7509 7505 7506 7510)
4(7494 7510 7511 7495)
4(7510 7506 7507 7511)
4(7512 7516 7520 7524)
4(2794 4717 7520 7516)
4(4717 2787 7524 7520)
4(146 2794 7516 7512)
4(7513 7517 7521 7525)
4(7516 7520 7521 7517)
4(7520 7524 7525 7521)
4(7512 7516 7517 7513)
4(7514 7518 7522 7526)
4(7517 7521 7522 7518)
4(7521 7525 7526 7522)
4(7513 7517 7518 7514)
4(7518 7522 7523 7519)
4(7522 7526 7527 7523)
4(7514 7518 7519 7515)
4(7508 7492 7520 7528)
4(4717 2850 7528 7520)
4(2788 4717 7520 7492)
4(2850 355 7508 7528)
4(7509 7493 7521 7529)
4(7520 7528 7529 7521)
4(7492 7520 7521 7493)
4(7528 7508 7509 7529)
4(7510 7494 7522 7530)
4(7521 7529 7530 7522)
4(7493 7521 7522 7494)
4(7529 7509 7510 7530)
4(7522 7530 7531 7523)
4(7494 7522 7523 7495)
4(7530 7510 7511 7531)
4(7532 7528 7520 7516)
4(2794 376 7532 7516)
4(376 2850 7528 7532)
4(7533 7529 7521 7517)
4(7516 7532 7533 7517)
4(7532 7528 7529 7533)
4(7534 7530 7522 7518)
4(7517 7533 7534 7518)
4(7533 7529 7530 7534)
4(7518 7534 7535 7519)
4(7534 7530 7531 7535)
4(7537 7542 7546 7550)
5(2800 4721 7546 7542 7541)
4(4721 2793 7550 7546)
4(167 2800 7541 7536)
4(7536 7541 7542 7537)
4(7538 7543 7547 7551)
4(7542 7546 7547 7543)
4(7546 7550 7551 7547)
4(7537 7542 7543 7538)
4(7539 7544 7548 7552)
4(7543 7547 7548 7544)
4(7547 7551 7552 7548)
4(7538 7543 7544 7539)
4(7544 7548 7549 7545)
4(7548 7552 7553 7549)
4(7539 7544 7545 7540)
4(7532 7516 7546 7554)
4(4721 2856 7554 7546)
4(2794 4721 7546 7516)
4(2856 376 7532 7554)
4(7533 7517 7547 7555)
4(7546 7554 7555 7547)
4(7516 7546 7547 7517)
4(7554 7532 7533 7555)
4(7534 7518 7548 7556)
4(7547 7555 7556 7548)
4(7517 7547 7548 7518)
4(7555 7533 7534 7556)
4(7548 7556 7557 7549)
4(7518 7548 7549 7519)
4(7556 7534 7535 7557)
4(7559 7554 7546 7542)
4(2800 397 7558 7541)
4(7541 7558 7559 7542)
5(397 2856 7554 7559 7558)
4(7560 7555 7547 7543)
4(7542 7559 7560 7543)
4(7559 7554 7555 7560)
4(7561 7556 7548 7544)
4(7543 7560 7561 7544)
4(7560 7555 7556 7561)
4(7544 7561 7562 7545)
4(7561 7556 7557 7562)
4(7563 7568 7573 7578)
4(2806 4725 7573 7568)
4(4725 2799 7578 7573)
4(188 2806 7568 7563)
4(7564 7569 7574 7579)
4(7568 7573 7574 7569)
4(7573 7578 7579 7574)
4(7563 7568 7569 7564)
4(7565 7570 7575 7580)
4(7569 7574 7575 7570)
4(7574 7579 7580 7575)
4(7564 7569 7570 7565)
4(7566 7571 7576 7581)
4(7570 7575 7576 7571)
4(7575 7580 7581 7576)
4(7565 7570 7571 7566)
4(7571 7576 7577 7572)
4(7576 7581 7582 7577)
4(7566 7571 7572 7567)
4(7558 7541 7573 7583)
4(4725 2862 7583 7573)
4(2800 4725 7573 7541)
4(2862 397 7558 7583)
4(7559 7542 7574 7584)
4(7573 7583 7584 7574)
4(7541 7573 7574 7542)
4(7583 7558 7559 7584)
4(7560 7543 7575 7585)
4(7574 7584 7585 7575)
4(7542 7574 7575 7543)
4(7584 7559 7560 7585)
4(7561 7544 7576 7586)
4(7575 7585 7586 7576)
4(7543 7575 7576 7544)
4(7585 7560 7561 7586)
4(7576 7586 7587 7577)
4(7544 7576 7577 7545)
4(7586 7561 7562 7587)
4(7588 7583 7573 7568)
4(2806 418 7588 7568)
4(418 2862 7583 7588)
4(7589 7584 7574 7569)
4(7568 7588 7589 7569)
4(7588 7583 7584 7589)
4(7590 7585 7575 7570)
4(7569 7589 7590 7570)
4(7589 7584 7585 7590)
4(7591 7586 7576 7571)
4(7570 7590 7591 7571)
4(7590 7585 7586 7591)
4(7571 7591 7592 7572)
4(7591 7586 7587 7592)
4(7593 7598 7603 7608)
4(2812 4729 7603 7598)
4(4729 2805 7608 7603)
4(209 2812 7598 7593)
4(7594 7599 7604 7609)
4(7598 7603 7604 7599)
4(7603 7608 7609 7604)
4(7593 7598 7599 7594)
4(7595 7600 7605 7610)
4(7599 7604 7605 7600)
4(7604 7609 7610 7605)
4(7594 7599 7600 7595)
4(7596 7601 7606 7611)
4(7600 7605 7606 7601)
4(7605 7610 7611 7606)
4(7595 7600 7601 7596)
4(7601 7606 7607 7602)
4(7606 7611 7612 7607)
4(7596 7601 7602 7597)
4(7588 7568 7603 7613)
4(4729 2868 7613 7603)
4(2806 4729 7603 7568)
4(2868 418 7588 7613)
4(7589 7569 7604 7614)
4(7603 7613 7614 7604)
4(7568 7603 7604 7569)
4(7613 7588 7589 7614)
4(7590 7570 7605 7615)
4(7604 7614 7615 7605)
4(7569 7604 7605 7570)
4(7614 7589 7590 7615)
4(7591 7571 7606 7616)
4(7605 7615 7616 7606)
4(7570 7605 7606 7571)
4(7615 7590 7591 7616)
4(7606 7616 7617 7607)
4(7571 7606 7607 7572)
4(7616 7591 7592 7617)
4(7618 7613 7603 7598)
4(2812 439 7618 7598)
4(439 2868 7613 7618)
4(7619 7614 7604 7599)
4(7598 7618 7619 7599)
4(7618 7613 7614 7619)
4(7620 7615 7605 7600)
4(7599 7619 7620 7600)
4(7619 7614 7615 7620)
4(7621 7616 7606 7601)
4(7600 7620 7621 7601)
4(7620 7615 7616 7621)
4(7601 7621 7622 7602)
4(7621 7616 7617 7622)
4(7623 7628 7633 7638)
4(6740 4732 7633 7628)
4(4732 2811 7638 7633)
4(7624 7629 7634 7639)
4(7628 7633 7634 7629)
4(7633 7638 7639 7634)
4(7625 7630 7635 7640)
4(7629 7634 7635 7630)
4(7634 7639 7640 7635)
4(7626 7631 7636 7641)
4(7630 7635 7636 7631)
4(7635 7640 7641 7636)
4(7631 7636 7637 7632)
4(7636 7641 7642 7637)
4(7618 7598 7633 7643)
4(4732 2874 7643 7633)
4(2812 4732 7633 7598)
4(2874 439 7618 7643)
4(7619 7599 7634 7644)
4(7633 7643 7644 7634)
4(7598 7633 7634 7599)
4(7643 7618 7619 7644)
4(7620 7600 7635 7645)
4(7634 7644 7645 7635)
4(7599 7634 7635 7600)
4(7644 7619 7620 7645)
4(7621 7601 7636 7646)
4(7635 7645 7646 7636)
4(7600 7635 7636 7601)
4(7645 7620 7621 7646)
4(7636 7646 7647 7637)
4(7601 7636 7637 7602)
4(7646 7621 7622 7647)
4(7648 7643 7633 7628)
4(6835 2874 7643 7648)
4(7649 7644 7634 7629)
4(7648 7643 7644 7649)
4(7650 7645 7635 7630)
4(7649 7644 7645 7650)
4(7651 7646 7636 7631)
4(7650 7645 7646 7651)
4(7651 7646 7647 7652)
4(7412 7653 7658 7408)
5(2827 4736 7657 7658 7653)
4(4736 2820 7407 7657)
4(7657 7407 7408 7658)
4(271 2827 7653 7412)
4(7413 7654 7659 7409)
4(7653 7658 7659 7654)
4(7658 7408 7409 7659)
4(7412 7653 7654 7413)
4(7414 7655 7660 7410)
4(7654 7659 7660 7655)
4(7659 7409 7410 7660)
4(7413 7654 7655 7414)
4(7655 7660 7661 7656)
4(7660 7410 7411 7661)
4(7414 7655 7656 7415)
4(7662 7667 7657 7672)
4(4736 2884 7672 7657)
4(2821 4736 7657 7667)
4(2884 481 7662 7672)
4(7663 7668 7658 7673)
4(7657 7672 7673 7658)
4(7667 7657 7658 7668)
4(7672 7662 7663 7673)
4(7664 7669 7659 7674)
4(7658 7673 7674 7659)
4(7668 7658 7659 7669)
4(7673 7663 7664 7674)
4(7665 7670 7660 7675)
4(7659 7674 7675 7660)
4(7669 7659 7660 7670)
4(7674 7664 7665 7675)
4(7660 7675 7676 7661)
4(7670 7660 7661 7671)
4(7675 7665 7666 7676)
4(7677 7673 7658 7653)
4(2827 502 7677 7653)
5(502 2884 7672 7673 7677)
4(7678 7674 7659 7654)
4(7653 7677 7678 7654)
4(7677 7673 7674 7678)
4(7679 7675 7660 7655)
4(7654 7678 7679 7655)
4(7678 7674 7675 7679)
4(7655 7679 7680 7656)
4(7679 7675 7676 7680)
4(7437 7681 7684 7433)
4(2833 4740 7684 7681)
5(4740 2826 7432 7433 7684)
5(292 2833 7681 7437 7436)
4(7438 7682 7685 7434)
4(7681 7684 7685 7682)
4(7684 7433 7434 7685)
4(7437 7681 7682 7438)
4(7682 7685 7686 7683)
4(7685 7434 7435 7686)
4(7438 7682 7683 7439)
4(7678 7654 7684 7687)
4(4740 2890 7687 7684)
5(2827 4740 7684 7654 7653)
5(2890 502 7677 7678 7687)
4(7679 7655 7685 7688)
4(7684 7687 7688 7685)
4(7654 7684 7685 7655)
4(7687 7678 7679 7688)
4(7685 7688 7689 7686)
4(7655 7685 7686 7656)
4(7688 7679 7680 7689)
4(7690 7688 7685 7682)
5(2833 523 7690 7682 7681)
5(523 2890 7687 7688 7690)
4(7682 7690 7691 7683)
4(7690 7688 7689 7691)
4(7461 7692 7695 7457)
4(2839 4744 7695 7692)
5(4744 2832 7456 7457 7695)
5(313 2839 7692 7461 7460)
4(7462 7693 7696 7458)
4(7692 7695 7696 7693)
4(7695 7457 7458 7696)
4(7461 7692 7693 7462)
4(7693 7696 7697 7694)
4(7696 7458 7459 7697)
4(7462 7693 7694 7463)
4(7690 7682 7696 7698)
5(4744 2896 7698 7696 7695)
4(2833 4744 7695 7681)
4(7681 7695 7696 7682)
4(2896 523 7690 7698)
4(7696 7698 7699 7697)
4(7682 7696 7697 7683)
4(7698 7690 7691 7699)
4(7700 7698 7696 7693)
5(2839 544 7700 7693 7692)
4(544 2896 7698 7700)
4(7693 7700 7701 7694)
4(7700 7698 7699 7701)
4(7485 7702 7705 7481)
4(2845 4748 7705 7702)
5(4748 2838 7480 7481 7705)
5(334 2845 7702 7485 7484)
4(7486 7703 7706 7482)
4(7702 7705 7706 7703)
4(7705 7481 7482 7706)
4(7485 7702 7703 7486)
4(7703 7706 7707 7704)
4(7706 7482 7483 7707)
4(7486 7703 7704 7487)
4(7700 7693 7706 7708)
5(4748 2902 7708 7706 7705)
4(2839 4748 7705 7692)
4(7692 7705 7706 7693)
4(2902 544 7700 7708)
4(7706 7708 7709 7707)
4(7693 7706 7707 7694)
4(7708 7700 7701 7709)
4(7710 7708 7706 7703)
5(2845 565 7710 7703 7702)
4(565 2902 7708 7710)
4(7703 7710 7711 7704)
4(7710 7708 7709 7711)
4(7509 7712 7715 7505)
4(2851 4752 7715 7712)
5(4752 2844 7504 7505 7715)
5(355 2851 7712 7509 7508)
4(7510 7713 7716 7506)
4(7712 7715 7716 7713)
4(7715 7505 7506 7716)
4(7509 7712 7713 7510)
4(7713 7716 7717 7714)
4(7716 7506 7507 7717)
4(7510 7713 7714 7511)
4(7710 7703 7716 7718)
5(4752 2907 7718 7716 7715)
4(2845 4752 7715 7702)
4(7702 7715 7716 7703)
4(2907 565 7710 7718)
4(7716 7718 7719 7717)
4(7703 7716 7717 7704)
4(7718 7710 7711 7719)
4(7720 7718 7716 7713)
5(2851 586 7720 7713 7712)
4(586 2907 7718 7720)
4(7713 7720 7721 7714)
4(7720 7718 7719 7721)
4(7533 7722 7725 7529)
4(2857 4756 7725 7722)
5(4756 2850 7528 7529 7725)
5(376 2857 7722 7533 7532)
4(7534 7723 7726 7530)
4(7722 7725 7726 7723)
4(7725 7529 7530 7726)
4(7533 7722 7723 7534)
4(7723 7726 7727 7724)
4(7726 7530 7531 7727)
4(7534 7723 7724 7535)
4(7720 7713 7726 7728)
5(4756 2913 7728 7726 7725)
4(2851 4756 7725 7712)
4(7712 7725 7726 7713)
4(2913 586 7720 7728)
4(7726 7728 7729 7727)
4(7713 7726 7727 7714)
4(7728 7720 7721 7729)
4(7731 7728 7726 7723)
4(2857 607 7730 7722)
4(7722 7730 7731 7723)
5(607 2913 7728 7731 7730)
4(7723 7731 7732 7724)
4(7731 7728 7729 7732)
4(7559 7734 7738 7554)
5(2863 4760 7738 7734 7733)
4(4760 2856 7554 7738)
4(397 2863 7733 7558)
4(7558 7733 7734 7559)
4(7560 7735 7739 7555)
4(7734 7738 7739 7735)
4(7738 7554 7555 7739)
4(7559 7734 7735 7560)
4(7561 7736 7740 7556)
4(7735 7739 7740 7736)
4(7739 7555 7556 7740)
4(7560 7735 7736 7561)
4(7736 7740 7741 7737)
4(7740 7556 7557 7741)
4(7561 7736 7737 7562)
4(7730 7722 7739 7743)
4(4760 2919 7742 7738)
4(7738 7742 7743 7739)
5(2857 4760 7738 7739 7722)
5(2919 607 7730 7743 7742)
4(7731 7723 7740 7744)
4(7739 7743 7744 7740)
4(7722 7739 7740 7723)
4(7743 7730 7731 7744)
4(7740 7744 7745 7741)
4(7723 7740 7741 7724)
4(7744 7731 7732 7745)
4(7747 7742 7738 7734)
4(2863 628 7746 7733)
4(7733 7746 7747 7734)
5(628 2919 7742 7747 7746)
4(7748 7743 7739 7735)
4(7734 7747 7748 7735)
4(7747 7742 7743 7748)
4(7749 7744 7740 7736)
4(7735 7748 7749 7736)
4(7748 7743 7744 7749)
4(7736 7749 7750 7737)
4(7749 7744 7745 7750)
4(7588 7751 7756 7583)
4(2869 4764 7756 7751)
4(4764 2862 7583 7756)
4(418 2869 7751 7588)
4(7589 7752 7757 7584)
4(7751 7756 7757 7752)
4(7756 7583 7584 7757)
4(7588 7751 7752 7589)
4(7590 7753 7758 7585)
4(7752 7757 7758 7753)
4(7757 7584 7585 7758)
4(7589 7752 7753 7590)
4(7591 7754 7759 7586)
4(7753 7758 7759 7754)
4(7758 7585 7586 7759)
4(7590 7753 7754 7591)
4(7754 7759 7760 7755)
4(7759 7586 7587 7760)
4(7591 7754 7755 7592)
4(7746 7733 7756 7761)
4(4764 2925 7761 7756)
4(2863 4764 7756 7733)
4(2925 628 7746 7761)
4(7747 7734 7757 7762)
4(7756 7761 7762 7757)
4(7733 7756 7757 7734)
4(7761 7746 7747 7762)
4(7748 7735 7758 7763)
4(7757 7762 7763 7758)
4(7734 7757 7758 7735)
4(7762 7747 7748 7763)
4(7749 7736 7759 7764)
4(7758 7763 7764 7759)
4(7735 7758 7759 7736)
4(7763 7748 7749 7764)
4(7759 7764 7765 7760)
4(7736 7759 7760 7737)
4(7764 7749 7750 7765)
4(7766 7761 7756 7751)
4(2869 649 7766 7751)
4(649 2925 7761 7766)
4(7767 7762 7757 7752)
4(7751 7766 7767 7752)
4(7766 7761 7762 7767)
4(7768 7763 7758 7753)
4(7752 7767 7768 7753)
4(7767 7762 7763 7768)
4(7769 7764 7759 7754)
4(7753 7768 7769 7754)
4(7768 7763 7764 7769)
4(7754 7769 7770 7755)
4(7769 7764 7765 7770)
4(7618 7771 7776 7613)
4(2875 4768 7776 7771)
4(4768 2868 7613 7776)
4(439 2875 7771 7618)
4(7619 7772 7777 7614)
4(7771 7776 7777 7772)
4(7776 7613 7614 7777)
4(7618 7771 7772 7619)
4(7620 7773 7778 7615)
4(7772 7777 7778 7773)
4(7777 7614 7615 7778)
4(7619 7772 7773 7620)
4(7621 7774 7779 7616)
4(7773 7778 7779 7774)
4(7778 7615 7616 7779)
4(7620 7773 7774 7621)
4(7774 7779 7780 7775)
4(7779 7616 7617 7780)
4(7621 7774 7775 7622)
4(7766 7751 7776 7781)
4(4768 2931 7781 7776)
4(2869 4768 7776 7751)
4(2931 649 7766 7781)
4(7767 7752 7777 7782)
4(7776 7781 7782 7777)
4(7751 7776 7777 7752)
4(7781 7766 7767 7782)
4(7768 7753 7778 7783)
4(7777 7782 7783 7778)
4(7752 7777 7778 7753)
4(7782 7767 7768 7783)
4(7769 7754 7779 7784)
4(7778 7783 7784 7779)
4(7753 7778 7779 7754)
4(7783 7768 7769 7784)
4(7779 7784 7785 7780)
4(7754 7779 7780 7755)
4(7784 7769 7770 7785)
4(7786 7781 7776 7771)
4(2875 670 7786 7771)
4(670 2931 7781 7786)
4(7787 7782 7777 7772)
4(7771 7786 7787 7772)
4(7786 7781 7782 7787)
4(7788 7783 7778 7773)
4(7772 7787 7788 7773)
4(7787 7782 7783 7788)
4(7789 7784 7779 7774)
4(7773 7788 7789 7774)
4(7788 7783 7784 7789)
4(7774 7789 7790 7775)
4(7789 7784 7785 7790)
4(7648 7791 7796 7643)
4(6784 4771 7796 7791)
4(4771 2874 7643 7796)
4(7649 7792 7797 7644)
4(7791 7796 7797 7792)
4(7796 7643 7644 7797)
4(7650 7793 7798 7645)
4(7792 7797 7798 7793)
4(7797 7644 7645 7798)
4(7651 7794 7799 7646)
4(7793 7798 7799 7794)
4(7798 7645 7646 7799)
4(7794 7799 7800 7795)
4(7799 7646 7647 7800)
4(7786 7771 7796 7801)
4(4771 2937 7801 7796)
4(2875 4771 7796 7771)
4(2937 670 7786 7801)
4(7787 7772 7797 7802)
4(7796 7801 7802 7797)
4(7771 7796 7797 7772)
4(7801 7786 7787 7802)
4(7788 7773 7798 7803)
4(7797 7802 7803 7798)
4(7772 7797 7798 7773)
4(7802 7787 7788 7803)
4(7789 7774 7799 7804)
4(7798 7803 7804 7799)
4(7773 7798 7799 7774)
4(7803 7788 7789 7804)
4(7799 7804 7805 7800)
4(7774 7799 7800 7775)
4(7804 7789 7790 7805)
4(7806 7801 7796 7791)
4(6680 2937 7801 7806)
4(7807 7802 7797 7792)
4(7806 7801 7802 7807)
4(7808 7803 7798 7793)
4(7807 7802 7803 7808)
4(7809 7804 7799 7794)
4(7808 7803 7804 7809)
4(7809 7804 7805 7810)
4(7677 7811 7816 7673)
5(2891 4775 7815 7816 7811)
4(4775 2884 7672 7815)
4(7815 7672 7673 7816)
4(502 2891 7811 7677)
4(7678 7812 7817 7674)
4(7811 7816 7817 7812)
4(7816 7673 7674 7817)
4(7677 7811 7812 7678)
4(7679 7813 7818 7675)
4(7812 7817 7818 7813)
4(7817 7674 7675 7818)
4(7678 7812 7813 7679)
4(7813 7818 7819 7814)
4(7818 7675 7676 7819)
4(7679 7813 7814 7680)
4(7820 7825 7815 7830)
4(4775 2947 7830 7815)
4(2885 4775 7815 7825)
4(2947 712 7820 7830)
4(7821 7826 7816 7831)
4(7815 7830 7831 7816)
4(7825 7815 7816 7826)
4(7830 7820 7821 7831)
4(7822 7827 7817 7832)
4(7816 7831 7832 7817)
4(7826 7816 7817 7827)
4(7831 7821 7822 7832)
4(7823 7828 7818 7833)
4(7817 7832 7833 7818)
4(7827 7817 7818 7828)
4(7832 7822 7823 7833)
4(7818 7833 7834 7819)
4(7828 7818 7819 7829)
4(7833 7823 7824 7834)
4(7835 7831 7816 7811)
4(2891 733 7835 7811)
5(733 2947 7830 7831 7835)
4(7836 7832 7817 7812)
4(7811 7835 7836 7812)
4(7835 7831 7832 7836)
4(7837 7833 7818 7813)
4(7812 7836 7837 7813)
4(7836 7832 7833 7837)
4(7813 7837 7838 7814)
4(7837 7833 7834 7838)
4(7690 7839 7842 7688)
5(2897 4779 7841 7842 7839)
4(4779 2890 7687 7841)
4(7841 7687 7688 7842)
4(523 2897 7839 7690)
4(7839 7842 7843 7840)
4(7842 7688 7689 7843)
4(7690 7839 7840 7691)
4(7836 7812 7841 7844)
4(4779 2953 7844 7841)
5(2891 4779 7841 7812 7811)
5(2953 733 7835 7836 7844)
4(7837 7813 7842 7845)
4(7841 7844 7845 7842)
4(7812 7841 7842 7813)
4(7844 7836 7837 7845)
4(7842 7845 7846 7843)
4(7813 7842 7843 7814)
4(7845 7837 7838 7846)
4(7847 7845 7842 7839)
4(2897 754 7847 7839)
5(754 2953 7844 7845 7847)
4(7839 7847 7848 7840)
4(7847 7845 7846 7848)
4(4783 2896 7698 7699)
4(544 2903 7701 7700)
4(2897 4783 7840 7839)
4(2959 754 7847 7849)
4(7849 7847 7848 7850)
4(4783 2959 7849 7850)
4(7731 7852 7854 7728)
5(2920 4789 7854 7852 7851)
4(4789 2913 7728 7854)
4(607 2920 7851 7730)
4(7730 7851 7852 7731)
4(7852 7854 7855 7853)
4(7854 7728 7729 7855)
4(7731 7852 7853 7732)
4(4789 2972 7856 7854)
4(7854 7856 7857 7855)
4(2914 4789 7854 7855)
4(2972 817 7857 7856)
4(7859 7856 7854 7852)
4(2920 838 7858 7851)
4(7851 7858 7859 7852)
5(838 2972 7856 7859 7858)
4(7852 7859 7860 7853)
4(7859 7856 7857 7860)
4(7747 7862 7866 7742)
5(2926 4793 7866 7862 7861)
4(4793 2919 7742 7866)
4(628 2926 7861 7746)
4(7746 7861 7862 7747)
4(7748 7863 7867 7743)
4(7862 7866 7867 7863)
4(7866 7742 7743 7867)
4(7747 7862 7863 7748)
4(7749 7864 7868 7744)
4(7863 7867 7868 7864)
4(7867 7743 7744 7868)
4(7748 7863 7864 7749)
4(7864 7868 7869 7865)
4(7868 7744 7745 7869)
4(7749 7864 7865 7750)
4(7858 7851 7867 7871)
4(4793 2978 7870 7866)
4(7866 7870 7871 7867)
5(2920 4793 7866 7867 7851)
5(2978 838 7858 7871 7870)
4(7859 7852 7868 7872)
4(7867 7871 7872 7868)
4(7851 7867 7868 7852)
4(7871 7858 7859 7872)
4(7868 7872 7873 7869)
4(7852 7868 7869 7853)
4(7872 7859 7860 7873)
4(7875 7870 7866 7862)
4(2926 859 7874 7861)
4(7861 7874 7875 7862)
5(859 2978 7870 7875 7874)
4(7876 7871 7867 7863)
4(7862 7875 7876 7863)
4(7875 7870 7871 7876)
4(7877 7872 7868 7864)
4(7863 7876 7877 7864)
4(7876 7871 7872 7877)
4(7864 7877 7878 7865)
4(7877 7872 7873 7878)
4(7766 7879 7884 7761)
4(2932 4797 7884 7879)
4(4797 2925 7761 7884)
4(649 2932 7879 7766)
4(7767 7880 7885 7762)
4(7879 7884 7885 7880)
4(7884 7761 7762 7885)
4(7766 7879 7880 7767)
4(7768 7881 7886 7763)
4(7880 7885 7886 7881)
4(7885 7762 7763 7886)
4(7767 7880 7881 7768)
4(7769 7882 7887 7764)
4(7881 7886 7887 7882)
4(7886 7763 7764 7887)
4(7768 7881 7882 7769)
4(7882 7887 7888 7883)
4(7887 7764 7765 7888)
4(7769 7882 7883 7770)
4(7874 7861 7884 7889)
4(4797 2984 7889 7884)
4(2926 4797 7884 7861)
4(2984 859 7874 7889)
4(7875 7862 7885 7890)
4(7884 7889 7890 7885)
4(7861 7884 7885 7862)
4(7889 7874 7875 7890)
4(7876 7863 7886 7891)
4(7885 7890 7891 7886)
4(7862 7885 7886 7863)
4(7890 7875 7876 7891)
4(7877 7864 7887 7892)
4(7886 7891 7892 7887)
4(7863 7886 7887 7864)
4(7891 7876 7877 7892)
4(7887 7892 7893 7888)
4(7864 7887 7888 7865)
4(7892 7877 7878 7893)
4(7894 7889 7884 7879)
4(2932 880 7894 7879)
4(880 2984 7889 7894)
4(7895 7890 7885 7880)
4(7879 7894 7895 7880)
4(7894 7889 7890 7895)
4(7896 7891 7886 7881)
4(7880 7895 7896 7881)
4(7895 7890 7891 7896)
4(7897 7892 7887 7882)
4(7881 7896 7897 7882)
4(7896 7891 7892 7897)
4(7882 7897 7898 7883)
4(7897 7892 7893 7898)
4(7786 7899 7904 7781)
4(2938 4801 7904 7899)
4(4801 2931 7781 7904)
4(670 2938 7899 7786)
4(7787 7900 7905 7782)
4(7899 7904 7905 7900)
4(7904 7781 7782 7905)
4(7786 7899 7900 7787)
4(7788 7901 7906 7783)
4(7900 7905 7906 7901)
4(7905 7782 7783 7906)
4(7787 7900 7901 7788)
4(7789 7902 7907 7784)
4(7901 7906 7907 7902)
4(7906 7783 7784 7907)
4(7788 7901 7902 7789)
4(7902 7907 7908 7903)
4(7907 7784 7785 7908)
4(7789 7902 7903 7790)
4(7894 7879 7904 7909)
4(4801 2990 7909 7904)
4(2932 4801 7904 7879)
4(2990 880 7894 7909)
4(7895 7880 7905 7910)
4(7904 7909 7910 7905)
4(7879 7904 7905 7880)
4(7909 7894 7895 7910)
4(7896 7881 7906 7911)
4(7905 7910 7911 7906)
4(7880 7905 7906 7881)
4(7910 7895 7896 7911)
4(7897 7882 7907 7912)
4(7906 7911 7912 7907)
4(7881 7906 7907 7882)
4(7911 7896 7897 7912)
4(7907 7912 7913 7908)
4(7882 7907 7908 7883)
4(7912 7897 7898 7913)
4(7914 7909 7904 7899)
4(2938 901 7914 7899)
4(901 2990 7909 7914)
4(7915 7910 7905 7900)
4(7899 7914 7915 7900)
4(7914 7909 7910 7915)
4(7916 7911 7906 7901)
4(7900 7915 7916 7901)
4(7915 7910 7911 7916)
4(7917 7912 7907 7902)
4(7901 7916 7917 7902)
4(7916 7911 7912 7917)
4(7902 7917 7918 7903)
4(7917 7912 7913 7918)
4(7806 7919 7924 7801)
4(6820 4804 7924 7919)
4(4804 2937 7801 7924)
4(7807 7920 7925 7802)
4(7919 7924 7925 7920)
4(7924 7801 7802 7925)
4(7808 7921 7926 7803)
4(7920 7925 7926 7921)
4(7925 7802 7803 7926)
4(7809 7922 7927 7804)
4(7921 7926 7927 7922)
4(7926 7803 7804 7927)
4(7922 7927 7928 7923)
4(7927 7804 7805 7928)
4(7914 7899 7924 7929)
4(4804 2996 7929 7924)
4(2938 4804 7924 7899)
4(2996 901 7914 7929)
4(7915 7900 7925 7930)
4(7924 7929 7930 7925)
4(7899 7924 7925 7900)
4(7929 7914 7915 7930)
4(7916 7901 7926 7931)
4(7925 7930 7931 7926)
4(7900 7925 7926 7901)
4(7930 7915 7916 7931)
4(7917 7902 7927 7932)
4(7926 7931 7932 7927)
4(7901 7926 7927 7902)
4(7931 7916 7917 7932)
4(7927 7932 7933 7928)
4(7902 7927 7928 7903)
4(7932 7917 7918 7933)
4(7934 7929 7924 7919)
4(6819 2996 7929 7934)
4(7935 7930 7925 7920)
4(7934 7929 7930 7935)
4(7936 7931 7926 7921)
4(7935 7930 7931 7936)
4(7937 7932 7927 7922)
4(7936 7931 7932 7937)
4(7937 7932 7933 7938)
4(7835 7939 7944 7831)
5(2954 4808 7943 7944 7939)
4(4808 2947 7830 7943)
4(7943 7830 7831 7944)
4(733 2954 7939 7835)
4(7836 7940 7945 7832)
4(7939 7944 7945 7940)
4(7944 7831 7832 7945)
4(7835 7939 7940 7836)
4(7837 7941 7946 7833)
4(7940 7945 7946 7941)
4(7945 7832 7833 7946)
4(7836 7940 7941 7837)
4(7941 7946 7947 7942)
4(7946 7833 7834 7947)
4(7837 7941 7942 7838)
4(7948 7953 7943 7958)
4(4808 3006 7958 7943)
4(2948 4808 7943 7953)
4(3006 943 7948 7958)
4(7949 7954 7944 7959)
4(7943 7958 7959 7944)
4(7953 7943 7944 7954)
4(7958 7948 7949 7959)
4(7950 7955 7945 7960)
4(7944 7959 7960 7945)
4(7954 7944 7945 7955)
4(7959 7949 7950 7960)
4(7951 7956 7946 7961)
4(7945 7960 7961 7946)
4(7955 7945 7946 7956)
4(7960 7950 7951 7961)
4(7946 7961 7962 7947)
4(7956 7946 7947 7957)
4(7961 7951 7952 7962)
4(7963 7959 7944 7939)
4(2954 964 7963 7939)
5(964 3006 7958 7959 7963)
4(7964 7960 7945 7940)
4(7939 7963 7964 7940)
4(7963 7959 7960 7964)
4(7965 7961 7946 7941)
4(7940 7964 7965 7941)
4(7964 7960 7961 7965)
4(7941 7965 7966 7942)
4(7965 7961 7962 7966)
4(7847 7967 7970 7845)
5(2960 4812 7969 7970 7967)
4(4812 2953 7844 7969)
4(7969 7844 7845 7970)
4(754 2960 7967 7847)
4(7967 7970 7971 7968)
4(7970 7845 7846 7971)
4(7847 7967 7968 7848)
4(7964 7940 7969 7972)
4(4812 3012 7972 7969)
5(2954 4812 7969 7940 7939)
5(3012 964 7963 7964 7972)
4(7965 7941 7970 7973)
4(7969 7972 7973 7970)
4(7940 7969 7970 7941)
4(7972 7964 7965 7973)
4(7970 7973 7974 7971)
4(7941 7970 7971 7942)
4(7973 7965 7966 7974)
4(7975 7973 7970 7967)
4(2960 985 7975 7967)
5(985 3012 7972 7973 7975)
4(7967 7975 7976 7968)
4(7975 7973 7974 7976)
4(7975 7967 7977 7979)
4(2960 4816 7977 7967)
4(3018 985 7975 7979)
4(4816 3018 7979 7977)
4(7967 7977 7978 7968)
4(7979 7975 7976 7980)
4(7977 7979 7980 7978)
4(7859 7982 7984 7856)
5(2979 4824 7984 7982 7981)
4(4824 2972 7856 7984)
4(838 2979 7981 7858)
4(7858 7981 7982 7859)
4(7982 7984 7985 7983)
4(7984 7856 7857 7985)
4(7859 7982 7983 7860)
4(4824 3036 7986 7984)
4(7984 7986 7987 7985)
4(2973 4824 7984 7985)
4(3036 1048 7987 7986)
4(7989 7986 7984 7982)
4(2979 1069 7988 7981)
4(7981 7988 7989 7982)
5(1069 3036 7986 7989 7988)
4(7982 7989 7990 7983)
4(7989 7986 7987 7990)
4(7875 7992 7996 7870)
5(2985 4828 7996 7992 7991)
4(4828 2978 7870 7996)
4(859 2985 7991 7874)
4(7874 7991 7992 7875)
4(7876 7993 7997 7871)
4(7992 7996 7997 7993)
4(7996 7870 7871 7997)
4(7875 7992 7993 7876)
4(7877 7994 7998 7872)
4(7993 7997 7998 7994)
4(7997 7871 7872 7998)
4(7876 7993 7994 7877)
4(7994 7998 7999 7995)
4(7998 7872 7873 7999)
4(7877 7994 7995 7878)
4(7988 7981 7997 8001)
4(4828 3042 8000 7996)
4(7996 8000 8001 7997)
5(2979 4828 7996 7997 7981)
5(3042 1069 7988 8001 8000)
4(7989 7982 7998 8002)
4(7997 8001 8002 7998)
4(7981 7997 7998 7982)
4(8001 7988 7989 8002)
4(7998 8002 8003 7999)
4(7982 7998 7999 7983)
4(8002 7989 7990 8003)
4(8005 8000 7996 7992)
4(2985 1090 8004 7991)
4(7991 8004 8005 7992)
5(1090 3042 8000 8005 8004)
4(8006 8001 7997 7993)
4(7992 8005 8006 7993)
4(8005 8000 8001 8006)
4(8007 8002 7998 7994)
4(7993 8006 8007 7994)
4(8006 8001 8002 8007)
4(7994 8007 8008 7995)
4(8007 8002 8003 8008)
4(7894 8009 8014 7889)
4(2991 4832 8014 8009)
4(4832 2984 7889 8014)
4(880 2991 8009 7894)
4(7895 8010 8015 7890)
4(8009 8014 8015 8010)
4(8014 7889 7890 8015)
4(7894 8009 8010 7895)
4(7896 8011 8016 7891)
4(8010 8015 8016 8011)
4(8015 7890 7891 8016)
4(7895 8010 8011 7896)
4(7897 8012 8017 7892)
4(8011 8016 8017 8012)
4(8016 7891 7892 8017)
4(7896 8011 8012 7897)
4(8012 8017 8018 8013)
4(8017 7892 7893 8018)
4(7897 8012 8013 7898)
4(8004 7991 8014 8019)
4(4832 3048 8019 8014)
4(2985 4832 8014 7991)
4(3048 1090 8004 8019)
4(8005 7992 8015 8020)
4(8014 8019 8020 8015)
4(7991 8014 8015 7992)
4(8019 8004 8005 8020)
4(8006 7993 8016 8021)
4(8015 8020 8021 8016)
4(7992 8015 8016 7993)
4(8020 8005 8006 8021)
4(8007 7994 8017 8022)
4(8016 8021 8022 8017)
4(7993 8016 8017 7994)
4(8021 8006 8007 8022)
4(8017 8022 8023 8018)
4(7994 8017 8018 7995)
4(8022 8007 8008 8023)
4(8024 8019 8014 8009)
4(2991 1111 8024 8009)
4(1111 3048 8019 8024)
4(8025 8020 8015 8010)
4(8009 8024 8025 8010)
4(8024 8019 8020 8025)
4(8026 8021 8016 8011)
4(8010 8025 8026 8011)
4(8025 8020 8021 8026)
4(8027 8022 8017 8012)
4(8011 8026 8027 8012)
4(8026 8021 8022 8027)
4(8012 8027 8028 8013)
4(8027 8022 8023 8028)
4(7914 8029 8034 7909)
4(2997 4836 8034 8029)
4(4836 2990 7909 8034)
4(901 2997 8029 7914)
4(7915 8030 8035 7910)
4(8029 8034 8035 8030)
4(8034 7909 7910 8035)
4(7914 8029 8030 7915)
4(7916 8031 8036 7911)
4(8030 8035 8036 8031)
4(8035 7910 7911 8036)
4(7915 8030 8031 7916)
4(7917 8032 8037 7912)
4(8031 8036 8037 8032)
4(8036 7911 7912 8037)
4(7916 8031 8032 7917)
4(8032 8037 8038 8033)
4(8037 7912 7913 8038)
4(7917 8032 8033 7918)
4(8024 8009 8034 8039)
4(4836 3054 8039 8034)
4(2991 4836 8034 8009)
4(3054 1111 8024 8039)
4(8025 8010 8035 8040)
4(8034 8039 8040 8035)
4(8009 8034 8035 8010)
4(8039 8024 8025 8040)
4(8026 8011 8036 8041)
4(8035 8040 8041 8036)
4(8010 8035 8036 8011)
4(8040 8025 8026 8041)
4(8027 8012 8037 8042)
4(8036 8041 8042 8037)
4(8011 8036 8037 8012)
4(8041 8026 8027 8042)
4(8037 8042 8043 8038)
4(8012 8037 8038 8013)
4(8042 8027 8028 8043)
4(8044 8039 8034 8029)
4(2997 1132 8044 8029)
4(1132 3054 8039 8044)
4(8045 8040 8035 8030)
4(8029 8044 8045 8030)
4(8044 8039 8040 8045)
4(8046 8041 8036 8031)
4(8030 8045 8046 8031)
4(8045 8040 8041 8046)
4(8047 8042 8037 8032)
4(8031 8046 8047 8032)
4(8046 8041 8042 8047)
4(8032 8047 8048 8033)
4(8047 8042 8043 8048)
4(7934 8049 8054 7929)
4(6841 4839 8054 8049)
4(4839 2996 7929 8054)
4(7935 8050 8055 7930)
4(8049 8054 8055 8050)
4(8054 7929 7930 8055)
4(7936 8051 8056 7931)
4(8050 8055 8056 8051)
4(8055 7930 7931 8056)
4(7937 8052 8057 7932)
4(8051 8056 8057 8052)
4(8056 7931 7932 8057)
4(8052 8057 8058 8053)
4(8057 7932 7933 8058)
4(8044 8029 8054 8059)
4(4839 3060 8059 8054)
4(2997 4839 8054 8029)
4(3060 1132 8044 8059)
4(8045 8030 8055 8060)
4(8054 8059 8060 8055)
4(8029 8054 8055 8030)
4(8059 8044 8045 8060)
4(8046 8031 8056 8061)
4(8055 8060 8061 8056)
4(8030 8055 8056 8031)
4(8060 8045 8046 8061)
4(8047 8032 8057 8062)
4(8056 8061 8062 8057)
4(8031 8056 8057 8032)
4(8061 8046 8047 8062)
4(8057 8062 8063 8058)
4(8032 8057 8058 8033)
4(8062 8047 8048 8063)
4(8064 8059 8054 8049)
4(6664 3060 8059 8064)
4(8065 8060 8055 8050)
4(8064 8059 8060 8065)
4(8066 8061 8056 8051)
4(8065 8060 8061 8066)
4(8067 8062 8057 8052)
4(8066 8061 8062 8067)
4(8067 8062 8063 8068)
4(7963 8069 8074 7959)
5(3013 4843 8073 8074 8069)
4(4843 3006 7958 8073)
4(8073 7958 7959 8074)
4(964 3013 8069 7963)
4(7964 8070 8075 7960)
4(8069 8074 8075 8070)
4(8074 7959 7960 8075)
4(7963 8069 8070 7964)
4(7965 8071 8076 7961)
4(8070 8075 8076 8071)
4(8075 7960 7961 8076)
4(7964 8070 8071 7965)
4(8071 8076 8077 8072)
4(8076 7961 7962 8077)
4(7965 8071 8072 7966)
4(8078 8083 8073 8088)
4(4843 3070 8088 8073)
4(3007 4843 8073 8083)
4(3070 1174 8078 8088)
4(8079 8084 8074 8089)
4(8073 8088 8089 8074)
4(8083 8073 8074 8084)
4(8088 8078 8079 8089)
4(8080 8085 8075 8090)
4(8074 8089 8090 8075)
4(8084 8074 8075 8085)
4(8089 8079 8080 8090)
4(8081 8086 8076 8091)
4(8075 8090 8091 8076)
4(8085 8075 8076 8086)
4(8090 8080 8081 8091)
4(8076 8091 8092 8077)
4(8086 8076 8077 8087)
4(8091 8081 8082 8092)
4(8093 8089 8074 8069)
4(3013 1195 8093 8069)
5(1195 3070 8088 8089 8093)
4(8094 8090 8075 8070)
4(8069 8093 8094 8070)
4(8093 8089 8090 8094)
4(8095 8091 8076 8071)
4(8070 8094 8095 8071)
4(8094 8090 8091 8095)
4(8071 8095 8096 8072)
4(8095 8091 8092 8096)
4(7975 8097 8100 7973)
5(3019 4847 8099 8100 8097)
4(4847 3012 7972 8099)
4(8099 7972 7973 8100)
4(985 3019 8097 7975)
4(8097 8100 8101 8098)
4(8100 7973 7974 8101)
4(7975 8097 8098 7976)
4(8094 8070 8099 8102)
4(4847 3076 8102 8099)
5(3013 4847 8099 8070 8069)
5(3076 1195 8093 8094 8102)
4(8095 8071 8100 8103)
4(8099 8102 8103 8100)
4(8070 8099 8100 8071)
4(8102 8094 8095 8103)
4(8100 8103 8104 8101)
4(8071 8100 8101 8072)
4(8103 8095 8096 8104)
4(8105 8103 8100 8097)
4(3019 1216 8105 8097)
5(1216 3076 8102 8103 8105)
4(8097 8105 8106 8098)
4(8105 8103 8104 8106)
4(4851 3082 8107 8108)
4(3019 4851 8098 8097)
4(3082 1216 8105 8107)
4(8107 8105 8106 8108)
4(3025 1237 8109 8110)
4(1237 3082 8107 8109)
4(8109 8107 8108 8110)
4(4855 3088 8111 8112)
4(3088 1237 8109 8111)
4(8111 8109 8110 8112)
4(3031 1258 8113 8114)
4(1258 3088 8111 8113)
4(8113 8111 8112 8114)
4(4859 3094 8115 8116)
4(3094 1258 8113 8115)
4(8115 8113 8114 8116)
4(3037 1279 8117 8118)
4(1279 3094 8115 8117)
4(8117 8115 8116 8118)
4(7989 8120 8122 7986)
5(3043 4863 8122 8120 8119)
4(4863 3036 7986 8122)
4(1069 3043 8119 7988)
4(7988 8119 8120 7989)
4(8120 8122 8123 8121)
4(8122 7986 7987 8123)
4(7989 8120 8121 7990)
4(4863 3100 8124 8122)
4(8122 8124 8125 8123)
4(3037 4863 8122 8123)
4(3100 1279 8117 8124)
4(8124 8117 8118 8125)
4(8127 8124 8122 8120)
4(3043 1300 8126 8119)
4(8119 8126 8127 8120)
5(1300 3100 8124 8127 8126)
4(8120 8127 8128 8121)
4(8127 8124 8125 8128)
4(8005 8130 8134 8000)
5(3049 4867 8134 8130 8129)
4(4867 3042 8000 8134)
4(1090 3049 8129 8004)
4(8004 8129 8130 8005)
4(8006 8131 8135 8001)
4(8130 8134 8135 8131)
4(8134 8000 8001 8135)
4(8005 8130 8131 8006)
4(8007 8132 8136 8002)
4(8131 8135 8136 8132)
4(8135 8001 8002 8136)
4(8006 8131 8132 8007)
4(8132 8136 8137 8133)
4(8136 8002 8003 8137)
4(8007 8132 8133 8008)
4(8126 8119 8135 8139)
4(4867 3106 8138 8134)
4(8134 8138 8139 8135)
5(3043 4867 8134 8135 8119)
5(3106 1300 8126 8139 8138)
4(8127 8120 8136 8140)
4(8135 8139 8140 8136)
4(8119 8135 8136 8120)
4(8139 8126 8127 8140)
4(8136 8140 8141 8137)
4(8120 8136 8137 8121)
4(8140 8127 8128 8141)
4(8143 8138 8134 8130)
4(3049 1321 8142 8129)
4(8129 8142 8143 8130)
5(1321 3106 8138 8143 8142)
4(8144 8139 8135 8131)
4(8130 8143 8144 8131)
4(8143 8138 8139 8144)
4(8145 8140 8136 8132)
4(8131 8144 8145 8132)
4(8144 8139 8140 8145)
4(8132 8145 8146 8133)
4(8145 8140 8141 8146)
4(8024 8147 8152 8019)
4(3055 4871 8152 8147)
4(4871 3048 8019 8152)
4(1111 3055 8147 8024)
4(8025 8148 8153 8020)
4(8147 8152 8153 8148)
4(8152 8019 8020 8153)
4(8024 8147 8148 8025)
4(8026 8149 8154 8021)
4(8148 8153 8154 8149)
4(8153 8020 8021 8154)
4(8025 8148 8149 8026)
4(8027 8150 8155 8022)
4(8149 8154 8155 8150)
4(8154 8021 8022 8155)
4(8026 8149 8150 8027)
4(8150 8155 8156 8151)
4(8155 8022 8023 8156)
4(8027 8150 8151 8028)
4(8142 8129 8152 8157)
4(4871 3112 8157 8152)
4(3049 4871 8152 8129)
4(3112 1321 8142 8157)
4(8143 8130 8153 8158)
4(8152 8157 8158 8153)
4(8129 8152 8153 8130)
4(8157 8142 8143 8158)
4(8144 8131 8154 8159)
4(8153 8158 8159 8154)
4(8130 8153 8154 8131)
4(8158 8143 8144 8159)
4(8145 8132 8155 8160)
4(8154 8159 8160 8155)
4(8131 8154 8155 8132)
4(8159 8144 8145 8160)
4(8155 8160 8161 8156)
4(8132 8155 8156 8133)
4(8160 8145 8146 8161)
4(8162 8157 8152 8147)
4(3055 1342 8162 8147)
4(1342 3112 8157 8162)
4(8163 8158 8153 8148)
4(8147 8162 8163 8148)
4(8162 8157 8158 8163)
4(8164 8159 8154 8149)
4(8148 8163 8164 8149)
4(8163 8158 8159 8164)
4(8165 8160 8155 8150)
4(8149 8164 8165 8150)
4(8164 8159 8160 8165)
4(8150 8165 8166 8151)
4(8165 8160 8161 8166)
4(8044 8167 8172 8039)
4(3061 4875 8172 8167)
4(4875 3054 8039 8172)
4(1132 3061 8167 8044)
4(8045 8168 8173 8040)
4(8167 8172 8173 8168)
4(8172 8039 8040 8173)
4(8044 8167 8168 8045)
4(8046 8169 8174 8041)
4(8168 8173 8174 8169)
4(8173 8040 8041 8174)
4(8045 8168 8169 8046)
4(8047 8170 8175 8042)
4(8169 8174 8175 8170)
4(8174 8041 8042 8175)
4(8046 8169 8170 8047)
4(8170 8175 8176 8171)
4(8175 8042 8043 8176)
4(8047 8170 8171 8048)
4(8162 8147 8172 8177)
4(4875 3118 8177 8172)
4(3055 4875 8172 8147)
4(3118 1342 8162 8177)
4(8163 8148 8173 8178)
4(8172 8177 8178 8173)
4(8147 8172 8173 8148)
4(8177 8162 8163 8178)
4(8164 8149 8174 8179)
4(8173 8178 8179 8174)
4(8148 8173 8174 8149)
4(8178 8163 8164 8179)
4(8165 8150 8175 8180)
4(8174 8179 8180 8175)
4(8149 8174 8175 8150)
4(8179 8164 8165 8180)
4(8175 8180 8181 8176)
4(8150 8175 8176 8151)
4(8180 8165 8166 8181)
4(8182 8177 8172 8167)
4(3061 1363 8182 8167)
4(1363 3118 8177 8182)
4(8183 8178 8173 8168)
4(8167 8182 8183 8168)
4(8182 8177 8178 8183)
4(8184 8179 8174 8169)
4(8168 8183 8184 8169)
4(8183 8178 8179 8184)
4(8185 8180 8175 8170)
4(8169 8184 8185 8170)
4(8184 8179 8180 8185)
4(8170 8185 8186 8171)
4(8185 8180 8181 8186)
4(8064 8187 8192 8059)
4(6611 4878 8192 8187)
4(4878 3060 8059 8192)
4(8065 8188 8193 8060)
4(8187 8192 8193 8188)
4(8192 8059 8060 8193)
4(8066 8189 8194 8061)
4(8188 8193 8194 8189)
4(8193 8060 8061 8194)
4(8067 8190 8195 8062)
4(8189 8194 8195 8190)
4(8194 8061 8062 8195)
4(8190 8195 8196 8191)
4(8195 8062 8063 8196)
4(8182 8167 8192 8197)
4(4878 3124 8197 8192)
4(3061 4878 8192 8167)
4(3124 1363 8182 8197)
4(8183 8168 8193 8198)
4(8192 8197 8198 8193)
4(8167 8192 8193 8168)
4(8197 8182 8183 8198)
4(8184 8169 8194 8199)
4(8193 8198 8199 8194)
4(8168 8193 8194 8169)
4(8198 8183 8184 8199)
4(8185 8170 8195 8200)
4(8194 8199 8200 8195)
4(8169 8194 8195 8170)
4(8199 8184 8185 8200)
4(8195 8200 8201 8196)
4(8170 8195 8196 8171)
4(8200 8185 8186 8201)
4(8202 8197 8192 8187)
4(6791 3124 8197 8202)
4(8203 8198 8193 8188)
4(8202 8197 8198 8203)
4(8204 8199 8194 8189)
4(8203 8198 8199 8204)
4(8205 8200 8195 8190)
4(8204 8199 8200 8205)
4(8205 8200 8201 8206)
4(8093 8207 8212 8089)
5(3077 4881 8211 8212 8207)
4(4881 3070 8088 8211)
4(8211 8088 8089 8212)
4(1195 3077 8207 8093)
4(8094 8208 8213 8090)
4(8207 8212 8213 8208)
4(8212 8089 8090 8213)
4(8093 8207 8208 8094)
4(8095 8209 8214 8091)
4(8208 8213 8214 8209)
4(8213 8090 8091 8214)
4(8094 8208 8209 8095)
4(8209 8214 8215 8210)
4(8214 8091 8092 8215)
4(8095 8209 8210 8096)
4(8216 8221 8211 8226)
4(4881 6649 8226 8211)
4(3071 4881 8211 8221)
4(8217 8222 8212 8227)
4(8211 8226 8227 8212)
4(8221 8211 8212 8222)
4(8218 8223 8213 8228)
4(8212 8227 8228 8213)
4(8222 8212 8213 8223)
4(8219 8224 8214 8229)
4(8213 8228 8229 8214)
4(8223 8213 8214 8224)
4(8214 8229 8230 8215)
4(8224 8214 8215 8225)
4(8231 8227 8212 8207)
4(3077 6815 8231 8207)
4(8232 8228 8213 8208)
4(8207 8231 8232 8208)
4(8233 8229 8214 8209)
4(8208 8232 8233 8209)
4(8209 8233 8234 8210)
4(8105 8236 8239 8103)
4(3083 4884 8238 8235)
4(8235 8238 8239 8236)
4(4884 3076 8102 8238)
4(8238 8102 8103 8239)
5(1216 3083 8235 8236 8105)
4(8236 8239 8240 8237)
4(8239 8103 8104 8240)
4(8105 8236 8237 8106)
4(8232 8208 8238 8242)
5(4884 6650 8241 8242 8238)
5(3077 4884 8238 8208 8207)
4(8233 8209 8239 8243)
4(8238 8242 8243 8239)
4(8208 8238 8239 8209)
4(8239 8243 8244 8240)
4(8209 8239 8240 8210)
4(8246 8242 8238 8235)
5(3083 6823 8245 8246 8235)
4(8247 8243 8239 8236)
4(8235 8246 8247 8236)
4(8236 8247 8248 8237)
4(8109 8250 8253 8107)
4(3089 4887 8252 8249)
4(8249 8252 8253 8250)
5(4887 3082 8107 8253 8252)
5(1237 3089 8249 8250 8109)
4(8250 8253 8254 8251)
4(8253 8107 8108 8254)
4(8109 8250 8251 8110)
4(8246 8235 8252 8256)
5(4887 6652 8255 8256 8252)
4(3083 4887 8252 8235)
4(8247 8236 8253 8257)
4(8252 8256 8257 8253)
4(8235 8252 8253 8236)
4(8253 8257 8258 8254)
4(8236 8253 8254 8237)
4(8260 8256 8252 8249)
5(3089 6829 8259 8260 8249)
4(8261 8257 8253 8250)
4(8249 8260 8261 8250)
4(8250 8261 8262 8251)
4(8113 8264 8267 8111)
4(3095 4890 8266 8263)
4(8263 8266 8267 8264)
5(4890 3088 8111 8267 8266)
5(1258 3095 8263 8264 8113)
4(8264 8267 8268 8265)
4(8267 8111 8112 8268)
4(8113 8264 8265 8114)
4(8260 8249 8266 8270)
5(4890 6653 8269 8270 8266)
4(3089 4890 8266 8249)
4(8261 8250 8267 8271)
4(8266 8270 8271 8267)
4(8249 8266 8267 8250)
4(8267 8271 8272 8268)
4(8250 8267 8268 8251)
4(8274 8270 8266 8263)
5(3095 6838 8273 8274 8263)
4(8275 8271 8267 8264)
4(8263 8274 8275 8264)
4(8264 8275 8276 8265)
4(8117 8278 8281 8115)
4(3101 4893 8280 8277)
4(8277 8280 8281 8278)
5(4893 3094 8115 8281 8280)
5(1279 3101 8277 8278 8117)
4(8278 8281 8282 8279)
4(8281 8115 8116 8282)
4(8117 8278 8279 8118)
4(8274 8263 8280 8284)
5(4893 6655 8283 8284 8280)
4(3095 4893 8280 8263)
4(8275 8264 8281 8285)
4(8280 8284 8285 8281)
4(8263 8280 8281 8264)
4(8281 8285 8286 8282)
4(8264 8281 8282 8265)
4(8288 8284 8280 8277)
5(3101 6847 8287 8288 8277)
4(8289 8285 8281 8278)
4(8277 8288 8289 8278)
4(8278 8289 8290 8279)
4(8127 8292 8295 8124)
4(3107 4896 8294 8291)
4(8291 8294 8295 8292)
5(4896 3100 8124 8295 8294)
4(1300 3107 8291 8126)
4(8126 8291 8292 8127)
4(8292 8295 8296 8293)
4(8295 8124 8125 8296)
4(8127 8292 8293 8128)
4(8288 8277 8294 8298)
5(4896 6657 8297 8298 8294)
4(3101 4896 8294 8277)
4(8289 8278 8295 8299)
4(8294 8298 8299 8295)
4(8277 8294 8295 8278)
4(8295 8299 8300 8296)
4(8278 8295 8296 8279)
4(8302 8298 8294 8291)
5(3107 6851 8301 8302 8291)
4(8303 8299 8295 8292)
4(8291 8302 8303 8292)
4(8292 8303 8304 8293)
4(8143 8306 8310 8138)
5(3113 4899 8310 8306 8305)
4(4899 3106 8138 8310)
4(1321 3113 8305 8142)
4(8142 8305 8306 8143)
4(8144 8307 8311 8139)
4(8306 8310 8311 8307)
4(8310 8138 8139 8311)
4(8143 8306 8307 8144)
4(8145 8308 8312 8140)
4(8307 8311 8312 8308)
4(8311 8139 8140 8312)
4(8144 8307 8308 8145)
4(8308 8312 8313 8309)
4(8312 8140 8141 8313)
4(8145 8308 8309 8146)
4(8302 8291 8311 8315)
4(4899 6658 8314 8310)
4(8310 8314 8315 8311)
5(3107 4899 8310 8311 8291)
4(8303 8292 8312 8316)
4(8311 8315 8316 8312)
4(8291 8311 8312 8292)
4(8312 8316 8317 8313)
4(8292 8312 8313 8293)
4(8319 8314 8310 8306)
4(3113 6608 8318 8305)
4(8305 8318 8319 8306)
4(8320 8315 8311 8307)
4(8306 8319 8320 8307)
4(8321 8316 8312 8308)
4(8307 8320 8321 8308)
4(8308 8321 8322 8309)
4(8162 8323 8328 8157)
4(3119 4902 8328 8323)
4(4902 3112 8157 8328)
4(1342 3119 8323 8162)
4(8163 8324 8329 8158)
4(8323 8328 8329 8324)
4(8328 8157 8158 8329)
4(8162 8323 8324 8163)
4(8164 8325 8330 8159)
4(8324 8329 8330 8325)
4(8329 8158 8159 8330)
4(8163 8324 8325 8164)
4(8165 8326 8331 8160)
4(8325 8330 8331 8326)
4(8330 8159 8160 8331)
4(8164 8325 8326 8165)
4(8326 8331 8332 8327)
4(8331 8160 8161 8332)
4(8165 8326 8327 8166)
4(8318 8305 8328 8333)
4(4902 6660 8333 8328)
4(3113 4902 8328 8305)
4(8319 8306 8329 8334)
4(8328 8333 8334 8329)
4(8305 8328 8329 8306)
4(8320 8307 8330 8335)
4(8329 8334 8335 8330)
4(8306 8329 8330 8307)
4(8321 8308 8331 8336)
4(8330 8335 8336 8331)
4(8307 8330 8331 8308)
4(8331 8336 8337 8332)
4(8308 8331 8332 8309)
4(8338 8333 8328 8323)
4(3119 6617 8338 8323)
4(8339 8334 8329 8324)
4(8323 8338 8339 8324)
4(8340 8335 8330 8325)
4(8324 8339 8340 8325)
4(8341 8336 8331 8326)
4(8325 8340 8341 8326)
4(8326 8341 8342 8327)
4(8182 8343 8348 8177)
4(3125 4905 8348 8343)
4(4905 3118 8177 8348)
4(1363 3125 8343 8182)
4(8183 8344 8349 8178)
4(8343 8348 8349 8344)
4(8348 8177 8178 8349)
4(8182 8343 8344 8183)
4(8184 8345 8350 8179)
4(8344 8349 8350 8345)
4(8349 8178 8179 8350)
4(8183 8344 8345 8184)
4(8185 8346 8351 8180)
4(8345 8350 8351 8346)
4(8350 8179 8180 8351)
4(8184 8345 8346 8185)
4(8346 8351 8352 8347)
4(8351 8180 8181 8352)
4(8185 8346 8347 8186)
4(8338 8323 8348 8353)
4(4905 6661 8353 8348)
4(3119 4905 8348 8323)
4(8339 8324 8349 8354)
4(8348 8353 8354 8349)
4(8323 8348 8349 8324)
4(8340 8325 8350 8355)
4(8349 8354 8355 8350)
4(8324 8349 8350 8325)
4(8341 8326 8351 8356)
4(8350 8355 8356 8351)
4(8325 8350 8351 8326)
4(8351 8356 8357 8352)
4(8326 8351 8352 8327)
4(8358 8353 8348 8343)
4(3125 6629 8358 8343)
4(8359 8354 8349 8344)
4(8343 8358 8359 8344)
4(8360 8355 8350 8345)
4(8344 8359 8360 8345)
4(8361 8356 8351 8346)
4(8345 8360 8361 8346)
4(8346 8361 8362 8347)
4(8202 8363 8368 8197)
4(6647 4907 8368 8363)
4(4907 3124 8197 8368)
4(8203 8364 8369 8198)
4(8363 8368 8369 8364)
4(8368 8197 8198 8369)
4(8204 8365 8370 8199)
4(8364 8369 8370 8365)
4(8369 8198 8199 8370)
4(8205 8366 8371 8200)
4(8365 8370 8371 8366)
4(8370 8199 8200 8371)
4(8366 8371 8372 8367)
4(8371 8200 8201 8372)
4(8358 8343 8368 8373)
4(4907 6663 8373 8368)
4(3125 4907 8368 8343)
4(8359 8344 8369 8374)
4(8368 8373 8374 8369)
4(8343 8368 8369 8344)
4(8360 8345 8370 8375)
4(8369 8374 8375 8370)
4(8344 8369 8370 8345)
4(8361 8346 8371 8376)
4(8370 8375 8376 8371)
4(8345 8370 8371 8346)
4(8371 8376 8377 8372)
4(8346 8371 8372 8347)
4(8378 8373 8368 8363)
4(8379 8374 8369 8364)
4(8380 8375 8370 8365)
4(8381 8376 8371 8366)
5(6871 6868 8383 8385 8387)
5(3206 4917 8383 6868 6867)
4(4917 6073 8385 8383)
4(6073 3202 8387 8385)
5(3202 1624 6870 6871 8387)
4(6868 8383 8384 6869)
4(8383 8385 8386 8384)
4(8385 8387 8388 8386)
4(8387 6871 6872 8388)
4(8383 8390 8392 8394)
5(4917 3483 8389 8390 8383)
4(3480 5927 8394 8392)
4(5927 4917 8383 8394)
5(3483 3480 8392 8390 8389)
4(8383 8390 8391 8384)
4(8392 8394 8395 8393)
4(8394 8383 8384 8395)
4(8390 8392 8393 8391)
4(6915 8390 8383 6868)
4(1730 3483 8389 6914)
4(6914 8389 8390 6915)
4(3206 1730 6914 6867)
4(6867 6914 6915 6868)
4(6915 8390 8391 6916)
4(6868 6915 6916 6869)
4(6914 6925 8396 8389)
5(3511 5196 8396 6925 6924)
4(5196 3483 8389 8396)
4(6915 6926 8397 8390)
4(6925 8396 8397 6926)
4(8396 8389 8390 8397)
4(6926 8397 8398 6927)
4(8397 8390 8391 8398)
4(7036 8400 8396 6925)
4(1837 3741 8399 7035)
4(7035 8399 8400 7036)
5(3741 5196 8396 8400 8399)
4(3511 1837 7035 6924)
4(6924 7035 7036 6925)
4(7037 8401 8397 6926)
4(7036 8400 8401 7037)
4(8400 8396 8397 8401)
4(6925 7036 7037 6926)
4(7037 8401 8402 7038)
4(8401 8397 8398 8402)
4(6926 7037 7038 6927)
4(7035 7049 8404 8399)
4(3767 5303 8403 7048)
4(7048 8403 8404 7049)
5(5303 3741 8399 8404 8403)
4(7036 7050 8405 8400)
4(7049 8404 8405 7050)
4(8404 8399 8400 8405)
4(7037 7051 8406 8401)
4(7050 8405 8406 7051)
4(8405 8400 8401 8406)
4(7051 8406 8407 7052)
4(8406 8401 8402 8407)
4(7142 8408 8403 7048)
4(1944 3896 8408 7142)
4(3896 5303 8403 8408)
4(3767 1944 7142 7048)
4(7143 8409 8404 7049)
4(7142 8408 8409 7143)
4(8408 8403 8404 8409)
4(7048 7142 7143 7049)
4(7144 8410 8405 7050)
4(7143 8409 8410 7144)
4(8409 8404 8405 8410)
4(7049 7143 7144 7050)
4(7145 8411 8406 7051)
4(7144 8410 8411 7145)
4(8410 8405 8406 8411)
4(7050 7144 7145 7051)
4(7145 8411 8412 7146)
4(8411 8406 8407 8412)
4(7051 7145 7146 7052)
4(6795 6710 7162 7055)
4(7055 7162 7163 7056)
4(6627 6797 7061 7063)
4(7063 7061 7062 7064)
4(7142 7157 8413 8408)
4(3922 5413 8413 7157)
4(5413 3896 8408 8413)
4(7143 7158 8414 8409)
4(7157 8413 8414 7158)
4(8413 8408 8409 8414)
4(7144 7159 8415 8410)
4(7158 8414 8415 7159)
4(8414 8409 8410 8415)
4(7145 7160 8416 8411)
4(7159 8415 8416 7160)
4(8415 8410 8411 8416)
4(7160 8416 8417 7161)
4(8416 8411 8412 8417)
4(8414 8418 8422 8427)
5(5413 4050 8418 8414 8413)
4(4050 4047 8422 8418)
5(4047 5978 8426 8427 8422)
4(5978 5413 8413 8426)
4(8426 8413 8414 8427)
4(8415 8419 8423 8428)
4(8414 8418 8419 8415)
4(8418 8422 8423 8419)
4(8422 8427 8428 8423)
4(8427 8414 8415 8428)
4(8416 8420 8424 8429)
4(8415 8419 8420 8416)
4(8419 8423 8424 8420)
4(8423 8428 8429 8424)
4(8428 8415 8416 8429)
4(8416 8420 8421 8417)
4(8420 8424 8425 8421)
4(8424 8429 8430 8425)
4(8429 8416 8417 8430)
4(7240 8418 8414 7158)
4(2051 4050 8418 7240)
5(3922 2051 7240 7158 7157)
4(7241 8419 8415 7159)
4(7240 8418 8419 7241)
4(7158 7240 7241 7159)
4(7242 8420 8416 7160)
4(7241 8419 8420 7242)
4(7159 7241 7242 7160)
4(7242 8420 8421 7243)
4(7160 7242 7243 7161)
4(6826 6842 7256 7164)
4(7164 7256 7257 7165)
4(7241 7253 8431 8419)
5(4076 5525 8431 7253 7252)
5(5525 4050 8418 8419 8431)
4(7242 7254 8432 8420)
4(7253 8431 8432 7254)
4(8431 8419 8420 8432)
4(7254 8432 8433 7255)
4(8432 8420 8421 8433)
4(8432 8435 8437 8440)
4(5525 4205 8434 8431)
4(8431 8434 8435 8432)
5(4205 4202 8437 8435 8434)
5(4202 5962 8439 8440 8437)
4(5962 5525 8431 8439)
4(8439 8431 8432 8440)
4(8432 8435 8436 8433)
4(8435 8437 8438 8436)
4(8437 8440 8441 8438)
4(8440 8432 8433 8441)
4(7328 8434 8431 7253)
4(2158 4205 8434 7328)
5(4076 2158 7328 7253 7252)
4(7329 8435 8432 7254)
4(7328 8434 8435 7329)
4(7253 7328 7329 7254)
4(7329 8435 8436 7330)
4(7254 7329 7330 7255)
4(7329 7338 8442 8435)
5(5692 4205 8434 8435 8442)
5(4233 5692 8442 7338 7337)
4(8442 8435 8436 8443)
4(7338 8442 8443 7339)
4(6467 2907 7718 7719)
4(586 2914 7721 7720)
4(3309 5870 8444 8445)
4(5870 3310 8446 8444)
4(8444 8446 8447 8445)
4(3310 1660 8447 8446)
4(3339 1670 8451 8450)
4(5871 3339 8450 8448)
4(8448 8450 8451 8449)
4(3338 5871 8448 8449)
4(8452 8454 8457 8459)
4(1736 3527 8454 8452)
4(3528 1736 8452 8459)
5(3527 5877 8456 8457 8454)
5(5877 3528 8459 8457 8456)
4(8452 8454 8455 8453)
4(8459 8452 8453 8460)
4(8454 8457 8458 8455)
4(8457 8459 8460 8458)
4(8461 8464 8467 8470)
5(1746 3551 8463 8464 8461)
5(3552 1746 8461 8470 8469)
4(3551 5878 8466 8463)
4(8463 8466 8467 8464)
4(5878 3552 8469 8466)
4(8466 8469 8470 8467)
4(8461 8464 8465 8462)
4(8470 8461 8462 8471)
4(8464 8467 8468 8465)
4(8467 8470 8471 8468)
4(8472 8475 8479 8483)
4(1756 3573 8475 8472)
5(3574 1756 8472 8483 8482)
5(3573 5879 8478 8479 8475)
4(5879 3574 8482 8478)
4(8478 8482 8483 8479)
4(8473 8476 8480 8484)
4(8472 8475 8476 8473)
4(8483 8472 8473 8484)
4(8475 8479 8480 8476)
4(8479 8483 8484 8480)
4(8473 8476 8477 8474)
4(8484 8473 8474 8485)
4(8476 8480 8481 8477)
4(8480 8484 8485 8481)
4(8486 8489 8493 8497)
4(1766 3595 8489 8486)
5(3596 1766 8486 8497 8496)
5(3595 5880 8492 8493 8489)
4(5880 3596 8496 8492)
4(8492 8496 8497 8493)
4(8487 8490 8494 8498)
4(8486 8489 8490 8487)
4(8497 8486 8487 8498)
4(8489 8493 8494 8490)
4(8493 8497 8498 8494)
4(8487 8490 8491 8488)
4(8498 8487 8488 8499)
4(8490 8494 8495 8491)
4(8494 8498 8499 8495)
4(8500 8503 8507 8511)
4(1776 3617 8503 8500)
5(3618 1776 8500 8511 8510)
5(3617 5881 8506 8507 8503)
4(5881 3618 8510 8506)
4(8506 8510 8511 8507)
4(8501 8504 8508 8512)
4(8500 8503 8504 8501)
4(8511 8500 8501 8512)
4(8503 8507 8508 8504)
4(8507 8511 8512 8508)
4(8501 8504 8505 8502)
4(8512 8501 8502 8513)
4(8504 8508 8509 8505)
4(8508 8512 8513 8509)
4(8514 8517 8521 8525)
4(1786 3639 8517 8514)
5(3640 1786 8514 8525 8524)
5(3639 5882 8520 8521 8517)
4(5882 3640 8524 8520)
4(8520 8524 8525 8521)
4(8515 8518 8522 8526)
4(8514 8517 8518 8515)
4(8525 8514 8515 8526)
4(8517 8521 8522 8518)
4(8521 8525 8526 8522)
4(8515 8518 8519 8516)
4(8526 8515 8516 8527)
4(8518 8522 8523 8519)
4(8522 8526 8527 8523)
4(8528 8531 8535 8539)
4(1796 3661 8531 8528)
5(3662 1796 8528 8539 8538)
4(5883 3662 8538 8534)
4(8534 8538 8539 8535)
4(8529 8532 8536 8540)
4(8528 8531 8532 8529)
4(8539 8528 8529 8540)
4(8535 8539 8540 8536)
4(8529 8532 8533 8530)
4(8540 8529 8530 8541)
4(8536 8540 8541 8537)
4(3756 5885 8542 8543)
4(5885 3757 8543 8542)
4(8544 8547 8550 8552)
5(1843 3780 8546 8547 8544)
4(3781 1843 8544 8552)
4(3780 5886 8549 8546)
4(8546 8549 8550 8547)
5(5886 3781 8552 8550 8549)
4(8544 8547 8548 8545)
4(8552 8544 8545 8553)
4(8547 8550 8551 8548)
4(8550 8552 8553 8551)
4(8554 8558 8563 8567)
4(1853 3793 8558 8554)
4(3794 1853 8554 8567)
5(3793 5887 8562 8563 8558)
5(5887 3794 8567 8563 8562)
4(8555 8559 8564 8568)
4(8554 8558 8559 8555)
4(8567 8554 8555 8568)
4(8558 8563 8564 8559)
4(8563 8567 8568 8564)
4(8556 8560 8565 8569)
4(8555 8559 8560 8556)
4(8568 8555 8556 8569)
4(8559 8564 8565 8560)
4(8564 8568 8569 8565)
4(8556 8560 8561 8557)
4(8569 8556 8557 8570)
4(8560 8565 8566 8561)
4(8565 8569 8570 8566)
4(8571 8576 8581 8586)
5(1863 3803 8575 8576 8571)
5(3804 1863 8571 8586 8585)
4(3803 5888 8580 8575)
4(8575 8580 8581 8576)
4(5888 3804 8585 8580)
4(8580 8585 8586 8581)
4(8572 8577 8582 8587)
4(8571 8576 8577 8572)
4(8586 8571 8572 8587)
4(8576 8581 8582 8577)
4(8581 8586 8587 8582)
4(8573 8578 8583 8588)
4(8572 8577 8578 8573)
4(8587 8572 8573 8588)
4(8577 8582 8583 8578)
4(8582 8587 8588 8583)
4(8573 8578 8579 8574)
4(8588 8573 8574 8589)
4(8578 8583 8584 8579)
4(8583 8588 8589 8584)
4(8590 8595 8600 8605)
4(1873 3812 8595 8590)
4(3813 1873 8590 8605)
4(3812 5889 8600 8595)
4(5889 3813 8605 8600)
4(8591 8596 8601 8606)
4(8590 8595 8596 8591)
4(8605 8590 8591 8606)
4(8595 8600 8601 8596)
4(8600 8605 8606 8601)
4(8592 8597 8602 8607)
4(8591 8596 8597 8592)
4(8606 8591 8592 8607)
4(8596 8601 8602 8597)
4(8601 8606 8607 8602)
4(8593 8598 8603 8608)
4(8592 8597 8598 8593)
4(8607 8592 8593 8608)
4(8597 8602 8603 8598)
4(8602 8607 8608 8603)
4(8593 8598 8599 8594)
4(8608 8593 8594 8609)
4(8598 8603 8604 8599)
4(8603 8608 8609 8604)
4(8610 8615 8620 8625)
4(1883 3819 8615 8610)
4(3820 1883 8610 8625)
4(3819 5890 8620 8615)
4(5890 3820 8625 8620)
4(8611 8616 8621 8626)
4(8610 8615 8616 8611)
4(8625 8610 8611 8626)
4(8615 8620 8621 8616)
4(8620 8625 8626 8621)
4(8612 8617 8622 8627)
4(8611 8616 8617 8612)
4(8626 8611 8612 8627)
4(8616 8621 8622 8617)
4(8621 8626 8627 8622)
4(8613 8618 8623 8628)
4(8612 8617 8618 8613)
4(8627 8612 8613 8628)
4(8617 8622 8623 8618)
4(8622 8627 8628 8623)
4(8613 8618 8619 8614)
4(8628 8613 8614 8629)
4(8618 8623 8624 8619)
4(8623 8628 8629 8624)
4(8630 8635 8640 8645)
4(1893 3826 8635 8630)
4(3827 1893 8630 8645)
4(3826 5891 8640 8635)
4(5891 3827 8645 8640)
4(8631 8636 8641 8646)
4(8630 8635 8636 8631)
4(8645 8630 8631 8646)
4(8635 8640 8641 8636)
4(8640 8645 8646 8641)
4(8632 8637 8642 8647)
4(8631 8636 8637 8632)
4(8646 8631 8632 8647)
4(8636 8641 8642 8637)
4(8641 8646 8647 8642)
4(8633 8638 8643 8648)
4(8632 8637 8638 8633)
4(8647 8632 8633 8648)
4(8637 8642 8643 8638)
4(8642 8647 8648 8643)
4(8633 8638 8639 8634)
4(8648 8633 8634 8649)
4(8638 8643 8644 8639)
4(8643 8648 8649 8644)
4(8650 8655 8660 8665)
4(1903 3833 8655 8650)
4(3834 1903 8650 8665)
4(5892 3834 8665 8660)
4(8651 8656 8661 8666)
4(8650 8655 8656 8651)
4(8665 8650 8651 8666)
4(8660 8665 8666 8661)
4(8652 8657 8662 8667)
4(8651 8656 8657 8652)
4(8666 8651 8652 8667)
4(8661 8666 8667 8662)
4(8653 8658 8663 8668)
4(8652 8657 8658 8653)
4(8667 8652 8653 8668)
4(8662 8667 8668 8663)
4(8653 8658 8659 8654)
4(8668 8653 8654 8669)
4(8663 8668 8669 8664)
4(1940 3911 8670 8671)
4(3911 5894 8672 8670)
4(8670 8672 8673 8671)
4(5894 3912 8673 8672)
4(8674 8677 8680 8682)
5(1950 3935 8676 8677 8674)
4(3936 1950 8674 8682)
4(3935 5895 8679 8676)
4(8676 8679 8680 8677)
5(5895 3936 8682 8680 8679)
4(8674 8677 8678 8675)
4(8682 8674 8675 8683)
4(8677 8680 8681 8678)
4(8680 8682 8683 8681)
4(8684 8689 8694 8698)
5(1960 3948 8688 8689 8684)
4(3949 1960 8684 8698)
4(3948 5896 8693 8688)
4(8688 8693 8694 8689)
5(5896 3949 8698 8694 8693)
4(8685 8690 8695 8699)
4(8684 8689 8690 8685)
4(8698 8684 8685 8699)
4(8689 8694 8695 8690)
4(8694 8698 8699 8695)
4(8686 8691 8696 8700)
4(8685 8690 8691 8686)
4(8699 8685 8686 8700)
4(8690 8695 8696 8691)
4(8695 8699 8700 8696)
4(8686 8691 8692 8687)
4(8700 8686 8687 8701)
4(8691 8696 8697 8692)
4(8696 8700 8701 8697)
4(8702 8707 8712 8717)
4(1970 3958 8707 8702)
4(3959 1970 8702 8717)
4(3958 5897 8712 8707)
4(5897 3959 8717 8712)
4(8703 8708 8713 8718)
4(8702 8707 8708 8703)
4(8717 8702 8703 8718)
4(8707 8712 8713 8708)
4(8712 8717 8718 8713)
4(8704 8709 8714 8719)
4(8703 8708 8709 8704)
4(8718 8703 8704 8719)
4(8708 8713 8714 8709)
4(8713 8718 8719 8714)
4(8705 8710 8715 8720)
4(8704 8709 8710 8705)
4(8719 8704 8705 8720)
4(8709 8714 8715 8710)
4(8714 8719 8720 8715)
4(8705 8710 8711 8706)
4(8720 8705 8706 8721)
4(8710 8715 8716 8711)
4(8715 8720 8721 8716)
4(8722 8727 8732 8737)
4(1980 3966 8727 8722)
4(3967 1980 8722 8737)
4(3966 5898 8732 8727)
4(5898 3967 8737 8732)
4(8723 8728 8733 8738)
4(8722 8727 8728 8723)
4(8737 8722 8723 8738)
4(8727 8732 8733 8728)
4(8732 8737 8738 8733)
4(8724 8729 8734 8739)
4(8723 8728 8729 8724)
4(8738 8723 8724 8739)
4(8728 8733 8734 8729)
4(8733 8738 8739 8734)
4(8725 8730 8735 8740)
4(8724 8729 8730 8725)
4(8739 8724 8725 8740)
4(8729 8734 8735 8730)
4(8734 8739 8740 8735)
4(8725 8730 8731 8726)
4(8740 8725 8726 8741)
4(8730 8735 8736 8731)
4(8735 8740 8741 8736)
4(8742 8747 8752 8757)
4(1990 3973 8747 8742)
4(3974 1990 8742 8757)
4(3973 5899 8752 8747)
4(5899 3974 8757 8752)
4(8743 8748 8753 8758)
4(8742 8747 8748 8743)
4(8757 8742 8743 8758)
4(8747 8752 8753 8748)
4(8752 8757 8758 8753)
4(8744 8749 8754 8759)
4(8743 8748 8749 8744)
4(8758 8743 8744 8759)
4(8748 8753 8754 8749)
4(8753 8758 8759 8754)
4(8745 8750 8755 8760)
4(8744 8749 8750 8745)
4(8759 8744 8745 8760)
4(8749 8754 8755 8750)
4(8754 8759 8760 8755)
4(8745 8750 8751 8746)
4(8760 8745 8746 8761)
4(8750 8755 8756 8751)
4(8755 8760 8761 8756)
4(8762 8767 8772 8777)
4(2000 3980 8767 8762)
4(3981 2000 8762 8777)
4(3980 5900 8772 8767)
4(5900 3981 8777 8772)
4(8763 8768 8773 8778)
4(8762 8767 8768 8763)
4(8777 8762 8763 8778)
4(8767 8772 8773 8768)
4(8772 8777 8778 8773)
4(8764 8769 8774 8779)
4(8763 8768 8769 8764)
4(8778 8763 8764 8779)
4(8768 8773 8774 8769)
4(8773 8778 8779 8774)
4(8765 8770 8775 8780)
4(8764 8769 8770 8765)
4(8779 8764 8765 8780)
4(8769 8774 8775 8770)
4(8774 8779 8780 8775)
4(8765 8770 8771 8766)
4(8780 8765 8766 8781)
4(8770 8775 8776 8771)
4(8775 8780 8781 8776)
4(8782 8787 8792 8797)
4(2010 3987 8787 8782)
4(3988 2010 8782 8797)
4(5901 3988 8797 8792)
4(8783 8788 8793 8798)
4(8782 8787 8788 8783)
4(8797 8782 8783 8798)
4(8792 8797 8798 8793)
4(8784 8789 8794 8799)
4(8783 8788 8789 8784)
4(8798 8783 8784 8799)
4(8793 8798 8799 8794)
4(8785 8790 8795 8800)
4(8784 8789 8790 8785)
4(8799 8784 8785 8800)
4(8794 8799 8800 8795)
4(8785 8790 8791 8786)
4(8800 8785 8786 8801)
4(8795 8800 8801 8796)
4(8802 8805 8808 8810)
5(2057 4089 8804 8805 8802)
4(4090 2057 8802 8810)
4(4089 5904 8807 8804)
4(8804 8807 8808 8805)
5(5904 4090 8810 8808 8807)
4(8802 8805 8806 8803)
4(8810 8802 8803 8811)
4(8805 8808 8809 8806)
4(8808 8810 8811 8809)
4(8813 8817 8820 8823)
4(2067 4101 8816 8812)
4(8812 8816 8817 8813)
5(4102 2067 8812 8813 8823)
5(4101 5905 8820 8817 8816)
4(5905 4102 8823 8820)
4(8814 8818 8821 8824)
4(8813 8817 8818 8814)
4(8823 8813 8814 8824)
4(8817 8820 8821 8818)
4(8820 8823 8824 8821)
4(8814 8818 8819 8815)
4(8824 8814 8815 8825)
4(8818 8821 8822 8819)
4(8821 8824 8825 8822)
4(8827 8831 8834 8837)
4(2077 4110 8830 8826)
4(8826 8830 8831 8827)
5(4111 2077 8826 8827 8837)
5(4110 5906 8834 8831 8830)
4(5906 4111 8837 8834)
4(8828 8832 8835 8838)
4(8827 8831 8832 8828)
4(8837 8827 8828 8838)
4(8831 8834 8835 8832)
4(8834 8837 8838 8835)
4(8828 8832 8833 8829)
4(8838 8828 8829 8839)
4(8832 8835 8836 8833)
4(8835 8838 8839 8836)
4(8841 8845 8848 8851)
4(2087 4118 8844 8840)
4(8840 8844 8845 8841)
5(4119 2087 8840 8841 8851)
5(4118 5907 8848 8845 8844)
4(5907 4119 8851 8848)
4(8842 8846 8849 8852)
4(8841 8845 8846 8842)
4(8851 8841 8842 8852)
4(8845 8848 8849 8846)
4(8848 8851 8852 8849)
4(8842 8846 8847 8843)
4(8852 8842 8843 8853)
4(8846 8849 8850 8847)
4(8849 8852 8853 8850)
4(8855 8859 8862 8865)
4(2097 4125 8858 8854)
4(8854 8858 8859 8855)
5(4126 2097 8854 8855 8865)
5(4125 5908 8862 8859 8858)
4(5908 4126 8865 8862)
4(8856 8860 8863 8866)
4(8855 8859 8860 8856)
4(8865 8855 8856 8866)
4(8859 8862 8863 8860)
4(8862 8865 8866 8863)
4(8856 8860 8861 8857)
4(8866 8856 8857 8867)
4(8860 8863 8864 8861)
4(8863 8866 8867 8864)
4(8869 8873 8877 8880)
4(2107 4132 8872 8868)
4(8868 8872 8873 8869)
5(4133 2107 8868 8869 8880)
4(4132 5909 8876 8872)
4(8872 8876 8877 8873)
5(5909 4133 8880 8877 8876)
4(8870 8874 8878 8881)
4(8869 8873 8874 8870)
4(8880 8869 8870 8881)
4(8873 8877 8878 8874)
4(8877 8880 8881 8878)
4(8870 8874 8875 8871)
4(8881 8870 8871 8882)
4(8874 8878 8879 8875)
4(8878 8881 8882 8879)
4(8883 8888 8893 8898)
4(2117 4139 8888 8883)
4(4140 2117 8883 8898)
4(5910 4140 8898 8893)
4(8884 8889 8894 8899)
4(8883 8888 8889 8884)
4(8898 8883 8884 8899)
4(8893 8898 8899 8894)
4(8885 8890 8895 8900)
4(8884 8889 8890 8885)
4(8899 8884 8885 8900)
4(8894 8899 8900 8895)
4(8886 8891 8896 8901)
4(8885 8890 8891 8886)
4(8900 8885 8886 8901)
4(8895 8900 8901 8896)
4(8886 8891 8892 8887)
4(8901 8886 8887 8902)
4(8896 8901 8902 8897)
4(2164 4249 8905 8903)
4(8903 8905 8906 8904)
4(4250 2164 8903 8904)
4(4249 5914 8906 8905)
4(8907 8910 8912 8914)
5(2174 4278 8909 8910 8907)
4(4279 2174 8907 8914)
5(4278 5915 8912 8910 8909)
4(5915 4279 8914 8912)
4(8907 8910 8911 8908)
4(8914 8907 8908 8915)
4(8910 8912 8913 8911)
4(8912 8914 8915 8913)
4(8917 8920 8922 8924)
4(2184 4307 8919 8916)
4(8916 8919 8920 8917)
5(4308 2184 8916 8917 8924)
5(4307 5916 8922 8920 8919)
4(5916 4308 8924 8922)
4(8917 8920 8921 8918)
4(8924 8917 8918 8925)
4(8920 8922 8923 8921)
4(8922 8924 8925 8923)
4(2194 4336 8928 8926)
4(8926 8928 8929 8927)
4(4337 2194 8926 8930)
4(8930 8926 8927 8931)
4(4336 5917 8929 8928)
4(5917 4337 8930 8931)
4(2204 4365 8934 8932)
4(8932 8934 8935 8933)
4(4366 2204 8932 8933)
4(4365 5918 8936 8934)
4(8934 8936 8937 8935)
4(5918 4366 8937 8936)
4(8938 8942 8946 8949)
5(2214 4394 8941 8942 8938)
4(4395 2214 8938 8949)
4(4394 5919 8945 8941)
4(8941 8945 8946 8942)
5(5919 4395 8949 8946 8945)
4(8939 8943 8947 8950)
4(8938 8942 8943 8939)
4(8949 8938 8939 8950)
4(8942 8946 8947 8943)
4(8946 8949 8950 8947)
4(8939 8943 8944 8940)
4(8950 8939 8940 8951)
4(8943 8947 8948 8944)
4(8947 8950 8951 8948)
4(8952 8957 8962 8967)
4(2224 4423 8957 8952)
4(4424 2224 8952 8967)
4(4423 5920 8962 8957)
4(5920 4424 8967 8962)
4(8953 8958 8963 8968)
4(8952 8957 8958 8953)
4(8967 8952 8953 8968)
4(8957 8962 8963 8958)
4(8962 8967 8968 8963)
4(8954 8959 8964 8969)
4(8953 8958 8959 8954)
4(8968 8953 8954 8969)
4(8958 8963 8964 8959)
4(8963 8968 8969 8964)
4(8955 8960 8965 8970)
4(8954 8959 8960 8955)
4(8969 8954 8955 8970)
4(8959 8964 8965 8960)
4(8964 8969 8970 8965)
4(8955 8960 8961 8956)
4(8970 8955 8956 8971)
4(8960 8965 8966 8961)
4(8965 8970 8971 8966)
4(8973 8976 8979 8983)
5(2234 4452 8976 8973 8972)
4(4453 2234 8972 8982)
4(8982 8972 8973 8983)
4(4452 5921 8979 8976)
5(5921 4453 8982 8983 8979)
4(8974 8977 8980 8984)
4(8973 8976 8977 8974)
4(8983 8973 8974 8984)
4(8976 8979 8980 8977)
4(8979 8983 8984 8980)
4(8974 8977 8978 8975)
4(8984 8974 8975 8985)
4(8977 8980 8981 8978)
4(8980 8984 8985 8981)
4(2244 4481 8988 8986)
4(8986 8988 8989 8987)
4(4482 2244 8986 8990)
4(8990 8986 8987 8991)
4(5922 4482 8990 8991)
4(4481 5922 8989 8988)
4(3223 1736 8452 8453)
4(1736 3498 8453 8452)
4(3252 5867 8993 8992)
4(1640 3252 8992 8993)
4(3527 5867 8455 8454)
4(3252 1746 8461 8992)
4(8992 8461 8462 8993)
4(1746 3527 8454 8461)
4(8461 8454 8455 8462)
4(8473 8464 8994 8996)
5(3551 5868 8994 8464 8463)
5(3281 1756 8472 8473 8996)
4(1756 3551 8463 8472)
4(8472 8463 8464 8473)
4(5868 3281 8996 8994)
4(8464 8994 8995 8465)
4(8996 8473 8474 8997)
4(8473 8464 8465 8474)
4(8994 8996 8997 8995)
4(8461 8992 8994 8464)
4(3252 5868 8994 8992)
4(8992 8994 8995 8993)
4(8487 8476 8998 8446)
5(3573 5869 8998 8476 8475)
5(3310 1766 8486 8487 8446)
4(1766 3573 8475 8486)
4(8486 8475 8476 8487)
4(5869 3310 8446 8998)
4(8476 8998 8999 8477)
4(8446 8487 8488 8447)
4(8487 8476 8477 8488)
4(8998 8446 8447 8999)
4(8473 8996 8998 8476)
4(3281 5869 8998 8996)
4(8996 8998 8999 8997)
4(3339 5870 8444 8450)
4(8450 8444 8445 8451)
4(8501 8490 8444 8450)
5(3595 5870 8444 8490 8489)
5(3339 1776 8500 8501 8450)
4(1776 3595 8489 8500)
4(8500 8489 8490 8501)
4(8490 8444 8445 8491)
4(8450 8501 8502 8451)
4(8501 8490 8491 8502)
4(8487 8446 8444 8490)
4(8515 8504 8448 9000)
5(3617 5871 8448 8504 8503)
5(3368 1786 8514 8515 9000)
4(1786 3617 8503 8514)
4(8514 8503 8504 8515)
4(5871 3368 9000 8448)
4(8504 8448 8449 8505)
4(9000 8515 8516 9001)
4(8515 8504 8505 8516)
4(8448 9000 9001 8449)
4(8501 8450 8448 8504)
4(3397 5872 9004 9002)
4(9002 9004 9005 9003)
4(5872 3367 9005 9004)
4(1690 3397 9002 9003)
4(8529 8518 9004 9002)
5(3639 5872 9004 8518 8517)
5(3397 1796 8528 8529 9002)
4(1796 3639 8517 8528)
4(8528 8517 8518 8529)
4(8518 9004 9005 8519)
4(9002 8529 8530 9003)
4(8529 8518 8519 8530)
4(8515 9000 9004 8518)
4(3368 5872 9004 9000)
4(9000 9004 9005 9001)
4(8529 9002 9006 8532)
4(3397 5873 9006 9002)
4(9002 9006 9007 9003)
4(3528 5876 8460 8459)
4(3528 1843 8544 8459)
4(8459 8544 8545 8460)
4(1843 3756 8545 8544)
4(8461 8470 8457 8454)
4(3552 5877 8456 8469)
4(8469 8456 8457 8470)
4(8470 8457 8458 8471)
4(8555 8546 8456 8469)
4(3780 5877 8456 8546)
5(3552 1853 8554 8555 8469)
5(1853 3780 8546 8555 8554)
4(8556 8547 8457 8470)
4(8546 8456 8457 8547)
4(8469 8555 8556 8470)
4(8555 8546 8547 8556)
4(8547 8457 8458 8548)
4(8470 8556 8557 8471)
4(8556 8547 8548 8557)
4(8544 8459 8457 8547)
4(8472 8483 8466 8463)
5(3574 5878 8466 8483 8482)
4(8473 8484 8467 8464)
4(8483 8466 8467 8484)
4(8484 8467 8468 8485)
4(8572 8559 8466 8483)
5(3793 5878 8466 8559 8558)
4(3574 1863 8571 8482)
4(8482 8571 8572 8483)
4(1863 3793 8558 8571)
4(8571 8558 8559 8572)
4(8573 8560 8467 8484)
4(8559 8466 8467 8560)
4(8483 8572 8573 8484)
4(8572 8559 8560 8573)
4(8560 8467 8468 8561)
4(8484 8573 8574 8485)
4(8573 8560 8561 8574)
4(8555 8469 8466 8559)
4(8556 8470 8467 8560)
4(8486 8497 8479 8475)
4(3596 5879 8478 8496)
4(8496 8478 8479 8497)
4(8487 8498 8480 8476)
4(8497 8479 8480 8498)
4(8498 8480 8481 8499)
4(8591 8576 8478 8496)
5(3803 5879 8478 8576 8575)
5(3596 1873 8590 8591 8496)
4(1873 3803 8575 8590)
4(8590 8575 8576 8591)
4(8592 8577 8479 8497)
4(8576 8478 8479 8577)
4(8496 8591 8592 8497)
4(8591 8576 8577 8592)
4(8593 8578 8480 8498)
4(8577 8479 8480 8578)
4(8497 8592 8593 8498)
4(8592 8577 8578 8593)
4(8578 8480 8481 8579)
4(8498 8593 8594 8499)
4(8593 8578 8579 8594)
4(8571 8482 8478 8576)
4(8572 8483 8479 8577)
4(8573 8484 8480 8578)
4(8500 8511 8493 8489)
4(3618 5880 8492 8510)
4(8510 8492 8493 8511)
4(8501 8512 8494 8490)
4(8511 8493 8494 8512)
4(8512 8494 8495 8513)
4(8611 8596 8492 8510)
5(3812 5880 8492 8596 8595)
5(3618 1883 8610 8611 8510)
4(1883 3812 8595 8610)
4(8610 8595 8596 8611)
4(8612 8597 8493 8511)
4(8596 8492 8493 8597)
4(8510 8611 8612 8511)
4(8611 8596 8597 8612)
4(8613 8598 8494 8512)
4(8597 8493 8494 8598)
4(8511 8612 8613 8512)
4(8612 8597 8598 8613)
4(8598 8494 8495 8599)
4(8512 8613 8614 8513)
4(8613 8598 8599 8614)
4(8591 8496 8492 8596)
4(8592 8497 8493 8597)
4(8593 8498 8494 8598)
4(8514 8525 8507 8503)
4(3640 5881 8506 8524)
4(8524 8506 8507 8525)
4(8515 8526 8508 8504)
4(8525 8507 8508 8526)
4(8526 8508 8509 8527)
4(8631 8616 8506 8524)
5(3819 5881 8506 8616 8615)
5(3640 1893 8630 8631 8524)
4(1893 3819 8615 8630)
4(8630 8615 8616 8631)
4(8632 8617 8507 8525)
4(8616 8506 8507 8617)
4(8524 8631 8632 8525)
4(8631 8616 8617 8632)
4(8633 8618 8508 8526)
4(8617 8507 8508 8618)
4(8525 8632 8633 8526)
4(8632 8617 8618 8633)
4(8618 8508 8509 8619)
4(8526 8633 8634 8527)
4(8633 8618 8619 8634)
4(8611 8510 8506 8616)
4(8612 8511 8507 8617)
4(8613 8512 8508 8618)
4(8528 8539 8521 8517)
4(3662 5882 8520 8538)
4(8538 8520 8521 8539)
4(8529 8540 8522 8518)
4(8539 8521 8522 8540)
4(8540 8522 8523 8541)
4(8651 8636 8520 8538)
5(3826 5882 8520 8636 8635)
5(3662 1903 8650 8651 8538)
4(1903 3826 8635 8650)
4(8650 8635 8636 8651)
4(8652 8637 8521 8539)
4(8636 8520 8521 8637)
4(8538 8651 8652 8539)
4(8651 8636 8637 8652)
4(8653 8638 8522 8540)
4(8637 8521 8522 8638)
4(8539 8652 8653 8540)
4(8652 8637 8638 8653)
4(8638 8522 8523 8639)
4(8540 8653 8654 8541)
4(8653 8638 8639 8654)
4(8631 8524 8520 8636)
4(8632 8525 8521 8637)
4(8633 8526 8522 8638)
4(8651 8538 8534 8656)
4(8652 8539 8535 8657)
4(8653 8540 8536 8658)
4(9008 9013 9018 9023)
4(5994 5884 9008 9023)
4(3712 3730 9018 9013)
4(3730 5994 9023 9018)
4(9009 9014 9019 9024)
4(9023 9008 9009 9024)
4(9013 9018 9019 9014)
4(9018 9023 9024 9019)
4(9010 9015 9020 9025)
4(9024 9009 9010 9025)
4(9014 9019 9020 9015)
4(9019 9024 9025 9020)
4(9011 9016 9021 9026)
4(9025 9010 9011 9026)
4(9015 9020 9021 9016)
4(9020 9025 9026 9021)
4(9026 9011 9012 9027)
4(9016 9021 9022 9017)
4(9021 9026 9027 9022)
4(9028 9008 9023 9033)
4(3885 3867 9028 9033)
4(5994 3885 9033 9023)
4(9029 9009 9024 9034)
4(9033 9028 9029 9034)
4(9023 9033 9034 9024)
4(9030 9010 9025 9035)
4(9034 9029 9030 9035)
4(9024 9034 9035 9025)
4(9031 9011 9026 9036)
4(9035 9030 9031 9036)
4(9025 9035 9036 9026)
4(9036 9031 9032 9037)
4(9026 9036 9037 9027)
4(3781 5885 8542 8552)
4(8552 8542 8543 8553)
4(8674 8670 8542 8552)
4(3911 5885 8542 8670)
4(3781 1950 8674 8552)
4(1950 3911 8670 8674)
4(8670 8542 8543 8671)
4(8552 8674 8675 8553)
4(8674 8670 8671 8675)
4(8555 8568 8549 8546)
5(3794 5886 8549 8568 8567)
4(8556 8569 8550 8547)
4(8568 8549 8550 8569)
4(8569 8550 8551 8570)
4(8685 8676 8549 8568)
4(3935 5886 8549 8676)
4(3794 1960 8684 8567)
4(8567 8684 8685 8568)
5(1960 3935 8676 8685 8684)
4(8686 8677 8550 8569)
4(8676 8549 8550 8677)
4(8568 8685 8686 8569)
4(8685 8676 8677 8686)
4(8677 8550 8551 8678)
4(8569 8686 8687 8570)
4(8686 8677 8678 8687)
4(8674 8552 8550 8677)
4(8571 8586 8563 8558)
4(3804 5887 8562 8585)
4(8585 8562 8563 8586)
4(8572 8587 8564 8559)
4(8586 8563 8564 8587)
4(8573 8588 8565 8560)
4(8587 8564 8565 8588)
4(8588 8565 8566 8589)
4(8702 8688 8562 8585)
4(3948 5887 8562 8688)
4(3804 1970 8702 8585)
4(1970 3948 8688 8702)
4(8703 8689 8563 8586)
4(8688 8562 8563 8689)
4(8585 8702 8703 8586)
4(8702 8688 8689 8703)
4(8704 8690 8564 8587)
4(8689 8563 8564 8690)
4(8586 8703 8704 8587)
4(8703 8689 8690 8704)
4(8705 8691 8565 8588)
4(8690 8564 8565 8691)
4(8587 8704 8705 8588)
4(8704 8690 8691 8705)
4(8691 8565 8566 8692)
4(8588 8705 8706 8589)
4(8705 8691 8692 8706)
4(8684 8567 8563 8689)
4(8685 8568 8564 8690)
4(8686 8569 8565 8691)
4(8590 8605 8580 8575)
4(3813 5888 8580 8605)
4(8591 8606 8581 8576)
4(8605 8580 8581 8606)
4(8592 8607 8582 8577)
4(8606 8581 8582 8607)
4(8593 8608 8583 8578)
4(8607 8582 8583 8608)
4(8608 8583 8584 8609)
4(8722 8707 8580 8605)
4(3958 5888 8580 8707)
4(3813 1980 8722 8605)
4(1980 3958 8707 8722)
4(8723 8708 8581 8606)
4(8707 8580 8581 8708)
4(8605 8722 8723 8606)
4(8722 8707 8708 8723)
4(8724 8709 8582 8607)
4(8708 8581 8582 8709)
4(8606 8723 8724 8607)
4(8723 8708 8709 8724)
4(8725 8710 8583 8608)
4(8709 8582 8583 8710)
4(8607 8724 8725 8608)
4(8724 8709 8710 8725)
4(8710 8583 8584 8711)
4(8608 8725 8726 8609)
4(8725 8710 8711 8726)
4(8702 8585 8580 8707)
4(8703 8586 8581 8708)
4(8704 8587 8582 8709)
4(8705 8588 8583 8710)
4(8610 8625 8600 8595)
4(3820 5889 8600 8625)
4(8611 8626 8601 8596)
4(8625 8600 8601 8626)
4(8612 8627 8602 8597)
4(8626 8601 8602 8627)
4(8613 8628 8603 8598)
4(8627 8602 8603 8628)
4(8628 8603 8604 8629)
4(8742 8727 8600 8625)
4(3966 5889 8600 8727)
4(3820 1990 8742 8625)
4(1990 3966 8727 8742)
4(8743 8728 8601 8626)
4(8727 8600 8601 8728)
4(8625 8742 8743 8626)
4(8742 8727 8728 8743)
4(8744 8729 8602 8627)
4(8728 8601 8602 8729)
4(8626 8743 8744 8627)
4(8743 8728 8729 8744)
4(8745 8730 8603 8628)
4(8729 8602 8603 8730)
4(8627 8744 8745 8628)
4(8744 8729 8730 8745)
4(8730 8603 8604 8731)
4(8628 8745 8746 8629)
4(8745 8730 8731 8746)
4(8722 8605 8600 8727)
4(8723 8606 8601 8728)
4(8724 8607 8602 8729)
4(8725 8608 8603 8730)
4(8630 8645 8620 8615)
4(3827 5890 8620 8645)
4(8631 8646 8621 8616)
4(8645 8620 8621 8646)
4(8632 8647 8622 8617)
4(8646 8621 8622 8647)
4(8633 8648 8623 8618)
4(8647 8622 8623 8648)
4(8648 8623 8624 8649)
4(8762 8747 8620 8645)
4(3973 5890 8620 8747)
4(3827 2000 8762 8645)
4(2000 3973 8747 8762)
4(8763 8748 8621 8646)
4(8747 8620 8621 8748)
4(8645 8762 8763 8646)
4(8762 8747 8748 8763)
4(8764 8749 8622 8647)
4(8748 8621 8622 8749)
4(8646 8763 8764 8647)
4(8763 8748 8749 8764)
4(8765 8750 8623 8648)
4(8749 8622 8623 8750)
4(8647 8764 8765 8648)
4(8764 8749 8750 8765)
4(8750 8623 8624 8751)
4(8648 8765 8766 8649)
4(8765 8750 8751 8766)
4(8742 8625 8620 8747)
4(8743 8626 8621 8748)
4(8744 8627 8622 8749)
4(8745 8628 8623 8750)
4(8650 8665 8640 8635)
4(3834 5891 8640 8665)
4(8651 8666 8641 8636)
4(8665 8640 8641 8666)
4(8652 8667 8642 8637)
4(8666 8641 8642 8667)
4(8653 8668 8643 8638)
4(8667 8642 8643 8668)
4(8668 8643 8644 8669)
4(8782 8767 8640 8665)
4(3980 5891 8640 8767)
4(3834 2010 8782 8665)
4(2010 3980 8767 8782)
4(8783 8768 8641 8666)
4(8767 8640 8641 8768)
4(8665 8782 8783 8666)
4(8782 8767 8768 8783)
4(8784 8769 8642 8667)
4(8768 8641 8642 8769)
4(8666 8783 8784 8667)
4(8783 8768 8769 8784)
4(8785 8770 8643 8668)
4(8769 8642 8643 8770)
4(8667 8784 8785 8668)
4(8784 8769 8770 8785)
4(8770 8643 8644 8771)
4(8668 8785 8786 8669)
4(8785 8770 8771 8786)
4(8762 8645 8640 8767)
4(8763 8646 8641 8768)
4(8764 8647 8642 8769)
4(8765 8648 8643 8770)
4(8782 8665 8660 8787)
4(8783 8666 8661 8788)
4(8784 8667 8662 8789)
4(8785 8668 8663 8790)
4(9038 9028 9033 9043)
4(5995 5893 9038 9043)
4(3885 5995 9043 9033)
4(9039 9029 9034 9044)
4(9043 9038 9039 9044)
4(9033 9043 9044 9034)
4(9040 9030 9035 9045)
4(9044 9039 9040 9045)
4(9034 9044 9045 9035)
4(9041 9031 9036 9046)
4(9045 9040 9041 9046)
4(9035 9045 9046 9036)
4(9046 9041 9042 9047)
4(9036 9046 9047 9037)
4(8674 8682 8672 8670)
4(3936 5894 8672 8682)
4(8682 8672 8673 8683)
4(3936 2057 8802 8682)
4(8682 8802 8803 8683)
4(2057 4065 8803 8802)
4(4065 5894 8672 8673)
4(8685 8699 8679 8676)
5(3949 5895 8679 8699 8698)
4(8686 8700 8680 8677)
4(8699 8679 8680 8700)
4(8700 8680 8681 8701)
4(8813 8804 8679 8699)
4(4089 5895 8679 8804)
4(3949 2067 8812 8698)
4(8698 8812 8813 8699)
5(2067 4089 8804 8813 8812)
4(8814 8805 8680 8700)
4(8804 8679 8680 8805)
4(8699 8813 8814 8700)
4(8813 8804 8805 8814)
4(8805 8680 8681 8806)
4(8700 8814 8815 8701)
4(8814 8805 8806 8815)
4(8802 8682 8680 8805)
4(8702 8717 8693 8688)
4(3959 5896 8693 8717)
4(8703 8718 8694 8689)
4(8717 8693 8694 8718)
4(8704 8719 8695 8690)
4(8718 8694 8695 8719)
4(8705 8720 8696 8691)
4(8719 8695 8696 8720)
4(8720 8696 8697 8721)
4(8826 8816 8694 8718)
5(4101 5896 8693 8694 8816)
5(3959 2077 8826 8718 8717)
4(2077 4101 8816 8826)
4(8827 8817 8695 8719)
4(8816 8694 8695 8817)
4(8718 8826 8827 8719)
4(8826 8816 8817 8827)
4(8828 8818 8696 8720)
4(8817 8695 8696 8818)
4(8719 8827 8828 8720)
4(8827 8817 8818 8828)
4(8818 8696 8697 8819)
4(8720 8828 8829 8721)
4(8828 8818 8819 8829)
4(8812 8698 8694 8816)
4(8813 8699 8695 8817)
4(8814 8700 8696 8818)
4(8722 8737 8712 8707)
4(3967 5897 8712 8737)
4(8723 8738 8713 8708)
4(8737 8712 8713 8738)
4(8724 8739 8714 8709)
4(8738 8713 8714 8739)
4(8725 8740 8715 8710)
4(8739 8714 8715 8740)
4(8740 8715 8716 8741)
4(8840 8830 8713 8738)
5(4110 5897 8712 8713 8830)
5(3967 2087 8840 8738 8737)
4(2087 4110 8830 8840)
4(8841 8831 8714 8739)
4(8830 8713 8714 8831)
4(8738 8840 8841 8739)
4(8840 8830 8831 8841)
4(8842 8832 8715 8740)
4(8831 8714 8715 8832)
4(8739 8841 8842 8740)
4(8841 8831 8832 8842)
4(8832 8715 8716 8833)
4(8740 8842 8843 8741)
4(8842 8832 8833 8843)
4(8826 8718 8713 8830)
4(8827 8719 8714 8831)
4(8828 8720 8715 8832)
4(8742 8757 8732 8727)
4(3974 5898 8732 8757)
4(8743 8758 8733 8728)
4(8757 8732 8733 8758)
4(8744 8759 8734 8729)
4(8758 8733 8734 8759)
4(8745 8760 8735 8730)
4(8759 8734 8735 8760)
4(8760 8735 8736 8761)
4(8854 8844 8733 8758)
5(4118 5898 8732 8733 8844)
5(3974 2097 8854 8758 8757)
4(2097 4118 8844 8854)
4(8855 8845 8734 8759)
4(8844 8733 8734 8845)
4(8758 8854 8855 8759)
4(8854 8844 8845 8855)
4(8856 8846 8735 8760)
4(8845 8734 8735 8846)
4(8759 8855 8856 8760)
4(8855 8845 8846 8856)
4(8846 8735 8736 8847)
4(8760 8856 8857 8761)
4(8856 8846 8847 8857)
4(8840 8738 8733 8844)
4(8841 8739 8734 8845)
4(8842 8740 8735 8846)
4(8762 8777 8752 8747)
4(3981 5899 8752 8777)
4(8763 8778 8753 8748)
4(8777 8752 8753 8778)
4(8764 8779 8754 8749)
4(8778 8753 8754 8779)
4(8765 8780 8755 8750)
4(8779 8754 8755 8780)
4(8780 8755 8756 8781)
4(8868 8858 8753 8778)
5(4125 5899 8752 8753 8858)
5(3981 2107 8868 8778 8777)
4(2107 4125 8858 8868)
4(8869 8859 8754 8779)
4(8858 8753 8754 8859)
4(8778 8868 8869 8779)
4(8868 8858 8859 8869)
4(8870 8860 8755 8780)
4(8859 8754 8755 8860)
4(8779 8869 8870 8780)
4(8869 8859 8860 8870)
4(8860 8755 8756 8861)
4(8780 8870 8871 8781)
4(8870 8860 8861 8871)
4(8854 8758 8753 8858)
4(8855 8759 8754 8859)
4(8856 8760 8755 8860)
4(8782 8797 8772 8767)
4(3988 5900 8772 8797)
4(8783 8798 8773 8768)
4(8797 8772 8773 8798)
4(8784 8799 8774 8769)
4(8798 8773 8774 8799)
4(8785 8800 8775 8770)
4(8799 8774 8775 8800)
4(8800 8775 8776 8801)
4(8884 8872 8773 8798)
5(4132 5900 8772 8773 8872)
4(3988 2117 8883 8797)
4(8797 8883 8884 8798)
5(2117 4132 8872 8884 8883)
4(8885 8873 8774 8799)
4(8872 8773 8774 8873)
4(8798 8884 8885 8799)
4(8884 8872 8873 8885)
4(8886 8874 8775 8800)
4(8873 8774 8775 8874)
4(8799 8885 8886 8800)
4(8885 8873 8874 8886)
4(8874 8775 8776 8875)
4(8800 8886 8887 8801)
4(8886 8874 8875 8887)
4(8868 8778 8773 8872)
4(8869 8779 8774 8873)
4(8870 8780 8775 8874)
4(8883 8797 8792 8888)
4(8884 8798 8793 8889)
4(8885 8799 8794 8890)
4(8886 8800 8795 8891)
4(4090 5903 8811 8810)
4(4090 2164 8903 8810)
4(8810 8903 8904 8811)
4(2164 4220 8904 8903)
4(8813 8823 8807 8804)
4(4102 5904 8807 8823)
4(8814 8824 8808 8805)
4(8823 8807 8808 8824)
4(8824 8808 8809 8825)
4(8907 8905 8808 8824)
5(4249 5904 8807 8808 8905)
5(4102 2174 8907 8824 8823)
4(2174 4249 8905 8907)
4(8905 8808 8809 8906)
4(8824 8907 8908 8825)
4(8907 8905 8906 8908)
4(8903 8810 8808 8905)
4(8827 8837 8820 8817)
4(4111 5905 8820 8837)
4(8828 8838 8821 8818)
4(8837 8820 8821 8838)
4(8838 8821 8822 8839)
4(8916 8909 8820 8837)
4(4278 5905 8820 8909)
4(4111 2184 8916 8837)
4(2184 4278 8909 8916)
4(8917 8910 8821 8838)
4(8909 8820 8821 8910)
4(8837 8916 8917 8838)
4(8916 8909 8910 8917)
4(8910 8821 8822 8911)
4(8838 8917 8918 8839)
4(8917 8910 8911 8918)
4(8907 8824 8821 8910)
4(8841 8851 8834 8831)
4(4119 5906 8834 8851)
4(8842 8852 8835 8832)
4(8851 8834 8835 8852)
4(8852 8835 8836 8853)
4(8926 8920 8835 8852)
4(4307 5906 8834 8919)
4(8919 8834 8835 8920)
5(4119 2194 8926 8852 8851)
5(2194 4307 8919 8920 8926)
4(8920 8835 8836 8921)
4(8852 8926 8927 8853)
4(8926 8920 8921 8927)
4(8916 8837 8834 8919)
4(8917 8838 8835 8920)
4(8855 8865 8848 8845)
4(4126 5907 8848 8865)
4(8856 8866 8849 8846)
4(8865 8848 8849 8866)
4(8866 8849 8850 8867)
4(8932 8928 8849 8866)
5(4336 5907 8848 8849 8928)
5(4126 2204 8932 8866 8865)
4(2204 4336 8928 8932)
4(8928 8849 8850 8929)
4(8866 8932 8933 8867)
4(8932 8928 8929 8933)
4(8926 8852 8849 8928)
4(8869 8880 8862 8859)
4(4133 5908 8862 8880)
4(8870 8881 8863 8860)
4(8880 8862 8863 8881)
4(8881 8863 8864 8882)
4(8939 8934 8863 8881)
5(4365 5908 8862 8863 8934)
4(4133 2214 8938 8880)
4(8880 8938 8939 8881)
5(2214 4365 8934 8939 8938)
4(8934 8863 8864 8935)
4(8881 8939 8940 8882)
4(8939 8934 8935 8940)
4(8932 8866 8863 8934)
4(8884 8899 8876 8872)
5(4140 5909 8876 8899 8898)
4(8885 8900 8877 8873)
4(8899 8876 8877 8900)
4(8886 8901 8878 8874)
4(8900 8877 8878 8901)
4(8901 8878 8879 8902)
4(8953 8941 8876 8899)
4(4394 5909 8876 8941)
4(4140 2224 8952 8898)
4(8898 8952 8953 8899)
5(2224 4394 8941 8953 8952)
4(8954 8942 8877 8900)
4(8941 8876 8877 8942)
4(8899 8953 8954 8900)
4(8953 8941 8942 8954)
4(8955 8943 8878 8901)
4(8942 8877 8878 8943)
4(8900 8954 8955 8901)
4(8954 8942 8943 8955)
4(8943 8878 8879 8944)
4(8901 8955 8956 8902)
4(8955 8943 8944 8956)
4(8938 8880 8877 8942)
4(8939 8881 8878 8943)
4(8972 8958 8894 9048)
4(4423 5910 8893 8957)
4(8957 8893 8894 8958)
4(4147 2234 8972 9048)
5(2234 4423 8957 8958 8972)
4(8973 8959 8895 9049)
4(8958 8894 8895 8959)
4(9048 8972 8973 9049)
4(8972 8958 8959 8973)
4(8974 8960 8896 9050)
4(8959 8895 8896 8960)
4(9049 8973 8974 9050)
4(8973 8959 8960 8974)
4(8960 8896 8897 8961)
4(9050 8974 8975 9051)
4(8974 8960 8961 8975)
4(8952 8898 8893 8957)
4(8953 8899 8894 8958)
4(8954 8900 8895 8959)
4(8955 8901 8896 8960)
4(8986 8977 9053 9055)
4(4452 5911 9052 8976)
4(8976 9052 9053 8977)
4(4176 2244 8986 9055)
5(2244 4452 8976 8977 8986)
4(8977 9053 9054 8978)
4(9055 8986 8987 9056)
4(8986 8977 8978 8987)
4(8973 9049 9052 8976)
4(8974 9050 9053 8977)
4(4481 5912 9057 8988)
4(8988 9057 9058 8989)
4(5912 4195 9058 9057)
4(2254 4481 8988 8989)
4(8986 9055 9057 8988)
4(4279 5914 8915 8914)
4(4279 2281 8915 8914)
4(8917 8924 8912 8910)
4(4308 5915 8912 8924)
4(8924 8912 8913 8925)
4(4554 5915 8912 8913)
4(4308 2291 8925 8924)
4(8926 8930 8922 8920)
4(4337 5916 8922 8930)
4(8930 8922 8923 8931)
4(2301 4337 8930 8931)
4(8939 8950 8936 8934)
5(4395 5918 8936 8950 8949)
4(8950 8936 8937 8951)
4(8936 8950 9060 9062)
4(4395 4627 9059 8949)
4(8949 9059 9060 8950)
4(6172 5918 8936 9062)
5(4627 6172 9062 9060 9059)
4(8950 9060 9061 8951)
4(9062 8936 8937 9063)
4(9060 9062 9063 9061)
4(8953 8968 8945 8941)
5(4424 5919 8945 8968 8967)
4(8954 8969 8946 8942)
4(8968 8945 8946 8969)
4(8955 8970 8947 8943)
4(8969 8946 8947 8970)
4(8970 8947 8948 8971)
4(8972 8982 8963 8958)
5(4453 5920 8962 8963 8982)
4(8973 8983 8964 8959)
4(8982 8963 8964 8983)
4(8974 8984 8965 8960)
4(8983 8964 8965 8984)
4(8984 8965 8966 8985)
4(9064 9069 8963 8982)
4(4647 5920 8962 9068)
4(9068 8962 8963 9069)
5(2339 4647 9068 9069 9064)
4(4453 2339 9064 8982)
4(9065 9070 8964 8983)
4(9069 8963 8964 9070)
4(9064 9069 9070 9065)
4(8982 9064 9065 8983)
4(9066 9071 8965 8984)
4(9070 8964 8965 9071)
4(9065 9070 9071 9066)
4(8983 9065 9066 8984)
4(9071 8965 8966 9072)
4(9066 9071 9072 9067)
4(8984 9066 9067 8985)
4(9073 8967 8962 9068)
4(2329 4424 8967 9073)
4(4647 2329 9073 9068)
4(9074 8968 8963 9069)
4(9073 8967 8968 9074)
4(9068 9073 9074 9069)
4(9075 8969 8964 9070)
4(9074 8968 8969 9075)
4(9069 9074 9075 9070)
4(9076 8970 8965 9071)
4(9075 8969 8970 9076)
4(9070 9075 9076 9071)
4(9076 8970 8971 9077)
4(9071 9076 9077 9072)
4(8986 8990 8980 8977)
5(4482 5921 8979 8980 8990)
4(8990 8980 8981 8991)
4(2759 5924 9078 9079)
4(6699 6076 9086 9084)
4(9084 9086 9087 9085)
4(6700 6666 9082 9080)
4(9080 9082 9083 9081)
4(6666 6699 9084 9082)
4(9082 9084 9085 9083)
4(5924 6700 9080 9078)
4(9078 9080 9081 9079)
4(6076 2759 9087 9086)
4(3174 5924 9078 9079)
4(3181 5928 9088 9089)
4(4920 6072 9092 9090)
4(9090 9092 9093 9091)
4(5928 4920 9090 9088)
4(9088 9090 9091 9089)
4(6072 3181 9093 9092)
4(3184 5928 9088 9089)
4(3187 5929 9095 9094)
4(1618 3187 9094 9095)
4(4062 5935 9096 9097)
4(5935 3912 9097 9096)
4(4511 5939 9098 9099)
4(5939 4216 9100 9098)
4(9098 9100 9101 9099)
4(4216 2260 9101 9100)
4(4213 5939 9098 9102)
4(9102 9098 9099 9103)
4(2259 4213 9102 9103)
4(3174 1719 9104 9105)
4(1719 2822 9106 9104)
4(9104 9106 9107 9105)
4(2822 5924 9078 9106)
4(9106 9078 9079 9107)
4(5925 3474 9108 9109)
4(3474 1719 9104 9108)
4(9108 9104 9105 9109)
4(3177 1720 9110 9111)
4(1720 3474 9108 9110)
4(9110 9108 9109 9111)
4(5926 3477 9112 9113)
4(3477 1720 9110 9112)
4(9112 9110 9111 9113)
4(3180 1721 9114 9115)
4(1721 3477 9112 9114)
4(9114 9112 9113 9115)
4(3480 1721 9114 8392)
4(8392 9114 9115 8393)
4(3180 5927 8394 8395)
4(3184 1722 9116 9117)
4(1722 3484 9118 9116)
4(9116 9118 9119 9117)
4(3484 5928 9088 9118)
4(9118 9088 9089 9119)
4(5929 3486 9120 9121)
4(3486 1722 9116 9120)
4(9120 9116 9117 9121)
4(3187 1723 9122 9094)
4(9094 9122 9123 9095)
4(1723 3486 9120 9122)
4(9122 9120 9121 9123)
4(9094 9124 9126 9122)
4(5930 3489 9126 9124)
4(3489 1723 9122 9126)
4(3187 5930 9124 9094)
4(9124 9126 9127 9125)
4(9126 9122 9123 9127)
4(9094 9124 9125 9095)
4(9124 9128 9130 9126)
4(3190 1724 9130 9128)
4(1724 3489 9126 9130)
4(5930 3190 9128 9124)
4(9128 9130 9131 9129)
4(9130 9126 9127 9131)
4(9124 9128 9129 9125)
4(5931 3492 9132 9133)
4(3492 1724 9130 9132)
4(9132 9130 9131 9133)
4(3190 5931 9129 9128)
4(3193 1725 9134 9135)
4(1725 3492 9132 9134)
4(9134 9132 9133 9135)
4(3495 1725 9134 9135)
4(5933 3497 9136 9137)
4(3497 1725 9134 9136)
4(9136 9134 9135 9137)
4(3753 1832 9138 9139)
4(1832 3497 9136 9138)
4(9138 9136 9137 9139)
4(5934 3755 9142 9140)
4(9140 9142 9143 9141)
4(3755 1832 9138 9142)
4(9142 9138 9139 9143)
4(3753 5934 9140 9141)
4(9140 9144 9146 9142)
4(3908 1939 9146 9144)
4(1939 3755 9142 9146)
4(5934 3908 9144 9140)
4(9144 9146 9147 9145)
4(9146 9142 9143 9147)
4(9140 9144 9145 9141)
4(9144 9096 9148 9146)
4(5935 3910 9148 9096)
4(3910 1939 9146 9148)
4(3908 5935 9096 9144)
4(9096 9148 9149 9097)
4(9148 9146 9147 9149)
4(9144 9096 9097 9145)
4(4062 2046 9150 9151)
4(2046 3910 9148 9150)
4(9150 9148 9149 9151)
4(5936 4064 9152 9153)
4(4064 2046 9150 9152)
4(9152 9150 9151 9153)
4(4217 2153 9154 9155)
4(2153 4064 9152 9154)
4(9154 9152 9153 9155)
4(4219 2153 9154 9155)
4(5938 4214 9156 9157)
4(4214 2153 9154 9156)
4(9156 9154 9155 9157)
4(4216 2152 9158 9100)
4(9100 9158 9159 9101)
4(2152 4214 9156 9158)
4(9158 9156 9157 9159)
4(5938 4216 9100 9101)
4(9100 9098 9160 9158)
4(5939 4211 9160 9098)
4(4211 2152 9158 9160)
4(9098 9160 9161 9099)
4(9160 9158 9159 9161)
4(9098 9102 9162 9160)
4(4213 2151 9162 9102)
4(2151 4211 9160 9162)
4(9102 9162 9163 9103)
4(9162 9160 9161 9163)
4(5940 4208 9164 9165)
4(4208 2151 9162 9164)
4(9164 9162 9163 9165)
4(4213 5940 9103 9102)
4(4210 2150 9166 9167)
4(2150 4208 9164 9166)
4(9166 9164 9165 9167)
4(4206 2150 9166 7320)
4(7320 9166 9167 7321)
4(4210 5941 7322 7323)
4(9168 8437 8435 8442)
4(5942 4202 8437 9168)
4(5692 5942 9168 8442)
4(9168 8437 8438 9169)
4(8442 9168 9169 8443)
4(4204 2149 9170 9171)
4(2149 4202 8437 9170)
4(9170 8437 8438 9171)
4(5942 4204 9169 9168)
4(5943 4199 9172 9173)
4(4199 2149 9170 9172)
4(9172 9170 9171 9173)
4(4201 2148 9174 9175)
4(2148 4199 9172 9174)
4(9174 9172 9173 9175)
4(5944 4196 9176 9177)
4(4196 2148 9174 9176)
4(9176 9174 9175 9177)
4(4198 2147 9178 9179)
4(2147 4196 9176 9178)
4(9178 9176 9177 9179)
4(3072 2147 9178 9179)
4(9180 9106 9182 9184)
4(2822 5948 9182 9106)
4(5948 6743 9184 9182)
4(6743 6715 9180 9184)
4(6715 2822 9106 9180)
4(9106 9182 9183 9107)
4(9182 9184 9185 9183)
4(9184 9180 9181 9185)
4(9180 9106 9107 9181)
4(9106 9104 9186 9182)
4(1719 3476 9186 9104)
4(3476 5948 9182 9186)
4(9104 9186 9187 9105)
4(9186 9182 9183 9187)
4(9104 9108 9189 9186)
5(3474 5949 9188 9189 9108)
5(5949 3476 9186 9189 9188)
4(9108 9189 9190 9109)
4(9189 9186 9187 9190)
4(9108 9110 9192 9189)
5(1720 3479 9191 9192 9110)
4(3479 5949 9188 9191)
4(9191 9188 9189 9192)
4(9110 9192 9193 9111)
4(9192 9189 9190 9193)
4(9110 9112 9195 9192)
5(3477 5950 9194 9195 9112)
4(5950 3479 9191 9194)
4(9194 9191 9192 9195)
4(9112 9195 9196 9113)
4(9195 9192 9193 9196)
4(9112 9114 9198 9195)
5(1721 3482 9197 9198 9114)
4(3482 5950 9194 9197)
4(9197 9194 9195 9198)
4(9114 9198 9199 9115)
4(9198 9195 9196 9199)
4(9114 8392 9201 9198)
4(5951 3482 9197 9200)
4(9200 9197 9198 9201)
5(3480 5951 9200 9201 8392)
4(9201 9198 9199 9202)
4(8392 9201 9202 8393)
4(9118 9204 9207 9210)
5(3484 5952 9203 9204 9118)
5(3485 3484 9118 9210 9209)
4(5199 3485 9209 9206)
4(9206 9209 9210 9207)
4(5952 5199 9206 9203)
4(9203 9206 9207 9204)
4(9118 9204 9205 9119)
4(9210 9118 9119 9211)
4(9207 9210 9211 9208)
4(9204 9207 9208 9205)
4(9118 9116 9213 9204)
5(1722 3488 9212 9213 9116)
4(3488 5952 9203 9212)
4(9212 9203 9204 9213)
4(9116 9213 9214 9117)
4(9213 9204 9205 9214)
4(9116 9120 9216 9213)
5(3486 5953 9215 9216 9120)
4(5953 3488 9212 9215)
4(9215 9212 9213 9216)
4(9120 9216 9217 9121)
4(9216 9213 9214 9217)
4(9120 9122 9219 9216)
5(1723 3491 9218 9219 9122)
4(3491 5953 9215 9218)
4(9218 9215 9216 9219)
4(9122 9219 9220 9123)
4(9219 9216 9217 9220)
4(9122 9126 9222 9219)
5(3489 5954 9221 9222 9126)
4(5954 3491 9218 9221)
4(9221 9218 9219 9222)
4(9126 9222 9223 9127)
4(9222 9219 9220 9223)
4(9126 9130 9225 9222)
5(1724 3494 9224 9225 9130)
4(3494 5954 9221 9224)
4(9224 9221 9222 9225)
4(9130 9225 9226 9131)
4(9225 9222 9223 9226)
4(9130 9132 9228 9225)
5(3492 5955 9227 9228 9132)
4(5955 3494 9224 9227)
4(9227 9224 9225 9228)
4(9132 9228 9229 9133)
4(9228 9225 9226 9229)
4(9132 9134 9136 9228)
5(3497 5955 9227 9228 9136)
4(9136 9228 9229 9137)
4(9136 9138 9231 9228)
5(1832 3750 9230 9231 9138)
4(3750 5955 9227 9230)
4(9230 9227 9228 9231)
4(9138 9231 9232 9139)
4(9231 9228 9229 9232)
4(9138 9142 9234 9231)
5(3755 5956 9233 9234 9142)
4(5956 3750 9230 9233)
4(9233 9230 9231 9234)
4(9142 9234 9235 9143)
4(9234 9231 9232 9235)
4(9142 9146 9237 9234)
5(1939 3905 9236 9237 9146)
4(3905 5956 9233 9236)
4(9236 9233 9234 9237)
4(9146 9237 9238 9147)
4(9237 9234 9235 9238)
4(9146 9148 9240 9237)
5(3910 5957 9239 9240 9148)
4(5957 3905 9236 9239)
4(9239 9236 9237 9240)
4(9148 9240 9241 9149)
4(9240 9237 9238 9241)
4(9148 9150 9243 9240)
5(2046 4059 9242 9243 9150)
4(4059 5957 9239 9242)
4(9242 9239 9240 9243)
4(9150 9243 9244 9151)
4(9243 9240 9241 9244)
4(9150 9152 9246 9243)
5(4064 5958 9245 9246 9152)
4(5958 4059 9242 9245)
4(9245 9242 9243 9246)
4(9152 9246 9247 9153)
4(9246 9243 9244 9247)
4(9152 9154 9156 9246)
5(4214 5958 9245 9246 9156)
4(9156 9246 9247 9157)
4(9156 9158 9249 9246)
5(2152 4061 9248 9249 9158)
4(4061 5958 9245 9248)
4(9248 9245 9246 9249)
4(9158 9249 9250 9159)
4(9249 9246 9247 9250)
4(9158 9160 9252 9249)
5(4211 5959 9251 9252 9160)
4(5959 4061 9248 9251)
4(9251 9248 9249 9252)
4(9160 9252 9253 9161)
4(9252 9249 9250 9253)
4(9160 9162 9255 9252)
5(2151 4058 9254 9255 9162)
4(4058 5959 9251 9254)
4(9254 9251 9252 9255)
4(9162 9255 9256 9163)
4(9255 9252 9253 9256)
4(9162 9164 9258 9255)
5(4208 5960 9257 9258 9164)
4(5960 4058 9254 9257)
4(9257 9254 9255 9258)
4(9164 9258 9259 9165)
4(9258 9255 9256 9259)
4(9164 9166 9261 9258)
5(2150 4055 9260 9261 9166)
4(4055 5960 9257 9260)
4(9260 9257 9258 9261)
4(9166 9261 9262 9167)
4(9261 9258 9259 9262)
4(9166 7320 9264 9261)
4(5961 4055 9260 9263)
4(9263 9260 9261 9264)
5(4206 5961 9263 9264 7320)
4(9264 9261 9262 9265)
4(7320 9264 9265 7321)
4(8437 9170 9267 8440)
5(2149 4049 9266 9267 9170)
4(4049 5962 8439 9266)
4(9266 8439 8440 9267)
4(9170 9267 9268 9171)
4(9267 8440 8441 9268)
4(9170 9172 9270 9267)
5(4199 5963 9269 9270 9172)
4(5963 4049 9266 9269)
4(9269 9266 9267 9270)
4(9172 9270 9271 9173)
4(9270 9267 9268 9271)
4(9172 9174 9273 9270)
5(2148 4046 9272 9273 9174)
4(4046 5963 9269 9272)
4(9272 9269 9270 9273)
4(9174 9273 9274 9175)
4(9273 9270 9271 9274)
4(9174 9176 9276 9273)
5(4196 5964 9275 9276 9176)
4(5964 4046 9272 9275)
4(9275 9272 9273 9276)
4(9176 9276 9277 9177)
4(9276 9273 9274 9277)
4(9176 9178 9278 9276)
4(2147 4043 9278 9178)
5(4043 5964 9275 9276 9278)
4(9178 9278 9279 9179)
4(9278 9276 9277 9279)
4(5965 4043 9278 9279)
4(3476 1826 9280 9186)
4(9186 9280 9281 9187)
4(1826 2886 9281 9280)
4(2886 5948 9182 9183)
4(9186 9189 9283 9280)
4(5949 3732 9282 9188)
4(9188 9282 9283 9189)
5(3732 1826 9280 9283 9282)
4(9189 9283 9284 9190)
4(9283 9280 9281 9284)
4(9188 9191 9286 9282)
5(3479 1827 9285 9286 9191)
5(1827 3732 9282 9286 9285)
4(9189 9192 9287 9283)
4(9191 9286 9287 9192)
4(9286 9282 9283 9287)
4(9192 9287 9288 9193)
4(9287 9283 9284 9288)
4(9191 9194 9290 9286)
5(5950 3735 9289 9290 9194)
4(3735 1827 9285 9289)
4(9289 9285 9286 9290)
4(9192 9195 9291 9287)
4(9194 9290 9291 9195)
4(9290 9286 9287 9291)
4(9195 9291 9292 9196)
4(9291 9287 9288 9292)
4(9194 9197 9294 9290)
5(3482 1828 9293 9294 9197)
4(1828 3735 9289 9293)
4(9293 9289 9290 9294)
4(9195 9198 9295 9291)
4(9197 9294 9295 9198)
4(9294 9290 9291 9295)
4(9198 9295 9296 9199)
4(9295 9291 9292 9296)
4(9197 9200 9298 9294)
5(5951 3738 9297 9298 9200)
4(3738 1828 9293 9297)
4(9297 9293 9294 9298)
4(9198 9201 9299 9295)
4(9200 9298 9299 9201)
4(9298 9294 9295 9299)
4(9201 9299 9300 9202)
4(9299 9295 9296 9300)
4(9200 8396 8400 9298)
4(3741 3738 9297 8399)
4(8399 9297 9298 8400)
4(5951 5196 8396 9200)
4(9201 8397 8401 9299)
4(8400 9298 9299 8401)
4(9200 8396 8397 9201)
4(8401 9299 9300 8402)
4(9201 8397 8398 9202)
4(9203 9212 9302 9306)
5(3488 1829 9301 9302 9212)
4(1829 3742 9305 9301)
4(9301 9305 9306 9302)
5(3742 5952 9203 9306 9305)
4(9204 9213 9303 9307)
4(9212 9302 9303 9213)
4(9302 9306 9307 9303)
4(9306 9203 9204 9307)
4(9213 9303 9304 9214)
4(9303 9307 9308 9304)
4(9307 9204 9205 9308)
4(9212 9215 9310 9302)
5(5953 3744 9309 9310 9215)
4(3744 1829 9301 9309)
4(9309 9301 9302 9310)
4(9213 9216 9311 9303)
4(9215 9310 9311 9216)
4(9310 9302 9303 9311)
4(9216 9311 9312 9217)
4(9311 9303 9304 9312)
4(9215 9218 9314 9310)
5(3491 1830 9313 9314 9218)
4(1830 3744 9309 9313)
4(9313 9309 9310 9314)
4(9216 9219 9315 9311)
4(9218 9314 9315 9219)
4(9314 9310 9311 9315)
4(9219 9315 9316 9220)
4(9315 9311 9312 9316)
4(9218 9221 9318 9314)
5(5954 3747 9317 9318 9221)
4(3747 1830 9313 9317)
4(9317 9313 9314 9318)
4(9219 9222 9319 9315)
4(9221 9318 9319 9222)
4(9318 9314 9315 9319)
4(9222 9319 9320 9223)
4(9319 9315 9316 9320)
4(9221 9224 9322 9318)
5(3494 1831 9321 9322 9224)
4(1831 3747 9317 9321)
4(9321 9317 9318 9322)
4(9222 9225 9323 9319)
4(9224 9322 9323 9225)
4(9322 9318 9319 9323)
4(9225 9323 9324 9226)
4(9323 9319 9320 9324)
4(9224 9227 9230 9322)
5(3750 1831 9321 9322 9230)
4(9225 9228 9231 9323)
4(9230 9322 9323 9231)
4(9231 9323 9324 9232)
4(9230 9233 9326 9322)
5(5956 3752 9325 9326 9233)
4(3752 1831 9321 9325)
4(9325 9321 9322 9326)
4(9231 9234 9327 9323)
4(9233 9326 9327 9234)
4(9326 9322 9323 9327)
4(9234 9327 9328 9235)
4(9327 9323 9324 9328)
4(9233 9236 9330 9326)
5(3905 1938 9329 9330 9236)
4(1938 3752 9325 9329)
4(9329 9325 9326 9330)
4(9234 9237 9331 9327)
4(9236 9330 9331 9237)
4(9330 9326 9327 9331)
4(9237 9331 9332 9238)
4(9331 9327 9328 9332)
4(9236 9239 9334 9330)
5(5957 3907 9333 9334 9239)
4(3907 1938 9329 9333)
4(9333 9329 9330 9334)
4(9237 9240 9335 9331)
4(9239 9334 9335 9240)
4(9334 9330 9331 9335)
4(9240 9335 9336 9241)
4(9335 9331 9332 9336)
4(9239 9242 9338 9334)
5(4059 2045 9337 9338 9242)
4(2045 3907 9333 9337)
4(9337 9333 9334 9338)
4(9240 9243 9339 9335)
4(9242 9338 9339 9243)
4(9338 9334 9335 9339)
4(9243 9339 9340 9244)
4(9339 9335 9336 9340)
4(9242 9245 9248 9338)
5(4061 2045 9337 9338 9248)
4(9243 9246 9249 9339)
4(9248 9338 9339 9249)
4(9249 9339 9340 9250)
4(9248 9251 9342 9338)
5(5959 4056 9341 9342 9251)
4(4056 2045 9337 9341)
4(9341 9337 9338 9342)
4(9249 9252 9343 9339)
4(9251 9342 9343 9252)
4(9342 9338 9339 9343)
4(9252 9343 9344 9253)
4(9343 9339 9340 9344)
4(9251 9254 9346 9342)
5(4058 2044 9345 9346 9254)
4(2044 4056 9341 9345)
4(9345 9341 9342 9346)
4(9252 9255 9347 9343)
4(9254 9346 9347 9255)
4(9346 9342 9343 9347)
4(9255 9347 9348 9256)
4(9347 9343 9344 9348)
4(9254 9257 9350 9346)
5(5960 4053 9349 9350 9257)
4(4053 2044 9345 9349)
4(9349 9345 9346 9350)
4(9255 9258 9351 9347)
4(9257 9350 9351 9258)
4(9350 9346 9347 9351)
4(9258 9351 9352 9259)
4(9351 9347 9348 9352)
4(9257 9260 9354 9350)
5(4055 2043 9353 9354 9260)
4(2043 4053 9349 9353)
4(9353 9349 9350 9354)
4(9258 9261 9355 9351)
4(9260 9354 9355 9261)
4(9354 9350 9351 9355)
4(9261 9355 9356 9262)
4(9355 9351 9352 9356)
4(9260 9263 9358 9354)
5(5961 4051 9357 9358 9263)
4(4051 2043 9353 9357)
4(9357 9353 9354 9358)
4(9261 9264 9359 9355)
4(9263 9358 9359 9264)
4(9358 9354 9355 9359)
4(9264 9359 9360 9265)
4(9359 9355 9356 9360)
4(9263 9361 9365 9358)
4(4052 4051 9357 9364)
4(9364 9357 9358 9365)
5(5528 4052 9364 9365 9361)
4(5961 5528 9361 9263)
4(9264 9362 9366 9359)
4(9365 9358 9359 9366)
4(9361 9365 9366 9362)
4(9263 9361 9362 9264)
4(9366 9359 9360 9367)
4(9362 9366 9367 9363)
4(9264 9362 9363 9265)
4(8439 8423 8419 8431)
5(5962 4047 8422 8423 8439)
4(8440 8424 8420 8432)
4(8439 8423 8424 8440)
4(8440 8424 8425 8441)
4(8439 9266 9369 8423)
5(4049 2042 9368 9369 9266)
4(2042 4047 8422 9368)
4(9368 8422 8423 9369)
4(8440 9267 9370 8424)
4(9266 9369 9370 9267)
4(9369 8423 8424 9370)
4(9267 9370 9371 9268)
4(9370 8424 8425 9371)
4(9266 9269 9373 9369)
5(5963 4044 9372 9373 9269)
4(4044 2042 9368 9372)
4(9372 9368 9369 9373)
4(9267 9270 9374 9370)
4(9269 9373 9374 9270)
4(9373 9369 9370 9374)
4(9270 9374 9375 9271)
4(9374 9370 9371 9375)
4(9269 9272 9377 9373)
5(4046 2041 9376 9377 9272)
4(2041 4044 9372 9376)
4(9376 9372 9373 9377)
4(9270 9273 9378 9374)
4(9272 9377 9378 9273)
4(9377 9373 9374 9378)
4(9273 9378 9379 9274)
4(9378 9374 9375 9379)
4(9272 9275 9380 9377)
4(5964 4041 9380 9275)
5(4041 2041 9376 9377 9380)
4(9273 9276 9381 9378)
4(9275 9380 9381 9276)
4(9380 9377 9378 9381)
4(9276 9381 9382 9277)
4(9381 9378 9379 9382)
4(9276 9278 9383 9381)
4(4043 2040 9383 9278)
5(2040 4041 9380 9381 9383)
4(9278 9383 9384 9279)
4(9383 9381 9382 9384)
4(3008 2040 9383 9384)
4(5968 3734 9385 9386)
4(1933 2949 9388 9387)
4(3734 1933 9387 9385)
4(9385 9387 9388 9386)
4(1826 3734 9385 9280)
4(9280 9385 9386 9281)
4(9280 9283 9390 9385)
4(3732 5969 9389 9282)
4(9282 9389 9390 9283)
5(5969 3734 9385 9390 9389)
4(9283 9390 9391 9284)
4(9390 9385 9386 9391)
4(9282 9286 9393 9389)
4(1827 3737 9392 9285)
4(9285 9392 9393 9286)
5(3737 5969 9389 9393 9392)
4(9283 9287 9394 9390)
4(9286 9393 9394 9287)
4(9393 9389 9390 9394)
4(9287 9394 9395 9288)
4(9394 9390 9391 9395)
4(9285 9289 9397 9392)
5(3735 5970 9396 9397 9289)
5(5970 3737 9392 9397 9396)
4(9286 9290 9398 9393)
4(9289 9397 9398 9290)
4(9397 9392 9393 9398)
4(9287 9291 9399 9394)
4(9290 9398 9399 9291)
4(9398 9393 9394 9399)
4(9291 9399 9400 9292)
4(9399 9394 9395 9400)
4(9289 9293 9402 9397)
5(1828 3740 9401 9402 9293)
4(3740 5970 9396 9401)
4(9401 9396 9397 9402)
4(9290 9294 9403 9398)
4(9293 9402 9403 9294)
4(9402 9397 9398 9403)
4(9291 9295 9404 9399)
4(9294 9403 9404 9295)
4(9403 9398 9399 9404)
4(9295 9404 9405 9296)
4(9404 9399 9400 9405)
4(9293 9297 9407 9402)
5(3738 5971 9406 9407 9297)
4(5971 3740 9401 9406)
4(9406 9401 9402 9407)
4(9294 9298 9408 9403)
4(9297 9407 9408 9298)
4(9407 9402 9403 9408)
4(9295 9299 9409 9404)
4(9298 9408 9409 9299)
4(9408 9403 9404 9409)
4(9299 9409 9410 9300)
4(9409 9404 9405 9410)
4(9297 8399 8404 9407)
4(5303 5971 9406 8403)
4(8403 9406 9407 8404)
4(9298 8400 8405 9408)
4(8404 9407 9408 8405)
4(9299 8401 8406 9409)
4(8405 9408 9409 8406)
4(8406 9409 9410 8407)
4(9305 9412 9417 9421)
5(3742 5972 9411 9412 9305)
4(5972 5306 9416 9411)
4(9411 9416 9417 9412)
4(3743 3742 9305 9421)
5(5306 3743 9421 9417 9416)
4(9306 9413 9418 9422)
4(9305 9412 9413 9306)
4(9412 9417 9418 9413)
4(9421 9305 9306 9422)
4(9417 9421 9422 9418)
4(9307 9414 9419 9423)
4(9306 9413 9414 9307)
4(9413 9418 9419 9414)
4(9422 9306 9307 9423)
4(9418 9422 9423 9419)
4(9307 9414 9415 9308)
4(9414 9419 9420 9415)
4(9423 9307 9308 9424)
4(9419 9423 9424 9420)
4(9305 9301 9426 9412)
5(1829 3746 9425 9426 9301)
4(3746 5972 9411 9425)
4(9425 9411 9412 9426)
4(9306 9302 9427 9413)
4(9301 9426 9427 9302)
4(9426 9412 9413 9427)
4(9307 9303 9428 9414)
4(9302 9427 9428 9303)
4(9427 9413 9414 9428)
4(9303 9428 9429 9304)
4(9428 9414 9415 9429)
4(9301 9309 9431 9426)
5(3744 5973 9430 9431 9309)
4(5973 3746 9425 9430)
4(9430 9425 9426 9431)
4(9302 9310 9432 9427)
4(9309 9431 9432 9310)
4(9431 9426 9427 9432)
4(9303 9311 9433 9428)
4(9310 9432 9433 9311)
4(9432 9427 9428 9433)
4(9311 9433 9434 9312)
4(9433 9428 9429 9434)
4(9309 9313 9436 9431)
5(1830 3749 9435 9436 9313)
4(3749 5973 9430 9435)
4(9435 9430 9431 9436)
4(9310 9314 9437 9432)
4(9313 9436 9437 9314)
4(9436 9431 9432 9437)
4(9311 9315 9438 9433)
4(9314 9437 9438 9315)
4(9437 9432 9433 9438)
4(9315 9438 9439 9316)
4(9438 9433 9434 9439)
4(9313 9317 9441 9436)
5(3747 5974 9440 9441 9317)
4(5974 3749 9435 9440)
4(9440 9435 9436 9441)
4(9314 9318 9442 9437)
4(9317 9441 9442 9318)
4(9441 9436 9437 9442)
4(9315 9319 9443 9438)
4(9318 9442 9443 9319)
4(9442 9437 9438 9443)
4(9319 9443 9444 9320)
4(9443 9438 9439 9444)
4(9317 9321 9325 9441)
5(3752 5974 9440 9441 9325)
4(9318 9322 9326 9442)
4(9325 9441 9442 9326)
4(9319 9323 9327 9443)
4(9326 9442 9443 9327)
4(9327 9443 9444 9328)
4(9325 9329 9446 9441)
5(1938 3902 9445 9446 9329)
4(3902 5974 9440 9445)
4(9445 9440 9441 9446)
4(9326 9330 9447 9442)
4(9329 9446 9447 9330)
4(9446 9441 9442 9447)
4(9327 9331 9448 9443)
4(9330 9447 9448 9331)
4(9447 9442 9443 9448)
4(9331 9448 9449 9332)
4(9448 9443 9444 9449)
4(9329 9333 9451 9446)
5(3907 5975 9450 9451 9333)
4(5975 3902 9445 9450)
4(9450 9445 9446 9451)
4(9330 9334 9452 9447)
4(9333 9451 9452 9334)
4(9451 9446 9447 9452)
4(9331 9335 9453 9448)
4(9334 9452 9453 9335)
4(9452 9447 9448 9453)
4(9335 9453 9454 9336)
4(9453 9448 9449 9454)
4(9333 9337 9341 9451)
5(4056 5975 9450 9451 9341)
4(9334 9338 9342 9452)
4(9341 9451 9452 9342)
4(9335 9339 9343 9453)
4(9342 9452 9453 9343)
4(9343 9453 9454 9344)
4(9341 9345 9456 9451)
5(2044 3904 9455 9456 9345)
4(3904 5975 9450 9455)
4(9455 9450 9451 9456)
4(9342 9346 9457 9452)
4(9345 9456 9457 9346)
4(9456 9451 9452 9457)
4(9343 9347 9458 9453)
4(9346 9457 9458 9347)
4(9457 9452 9453 9458)
4(9347 9458 9459 9348)
4(9458 9453 9454 9459)
4(9345 9349 9461 9456)
5(4053 5976 9460 9461 9349)
4(5976 3904 9455 9460)
4(9460 9455 9456 9461)
4(9346 9350 9462 9457)
4(9349 9461 9462 9350)
4(9461 9456 9457 9462)
4(9347 9351 9463 9458)
4(9350 9462 9463 9351)
4(9462 9457 9458 9463)
4(9351 9463 9464 9352)
4(9463 9458 9459 9464)
4(9349 9353 9466 9461)
5(2043 3901 9465 9466 9353)
4(3901 5976 9460 9465)
4(9465 9460 9461 9466)
4(9350 9354 9467 9462)
4(9353 9466 9467 9354)
4(9466 9461 9462 9467)
4(9351 9355 9468 9463)
4(9354 9467 9468 9355)
4(9467 9462 9463 9468)
4(9355 9468 9469 9356)
4(9468 9463 9464 9469)
4(9353 9357 9471 9466)
5(4051 5977 9470 9471 9357)
4(5977 3901 9465 9470)
4(9470 9465 9466 9471)
4(9354 9358 9472 9467)
4(9357 9471 9472 9358)
4(9471 9466 9467 9472)
4(9355 9359 9473 9468)
4(9358 9472 9473 9359)
4(9472 9467 9468 9473)
4(9359 9473 9474 9360)
4(9473 9468 9469 9474)
4(9357 9364 9476 9471)
4(5416 5977 9470 9475)
4(9475 9470 9471 9476)
5(4052 5416 9475 9476 9364)
4(9358 9365 9477 9472)
4(9476 9471 9472 9477)
4(9364 9476 9477 9365)
4(9359 9366 9478 9473)
4(9477 9472 9473 9478)
4(9365 9477 9478 9366)
4(9478 9473 9474 9479)
4(9366 9478 9479 9367)
4(8422 9368 9481 8427)
5(2042 3895 9480 9481 9368)
4(3895 5978 8426 9480)
4(9480 8426 8427 9481)
4(8423 9369 9482 8428)
4(9368 9481 9482 9369)
4(9481 8427 8428 9482)
4(8424 9370 9483 8429)
4(9369 9482 9483 9370)
4(9482 8428 8429 9483)
4(9370 9483 9484 9371)
4(9483 8429 8430 9484)
4(9368 9372 9486 9481)
5(4044 5979 9485 9486 9372)
4(5979 3895 9480 9485)
4(9485 9480 9481 9486)
4(9369 9373 9487 9482)
4(9372 9486 9487 9373)
4(9486 9481 9482 9487)
4(9370 9374 9488 9483)
4(9373 9487 9488 9374)
4(9487 9482 9483 9488)
4(9374 9488 9489 9375)
4(9488 9483 9484 9489)
4(9372 9376 9490 9486)
4(2041 3892 9490 9376)
5(3892 5979 9485 9486 9490)
4(9373 9377 9491 9487)
4(9376 9490 9491 9377)
4(9490 9486 9487 9491)
4(9374 9378 9492 9488)
4(9377 9491 9492 9378)
4(9491 9487 9488 9492)
4(9378 9492 9493 9379)
4(9492 9488 9489 9493)
4(9377 9380 9494 9491)
4(4041 5980 9494 9380)
5(5980 3892 9490 9491 9494)
4(9378 9381 9495 9492)
4(9380 9494 9495 9381)
4(9494 9491 9492 9495)
4(9381 9495 9496 9382)
4(9495 9492 9493 9496)
4(9381 9383 9497 9495)
4(2040 3889 9497 9383)
5(3889 5980 9494 9495 9497)
4(9383 9497 9498 9384)
4(9497 9495 9496 9498)
4(5981 3889 9497 9498)
4(1933 3889 9497 9387)
4(9387 9497 9498 9388)
4(9387 9500 9495 9497)
5(1933 3887 9499 9500 9387)
4(3887 5980 9494 9499)
4(9499 9494 9495 9500)
4(9387 9500 9501 9388)
4(9500 9495 9496 9501)
4(9387 9385 9390 9500)
4(5969 3887 9499 9389)
4(9389 9499 9500 9390)
4(9390 9500 9501 9391)
4(9389 9393 9503 9499)
4(3737 1934 9502 9392)
4(9392 9502 9503 9393)
5(1934 3887 9499 9503 9502)
4(9390 9394 9504 9500)
4(9393 9503 9504 9394)
4(9503 9499 9500 9504)
4(9394 9504 9505 9395)
4(9504 9500 9501 9505)
4(9392 9397 9507 9502)
4(5970 3890 9506 9396)
4(9396 9506 9507 9397)
5(3890 1934 9502 9507 9506)
4(9393 9398 9508 9503)
4(9397 9507 9508 9398)
4(9507 9502 9503 9508)
4(9394 9399 9509 9504)
4(9398 9508 9509 9399)
4(9508 9503 9504 9509)
4(9399 9509 9510 9400)
4(9509 9504 9505 9510)
4(9396 9401 9511 9506)
4(3740 1935 9511 9401)
4(1935 3890 9506 9511)
4(9397 9402 9512 9507)
4(9401 9511 9512 9402)
4(9511 9506 9507 9512)
4(9398 9403 9513 9508)
4(9402 9512 9513 9403)
4(9512 9507 9508 9513)
4(9399 9404 9514 9509)
4(9403 9513 9514 9404)
4(9513 9508 9509 9514)
4(9404 9514 9515 9405)
4(9514 9509 9510 9515)
4(9401 9406 9516 9511)
4(5971 3893 9516 9406)
4(3893 1935 9511 9516)
4(9402 9407 9517 9512)
4(9406 9516 9517 9407)
4(9516 9511 9512 9517)
4(9403 9408 9518 9513)
4(9407 9517 9518 9408)
4(9517 9512 9513 9518)
4(9404 9409 9519 9514)
4(9408 9518 9519 9409)
4(9518 9513 9514 9519)
4(9409 9519 9520 9410)
4(9519 9514 9515 9520)
4(9406 8403 8408 9516)
4(3896 3893 9516 8408)
4(9407 8404 8409 9517)
4(8408 9516 9517 8409)
4(9408 8405 8410 9518)
4(8409 9517 9518 8410)
4(9409 8406 8411 9519)
4(8410 9518 9519 8411)
4(8411 9519 9520 8412)
4(9411 9521 9526 9416)
4(5972 3897 9521 9411)
4(3897 3898 9526 9521)
4(3898 5306 9416 9526)
4(9412 9522 9527 9417)
4(9411 9521 9522 9412)
4(9521 9526 9527 9522)
4(9526 9416 9417 9527)
4(9413 9523 9528 9418)
4(9412 9522 9523 9413)
4(9522 9527 9528 9523)
4(9527 9417 9418 9528)
4(9414 9524 9529 9419)
4(9413 9523 9524 9414)
4(9523 9528 9529 9524)
4(9528 9418 9419 9529)
4(9414 9524 9525 9415)
4(9524 9529 9530 9525)
4(9529 9419 9420 9530)
4(9411 9425 9531 9521)
4(3746 1936 9531 9425)
4(1936 3897 9521 9531)
4(9412 9426 9532 9522)
4(9425 9531 9532 9426)
4(9531 9521 9522 9532)
4(9413 9427 9533 9523)
4(9426 9532 9533 9427)
4(9532 9522 9523 9533)
4(9414 9428 9534 9524)
4(9427 9533 9534 9428)
4(9533 9523 9524 9534)
4(9428 9534 9535 9429)
4(9534 9524 9525 9535)
4(9425 9430 9536 9531)
4(5973 3899 9536 9430)
4(3899 1936 9531 9536)
4(9426 9431 9537 9532)
4(9430 9536 9537 9431)
4(9536 9531 9532 9537)
4(9427 9432 9538 9533)
4(9431 9537 9538 9432)
4(9537 9532 9533 9538)
4(9428 9433 9539 9534)
4(9432 9538 9539 9433)
4(9538 9533 9534 9539)
4(9433 9539 9540 9434)
4(9539 9534 9535 9540)
4(9430 9435 9541 9536)
4(3749 1937 9541 9435)
4(1937 3899 9536 9541)
4(9431 9436 9542 9537)
4(9435 9541 9542 9436)
4(9541 9536 9537 9542)
4(9432 9437 9543 9538)
4(9436 9542 9543 9437)
4(9542 9537 9538 9543)
4(9433 9438 9544 9539)
4(9437 9543 9544 9438)
4(9543 9538 9539 9544)
4(9438 9544 9545 9439)
4(9544 9539 9540 9545)
4(9435 9440 9445 9541)
4(3902 1937 9541 9445)
4(9436 9441 9446 9542)
4(9445 9541 9542 9446)
4(9437 9442 9447 9543)
4(9446 9542 9543 9447)
4(9438 9443 9448 9544)
4(9447 9543 9544 9448)
4(9448 9544 9545 9449)
4(9445 9450 9455 9541)
4(3904 1937 9541 9455)
4(9446 9451 9456 9542)
4(9455 9541 9542 9456)
4(9447 9452 9457 9543)
4(9456 9542 9543 9457)
4(9448 9453 9458 9544)
4(9457 9543 9544 9458)
4(9458 9544 9545 9459)
4(9455 9460 9536 9541)
4(5976 3899 9536 9460)
4(9456 9461 9537 9542)
4(9460 9536 9537 9461)
4(9457 9462 9538 9543)
4(9461 9537 9538 9462)
4(9458 9463 9539 9544)
4(9462 9538 9539 9463)
4(9463 9539 9540 9464)
4(9460 9465 9531 9536)
4(3901 1936 9531 9465)
4(9461 9466 9532 9537)
4(9465 9531 9532 9466)
4(9462 9467 9533 9538)
4(9466 9532 9533 9467)
4(9463 9468 9534 9539)
4(9467 9533 9534 9468)
4(9468 9534 9535 9469)
4(9465 9470 9521 9531)
4(5977 3897 9521 9470)
4(9466 9471 9522 9532)
4(9470 9521 9522 9471)
4(9467 9472 9523 9533)
4(9471 9522 9523 9472)
4(9468 9473 9524 9534)
4(9472 9523 9524 9473)
4(9473 9524 9525 9474)
4(9470 9475 9526 9521)
4(5416 3898 9526 9475)
4(9471 9476 9527 9522)
4(9475 9526 9527 9476)
4(9472 9477 9528 9523)
4(9476 9527 9528 9477)
4(9473 9478 9529 9524)
4(9477 9528 9529 9478)
4(9478 9529 9530 9479)
4(8426 9480 9511 9516)
4(3895 1935 9511 9480)
4(3893 5978 8426 9516)
4(8427 9481 9512 9517)
4(9480 9511 9512 9481)
4(9516 8426 8427 9517)
4(8428 9482 9513 9518)
4(9481 9512 9513 9482)
4(9517 8427 8428 9518)
4(8429 9483 9514 9519)
4(9482 9513 9514 9483)
4(9518 8428 8429 9519)
4(9483 9514 9515 9484)
4(9519 8429 8430 9520)
4(9480 9485 9506 9511)
4(5979 3890 9506 9485)
4(9481 9486 9507 9512)
4(9485 9506 9507 9486)
4(9482 9487 9508 9513)
4(9486 9507 9508 9487)
4(9483 9488 9509 9514)
4(9487 9508 9509 9488)
4(9488 9509 9510 9489)
4(9486 9490 9502 9507)
4(3892 1934 9502 9490)
4(9487 9491 9503 9508)
4(9490 9502 9503 9491)
4(9488 9492 9504 9509)
4(9491 9503 9504 9492)
4(9492 9504 9505 9493)
4(9491 9494 9499 9503)
4(9492 9495 9500 9504)
5(9546 9551 9556 9561 9566)
4(5993 5875 9556 9551)
4(6059 3472 9546 9566)
4(3454 6059 9566 9561)
4(3472 5993 9551 9546)
5(9547 9552 9557 9562 9567)
4(9551 9556 9557 9552)
4(9566 9546 9547 9567)
4(9561 9566 9567 9562)
4(9546 9551 9552 9547)
5(9548 9553 9558 9563 9568)
4(9552 9557 9558 9553)
4(9567 9547 9548 9568)
4(9562 9567 9568 9563)
4(9547 9552 9553 9548)
5(9549 9554 9559 9564 9569)
4(9553 9558 9559 9554)
4(9568 9548 9549 9569)
4(9563 9568 9569 9564)
4(9548 9553 9554 9549)
4(9554 9559 9560 9555)
4(9569 9549 9550 9570)
4(9564 9569 9570 9565)
4(9549 9554 9555 9550)
4(9551 9018 9013 9556)
4(5993 3730 9018 9551)
4(9552 9019 9014 9557)
4(9551 9018 9019 9552)
4(9553 9020 9015 9558)
4(9552 9019 9020 9553)
4(9554 9021 9016 9559)
4(9553 9020 9021 9554)
4(9554 9021 9022 9555)
4(9044 9571 9575 9039)
4(4039 4021 9575 9571)
5(5995 4039 9571 9044 9043)
4(9045 9572 9576 9040)
4(9571 9575 9576 9572)
4(9044 9571 9572 9045)
4(9046 9573 9577 9041)
4(9572 9576 9577 9573)
4(9045 9572 9573 9046)
4(9573 9577 9578 9574)
4(9046 9573 9574 9047)
4(9572 9579 9582 9576)
4(5996 5902 9582 9579)
5(4039 5996 9579 9572 9571)
4(9573 9580 9583 9577)
4(9579 9582 9583 9580)
4(9572 9579 9580 9573)
4(9580 9583 9584 9581)
4(9573 9580 9581 9574)
4(9580 9585 9587 9583)
4(4193 4175 9587 9585)
5(5996 4193 9585 9580 9579)
4(9585 9587 9588 9586)
4(9580 9585 9586 9581)
4(4193 5997 9589 9585)
4(9585 9589 9590 9586)
4(5997 4195 9590 9589)
4(4499 5998 9592 9591)
4(2254 4499 9591 9592)
4(5999 4692 9596 9595)
4(4500 5999 9595 9593)
4(9593 9595 9596 9594)
4(2356 4500 9593 9594)
4(4498 2355 9599 9597)
4(9597 9599 9600 9598)
4(5999 4498 9597 9595)
4(9595 9597 9598 9596)
4(4682 6167 9603 9601)
4(9601 9603 9604 9602)
4(2355 4682 9601 9599)
4(9599 9601 9602 9600)
4(6167 4692 9604 9603)
4(9599 9597 9606 9609)
5(4498 6000 9605 9606 9597)
4(6000 4691 9608 9605)
4(9605 9608 9609 9606)
5(4691 2355 9599 9609 9608)
4(9597 9606 9607 9598)
4(9606 9609 9610 9607)
4(9609 9599 9600 9610)
4(9611 9616 9621 9626)
4(4494 6002 9621 9616)
4(6002 4689 9626 9621)
4(4689 2353 9611 9626)
4(2353 4494 9616 9611)
4(9612 9617 9622 9627)
4(9616 9621 9622 9617)
4(9621 9626 9627 9622)
4(9626 9611 9612 9627)
4(9611 9616 9617 9612)
4(9613 9618 9623 9628)
4(9617 9622 9623 9618)
4(9622 9627 9628 9623)
4(9627 9612 9613 9628)
4(9612 9617 9618 9613)
4(9614 9619 9624 9629)
4(9618 9623 9624 9619)
4(9623 9628 9629 9624)
4(9628 9613 9614 9629)
4(9613 9618 9619 9614)
4(9619 9624 9625 9620)
4(9624 9629 9630 9625)
4(9629 9614 9615 9630)
4(9614 9619 9620 9615)
4(9631 9636 9641 9646)
4(6003 4688 9646 9641)
4(4492 6003 9641 9636)
4(4688 2352 9631 9646)
4(2352 4492 9636 9631)
4(9632 9637 9642 9647)
4(9641 9646 9647 9642)
4(9636 9641 9642 9637)
4(9646 9631 9632 9647)
4(9631 9636 9637 9632)
4(9633 9638 9643 9648)
4(9642 9647 9648 9643)
4(9637 9642 9643 9638)
4(9647 9632 9633 9648)
4(9632 9637 9638 9633)
4(9634 9639 9644 9649)
4(9643 9648 9649 9644)
4(9638 9643 9644 9639)
4(9648 9633 9634 9649)
4(9633 9638 9639 9634)
4(9644 9649 9650 9645)
4(9639 9644 9645 9640)
4(9649 9634 9635 9650)
4(9634 9639 9640 9635)
4(9646 9641 9651 9656)
4(4490 2351 9656 9651)
4(6003 4490 9651 9641)
4(2351 4688 9646 9656)
4(9647 9642 9652 9657)
4(9651 9656 9657 9652)
4(9641 9651 9652 9642)
4(9656 9646 9647 9657)
4(9648 9643 9653 9658)
4(9652 9657 9658 9653)
4(9642 9652 9653 9643)
4(9657 9647 9648 9658)
4(9649 9644 9654 9659)
4(9653 9658 9659 9654)
4(9643 9653 9654 9644)
4(9658 9648 9649 9659)
4(9654 9659 9660 9655)
4(9644 9654 9655 9645)
4(9659 9649 9650 9660)
4(9656 9651 9661 9666)
4(4490 6004 9661 9651)
4(6004 4687 9666 9661)
4(4687 2351 9656 9666)
4(9657 9652 9662 9667)
4(9651 9661 9662 9652)
4(9661 9666 9667 9662)
4(9666 9656 9657 9667)
4(9658 9653 9663 9668)
4(9652 9662 9663 9653)
4(9662 9667 9668 9663)
4(9667 9657 9658 9668)
4(9659 9654 9664 9669)
4(9653 9663 9664 9654)
4(9663 9668 9669 9664)
4(9668 9658 9659 9669)
4(9654 9664 9665 9655)
4(9664 9669 9670 9665)
4(9669 9659 9660 9670)
4(9672 9676 9679 9682)
5(4486 6006 9679 9676 9675)
4(6006 4685 9682 9679)
5(4685 2349 9671 9672 9682)
4(2349 4486 9675 9671)
4(9671 9675 9676 9672)
4(9673 9677 9680 9683)
4(9676 9679 9680 9677)
4(9679 9682 9683 9680)
4(9682 9672 9673 9683)
4(9672 9676 9677 9673)
4(9677 9680 9681 9678)
4(9680 9683 9684 9681)
4(9683 9673 9674 9684)
4(9673 9677 9678 9674)
4(4484 6007 9686 9685)
4(4668 4484 9685 9687)
4(9687 9685 9686 9688)
4(6159 4668 9687 9688)
4(1817 3457 9693 9691)
4(9691 9693 9694 9692)
4(2880 1817 9691 9689)
4(9689 9691 9692 9690)
4(3457 5984 9694 9693)
4(5984 2880 9689 9690)
4(9693 9691 9696 9699)
4(3714 5985 9698 9695)
4(9695 9698 9699 9696)
5(1817 3714 9695 9696 9691)
5(5985 3457 9693 9699 9698)
4(9696 9699 9700 9697)
4(9691 9696 9697 9692)
4(9699 9693 9694 9700)
4(9698 9695 9702 9706)
4(1818 3459 9705 9701)
4(9701 9705 9706 9702)
5(3714 1818 9701 9702 9695)
5(3459 5985 9698 9706 9705)
4(9699 9696 9703 9707)
4(9702 9706 9707 9703)
4(9695 9702 9703 9696)
4(9706 9698 9699 9707)
4(9703 9707 9708 9704)
4(9696 9703 9704 9697)
4(9707 9699 9700 9708)
4(9705 9701 9710 9715)
4(3716 5986 9714 9709)
4(9709 9714 9715 9710)
5(1818 3716 9709 9710 9701)
5(5986 3459 9705 9715 9714)
4(9706 9702 9711 9716)
4(9710 9715 9716 9711)
4(9701 9710 9711 9702)
4(9715 9705 9706 9716)
4(9707 9703 9712 9717)
4(9711 9716 9717 9712)
4(9702 9711 9712 9703)
4(9716 9706 9707 9717)
4(9712 9717 9718 9713)
4(9703 9712 9713 9704)
4(9717 9707 9708 9718)
4(9714 9709 9719 9724)
4(1819 3461 9724 9719)
4(3716 1819 9719 9709)
4(3461 5986 9714 9724)
4(9715 9710 9720 9725)
4(9719 9724 9725 9720)
4(9709 9719 9720 9710)
4(9724 9714 9715 9725)
4(9716 9711 9721 9726)
4(9720 9725 9726 9721)
4(9710 9720 9721 9711)
4(9725 9715 9716 9726)
4(9717 9712 9722 9727)
4(9721 9726 9727 9722)
4(9711 9721 9722 9712)
4(9726 9716 9717 9727)
4(9722 9727 9728 9723)
4(9712 9722 9723 9713)
4(9727 9717 9718 9728)
4(9724 9719 9729 9734)
4(3718 5987 9734 9729)
4(1819 3718 9729 9719)
4(5987 3461 9724 9734)
4(9725 9720 9730 9735)
4(9729 9734 9735 9730)
4(9719 9729 9730 9720)
4(9734 9724 9725 9735)
4(9726 9721 9731 9736)
4(9730 9735 9736 9731)
4(9720 9730 9731 9721)
4(9735 9725 9726 9736)
4(9727 9722 9732 9737)
4(9731 9736 9737 9732)
4(9721 9731 9732 9722)
4(9736 9726 9727 9737)
4(9732 9737 9738 9733)
4(9722 9732 9733 9723)
4(9737 9727 9728 9738)
4(9734 9729 9739 9744)
4(1820 3463 9744 9739)
4(3718 1820 9739 9729)
4(3463 5987 9734 9744)
4(9735 9730 9740 9745)
4(9739 9744 9745 9740)
4(9729 9739 9740 9730)
4(9744 9734 9735 9745)
4(9736 9731 9741 9746)
4(9740 9745 9746 9741)
4(9730 9740 9741 9731)
4(9745 9735 9736 9746)
4(9737 9732 9742 9747)
4(9741 9746 9747 9742)
4(9731 9741 9742 9732)
4(9746 9736 9737 9747)
4(9742 9747 9748 9743)
4(9732 9742 9743 9733)
4(9747 9737 9738 9748)
4(9744 9739 9749 9754)
4(3720 5988 9754 9749)
4(1820 3720 9749 9739)
4(5988 3463 9744 9754)
4(9745 9740 9750 9755)
4(9749 9754 9755 9750)
4(9739 9749 9750 9740)
4(9754 9744 9745 9755)
4(9746 9741 9751 9756)
4(9750 9755 9756 9751)
4(9740 9750 9751 9741)
4(9755 9745 9746 9756)
4(9747 9742 9752 9757)
4(9751 9756 9757 9752)
4(9741 9751 9752 9742)
4(9756 9746 9747 9757)
4(9752 9757 9758 9753)
4(9742 9752 9753 9743)
4(9757 9747 9748 9758)
4(9754 9749 9759 9764)
4(1821 3465 9764 9759)
4(3720 1821 9759 9749)
4(3465 5988 9754 9764)
4(9755 9750 9760 9765)
4(9759 9764 9765 9760)
4(9749 9759 9760 9750)
4(9764 9754 9755 9765)
4(9756 9751 9761 9766)
4(9760 9765 9766 9761)
4(9750 9760 9761 9751)
4(9765 9755 9756 9766)
4(9757 9752 9762 9767)
4(9761 9766 9767 9762)
4(9751 9761 9762 9752)
4(9766 9756 9757 9767)
4(9762 9767 9768 9763)
4(9752 9762 9763 9753)
4(9767 9757 9758 9768)
4(9764 9759 9769 9774)
4(3722 5989 9774 9769)
4(1821 3722 9769 9759)
4(5989 3465 9764 9774)
4(9765 9760 9770 9775)
4(9769 9774 9775 9770)
4(9759 9769 9770 9760)
4(9774 9764 9765 9775)
4(9766 9761 9771 9776)
4(9770 9775 9776 9771)
4(9760 9770 9771 9761)
4(9775 9765 9766 9776)
4(9767 9762 9772 9777)
4(9771 9776 9777 9772)
4(9761 9771 9772 9762)
4(9776 9766 9767 9777)
4(9772 9777 9778 9773)
4(9762 9772 9773 9763)
4(9777 9767 9768 9778)
4(9774 9769 9779 9784)
4(1822 3467 9784 9779)
4(3722 1822 9779 9769)
4(3467 5989 9774 9784)
4(9775 9770 9780 9785)
4(9779 9784 9785 9780)
4(9769 9779 9780 9770)
4(9784 9774 9775 9785)
4(9776 9771 9781 9786)
4(9780 9785 9786 9781)
4(9770 9780 9781 9771)
4(9785 9775 9776 9786)
4(9777 9772 9782 9787)
4(9781 9786 9787 9782)
4(9771 9781 9782 9772)
4(9786 9776 9777 9787)
4(9782 9787 9788 9783)
4(9772 9782 9783 9773)
4(9787 9777 9778 9788)
4(9784 9779 9789 9794)
4(3724 5990 9794 9789)
4(1822 3724 9789 9779)
4(5990 3467 9784 9794)
4(9785 9780 9790 9795)
4(9789 9794 9795 9790)
4(9779 9789 9790 9780)
4(9794 9784 9785 9795)
4(9786 9781 9791 9796)
4(9790 9795 9796 9791)
4(9780 9790 9791 9781)
4(9795 9785 9786 9796)
4(9787 9782 9792 9797)
4(9791 9796 9797 9792)
4(9781 9791 9792 9782)
4(9796 9786 9787 9797)
4(9792 9797 9798 9793)
4(9782 9792 9793 9783)
4(9797 9787 9788 9798)
4(9794 9789 9799 9804)
4(1823 3469 9804 9799)
4(3724 1823 9799 9789)
4(3469 5990 9794 9804)
4(9795 9790 9800 9805)
4(9799 9804 9805 9800)
4(9789 9799 9800 9790)
4(9804 9794 9795 9805)
4(9796 9791 9801 9806)
4(9800 9805 9806 9801)
4(9790 9800 9801 9791)
4(9805 9795 9796 9806)
4(9797 9792 9802 9807)
4(9801 9806 9807 9802)
4(9791 9801 9802 9792)
4(9806 9796 9797 9807)
4(9802 9807 9808 9803)
4(9792 9802 9803 9793)
4(9807 9797 9798 9808)
4(9804 9799 9809 9814)
4(3726 5991 9814 9809)
4(1823 3726 9809 9799)
4(5991 3469 9804 9814)
4(9805 9800 9810 9815)
4(9809 9814 9815 9810)
4(9799 9809 9810 9800)
4(9814 9804 9805 9815)
4(9806 9801 9811 9816)
4(9810 9815 9816 9811)
4(9800 9810 9811 9801)
4(9815 9805 9806 9816)
4(9807 9802 9812 9817)
4(9811 9816 9817 9812)
4(9801 9811 9812 9802)
4(9816 9806 9807 9817)
4(9812 9817 9818 9813)
4(9802 9812 9813 9803)
4(9817 9807 9808 9818)
4(9814 9809 9819 9824)
4(1824 3471 9824 9819)
4(3726 1824 9819 9809)
4(3471 5991 9814 9824)
4(9815 9810 9820 9825)
4(9819 9824 9825 9820)
4(9809 9819 9820 9810)
4(9824 9814 9815 9825)
4(9816 9811 9821 9826)
4(9820 9825 9826 9821)
4(9810 9820 9821 9811)
4(9825 9815 9816 9826)
4(9817 9812 9822 9827)
4(9821 9826 9827 9822)
4(9811 9821 9822 9812)
4(9826 9816 9817 9827)
4(9822 9827 9828 9823)
4(9812 9822 9823 9813)
4(9827 9817 9818 9828)
4(9824 9819 9829 9834)
4(3728 5992 9834 9829)
4(1824 3728 9829 9819)
4(5992 3471 9824 9834)
4(9825 9820 9830 9835)
4(9829 9834 9835 9830)
4(9819 9829 9830 9820)
4(9834 9824 9825 9835)
4(9826 9821 9831 9836)
4(9830 9835 9836 9831)
4(9820 9830 9831 9821)
4(9835 9825 9826 9836)
4(9827 9822 9832 9837)
4(9831 9836 9837 9832)
4(9821 9831 9832 9822)
4(9836 9826 9827 9837)
4(9832 9837 9838 9833)
4(9822 9832 9833 9823)
4(9837 9827 9828 9838)
4(9834 9829 9839 9844)
4(1825 3473 9844 9839)
4(3728 1825 9839 9829)
4(3473 5992 9834 9844)
4(9835 9830 9840 9845)
4(9839 9844 9845 9840)
4(9829 9839 9840 9830)
4(9844 9834 9835 9845)
4(9836 9831 9841 9846)
4(9840 9845 9846 9841)
4(9830 9840 9841 9831)
4(9845 9835 9836 9846)
4(9837 9832 9842 9847)
4(9841 9846 9847 9842)
4(9831 9841 9842 9832)
4(9846 9836 9837 9847)
4(9842 9847 9848 9843)
4(9832 9842 9843 9833)
4(9847 9837 9838 9848)
4(9844 9839 9018 9551)
4(1825 3730 9018 9839)
4(5993 3473 9844 9551)
4(9845 9840 9019 9552)
4(9839 9018 9019 9840)
4(9551 9844 9845 9552)
4(9846 9841 9020 9553)
4(9840 9019 9020 9841)
4(9552 9845 9846 9553)
4(9847 9842 9021 9554)
4(9841 9020 9021 9842)
4(9553 9846 9847 9554)
4(9842 9021 9022 9843)
4(9554 9847 9848 9555)
4(9018 9839 9849 9023)
4(3731 5994 9023 9849)
4(1825 3731 9849 9839)
4(9019 9840 9850 9024)
4(9849 9023 9024 9850)
4(9839 9849 9850 9840)
4(9020 9841 9851 9025)
4(9850 9024 9025 9851)
4(9840 9850 9851 9841)
4(9021 9842 9852 9026)
4(9851 9025 9026 9852)
4(9841 9851 9852 9842)
4(9852 9026 9027 9853)
4(9842 9852 9853 9843)
4(9023 9849 9854 9033)
4(1932 3885 9033 9854)
4(3731 1932 9854 9849)
4(9024 9850 9855 9034)
4(9854 9033 9034 9855)
4(9849 9854 9855 9850)
4(9025 9851 9856 9035)
4(9855 9034 9035 9856)
4(9850 9855 9856 9851)
4(9026 9852 9857 9036)
4(9856 9035 9036 9857)
4(9851 9856 9857 9852)
4(9857 9036 9037 9858)
4(9852 9857 9858 9853)
4(9033 9854 9859 9043)
4(3886 5995 9043 9859)
4(1932 3886 9859 9854)
4(9034 9855 9860 9044)
4(9859 9043 9044 9860)
4(9854 9859 9860 9855)
4(9035 9856 9861 9045)
4(9860 9044 9045 9861)
4(9855 9860 9861 9856)
4(9036 9857 9862 9046)
4(9861 9045 9046 9862)
4(9856 9861 9862 9857)
4(9862 9046 9047 9863)
4(9857 9862 9863 9858)
4(9044 9860 9864 9571)
4(2039 4039 9571 9864)
5(3886 2039 9864 9860 9859)
4(9045 9861 9865 9572)
4(9864 9571 9572 9865)
4(9860 9864 9865 9861)
4(9046 9862 9866 9573)
4(9865 9572 9573 9866)
4(9861 9865 9866 9862)
4(9866 9573 9574 9867)
4(9862 9866 9867 9863)
4(9572 9865 9868 9579)
4(4040 5996 9579 9868)
5(2039 4040 9868 9865 9864)
4(9573 9866 9869 9580)
4(9868 9579 9580 9869)
4(9865 9868 9869 9866)
4(9869 9580 9581 9870)
4(9866 9869 9870 9867)
4(9580 9869 9872 9585)
5(2146 4193 9585 9872 9871)
4(4040 2146 9871 9868)
4(9868 9871 9872 9869)
4(9872 9585 9586 9873)
4(9869 9872 9873 9870)
4(9585 9872 9875 9589)
5(4194 5997 9589 9875 9874)
4(2146 4194 9874 9871)
4(9871 9874 9875 9872)
4(9875 9589 9590 9876)
4(9872 9875 9876 9873)
4(9589 9875 9877 9591)
4(2253 4499 9591 9877)
5(4194 2253 9877 9875 9874)
4(4499 5997 9589 9591)
4(9877 9591 9592 9878)
4(9875 9877 9878 9876)
4(9591 9589 9590 9592)
4(2253 4500 9593 9877)
4(9877 9593 9594 9878)
4(4500 5998 9594 9593)
4(9593 9877 9880 9595)
5(4497 5999 9595 9880 9879)
5(2253 4497 9879 9880 9877)
4(9880 9595 9596 9881)
4(9877 9880 9881 9878)
4(9595 9880 9883 9597)
5(2252 4498 9597 9883 9882)
4(4497 2252 9882 9879)
4(9879 9882 9883 9880)
4(9883 9597 9598 9884)
4(9880 9883 9884 9881)
4(9597 9883 9886 9606)
4(4495 6000 9605 9885)
4(9885 9605 9606 9886)
4(2252 4495 9885 9882)
4(9882 9885 9886 9883)
4(9886 9606 9607 9887)
4(9883 9886 9887 9884)
4(9605 9885 9889 9893)
4(2251 4496 9892 9888)
4(9888 9892 9893 9889)
5(4495 2251 9888 9889 9885)
5(4496 6000 9605 9893 9892)
4(9606 9886 9890 9894)
4(9889 9893 9894 9890)
4(9885 9889 9890 9886)
4(9893 9605 9606 9894)
4(9890 9894 9895 9891)
4(9886 9890 9891 9887)
4(9894 9606 9607 9895)
4(9892 9888 9897 9902)
4(4493 6001 9901 9896)
4(9896 9901 9902 9897)
5(2251 4493 9896 9897 9888)
5(6001 4496 9892 9902 9901)
4(9893 9889 9898 9903)
4(9897 9902 9903 9898)
4(9888 9897 9898 9889)
4(9902 9892 9893 9903)
4(9894 9890 9899 9904)
4(9898 9903 9904 9899)
4(9889 9898 9899 9890)
4(9903 9893 9894 9904)
4(9899 9904 9905 9900)
4(9890 9899 9900 9891)
4(9904 9894 9895 9905)
4(9901 9896 9906 9616)
4(2250 4494 9616 9906)
4(4493 2250 9906 9896)
4(4494 6001 9901 9616)
4(9902 9897 9907 9617)
4(9906 9616 9617 9907)
4(9896 9906 9907 9897)
4(9616 9901 9902 9617)
4(9903 9898 9908 9618)
4(9907 9617 9618 9908)
4(9897 9907 9908 9898)
4(9617 9902 9903 9618)
4(9904 9899 9909 9619)
4(9908 9618 9619 9909)
4(9898 9908 9909 9899)
4(9618 9903 9904 9619)
4(9909 9619 9620 9910)
4(9899 9909 9910 9900)
4(9619 9904 9905 9620)
4(9616 9906 9911 9621)
4(4491 6002 9621 9911)
4(2250 4491 9911 9906)
4(9617 9907 9912 9622)
4(9911 9621 9622 9912)
4(9906 9911 9912 9907)
4(9618 9908 9913 9623)
4(9912 9622 9623 9913)
4(9907 9912 9913 9908)
4(9619 9909 9914 9624)
4(9913 9623 9624 9914)
4(9908 9913 9914 9909)
4(9914 9624 9625 9915)
4(9909 9914 9915 9910)
4(9621 9911 9916 9636)
4(2249 4492 9636 9916)
4(4491 2249 9916 9911)
4(4492 6002 9621 9636)
4(9622 9912 9917 9637)
4(9916 9636 9637 9917)
4(9911 9916 9917 9912)
4(9636 9621 9622 9637)
4(9623 9913 9918 9638)
4(9917 9637 9638 9918)
4(9912 9917 9918 9913)
4(9637 9622 9623 9638)
4(9624 9914 9919 9639)
4(9918 9638 9639 9919)
4(9913 9918 9919 9914)
4(9638 9623 9624 9639)
4(9919 9639 9640 9920)
4(9914 9919 9920 9915)
4(9639 9624 9625 9640)
4(9636 9916 9921 9641)
4(4489 6003 9641 9921)
4(2249 4489 9921 9916)
4(9637 9917 9922 9642)
4(9921 9641 9642 9922)
4(9916 9921 9922 9917)
4(9638 9918 9923 9643)
4(9922 9642 9643 9923)
4(9917 9922 9923 9918)
4(9639 9919 9924 9644)
4(9923 9643 9644 9924)
4(9918 9923 9924 9919)
4(9924 9644 9645 9925)
4(9919 9924 9925 9920)
4(9641 9921 9926 9651)
4(2248 4490 9651 9926)
4(4489 2248 9926 9921)
4(9642 9922 9927 9652)
4(9926 9651 9652 9927)
4(9921 9926 9927 9922)
4(9643 9923 9928 9653)
4(9927 9652 9653 9928)
4(9922 9927 9928 9923)
4(9644 9924 9929 9654)
4(9928 9653 9654 9929)
4(9923 9928 9929 9924)
4(9929 9654 9655 9930)
4(9924 9929 9930 9925)
4(9651 9926 9931 9661)
4(4487 6004 9661 9931)
4(2248 4487 9931 9926)
4(9652 9927 9932 9662)
4(9931 9661 9662 9932)
4(9926 9931 9932 9927)
4(9653 9928 9933 9663)
4(9932 9662 9663 9933)
4(9927 9932 9933 9928)
4(9654 9929 9934 9664)
4(9933 9663 9664 9934)
4(9928 9933 9934 9929)
4(9934 9664 9665 9935)
4(9929 9934 9935 9930)
4(9661 9931 9936 9941)
4(2247 4488 9941 9936)
4(4487 2247 9936 9931)
4(4488 6004 9661 9941)
4(9662 9932 9937 9942)
4(9936 9941 9942 9937)
4(9931 9936 9937 9932)
4(9941 9661 9662 9942)
4(9663 9933 9938 9943)
4(9937 9942 9943 9938)
4(9932 9937 9938 9933)
4(9942 9662 9663 9943)
4(9664 9934 9939 9944)
4(9938 9943 9944 9939)
4(9933 9938 9939 9934)
4(9943 9663 9664 9944)
4(9939 9944 9945 9940)
4(9934 9939 9940 9935)
4(9944 9664 9665 9945)
4(9941 9936 9946 9951)
4(4485 6005 9951 9946)
4(2247 4485 9946 9936)
4(6005 4488 9941 9951)
4(9942 9937 9947 9952)
4(9946 9951 9952 9947)
4(9936 9946 9947 9937)
4(9951 9941 9942 9952)
4(9943 9938 9948 9953)
4(9947 9952 9953 9948)
4(9937 9947 9948 9938)
4(9952 9942 9943 9953)
4(9944 9939 9949 9954)
4(9948 9953 9954 9949)
4(9938 9948 9949 9939)
4(9953 9943 9944 9954)
4(9949 9954 9955 9950)
4(9939 9949 9950 9940)
4(9954 9944 9945 9955)
4(9952 9947 9956 9675)
4(2246 4486 9675 9956)
5(4485 2246 9956 9947 9946)
5(4486 6005 9951 9952 9675)
4(9953 9948 9957 9676)
4(9956 9675 9676 9957)
4(9947 9956 9957 9948)
4(9675 9952 9953 9676)
4(9954 9949 9958 9677)
4(9957 9676 9677 9958)
4(9948 9957 9958 9949)
4(9676 9953 9954 9677)
4(9958 9677 9678 9959)
4(9949 9958 9959 9950)
4(9677 9954 9955 9678)
4(9676 9957 9960 9679)
4(4483 6006 9679 9960)
5(2246 4483 9960 9957 9956)
4(9677 9958 9961 9680)
4(9960 9679 9680 9961)
4(9957 9960 9961 9958)
4(9961 9680 9681 9962)
4(9958 9961 9962 9959)
4(9680 9961 9963 9685)
4(2245 4484 9685 9963)
5(4483 2245 9963 9961 9960)
5(4484 6006 9679 9680 9685)
4(9963 9685 9686 9964)
4(9961 9963 9964 9962)
4(9685 9680 9681 9686)
4(2245 3130 9965 9963)
4(9963 9965 9966 9964)
4(3130 6007 9966 9965)
4(6010 2880 9689 9967)
4(9967 9689 9690 9968)
4(2879 6010 9967 9968)
4(2880 460 9690 9689)
4(9689 9967 9970 9691)
5(3715 1817 9691 9970 9969)
5(6010 3715 9969 9970 9967)
4(9970 9691 9692 9971)
4(9967 9970 9971 9968)
4(9691 9970 9973 9696)
4(6011 3714 9695 9972)
4(9972 9695 9696 9973)
4(3715 6011 9972 9969)
4(9969 9972 9973 9970)
4(9973 9696 9697 9974)
4(9970 9973 9974 9971)
4(9695 9972 9976 9702)
4(3717 1818 9701 9975)
4(9975 9701 9702 9976)
5(6011 3717 9975 9976 9972)
4(9696 9973 9977 9703)
4(9976 9702 9703 9977)
4(9972 9976 9977 9973)
4(9977 9703 9704 9978)
4(9973 9977 9978 9974)
4(9701 9975 9980 9710)
4(6012 3716 9709 9979)
4(9979 9709 9710 9980)
5(3717 6012 9979 9980 9975)
4(9702 9976 9981 9711)
4(9980 9710 9711 9981)
4(9975 9980 9981 9976)
4(9703 9977 9982 9712)
4(9981 9711 9712 9982)
4(9976 9981 9982 9977)
4(9982 9712 9713 9983)
4(9977 9982 9983 9978)
4(9709 9979 9984 9719)
4(3719 1819 9719 9984)
4(6012 3719 9984 9979)
4(9710 9980 9985 9720)
4(9984 9719 9720 9985)
4(9979 9984 9985 9980)
4(9711 9981 9986 9721)
4(9985 9720 9721 9986)
4(9980 9985 9986 9981)
4(9712 9982 9987 9722)
4(9986 9721 9722 9987)
4(9981 9986 9987 9982)
4(9987 9722 9723 9988)
4(9982 9987 9988 9983)
4(9719 9984 9989 9729)
4(6013 3718 9729 9989)
4(3719 6013 9989 9984)
4(9720 9985 9990 9730)
4(9989 9729 9730 9990)
4(9984 9989 9990 9985)
4(9721 9986 9991 9731)
4(9990 9730 9731 9991)
4(9985 9990 9991 9986)
4(9722 9987 9992 9732)
4(9991 9731 9732 9992)
4(9986 9991 9992 9987)
4(9992 9732 9733 9993)
4(9987 9992 9993 9988)
4(9729 9989 9994 9739)
4(3721 1820 9739 9994)
4(6013 3721 9994 9989)
4(9730 9990 9995 9740)
4(9994 9739 9740 9995)
4(9989 9994 9995 9990)
4(9731 9991 9996 9741)
4(9995 9740 9741 9996)
4(9990 9995 9996 9991)
4(9732 9992 9997 9742)
4(9996 9741 9742 9997)
4(9991 9996 9997 9992)
4(9997 9742 9743 9998)
4(9992 9997 9998 9993)
4(9739 9994 9999 9749)
4(6014 3720 9749 9999)
4(3721 6014 9999 9994)
4(9740 9995 10000 9750)
4(9999 9749 9750 10000)
4(9994 9999 10000 9995)
4(9741 9996 10001 9751)
4(10000 9750 9751 10001)
4(9995 10000 10001 9996)
4(9742 9997 10002 9752)
4(10001 9751 9752 10002)
4(9996 10001 10002 9997)
4(10002 9752 9753 10003)
4(9997 10002 10003 9998)
4(9749 9999 10004 9759)
4(3723 1821 9759 10004)
4(6014 3723 10004 9999)
4(9750 10000 10005 9760)
4(10004 9759 9760 10005)
4(9999 10004 10005 10000)
4(9751 10001 10006 9761)
4(10005 9760 9761 10006)
4(10000 10005 10006 10001)
4(9752 10002 10007 9762)
4(10006 9761 9762 10007)
4(10001 10006 10007 10002)
4(10007 9762 9763 10008)
4(10002 10007 10008 10003)
4(9759 10004 10009 9769)
4(6015 3722 9769 10009)
4(3723 6015 10009 10004)
4(9760 10005 10010 9770)
4(10009 9769 9770 10010)
4(10004 10009 10010 10005)
4(9761 10006 10011 9771)
4(10010 9770 9771 10011)
4(10005 10010 10011 10006)
4(9762 10007 10012 9772)
4(10011 9771 9772 10012)
4(10006 10011 10012 10007)
4(10012 9772 9773 10013)
4(10007 10012 10013 10008)
4(9769 10009 10014 9779)
4(3725 1822 9779 10014)
4(6015 3725 10014 10009)
4(9770 10010 10015 9780)
4(10014 9779 9780 10015)
4(10009 10014 10015 10010)
4(9771 10011 10016 9781)
4(10015 9780 9781 10016)
4(10010 10015 10016 10011)
4(9772 10012 10017 9782)
4(10016 9781 9782 10017)
4(10011 10016 10017 10012)
4(10017 9782 9783 10018)
4(10012 10017 10018 10013)
4(9779 10014 10019 9789)
4(6016 3724 9789 10019)
4(3725 6016 10019 10014)
4(9780 10015 10020 9790)
4(10019 9789 9790 10020)
4(10014 10019 10020 10015)
4(9781 10016 10021 9791)
4(10020 9790 9791 10021)
4(10015 10020 10021 10016)
4(9782 10017 10022 9792)
4(10021 9791 9792 10022)
4(10016 10021 10022 10017)
4(10022 9792 9793 10023)
4(10017 10022 10023 10018)
4(9789 10019 10024 9799)
4(3727 1823 9799 10024)
4(6016 3727 10024 10019)
4(9790 10020 10025 9800)
4(10024 9799 9800 10025)
4(10019 10024 10025 10020)
4(9791 10021 10026 9801)
4(10025 9800 9801 10026)
4(10020 10025 10026 10021)
4(9792 10022 10027 9802)
4(10026 9801 9802 10027)
4(10021 10026 10027 10022)
4(10027 9802 9803 10028)
4(10022 10027 10028 10023)
4(9799 10024 10029 9809)
4(6017 3726 9809 10029)
4(3727 6017 10029 10024)
4(9800 10025 10030 9810)
4(10029 9809 9810 10030)
4(10024 10029 10030 10025)
4(9801 10026 10031 9811)
4(10030 9810 9811 10031)
4(10025 10030 10031 10026)
4(9802 10027 10032 9812)
4(10031 9811 9812 10032)
4(10026 10031 10032 10027)
4(10032 9812 9813 10033)
4(10027 10032 10033 10028)
4(9809 10029 10034 9819)
4(3729 1824 9819 10034)
4(6017 3729 10034 10029)
4(9810 10030 10035 9820)
4(10034 9819 9820 10035)
4(10029 10034 10035 10030)
4(9811 10031 10036 9821)
4(10035 9820 9821 10036)
4(10030 10035 10036 10031)
4(9812 10032 10037 9822)
4(10036 9821 9822 10037)
4(10031 10036 10037 10032)
4(10037 9822 9823 10038)
4(10032 10037 10038 10033)
4(9819 10034 10039 9829)
4(6018 3728 9829 10039)
4(3729 6018 10039 10034)
4(9820 10035 10040 9830)
4(10039 9829 9830 10040)
4(10034 10039 10040 10035)
4(9821 10036 10041 9831)
4(10040 9830 9831 10041)
4(10035 10040 10041 10036)
4(9822 10037 10042 9832)
4(10041 9831 9832 10042)
4(10036 10041 10042 10037)
4(10042 9832 9833 10043)
4(10037 10042 10043 10038)
4(9829 10039 9849 9839)
4(6018 3731 9849 10039)
4(9830 10040 9850 9840)
4(10039 9849 9850 10040)
4(9831 10041 9851 9841)
4(10040 9850 9851 10041)
4(9832 10042 9852 9842)
4(10041 9851 9852 10042)
4(10042 9852 9853 10043)
4(9849 10039 10044 9854)
4(3883 1932 9854 10044)
4(6018 3883 10044 10039)
4(9850 10040 10045 9855)
4(10044 9854 9855 10045)
4(10039 10044 10045 10040)
4(9851 10041 10046 9856)
4(10045 9855 9856 10046)
4(10040 10045 10046 10041)
4(9852 10042 10047 9857)
4(10046 9856 9857 10047)
4(10041 10046 10047 10042)
4(10047 9857 9858 10048)
4(10042 10047 10048 10043)
4(9854 10044 10049 9859)
4(6019 3886 9859 10049)
4(3883 6019 10049 10044)
4(9855 10045 10050 9860)
4(10049 9859 9860 10050)
4(10044 10049 10050 10045)
4(9856 10046 10051 9861)
4(10050 9860 9861 10051)
4(10045 10050 10051 10046)
4(9857 10047 10052 9862)
4(10051 9861 9862 10052)
4(10046 10051 10052 10047)
4(10052 9862 9863 10053)
4(10047 10052 10053 10048)
4(9860 10050 10054 9864)
4(4037 2039 9864 10054)
5(6019 4037 10054 10050 10049)
4(9861 10051 10055 9865)
4(10054 9864 9865 10055)
4(10050 10054 10055 10051)
4(9862 10052 10056 9866)
4(10055 9865 9866 10056)
4(10051 10055 10056 10052)
4(10056 9866 9867 10057)
4(10052 10056 10057 10053)
4(9865 10055 10059 9868)
5(6020 4040 9868 10059 10058)
4(4037 6020 10058 10054)
4(10054 10058 10059 10055)
4(9866 10056 10060 9869)
4(10059 9868 9869 10060)
4(10055 10059 10060 10056)
4(10060 9869 9870 10061)
4(10056 10060 10061 10057)
4(9868 10059 10063 9871)
5(4191 2146 9871 10063 10062)
4(6020 4191 10062 10058)
4(10058 10062 10063 10059)
4(9869 10060 10064 9872)
4(10063 9871 9872 10064)
4(10059 10063 10064 10060)
4(10064 9872 9873 10065)
4(10060 10064 10065 10061)
4(9871 10063 10066 9874)
4(6021 4194 9874 10066)
5(4191 6021 10066 10063 10062)
4(9872 10064 10067 9875)
4(10066 9874 9875 10067)
4(10063 10066 10067 10064)
4(10067 9875 9876 10068)
4(10064 10067 10068 10065)
4(9875 10067 9880 9877)
4(6021 4497 9879 10066)
4(10066 9879 9880 10067)
4(10067 9880 9881 10068)
4(9879 10066 10070 9882)
5(4192 2252 9882 10070 10069)
5(6021 4192 10069 10070 10066)
4(9880 10067 10071 9883)
4(10070 9882 9883 10071)
4(10066 10070 10071 10067)
4(10071 9883 9884 10072)
4(10067 10071 10072 10068)
4(9882 10070 10074 9885)
5(6022 4495 9885 10074 10073)
4(4192 6022 10073 10069)
4(10069 10073 10074 10070)
4(9883 10071 10075 9886)
4(10074 9885 9886 10075)
4(10070 10074 10075 10071)
4(10075 9886 9887 10076)
4(10071 10075 10076 10072)
4(9885 10074 10078 9889)
4(4190 2251 9888 10077)
4(10077 9888 9889 10078)
4(6022 4190 10077 10073)
4(10073 10077 10078 10074)
4(9886 10075 10079 9890)
4(10078 9889 9890 10079)
4(10074 10078 10079 10075)
4(10079 9890 9891 10080)
4(10075 10079 10080 10076)
4(9888 10077 10082 9897)
4(6023 4493 9896 10081)
4(10081 9896 9897 10082)
5(4190 6023 10081 10082 10077)
4(9889 10078 10083 9898)
4(10082 9897 9898 10083)
4(10077 10082 10083 10078)
4(9890 10079 10084 9899)
4(10083 9898 9899 10084)
4(10078 10083 10084 10079)
4(10084 9899 9900 10085)
4(10079 10084 10085 10080)
4(9896 10081 10086 9906)
4(4188 2250 9906 10086)
4(6023 4188 10086 10081)
4(9897 10082 10087 9907)
4(10086 9906 9907 10087)
4(10081 10086 10087 10082)
4(9898 10083 10088 9908)
4(10087 9907 9908 10088)
4(10082 10087 10088 10083)
4(9899 10084 10089 9909)
4(10088 9908 9909 10089)
4(10083 10088 10089 10084)
4(10089 9909 9910 10090)
4(10084 10089 10090 10085)
4(9906 10086 10091 9911)
4(6024 4491 9911 10091)
4(4188 6024 10091 10086)
4(9907 10087 10092 9912)
4(10091 9911 9912 10092)
4(10086 10091 10092 10087)
4(9908 10088 10093 9913)
4(10092 9912 9913 10093)
4(10087 10092 10093 10088)
4(9909 10089 10094 9914)
4(10093 9913 9914 10094)
4(10088 10093 10094 10089)
4(10094 9914 9915 10095)
4(10089 10094 10095 10090)
4(9911 10091 10096 9916)
4(4186 2249 9916 10096)
4(6024 4186 10096 10091)
4(9912 10092 10097 9917)
4(10096 9916 9917 10097)
4(10091 10096 10097 10092)
4(9913 10093 10098 9918)
4(10097 9917 9918 10098)
4(10092 10097 10098 10093)
4(9914 10094 10099 9919)
4(10098 9918 9919 10099)
4(10093 10098 10099 10094)
4(10099 9919 9920 10100)
4(10094 10099 10100 10095)
4(9916 10096 10101 9921)
4(6025 4489 9921 10101)
4(4186 6025 10101 10096)
4(9917 10097 10102 9922)
4(10101 9921 9922 10102)
4(10096 10101 10102 10097)
4(9918 10098 10103 9923)
4(10102 9922 9923 10103)
4(10097 10102 10103 10098)
4(9919 10099 10104 9924)
4(10103 9923 9924 10104)
4(10098 10103 10104 10099)
4(10104 9924 9925 10105)
4(10099 10104 10105 10100)
4(9921 10101 10106 9926)
4(4184 2248 9926 10106)
4(6025 4184 10106 10101)
4(9922 10102 10107 9927)
4(10106 9926 9927 10107)
4(10101 10106 10107 10102)
4(9923 10103 10108 9928)
4(10107 9927 9928 10108)
4(10102 10107 10108 10103)
4(9924 10104 10109 9929)
4(10108 9928 9929 10109)
4(10103 10108 10109 10104)
4(10109 9929 9930 10110)
4(10104 10109 10110 10105)
4(9926 10106 10111 9931)
4(6026 4487 9931 10111)
4(4184 6026 10111 10106)
4(9927 10107 10112 9932)
4(10111 9931 9932 10112)
4(10106 10111 10112 10107)
4(9928 10108 10113 9933)
4(10112 9932 9933 10113)
4(10107 10112 10113 10108)
4(9929 10109 10114 9934)
4(10113 9933 9934 10114)
4(10108 10113 10114 10109)
4(10114 9934 9935 10115)
4(10109 10114 10115 10110)
4(9931 10111 10116 9936)
4(4182 2247 9936 10116)
4(6026 4182 10116 10111)
4(9932 10112 10117 9937)
4(10116 9936 9937 10117)
4(10111 10116 10117 10112)
4(9933 10113 10118 9938)
4(10117 9937 9938 10118)
4(10112 10117 10118 10113)
4(9934 10114 10119 9939)
4(10118 9938 9939 10119)
4(10113 10118 10119 10114)
4(10119 9939 9940 10120)
4(10114 10119 10120 10115)
4(9936 10116 10121 9946)
4(6027 4485 9946 10121)
4(4182 6027 10121 10116)
4(9937 10117 10122 9947)
4(10121 9946 9947 10122)
4(10116 10121 10122 10117)
4(9938 10118 10123 9948)
4(10122 9947 9948 10123)
4(10117 10122 10123 10118)
4(9939 10119 10124 9949)
4(10123 9948 9949 10124)
4(10118 10123 10124 10119)
4(10124 9949 9950 10125)
4(10119 10124 10125 10120)
4(9947 10122 10126 9956)
4(4180 2246 9956 10126)
5(6027 4180 10126 10122 10121)
4(9948 10123 10127 9957)
4(10126 9956 9957 10127)
4(10122 10126 10127 10123)
4(9949 10124 10128 9958)
4(10127 9957 9958 10128)
4(10123 10127 10128 10124)
4(10128 9958 9959 10129)
4(10124 10128 10129 10125)
4(9957 10127 10130 9960)
4(6028 4483 9960 10130)
5(4180 6028 10130 10127 10126)
4(9958 10128 10131 9961)
4(10130 9960 9961 10131)
4(10127 10130 10131 10128)
4(10131 9961 9962 10132)
4(10128 10131 10132 10129)
4(9961 10131 10134 9963)
5(4178 2245 9963 10134 10133)
4(6028 4178 10133 10130)
4(10130 10133 10134 10131)
4(10134 9963 9964 10135)
4(10131 10134 10135 10132)
4(9963 10134 10136 9965)
4(6029 3130 9965 10136)
5(4178 6029 10136 10134 10133)
4(10136 9965 9966 10137)
4(10134 10136 10137 10135)
4(6029 3065 10137 10136)
4(1384 3130 9965 9966)
4(2943 691 10141 10140)
4(2942 6032 10138 10139)
4(6032 2943 10140 10138)
4(10138 10140 10141 10139)
4(2943 6010 9967 10140)
4(10140 9967 9968 10141)
4(9967 10140 10143 9970)
4(1924 3715 9969 10142)
4(10142 9969 9970 10143)
5(2943 1924 10142 10143 10140)
4(10143 9970 9971 10144)
4(10140 10143 10144 10141)
4(9969 10142 10146 9972)
5(3869 6011 9972 10146 10145)
5(1924 3869 10145 10146 10142)
4(9970 10143 10147 9973)
4(10146 9972 9973 10147)
4(10142 10146 10147 10143)
4(10147 9973 9974 10148)
4(10143 10147 10148 10144)
4(9972 10146 10150 9976)
4(1925 3717 9975 10149)
4(10149 9975 9976 10150)
4(3869 1925 10149 10145)
4(10145 10149 10150 10146)
4(9973 10147 10151 9977)
4(10150 9976 9977 10151)
4(10146 10150 10151 10147)
4(10151 9977 9978 10152)
4(10147 10151 10152 10148)
4(9975 10149 10154 9980)
4(3871 6012 9979 10153)
4(10153 9979 9980 10154)
5(1925 3871 10153 10154 10149)
4(9976 10150 10155 9981)
4(10154 9980 9981 10155)
4(10149 10154 10155 10150)
4(9977 10151 10156 9982)
4(10155 9981 9982 10156)
4(10150 10155 10156 10151)
4(10156 9982 9983 10157)
4(10151 10156 10157 10152)
4(9979 10153 10158 9984)
4(1926 3719 9984 10158)
4(3871 1926 10158 10153)
4(9980 10154 10159 9985)
4(10158 9984 9985 10159)
4(10153 10158 10159 10154)
4(9981 10155 10160 9986)
4(10159 9985 9986 10160)
4(10154 10159 10160 10155)
4(9982 10156 10161 9987)
4(10160 9986 9987 10161)
4(10155 10160 10161 10156)
4(10161 9987 9988 10162)
4(10156 10161 10162 10157)
4(9984 10158 10163 9989)
4(3873 6013 9989 10163)
4(1926 3873 10163 10158)
4(9985 10159 10164 9990)
4(10163 9989 9990 10164)
4(10158 10163 10164 10159)
4(9986 10160 10165 9991)
4(10164 9990 9991 10165)
4(10159 10164 10165 10160)
4(9987 10161 10166 9992)
4(10165 9991 9992 10166)
4(10160 10165 10166 10161)
4(10166 9992 9993 10167)
4(10161 10166 10167 10162)
4(9989 10163 10168 9994)
4(1927 3721 9994 10168)
4(3873 1927 10168 10163)
4(9990 10164 10169 9995)
4(10168 9994 9995 10169)
4(10163 10168 10169 10164)
4(9991 10165 10170 9996)
4(10169 9995 9996 10170)
4(10164 10169 10170 10165)
4(9992 10166 10171 9997)
4(10170 9996 9997 10171)
4(10165 10170 10171 10166)
4(10171 9997 9998 10172)
4(10166 10171 10172 10167)
4(9994 10168 10173 9999)
4(3875 6014 9999 10173)
4(1927 3875 10173 10168)
4(9995 10169 10174 10000)
4(10173 9999 10000 10174)
4(10168 10173 10174 10169)
4(9996 10170 10175 10001)
4(10174 10000 10001 10175)
4(10169 10174 10175 10170)
4(9997 10171 10176 10002)
4(10175 10001 10002 10176)
4(10170 10175 10176 10171)
4(10176 10002 10003 10177)
4(10171 10176 10177 10172)
4(9999 10173 10178 10004)
4(1928 3723 10004 10178)
4(3875 1928 10178 10173)
4(10000 10174 10179 10005)
4(10178 10004 10005 10179)
4(10173 10178 10179 10174)
4(10001 10175 10180 10006)
4(10179 10005 10006 10180)
4(10174 10179 10180 10175)
4(10002 10176 10181 10007)
4(10180 10006 10007 10181)
4(10175 10180 10181 10176)
4(10181 10007 10008 10182)
4(10176 10181 10182 10177)
4(10004 10178 10183 10009)
4(3877 6015 10009 10183)
4(1928 3877 10183 10178)
4(10005 10179 10184 10010)
4(10183 10009 10010 10184)
4(10178 10183 10184 10179)
4(10006 10180 10185 10011)
4(10184 10010 10011 10185)
4(10179 10184 10185 10180)
4(10007 10181 10186 10012)
4(10185 10011 10012 10186)
4(10180 10185 10186 10181)
4(10186 10012 10013 10187)
4(10181 10186 10187 10182)
4(10009 10183 10188 10014)
4(1929 3725 10014 10188)
4(3877 1929 10188 10183)
4(10010 10184 10189 10015)
4(10188 10014 10015 10189)
4(10183 10188 10189 10184)
4(10011 10185 10190 10016)
4(10189 10015 10016 10190)
4(10184 10189 10190 10185)
4(10012 10186 10191 10017)
4(10190 10016 10017 10191)
4(10185 10190 10191 10186)
4(10191 10017 10018 10192)
4(10186 10191 10192 10187)
4(10014 10188 10193 10019)
4(3879 6016 10019 10193)
4(1929 3879 10193 10188)
4(10015 10189 10194 10020)
4(10193 10019 10020 10194)
4(10188 10193 10194 10189)
4(10016 10190 10195 10021)
4(10194 10020 10021 10195)
4(10189 10194 10195 10190)
4(10017 10191 10196 10022)
4(10195 10021 10022 10196)
4(10190 10195 10196 10191)
4(10196 10022 10023 10197)
4(10191 10196 10197 10192)
4(10019 10193 10198 10024)
4(1930 3727 10024 10198)
4(3879 1930 10198 10193)
4(10020 10194 10199 10025)
4(10198 10024 10025 10199)
4(10193 10198 10199 10194)
4(10021 10195 10200 10026)
4(10199 10025 10026 10200)
4(10194 10199 10200 10195)
4(10022 10196 10201 10027)
4(10200 10026 10027 10201)
4(10195 10200 10201 10196)
4(10201 10027 10028 10202)
4(10196 10201 10202 10197)
4(10024 10198 10203 10029)
4(3881 6017 10029 10203)
4(1930 3881 10203 10198)
4(10025 10199 10204 10030)
4(10203 10029 10030 10204)
4(10198 10203 10204 10199)
4(10026 10200 10205 10031)
4(10204 10030 10031 10205)
4(10199 10204 10205 10200)
4(10027 10201 10206 10032)
4(10205 10031 10032 10206)
4(10200 10205 10206 10201)
4(10206 10032 10033 10207)
4(10201 10206 10207 10202)
4(10029 10203 10208 10034)
4(1931 3729 10034 10208)
4(3881 1931 10208 10203)
4(10030 10204 10209 10035)
4(10208 10034 10035 10209)
4(10203 10208 10209 10204)
4(10031 10205 10210 10036)
4(10209 10035 10036 10210)
4(10204 10209 10210 10205)
4(10032 10206 10211 10037)
4(10210 10036 10037 10211)
4(10205 10210 10211 10206)
4(10211 10037 10038 10212)
4(10206 10211 10212 10207)
4(10034 10208 10044 10039)
4(1931 3883 10044 10208)
4(10035 10209 10045 10040)
4(10208 10044 10045 10209)
4(10036 10210 10046 10041)
4(10209 10045 10046 10210)
4(10037 10211 10047 10042)
4(10210 10046 10047 10211)
4(10211 10047 10048 10212)
4(10044 10208 10213 10049)
4(3884 6019 10049 10213)
4(1931 3884 10213 10208)
4(10045 10209 10214 10050)
4(10213 10049 10050 10214)
4(10208 10213 10214 10209)
4(10046 10210 10215 10051)
4(10214 10050 10051 10215)
4(10209 10214 10215 10210)
4(10047 10211 10216 10052)
4(10215 10051 10052 10216)
4(10210 10215 10216 10211)
4(10216 10052 10053 10217)
4(10211 10216 10217 10212)
4(10050 10214 10219 10054)
5(2038 4037 10054 10219 10218)
4(3884 2038 10218 10213)
4(10213 10218 10219 10214)
4(10051 10215 10220 10055)
4(10219 10054 10055 10220)
4(10214 10219 10220 10215)
4(10052 10216 10221 10056)
4(10220 10055 10056 10221)
4(10215 10220 10221 10216)
4(10221 10056 10057 10222)
4(10216 10221 10222 10217)
4(10054 10219 10224 10058)
5(4038 6020 10058 10224 10223)
4(2038 4038 10223 10218)
4(10218 10223 10224 10219)
4(10055 10220 10225 10059)
4(10224 10058 10059 10225)
4(10219 10224 10225 10220)
4(10056 10221 10226 10060)
4(10225 10059 10060 10226)
4(10220 10225 10226 10221)
4(10226 10060 10061 10227)
4(10221 10226 10227 10222)
4(10058 10224 10228 10062)
4(2145 4191 10062 10228)
5(4038 2145 10228 10224 10223)
4(10059 10225 10229 10063)
4(10228 10062 10063 10229)
4(10224 10228 10229 10225)
4(10060 10226 10230 10064)
4(10229 10063 10064 10230)
4(10225 10229 10230 10226)
4(10230 10064 10065 10231)
4(10226 10230 10231 10227)
4(10063 10229 10070 10066)
4(2145 4192 10069 10228)
4(10228 10069 10070 10229)
4(10064 10230 10071 10067)
4(10229 10070 10071 10230)
4(10230 10071 10072 10231)
4(10069 10228 10233 10073)
5(4189 6022 10073 10233 10232)
5(2145 4189 10232 10233 10228)
4(10070 10229 10234 10074)
4(10233 10073 10074 10234)
4(10228 10233 10234 10229)
4(10071 10230 10235 10075)
4(10234 10074 10075 10235)
4(10229 10234 10235 10230)
4(10235 10075 10076 10236)
4(10230 10235 10236 10231)
4(10073 10233 10238 10077)
5(2144 4190 10077 10238 10237)
4(4189 2144 10237 10232)
4(10232 10237 10238 10233)
4(10074 10234 10239 10078)
4(10238 10077 10078 10239)
4(10233 10238 10239 10234)
4(10075 10235 10240 10079)
4(10239 10078 10079 10240)
4(10234 10239 10240 10235)
4(10240 10079 10080 10241)
4(10235 10240 10241 10236)
4(10077 10238 10243 10082)
4(4187 6023 10081 10242)
4(10242 10081 10082 10243)
4(2144 4187 10242 10237)
4(10237 10242 10243 10238)
4(10078 10239 10244 10083)
4(10243 10082 10083 10244)
4(10238 10243 10244 10239)
4(10079 10240 10245 10084)
4(10244 10083 10084 10245)
4(10239 10244 10245 10240)
4(10245 10084 10085 10246)
4(10240 10245 10246 10241)
4(10081 10242 10247 10086)
4(2143 4188 10086 10247)
4(4187 2143 10247 10242)
4(10082 10243 10248 10087)
4(10247 10086 10087 10248)
4(10242 10247 10248 10243)
4(10083 10244 10249 10088)
4(10248 10087 10088 10249)
4(10243 10248 10249 10244)
4(10084 10245 10250 10089)
4(10249 10088 10089 10250)
4(10244 10249 10250 10245)
4(10250 10089 10090 10251)
4(10245 10250 10251 10246)
4(10086 10247 10252 10091)
4(4185 6024 10091 10252)
4(2143 4185 10252 10247)
4(10087 10248 10253 10092)
4(10252 10091 10092 10253)
4(10247 10252 10253 10248)
4(10088 10249 10254 10093)
4(10253 10092 10093 10254)
4(10248 10253 10254 10249)
4(10089 10250 10255 10094)
4(10254 10093 10094 10255)
4(10249 10254 10255 10250)
4(10255 10094 10095 10256)
4(10250 10255 10256 10251)
4(10091 10252 10257 10096)
4(2142 4186 10096 10257)
4(4185 2142 10257 10252)
4(10092 10253 10258 10097)
4(10257 10096 10097 10258)
4(10252 10257 10258 10253)
4(10093 10254 10259 10098)
4(10258 10097 10098 10259)
4(10253 10258 10259 10254)
4(10094 10255 10260 10099)
4(10259 10098 10099 10260)
4(10254 10259 10260 10255)
4(10260 10099 10100 10261)
4(10255 10260 10261 10256)
4(10096 10257 10262 10101)
4(4183 6025 10101 10262)
4(2142 4183 10262 10257)
4(10097 10258 10263 10102)
4(10262 10101 10102 10263)
4(10257 10262 10263 10258)
4(10098 10259 10264 10103)
4(10263 10102 10103 10264)
4(10258 10263 10264 10259)
4(10099 10260 10265 10104)
4(10264 10103 10104 10265)
4(10259 10264 10265 10260)
4(10265 10104 10105 10266)
4(10260 10265 10266 10261)
4(10101 10262 10267 10106)
4(2141 4184 10106 10267)
4(4183 2141 10267 10262)
4(10102 10263 10268 10107)
4(10267 10106 10107 10268)
4(10262 10267 10268 10263)
4(10103 10264 10269 10108)
4(10268 10107 10108 10269)
4(10263 10268 10269 10264)
4(10104 10265 10270 10109)
4(10269 10108 10109 10270)
4(10264 10269 10270 10265)
4(10270 10109 10110 10271)
4(10265 10270 10271 10266)
4(10106 10267 10272 10111)
4(4181 6026 10111 10272)
4(2141 4181 10272 10267)
4(10107 10268 10273 10112)
4(10272 10111 10112 10273)
4(10267 10272 10273 10268)
4(10108 10269 10274 10113)
4(10273 10112 10113 10274)
4(10268 10273 10274 10269)
4(10109 10270 10275 10114)
4(10274 10113 10114 10275)
4(10269 10274 10275 10270)
4(10275 10114 10115 10276)
4(10270 10275 10276 10271)
4(10111 10272 10277 10116)
4(2140 4182 10116 10277)
4(4181 2140 10277 10272)
4(10112 10273 10278 10117)
4(10277 10116 10117 10278)
4(10272 10277 10278 10273)
4(10113 10274 10279 10118)
4(10278 10117 10118 10279)
4(10273 10278 10279 10274)
4(10114 10275 10280 10119)
4(10279 10118 10119 10280)
4(10274 10279 10280 10275)
4(10280 10119 10120 10281)
4(10275 10280 10281 10276)
4(10116 10277 10282 10121)
4(4179 6027 10121 10282)
4(2140 4179 10282 10277)
4(10117 10278 10283 10122)
4(10282 10121 10122 10283)
4(10277 10282 10283 10278)
4(10118 10279 10284 10123)
4(10283 10122 10123 10284)
4(10278 10283 10284 10279)
4(10119 10280 10285 10124)
4(10284 10123 10124 10285)
4(10279 10284 10285 10280)
4(10285 10124 10125 10286)
4(10280 10285 10286 10281)
4(10122 10283 10287 10126)
4(2139 4180 10126 10287)
5(4179 2139 10287 10283 10282)
4(10123 10284 10288 10127)
4(10287 10126 10127 10288)
4(10283 10287 10288 10284)
4(10124 10285 10289 10128)
4(10288 10127 10128 10289)
4(10284 10288 10289 10285)
4(10289 10128 10129 10290)
4(10285 10289 10290 10286)
4(10127 10288 10292 10130)
5(4177 6028 10130 10292 10291)
4(2139 4177 10291 10287)
4(10287 10291 10292 10288)
4(10128 10289 10293 10131)
4(10292 10130 10131 10293)
4(10288 10292 10293 10289)
4(10293 10131 10132 10294)
4(10289 10293 10294 10290)
4(10130 10292 10295 10133)
4(2138 4178 10133 10295)
5(4177 2138 10295 10292 10291)
4(10131 10293 10296 10134)
4(10295 10133 10134 10296)
4(10292 10295 10296 10293)
4(10296 10134 10135 10297)
4(10293 10296 10297 10294)
4(10134 10296 10298 10136)
4(3066 6029 10136 10298)
5(2138 3066 10298 10296 10295)
4(10298 10136 10137 10299)
4(10296 10298 10299 10297)
4(3066 1153 10299 10298)
4(3066 6047 10300 10298)
4(10298 10300 10301 10299)
4(6047 3001 10301 10300)
4(3002 6032 10138 10302)
4(10302 10138 10139 10303)
4(922 3002 10302 10303)
4(10138 10302 10305 10308)
5(3870 6032 10138 10308 10307)
5(3002 2031 10304 10305 10302)
4(2031 3870 10307 10304)
4(10304 10307 10308 10305)
4(10308 10138 10139 10309)
4(10302 10305 10306 10303)
4(10305 10308 10309 10306)
4(10138 10308 10143 10140)
4(3870 1924 10142 10307)
4(10307 10142 10143 10308)
4(10308 10143 10144 10309)
4(10142 10307 10311 10146)
4(6033 3869 10145 10310)
4(10310 10145 10146 10311)
5(3870 6033 10310 10311 10307)
4(10143 10308 10312 10147)
4(10311 10146 10147 10312)
4(10307 10311 10312 10308)
4(10312 10147 10148 10313)
4(10308 10312 10313 10309)
4(10145 10310 10315 10149)
5(3872 1925 10149 10315 10314)
5(6033 3872 10314 10315 10310)
4(10146 10311 10316 10150)
4(10315 10149 10150 10316)
4(10310 10315 10316 10311)
4(10147 10312 10317 10151)
4(10316 10150 10151 10317)
4(10311 10316 10317 10312)
4(10317 10151 10152 10318)
4(10312 10317 10318 10313)
4(10149 10315 10320 10154)
4(6034 3871 10153 10319)
4(10319 10153 10154 10320)
4(3872 6034 10319 10314)
4(10314 10319 10320 10315)
4(10150 10316 10321 10155)
4(10320 10154 10155 10321)
4(10315 10320 10321 10316)
4(10151 10317 10322 10156)
4(10321 10155 10156 10322)
4(10316 10321 10322 10317)
4(10322 10156 10157 10323)
4(10317 10322 10323 10318)
4(10153 10319 10324 10158)
4(3874 1926 10158 10324)
4(6034 3874 10324 10319)
4(10154 10320 10325 10159)
4(10324 10158 10159 10325)
4(10319 10324 10325 10320)
4(10155 10321 10326 10160)
4(10325 10159 10160 10326)
4(10320 10325 10326 10321)
4(10156 10322 10327 10161)
4(10326 10160 10161 10327)
4(10321 10326 10327 10322)
4(10327 10161 10162 10328)
4(10322 10327 10328 10323)
4(10158 10324 10329 10163)
4(6035 3873 10163 10329)
4(3874 6035 10329 10324)
4(10159 10325 10330 10164)
4(10329 10163 10164 10330)
4(10324 10329 10330 10325)
4(10160 10326 10331 10165)
4(10330 10164 10165 10331)
4(10325 10330 10331 10326)
4(10161 10327 10332 10166)
4(10331 10165 10166 10332)
4(10326 10331 10332 10327)
4(10332 10166 10167 10333)
4(10327 10332 10333 10328)
4(10163 10329 10334 10168)
4(3876 1927 10168 10334)
4(6035 3876 10334 10329)
4(10164 10330 10335 10169)
4(10334 10168 10169 10335)
4(10329 10334 10335 10330)
4(10165 10331 10336 10170)
4(10335 10169 10170 10336)
4(10330 10335 10336 10331)
4(10166 10332 10337 10171)
4(10336 10170 10171 10337)
4(10331 10336 10337 10332)
4(10337 10171 10172 10338)
4(10332 10337 10338 10333)
4(10168 10334 10339 10173)
4(6036 3875 10173 10339)
4(3876 6036 10339 10334)
4(10169 10335 10340 10174)
4(10339 10173 10174 10340)
4(10334 10339 10340 10335)
4(10170 10336 10341 10175)
4(10340 10174 10175 10341)
4(10335 10340 10341 10336)
4(10171 10337 10342 10176)
4(10341 10175 10176 10342)
4(10336 10341 10342 10337)
4(10342 10176 10177 10343)
4(10337 10342 10343 10338)
4(10173 10339 10344 10178)
4(3878 1928 10178 10344)
4(6036 3878 10344 10339)
4(10174 10340 10345 10179)
4(10344 10178 10179 10345)
4(10339 10344 10345 10340)
4(10175 10341 10346 10180)
4(10345 10179 10180 10346)
4(10340 10345 10346 10341)
4(10176 10342 10347 10181)
4(10346 10180 10181 10347)
4(10341 10346 10347 10342)
4(10347 10181 10182 10348)
4(10342 10347 10348 10343)
4(10178 10344 10349 10183)
4(6037 3877 10183 10349)
4(3878 6037 10349 10344)
4(10179 10345 10350 10184)
4(10349 10183 10184 10350)
4(10344 10349 10350 10345)
4(10180 10346 10351 10185)
4(10350 10184 10185 10351)
4(10345 10350 10351 10346)
4(10181 10347 10352 10186)
4(10351 10185 10186 10352)
4(10346 10351 10352 10347)
4(10352 10186 10187 10353)
4(10347 10352 10353 10348)
4(10183 10349 10354 10188)
4(3880 1929 10188 10354)
4(6037 3880 10354 10349)
4(10184 10350 10355 10189)
4(10354 10188 10189 10355)
4(10349 10354 10355 10350)
4(10185 10351 10356 10190)
4(10355 10189 10190 10356)
4(10350 10355 10356 10351)
4(10186 10352 10357 10191)
4(10356 10190 10191 10357)
4(10351 10356 10357 10352)
4(10357 10191 10192 10358)
4(10352 10357 10358 10353)
4(10188 10354 10359 10193)
4(6038 3879 10193 10359)
4(3880 6038 10359 10354)
4(10189 10355 10360 10194)
4(10359 10193 10194 10360)
4(10354 10359 10360 10355)
4(10190 10356 10361 10195)
4(10360 10194 10195 10361)
4(10355 10360 10361 10356)
4(10191 10357 10362 10196)
4(10361 10195 10196 10362)
4(10356 10361 10362 10357)
4(10362 10196 10197 10363)
4(10357 10362 10363 10358)
4(10193 10359 10364 10198)
4(3882 1930 10198 10364)
4(6038 3882 10364 10359)
4(10194 10360 10365 10199)
4(10364 10198 10199 10365)
4(10359 10364 10365 10360)
4(10195 10361 10366 10200)
4(10365 10199 10200 10366)
4(10360 10365 10366 10361)
4(10196 10362 10367 10201)
4(10366 10200 10201 10367)
4(10361 10366 10367 10362)
4(10367 10201 10202 10368)
4(10362 10367 10368 10363)
4(10198 10364 10369 10203)
4(6039 3881 10203 10369)
4(3882 6039 10369 10364)
4(10199 10365 10370 10204)
4(10369 10203 10204 10370)
4(10364 10369 10370 10365)
4(10200 10366 10371 10205)
4(10370 10204 10205 10371)
4(10365 10370 10371 10366)
4(10201 10367 10372 10206)
4(10371 10205 10206 10372)
4(10366 10371 10372 10367)
4(10372 10206 10207 10373)
4(10367 10372 10373 10368)
4(10203 10369 10213 10208)
4(6039 3884 10213 10369)
4(10204 10370 10214 10209)
4(10369 10213 10214 10370)
4(10205 10371 10215 10210)
4(10370 10214 10215 10371)
4(10206 10372 10216 10211)
4(10371 10215 10216 10372)
4(10372 10216 10217 10373)
4(10213 10369 10374 10218)
4(4035 2038 10218 10374)
4(6039 4035 10374 10369)
4(10214 10370 10375 10219)
4(10374 10218 10219 10375)
4(10369 10374 10375 10370)
4(10215 10371 10376 10220)
4(10375 10219 10220 10376)
4(10370 10375 10376 10371)
4(10216 10372 10377 10221)
4(10376 10220 10221 10377)
4(10371 10376 10377 10372)
4(10377 10221 10222 10378)
4(10372 10377 10378 10373)
4(10218 10374 10379 10223)
4(6040 4038 10223 10379)
4(4035 6040 10379 10374)
4(10219 10375 10380 10224)
4(10379 10223 10224 10380)
4(10374 10379 10380 10375)
4(10220 10376 10381 10225)
4(10380 10224 10225 10381)
4(10375 10380 10381 10376)
4(10221 10377 10382 10226)
4(10381 10225 10226 10382)
4(10376 10381 10382 10377)
4(10382 10226 10227 10383)
4(10377 10382 10383 10378)
4(10224 10380 10233 10228)
4(6040 4189 10232 10379)
4(10379 10232 10233 10380)
4(10225 10381 10234 10229)
4(10380 10233 10234 10381)
4(10226 10382 10235 10230)
4(10381 10234 10235 10382)
4(10382 10235 10236 10383)
4(10232 10379 10384 10237)
4(4036 2144 10237 10384)
4(6040 4036 10384 10379)
4(10233 10380 10385 10238)
4(10384 10237 10238 10385)
4(10379 10384 10385 10380)
4(10234 10381 10386 10239)
4(10385 10238 10239 10386)
4(10380 10385 10386 10381)
4(10235 10382 10387 10240)
4(10386 10239 10240 10387)
4(10381 10386 10387 10382)
4(10387 10240 10241 10388)
4(10382 10387 10388 10383)
4(10237 10384 10389 10242)
4(6041 4187 10242 10389)
4(4036 6041 10389 10384)
4(10238 10385 10390 10243)
4(10389 10242 10243 10390)
4(10384 10389 10390 10385)
4(10239 10386 10391 10244)
4(10390 10243 10244 10391)
4(10385 10390 10391 10386)
4(10240 10387 10392 10245)
4(10391 10244 10245 10392)
4(10386 10391 10392 10387)
4(10392 10245 10246 10393)
4(10387 10392 10393 10388)
4(10242 10389 10394 10247)
4(4034 2143 10247 10394)
4(6041 4034 10394 10389)
4(10243 10390 10395 10248)
4(10394 10247 10248 10395)
4(10389 10394 10395 10390)
4(10244 10391 10396 10249)
4(10395 10248 10249 10396)
4(10390 10395 10396 10391)
4(10245 10392 10397 10250)
4(10396 10249 10250 10397)
4(10391 10396 10397 10392)
4(10397 10250 10251 10398)
4(10392 10397 10398 10393)
4(10247 10394 10399 10252)
4(6042 4185 10252 10399)
4(4034 6042 10399 10394)
4(10248 10395 10400 10253)
4(10399 10252 10253 10400)
4(10394 10399 10400 10395)
4(10249 10396 10401 10254)
4(10400 10253 10254 10401)
4(10395 10400 10401 10396)
4(10250 10397 10402 10255)
4(10401 10254 10255 10402)
4(10396 10401 10402 10397)
4(10402 10255 10256 10403)
4(10397 10402 10403 10398)
4(10252 10399 10404 10257)
4(4032 2142 10257 10404)
4(6042 4032 10404 10399)
4(10253 10400 10405 10258)
4(10404 10257 10258 10405)
4(10399 10404 10405 10400)
4(10254 10401 10406 10259)
4(10405 10258 10259 10406)
4(10400 10405 10406 10401)
4(10255 10402 10407 10260)
4(10406 10259 10260 10407)
4(10401 10406 10407 10402)
4(10407 10260 10261 10408)
4(10402 10407 10408 10403)
4(10257 10404 10409 10262)
4(6043 4183 10262 10409)
4(4032 6043 10409 10404)
4(10258 10405 10410 10263)
4(10409 10262 10263 10410)
4(10404 10409 10410 10405)
4(10259 10406 10411 10264)
4(10410 10263 10264 10411)
4(10405 10410 10411 10406)
4(10260 10407 10412 10265)
4(10411 10264 10265 10412)
4(10406 10411 10412 10407)
4(10412 10265 10266 10413)
4(10407 10412 10413 10408)
4(10262 10409 10414 10267)
4(4030 2141 10267 10414)
4(6043 4030 10414 10409)
4(10263 10410 10415 10268)
4(10414 10267 10268 10415)
4(10409 10414 10415 10410)
4(10264 10411 10416 10269)
4(10415 10268 10269 10416)
4(10410 10415 10416 10411)
4(10265 10412 10417 10270)
4(10416 10269 10270 10417)
4(10411 10416 10417 10412)
4(10417 10270 10271 10418)
4(10412 10417 10418 10413)
4(10267 10414 10419 10272)
4(6044 4181 10272 10419)
4(4030 6044 10419 10414)
4(10268 10415 10420 10273)
4(10419 10272 10273 10420)
4(10414 10419 10420 10415)
4(10269 10416 10421 10274)
4(10420 10273 10274 10421)
4(10415 10420 10421 10416)
4(10270 10417 10422 10275)
4(10421 10274 10275 10422)
4(10416 10421 10422 10417)
4(10422 10275 10276 10423)
4(10417 10422 10423 10418)
4(10272 10419 10424 10277)
4(4028 2140 10277 10424)
4(6044 4028 10424 10419)
4(10273 10420 10425 10278)
4(10424 10277 10278 10425)
4(10419 10424 10425 10420)
4(10274 10421 10426 10279)
4(10425 10278 10279 10426)
4(10420 10425 10426 10421)
4(10275 10422 10427 10280)
4(10426 10279 10280 10427)
4(10421 10426 10427 10422)
4(10427 10280 10281 10428)
4(10422 10427 10428 10423)
4(10277 10424 10429 10282)
4(6045 4179 10282 10429)
4(4028 6045 10429 10424)
4(10278 10425 10430 10283)
4(10429 10282 10283 10430)
4(10424 10429 10430 10425)
4(10279 10426 10431 10284)
4(10430 10283 10284 10431)
4(10425 10430 10431 10426)
4(10280 10427 10432 10285)
4(10431 10284 10285 10432)
4(10426 10431 10432 10427)
4(10432 10285 10286 10433)
4(10427 10432 10433 10428)
4(10283 10430 10435 10287)
5(4026 2139 10287 10435 10434)
4(6045 4026 10434 10429)
4(10429 10434 10435 10430)
4(10284 10431 10436 10288)
4(10435 10287 10288 10436)
4(10430 10435 10436 10431)
4(10285 10432 10437 10289)
4(10436 10288 10289 10437)
4(10431 10436 10437 10432)
4(10437 10289 10290 10438)
4(10432 10437 10438 10433)
4(10287 10435 10439 10291)
4(6046 4177 10291 10439)
5(4026 6046 10439 10435 10434)
4(10288 10436 10440 10292)
4(10439 10291 10292 10440)
4(10435 10439 10440 10436)
4(10289 10437 10441 10293)
4(10440 10292 10293 10441)
4(10436 10440 10441 10437)
4(10441 10293 10294 10442)
4(10437 10441 10442 10438)
4(10292 10440 10443 10295)
4(4024 2138 10295 10443)
5(6046 4024 10443 10440 10439)
4(10293 10441 10444 10296)
4(10443 10295 10296 10444)
4(10440 10443 10444 10441)
4(10444 10296 10297 10445)
4(10441 10444 10445 10442)
4(10296 10444 10300 10298)
5(4024 6047 10300 10444 10443)
4(10444 10300 10301 10445)
4(10300 10444 10305 10302)
4(4024 2031 10304 10443)
4(10443 10304 10305 10444)
4(3002 6047 10300 10302)
4(10444 10305 10306 10445)
4(10302 10300 10301 10303)
4(10304 10443 10440 10447)
5(4023 2031 10304 10447 10446)
4(6046 4023 10446 10439)
4(10439 10446 10447 10440)
4(10305 10444 10441 10448)
4(10447 10304 10305 10448)
4(10440 10447 10448 10441)
4(10448 10305 10306 10449)
4(10441 10448 10449 10442)
4(10304 10447 10311 10307)
4(4023 6033 10310 10446)
4(10446 10310 10311 10447)
4(10305 10448 10312 10308)
4(10447 10311 10312 10448)
4(10448 10312 10313 10449)
4(10310 10446 10451 10315)
4(2032 3872 10314 10450)
4(10450 10314 10315 10451)
5(4023 2032 10450 10451 10446)
4(10311 10447 10452 10316)
4(10451 10315 10316 10452)
4(10446 10451 10452 10447)
4(10312 10448 10453 10317)
4(10452 10316 10317 10453)
4(10447 10452 10453 10448)
4(10453 10317 10318 10454)
4(10448 10453 10454 10449)
4(10314 10450 10455 10319)
4(4025 6034 10319 10455)
4(2032 4025 10455 10450)
4(10315 10451 10456 10320)
4(10455 10319 10320 10456)
4(10450 10455 10456 10451)
4(10316 10452 10457 10321)
4(10456 10320 10321 10457)
4(10451 10456 10457 10452)
4(10317 10453 10458 10322)
4(10457 10321 10322 10458)
4(10452 10457 10458 10453)
4(10458 10322 10323 10459)
4(10453 10458 10459 10454)
4(10319 10455 10460 10324)
4(2033 3874 10324 10460)
4(4025 2033 10460 10455)
4(10320 10456 10461 10325)
4(10460 10324 10325 10461)
4(10455 10460 10461 10456)
4(10321 10457 10462 10326)
4(10461 10325 10326 10462)
4(10456 10461 10462 10457)
4(10322 10458 10463 10327)
4(10462 10326 10327 10463)
4(10457 10462 10463 10458)
4(10463 10327 10328 10464)
4(10458 10463 10464 10459)
4(10324 10460 10465 10329)
4(4027 6035 10329 10465)
4(2033 4027 10465 10460)
4(10325 10461 10466 10330)
4(10465 10329 10330 10466)
4(10460 10465 10466 10461)
4(10326 10462 10467 10331)
4(10466 10330 10331 10467)
4(10461 10466 10467 10462)
4(10327 10463 10468 10332)
4(10467 10331 10332 10468)
4(10462 10467 10468 10463)
4(10468 10332 10333 10469)
4(10463 10468 10469 10464)
4(10329 10465 10470 10334)
4(2034 3876 10334 10470)
4(4027 2034 10470 10465)
4(10330 10466 10471 10335)
4(10470 10334 10335 10471)
4(10465 10470 10471 10466)
4(10331 10467 10472 10336)
4(10471 10335 10336 10472)
4(10466 10471 10472 10467)
4(10332 10468 10473 10337)
4(10472 10336 10337 10473)
4(10467 10472 10473 10468)
4(10473 10337 10338 10474)
4(10468 10473 10474 10469)
4(10334 10470 10475 10339)
4(4029 6036 10339 10475)
4(2034 4029 10475 10470)
4(10335 10471 10476 10340)
4(10475 10339 10340 10476)
4(10470 10475 10476 10471)
4(10336 10472 10477 10341)
4(10476 10340 10341 10477)
4(10471 10476 10477 10472)
4(10337 10473 10478 10342)
4(10477 10341 10342 10478)
4(10472 10477 10478 10473)
4(10478 10342 10343 10479)
4(10473 10478 10479 10474)
4(10339 10475 10480 10344)
4(2035 3878 10344 10480)
4(4029 2035 10480 10475)
4(10340 10476 10481 10345)
4(10480 10344 10345 10481)
4(10475 10480 10481 10476)
4(10341 10477 10482 10346)
4(10481 10345 10346 10482)
4(10476 10481 10482 10477)
4(10342 10478 10483 10347)
4(10482 10346 10347 10483)
4(10477 10482 10483 10478)
4(10483 10347 10348 10484)
4(10478 10483 10484 10479)
4(10344 10480 10485 10349)
4(4031 6037 10349 10485)
4(2035 4031 10485 10480)
4(10345 10481 10486 10350)
4(10485 10349 10350 10486)
4(10480 10485 10486 10481)
4(10346 10482 10487 10351)
4(10486 10350 10351 10487)
4(10481 10486 10487 10482)
4(10347 10483 10488 10352)
4(10487 10351 10352 10488)
4(10482 10487 10488 10483)
4(10488 10352 10353 10489)
4(10483 10488 10489 10484)
4(10349 10485 10490 10354)
4(2036 3880 10354 10490)
4(4031 2036 10490 10485)
4(10350 10486 10491 10355)
4(10490 10354 10355 10491)
4(10485 10490 10491 10486)
4(10351 10487 10492 10356)
4(10491 10355 10356 10492)
4(10486 10491 10492 10487)
4(10352 10488 10493 10357)
4(10492 10356 10357 10493)
4(10487 10492 10493 10488)
4(10493 10357 10358 10494)
4(10488 10493 10494 10489)
4(10354 10490 10495 10359)
4(4033 6038 10359 10495)
4(2036 4033 10495 10490)
4(10355 10491 10496 10360)
4(10495 10359 10360 10496)
4(10490 10495 10496 10491)
4(10356 10492 10497 10361)
4(10496 10360 10361 10497)
4(10491 10496 10497 10492)
4(10357 10493 10498 10362)
4(10497 10361 10362 10498)
4(10492 10497 10498 10493)
4(10498 10362 10363 10499)
4(10493 10498 10499 10494)
4(10359 10495 10500 10364)
4(2037 3882 10364 10500)
4(4033 2037 10500 10495)
4(10360 10496 10501 10365)
4(10500 10364 10365 10501)
4(10495 10500 10501 10496)
4(10361 10497 10502 10366)
4(10501 10365 10366 10502)
4(10496 10501 10502 10497)
4(10362 10498 10503 10367)
4(10502 10366 10367 10503)
4(10497 10502 10503 10498)
4(10503 10367 10368 10504)
4(10498 10503 10504 10499)
4(10364 10500 10374 10369)
4(2037 4035 10374 10500)
4(10365 10501 10375 10370)
4(10500 10374 10375 10501)
4(10366 10502 10376 10371)
4(10501 10375 10376 10502)
4(10367 10503 10377 10372)
4(10502 10376 10377 10503)
4(10503 10377 10378 10504)
4(10374 10500 10384 10379)
4(2037 4036 10384 10500)
4(10375 10501 10385 10380)
4(10500 10384 10385 10501)
4(10376 10502 10386 10381)
4(10501 10385 10386 10502)
4(10377 10503 10387 10382)
4(10502 10386 10387 10503)
4(10503 10387 10388 10504)
4(10384 10500 10495 10389)
4(4033 6041 10389 10495)
4(10385 10501 10496 10390)
4(10495 10389 10390 10496)
4(10386 10502 10497 10391)
4(10496 10390 10391 10497)
4(10387 10503 10498 10392)
4(10497 10391 10392 10498)
4(10498 10392 10393 10499)
4(10389 10495 10490 10394)
4(2036 4034 10394 10490)
4(10390 10496 10491 10395)
4(10490 10394 10395 10491)
4(10391 10497 10492 10396)
4(10491 10395 10396 10492)
4(10392 10498 10493 10397)
4(10492 10396 10397 10493)
4(10493 10397 10398 10494)
4(10394 10490 10485 10399)
4(4031 6042 10399 10485)
4(10395 10491 10486 10400)
4(10485 10399 10400 10486)
4(10396 10492 10487 10401)
4(10486 10400 10401 10487)
4(10397 10493 10488 10402)
4(10487 10401 10402 10488)
4(10488 10402 10403 10489)
4(10399 10485 10480 10404)
4(2035 4032 10404 10480)
4(10400 10486 10481 10405)
4(10480 10404 10405 10481)
4(10401 10487 10482 10406)
4(10481 10405 10406 10482)
4(10402 10488 10483 10407)
4(10482 10406 10407 10483)
4(10483 10407 10408 10484)
4(10404 10480 10475 10409)
4(4029 6043 10409 10475)
4(10405 10481 10476 10410)
4(10475 10409 10410 10476)
4(10406 10482 10477 10411)
4(10476 10410 10411 10477)
4(10407 10483 10478 10412)
4(10477 10411 10412 10478)
4(10478 10412 10413 10479)
4(10409 10475 10470 10414)
4(2034 4030 10414 10470)
4(10410 10476 10471 10415)
4(10470 10414 10415 10471)
4(10411 10477 10472 10416)
4(10471 10415 10416 10472)
4(10412 10478 10473 10417)
4(10472 10416 10417 10473)
4(10473 10417 10418 10474)
4(10414 10470 10465 10419)
4(4027 6044 10419 10465)
4(10415 10471 10466 10420)
4(10465 10419 10420 10466)
4(10416 10472 10467 10421)
4(10466 10420 10421 10467)
4(10417 10473 10468 10422)
4(10467 10421 10422 10468)
4(10468 10422 10423 10469)
4(10419 10465 10460 10424)
4(2033 4028 10424 10460)
4(10420 10466 10461 10425)
4(10460 10424 10425 10461)
4(10421 10467 10462 10426)
4(10461 10425 10426 10462)
4(10422 10468 10463 10427)
4(10462 10426 10427 10463)
4(10463 10427 10428 10464)
4(10424 10460 10455 10429)
4(4025 6045 10429 10455)
4(10425 10461 10456 10430)
4(10455 10429 10430 10456)
4(10426 10462 10457 10431)
4(10456 10430 10431 10457)
4(10427 10463 10458 10432)
4(10457 10431 10432 10458)
4(10458 10432 10433 10459)
4(10429 10455 10450 10434)
4(2032 4026 10434 10450)
4(10430 10456 10451 10435)
4(10450 10434 10435 10451)
4(10431 10457 10452 10436)
4(10451 10435 10436 10452)
4(10432 10458 10453 10437)
4(10452 10436 10437 10453)
4(10453 10437 10438 10454)
4(10435 10451 10446 10439)
4(10436 10452 10447 10440)
4(10437 10453 10448 10441)
4(3457 3428 10505 9693)
4(9693 10505 10506 9694)
4(3428 6050 10506 10505)
5(10508 10511 10505 9693 9699)
4(3456 6051 10510 10507)
4(10507 10510 10511 10508)
5(6051 3428 10505 10511 10510)
4(5985 3456 10507 9698)
4(9698 10507 10508 9699)
4(10508 10511 10512 10509)
4(10511 10505 10506 10512)
4(9699 10508 10509 9700)
4(10507 10514 10518 10510)
4(1711 3431 10517 10513)
4(10513 10517 10518 10514)
5(3431 6051 10510 10518 10517)
5(3456 1711 10513 10514 10507)
4(10508 10515 10519 10511)
4(10514 10518 10519 10515)
4(10518 10510 10511 10519)
4(10507 10514 10515 10508)
4(10515 10519 10520 10516)
4(10519 10511 10512 10520)
4(10508 10515 10516 10509)
4(10513 10522 10527 10517)
4(3458 6052 10526 10521)
4(10521 10526 10527 10522)
5(6052 3431 10517 10527 10526)
5(1711 3458 10521 10522 10513)
4(10514 10523 10528 10518)
4(10522 10527 10528 10523)
4(10527 10517 10518 10528)
4(10513 10522 10523 10514)
4(10515 10524 10529 10519)
4(10523 10528 10529 10524)
4(10528 10518 10519 10529)
4(10514 10523 10524 10515)
4(10524 10529 10530 10525)
4(10529 10519 10520 10530)
4(10515 10524 10525 10516)
4(10521 10531 10536 10526)
4(1712 3434 10536 10531)
4(3434 6052 10526 10536)
4(3458 1712 10531 10521)
4(10522 10532 10537 10527)
4(10531 10536 10537 10532)
4(10536 10526 10527 10537)
4(10521 10531 10532 10522)
4(10523 10533 10538 10528)
4(10532 10537 10538 10533)
4(10537 10527 10528 10538)
4(10522 10532 10533 10523)
4(10524 10534 10539 10529)
4(10533 10538 10539 10534)
4(10538 10528 10529 10539)
4(10523 10533 10534 10524)
4(10534 10539 10540 10535)
4(10539 10529 10530 10540)
4(10524 10534 10535 10525)
4(10531 10541 10546 10536)
4(3460 6053 10546 10541)
4(6053 3434 10536 10546)
4(1712 3460 10541 10531)
4(10532 10542 10547 10537)
4(10541 10546 10547 10542)
4(10546 10536 10537 10547)
4(10531 10541 10542 10532)
4(10533 10543 10548 10538)
4(10542 10547 10548 10543)
4(10547 10537 10538 10548)
4(10532 10542 10543 10533)
4(10534 10544 10549 10539)
4(10543 10548 10549 10544)
4(10548 10538 10539 10549)
4(10533 10543 10544 10534)
4(10544 10549 10550 10545)
4(10549 10539 10540 10550)
4(10534 10544 10545 10535)
4(10541 10551 10556 10546)
4(1713 3437 10556 10551)
4(3437 6053 10546 10556)
4(3460 1713 10551 10541)
4(10542 10552 10557 10547)
4(10551 10556 10557 10552)
4(10556 10546 10547 10557)
4(10541 10551 10552 10542)
4(10543 10553 10558 10548)
4(10552 10557 10558 10553)
4(10557 10547 10548 10558)
4(10542 10552 10553 10543)
4(10544 10554 10559 10549)
4(10553 10558 10559 10554)
4(10558 10548 10549 10559)
4(10543 10553 10554 10544)
4(10554 10559 10560 10555)
4(10559 10549 10550 10560)
4(10544 10554 10555 10545)
4(10551 10561 10566 10556)
4(3462 6054 10566 10561)
4(6054 3437 10556 10566)
4(1713 3462 10561 10551)
4(10552 10562 10567 10557)
4(10561 10566 10567 10562)
4(10566 10556 10557 10567)
4(10551 10561 10562 10552)
4(10553 10563 10568 10558)
4(10562 10567 10568 10563)
4(10567 10557 10558 10568)
4(10552 10562 10563 10553)
4(10554 10564 10569 10559)
4(10563 10568 10569 10564)
4(10568 10558 10559 10569)
4(10553 10563 10564 10554)
4(10564 10569 10570 10565)
4(10569 10559 10560 10570)
4(10554 10564 10565 10555)
4(10561 10571 10576 10566)
4(1714 3440 10576 10571)
4(3440 6054 10566 10576)
4(3462 1714 10571 10561)
4(10562 10572 10577 10567)
4(10571 10576 10577 10572)
4(10576 10566 10567 10577)
4(10561 10571 10572 10562)
4(10563 10573 10578 10568)
4(10572 10577 10578 10573)
4(10577 10567 10568 10578)
4(10562 10572 10573 10563)
4(10564 10574 10579 10569)
4(10573 10578 10579 10574)
4(10578 10568 10569 10579)
4(10563 10573 10574 10564)
4(10574 10579 10580 10575)
4(10579 10569 10570 10580)
4(10564 10574 10575 10565)
6(10581 10586 10576 10571 9764 9774)
4(3464 6055 10586 10581)
4(6055 3440 10576 10586)
4(1714 3465 9764 10571)
4(5989 3464 10581 9774)
6(10582 10587 10577 10572 9765 9775)
4(10581 10586 10587 10582)
4(10586 10576 10577 10587)
4(10571 9764 9765 10572)
4(9774 10581 10582 9775)
6(10583 10588 10578 10573 9766 9776)
4(10582 10587 10588 10583)
4(10587 10577 10578 10588)
4(10572 9765 9766 10573)
4(9775 10582 10583 9776)
6(10584 10589 10579 10574 9767 9777)
4(10583 10588 10589 10584)
4(10588 10578 10579 10589)
4(10573 9766 9767 10574)
4(9776 10583 10584 9777)
4(10584 10589 10590 10585)
4(10589 10579 10580 10590)
4(10574 9767 9768 10575)
4(9777 10584 10585 9778)
4(10581 10591 10596 10586)
4(1715 3443 10596 10591)
4(3443 6055 10586 10596)
4(3464 1715 10591 10581)
4(10582 10592 10597 10587)
4(10591 10596 10597 10592)
4(10596 10586 10587 10597)
4(10581 10591 10592 10582)
4(10583 10593 10598 10588)
4(10592 10597 10598 10593)
4(10597 10587 10588 10598)
4(10582 10592 10593 10583)
4(10584 10594 10599 10589)
4(10593 10598 10599 10594)
4(10598 10588 10589 10599)
4(10583 10593 10594 10584)
4(10594 10599 10600 10595)
4(10599 10589 10590 10600)
4(10584 10594 10595 10585)
4(10591 10601 10606 10596)
4(3466 6056 10606 10601)
4(6056 3443 10596 10606)
4(1715 3466 10601 10591)
4(10592 10602 10607 10597)
4(10601 10606 10607 10602)
4(10606 10596 10597 10607)
4(10591 10601 10602 10592)
4(10593 10603 10608 10598)
4(10602 10607 10608 10603)
4(10607 10597 10598 10608)
4(10592 10602 10603 10593)
4(10594 10604 10609 10599)
4(10603 10608 10609 10604)
4(10608 10598 10599 10609)
4(10593 10603 10604 10594)
4(10604 10609 10610 10605)
4(10609 10599 10600 10610)
4(10594 10604 10605 10595)
4(10601 10611 10616 10606)
4(1716 3446 10616 10611)
4(3446 6056 10606 10616)
4(3466 1716 10611 10601)
4(10602 10612 10617 10607)
4(10611 10616 10617 10612)
4(10616 10606 10607 10617)
4(10601 10611 10612 10602)
4(10603 10613 10618 10608)
4(10612 10617 10618 10613)
4(10617 10607 10608 10618)
4(10602 10612 10613 10603)
4(10604 10614 10619 10609)
4(10613 10618 10619 10614)
4(10618 10608 10609 10619)
4(10603 10613 10614 10604)
4(10614 10619 10620 10615)
4(10619 10609 10610 10620)
4(10604 10614 10615 10605)
4(10611 10621 10626 10616)
4(3468 6057 10626 10621)
4(6057 3446 10616 10626)
4(1716 3468 10621 10611)
4(10612 10622 10627 10617)
4(10621 10626 10627 10622)
4(10626 10616 10617 10627)
4(10611 10621 10622 10612)
4(10613 10623 10628 10618)
4(10622 10627 10628 10623)
4(10627 10617 10618 10628)
4(10612 10622 10623 10613)
4(10614 10624 10629 10619)
4(10623 10628 10629 10624)
4(10628 10618 10619 10629)
4(10613 10623 10624 10614)
4(10624 10629 10630 10625)
4(10629 10619 10620 10630)
4(10614 10624 10625 10615)
4(10621 10631 10636 10626)
4(1717 3449 10636 10631)
4(3449 6057 10626 10636)
4(3468 1717 10631 10621)
4(10622 10632 10637 10627)
4(10631 10636 10637 10632)
4(10636 10626 10627 10637)
4(10621 10631 10632 10622)
4(10623 10633 10638 10628)
4(10632 10637 10638 10633)
4(10637 10627 10628 10638)
4(10622 10632 10633 10623)
4(10624 10634 10639 10629)
4(10633 10638 10639 10634)
4(10638 10628 10629 10639)
4(10623 10633 10634 10624)
4(10634 10639 10640 10635)
4(10639 10629 10630 10640)
4(10624 10634 10635 10625)
4(10631 10641 10646 10636)
4(3470 6058 10646 10641)
4(6058 3449 10636 10646)
4(1717 3470 10641 10631)
4(10632 10642 10647 10637)
4(10641 10646 10647 10642)
4(10646 10636 10637 10647)
4(10631 10641 10642 10632)
4(10633 10643 10648 10638)
4(10642 10647 10648 10643)
4(10647 10637 10638 10648)
4(10632 10642 10643 10633)
4(10634 10644 10649 10639)
4(10643 10648 10649 10644)
4(10648 10638 10639 10649)
4(10633 10643 10644 10634)
4(10644 10649 10650 10645)
4(10649 10639 10640 10650)
4(10634 10644 10645 10635)
4(10641 10651 10656 10646)
4(1718 3452 10656 10651)
4(3452 6058 10646 10656)
4(3470 1718 10651 10641)
4(10642 10652 10657 10647)
4(10651 10656 10657 10652)
4(10656 10646 10647 10657)
4(10641 10651 10652 10642)
4(10643 10653 10658 10648)
4(10652 10657 10658 10653)
4(10657 10647 10648 10658)
4(10642 10652 10653 10643)
4(10644 10654 10659 10649)
4(10653 10658 10659 10654)
4(10658 10648 10649 10659)
4(10643 10653 10654 10644)
4(10654 10659 10660 10655)
4(10659 10649 10650 10660)
4(10644 10654 10655 10645)
4(10651 9546 9566 10656)
4(6059 3452 10656 9566)
4(1718 3472 9546 10651)
4(10652 9547 9567 10657)
4(9566 10656 10657 9567)
4(10651 9546 9547 10652)
4(10653 9548 9568 10658)
4(9567 10657 10658 9568)
4(10652 9547 9548 10653)
4(10654 9549 9569 10659)
4(9568 10658 10659 9569)
4(10653 9548 9549 10654)
4(9569 10659 10660 9570)
4(10654 9549 9550 10655)
4(9562 10661 10665 9567)
4(1710 3451 10665 10661)
5(3451 6059 9566 9567 10665)
4(9563 10662 10666 9568)
4(10661 10665 10666 10662)
4(10665 9567 9568 10666)
4(9564 10663 10667 9569)
4(10662 10666 10667 10663)
4(10666 9568 9569 10667)
4(10663 10667 10668 10664)
4(10667 9569 9570 10668)
4(10662 10669 10672 10666)
4(3425 6060 10672 10669)
5(6060 3451 10665 10666 10672)
4(10663 10670 10673 10667)
4(10669 10672 10673 10670)
4(10672 10666 10667 10673)
4(10670 10673 10674 10671)
4(10673 10667 10668 10674)
4(10670 10675 10677 10673)
4(1700 3422 10677 10675)
5(3422 6060 10672 10673 10677)
4(10675 10677 10678 10676)
4(10677 10673 10674 10678)
4(3396 6061 10679 10680)
4(6061 3422 10677 10679)
4(10679 10677 10678 10680)
4(3393 6061 10679 10681)
4(10681 10679 10680 10682)
4(1690 3393 10681 10682)
4(1680 3364 10683 10684)
4(3364 6062 10685 10683)
4(10683 10685 10686 10684)
4(6062 3367 10686 10685)
4(6063 3364 10683 10687)
4(10687 10683 10684 10688)
4(3338 6063 10687 10688)
4(3280 6065 10689 10690)
4(6065 3306 10691 10689)
4(10689 10691 10692 10690)
4(3306 1660 10692 10691)
4(1650 3277 10693 10694)
4(3277 6065 10689 10693)
4(10693 10689 10690 10694)
4(3251 6066 10695 10696)
4(6066 3277 10693 10695)
4(10695 10693 10694 10696)
4(3248 6066 10695 10697)
4(10697 10695 10696 10698)
4(1640 3248 10697 10698)
4(1619 3189 10699 10700)
4(3189 6069 10700 10699)
4(3185 6070 10701 10702)
4(6070 3189 10699 10701)
4(10701 10699 10700 10702)
4(3186 6070 10701 10703)
4(10703 10701 10702 10704)
4(1618 3186 10703 10704)
4(3178 6073 8385 8386)
4(5927 3178 8395 8394)
4(3179 6073 8385 8386)
4(6050 2813 10705 10706)
4(2813 6692 10706 10705)
4(3428 1701 10707 10505)
4(10505 10707 10708 10506)
4(1701 2813 10705 10707)
4(10707 10705 10706 10708)
4(10505 10511 10710 10707)
4(6051 3427 10709 10510)
4(10510 10709 10710 10511)
5(3427 1701 10707 10710 10709)
4(10511 10710 10711 10512)
4(10710 10707 10708 10711)
4(10510 10518 10713 10709)
4(3431 1702 10712 10517)
4(10517 10712 10713 10518)
5(1702 3427 10709 10713 10712)
4(10511 10519 10714 10710)
4(10518 10713 10714 10519)
4(10713 10709 10710 10714)
4(10519 10714 10715 10520)
4(10714 10710 10711 10715)
4(10517 10527 10717 10712)
4(6052 3430 10716 10526)
4(10526 10716 10717 10527)
5(3430 1702 10712 10717 10716)
4(10518 10528 10718 10713)
4(10527 10717 10718 10528)
4(10717 10712 10713 10718)
4(10519 10529 10719 10714)
4(10528 10718 10719 10529)
4(10718 10713 10714 10719)
4(10529 10719 10720 10530)
4(10719 10714 10715 10720)
4(10526 10536 10721 10716)
4(3434 1703 10721 10536)
4(1703 3430 10716 10721)
4(10527 10537 10722 10717)
4(10536 10721 10722 10537)
4(10721 10716 10717 10722)
4(10528 10538 10723 10718)
4(10537 10722 10723 10538)
4(10722 10717 10718 10723)
4(10529 10539 10724 10719)
4(10538 10723 10724 10539)
4(10723 10718 10719 10724)
4(10539 10724 10725 10540)
4(10724 10719 10720 10725)
4(10536 10546 10726 10721)
4(6053 3433 10726 10546)
4(3433 1703 10721 10726)
4(10537 10547 10727 10722)
4(10546 10726 10727 10547)
4(10726 10721 10722 10727)
4(10538 10548 10728 10723)
4(10547 10727 10728 10548)
4(10727 10722 10723 10728)
4(10539 10549 10729 10724)
4(10548 10728 10729 10549)
4(10728 10723 10724 10729)
4(10549 10729 10730 10550)
4(10729 10724 10725 10730)
4(10546 10556 10731 10726)
4(3437 1704 10731 10556)
4(1704 3433 10726 10731)
4(10547 10557 10732 10727)
4(10556 10731 10732 10557)
4(10731 10726 10727 10732)
4(10548 10558 10733 10728)
4(10557 10732 10733 10558)
4(10732 10727 10728 10733)
4(10549 10559 10734 10729)
4(10558 10733 10734 10559)
4(10733 10728 10729 10734)
4(10559 10734 10735 10560)
4(10734 10729 10730 10735)
4(10556 10566 10736 10731)
4(6054 3436 10736 10566)
4(3436 1704 10731 10736)
4(10557 10567 10737 10732)
4(10566 10736 10737 10567)
4(10736 10731 10732 10737)
4(10558 10568 10738 10733)
4(10567 10737 10738 10568)
4(10737 10732 10733 10738)
4(10559 10569 10739 10734)
4(10568 10738 10739 10569)
4(10738 10733 10734 10739)
4(10569 10739 10740 10570)
4(10739 10734 10735 10740)
4(10566 10576 10741 10736)
4(3440 1705 10741 10576)
4(1705 3436 10736 10741)
4(10567 10577 10742 10737)
4(10576 10741 10742 10577)
4(10741 10736 10737 10742)
4(10568 10578 10743 10738)
4(10577 10742 10743 10578)
4(10742 10737 10738 10743)
4(10569 10579 10744 10739)
4(10578 10743 10744 10579)
4(10743 10738 10739 10744)
4(10579 10744 10745 10580)
4(10744 10739 10740 10745)
4(10576 10586 10746 10741)
4(6055 3439 10746 10586)
4(3439 1705 10741 10746)
4(10577 10587 10747 10742)
4(10586 10746 10747 10587)
4(10746 10741 10742 10747)
4(10578 10588 10748 10743)
4(10587 10747 10748 10588)
4(10747 10742 10743 10748)
4(10579 10589 10749 10744)
4(10588 10748 10749 10589)
4(10748 10743 10744 10749)
4(10589 10749 10750 10590)
4(10749 10744 10745 10750)
4(10586 10596 10751 10746)
4(3443 1706 10751 10596)
4(1706 3439 10746 10751)
4(10587 10597 10752 10747)
4(10596 10751 10752 10597)
4(10751 10746 10747 10752)
4(10588 10598 10753 10748)
4(10597 10752 10753 10598)
4(10752 10747 10748 10753)
4(10589 10599 10754 10749)
4(10598 10753 10754 10599)
4(10753 10748 10749 10754)
4(10599 10754 10755 10600)
4(10754 10749 10750 10755)
4(10596 10606 10756 10751)
4(6056 3442 10756 10606)
4(3442 1706 10751 10756)
4(10597 10607 10757 10752)
4(10606 10756 10757 10607)
4(10756 10751 10752 10757)
4(10598 10608 10758 10753)
4(10607 10757 10758 10608)
4(10757 10752 10753 10758)
4(10599 10609 10759 10754)
4(10608 10758 10759 10609)
4(10758 10753 10754 10759)
4(10609 10759 10760 10610)
4(10759 10754 10755 10760)
4(10606 10616 10761 10756)
4(3446 1707 10761 10616)
4(1707 3442 10756 10761)
4(10607 10617 10762 10757)
4(10616 10761 10762 10617)
4(10761 10756 10757 10762)
4(10608 10618 10763 10758)
4(10617 10762 10763 10618)
4(10762 10757 10758 10763)
4(10609 10619 10764 10759)
4(10618 10763 10764 10619)
4(10763 10758 10759 10764)
4(10619 10764 10765 10620)
4(10764 10759 10760 10765)
4(10616 10626 10766 10761)
4(6057 3445 10766 10626)
4(3445 1707 10761 10766)
4(10617 10627 10767 10762)
4(10626 10766 10767 10627)
4(10766 10761 10762 10767)
4(10618 10628 10768 10763)
4(10627 10767 10768 10628)
4(10767 10762 10763 10768)
4(10619 10629 10769 10764)
4(10628 10768 10769 10629)
4(10768 10763 10764 10769)
4(10629 10769 10770 10630)
4(10769 10764 10765 10770)
4(10626 10636 10771 10766)
4(3449 1708 10771 10636)
4(1708 3445 10766 10771)
4(10627 10637 10772 10767)
4(10636 10771 10772 10637)
4(10771 10766 10767 10772)
4(10628 10638 10773 10768)
4(10637 10772 10773 10638)
4(10772 10767 10768 10773)
4(10629 10639 10774 10769)
4(10638 10773 10774 10639)
4(10773 10768 10769 10774)
4(10639 10774 10775 10640)
4(10774 10769 10770 10775)
4(10637 10647 10776 10772)
5(6058 3448 10776 10647 10646)
5(3448 1708 10771 10772 10776)
4(10638 10648 10777 10773)
4(10647 10776 10777 10648)
4(10776 10772 10773 10777)
4(10639 10649 10778 10774)
4(10648 10777 10778 10649)
4(10777 10773 10774 10778)
4(10649 10778 10779 10650)
4(10778 10774 10775 10779)
4(10647 10657 10780 10776)
5(3452 1709 10780 10657 10656)
4(1709 3448 10776 10780)
4(10648 10658 10781 10777)
4(10657 10780 10781 10658)
4(10780 10776 10777 10781)
4(10649 10659 10782 10778)
4(10658 10781 10782 10659)
4(10781 10777 10778 10782)
4(10659 10782 10783 10660)
4(10782 10778 10779 10783)
4(10657 9567 10665 10780)
4(3451 1709 10780 10665)
4(10658 9568 10666 10781)
4(10665 10780 10781 10666)
4(10659 9569 10667 10782)
4(10666 10781 10782 10667)
4(10667 10782 10783 10668)
4(10666 10672 10784 10781)
4(6060 3423 10784 10672)
5(3423 1709 10780 10781 10784)
4(10667 10673 10785 10782)
4(10672 10784 10785 10673)
4(10784 10781 10782 10785)
4(10673 10785 10786 10674)
4(10785 10782 10783 10786)
4(10673 10677 10788 10785)
5(3422 1699 10787 10788 10677)
4(1699 3423 10784 10787)
4(10787 10784 10785 10788)
4(10677 10788 10789 10678)
4(10788 10785 10786 10789)
4(10677 10679 10791 10788)
5(6061 3394 10790 10791 10679)
4(3394 1699 10787 10790)
4(10790 10787 10788 10791)
4(10679 10791 10792 10680)
4(10791 10788 10789 10792)
4(10679 10681 10794 10791)
5(3393 1689 10793 10794 10681)
4(1689 3394 10790 10793)
4(10793 10790 10791 10794)
4(10681 10794 10795 10682)
4(10794 10791 10792 10795)
4(10681 10685 10797 10794)
5(6062 3365 10796 10797 10685)
4(3365 1689 10793 10796)
4(10796 10793 10794 10797)
4(3393 6062 10685 10681)
4(10685 10797 10798 10686)
4(10797 10794 10795 10798)
4(10681 10685 10686 10682)
4(10685 10683 10800 10797)
5(3364 1679 10799 10800 10683)
4(1679 3365 10796 10799)
4(10799 10796 10797 10800)
4(10683 10800 10801 10684)
4(10800 10797 10798 10801)
4(10683 10687 10803 10800)
5(6063 3336 10802 10803 10687)
4(3336 1679 10799 10802)
4(10802 10799 10800 10803)
4(10687 10803 10804 10688)
4(10803 10800 10801 10804)
4(10687 10805 10808 10803)
5(3335 1669 10807 10808 10805)
4(1669 3336 10802 10807)
4(10807 10802 10803 10808)
4(6063 3335 10805 10687)
4(10805 10808 10809 10806)
4(10808 10803 10804 10809)
4(10687 10805 10806 10688)
4(10805 10810 10813 10808)
5(6064 3307 10812 10813 10810)
4(3307 1669 10807 10812)
4(10812 10807 10808 10813)
4(3335 6064 10810 10805)
4(10810 10813 10814 10811)
4(10813 10808 10809 10814)
4(10805 10810 10811 10806)
4(10810 10691 10816 10813)
5(3306 1659 10815 10816 10691)
4(1659 3307 10812 10815)
4(10815 10812 10813 10816)
4(6064 3306 10691 10810)
4(10691 10816 10817 10692)
4(10816 10813 10814 10817)
4(10810 10691 10692 10811)
4(10691 10689 10819 10816)
5(6065 3278 10818 10819 10689)
4(3278 1659 10815 10818)
4(10818 10815 10816 10819)
4(10689 10819 10820 10690)
4(10819 10816 10817 10820)
4(10689 10693 10822 10819)
5(3277 1649 10821 10822 10693)
4(1649 3278 10818 10821)
4(10821 10818 10819 10822)
4(10693 10822 10823 10694)
4(10822 10819 10820 10823)
4(10693 10695 10825 10822)
5(6066 3249 10824 10825 10695)
4(3249 1649 10821 10824)
4(10824 10821 10822 10825)
4(10695 10825 10826 10696)
4(10825 10822 10823 10826)
4(10695 10697 10827 10825)
4(3248 1639 10827 10697)
5(1639 3249 10824 10825 10827)
4(10697 10827 10828 10698)
4(10827 10825 10826 10828)
4(6067 3220 10829 10830)
4(3220 1639 10827 10829)
4(10829 10827 10828 10830)
4(3248 6067 10698 10697)
4(3219 1629 10831 10832)
4(1629 3220 10829 10831)
4(10831 10829 10830 10832)
4(3192 1629 10831 10832)
4(6069 3216 10833 10834)
4(3216 1629 10831 10833)
4(10833 10831 10832 10834)
4(3189 1628 10835 10699)
4(10699 10835 10836 10700)
4(1628 3216 10833 10835)
4(10835 10833 10834 10836)
4(10699 10701 10837 10835)
4(6070 3213 10837 10701)
4(3213 1628 10835 10837)
4(10701 10837 10838 10702)
4(10837 10835 10836 10838)
4(10701 10703 10839 10837)
4(3186 1627 10839 10703)
4(1627 3213 10837 10839)
4(10703 10839 10840 10704)
4(10839 10837 10838 10840)
4(6071 3210 10841 10842)
4(3210 1627 10839 10841)
4(10841 10839 10840 10842)
4(3186 6071 10704 10703)
4(3183 1626 10843 10844)
4(1626 3210 10841 10843)
4(10843 10841 10842 10844)
4(6072 3207 10845 9092)
4(9092 10845 10846 9093)
4(3207 1626 10843 10845)
4(10845 10843 10844 10846)
4(3183 6072 9092 9093)
5(9092 9090 10848 10851 10845)
5(1625 3207 10845 10851 10850)
4(3209 1625 10850 10847)
4(10847 10850 10851 10848)
5(4920 3209 10847 10848 9090)
4(10851 10845 10846 10852)
4(10848 10851 10852 10849)
4(9090 10848 10849 9091)
4(3179 1623 10853 10854)
4(1623 3202 8387 10853)
4(10853 8387 8388 10854)
4(6074 3199 10855 10856)
4(3199 1623 10853 10855)
4(10855 10853 10854 10856)
4(3176 1622 10857 10858)
4(1622 3199 10855 10857)
4(10857 10855 10856 10858)
4(6075 3196 10859 10860)
4(3196 1622 10857 10859)
4(10859 10857 10858 10860)
4(3173 1621 10861 10862)
4(1621 3196 10859 10861)
4(10861 10859 10860 10862)
4(6076 2765 10863 9086)
4(9086 10863 10864 9087)
4(2765 1621 10861 10863)
4(10863 10861 10862 10864)
4(3173 6076 9086 9087)
4(9086 9084 6853 10863)
5(6618 2765 10863 6853 6852)
5(6699 6618 6852 6853 9084)
4(6853 10863 10864 6854)
4(9084 6853 6854 9085)
4(10705 10707 10866 10868)
5(1701 3399 10865 10866 10707)
5(3399 6079 10868 10866 10865)
4(6079 2813 10705 10868)
4(10707 10866 10867 10708)
4(10866 10868 10869 10867)
4(10868 10705 10706 10869)
4(10707 10710 10871 10866)
4(3427 6080 10870 10709)
4(10709 10870 10871 10710)
4(6080 3399 10865 10870)
4(10870 10865 10866 10871)
4(10710 10871 10872 10711)
4(10871 10866 10867 10872)
4(10709 10713 10874 10870)
4(1702 3402 10873 10712)
4(10712 10873 10874 10713)
5(3402 6080 10870 10874 10873)
4(10710 10714 10875 10871)
4(10713 10874 10875 10714)
4(10874 10870 10871 10875)
4(10714 10875 10876 10715)
4(10875 10871 10872 10876)
4(10712 10717 10878 10873)
4(3430 6081 10877 10716)
4(10716 10877 10878 10717)
5(6081 3402 10873 10878 10877)
4(10713 10718 10879 10874)
4(10717 10878 10879 10718)
4(10878 10873 10874 10879)
4(10714 10719 10880 10875)
4(10718 10879 10880 10719)
4(10879 10874 10875 10880)
4(10719 10880 10881 10720)
4(10880 10875 10876 10881)
4(10716 10721 10882 10877)
4(1703 3405 10882 10721)
4(3405 6081 10877 10882)
4(10717 10722 10883 10878)
4(10721 10882 10883 10722)
4(10882 10877 10878 10883)
4(10718 10723 10884 10879)
4(10722 10883 10884 10723)
4(10883 10878 10879 10884)
4(10719 10724 10885 10880)
4(10723 10884 10885 10724)
4(10884 10879 10880 10885)
4(10724 10885 10886 10725)
4(10885 10880 10881 10886)
4(10721 10726 10887 10882)
4(3433 6082 10887 10726)
4(6082 3405 10882 10887)
4(10722 10727 10888 10883)
4(10726 10887 10888 10727)
4(10887 10882 10883 10888)
4(10723 10728 10889 10884)
4(10727 10888 10889 10728)
4(10888 10883 10884 10889)
4(10724 10729 10890 10885)
4(10728 10889 10890 10729)
4(10889 10884 10885 10890)
4(10729 10890 10891 10730)
4(10890 10885 10886 10891)
4(10726 10731 10892 10887)
4(1704 3408 10892 10731)
4(3408 6082 10887 10892)
4(10727 10732 10893 10888)
4(10731 10892 10893 10732)
4(10892 10887 10888 10893)
4(10728 10733 10894 10889)
4(10732 10893 10894 10733)
4(10893 10888 10889 10894)
4(10729 10734 10895 10890)
4(10733 10894 10895 10734)
4(10894 10889 10890 10895)
4(10734 10895 10896 10735)
4(10895 10890 10891 10896)
4(10731 10736 10897 10892)
4(3436 6083 10897 10736)
4(6083 3408 10892 10897)
4(10732 10737 10898 10893)
4(10736 10897 10898 10737)
4(10897 10892 10893 10898)
4(10733 10738 10899 10894)
4(10737 10898 10899 10738)
4(10898 10893 10894 10899)
4(10734 10739 10900 10895)
4(10738 10899 10900 10739)
4(10899 10894 10895 10900)
4(10739 10900 10901 10740)
4(10900 10895 10896 10901)
4(10736 10741 10902 10897)
4(1705 3411 10902 10741)
4(3411 6083 10897 10902)
4(10737 10742 10903 10898)
4(10741 10902 10903 10742)
4(10902 10897 10898 10903)
4(10738 10743 10904 10899)
4(10742 10903 10904 10743)
4(10903 10898 10899 10904)
4(10739 10744 10905 10900)
4(10743 10904 10905 10744)
4(10904 10899 10900 10905)
4(10744 10905 10906 10745)
4(10905 10900 10901 10906)
4(10741 10746 10907 10902)
4(3439 6084 10907 10746)
4(6084 3411 10902 10907)
4(10742 10747 10908 10903)
4(10746 10907 10908 10747)
4(10907 10902 10903 10908)
4(10743 10748 10909 10904)
4(10747 10908 10909 10748)
4(10908 10903 10904 10909)
4(10744 10749 10910 10905)
4(10748 10909 10910 10749)
4(10909 10904 10905 10910)
4(10749 10910 10911 10750)
4(10910 10905 10906 10911)
4(10746 10751 10912 10907)
4(1706 3414 10912 10751)
4(3414 6084 10907 10912)
4(10747 10752 10913 10908)
4(10751 10912 10913 10752)
4(10912 10907 10908 10913)
4(10748 10753 10914 10909)
4(10752 10913 10914 10753)
4(10913 10908 10909 10914)
4(10749 10754 10915 10910)
4(10753 10914 10915 10754)
4(10914 10909 10910 10915)
4(10754 10915 10916 10755)
4(10915 10910 10911 10916)
4(10751 10756 10917 10912)
4(3442 6085 10917 10756)
4(6085 3414 10912 10917)
4(10752 10757 10918 10913)
4(10756 10917 10918 10757)
4(10917 10912 10913 10918)
4(10753 10758 10919 10914)
4(10757 10918 10919 10758)
4(10918 10913 10914 10919)
4(10754 10759 10920 10915)
4(10758 10919 10920 10759)
4(10919 10914 10915 10920)
4(10759 10920 10921 10760)
4(10920 10915 10916 10921)
4(10756 10761 10922 10917)
4(1707 3417 10922 10761)
4(3417 6085 10917 10922)
4(10757 10762 10923 10918)
4(10761 10922 10923 10762)
4(10922 10917 10918 10923)
4(10758 10763 10924 10919)
4(10762 10923 10924 10763)
4(10923 10918 10919 10924)
4(10759 10764 10925 10920)
4(10763 10924 10925 10764)
4(10924 10919 10920 10925)
4(10764 10925 10926 10765)
4(10925 10920 10921 10926)
4(10761 10766 10927 10922)
4(3445 6086 10927 10766)
4(6086 3417 10922 10927)
4(10762 10767 10928 10923)
4(10766 10927 10928 10767)
4(10927 10922 10923 10928)
4(10763 10768 10929 10924)
4(10767 10928 10929 10768)
4(10928 10923 10924 10929)
4(10764 10769 10930 10925)
4(10768 10929 10930 10769)
4(10929 10924 10925 10930)
4(10769 10930 10931 10770)
4(10930 10925 10926 10931)
4(10766 10771 10932 10927)
4(1708 3420 10932 10771)
4(3420 6086 10927 10932)
4(10767 10772 10933 10928)
4(10771 10932 10933 10772)
4(10932 10927 10928 10933)
4(10768 10773 10934 10929)
4(10772 10933 10934 10773)
4(10933 10928 10929 10934)
4(10769 10774 10935 10930)
4(10773 10934 10935 10774)
4(10934 10929 10930 10935)
4(10774 10935 10936 10775)
4(10935 10930 10931 10936)
4(10772 10776 10937 10933)
4(3448 6087 10937 10776)
5(6087 3420 10932 10933 10937)
4(10773 10777 10938 10934)
4(10776 10937 10938 10777)
4(10937 10933 10934 10938)
4(10774 10778 10939 10935)
4(10777 10938 10939 10778)
4(10938 10934 10935 10939)
4(10778 10939 10940 10779)
4(10939 10935 10936 10940)
4(10777 10781 10784 10938)
5(3423 6087 10937 10938 10784)
4(10778 10782 10785 10939)
4(10784 10938 10939 10785)
4(10785 10939 10940 10786)
4(10784 10787 10942 10938)
5(1699 3419 10941 10942 10787)
4(3419 6087 10937 10941)
4(10941 10937 10938 10942)
4(10785 10788 10943 10939)
4(10787 10942 10943 10788)
4(10942 10938 10939 10943)
4(10788 10943 10944 10789)
4(10943 10939 10940 10944)
4(10787 10790 10946 10942)
5(3394 6088 10945 10946 10790)
4(6088 3419 10941 10945)
4(10945 10941 10942 10946)
4(10788 10791 10947 10943)
4(10790 10946 10947 10791)
4(10946 10942 10943 10947)
4(10791 10947 10948 10792)
4(10947 10943 10944 10948)
4(10790 10793 10950 10946)
5(1689 3390 10949 10950 10793)
4(3390 6088 10945 10949)
4(10949 10945 10946 10950)
4(10791 10794 10951 10947)
4(10793 10950 10951 10794)
4(10950 10946 10947 10951)
4(10794 10951 10952 10795)
4(10951 10947 10948 10952)
4(10793 10796 10954 10950)
5(3365 6089 10953 10954 10796)
4(6089 3390 10949 10953)
4(10953 10949 10950 10954)
4(10794 10797 10955 10951)
4(10796 10954 10955 10797)
4(10954 10950 10951 10955)
4(10797 10955 10956 10798)
4(10955 10951 10952 10956)
4(10796 10799 10958 10954)
5(1679 3361 10957 10958 10799)
4(3361 6089 10953 10957)
4(10957 10953 10954 10958)
4(10797 10800 10959 10955)
4(10799 10958 10959 10800)
4(10958 10954 10955 10959)
4(10800 10959 10960 10801)
4(10959 10955 10956 10960)
4(10799 10802 10962 10958)
5(3336 6090 10961 10962 10802)
4(6090 3361 10957 10961)
4(10961 10957 10958 10962)
4(10800 10803 10963 10959)
4(10802 10962 10963 10803)
4(10962 10958 10959 10963)
4(10803 10963 10964 10804)
4(10963 10959 10960 10964)
4(10802 10807 10966 10962)
5(1669 3332 10965 10966 10807)
4(3332 6090 10961 10965)
4(10965 10961 10962 10966)
4(10803 10808 10967 10963)
4(10807 10966 10967 10808)
4(10966 10962 10963 10967)
4(10808 10967 10968 10809)
4(10967 10963 10964 10968)
4(10807 10812 10970 10966)
5(3307 6091 10969 10970 10812)
4(6091 3332 10965 10969)
4(10969 10965 10966 10970)
4(10808 10813 10971 10967)
4(10812 10970 10971 10813)
4(10970 10966 10967 10971)
4(10813 10971 10972 10814)
4(10971 10967 10968 10972)
4(10812 10815 10974 10970)
5(1659 3303 10973 10974 10815)
4(3303 6091 10969 10973)
4(10973 10969 10970 10974)
4(10813 10816 10975 10971)
4(10815 10974 10975 10816)
4(10974 10970 10971 10975)
4(10816 10975 10976 10817)
4(10975 10971 10972 10976)
4(10815 10818 10978 10974)
5(3278 6092 10977 10978 10818)
4(6092 3303 10973 10977)
4(10977 10973 10974 10978)
4(10816 10819 10979 10975)
4(10818 10978 10979 10819)
4(10978 10974 10975 10979)
4(10819 10979 10980 10820)
4(10979 10975 10976 10980)
4(10818 10821 10982 10978)
5(1649 3274 10981 10982 10821)
4(3274 6092 10977 10981)
4(10981 10977 10978 10982)
4(10819 10822 10983 10979)
4(10821 10982 10983 10822)
4(10982 10978 10979 10983)
4(10822 10983 10984 10823)
4(10983 10979 10980 10984)
4(10821 10824 10985 10982)
4(3249 6093 10985 10824)
5(6093 3274 10981 10982 10985)
4(10822 10825 10986 10983)
4(10824 10985 10986 10825)
4(10985 10982 10983 10986)
4(10825 10986 10987 10826)
4(10986 10983 10984 10987)
4(10825 10827 10989 10986)
5(1639 3245 10988 10989 10827)
4(3245 6093 10985 10988)
4(10988 10985 10986 10989)
4(10827 10989 10990 10828)
4(10989 10986 10987 10990)
4(10827 10829 10992 10989)
5(3220 6094 10991 10992 10829)
4(6094 3245 10988 10991)
4(10991 10988 10989 10992)
4(10829 10992 10993 10830)
4(10992 10989 10990 10993)
4(10829 10831 10833 10992)
5(3216 6094 10991 10992 10833)
4(10833 10992 10993 10834)
4(10833 10835 10995 10992)
5(1628 3217 10994 10995 10835)
4(3217 6094 10991 10994)
4(10994 10991 10992 10995)
4(10835 10995 10996 10836)
4(10995 10992 10993 10996)
4(10835 10837 10998 10995)
5(3213 6095 10997 10998 10837)
4(6095 3217 10994 10997)
4(10997 10994 10995 10998)
4(10837 10998 10999 10838)
4(10998 10995 10996 10999)
4(10837 10839 11001 10998)
5(1627 3214 11000 11001 10839)
4(3214 6095 10997 11000)
4(11000 10997 10998 11001)
4(10839 11001 11002 10840)
4(11001 10998 10999 11002)
4(10839 10841 11004 11001)
5(3210 6096 11003 11004 10841)
4(6096 3214 11000 11003)
4(11003 11000 11001 11004)
4(10841 11004 11005 10842)
4(11004 11001 11002 11005)
4(10841 10843 11007 11004)
5(1626 3211 11006 11007 10843)
4(3211 6096 11003 11006)
4(11006 11003 11004 11007)
4(10843 11007 11008 10844)
4(11007 11004 11005 11008)
4(10843 10845 11010 11007)
5(3207 6097 11009 11010 10845)
4(6097 3211 11006 11009)
4(11009 11006 11007 11010)
4(10845 11010 11011 10846)
4(11010 11007 11008 11011)
4(10845 10851 11013 11010)
4(1625 3208 11012 10850)
4(10850 11012 11013 10851)
4(3208 6097 11009 11012)
4(11012 11009 11010 11013)
4(10851 11013 11014 10852)
4(11013 11010 11011 11014)
5(6876 11012 10850 10847 6864)
4(6098 3208 11012 6876)
4(3209 4921 6864 10847)
5(6877 11013 10851 10848 6865)
4(6876 11012 11013 6877)
4(10847 6864 6865 10848)
4(6877 11013 11014 6878)
4(10848 6865 6866 10849)
4(6871 8387 11016 6874)
5(3202 6099 11015 11016 8387)
4(6099 3205 6873 11015)
4(11015 6873 6874 11016)
4(8387 11016 11017 8388)
4(11016 6874 6875 11017)
4(8387 10853 11019 11016)
5(1623 3203 11018 11019 10853)
4(3203 6099 11015 11018)
4(11018 11015 11016 11019)
4(10853 11019 11020 10854)
4(11019 11016 11017 11020)
4(10853 10855 11022 11019)
5(3199 6100 11021 11022 10855)
4(6100 3203 11018 11021)
4(11021 11018 11019 11022)
4(10855 11022 11023 10856)
4(11022 11019 11020 11023)
4(10855 10857 11025 11022)
5(1622 3200 11024 11025 10857)
4(3200 6100 11021 11024)
4(11024 11021 11022 11025)
4(10857 11025 11026 10858)
4(11025 11022 11023 11026)
4(10857 10859 11028 11025)
5(3196 6101 11027 11028 10859)
4(6101 3200 11024 11027)
4(11027 11024 11025 11028)
4(10859 11028 11029 10860)
4(11028 11025 11026 11029)
4(10859 10861 11031 11028)
5(1621 3197 11030 11031 10861)
4(3197 6101 11027 11030)
4(11030 11027 11028 11031)
4(10861 11031 11032 10862)
4(11031 11028 11029 11032)
4(10861 10863 11034 11031)
4(6102 3197 11030 11033)
4(11033 11030 11031 11034)
5(2765 6102 11033 11034 10863)
4(11034 11031 11032 11035)
4(10863 11034 11035 10864)
4(10868 10866 11037 11039)
4(3399 1691 11036 10865)
4(10865 11036 11037 10866)
5(1691 2807 11039 11037 11036)
4(2807 6079 10868 11039)
4(10866 11037 11038 10867)
4(11037 11039 11040 11038)
4(11039 10868 10869 11040)
4(10865 10870 11042 11036)
5(6080 3398 11041 11042 10870)
5(3398 1691 11036 11042 11041)
4(10866 10871 11043 11037)
4(10870 11042 11043 10871)
4(11042 11036 11037 11043)
4(10871 11043 11044 10872)
4(11043 11037 11038 11044)
4(10870 10874 11046 11042)
4(3402 1692 11045 10873)
4(10873 11045 11046 10874)
4(1692 3398 11041 11045)
4(11045 11041 11042 11046)
4(10871 10875 11047 11043)
4(10874 11046 11047 10875)
4(11046 11042 11043 11047)
4(10875 11047 11048 10876)
4(11047 11043 11044 11048)
4(10873 10878 11050 11045)
4(6081 3401 11049 10877)
4(10877 11049 11050 10878)
5(3401 1692 11045 11050 11049)
4(10874 10879 11051 11046)
4(10878 11050 11051 10879)
4(11050 11045 11046 11051)
4(10875 10880 11052 11047)
4(10879 11051 11052 10880)
4(11051 11046 11047 11052)
4(10880 11052 11053 10881)
4(11052 11047 11048 11053)
4(10877 10882 11054 11049)
4(3405 1693 11054 10882)
4(1693 3401 11049 11054)
4(10878 10883 11055 11050)
4(10882 11054 11055 10883)
4(11054 11049 11050 11055)
4(10879 10884 11056 11051)
4(10883 11055 11056 10884)
4(11055 11050 11051 11056)
4(10880 10885 11057 11052)
4(10884 11056 11057 10885)
4(11056 11051 11052 11057)
4(10885 11057 11058 10886)
4(11057 11052 11053 11058)
4(10882 10887 11059 11054)
4(6082 3404 11059 10887)
4(3404 1693 11054 11059)
4(10883 10888 11060 11055)
4(10887 11059 11060 10888)
4(11059 11054 11055 11060)
4(10884 10889 11061 11056)
4(10888 11060 11061 10889)
4(11060 11055 11056 11061)
4(10885 10890 11062 11057)
4(10889 11061 11062 10890)
4(11061 11056 11057 11062)
4(10890 11062 11063 10891)
4(11062 11057 11058 11063)
4(10887 10892 11064 11059)
4(3408 1694 11064 10892)
4(1694 3404 11059 11064)
4(10888 10893 11065 11060)
4(10892 11064 11065 10893)
4(11064 11059 11060 11065)
4(10889 10894 11066 11061)
4(10893 11065 11066 10894)
4(11065 11060 11061 11066)
4(10890 10895 11067 11062)
4(10894 11066 11067 10895)
4(11066 11061 11062 11067)
4(10895 11067 11068 10896)
4(11067 11062 11063 11068)
4(10892 10897 11069 11064)
4(6083 3407 11069 10897)
4(3407 1694 11064 11069)
4(10893 10898 11070 11065)
4(10897 11069 11070 10898)
4(11069 11064 11065 11070)
4(10894 10899 11071 11066)
4(10898 11070 11071 10899)
4(11070 11065 11066 11071)
4(10895 10900 11072 11067)
4(10899 11071 11072 10900)
4(11071 11066 11067 11072)
4(10900 11072 11073 10901)
4(11072 11067 11068 11073)
4(10897 10902 11074 11069)
4(3411 1695 11074 10902)
4(1695 3407 11069 11074)
4(10898 10903 11075 11070)
4(10902 11074 11075 10903)
4(11074 11069 11070 11075)
4(10899 10904 11076 11071)
4(10903 11075 11076 10904)
4(11075 11070 11071 11076)
4(10900 10905 11077 11072)
4(10904 11076 11077 10905)
4(11076 11071 11072 11077)
4(10905 11077 11078 10906)
4(11077 11072 11073 11078)
4(10902 10907 11079 11074)
4(6084 3410 11079 10907)
4(3410 1695 11074 11079)
4(10903 10908 11080 11075)
4(10907 11079 11080 10908)
4(11079 11074 11075 11080)
4(10904 10909 11081 11076)
4(10908 11080 11081 10909)
4(11080 11075 11076 11081)
4(10905 10910 11082 11077)
4(10909 11081 11082 10910)
4(11081 11076 11077 11082)
4(10910 11082 11083 10911)
4(11082 11077 11078 11083)
4(10907 10912 11084 11079)
4(3414 1696 11084 10912)
4(1696 3410 11079 11084)
4(10908 10913 11085 11080)
4(10912 11084 11085 10913)
4(11084 11079 11080 11085)
4(10909 10914 11086 11081)
4(10913 11085 11086 10914)
4(11085 11080 11081 11086)
4(10910 10915 11087 11082)
4(10914 11086 11087 10915)
4(11086 11081 11082 11087)
4(10915 11087 11088 10916)
4(11087 11082 11083 11088)
4(10912 10917 11089 11084)
4(6085 3413 11089 10917)
4(3413 1696 11084 11089)
4(10913 10918 11090 11085)
4(10917 11089 11090 10918)
4(11089 11084 11085 11090)
4(10914 10919 11091 11086)
4(10918 11090 11091 10919)
4(11090 11085 11086 11091)
4(10915 10920 11092 11087)
4(10919 11091 11092 10920)
4(11091 11086 11087 11092)
4(10920 11092 11093 10921)
4(11092 11087 11088 11093)
4(10917 10922 11094 11089)
4(3417 1697 11094 10922)
4(1697 3413 11089 11094)
4(10918 10923 11095 11090)
4(10922 11094 11095 10923)
4(11094 11089 11090 11095)
4(10919 10924 11096 11091)
4(10923 11095 11096 10924)
4(11095 11090 11091 11096)
4(10920 10925 11097 11092)
4(10924 11096 11097 10925)
4(11096 11091 11092 11097)
4(10925 11097 11098 10926)
4(11097 11092 11093 11098)
4(10922 10927 11099 11094)
4(6086 3416 11099 10927)
4(3416 1697 11094 11099)
4(10923 10928 11100 11095)
4(10927 11099 11100 10928)
4(11099 11094 11095 11100)
4(10924 10929 11101 11096)
4(10928 11100 11101 10929)
4(11100 11095 11096 11101)
4(10925 10930 11102 11097)
4(10929 11101 11102 10930)
4(11101 11096 11097 11102)
4(10930 11102 11103 10931)
4(11102 11097 11098 11103)
4(10927 10932 11104 11099)
4(3420 1698 11104 10932)
4(1698 3416 11099 11104)
4(10928 10933 11105 11100)
4(10932 11104 11105 10933)
4(11104 11099 11100 11105)
4(10929 10934 11106 11101)
4(10933 11105 11106 10934)
4(11105 11100 11101 11106)
4(10930 10935 11107 11102)
4(10934 11106 11107 10935)
4(11106 11101 11102 11107)
4(10935 11107 11108 10936)
4(11107 11102 11103 11108)
4(10933 10937 10941 11105)
5(3419 1698 11104 11105 10941)
4(10934 10938 10942 11106)
4(10941 11105 11106 10942)
4(10935 10939 10943 11107)
4(10942 11106 11107 10943)
4(10943 11107 11108 10944)
4(10941 10945 11110 11105)
5(6088 3391 11109 11110 10945)
4(3391 1698 11104 11109)
4(11109 11104 11105 11110)
4(10942 10946 11111 11106)
4(10945 11110 11111 10946)
4(11110 11105 11106 11111)
4(10943 10947 11112 11107)
4(10946 11111 11112 10947)
4(11111 11106 11107 11112)
4(10947 11112 11113 10948)
4(11112 11107 11108 11113)
4(10945 10949 11115 11110)
5(3390 1688 11114 11115 10949)
4(1688 3391 11109 11114)
4(11114 11109 11110 11115)
4(10946 10950 11116 11111)
4(10949 11115 11116 10950)
4(11115 11110 11111 11116)
4(10947 10951 11117 11112)
4(10950 11116 11117 10951)
4(11116 11111 11112 11117)
4(10951 11117 11118 10952)
4(11117 11112 11113 11118)
4(10949 10953 11120 11115)
5(6089 3362 11119 11120 10953)
4(3362 1688 11114 11119)
4(11119 11114 11115 11120)
4(10950 10954 11121 11116)
4(10953 11120 11121 10954)
4(11120 11115 11116 11121)
4(10951 10955 11122 11117)
4(10954 11121 11122 10955)
4(11121 11116 11117 11122)
4(10955 11122 11123 10956)
4(11122 11117 11118 11123)
4(10953 10957 11125 11120)
5(3361 1678 11124 11125 10957)
4(1678 3362 11119 11124)
4(11124 11119 11120 11125)
4(10954 10958 11126 11121)
4(10957 11125 11126 10958)
4(11125 11120 11121 11126)
4(10955 10959 11127 11122)
4(10958 11126 11127 10959)
4(11126 11121 11122 11127)
4(10959 11127 11128 10960)
4(11127 11122 11123 11128)
4(10957 10961 11130 11125)
5(6090 3333 11129 11130 10961)
4(3333 1678 11124 11129)
4(11129 11124 11125 11130)
4(10958 10962 11131 11126)
4(10961 11130 11131 10962)
4(11130 11125 11126 11131)
4(10959 10963 11132 11127)
4(10962 11131 11132 10963)
4(11131 11126 11127 11132)
4(10963 11132 11133 10964)
4(11132 11127 11128 11133)
4(10961 10965 11135 11130)
5(3332 1668 11134 11135 10965)
4(1668 3333 11129 11134)
4(11134 11129 11130 11135)
4(10962 10966 11136 11131)
4(10965 11135 11136 10966)
4(11135 11130 11131 11136)
4(10963 10967 11137 11132)
4(10966 11136 11137 10967)
4(11136 11131 11132 11137)
4(10967 11137 11138 10968)
4(11137 11132 11133 11138)
4(10965 10969 11140 11135)
5(6091 3304 11139 11140 10969)
4(3304 1668 11134 11139)
4(11139 11134 11135 11140)
4(10966 10970 11141 11136)
4(10969 11140 11141 10970)
4(11140 11135 11136 11141)
4(10967 10971 11142 11137)
4(10970 11141 11142 10971)
4(11141 11136 11137 11142)
4(10971 11142 11143 10972)
4(11142 11137 11138 11143)
4(10969 10973 11145 11140)
5(3303 1658 11144 11145 10973)
4(1658 3304 11139 11144)
4(11144 11139 11140 11145)
4(10970 10974 11146 11141)
4(10973 11145 11146 10974)
4(11145 11140 11141 11146)
4(10971 10975 11147 11142)
4(10974 11146 11147 10975)
4(11146 11141 11142 11147)
4(10975 11147 11148 10976)
4(11147 11142 11143 11148)
4(10973 10977 11150 11145)
5(6092 3275 11149 11150 10977)
4(3275 1658 11144 11149)
4(11149 11144 11145 11150)
4(10974 10978 11151 11146)
4(10977 11150 11151 10978)
4(11150 11145 11146 11151)
4(10975 10979 11152 11147)
4(10978 11151 11152 10979)
4(11151 11146 11147 11152)
4(10979 11152 11153 10980)
4(11152 11147 11148 11153)
4(10977 10981 11154 11150)
4(3274 1648 11154 10981)
5(1648 3275 11149 11150 11154)
4(10978 10982 11155 11151)
4(10981 11154 11155 10982)
4(11154 11150 11151 11155)
4(10979 10983 11156 11152)
4(10982 11155 11156 10983)
4(11155 11151 11152 11156)
4(10983 11156 11157 10984)
4(11156 11152 11153 11157)
4(10982 10985 11159 11155)
5(6093 3246 11158 11159 10985)
4(3246 1648 11154 11158)
4(11158 11154 11155 11159)
4(10983 10986 11160 11156)
4(10985 11159 11160 10986)
4(11159 11155 11156 11160)
4(10986 11160 11161 10987)
4(11160 11156 11157 11161)
4(10985 10988 11163 11159)
5(3245 1638 11162 11163 10988)
4(1638 3246 11158 11162)
4(11162 11158 11159 11163)
4(10986 10989 11164 11160)
4(10988 11163 11164 10989)
4(11163 11159 11160 11164)
4(10989 11164 11165 10990)
4(11164 11160 11161 11165)
4(10988 10991 10994 11163)
5(3217 1638 11162 11163 10994)
4(10989 10992 10995 11164)
4(10994 11163 11164 10995)
4(10995 11164 11165 10996)
4(10994 10997 11167 11163)
5(6095 3242 11166 11167 10997)
4(3242 1638 11162 11166)
4(11166 11162 11163 11167)
4(10995 10998 11168 11164)
4(10997 11167 11168 10998)
4(11167 11163 11164 11168)
4(10998 11168 11169 10999)
4(11168 11164 11165 11169)
4(10997 11000 11171 11167)
5(3214 1637 11170 11171 11000)
4(1637 3242 11166 11170)
4(11170 11166 11167 11171)
4(10998 11001 11172 11168)
4(11000 11171 11172 11001)
4(11171 11167 11168 11172)
4(11001 11172 11173 11002)
4(11172 11168 11169 11173)
4(11000 11003 11175 11171)
5(6096 3239 11174 11175 11003)
4(3239 1637 11170 11174)
4(11174 11170 11171 11175)
4(11001 11004 11176 11172)
4(11003 11175 11176 11004)
4(11175 11171 11172 11176)
4(11004 11176 11177 11005)
4(11176 11172 11173 11177)
4(11003 11006 11179 11175)
5(3211 1636 11178 11179 11006)
4(1636 3239 11174 11178)
4(11178 11174 11175 11179)
4(11004 11007 11180 11176)
4(11006 11179 11180 11007)
4(11179 11175 11176 11180)
4(11007 11180 11181 11008)
4(11180 11176 11177 11181)
4(11006 11009 11183 11179)
5(6097 3236 11182 11183 11009)
4(3236 1636 11178 11182)
4(11182 11178 11179 11183)
4(11007 11010 11184 11180)
4(11009 11183 11184 11010)
4(11183 11179 11180 11184)
4(11010 11184 11185 11011)
4(11184 11180 11181 11185)
4(11009 11012 11187 11183)
5(3208 1635 11186 11187 11012)
4(1635 3236 11182 11186)
4(11186 11182 11183 11187)
4(11010 11013 11188 11184)
4(11012 11187 11188 11013)
4(11187 11183 11184 11188)
4(11013 11188 11189 11014)
4(11188 11184 11185 11189)
4(11012 6876 11191 11187)
5(6098 3233 11190 11191 6876)
4(3233 1635 11186 11190)
4(11190 11186 11187 11191)
4(11013 6877 11192 11188)
4(6876 11191 11192 6877)
4(11191 11187 11188 11192)
4(6877 11192 11193 6878)
4(11192 11188 11189 11193)
4(6876 6873 11195 11191)
5(3205 1634 11194 11195 6873)
4(1634 3233 11190 11194)
4(11194 11190 11191 11195)
4(6877 6874 11196 11192)
4(6873 11195 11196 6874)
4(11195 11191 11192 11196)
4(6874 11196 11197 6875)
4(11196 11192 11193 11197)
4(6873 11015 11199 11195)
5(6099 3230 11198 11199 11015)
4(3230 1634 11194 11198)
4(11198 11194 11195 11199)
4(6874 11016 11200 11196)
4(11015 11199 11200 11016)
4(11199 11195 11196 11200)
4(11016 11200 11201 11017)
4(11200 11196 11197 11201)
4(11015 11018 11203 11199)
5(3203 1633 11202 11203 11018)
4(1633 3230 11198 11202)
4(11202 11198 11199 11203)
4(11016 11019 11204 11200)
4(11018 11203 11204 11019)
4(11203 11199 11200 11204)
4(11019 11204 11205 11020)
4(11204 11200 11201 11205)
4(11018 11021 11207 11203)
5(6100 3227 11206 11207 11021)
4(3227 1633 11202 11206)
4(11206 11202 11203 11207)
4(11019 11022 11208 11204)
4(11021 11207 11208 11022)
4(11207 11203 11204 11208)
4(11022 11208 11209 11023)
4(11208 11204 11205 11209)
4(11021 11024 11211 11207)
5(3200 1632 11210 11211 11024)
4(1632 3227 11206 11210)
4(11210 11206 11207 11211)
4(11022 11025 11212 11208)
4(11024 11211 11212 11025)
4(11211 11207 11208 11212)
4(11025 11212 11213 11026)
4(11212 11208 11209 11213)
4(11024 11027 11215 11211)
5(6101 3224 11214 11215 11027)
4(3224 1632 11210 11214)
4(11214 11210 11211 11215)
4(11025 11028 11216 11212)
4(11027 11215 11216 11028)
4(11215 11211 11212 11216)
4(11028 11216 11217 11029)
4(11216 11212 11213 11217)
4(11027 11030 11219 11215)
5(3197 1631 11218 11219 11030)
4(1631 3224 11214 11218)
4(11218 11214 11215 11219)
4(11028 11031 11220 11216)
4(11030 11219 11220 11031)
4(11219 11215 11216 11220)
4(11031 11220 11221 11032)
4(11220 11216 11217 11221)
4(11030 11033 11223 11219)
5(6102 2771 11222 11223 11033)
4(2771 1631 11218 11222)
4(11222 11218 11219 11223)
4(11031 11034 11224 11220)
4(11033 11223 11224 11034)
4(11223 11219 11220 11224)
4(11034 11224 11225 11035)
4(11224 11220 11221 11225)
4(11033 6861 6880 11223)
4(6102 6703 6861 11033)
4(6632 2771 11222 6879)
4(6879 11222 11223 6880)
5(6703 6632 6879 6880 6861)
4(11034 6862 6881 11224)
4(11033 6861 6862 11034)
4(6880 11223 11224 6881)
4(6861 6880 6881 6862)
4(11034 6862 6863 11035)
4(6881 11224 11225 6882)
4(6862 6881 6882 6863)
4(6105 2801 11228 11226)
4(11226 11228 11229 11227)
4(2801 6675 11229 11228)
4(6726 6105 11226 11227)
4(11226 11231 11234 11228)
5(6105 3370 11230 11231 11226)
5(1681 2801 11228 11234 11233)
4(3370 1681 11233 11230)
4(11230 11233 11234 11231)
4(11226 11231 11232 11227)
4(11234 11228 11229 11235)
4(11231 11234 11235 11232)
4(11226 11039 11037 11231)
4(1691 3370 11230 11036)
4(11036 11230 11231 11037)
4(6105 2807 11039 11226)
4(11037 11231 11232 11038)
4(11226 11039 11040 11227)
4(11036 11042 11237 11230)
4(3398 6106 11236 11041)
4(11041 11236 11237 11042)
5(6106 3370 11230 11237 11236)
4(11037 11043 11238 11231)
4(11042 11237 11238 11043)
4(11237 11230 11231 11238)
4(11043 11238 11239 11044)
4(11238 11231 11232 11239)
4(11041 11045 11241 11236)
5(1692 3373 11240 11241 11045)
5(3373 6106 11236 11241 11240)
4(11042 11046 11242 11237)
4(11045 11241 11242 11046)
4(11241 11236 11237 11242)
4(11043 11047 11243 11238)
4(11046 11242 11243 11047)
4(11242 11237 11238 11243)
4(11047 11243 11244 11048)
4(11243 11238 11239 11244)
4(11045 11050 11246 11241)
4(3401 6107 11245 11049)
4(11049 11245 11246 11050)
4(6107 3373 11240 11245)
4(11245 11240 11241 11246)
4(11046 11051 11247 11242)
4(11050 11246 11247 11051)
4(11246 11241 11242 11247)
4(11047 11052 11248 11243)
4(11051 11247 11248 11052)
4(11247 11242 11243 11248)
4(11052 11248 11249 11053)
4(11248 11243 11244 11249)
4(11049 11054 11250 11245)
4(1693 3376 11250 11054)
4(3376 6107 11245 11250)
4(11050 11055 11251 11246)
4(11054 11250 11251 11055)
4(11250 11245 11246 11251)
4(11051 11056 11252 11247)
4(11055 11251 11252 11056)
4(11251 11246 11247 11252)
4(11052 11057 11253 11248)
4(11056 11252 11253 11057)
4(11252 11247 11248 11253)
4(11057 11253 11254 11058)
4(11253 11248 11249 11254)
4(11054 11059 11255 11250)
4(3404 6108 11255 11059)
4(6108 3376 11250 11255)
4(11055 11060 11256 11251)
4(11059 11255 11256 11060)
4(11255 11250 11251 11256)
4(11056 11061 11257 11252)
4(11060 11256 11257 11061)
4(11256 11251 11252 11257)
4(11057 11062 11258 11253)
4(11061 11257 11258 11062)
4(11257 11252 11253 11258)
4(11062 11258 11259 11063)
4(11258 11253 11254 11259)
4(11059 11064 11260 11255)
4(1694 3379 11260 11064)
4(3379 6108 11255 11260)
4(11060 11065 11261 11256)
4(11064 11260 11261 11065)
4(11260 11255 11256 11261)
4(11061 11066 11262 11257)
4(11065 11261 11262 11066)
4(11261 11256 11257 11262)
4(11062 11067 11263 11258)
4(11066 11262 11263 11067)
4(11262 11257 11258 11263)
4(11067 11263 11264 11068)
4(11263 11258 11259 11264)
4(11064 11069 11265 11260)
4(3407 6109 11265 11069)
4(6109 3379 11260 11265)
4(11065 11070 11266 11261)
4(11069 11265 11266 11070)
4(11265 11260 11261 11266)
4(11066 11071 11267 11262)
4(11070 11266 11267 11071)
4(11266 11261 11262 11267)
4(11067 11072 11268 11263)
4(11071 11267 11268 11072)
4(11267 11262 11263 11268)
4(11072 11268 11269 11073)
4(11268 11263 11264 11269)
4(11069 11074 11270 11265)
4(1695 3382 11270 11074)
4(3382 6109 11265 11270)
4(11070 11075 11271 11266)
4(11074 11270 11271 11075)
4(11270 11265 11266 11271)
4(11071 11076 11272 11267)
4(11075 11271 11272 11076)
4(11271 11266 11267 11272)
4(11072 11077 11273 11268)
4(11076 11272 11273 11077)
4(11272 11267 11268 11273)
4(11077 11273 11274 11078)
4(11273 11268 11269 11274)
4(11074 11079 11275 11270)
4(3410 6110 11275 11079)
4(6110 3382 11270 11275)
4(11075 11080 11276 11271)
4(11079 11275 11276 11080)
4(11275 11270 11271 11276)
4(11076 11081 11277 11272)
4(11080 11276 11277 11081)
4(11276 11271 11272 11277)
4(11077 11082 11278 11273)
4(11081 11277 11278 11082)
4(11277 11272 11273 11278)
4(11082 11278 11279 11083)
4(11278 11273 11274 11279)
4(11079 11084 11280 11275)
4(1696 3385 11280 11084)
4(3385 6110 11275 11280)
4(11080 11085 11281 11276)
4(11084 11280 11281 11085)
4(11280 11275 11276 11281)
4(11081 11086 11282 11277)
4(11085 11281 11282 11086)
4(11281 11276 11277 11282)
4(11082 11087 11283 11278)
4(11086 11282 11283 11087)
4(11282 11277 11278 11283)
4(11087 11283 11284 11088)
4(11283 11278 11279 11284)
4(11084 11089 11285 11280)
4(3413 6111 11285 11089)
4(6111 3385 11280 11285)
4(11085 11090 11286 11281)
4(11089 11285 11286 11090)
4(11285 11280 11281 11286)
4(11086 11091 11287 11282)
4(11090 11286 11287 11091)
4(11286 11281 11282 11287)
4(11087 11092 11288 11283)
4(11091 11287 11288 11092)
4(11287 11282 11283 11288)
4(11092 11288 11289 11093)
4(11288 11283 11284 11289)
4(11089 11094 11290 11285)
4(1697 3388 11290 11094)
4(3388 6111 11285 11290)
4(11090 11095 11291 11286)
4(11094 11290 11291 11095)
4(11290 11285 11286 11291)
4(11091 11096 11292 11287)
4(11095 11291 11292 11096)
4(11291 11286 11287 11292)
4(11092 11097 11293 11288)
4(11096 11292 11293 11097)
4(11292 11287 11288 11293)
4(11097 11293 11294 11098)
4(11293 11288 11289 11294)
4(11094 11099 11295 11290)
4(3416 6112 11295 11099)
4(6112 3388 11290 11295)
4(11095 11100 11296 11291)
4(11099 11295 11296 11100)
4(11295 11290 11291 11296)
4(11096 11101 11297 11292)
4(11100 11296 11297 11101)
4(11296 11291 11292 11297)
4(11097 11102 11298 11293)
4(11101 11297 11298 11102)
4(11297 11292 11293 11298)
4(11102 11298 11299 11103)
4(11298 11293 11294 11299)
4(11099 11104 11109 11295)
4(3391 6112 11295 11109)
4(11100 11105 11110 11296)
4(11109 11295 11296 11110)
4(11101 11106 11111 11297)
4(11110 11296 11297 11111)
4(11102 11107 11112 11298)
4(11111 11297 11298 11112)
4(11112 11298 11299 11113)
4(11109 11114 11300 11295)
4(1688 3387 11300 11114)
4(3387 6112 11295 11300)
4(11110 11115 11301 11296)
4(11114 11300 11301 11115)
4(11300 11295 11296 11301)
4(11111 11116 11302 11297)
4(11115 11301 11302 11116)
4(11301 11296 11297 11302)
4(11112 11117 11303 11298)
4(11116 11302 11303 11117)
4(11302 11297 11298 11303)
4(11117 11303 11304 11118)
4(11303 11298 11299 11304)
4(11114 11119 11305 11300)
4(3362 6113 11305 11119)
4(6113 3387 11300 11305)
4(11115 11120 11306 11301)
4(11119 11305 11306 11120)
4(11305 11300 11301 11306)
4(11116 11121 11307 11302)
4(11120 11306 11307 11121)
4(11306 11301 11302 11307)
4(11117 11122 11308 11303)
4(11121 11307 11308 11122)
4(11307 11302 11303 11308)
4(11122 11308 11309 11123)
4(11308 11303 11304 11309)
4(11119 11124 11310 11305)
4(1678 3358 11310 11124)
4(3358 6113 11305 11310)
4(11120 11125 11311 11306)
4(11124 11310 11311 11125)
4(11310 11305 11306 11311)
4(11121 11126 11312 11307)
4(11125 11311 11312 11126)
4(11311 11306 11307 11312)
4(11122 11127 11313 11308)
4(11126 11312 11313 11127)
4(11312 11307 11308 11313)
4(11127 11313 11314 11128)
4(11313 11308 11309 11314)
4(11124 11129 11315 11310)
4(3333 6114 11315 11129)
4(6114 3358 11310 11315)
4(11125 11130 11316 11311)
4(11129 11315 11316 11130)
4(11315 11310 11311 11316)
4(11126 11131 11317 11312)
4(11130 11316 11317 11131)
4(11316 11311 11312 11317)
4(11127 11132 11318 11313)
4(11131 11317 11318 11132)
4(11317 11312 11313 11318)
4(11132 11318 11319 11133)
4(11318 11313 11314 11319)
4(11129 11134 11320 11315)
4(1668 3329 11320 11134)
4(3329 6114 11315 11320)
4(11130 11135 11321 11316)
4(11134 11320 11321 11135)
4(11320 11315 11316 11321)
4(11131 11136 11322 11317)
4(11135 11321 11322 11136)
4(11321 11316 11317 11322)
4(11132 11137 11323 11318)
4(11136 11322 11323 11137)
4(11322 11317 11318 11323)
4(11137 11323 11324 11138)
4(11323 11318 11319 11324)
4(11134 11139 11325 11320)
4(3304 6115 11325 11139)
4(6115 3329 11320 11325)
4(11135 11140 11326 11321)
4(11139 11325 11326 11140)
4(11325 11320 11321 11326)
4(11136 11141 11327 11322)
4(11140 11326 11327 11141)
4(11326 11321 11322 11327)
4(11137 11142 11328 11323)
4(11141 11327 11328 11142)
4(11327 11322 11323 11328)
4(11142 11328 11329 11143)
4(11328 11323 11324 11329)
4(11139 11144 11330 11325)
4(1658 3300 11330 11144)
4(3300 6115 11325 11330)
4(11140 11145 11331 11326)
4(11144 11330 11331 11145)
4(11330 11325 11326 11331)
4(11141 11146 11332 11327)
4(11145 11331 11332 11146)
4(11331 11326 11327 11332)
4(11142 11147 11333 11328)
4(11146 11332 11333 11147)
4(11332 11327 11328 11333)
4(11147 11333 11334 11148)
4(11333 11328 11329 11334)
4(11144 11149 11335 11330)
4(3275 6116 11335 11149)
4(6116 3300 11330 11335)
4(11145 11150 11336 11331)
4(11149 11335 11336 11150)
4(11335 11330 11331 11336)
4(11146 11151 11337 11332)
4(11150 11336 11337 11151)
4(11336 11331 11332 11337)
4(11147 11152 11338 11333)
4(11151 11337 11338 11152)
4(11337 11332 11333 11338)
4(11152 11338 11339 11153)
4(11338 11333 11334 11339)
4(11150 11154 11341 11336)
5(1648 3271 11340 11341 11154)
4(3271 6116 11335 11340)
4(11340 11335 11336 11341)
4(11151 11155 11342 11337)
4(11154 11341 11342 11155)
4(11341 11336 11337 11342)
4(11152 11156 11343 11338)
4(11155 11342 11343 11156)
4(11342 11337 11338 11343)
4(11156 11343 11344 11157)
4(11343 11338 11339 11344)
4(11154 11158 11346 11341)
5(3246 6117 11345 11346 11158)
4(6117 3271 11340 11345)
4(11345 11340 11341 11346)
4(11155 11159 11347 11342)
4(11158 11346 11347 11159)
4(11346 11341 11342 11347)
4(11156 11160 11348 11343)
4(11159 11347 11348 11160)
4(11347 11342 11343 11348)
4(11160 11348 11349 11161)
4(11348 11343 11344 11349)
4(11158 11162 11166 11346)
5(3242 6117 11345 11346 11166)
4(11159 11163 11167 11347)
4(11166 11346 11347 11167)
4(11160 11164 11168 11348)
4(11167 11347 11348 11168)
4(11168 11348 11349 11169)
4(11166 11170 11351 11346)
5(1637 3243 11350 11351 11170)
4(3243 6117 11345 11350)
4(11350 11345 11346 11351)
4(11167 11171 11352 11347)
4(11170 11351 11352 11171)
4(11351 11346 11347 11352)
4(11168 11172 11353 11348)
4(11171 11352 11353 11172)
4(11352 11347 11348 11353)
4(11172 11353 11354 11173)
4(11353 11348 11349 11354)
4(11170 11174 11356 11351)
5(3239 6118 11355 11356 11174)
4(6118 3243 11350 11355)
4(11355 11350 11351 11356)
4(11171 11175 11357 11352)
4(11174 11356 11357 11175)
4(11356 11351 11352 11357)
4(11172 11176 11358 11353)
4(11175 11357 11358 11176)
4(11357 11352 11353 11358)
4(11176 11358 11359 11177)
4(11358 11353 11354 11359)
4(11174 11178 11361 11356)
5(1636 3240 11360 11361 11178)
4(3240 6118 11355 11360)
4(11360 11355 11356 11361)
4(11175 11179 11362 11357)
4(11178 11361 11362 11179)
4(11361 11356 11357 11362)
4(11176 11180 11363 11358)
4(11179 11362 11363 11180)
4(11362 11357 11358 11363)
4(11180 11363 11364 11181)
4(11363 11358 11359 11364)
4(11178 11182 11366 11361)
5(3236 6119 11365 11366 11182)
4(6119 3240 11360 11365)
4(11365 11360 11361 11366)
4(11179 11183 11367 11362)
4(11182 11366 11367 11183)
4(11366 11361 11362 11367)
4(11180 11184 11368 11363)
4(11183 11367 11368 11184)
4(11367 11362 11363 11368)
4(11184 11368 11369 11185)
4(11368 11363 11364 11369)
4(11182 11186 11371 11366)
5(1635 3237 11370 11371 11186)
4(3237 6119 11365 11370)
4(11370 11365 11366 11371)
4(11183 11187 11372 11367)
4(11186 11371 11372 11187)
4(11371 11366 11367 11372)
4(11184 11188 11373 11368)
4(11187 11372 11373 11188)
4(11372 11367 11368 11373)
4(11188 11373 11374 11189)
4(11373 11368 11369 11374)
4(11186 11190 11376 11371)
5(3233 6120 11375 11376 11190)
4(6120 3237 11370 11375)
4(11375 11370 11371 11376)
4(11187 11191 11377 11372)
4(11190 11376 11377 11191)
4(11376 11371 11372 11377)
4(11188 11192 11378 11373)
4(11191 11377 11378 11192)
4(11377 11372 11373 11378)
4(11192 11378 11379 11193)
4(11378 11373 11374 11379)
4(11190 11194 11381 11376)
5(1634 3234 11380 11381 11194)
4(3234 6120 11375 11380)
4(11380 11375 11376 11381)
4(11191 11195 11382 11377)
4(11194 11381 11382 11195)
4(11381 11376 11377 11382)
4(11192 11196 11383 11378)
4(11195 11382 11383 11196)
4(11382 11377 11378 11383)
4(11196 11383 11384 11197)
4(11383 11378 11379 11384)
4(11194 11198 11386 11381)
5(3230 6121 11385 11386 11198)
4(6121 3234 11380 11385)
4(11385 11380 11381 11386)
4(11195 11199 11387 11382)
4(11198 11386 11387 11199)
4(11386 11381 11382 11387)
4(11196 11200 11388 11383)
4(11199 11387 11388 11200)
4(11387 11382 11383 11388)
4(11200 11388 11389 11201)
4(11388 11383 11384 11389)
4(11198 11202 11391 11386)
5(1633 3231 11390 11391 11202)
4(3231 6121 11385 11390)
4(11390 11385 11386 11391)
4(11199 11203 11392 11387)
4(11202 11391 11392 11203)
4(11391 11386 11387 11392)
4(11200 11204 11393 11388)
4(11203 11392 11393 11204)
4(11392 11387 11388 11393)
4(11204 11393 11394 11205)
4(11393 11388 11389 11394)
4(11202 11206 11396 11391)
5(3227 6122 11395 11396 11206)
4(6122 3231 11390 11395)
4(11395 11390 11391 11396)
4(11203 11207 11397 11392)
4(11206 11396 11397 11207)
4(11396 11391 11392 11397)
4(11204 11208 11398 11393)
4(11207 11397 11398 11208)
4(11397 11392 11393 11398)
4(11208 11398 11399 11209)
4(11398 11393 11394 11399)
4(11206 11210 11401 11396)
5(1632 3228 11400 11401 11210)
4(3228 6122 11395 11400)
4(11400 11395 11396 11401)
4(11207 11211 11402 11397)
4(11210 11401 11402 11211)
4(11401 11396 11397 11402)
4(11208 11212 11403 11398)
4(11211 11402 11403 11212)
4(11402 11397 11398 11403)
4(11212 11403 11404 11213)
4(11403 11398 11399 11404)
4(11210 11214 11405 11401)
4(3224 6123 11405 11214)
5(6123 3228 11400 11401 11405)
4(11211 11215 11406 11402)
4(11214 11405 11406 11215)
4(11405 11401 11402 11406)
4(11212 11216 11407 11403)
4(11215 11406 11407 11216)
4(11406 11402 11403 11407)
4(11216 11407 11408 11217)
4(11407 11403 11404 11408)
4(11214 11218 11409 11405)
4(1631 3225 11409 11218)
4(3225 6123 11405 11409)
4(11215 11219 11410 11406)
4(11218 11409 11410 11219)
4(11409 11405 11406 11410)
4(11216 11220 11411 11407)
4(11219 11410 11411 11220)
4(11410 11406 11407 11411)
4(11220 11411 11412 11221)
4(11411 11407 11408 11412)
4(11218 11222 11413 11409)
4(6124 3225 11409 11413)
4(2771 6124 11413 11222)
4(11219 11223 11414 11410)
4(11413 11409 11410 11414)
4(11222 11413 11414 11223)
4(11220 11224 11415 11411)
4(11414 11410 11411 11415)
4(11223 11414 11415 11224)
4(11415 11411 11412 11416)
4(11224 11415 11416 11225)
4(11414 11417 11420 11410)
5(1641 3225 11409 11410 11420)
4(2777 1641 11420 11417)
5(6124 2777 11417 11414 11413)
4(11415 11418 11421 11411)
4(11420 11410 11411 11421)
4(11417 11420 11421 11418)
4(11414 11417 11418 11415)
4(11421 11411 11412 11422)
4(11418 11421 11422 11419)
4(11415 11418 11419 11416)
4(11424 11426 11428 11418)
5(6142 2777 11417 11418 11428)
5(6644 6711 11426 11424 11423)
4(2777 6644 11423 11417)
4(11417 11423 11424 11418)
4(6711 6142 11428 11426)
4(11428 11418 11419 11429)
4(11424 11426 11427 11425)
4(11418 11424 11425 11419)
4(11426 11428 11429 11427)
4(6127 2795 11432 11430)
4(11430 11432 11433 11431)
4(2795 6667 11433 11432)
4(6724 6127 11430 11431)
4(11430 11435 11438 11432)
5(6127 3341 11434 11435 11430)
5(1671 2795 11432 11438 11437)
4(3341 1671 11437 11434)
4(11434 11437 11438 11435)
4(11430 11435 11436 11431)
4(11438 11432 11433 11439)
4(11435 11438 11439 11436)
4(11430 11228 11234 11435)
4(1681 3341 11434 11233)
4(11233 11434 11435 11234)
4(6127 2801 11228 11430)
4(11234 11435 11436 11235)
4(11430 11228 11229 11431)
4(11233 11441 11445 11434)
5(1681 3369 11440 11441 11233)
5(6128 3341 11434 11445 11444)
4(3369 6128 11444 11440)
4(11440 11444 11445 11441)
4(11234 11442 11446 11435)
4(11233 11441 11442 11234)
4(11445 11434 11435 11446)
4(11441 11445 11446 11442)
4(11234 11442 11443 11235)
4(11446 11435 11436 11447)
4(11442 11446 11447 11443)
4(11233 11230 11237 11441)
4(6106 3369 11440 11236)
4(11236 11440 11441 11237)
4(11234 11231 11238 11442)
4(11237 11441 11442 11238)
4(11238 11442 11443 11239)
4(11236 11241 11449 11440)
4(3373 1682 11448 11240)
4(11240 11448 11449 11241)
5(1682 3369 11440 11449 11448)
4(11237 11242 11450 11441)
4(11241 11449 11450 11242)
4(11449 11440 11441 11450)
4(11238 11243 11451 11442)
4(11242 11450 11451 11243)
4(11450 11441 11442 11451)
4(11243 11451 11452 11244)
4(11451 11442 11443 11452)
4(11240 11245 11453 11448)
4(6107 3372 11453 11245)
4(3372 1682 11448 11453)
4(11241 11246 11454 11449)
4(11245 11453 11454 11246)
4(11453 11448 11449 11454)
4(11242 11247 11455 11450)
4(11246 11454 11455 11247)
4(11454 11449 11450 11455)
4(11243 11248 11456 11451)
4(11247 11455 11456 11248)
4(11455 11450 11451 11456)
4(11248 11456 11457 11249)
4(11456 11451 11452 11457)
4(11245 11250 11458 11453)
4(3376 1683 11458 11250)
4(1683 3372 11453 11458)
4(11246 11251 11459 11454)
4(11250 11458 11459 11251)
4(11458 11453 11454 11459)
4(11247 11252 11460 11455)
4(11251 11459 11460 11252)
4(11459 11454 11455 11460)
4(11248 11253 11461 11456)
4(11252 11460 11461 11253)
4(11460 11455 11456 11461)
4(11253 11461 11462 11254)
4(11461 11456 11457 11462)
4(11250 11255 11463 11458)
4(6108 3375 11463 11255)
4(3375 1683 11458 11463)
4(11251 11256 11464 11459)
4(11255 11463 11464 11256)
4(11463 11458 11459 11464)
4(11252 11257 11465 11460)
4(11256 11464 11465 11257)
4(11464 11459 11460 11465)
4(11253 11258 11466 11461)
4(11257 11465 11466 11258)
4(11465 11460 11461 11466)
4(11258 11466 11467 11259)
4(11466 11461 11462 11467)
4(11255 11260 11468 11463)
4(3379 1684 11468 11260)
4(1684 3375 11463 11468)
4(11256 11261 11469 11464)
4(11260 11468 11469 11261)
4(11468 11463 11464 11469)
4(11257 11262 11470 11465)
4(11261 11469 11470 11262)
4(11469 11464 11465 11470)
4(11258 11263 11471 11466)
4(11262 11470 11471 11263)
4(11470 11465 11466 11471)
4(11263 11471 11472 11264)
4(11471 11466 11467 11472)
4(11260 11265 11473 11468)
4(6109 3378 11473 11265)
4(3378 1684 11468 11473)
4(11261 11266 11474 11469)
4(11265 11473 11474 11266)
4(11473 11468 11469 11474)
4(11262 11267 11475 11470)
4(11266 11474 11475 11267)
4(11474 11469 11470 11475)
4(11263 11268 11476 11471)
4(11267 11475 11476 11268)
4(11475 11470 11471 11476)
4(11268 11476 11477 11269)
4(11476 11471 11472 11477)
4(11265 11270 11478 11473)
4(3382 1685 11478 11270)
4(1685 3378 11473 11478)
4(11266 11271 11479 11474)
4(11270 11478 11479 11271)
4(11478 11473 11474 11479)
4(11267 11272 11480 11475)
4(11271 11479 11480 11272)
4(11479 11474 11475 11480)
4(11268 11273 11481 11476)
4(11272 11480 11481 11273)
4(11480 11475 11476 11481)
4(11273 11481 11482 11274)
4(11481 11476 11477 11482)
4(11270 11275 11483 11478)
4(6110 3381 11483 11275)
4(3381 1685 11478 11483)
4(11271 11276 11484 11479)
4(11275 11483 11484 11276)
4(11483 11478 11479 11484)
4(11272 11277 11485 11480)
4(11276 11484 11485 11277)
4(11484 11479 11480 11485)
4(11273 11278 11486 11481)
4(11277 11485 11486 11278)
4(11485 11480 11481 11486)
4(11278 11486 11487 11279)
4(11486 11481 11482 11487)
4(11275 11280 11488 11483)
4(3385 1686 11488 11280)
4(1686 3381 11483 11488)
4(11276 11281 11489 11484)
4(11280 11488 11489 11281)
4(11488 11483 11484 11489)
4(11277 11282 11490 11485)
4(11281 11489 11490 11282)
4(11489 11484 11485 11490)
4(11278 11283 11491 11486)
4(11282 11490 11491 11283)
4(11490 11485 11486 11491)
4(11283 11491 11492 11284)
4(11491 11486 11487 11492)
4(11280 11285 11493 11488)
4(6111 3384 11493 11285)
4(3384 1686 11488 11493)
4(11281 11286 11494 11489)
4(11285 11493 11494 11286)
4(11493 11488 11489 11494)
4(11282 11287 11495 11490)
4(11286 11494 11495 11287)
4(11494 11489 11490 11495)
4(11283 11288 11496 11491)
4(11287 11495 11496 11288)
4(11495 11490 11491 11496)
4(11288 11496 11497 11289)
4(11496 11491 11492 11497)
4(11285 11290 11498 11493)
4(3388 1687 11498 11290)
4(1687 3384 11493 11498)
4(11286 11291 11499 11494)
4(11290 11498 11499 11291)
4(11498 11493 11494 11499)
4(11287 11292 11500 11495)
4(11291 11499 11500 11292)
4(11499 11494 11495 11500)
4(11288 11293 11501 11496)
4(11292 11500 11501 11293)
4(11500 11495 11496 11501)
4(11293 11501 11502 11294)
4(11501 11496 11497 11502)
4(11290 11295 11300 11498)
4(3387 1687 11498 11300)
4(11291 11296 11301 11499)
4(11300 11498 11499 11301)
4(11292 11297 11302 11500)
4(11301 11499 11500 11302)
4(11293 11298 11303 11501)
4(11302 11500 11501 11303)
4(11303 11501 11502 11304)
4(11300 11305 11503 11498)
4(6113 3359 11503 11305)
4(3359 1687 11498 11503)
4(11301 11306 11504 11499)
4(11305 11503 11504 11306)
4(11503 11498 11499 11504)
4(11302 11307 11505 11500)
4(11306 11504 11505 11307)
4(11504 11499 11500 11505)
4(11303 11308 11506 11501)
4(11307 11505 11506 11308)
4(11505 11500 11501 11506)
4(11308 11506 11507 11309)
4(11506 11501 11502 11507)
4(11305 11310 11508 11503)
4(3358 1677 11508 11310)
4(1677 3359 11503 11508)
4(11306 11311 11509 11504)
4(11310 11508 11509 11311)
4(11508 11503 11504 11509)
4(11307 11312 11510 11505)
4(11311 11509 11510 11312)
4(11509 11504 11505 11510)
4(11308 11313 11511 11506)
4(11312 11510 11511 11313)
4(11510 11505 11506 11511)
4(11313 11511 11512 11314)
4(11511 11506 11507 11512)
4(11310 11315 11513 11508)
4(6114 3330 11513 11315)
4(3330 1677 11508 11513)
4(11311 11316 11514 11509)
4(11315 11513 11514 11316)
4(11513 11508 11509 11514)
4(11312 11317 11515 11510)
4(11316 11514 11515 11317)
4(11514 11509 11510 11515)
4(11313 11318 11516 11511)
4(11317 11515 11516 11318)
4(11515 11510 11511 11516)
4(11318 11516 11517 11319)
4(11516 11511 11512 11517)
4(11315 11320 11518 11513)
4(3329 1667 11518 11320)
4(1667 3330 11513 11518)
4(11316 11321 11519 11514)
4(11320 11518 11519 11321)
4(11518 11513 11514 11519)
4(11317 11322 11520 11515)
4(11321 11519 11520 11322)
4(11519 11514 11515 11520)
4(11318 11323 11521 11516)
4(11322 11520 11521 11323)
4(11520 11515 11516 11521)
4(11323 11521 11522 11324)
4(11521 11516 11517 11522)
4(11320 11325 11523 11518)
4(6115 3301 11523 11325)
4(3301 1667 11518 11523)
4(11321 11326 11524 11519)
4(11325 11523 11524 11326)
4(11523 11518 11519 11524)
4(11322 11327 11525 11520)
4(11326 11524 11525 11327)
4(11524 11519 11520 11525)
4(11323 11328 11526 11521)
4(11327 11525 11526 11328)
4(11525 11520 11521 11526)
4(11328 11526 11527 11329)
4(11526 11521 11522 11527)
4(11325 11330 11528 11523)
4(3300 1657 11528 11330)
4(1657 3301 11523 11528)
4(11326 11331 11529 11524)
4(11330 11528 11529 11331)
4(11528 11523 11524 11529)
4(11327 11332 11530 11525)
4(11331 11529 11530 11332)
4(11529 11524 11525 11530)
4(11328 11333 11531 11526)
4(11332 11530 11531 11333)
4(11530 11525 11526 11531)
4(11333 11531 11532 11334)
4(11531 11526 11527 11532)
4(11330 11335 11533 11528)
4(6116 3272 11533 11335)
4(3272 1657 11528 11533)
4(11331 11336 11534 11529)
4(11335 11533 11534 11336)
4(11533 11528 11529 11534)
4(11332 11337 11535 11530)
4(11336 11534 11535 11337)
4(11534 11529 11530 11535)
4(11333 11338 11536 11531)
4(11337 11535 11536 11338)
4(11535 11530 11531 11536)
4(11338 11536 11537 11339)
4(11536 11531 11532 11537)
4(11335 11340 11538 11533)
4(3271 1647 11538 11340)
4(1647 3272 11533 11538)
4(11336 11341 11539 11534)
4(11340 11538 11539 11341)
4(11538 11533 11534 11539)
4(11337 11342 11540 11535)
4(11341 11539 11540 11342)
4(11539 11534 11535 11540)
4(11338 11343 11541 11536)
4(11342 11540 11541 11343)
4(11540 11535 11536 11541)
4(11343 11541 11542 11344)
4(11541 11536 11537 11542)
4(11340 11345 11350 11538)
4(3243 1647 11538 11350)
4(11341 11346 11351 11539)
4(11350 11538 11539 11351)
4(11342 11347 11352 11540)
4(11351 11539 11540 11352)
4(11343 11348 11353 11541)
4(11352 11540 11541 11353)
4(11353 11541 11542 11354)
4(11350 11355 11543 11538)
4(6118 3268 11543 11355)
4(3268 1647 11538 11543)
4(11351 11356 11544 11539)
4(11355 11543 11544 11356)
4(11543 11538 11539 11544)
4(11352 11357 11545 11540)
4(11356 11544 11545 11357)
4(11544 11539 11540 11545)
4(11353 11358 11546 11541)
4(11357 11545 11546 11358)
4(11545 11540 11541 11546)
4(11358 11546 11547 11359)
4(11546 11541 11542 11547)
4(11355 11360 11548 11543)
4(3240 1646 11548 11360)
4(1646 3268 11543 11548)
4(11356 11361 11549 11544)
4(11360 11548 11549 11361)
4(11548 11543 11544 11549)
4(11357 11362 11550 11545)
4(11361 11549 11550 11362)
4(11549 11544 11545 11550)
4(11358 11363 11551 11546)
4(11362 11550 11551 11363)
4(11550 11545 11546 11551)
4(11363 11551 11552 11364)
4(11551 11546 11547 11552)
4(11360 11365 11553 11548)
4(6119 3265 11553 11365)
4(3265 1646 11548 11553)
4(11361 11366 11554 11549)
4(11365 11553 11554 11366)
4(11553 11548 11549 11554)
4(11362 11367 11555 11550)
4(11366 11554 11555 11367)
4(11554 11549 11550 11555)
4(11363 11368 11556 11551)
4(11367 11555 11556 11368)
4(11555 11550 11551 11556)
4(11368 11556 11557 11369)
4(11556 11551 11552 11557)
4(11365 11370 11558 11553)
4(3237 1645 11558 11370)
4(1645 3265 11553 11558)
4(11366 11371 11559 11554)
4(11370 11558 11559 11371)
4(11558 11553 11554 11559)
4(11367 11372 11560 11555)
4(11371 11559 11560 11372)
4(11559 11554 11555 11560)
4(11368 11373 11561 11556)
4(11372 11560 11561 11373)
4(11560 11555 11556 11561)
4(11373 11561 11562 11374)
4(11561 11556 11557 11562)
4(11370 11375 11563 11558)
4(6120 3262 11563 11375)
4(3262 1645 11558 11563)
4(11371 11376 11564 11559)
4(11375 11563 11564 11376)
4(11563 11558 11559 11564)
4(11372 11377 11565 11560)
4(11376 11564 11565 11377)
4(11564 11559 11560 11565)
4(11373 11378 11566 11561)
4(11377 11565 11566 11378)
4(11565 11560 11561 11566)
4(11378 11566 11567 11379)
4(11566 11561 11562 11567)
4(11375 11380 11568 11563)
4(3234 1644 11568 11380)
4(1644 3262 11563 11568)
4(11376 11381 11569 11564)
4(11380 11568 11569 11381)
4(11568 11563 11564 11569)
4(11377 11382 11570 11565)
4(11381 11569 11570 11382)
4(11569 11564 11565 11570)
4(11378 11383 11571 11566)
4(11382 11570 11571 11383)
4(11570 11565 11566 11571)
4(11383 11571 11572 11384)
4(11571 11566 11567 11572)
4(11380 11385 11573 11568)
4(6121 3259 11573 11385)
4(3259 1644 11568 11573)
4(11381 11386 11574 11569)
4(11385 11573 11574 11386)
4(11573 11568 11569 11574)
4(11382 11387 11575 11570)
4(11386 11574 11575 11387)
4(11574 11569 11570 11575)
4(11383 11388 11576 11571)
4(11387 11575 11576 11388)
4(11575 11570 11571 11576)
4(11388 11576 11577 11389)
4(11576 11571 11572 11577)
4(11385 11390 11578 11573)
4(3231 1643 11578 11390)
4(1643 3259 11573 11578)
4(11386 11391 11579 11574)
4(11390 11578 11579 11391)
4(11578 11573 11574 11579)
4(11387 11392 11580 11575)
4(11391 11579 11580 11392)
4(11579 11574 11575 11580)
4(11388 11393 11581 11576)
4(11392 11580 11581 11393)
4(11580 11575 11576 11581)
4(11393 11581 11582 11394)
4(11581 11576 11577 11582)
4(11390 11395 11583 11578)
4(6122 3256 11583 11395)
4(3256 1643 11578 11583)
4(11391 11396 11584 11579)
4(11395 11583 11584 11396)
4(11583 11578 11579 11584)
4(11392 11397 11585 11580)
4(11396 11584 11585 11397)
4(11584 11579 11580 11585)
4(11393 11398 11586 11581)
4(11397 11585 11586 11398)
4(11585 11580 11581 11586)
4(11398 11586 11587 11399)
4(11586 11581 11582 11587)
4(11395 11400 11588 11583)
4(3228 1642 11588 11400)
4(1642 3256 11583 11588)
4(11396 11401 11589 11584)
4(11400 11588 11589 11401)
4(11588 11583 11584 11589)
4(11397 11402 11590 11585)
4(11401 11589 11590 11402)
4(11589 11584 11585 11590)
4(11398 11403 11591 11586)
4(11402 11590 11591 11403)
4(11590 11585 11586 11591)
4(11403 11591 11592 11404)
4(11591 11586 11587 11592)
4(11401 11405 11593 11589)
4(6123 3253 11593 11405)
5(3253 1642 11588 11589 11593)
4(11402 11406 11594 11590)
4(11405 11593 11594 11406)
4(11593 11589 11590 11594)
4(11403 11407 11595 11591)
4(11406 11594 11595 11407)
4(11594 11590 11591 11595)
4(11407 11595 11596 11408)
4(11595 11591 11592 11596)
4(11406 11410 11420 11594)
5(1641 3253 11593 11594 11420)
4(11407 11411 11421 11595)
4(11420 11594 11595 11421)
4(11421 11595 11596 11422)
4(11420 11597 11601 11594)
4(1641 3254 11597 11420)
4(6141 3253 11593 11600)
4(11600 11593 11594 11601)
5(3254 6141 11600 11601 11597)
4(11421 11598 11602 11595)
4(11420 11597 11598 11421)
4(11601 11594 11595 11602)
4(11597 11601 11602 11598)
4(11421 11598 11599 11422)
4(11602 11595 11596 11603)
4(11598 11602 11603 11599)
4(11421 11418 11428 11598)
5(6142 3254 11597 11598 11428)
4(11428 11598 11599 11429)
4(11428 11604 11607 11598)
4(1651 3254 11597 11606)
4(11606 11597 11598 11607)
5(2783 1651 11606 11607 11604)
4(6142 2783 11604 11428)
4(11607 11598 11599 11608)
4(11604 11607 11608 11605)
4(11428 11604 11605 11429)
4(6145 2789 11611 11609)
4(11609 11611 11612 11610)
4(2789 6662 11612 11611)
4(6720 6145 11609 11610)
4(11609 11614 11617 11611)
5(6145 3312 11613 11614 11609)
5(1661 2789 11611 11617 11616)
4(3312 1661 11616 11613)
4(11613 11616 11617 11614)
4(11609 11614 11615 11610)
4(11617 11611 11612 11618)
4(11614 11617 11618 11615)
4(11609 11432 11438 11614)
4(1671 3312 11613 11437)
4(11437 11613 11614 11438)
4(6145 2795 11432 11609)
4(11438 11614 11615 11439)
4(11609 11432 11433 11610)
4(11437 11620 11624 11613)
5(1671 3340 11619 11620 11437)
5(6146 3312 11613 11624 11623)
4(3340 6146 11623 11619)
4(11619 11623 11624 11620)
4(11438 11621 11625 11614)
4(11437 11620 11621 11438)
4(11624 11613 11614 11625)
4(11620 11624 11625 11621)
4(11438 11621 11622 11439)
4(11625 11614 11615 11626)
4(11621 11625 11626 11622)
4(11437 11434 11445 11620)
4(6128 3340 11619 11444)
4(11444 11619 11620 11445)
4(11438 11435 11446 11621)
4(11445 11620 11621 11446)
4(11446 11621 11622 11447)
4(11444 11628 11633 11619)
5(6128 3344 11627 11628 11444)
5(1672 3340 11619 11633 11632)
4(3344 1672 11632 11627)
4(11627 11632 11633 11628)
4(11445 11629 11634 11620)
4(11444 11628 11629 11445)
4(11633 11619 11620 11634)
4(11628 11633 11634 11629)
4(11446 11630 11635 11621)
4(11445 11629 11630 11446)
4(11634 11620 11621 11635)
4(11629 11634 11635 11630)
4(11446 11630 11631 11447)
4(11635 11621 11622 11636)
4(11630 11635 11636 11631)
4(11444 11440 11449 11628)
4(1682 3344 11627 11448)
4(11448 11627 11628 11449)
4(11445 11441 11450 11629)
4(11449 11628 11629 11450)
4(11446 11442 11451 11630)
4(11450 11629 11630 11451)
4(11451 11630 11631 11452)
4(11448 11453 11637 11627)
4(3372 6129 11637 11453)
4(6129 3344 11627 11637)
4(11449 11454 11638 11628)
4(11453 11637 11638 11454)
4(11637 11627 11628 11638)
4(11450 11455 11639 11629)
4(11454 11638 11639 11455)
4(11638 11628 11629 11639)
4(11451 11456 11640 11630)
4(11455 11639 11640 11456)
4(11639 11629 11630 11640)
4(11456 11640 11641 11457)
4(11640 11630 11631 11641)
4(11453 11458 11642 11637)
4(1683 3347 11642 11458)
4(3347 6129 11637 11642)
4(11454 11459 11643 11638)
4(11458 11642 11643 11459)
4(11642 11637 11638 11643)
4(11455 11460 11644 11639)
4(11459 11643 11644 11460)
4(11643 11638 11639 11644)
4(11456 11461 11645 11640)
4(11460 11644 11645 11461)
4(11644 11639 11640 11645)
4(11461 11645 11646 11462)
4(11645 11640 11641 11646)
4(11458 11463 11647 11642)
4(3375 6130 11647 11463)
4(6130 3347 11642 11647)
4(11459 11464 11648 11643)
4(11463 11647 11648 11464)
4(11647 11642 11643 11648)
4(11460 11465 11649 11644)
4(11464 11648 11649 11465)
4(11648 11643 11644 11649)
4(11461 11466 11650 11645)
4(11465 11649 11650 11466)
4(11649 11644 11645 11650)
4(11466 11650 11651 11467)
4(11650 11645 11646 11651)
4(11463 11468 11652 11647)
4(1684 3350 11652 11468)
4(3350 6130 11647 11652)
4(11464 11469 11653 11648)
4(11468 11652 11653 11469)
4(11652 11647 11648 11653)
4(11465 11470 11654 11649)
4(11469 11653 11654 11470)
4(11653 11648 11649 11654)
4(11466 11471 11655 11650)
4(11470 11654 11655 11471)
4(11654 11649 11650 11655)
4(11471 11655 11656 11472)
4(11655 11650 11651 11656)
4(11468 11473 11657 11652)
4(3378 6131 11657 11473)
4(6131 3350 11652 11657)
4(11469 11474 11658 11653)
4(11473 11657 11658 11474)
4(11657 11652 11653 11658)
4(11470 11475 11659 11654)
4(11474 11658 11659 11475)
4(11658 11653 11654 11659)
4(11471 11476 11660 11655)
4(11475 11659 11660 11476)
4(11659 11654 11655 11660)
4(11476 11660 11661 11477)
4(11660 11655 11656 11661)
4(11473 11478 11662 11657)
4(1685 3353 11662 11478)
4(3353 6131 11657 11662)
4(11474 11479 11663 11658)
4(11478 11662 11663 11479)
4(11662 11657 11658 11663)
4(11475 11480 11664 11659)
4(11479 11663 11664 11480)
4(11663 11658 11659 11664)
4(11476 11481 11665 11660)
4(11480 11664 11665 11481)
4(11664 11659 11660 11665)
4(11481 11665 11666 11482)
4(11665 11660 11661 11666)
4(11478 11483 11667 11662)
4(3381 6132 11667 11483)
4(6132 3353 11662 11667)
4(11479 11484 11668 11663)
4(11483 11667 11668 11484)
4(11667 11662 11663 11668)
4(11480 11485 11669 11664)
4(11484 11668 11669 11485)
4(11668 11663 11664 11669)
4(11481 11486 11670 11665)
4(11485 11669 11670 11486)
4(11669 11664 11665 11670)
4(11486 11670 11671 11487)
4(11670 11665 11666 11671)
4(11483 11488 11672 11667)
4(1686 3356 11672 11488)
4(3356 6132 11667 11672)
4(11484 11489 11673 11668)
4(11488 11672 11673 11489)
4(11672 11667 11668 11673)
4(11485 11490 11674 11669)
4(11489 11673 11674 11490)
4(11673 11668 11669 11674)
4(11486 11491 11675 11670)
4(11490 11674 11675 11491)
4(11674 11669 11670 11675)
4(11491 11675 11676 11492)
4(11675 11670 11671 11676)
4(11488 11493 11677 11672)
4(3384 6133 11677 11493)
4(6133 3356 11672 11677)
4(11489 11494 11678 11673)
4(11493 11677 11678 11494)
4(11677 11672 11673 11678)
4(11490 11495 11679 11674)
4(11494 11678 11679 11495)
4(11678 11673 11674 11679)
4(11491 11496 11680 11675)
4(11495 11679 11680 11496)
4(11679 11674 11675 11680)
4(11496 11680 11681 11497)
4(11680 11675 11676 11681)
4(11493 11498 11503 11677)
4(3359 6133 11677 11503)
4(11494 11499 11504 11678)
4(11503 11677 11678 11504)
4(11495 11500 11505 11679)
4(11504 11678 11679 11505)
4(11496 11501 11506 11680)
4(11505 11679 11680 11506)
4(11506 11680 11681 11507)
4(11503 11508 11682 11677)
4(1677 3355 11682 11508)
4(3355 6133 11677 11682)
4(11504 11509 11683 11678)
4(11508 11682 11683 11509)
4(11682 11677 11678 11683)
4(11505 11510 11684 11679)
4(11509 11683 11684 11510)
4(11683 11678 11679 11684)
4(11506 11511 11685 11680)
4(11510 11684 11685 11511)
4(11684 11679 11680 11685)
4(11511 11685 11686 11512)
4(11685 11680 11681 11686)
4(11508 11513 11687 11682)
4(3330 6134 11687 11513)
4(6134 3355 11682 11687)
4(11509 11514 11688 11683)
4(11513 11687 11688 11514)
4(11687 11682 11683 11688)
4(11510 11515 11689 11684)
4(11514 11688 11689 11515)
4(11688 11683 11684 11689)
4(11511 11516 11690 11685)
4(11515 11689 11690 11516)
4(11689 11684 11685 11690)
4(11516 11690 11691 11517)
4(11690 11685 11686 11691)
4(11513 11518 11692 11687)
4(1667 3326 11692 11518)
4(3326 6134 11687 11692)
4(11514 11519 11693 11688)
4(11518 11692 11693 11519)
4(11692 11687 11688 11693)
4(11515 11520 11694 11689)
4(11519 11693 11694 11520)
4(11693 11688 11689 11694)
4(11516 11521 11695 11690)
4(11520 11694 11695 11521)
4(11694 11689 11690 11695)
4(11521 11695 11696 11522)
4(11695 11690 11691 11696)
4(11518 11523 11697 11692)
4(3301 6135 11697 11523)
4(6135 3326 11692 11697)
4(11519 11524 11698 11693)
4(11523 11697 11698 11524)
4(11697 11692 11693 11698)
4(11520 11525 11699 11694)
4(11524 11698 11699 11525)
4(11698 11693 11694 11699)
4(11521 11526 11700 11695)
4(11525 11699 11700 11526)
4(11699 11694 11695 11700)
4(11526 11700 11701 11527)
4(11700 11695 11696 11701)
4(11523 11528 11702 11697)
4(1657 3297 11702 11528)
4(3297 6135 11697 11702)
4(11524 11529 11703 11698)
4(11528 11702 11703 11529)
4(11702 11697 11698 11703)
4(11525 11530 11704 11699)
4(11529 11703 11704 11530)
4(11703 11698 11699 11704)
4(11526 11531 11705 11700)
4(11530 11704 11705 11531)
4(11704 11699 11700 11705)
4(11531 11705 11706 11532)
4(11705 11700 11701 11706)
4(11528 11533 11707 11702)
4(3272 6136 11707 11533)
4(6136 3297 11702 11707)
4(11529 11534 11708 11703)
4(11533 11707 11708 11534)
4(11707 11702 11703 11708)
4(11530 11535 11709 11704)
4(11534 11708 11709 11535)
4(11708 11703 11704 11709)
4(11531 11536 11710 11705)
4(11535 11709 11710 11536)
4(11709 11704 11705 11710)
4(11536 11710 11711 11537)
4(11710 11705 11706 11711)
4(11533 11538 11543 11707)
4(3268 6136 11707 11543)
4(11534 11539 11544 11708)
4(11543 11707 11708 11544)
4(11535 11540 11545 11709)
4(11544 11708 11709 11545)
4(11536 11541 11546 11710)
4(11545 11709 11710 11546)
4(11546 11710 11711 11547)
4(11543 11548 11712 11707)
4(1646 3269 11712 11548)
4(3269 6136 11707 11712)
4(11544 11549 11713 11708)
4(11548 11712 11713 11549)
4(11712 11707 11708 11713)
4(11545 11550 11714 11709)
4(11549 11713 11714 11550)
4(11713 11708 11709 11714)
4(11546 11551 11715 11710)
4(11550 11714 11715 11551)
4(11714 11709 11710 11715)
4(11551 11715 11716 11552)
4(11715 11710 11711 11716)
4(11548 11553 11717 11712)
4(3265 6137 11717 11553)
4(6137 3269 11712 11717)
4(11549 11554 11718 11713)
4(11553 11717 11718 11554)
4(11717 11712 11713 11718)
4(11550 11555 11719 11714)
4(11554 11718 11719 11555)
4(11718 11713 11714 11719)
4(11551 11556 11720 11715)
4(11555 11719 11720 11556)
4(11719 11714 11715 11720)
4(11556 11720 11721 11557)
4(11720 11715 11716 11721)
4(11553 11558 11722 11717)
4(1645 3266 11722 11558)
4(3266 6137 11717 11722)
4(11554 11559 11723 11718)
4(11558 11722 11723 11559)
4(11722 11717 11718 11723)
4(11555 11560 11724 11719)
4(11559 11723 11724 11560)
4(11723 11718 11719 11724)
4(11556 11561 11725 11720)
4(11560 11724 11725 11561)
4(11724 11719 11720 11725)
4(11561 11725 11726 11562)
4(11725 11720 11721 11726)
4(11558 11563 11727 11722)
4(3262 6138 11727 11563)
4(6138 3266 11722 11727)
4(11559 11564 11728 11723)
4(11563 11727 11728 11564)
4(11727 11722 11723 11728)
4(11560 11565 11729 11724)
4(11564 11728 11729 11565)
4(11728 11723 11724 11729)
4(11561 11566 11730 11725)
4(11565 11729 11730 11566)
4(11729 11724 11725 11730)
4(11566 11730 11731 11567)
4(11730 11725 11726 11731)
4(11563 11568 11732 11727)
4(1644 3263 11732 11568)
4(3263 6138 11727 11732)
4(11564 11569 11733 11728)
4(11568 11732 11733 11569)
4(11732 11727 11728 11733)
4(11565 11570 11734 11729)
4(11569 11733 11734 11570)
4(11733 11728 11729 11734)
4(11566 11571 11735 11730)
4(11570 11734 11735 11571)
4(11734 11729 11730 11735)
4(11571 11735 11736 11572)
4(11735 11730 11731 11736)
4(11568 11573 11737 11732)
4(3259 6139 11737 11573)
4(6139 3263 11732 11737)
4(11569 11574 11738 11733)
4(11573 11737 11738 11574)
4(11737 11732 11733 11738)
4(11570 11575 11739 11734)
4(11574 11738 11739 11575)
4(11738 11733 11734 11739)
4(11571 11576 11740 11735)
4(11575 11739 11740 11576)
4(11739 11734 11735 11740)
4(11576 11740 11741 11577)
4(11740 11735 11736 11741)
4(11573 11578 11742 11737)
4(1643 3260 11742 11578)
4(3260 6139 11737 11742)
4(11574 11579 11743 11738)
4(11578 11742 11743 11579)
4(11742 11737 11738 11743)
4(11575 11580 11744 11739)
4(11579 11743 11744 11580)
4(11743 11738 11739 11744)
4(11576 11581 11745 11740)
4(11580 11744 11745 11581)
4(11744 11739 11740 11745)
4(11581 11745 11746 11582)
4(11745 11740 11741 11746)
4(11578 11583 11747 11742)
4(3256 6140 11747 11583)
4(6140 3260 11742 11747)
4(11579 11584 11748 11743)
4(11583 11747 11748 11584)
4(11747 11742 11743 11748)
4(11580 11585 11749 11744)
4(11584 11748 11749 11585)
4(11748 11743 11744 11749)
4(11581 11586 11750 11745)
4(11585 11749 11750 11586)
4(11749 11744 11745 11750)
4(11586 11750 11751 11587)
4(11750 11745 11746 11751)
4(11583 11588 11752 11747)
4(1642 3257 11752 11588)
4(3257 6140 11747 11752)
4(11584 11589 11753 11748)
4(11588 11752 11753 11589)
4(11752 11747 11748 11753)
4(11585 11590 11754 11749)
4(11589 11753 11754 11590)
4(11753 11748 11749 11754)
4(11586 11591 11755 11750)
4(11590 11754 11755 11591)
4(11754 11749 11750 11755)
4(11591 11755 11756 11592)
4(11755 11750 11751 11756)
4(11589 11593 11600 11753)
5(6141 3257 11752 11753 11600)
4(11590 11594 11601 11754)
4(11600 11753 11754 11601)
4(11591 11595 11602 11755)
4(11601 11754 11755 11602)
4(11602 11755 11756 11603)
4(11600 11757 11762 11753)
4(6141 3282 11757 11600)
4(1652 3257 11752 11761)
4(11761 11752 11753 11762)
5(3282 1652 11761 11762 11757)
4(11601 11758 11763 11754)
4(11600 11757 11758 11601)
4(11762 11753 11754 11763)
4(11757 11762 11763 11758)
4(11602 11759 11764 11755)
4(11601 11758 11759 11602)
4(11763 11754 11755 11764)
4(11758 11763 11764 11759)
4(11602 11759 11760 11603)
4(11764 11755 11756 11765)
4(11759 11764 11765 11760)
4(11601 11597 11606 11758)
5(1651 3282 11757 11758 11606)
4(11602 11598 11607 11759)
4(11606 11758 11759 11607)
4(11607 11759 11760 11608)
4(11606 11766 11770 11758)
4(1651 3283 11766 11606)
5(3283 6155 11769 11770 11766)
4(6155 3282 11757 11769)
4(11769 11757 11758 11770)
4(11607 11767 11771 11759)
4(11606 11766 11767 11607)
4(11766 11770 11771 11767)
4(11770 11758 11759 11771)
4(11607 11767 11768 11608)
4(11767 11771 11772 11768)
4(11771 11759 11760 11772)
4(11607 11604 11773 11767)
5(6156 3283 11766 11767 11773)
4(2783 6156 11773 11604)
4(11773 11767 11768 11774)
4(11604 11773 11774 11605)
4(11773 11611 11617 11767)
4(1661 3283 11766 11616)
4(11616 11766 11767 11617)
4(6156 2789 11611 11773)
4(11617 11767 11768 11618)
4(11773 11611 11612 11774)
4(11616 11776 11770 11766)
5(1661 3311 11775 11776 11616)
4(3311 6155 11769 11775)
4(11775 11769 11770 11776)
4(11617 11777 11771 11767)
4(11616 11776 11777 11617)
4(11776 11770 11771 11777)
4(11617 11777 11778 11618)
4(11777 11771 11772 11778)
4(11616 11613 11624 11776)
4(6146 3311 11775 11623)
4(11623 11775 11776 11624)
4(11617 11614 11625 11777)
4(11624 11776 11777 11625)
4(11625 11777 11778 11626)
4(11623 11780 11785 11775)
5(6146 3315 11779 11780 11623)
5(1662 3311 11775 11785 11784)
4(3315 1662 11784 11779)
4(11779 11784 11785 11780)
4(11624 11781 11786 11776)
4(11623 11780 11781 11624)
4(11785 11775 11776 11786)
4(11780 11785 11786 11781)
4(11625 11782 11787 11777)
4(11624 11781 11782 11625)
4(11786 11776 11777 11787)
4(11781 11786 11787 11782)
4(11625 11782 11783 11626)
4(11787 11777 11778 11788)
4(11782 11787 11788 11783)
4(11623 11619 11633 11780)
4(1672 3315 11779 11632)
4(11632 11779 11780 11633)
4(11624 11620 11634 11781)
4(11633 11780 11781 11634)
4(11625 11621 11635 11782)
4(11634 11781 11782 11635)
4(11635 11782 11783 11636)
4(11632 11789 11794 11779)
4(1672 3343 11789 11632)
4(6147 3315 11779 11794)
4(3343 6147 11794 11789)
4(11633 11790 11795 11780)
4(11632 11789 11790 11633)
4(11794 11779 11780 11795)
4(11789 11794 11795 11790)
4(11634 11791 11796 11781)
4(11633 11790 11791 11634)
4(11795 11780 11781 11796)
4(11790 11795 11796 11791)
4(11635 11792 11797 11782)
4(11634 11791 11792 11635)
4(11796 11781 11782 11797)
4(11791 11796 11797 11792)
4(11635 11792 11793 11636)
4(11797 11782 11783 11798)
4(11792 11797 11798 11793)
4(11632 11627 11637 11789)
4(6129 3343 11789 11637)
4(11633 11628 11638 11790)
4(11637 11789 11790 11638)
4(11634 11629 11639 11791)
4(11638 11790 11791 11639)
4(11635 11630 11640 11792)
4(11639 11791 11792 11640)
4(11640 11792 11793 11641)
4(11637 11642 11799 11789)
4(3347 1673 11799 11642)
4(1673 3343 11789 11799)
4(11638 11643 11800 11790)
4(11642 11799 11800 11643)
4(11799 11789 11790 11800)
4(11639 11644 11801 11791)
4(11643 11800 11801 11644)
4(11800 11790 11791 11801)
4(11640 11645 11802 11792)
4(11644 11801 11802 11645)
4(11801 11791 11792 11802)
4(11645 11802 11803 11646)
4(11802 11792 11793 11803)
4(11642 11647 11804 11799)
4(6130 3346 11804 11647)
4(3346 1673 11799 11804)
4(11643 11648 11805 11800)
4(11647 11804 11805 11648)
4(11804 11799 11800 11805)
4(11644 11649 11806 11801)
4(11648 11805 11806 11649)
4(11805 11800 11801 11806)
4(11645 11650 11807 11802)
4(11649 11806 11807 11650)
4(11806 11801 11802 11807)
4(11650 11807 11808 11651)
4(11807 11802 11803 11808)
4(11647 11652 11809 11804)
4(3350 1674 11809 11652)
4(1674 3346 11804 11809)
4(11648 11653 11810 11805)
4(11652 11809 11810 11653)
4(11809 11804 11805 11810)
4(11649 11654 11811 11806)
4(11653 11810 11811 11654)
4(11810 11805 11806 11811)
4(11650 11655 11812 11807)
4(11654 11811 11812 11655)
4(11811 11806 11807 11812)
4(11655 11812 11813 11656)
4(11812 11807 11808 11813)
4(11652 11657 11814 11809)
4(6131 3349 11814 11657)
4(3349 1674 11809 11814)
4(11653 11658 11815 11810)
4(11657 11814 11815 11658)
4(11814 11809 11810 11815)
4(11654 11659 11816 11811)
4(11658 11815 11816 11659)
4(11815 11810 11811 11816)
4(11655 11660 11817 11812)
4(11659 11816 11817 11660)
4(11816 11811 11812 11817)
4(11660 11817 11818 11661)
4(11817 11812 11813 11818)
4(11657 11662 11819 11814)
4(3353 1675 11819 11662)
4(1675 3349 11814 11819)
4(11658 11663 11820 11815)
4(11662 11819 11820 11663)
4(11819 11814 11815 11820)
4(11659 11664 11821 11816)
4(11663 11820 11821 11664)
4(11820 11815 11816 11821)
4(11660 11665 11822 11817)
4(11664 11821 11822 11665)
4(11821 11816 11817 11822)
4(11665 11822 11823 11666)
4(11822 11817 11818 11823)
4(11662 11667 11824 11819)
4(6132 3352 11824 11667)
4(3352 1675 11819 11824)
4(11663 11668 11825 11820)
4(11667 11824 11825 11668)
4(11824 11819 11820 11825)
4(11664 11669 11826 11821)
4(11668 11825 11826 11669)
4(11825 11820 11821 11826)
4(11665 11670 11827 11822)
4(11669 11826 11827 11670)
4(11826 11821 11822 11827)
4(11670 11827 11828 11671)
4(11827 11822 11823 11828)
4(11667 11672 11829 11824)
4(3356 1676 11829 11672)
4(1676 3352 11824 11829)
4(11668 11673 11830 11825)
4(11672 11829 11830 11673)
4(11829 11824 11825 11830)
4(11669 11674 11831 11826)
4(11673 11830 11831 11674)
4(11830 11825 11826 11831)
4(11670 11675 11832 11827)
4(11674 11831 11832 11675)
4(11831 11826 11827 11832)
4(11675 11832 11833 11676)
4(11832 11827 11828 11833)
4(11672 11677 11682 11829)
4(3355 1676 11829 11682)
4(11673 11678 11683 11830)
4(11682 11829 11830 11683)
4(11674 11679 11684 11831)
4(11683 11830 11831 11684)
4(11675 11680 11685 11832)
4(11684 11831 11832 11685)
4(11685 11832 11833 11686)
4(11682 11687 11834 11829)
4(6134 3327 11834 11687)
4(3327 1676 11829 11834)
4(11683 11688 11835 11830)
4(11687 11834 11835 11688)
4(11834 11829 11830 11835)
4(11684 11689 11836 11831)
4(11688 11835 11836 11689)
4(11835 11830 11831 11836)
4(11685 11690 11837 11832)
4(11689 11836 11837 11690)
4(11836 11831 11832 11837)
4(11690 11837 11838 11691)
4(11837 11832 11833 11838)
4(11687 11692 11839 11834)
4(3326 1666 11839 11692)
4(1666 3327 11834 11839)
4(11688 11693 11840 11835)
4(11692 11839 11840 11693)
4(11839 11834 11835 11840)
4(11689 11694 11841 11836)
4(11693 11840 11841 11694)
4(11840 11835 11836 11841)
4(11690 11695 11842 11837)
4(11694 11841 11842 11695)
4(11841 11836 11837 11842)
4(11695 11842 11843 11696)
4(11842 11837 11838 11843)
4(11692 11697 11844 11839)
4(6135 3298 11844 11697)
4(3298 1666 11839 11844)
4(11693 11698 11845 11840)
4(11697 11844 11845 11698)
4(11844 11839 11840 11845)
4(11694 11699 11846 11841)
4(11698 11845 11846 11699)
4(11845 11840 11841 11846)
4(11695 11700 11847 11842)
4(11699 11846 11847 11700)
4(11846 11841 11842 11847)
4(11700 11847 11848 11701)
4(11847 11842 11843 11848)
4(11697 11702 11849 11844)
4(3297 1656 11849 11702)
4(1656 3298 11844 11849)
4(11698 11703 11850 11845)
4(11702 11849 11850 11703)
4(11849 11844 11845 11850)
4(11699 11704 11851 11846)
4(11703 11850 11851 11704)
4(11850 11845 11846 11851)
4(11700 11705 11852 11847)
4(11704 11851 11852 11705)
4(11851 11846 11847 11852)
4(11705 11852 11853 11706)
4(11852 11847 11848 11853)
4(11702 11707 11712 11849)
4(3269 1656 11849 11712)
4(11703 11708 11713 11850)
4(11712 11849 11850 11713)
4(11704 11709 11714 11851)
4(11713 11850 11851 11714)
4(11705 11710 11715 11852)
4(11714 11851 11852 11715)
4(11715 11852 11853 11716)
4(11712 11717 11854 11849)
4(6137 3294 11854 11717)
4(3294 1656 11849 11854)
4(11713 11718 11855 11850)
4(11717 11854 11855 11718)
4(11854 11849 11850 11855)
4(11714 11719 11856 11851)
4(11718 11855 11856 11719)
4(11855 11850 11851 11856)
4(11715 11720 11857 11852)
4(11719 11856 11857 11720)
4(11856 11851 11852 11857)
4(11720 11857 11858 11721)
4(11857 11852 11853 11858)
4(11717 11722 11859 11854)
4(3266 1655 11859 11722)
4(1655 3294 11854 11859)
4(11718 11723 11860 11855)
4(11722 11859 11860 11723)
4(11859 11854 11855 11860)
4(11719 11724 11861 11856)
4(11723 11860 11861 11724)
4(11860 11855 11856 11861)
4(11720 11725 11862 11857)
4(11724 11861 11862 11725)
4(11861 11856 11857 11862)
4(11725 11862 11863 11726)
4(11862 11857 11858 11863)
4(11722 11727 11864 11859)
4(6138 3291 11864 11727)
4(3291 1655 11859 11864)
4(11723 11728 11865 11860)
4(11727 11864 11865 11728)
4(11864 11859 11860 11865)
4(11724 11729 11866 11861)
4(11728 11865 11866 11729)
4(11865 11860 11861 11866)
4(11725 11730 11867 11862)
4(11729 11866 11867 11730)
4(11866 11861 11862 11867)
4(11730 11867 11868 11731)
4(11867 11862 11863 11868)
4(11727 11732 11869 11864)
4(3263 1654 11869 11732)
4(1654 3291 11864 11869)
4(11728 11733 11870 11865)
4(11732 11869 11870 11733)
4(11869 11864 11865 11870)
4(11729 11734 11871 11866)
4(11733 11870 11871 11734)
4(11870 11865 11866 11871)
4(11730 11735 11872 11867)
4(11734 11871 11872 11735)
4(11871 11866 11867 11872)
4(11735 11872 11873 11736)
4(11872 11867 11868 11873)
4(11732 11737 11874 11869)
4(6139 3288 11874 11737)
4(3288 1654 11869 11874)
4(11733 11738 11875 11870)
4(11737 11874 11875 11738)
4(11874 11869 11870 11875)
4(11734 11739 11876 11871)
4(11738 11875 11876 11739)
4(11875 11870 11871 11876)
4(11735 11740 11877 11872)
4(11739 11876 11877 11740)
4(11876 11871 11872 11877)
4(11740 11877 11878 11741)
4(11877 11872 11873 11878)
4(11737 11742 11879 11874)
4(3260 1653 11879 11742)
4(1653 3288 11874 11879)
4(11738 11743 11880 11875)
4(11742 11879 11880 11743)
4(11879 11874 11875 11880)
4(11739 11744 11881 11876)
4(11743 11880 11881 11744)
4(11880 11875 11876 11881)
4(11740 11745 11882 11877)
4(11744 11881 11882 11745)
4(11881 11876 11877 11882)
4(11745 11882 11883 11746)
4(11882 11877 11878 11883)
4(11742 11747 11884 11879)
4(6140 3285 11884 11747)
4(3285 1653 11879 11884)
4(11743 11748 11885 11880)
4(11747 11884 11885 11748)
4(11884 11879 11880 11885)
4(11744 11749 11886 11881)
4(11748 11885 11886 11749)
4(11885 11880 11881 11886)
4(11745 11750 11887 11882)
4(11749 11886 11887 11750)
4(11886 11881 11882 11887)
4(11750 11887 11888 11751)
4(11887 11882 11883 11888)
4(11747 11752 11761 11884)
4(1652 3285 11884 11761)
4(11748 11753 11762 11885)
4(11761 11884 11885 11762)
4(11749 11754 11763 11886)
4(11762 11885 11886 11763)
4(11750 11755 11764 11887)
4(11763 11886 11887 11764)
4(11764 11887 11888 11765)
4(11761 11889 11894 11884)
4(1652 3286 11889 11761)
4(3286 6154 11894 11889)
4(6154 3285 11884 11894)
4(11762 11890 11895 11885)
4(11761 11889 11890 11762)
4(11889 11894 11895 11890)
4(11894 11884 11885 11895)
4(11763 11891 11896 11886)
4(11762 11890 11891 11763)
4(11890 11895 11896 11891)
4(11895 11885 11886 11896)
4(11764 11892 11897 11887)
4(11763 11891 11892 11764)
4(11891 11896 11897 11892)
4(11896 11886 11887 11897)
4(11764 11892 11893 11765)
4(11892 11897 11898 11893)
4(11897 11887 11888 11898)
4(11762 11757 11769 11890)
5(6155 3286 11889 11890 11769)
4(11763 11758 11770 11891)
4(11769 11890 11891 11770)
4(11764 11759 11771 11892)
4(11770 11891 11892 11771)
4(11771 11892 11893 11772)
4(11769 11775 11785 11890)
4(1662 3286 11889 11784)
4(11784 11889 11890 11785)
4(11770 11776 11786 11891)
4(11785 11890 11891 11786)
4(11771 11777 11787 11892)
4(11786 11891 11892 11787)
4(11787 11892 11893 11788)
4(11784 11899 11894 11889)
4(1662 3314 11899 11784)
4(3314 6154 11894 11899)
4(11785 11900 11895 11890)
4(11784 11899 11900 11785)
4(11899 11894 11895 11900)
4(11786 11901 11896 11891)
4(11785 11900 11901 11786)
4(11900 11895 11896 11901)
4(11787 11902 11897 11892)
4(11786 11901 11902 11787)
4(11901 11896 11897 11902)
4(11787 11902 11903 11788)
4(11902 11897 11898 11903)
4(11784 11779 11794 11899)
4(6147 3314 11899 11794)
4(11785 11780 11795 11900)
4(11794 11899 11900 11795)
4(11786 11781 11796 11901)
4(11795 11900 11901 11796)
4(11787 11782 11797 11902)
4(11796 11901 11902 11797)
4(11797 11902 11903 11798)
4(11794 11904 11909 11899)
4(6147 3318 11904 11794)
4(1663 3314 11899 11909)
4(3318 1663 11909 11904)
4(11795 11905 11910 11900)
4(11794 11904 11905 11795)
4(11909 11899 11900 11910)
4(11904 11909 11910 11905)
4(11796 11906 11911 11901)
4(11795 11905 11906 11796)
4(11910 11900 11901 11911)
4(11905 11910 11911 11906)
4(11797 11907 11912 11902)
4(11796 11906 11907 11797)
4(11911 11901 11902 11912)
4(11906 11911 11912 11907)
4(11797 11907 11908 11798)
4(11912 11902 11903 11913)
4(11907 11912 11913 11908)
4(11794 11789 11799 11904)
4(1673 3318 11904 11799)
4(11795 11790 11800 11905)
4(11799 11904 11905 11800)
4(11796 11791 11801 11906)
4(11800 11905 11906 11801)
4(11797 11792 11802 11907)
4(11801 11906 11907 11802)
4(11802 11907 11908 11803)
4(11799 11804 11914 11904)
4(3346 6148 11914 11804)
4(6148 3318 11904 11914)
4(11800 11805 11915 11905)
4(11804 11914 11915 11805)
4(11914 11904 11905 11915)
4(11801 11806 11916 11906)
4(11805 11915 11916 11806)
4(11915 11905 11906 11916)
4(11802 11807 11917 11907)
4(11806 11916 11917 11807)
4(11916 11906 11907 11917)
4(11807 11917 11918 11808)
4(11917 11907 11908 11918)
4(11804 11809 11919 11914)
4(1674 3321 11919 11809)
4(3321 6148 11914 11919)
4(11805 11810 11920 11915)
4(11809 11919 11920 11810)
4(11919 11914 11915 11920)
4(11806 11811 11921 11916)
4(11810 11920 11921 11811)
4(11920 11915 11916 11921)
4(11807 11812 11922 11917)
4(11811 11921 11922 11812)
4(11921 11916 11917 11922)
4(11812 11922 11923 11813)
4(11922 11917 11918 11923)
4(11809 11814 11924 11919)
4(3349 6149 11924 11814)
4(6149 3321 11919 11924)
4(11810 11815 11925 11920)
4(11814 11924 11925 11815)
4(11924 11919 11920 11925)
4(11811 11816 11926 11921)
4(11815 11925 11926 11816)
4(11925 11920 11921 11926)
4(11812 11817 11927 11922)
4(11816 11926 11927 11817)
4(11926 11921 11922 11927)
4(11817 11927 11928 11818)
4(11927 11922 11923 11928)
4(11814 11819 11929 11924)
4(1675 3324 11929 11819)
4(3324 6149 11924 11929)
4(11815 11820 11930 11925)
4(11819 11929 11930 11820)
4(11929 11924 11925 11930)
4(11816 11821 11931 11926)
4(11820 11930 11931 11821)
4(11930 11925 11926 11931)
4(11817 11822 11932 11927)
4(11821 11931 11932 11822)
4(11931 11926 11927 11932)
4(11822 11932 11933 11823)
4(11932 11927 11928 11933)
4(11819 11824 11934 11929)
4(3352 6150 11934 11824)
4(6150 3324 11929 11934)
4(11820 11825 11935 11930)
4(11824 11934 11935 11825)
4(11934 11929 11930 11935)
4(11821 11826 11936 11931)
4(11825 11935 11936 11826)
4(11935 11930 11931 11936)
4(11822 11827 11937 11932)
4(11826 11936 11937 11827)
4(11936 11931 11932 11937)
4(11827 11937 11938 11828)
4(11937 11932 11933 11938)
4(11824 11829 11834 11934)
4(3327 6150 11934 11834)
4(11825 11830 11835 11935)
4(11834 11934 11935 11835)
4(11826 11831 11836 11936)
4(11835 11935 11936 11836)
4(11827 11832 11837 11937)
4(11836 11936 11937 11837)
4(11837 11937 11938 11838)
4(11834 11839 11939 11934)
4(1666 3323 11939 11839)
4(3323 6150 11934 11939)
4(11835 11840 11940 11935)
4(11839 11939 11940 11840)
4(11939 11934 11935 11940)
4(11836 11841 11941 11936)
4(11840 11940 11941 11841)
4(11940 11935 11936 11941)
4(11837 11842 11942 11937)
4(11841 11941 11942 11842)
4(11941 11936 11937 11942)
4(11842 11942 11943 11843)
4(11942 11937 11938 11943)
4(11839 11844 11944 11939)
4(3298 6151 11944 11844)
4(6151 3323 11939 11944)
4(11840 11845 11945 11940)
4(11844 11944 11945 11845)
4(11944 11939 11940 11945)
4(11841 11846 11946 11941)
4(11845 11945 11946 11846)
4(11945 11940 11941 11946)
4(11842 11847 11947 11942)
4(11846 11946 11947 11847)
4(11946 11941 11942 11947)
4(11847 11947 11948 11848)
4(11947 11942 11943 11948)
4(11844 11849 11854 11944)
4(3294 6151 11944 11854)
4(11845 11850 11855 11945)
4(11854 11944 11945 11855)
4(11846 11851 11856 11946)
4(11855 11945 11946 11856)
4(11847 11852 11857 11947)
4(11856 11946 11947 11857)
4(11857 11947 11948 11858)
4(11854 11859 11949 11944)
4(1655 3295 11949 11859)
4(3295 6151 11944 11949)
4(11855 11860 11950 11945)
4(11859 11949 11950 11860)
4(11949 11944 11945 11950)
4(11856 11861 11951 11946)
4(11860 11950 11951 11861)
4(11950 11945 11946 11951)
4(11857 11862 11952 11947)
4(11861 11951 11952 11862)
4(11951 11946 11947 11952)
4(11862 11952 11953 11863)
4(11952 11947 11948 11953)
4(11859 11864 11954 11949)
4(3291 6152 11954 11864)
4(6152 3295 11949 11954)
4(11860 11865 11955 11950)
4(11864 11954 11955 11865)
4(11954 11949 11950 11955)
4(11861 11866 11956 11951)
4(11865 11955 11956 11866)
4(11955 11950 11951 11956)
4(11862 11867 11957 11952)
4(11866 11956 11957 11867)
4(11956 11951 11952 11957)
4(11867 11957 11958 11868)
4(11957 11952 11953 11958)
4(11864 11869 11959 11954)
4(1654 3292 11959 11869)
4(3292 6152 11954 11959)
4(11865 11870 11960 11955)
4(11869 11959 11960 11870)
4(11959 11954 11955 11960)
4(11866 11871 11961 11956)
4(11870 11960 11961 11871)
4(11960 11955 11956 11961)
4(11867 11872 11962 11957)
4(11871 11961 11962 11872)
4(11961 11956 11957 11962)
4(11872 11962 11963 11873)
4(11962 11957 11958 11963)
4(11869 11874 11964 11959)
4(3288 6153 11964 11874)
4(6153 3292 11959 11964)
4(11870 11875 11965 11960)
4(11874 11964 11965 11875)
4(11964 11959 11960 11965)
4(11871 11876 11966 11961)
4(11875 11965 11966 11876)
4(11965 11960 11961 11966)
4(11872 11877 11967 11962)
4(11876 11966 11967 11877)
4(11966 11961 11962 11967)
4(11877 11967 11968 11878)
4(11967 11962 11963 11968)
4(11874 11879 11969 11964)
4(1653 3289 11969 11879)
4(3289 6153 11964 11969)
4(11875 11880 11970 11965)
4(11879 11969 11970 11880)
4(11969 11964 11965 11970)
4(11876 11881 11971 11966)
4(11880 11970 11971 11881)
4(11970 11965 11966 11971)
4(11877 11882 11972 11967)
4(11881 11971 11972 11882)
4(11971 11966 11967 11972)
4(11882 11972 11973 11883)
4(11972 11967 11968 11973)
4(11879 11884 11894 11969)
4(6154 3289 11969 11894)
4(11880 11885 11895 11970)
4(11894 11969 11970 11895)
4(11881 11886 11896 11971)
4(11895 11970 11971 11896)
4(11882 11887 11897 11972)
4(11896 11971 11972 11897)
4(11897 11972 11973 11898)
4(11894 11899 11909 11969)
4(1663 3289 11969 11909)
4(11895 11900 11910 11970)
4(11909 11969 11970 11910)
4(11896 11901 11911 11971)
4(11910 11970 11971 11911)
4(11897 11902 11912 11972)
4(11911 11971 11972 11912)
4(11912 11972 11973 11913)
4(11909 11974 11964 11969)
4(1663 3317 11974 11909)
4(3317 6153 11964 11974)
4(11910 11975 11965 11970)
4(11909 11974 11975 11910)
4(11974 11964 11965 11975)
4(11911 11976 11966 11971)
4(11910 11975 11976 11911)
4(11975 11965 11966 11976)
4(11912 11977 11967 11972)
4(11911 11976 11977 11912)
4(11976 11966 11967 11977)
4(11912 11977 11978 11913)
4(11977 11967 11968 11978)
4(11909 11904 11914 11974)
4(6148 3317 11974 11914)
4(11910 11905 11915 11975)
4(11914 11974 11975 11915)
4(11911 11906 11916 11976)
4(11915 11975 11976 11916)
4(11912 11907 11917 11977)
4(11916 11976 11977 11917)
4(11917 11977 11978 11918)
4(11914 11919 11979 11974)
4(3321 1664 11979 11919)
4(1664 3317 11974 11979)
4(11915 11920 11980 11975)
4(11919 11979 11980 11920)
4(11979 11974 11975 11980)
4(11916 11921 11981 11976)
4(11920 11980 11981 11921)
4(11980 11975 11976 11981)
4(11917 11922 11982 11977)
4(11921 11981 11982 11922)
4(11981 11976 11977 11982)
4(11922 11982 11983 11923)
4(11982 11977 11978 11983)
4(11919 11924 11984 11979)
4(6149 3320 11984 11924)
4(3320 1664 11979 11984)
4(11920 11925 11985 11980)
4(11924 11984 11985 11925)
4(11984 11979 11980 11985)
4(11921 11926 11986 11981)
4(11925 11985 11986 11926)
4(11985 11980 11981 11986)
4(11922 11927 11987 11982)
4(11926 11986 11987 11927)
4(11986 11981 11982 11987)
4(11927 11987 11988 11928)
4(11987 11982 11983 11988)
4(11924 11929 11989 11984)
4(3324 1665 11989 11929)
4(1665 3320 11984 11989)
4(11925 11930 11990 11985)
4(11929 11989 11990 11930)
4(11989 11984 11985 11990)
4(11926 11931 11991 11986)
4(11930 11990 11991 11931)
4(11990 11985 11986 11991)
4(11927 11932 11992 11987)
4(11931 11991 11992 11932)
4(11991 11986 11987 11992)
4(11932 11992 11993 11933)
4(11992 11987 11988 11993)
4(11929 11934 11939 11989)
4(3323 1665 11989 11939)
4(11930 11935 11940 11990)
4(11939 11989 11990 11940)
4(11931 11936 11941 11991)
4(11940 11990 11991 11941)
4(11932 11937 11942 11992)
4(11941 11991 11992 11942)
4(11942 11992 11993 11943)
4(11939 11944 11949 11989)
4(3295 1665 11989 11949)
4(11940 11945 11950 11990)
4(11949 11989 11990 11950)
4(11941 11946 11951 11991)
4(11950 11990 11991 11951)
4(11942 11947 11952 11992)
4(11951 11991 11992 11952)
4(11952 11992 11993 11953)
4(11949 11954 11984 11989)
4(6152 3320 11984 11954)
4(11950 11955 11985 11990)
4(11954 11984 11985 11955)
4(11951 11956 11986 11991)
4(11955 11985 11986 11956)
4(11952 11957 11987 11992)
4(11956 11986 11987 11957)
4(11957 11987 11988 11958)
4(11954 11959 11979 11984)
4(3292 1664 11979 11959)
4(11955 11960 11980 11985)
4(11959 11979 11980 11960)
4(11956 11961 11981 11986)
4(11960 11980 11981 11961)
4(11957 11962 11982 11987)
4(11961 11981 11982 11962)
4(11962 11982 11983 11963)
4(11959 11964 11974 11979)
4(11960 11965 11975 11980)
4(11961 11966 11976 11981)
4(11962 11967 11977 11982)
5(9687 11995 9683 9680 9685)
5(4668 6160 11994 11995 9687)
4(6160 4685 9682 11994)
4(11994 9682 9683 11995)
4(9687 11995 11996 9688)
4(11995 9683 9684 11996)
4(9671 11997 12002 12007)
4(6161 4686 12006 12001)
4(12001 12006 12007 12002)
5(4670 6161 12001 12002 11997)
4(2349 4670 11997 9671)
5(4686 2349 9671 12007 12006)
4(9672 11998 12003 12008)
4(12002 12007 12008 12003)
4(11997 12002 12003 11998)
4(9671 11997 11998 9672)
4(12007 9671 9672 12008)
4(9673 11999 12004 12009)
4(12003 12008 12009 12004)
4(11998 12003 12004 11999)
4(9672 11998 11999 9673)
4(12008 9672 9673 12009)
4(12004 12009 12010 12005)
4(11999 12004 12005 12000)
4(9673 11999 12000 9674)
4(12009 9673 9674 12010)
4(12006 12001 12011 12016)
4(4672 2350 12016 12011)
4(6161 4672 12011 12001)
4(2350 4686 12006 12016)
4(12007 12002 12012 12017)
4(12011 12016 12017 12012)
4(12001 12011 12012 12002)
4(12016 12006 12007 12017)
4(12008 12003 12013 12018)
4(12012 12017 12018 12013)
4(12002 12012 12013 12003)
4(12017 12007 12008 12018)
4(12009 12004 12014 12019)
4(12013 12018 12019 12014)
4(12003 12013 12014 12004)
4(12018 12008 12009 12019)
4(12014 12019 12020 12015)
4(12004 12014 12015 12005)
4(12019 12009 12010 12020)
4(12016 12011 12021 9666)
4(4672 6162 12021 12011)
4(4687 2350 12016 9666)
4(6162 4687 9666 12021)
4(12017 12012 12022 9667)
4(12011 12021 12022 12012)
4(9666 12016 12017 9667)
4(12021 9666 9667 12022)
4(12018 12013 12023 9668)
4(12012 12022 12023 12013)
4(9667 12017 12018 9668)
4(12022 9667 9668 12023)
4(12019 12014 12024 9669)
4(12013 12023 12024 12014)
4(9668 12018 12019 9669)
4(12023 9668 9669 12024)
4(12014 12024 12025 12015)
4(9669 12019 12020 9670)
4(12024 9669 9670 12025)
4(9631 12026 12031 9626)
4(4676 6164 12031 12026)
4(2352 4676 12026 9631)
4(4689 2352 9631 9626)
4(6164 4689 9626 12031)
4(9632 12027 12032 9627)
4(12026 12031 12032 12027)
4(9631 12026 12027 9632)
4(9626 9631 9632 9627)
4(12031 9626 9627 12032)
4(9633 12028 12033 9628)
4(12027 12032 12033 12028)
4(9632 12027 12028 9633)
4(9627 9632 9633 9628)
4(12032 9627 9628 12033)
4(9634 12029 12034 9629)
4(12028 12033 12034 12029)
4(9633 12028 12029 9634)
4(9628 9633 9634 9629)
4(12033 9628 9629 12034)
4(12029 12034 12035 12030)
4(9634 12029 12030 9635)
4(9629 9634 9635 9630)
4(12034 9629 9630 12035)
4(9611 12036 12041 12046)
4(6165 4690 12046 12041)
4(4678 6165 12041 12036)
4(2353 4678 12036 9611)
4(4690 2353 9611 12046)
4(9612 12037 12042 12047)
4(12041 12046 12047 12042)
4(12036 12041 12042 12037)
4(9611 12036 12037 9612)
4(12046 9611 9612 12047)
4(9613 12038 12043 12048)
4(12042 12047 12048 12043)
4(12037 12042 12043 12038)
4(9612 12037 12038 9613)
4(12047 9612 9613 12048)
4(9614 12039 12044 12049)
4(12043 12048 12049 12044)
4(12038 12043 12044 12039)
4(9613 12038 12039 9614)
4(12048 9613 9614 12049)
4(12044 12049 12050 12045)
4(12039 12044 12045 12040)
4(9614 12039 12040 9615)
4(12049 9614 9615 12050)
4(12047 12042 12051 12055)
4(4680 2354 12055 12051)
5(6165 4680 12051 12042 12041)
5(2354 4690 12046 12047 12055)
4(12048 12043 12052 12056)
4(12051 12055 12056 12052)
4(12042 12051 12052 12043)
4(12055 12047 12048 12056)
4(12049 12044 12053 12057)
4(12052 12056 12057 12053)
4(12043 12052 12053 12044)
4(12056 12048 12049 12057)
4(12053 12057 12058 12054)
4(12044 12053 12054 12045)
4(12057 12049 12050 12058)
4(12056 12052 12059 9608)
5(4680 6166 12059 12052 12051)
5(4691 2354 12055 12056 9608)
4(6166 4691 9608 12059)
4(12057 12053 12060 9609)
4(12052 12059 12060 12053)
4(9608 12056 12057 9609)
4(12059 9608 9609 12060)
4(12053 12060 12061 12054)
4(9609 12057 12058 9610)
4(12060 9609 9610 12061)
4(4684 6168 12063 12062)
4(2356 4684 12062 12063)
4(4683 4482 8990 12064)
4(12064 8990 8991 12065)
4(6168 4683 12064 12065)
5(12064 12067 12070 8980 8990)
4(6169 4666 12069 12066)
4(12066 12069 12070 12067)
5(4683 6169 12066 12067 12064)
4(4666 5921 8979 12069)
4(12069 8979 8980 12070)
4(12067 12070 12071 12068)
4(12064 12067 12068 12065)
4(12070 8980 8981 12071)
4(12069 12066 12073 9065)
5(6169 4664 12072 12073 12066)
4(4664 2339 9064 12072)
4(12072 9064 9065 12073)
5(2339 4666 12069 9065 9064)
4(12070 12067 12074 9066)
4(12066 12073 12074 12067)
4(12073 9065 9066 12074)
4(9065 12069 12070 9066)
4(12067 12074 12075 12068)
4(12074 9066 9067 12075)
4(9066 12070 12071 9067)
5(9074 12077 12081 8945 8968)
4(6171 5919 8945 12081)
5(4645 6171 12081 12077 12076)
4(2329 4645 12076 9073)
4(9073 12076 12077 9074)
5(9075 12078 12082 8946 8969)
4(12081 8945 8946 12082)
4(12077 12081 12082 12078)
4(9074 12077 12078 9075)
5(9076 12079 12083 8947 8970)
4(12082 8946 8947 12083)
4(12078 12082 12083 12079)
4(9075 12078 12079 9076)
4(12083 8947 8948 12084)
4(12079 12083 12084 12080)
4(9076 12079 12080 9077)
4(12082 9059 8949 8946)
5(6171 4627 9059 12082 12081)
4(12083 9060 8950 8947)
4(12082 9059 9060 12083)
4(12083 9060 9061 12084)
4(6172 4609 9063 9062)
4(6174 4573 12088 12087)
4(4590 6174 12087 12085)
4(12085 12087 12088 12086)
4(2301 4590 12085 12086)
4(6174 4571 12089 12087)
4(12087 12089 12090 12088)
4(4571 2291 12090 12089)
4(6178 4514 12091 12092)
4(4514 2260 12092 12091)
4(4512 6180 12094 12093)
4(2259 4512 12093 12094)
4(4510 6181 12095 12096)
4(6181 4508 12096 12095)
4(6182 4506 12098 12097)
4(5692 6182 12097 8442)
4(8442 12097 12098 8443)
4(4506 5942 9168 9169)
4(6182 4507 12098 12097)
4(2340 4668 9687 12101)
4(12101 9687 9688 12102)
4(3170 2340 12101 12099)
4(12099 12101 12102 12100)
4(6159 3170 12099 12100)
4(9687 12101 12104 11995)
4(4667 6160 11994 12103)
4(12103 11994 11995 12104)
5(2340 4667 12103 12104 12101)
4(12104 11995 11996 12105)
4(12101 12104 12105 12102)
4(11994 12103 12107 11998)
4(2341 4670 11997 12106)
4(12106 11997 11998 12107)
5(4667 2341 12106 12107 12103)
5(4670 6160 11994 11998 11997)
4(11995 12104 12108 11999)
4(12107 11998 11999 12108)
4(12103 12107 12108 12104)
4(11998 11994 11995 11999)
4(12108 11999 12000 12109)
4(12104 12108 12109 12105)
4(11999 11995 11996 12000)
4(11997 12106 12111 12002)
4(4669 6161 12001 12110)
4(12110 12001 12002 12111)
5(2341 4669 12110 12111 12106)
4(11998 12107 12112 12003)
4(12111 12002 12003 12112)
4(12106 12111 12112 12107)
4(11999 12108 12113 12004)
4(12112 12003 12004 12113)
4(12107 12112 12113 12108)
4(12113 12004 12005 12114)
4(12108 12113 12114 12109)
4(12001 12110 12115 12011)
4(2342 4672 12011 12115)
4(4669 2342 12115 12110)
4(12002 12111 12116 12012)
4(12115 12011 12012 12116)
4(12110 12115 12116 12111)
4(12003 12112 12117 12013)
4(12116 12012 12013 12117)
4(12111 12116 12117 12112)
4(12004 12113 12118 12014)
4(12117 12013 12014 12118)
4(12112 12117 12118 12113)
4(12118 12014 12015 12119)
4(12113 12118 12119 12114)
4(12011 12115 12120 12021)
4(4671 6162 12021 12120)
4(2342 4671 12120 12115)
4(12012 12116 12121 12022)
4(12120 12021 12022 12121)
4(12115 12120 12121 12116)
4(12013 12117 12122 12023)
4(12121 12022 12023 12122)
4(12116 12121 12122 12117)
4(12014 12118 12123 12024)
4(12122 12023 12024 12123)
4(12117 12122 12123 12118)
4(12123 12024 12025 12124)
4(12118 12123 12124 12119)
4(12021 12120 12125 12130)
4(2343 4674 12130 12125)
4(4671 2343 12125 12120)
4(4674 6162 12021 12130)
4(12022 12121 12126 12131)
4(12125 12130 12131 12126)
4(12120 12125 12126 12121)
4(12130 12021 12022 12131)
4(12023 12122 12127 12132)
4(12126 12131 12132 12127)
4(12121 12126 12127 12122)
4(12131 12022 12023 12132)
4(12024 12123 12128 12133)
4(12127 12132 12133 12128)
4(12122 12127 12128 12123)
4(12132 12023 12024 12133)
4(12128 12133 12134 12129)
4(12123 12128 12129 12124)
4(12133 12024 12025 12134)
4(12130 12125 12135 12140)
4(4673 6163 12140 12135)
4(2343 4673 12135 12125)
4(6163 4674 12130 12140)
4(12131 12126 12136 12141)
4(12135 12140 12141 12136)
4(12125 12135 12136 12126)
4(12140 12130 12131 12141)
4(12132 12127 12137 12142)
4(12136 12141 12142 12137)
4(12126 12136 12137 12127)
4(12141 12131 12132 12142)
4(12133 12128 12138 12143)
4(12137 12142 12143 12138)
4(12127 12137 12138 12128)
4(12142 12132 12133 12143)
4(12138 12143 12144 12139)
4(12128 12138 12139 12129)
4(12143 12133 12134 12144)
4(12140 12135 12145 12026)
4(2344 4676 12026 12145)
4(4673 2344 12145 12135)
4(4676 6163 12140 12026)
4(12141 12136 12146 12027)
4(12145 12026 12027 12146)
4(12135 12145 12146 12136)
4(12026 12140 12141 12027)
4(12142 12137 12147 12028)
4(12146 12027 12028 12147)
4(12136 12146 12147 12137)
4(12027 12141 12142 12028)
4(12143 12138 12148 12029)
4(12147 12028 12029 12148)
4(12137 12147 12148 12138)
4(12028 12142 12143 12029)
4(12148 12029 12030 12149)
4(12138 12148 12149 12139)
4(12029 12143 12144 12030)
4(12026 12145 12150 12031)
4(4675 6164 12031 12150)
4(2344 4675 12150 12145)
4(12027 12146 12151 12032)
4(12150 12031 12032 12151)
4(12145 12150 12151 12146)
4(12028 12147 12152 12033)
4(12151 12032 12033 12152)
4(12146 12151 12152 12147)
4(12029 12148 12153 12034)
4(12152 12033 12034 12153)
4(12147 12152 12153 12148)
4(12153 12034 12035 12154)
4(12148 12153 12154 12149)
4(12031 12150 12155 12036)
4(2345 4678 12036 12155)
4(4675 2345 12155 12150)
4(4678 6164 12031 12036)
4(12032 12151 12156 12037)
4(12155 12036 12037 12156)
4(12150 12155 12156 12151)
4(12036 12031 12032 12037)
4(12033 12152 12157 12038)
4(12156 12037 12038 12157)
4(12151 12156 12157 12152)
4(12037 12032 12033 12038)
4(12034 12153 12158 12039)
4(12157 12038 12039 12158)
4(12152 12157 12158 12153)
4(12038 12033 12034 12039)
4(12158 12039 12040 12159)
4(12153 12158 12159 12154)
4(12039 12034 12035 12040)
4(12036 12155 12160 12041)
4(4677 6165 12041 12160)
4(2345 4677 12160 12155)
4(12037 12156 12161 12042)
4(12160 12041 12042 12161)
4(12155 12160 12161 12156)
4(12038 12157 12162 12043)
4(12161 12042 12043 12162)
4(12156 12161 12162 12157)
4(12039 12158 12163 12044)
4(12162 12043 12044 12163)
4(12157 12162 12163 12158)
4(12163 12044 12045 12164)
4(12158 12163 12164 12159)
4(12042 12161 12165 12051)
4(2346 4680 12051 12165)
5(4677 2346 12165 12161 12160)
4(12043 12162 12166 12052)
4(12165 12051 12052 12166)
4(12161 12165 12166 12162)
4(12044 12163 12167 12053)
4(12166 12052 12053 12167)
4(12162 12166 12167 12163)
4(12167 12053 12054 12168)
4(12163 12167 12168 12164)
4(12052 12166 12169 12059)
4(4679 6166 12059 12169)
5(2346 4679 12169 12166 12165)
4(12053 12167 12170 12060)
4(12169 12059 12060 12170)
4(12166 12169 12170 12167)
4(12170 12060 12061 12171)
4(12167 12170 12171 12168)
4(12060 12170 12173 9601)
5(2347 4682 9601 12173 12172)
4(4679 2347 12172 12169)
4(12169 12172 12173 12170)
5(4682 6166 12059 12060 9601)
4(12173 9601 9602 12174)
4(12170 12173 12174 12171)
4(9601 12060 12061 9602)
4(9601 12173 12176 9603)
5(4681 6167 9603 12176 12175)
4(2347 4681 12175 12172)
4(12172 12175 12176 12173)
4(12176 9603 9604 12177)
4(12173 12176 12177 12174)
4(9603 12176 12178 12062)
4(2348 4684 12062 12178)
5(4681 2348 12178 12176 12175)
4(4684 6167 9603 12062)
4(12178 12062 12063 12179)
4(12176 12178 12179 12177)
4(12062 9603 9604 12063)
4(2348 4683 12064 12178)
4(12178 12064 12065 12179)
4(12064 12178 12181 12067)
4(4665 6169 12066 12180)
4(12180 12066 12067 12181)
5(2348 4665 12180 12181 12178)
4(12181 12067 12068 12182)
4(12178 12181 12182 12179)
4(12066 12180 12184 12073)
4(2338 4664 12072 12183)
4(12183 12072 12073 12184)
5(4665 2338 12183 12184 12180)
4(12067 12181 12185 12074)
4(12184 12073 12074 12185)
4(12180 12184 12185 12181)
4(12185 12074 12075 12186)
4(12181 12185 12186 12182)
4(12072 12183 12188 12193)
4(4646 6170 12192 12187)
4(12187 12192 12193 12188)
5(2338 4646 12187 12188 12183)
5(6170 4664 12072 12193 12192)
4(12073 12184 12189 12194)
4(12188 12193 12194 12189)
4(12183 12188 12189 12184)
4(12193 12072 12073 12194)
4(12074 12185 12190 12195)
4(12189 12194 12195 12190)
4(12184 12189 12190 12185)
4(12194 12073 12074 12195)
4(12190 12195 12196 12191)
4(12185 12190 12191 12186)
4(12195 12074 12075 12196)
4(12192 12187 12197 12076)
4(2328 4645 12076 12197)
4(4646 2328 12197 12187)
4(4645 6170 12192 12076)
4(12193 12188 12198 12077)
4(12197 12076 12077 12198)
4(12187 12197 12198 12188)
4(12076 12192 12193 12077)
4(12194 12189 12199 12078)
4(12198 12077 12078 12199)
4(12188 12198 12199 12189)
4(12077 12193 12194 12078)
4(12195 12190 12200 12079)
4(12199 12078 12079 12200)
4(12189 12199 12200 12190)
4(12078 12194 12195 12079)
4(12200 12079 12080 12201)
4(12190 12200 12201 12191)
4(12079 12195 12196 12080)
4(12077 12198 12202 12081)
4(4628 6171 12081 12202)
5(2328 4628 12202 12198 12197)
4(12078 12199 12203 12082)
4(12202 12081 12082 12203)
4(12198 12202 12203 12199)
4(12079 12200 12204 12083)
4(12203 12082 12083 12204)
4(12199 12203 12204 12200)
4(12204 12083 12084 12205)
4(12200 12204 12205 12201)
4(12082 12203 12206 9059)
4(2319 4627 9059 12206)
5(4628 2319 12206 12203 12202)
4(12083 12204 12207 9060)
4(12206 9059 9060 12207)
4(12203 12206 12207 12204)
4(12207 9060 9061 12208)
4(12204 12207 12208 12205)
4(9060 12207 12209 9062)
4(4610 6172 9062 12209)
5(2319 4610 12209 12207 12206)
4(12209 9062 9063 12210)
4(12207 12209 12210 12208)
4(2310 4609 12212 12211)
4(4610 2310 12211 12209)
4(12209 12211 12212 12210)
4(4591 6173 12214 12213)
4(2310 4591 12213 12211)
4(12211 12213 12214 12212)
4(2300 4590 12085 12215)
4(12215 12085 12086 12216)
4(4591 2300 12215 12213)
4(12213 12215 12216 12214)
4(4590 6173 12086 12085)
4(12085 12215 12218 12087)
5(4572 6174 12087 12218 12217)
5(2300 4572 12217 12218 12215)
4(12218 12087 12088 12219)
4(12215 12218 12219 12216)
4(12087 12218 12221 12089)
5(2290 4571 12089 12221 12220)
4(4572 2290 12220 12217)
4(12217 12220 12221 12218)
4(12221 12089 12090 12222)
4(12218 12221 12222 12219)
4(12089 12221 12224 12226)
5(4553 6175 12226 12224 12223)
4(2290 4553 12223 12220)
4(12220 12223 12224 12221)
4(6175 4571 12089 12226)
4(12224 12226 12227 12225)
4(12221 12224 12225 12222)
4(12226 12089 12090 12227)
4(12226 12224 12228 12230)
4(2280 4552 12230 12228)
5(4553 2280 12228 12224 12223)
4(4552 6175 12226 12230)
4(12228 12230 12231 12229)
4(12224 12228 12229 12225)
4(12230 12226 12227 12231)
4(4534 6176 12233 12232)
4(2280 4534 12232 12228)
4(12228 12232 12233 12229)
4(6176 4552 12230 12231)
4(2270 4533 12235 12234)
4(4534 2270 12234 12232)
4(12232 12234 12235 12233)
4(2270 4516 12235 12234)
4(4531 6178 12237 12236)
4(2270 4531 12236 12234)
4(12234 12236 12237 12235)
4(2269 4514 12091 12238)
4(12238 12091 12092 12239)
4(4531 2269 12238 12236)
4(12236 12238 12239 12237)
4(12091 12238 12240 12242)
4(4529 6179 12242 12240)
4(2269 4529 12240 12238)
4(6179 4514 12091 12242)
4(12240 12242 12243 12241)
4(12238 12240 12241 12239)
4(12242 12091 12092 12243)
4(12242 12240 12244 12093)
4(2268 4512 12093 12244)
4(4529 2268 12244 12240)
4(4512 6179 12242 12093)
4(12244 12093 12094 12245)
4(12240 12244 12245 12241)
4(12093 12242 12243 12094)
4(4527 6180 12247 12246)
4(2268 4527 12246 12244)
4(12244 12246 12247 12245)
4(2267 4510 12249 12248)
4(4527 2267 12248 12246)
4(12246 12248 12249 12247)
4(2267 4525 12250 12248)
4(12248 12250 12251 12249)
4(4525 6181 12095 12250)
4(12250 12095 12096 12251)
5(12253 12255 12097 8442 7338)
4(4522 6182 12097 12255)
4(4233 2265 12252 7337)
4(7337 12252 12253 7338)
5(2265 4522 12255 12253 12252)
4(12255 12097 12098 12256)
4(7338 12253 12254 7339)
4(12253 12255 12256 12254)
4(2264 4507 12258 12257)
4(4522 2264 12257 12255)
4(12255 12257 12258 12256)
4(4520 6183 12260 12259)
4(2264 4520 12259 12257)
4(12257 12259 12260 12258)
4(2263 4505 12262 12261)
4(4520 2263 12261 12259)
4(12259 12261 12262 12260)
4(4518 6184 12264 12263)
4(2263 4518 12263 12261)
4(12261 12263 12264 12262)
4(2262 4503 12266 12265)
4(4518 2262 12265 12263)
4(12263 12265 12266 12264)
4(2262 3138 12266 12265)
4(6188 3170 12099 12267)
4(12267 12099 12100 12268)
4(3165 6188 12267 12268)
4(3170 1593 12100 12099)
4(12099 12267 12270 12101)
5(4649 2340 12101 12270 12269)
5(6188 4649 12269 12270 12267)
4(12270 12101 12102 12271)
4(12267 12270 12271 12268)
4(12101 12270 12273 12104)
4(6189 4667 12103 12272)
4(12272 12103 12104 12273)
4(4649 6189 12272 12269)
4(12269 12272 12273 12270)
4(12273 12104 12105 12274)
4(12270 12273 12274 12271)
4(12103 12272 12276 12107)
4(4651 2341 12106 12275)
4(12275 12106 12107 12276)
5(6189 4651 12275 12276 12272)
4(12104 12273 12277 12108)
4(12276 12107 12108 12277)
4(12272 12276 12277 12273)
4(12277 12108 12109 12278)
4(12273 12277 12278 12274)
4(12106 12275 12280 12111)
4(6190 4669 12110 12279)
4(12279 12110 12111 12280)
5(4651 6190 12279 12280 12275)
4(12107 12276 12281 12112)
4(12280 12111 12112 12281)
4(12275 12280 12281 12276)
4(12108 12277 12282 12113)
4(12281 12112 12113 12282)
4(12276 12281 12282 12277)
4(12282 12113 12114 12283)
4(12277 12282 12283 12278)
4(12110 12279 12284 12115)
4(4653 2342 12115 12284)
4(6190 4653 12284 12279)
4(12111 12280 12285 12116)
4(12284 12115 12116 12285)
4(12279 12284 12285 12280)
4(12112 12281 12286 12117)
4(12285 12116 12117 12286)
4(12280 12285 12286 12281)
4(12113 12282 12287 12118)
4(12286 12117 12118 12287)
4(12281 12286 12287 12282)
4(12287 12118 12119 12288)
4(12282 12287 12288 12283)
4(12115 12284 12289 12120)
4(6191 4671 12120 12289)
4(4653 6191 12289 12284)
4(12116 12285 12290 12121)
4(12289 12120 12121 12290)
4(12284 12289 12290 12285)
4(12117 12286 12291 12122)
4(12290 12121 12122 12291)
4(12285 12290 12291 12286)
4(12118 12287 12292 12123)
4(12291 12122 12123 12292)
4(12286 12291 12292 12287)
4(12292 12123 12124 12293)
4(12287 12292 12293 12288)
4(12120 12289 12294 12125)
4(4655 2343 12125 12294)
4(6191 4655 12294 12289)
4(12121 12290 12295 12126)
4(12294 12125 12126 12295)
4(12289 12294 12295 12290)
4(12122 12291 12296 12127)
4(12295 12126 12127 12296)
4(12290 12295 12296 12291)
4(12123 12292 12297 12128)
4(12296 12127 12128 12297)
4(12291 12296 12297 12292)
4(12297 12128 12129 12298)
4(12292 12297 12298 12293)
4(12125 12294 12299 12135)
4(6192 4673 12135 12299)
4(4655 6192 12299 12294)
4(12126 12295 12300 12136)
4(12299 12135 12136 12300)
4(12294 12299 12300 12295)
4(12127 12296 12301 12137)
4(12300 12136 12137 12301)
4(12295 12300 12301 12296)
4(12128 12297 12302 12138)
4(12301 12137 12138 12302)
4(12296 12301 12302 12297)
4(12302 12138 12139 12303)
4(12297 12302 12303 12298)
4(12135 12299 12304 12145)
4(4657 2344 12145 12304)
4(6192 4657 12304 12299)
4(12136 12300 12305 12146)
4(12304 12145 12146 12305)
4(12299 12304 12305 12300)
4(12137 12301 12306 12147)
4(12305 12146 12147 12306)
4(12300 12305 12306 12301)
4(12138 12302 12307 12148)
4(12306 12147 12148 12307)
4(12301 12306 12307 12302)
4(12307 12148 12149 12308)
4(12302 12307 12308 12303)
4(12145 12304 12309 12150)
4(6193 4675 12150 12309)
4(4657 6193 12309 12304)
4(12146 12305 12310 12151)
4(12309 12150 12151 12310)
4(12304 12309 12310 12305)
4(12147 12306 12311 12152)
4(12310 12151 12152 12311)
4(12305 12310 12311 12306)
4(12148 12307 12312 12153)
4(12311 12152 12153 12312)
4(12306 12311 12312 12307)
4(12312 12153 12154 12313)
4(12307 12312 12313 12308)
4(12150 12309 12314 12155)
4(4659 2345 12155 12314)
4(6193 4659 12314 12309)
4(12151 12310 12315 12156)
4(12314 12155 12156 12315)
4(12309 12314 12315 12310)
4(12152 12311 12316 12157)
4(12315 12156 12157 12316)
4(12310 12315 12316 12311)
4(12153 12312 12317 12158)
4(12316 12157 12158 12317)
4(12311 12316 12317 12312)
4(12317 12158 12159 12318)
4(12312 12317 12318 12313)
4(12155 12314 12319 12160)
4(6194 4677 12160 12319)
4(4659 6194 12319 12314)
4(12156 12315 12320 12161)
4(12319 12160 12161 12320)
4(12314 12319 12320 12315)
4(12157 12316 12321 12162)
4(12320 12161 12162 12321)
4(12315 12320 12321 12316)
4(12158 12317 12322 12163)
4(12321 12162 12163 12322)
4(12316 12321 12322 12317)
4(12322 12163 12164 12323)
4(12317 12322 12323 12318)
4(12161 12320 12324 12165)
4(4661 2346 12165 12324)
5(6194 4661 12324 12320 12319)
4(12162 12321 12325 12166)
4(12324 12165 12166 12325)
4(12320 12324 12325 12321)
4(12163 12322 12326 12167)
4(12325 12166 12167 12326)
4(12321 12325 12326 12322)
4(12326 12167 12168 12327)
4(12322 12326 12327 12323)
4(12166 12325 12329 12169)
5(6195 4679 12169 12329 12328)
4(4661 6195 12328 12324)
4(12324 12328 12329 12325)
4(12167 12326 12330 12170)
4(12329 12169 12170 12330)
4(12325 12329 12330 12326)
4(12330 12170 12171 12331)
4(12326 12330 12331 12327)
4(12169 12329 12333 12172)
5(4663 2347 12172 12333 12332)
4(6195 4663 12332 12328)
4(12328 12332 12333 12329)
4(12170 12330 12334 12173)
4(12333 12172 12173 12334)
4(12329 12333 12334 12330)
4(12334 12173 12174 12335)
4(12330 12334 12335 12331)
4(12172 12333 12336 12175)
4(6196 4681 12175 12336)
5(4663 6196 12336 12333 12332)
4(12173 12334 12337 12176)
4(12336 12175 12176 12337)
4(12333 12336 12337 12334)
4(12337 12176 12177 12338)
4(12334 12337 12338 12335)
4(12176 12337 12181 12178)
4(6196 4665 12180 12336)
4(12336 12180 12181 12337)
4(12337 12181 12182 12338)
4(12180 12336 12340 12184)
4(4662 2338 12183 12339)
4(12339 12183 12184 12340)
5(6196 4662 12339 12340 12336)
4(12181 12337 12341 12185)
4(12340 12184 12185 12341)
4(12336 12340 12341 12337)
4(12341 12185 12186 12342)
4(12337 12341 12342 12338)
4(12183 12339 12344 12188)
4(6197 4646 12187 12343)
4(12343 12187 12188 12344)
5(4662 6197 12343 12344 12339)
4(12184 12340 12345 12189)
4(12344 12188 12189 12345)
4(12339 12344 12345 12340)
4(12185 12341 12346 12190)
4(12345 12189 12190 12346)
4(12340 12345 12346 12341)
4(12346 12190 12191 12347)
4(12341 12346 12347 12342)
4(12187 12343 12348 12197)
4(4643 2328 12197 12348)
4(6197 4643 12348 12343)
4(12188 12344 12349 12198)
4(12348 12197 12198 12349)
4(12343 12348 12349 12344)
4(12189 12345 12350 12199)
4(12349 12198 12199 12350)
4(12344 12349 12350 12345)
4(12190 12346 12351 12200)
4(12350 12199 12200 12351)
4(12345 12350 12351 12346)
4(12351 12200 12201 12352)
4(12346 12351 12352 12347)
4(12198 12349 12353 12202)
4(6198 4628 12202 12353)
5(4643 6198 12353 12349 12348)
4(12199 12350 12354 12203)
4(12353 12202 12203 12354)
4(12349 12353 12354 12350)
4(12200 12351 12355 12204)
4(12354 12203 12204 12355)
4(12350 12354 12355 12351)
4(12355 12204 12205 12356)
4(12351 12355 12356 12352)
4(12203 12354 12357 12206)
4(4625 2319 12206 12357)
5(6198 4625 12357 12354 12353)
4(12204 12355 12358 12207)
4(12357 12206 12207 12358)
4(12354 12357 12358 12355)
4(12358 12207 12208 12359)
4(12355 12358 12359 12356)
4(12207 12358 12361 12209)
5(6199 4610 12209 12361 12360)
4(4625 6199 12360 12357)
4(12357 12360 12361 12358)
4(12361 12209 12210 12362)
4(12358 12361 12362 12359)
4(12209 12361 12364 12211)
5(4607 2310 12211 12364 12363)
4(6199 4607 12363 12360)
4(12360 12363 12364 12361)
4(12364 12211 12212 12365)
4(12361 12364 12365 12362)
4(12211 12364 12367 12213)
5(6200 4591 12213 12367 12366)
4(4607 6200 12366 12363)
4(12363 12366 12367 12364)
4(12367 12213 12214 12368)
4(12364 12367 12368 12365)
4(12213 12367 12370 12215)
5(4588 2300 12215 12370 12369)
4(6200 4588 12369 12366)
4(12366 12369 12370 12367)
4(12370 12215 12216 12371)
4(12367 12370 12371 12368)
4(12215 12370 12373 12218)
4(6201 4572 12217 12372)
4(12372 12217 12218 12373)
4(4588 6201 12372 12369)
4(12369 12372 12373 12370)
4(12373 12218 12219 12374)
4(12370 12373 12374 12371)
4(12217 12372 12375 12220)
4(4569 2290 12220 12375)
4(6201 4569 12375 12372)
4(12218 12373 12376 12221)
4(12375 12220 12221 12376)
4(12372 12375 12376 12373)
4(12376 12221 12222 12377)
4(12373 12376 12377 12374)
4(12220 12375 12378 12223)
4(6202 4553 12223 12378)
4(4569 6202 12378 12375)
4(12221 12376 12379 12224)
4(12378 12223 12224 12379)
4(12375 12378 12379 12376)
4(12379 12224 12225 12380)
4(12376 12379 12380 12377)
4(12224 12379 12382 12228)
5(4550 2280 12228 12382 12381)
4(6202 4550 12381 12378)
4(12378 12381 12382 12379)
4(12382 12228 12229 12383)
4(12379 12382 12383 12380)
4(12228 12382 12385 12232)
5(6203 4534 12232 12385 12384)
4(4550 6203 12384 12381)
4(12381 12384 12385 12382)
4(12385 12232 12233 12386)
4(12382 12385 12386 12383)
4(12232 12385 12236 12234)
5(6203 4531 12236 12385 12384)
4(12385 12236 12237 12386)
4(12236 12385 12388 12238)
5(4532 2269 12238 12388 12387)
4(6203 4532 12387 12384)
4(12384 12387 12388 12385)
4(12388 12238 12239 12389)
4(12385 12388 12389 12386)
4(12238 12388 12391 12240)
5(6204 4529 12240 12391 12390)
4(4532 6204 12390 12387)
4(12387 12390 12391 12388)
4(12391 12240 12241 12392)
4(12388 12391 12392 12389)
4(12240 12391 12394 12244)
5(4530 2268 12244 12394 12393)
4(6204 4530 12393 12390)
4(12390 12393 12394 12391)
4(12394 12244 12245 12395)
4(12391 12394 12395 12392)
4(12244 12394 12397 12246)
5(6205 4527 12246 12397 12396)
4(4530 6205 12396 12393)
4(12393 12396 12397 12394)
4(12397 12246 12247 12398)
4(12394 12397 12398 12395)
4(12246 12397 12400 12248)
5(4528 2267 12248 12400 12399)
4(6205 4528 12399 12396)
4(12396 12399 12400 12397)
4(12400 12248 12249 12401)
4(12397 12400 12401 12398)
4(12248 12400 12403 12250)
5(6206 4525 12250 12403 12402)
4(4528 6206 12402 12399)
4(12399 12402 12403 12400)
4(12403 12250 12251 12404)
4(12400 12403 12404 12401)
4(12250 12403 12406 12409)
4(4526 2266 12408 12405)
4(12405 12408 12409 12406)
4(6206 4526 12405 12402)
4(12402 12405 12406 12403)
5(2266 4525 12250 12409 12408)
4(12406 12409 12410 12407)
4(12403 12406 12407 12404)
4(12409 12250 12251 12410)
5(12408 12405 12411 7334 12414)
4(6207 5695 7334 12411)
4(4526 6207 12411 12405)
4(5695 4236 12414 7334)
4(4236 2266 12408 12414)
5(12409 12406 12412 7335 12415)
4(12411 7334 7335 12412)
4(12405 12411 12412 12406)
4(7334 12414 12415 7335)
4(12414 12408 12409 12415)
4(12412 7335 7336 12413)
4(12406 12412 12413 12407)
4(7335 12415 12416 7336)
4(12415 12409 12410 12416)
5(12411 12417 12252 7337 7334)
4(4524 2265 12252 12417)
4(6207 4524 12417 12411)
5(12412 12418 12253 7338 7335)
4(12417 12252 12253 12418)
4(12411 12417 12418 12412)
4(12418 12253 12254 12419)
4(12412 12418 12419 12413)
4(12253 12418 12421 12255)
5(6208 4522 12255 12421 12420)
4(4524 6208 12420 12417)
4(12417 12420 12421 12418)
4(12421 12255 12256 12422)
4(12418 12421 12422 12419)
4(12255 12421 12424 12257)
5(4523 2264 12257 12424 12423)
4(6208 4523 12423 12420)
4(12420 12423 12424 12421)
4(12424 12257 12258 12425)
4(12421 12424 12425 12422)
4(12257 12424 12427 12259)
5(6209 4520 12259 12427 12426)
4(4523 6209 12426 12423)
4(12423 12426 12427 12424)
4(12427 12259 12260 12428)
4(12424 12427 12428 12425)
4(12259 12427 12430 12261)
5(4521 2263 12261 12430 12429)
4(6209 4521 12429 12426)
4(12426 12429 12430 12427)
4(12430 12261 12262 12431)
4(12427 12430 12431 12428)
4(12261 12430 12433 12263)
5(6210 4518 12263 12433 12432)
4(4521 6210 12432 12429)
4(12429 12432 12433 12430)
4(12433 12263 12264 12434)
4(12430 12433 12434 12431)
4(12263 12433 12435 12265)
4(4519 2262 12265 12435)
5(6210 4519 12435 12433 12432)
4(12435 12265 12266 12436)
4(12433 12435 12436 12434)
4(4519 6211 12436 12435)
4(3161 6214 12437 12438)
4(6214 3166 12439 12437)
4(12437 12439 12440 12438)
4(3166 1572 12440 12439)
4(12267 12439 12442 12270)
4(2330 4649 12269 12441)
4(12441 12269 12270 12442)
5(3166 2330 12441 12442 12439)
4(6188 3166 12439 12267)
4(12442 12270 12271 12443)
4(12439 12442 12443 12440)
4(12267 12439 12440 12268)
4(12269 12441 12444 12272)
4(4648 6189 12272 12444)
4(2330 4648 12444 12441)
4(12270 12442 12445 12273)
4(12444 12272 12273 12445)
4(12441 12444 12445 12442)
4(12445 12273 12274 12446)
4(12442 12445 12446 12443)
4(12272 12444 12448 12276)
4(2331 4651 12275 12447)
4(12447 12275 12276 12448)
5(4648 2331 12447 12448 12444)
4(12273 12445 12449 12277)
4(12448 12276 12277 12449)
4(12444 12448 12449 12445)
4(12449 12277 12278 12450)
4(12445 12449 12450 12446)
4(12275 12447 12452 12280)
4(4650 6190 12279 12451)
4(12451 12279 12280 12452)
5(2331 4650 12451 12452 12447)
4(12276 12448 12453 12281)
4(12452 12280 12281 12453)
4(12447 12452 12453 12448)
4(12277 12449 12454 12282)
4(12453 12281 12282 12454)
4(12448 12453 12454 12449)
4(12454 12282 12283 12455)
4(12449 12454 12455 12450)
4(12279 12451 12456 12284)
4(2332 4653 12284 12456)
4(4650 2332 12456 12451)
4(12280 12452 12457 12285)
4(12456 12284 12285 12457)
4(12451 12456 12457 12452)
4(12281 12453 12458 12286)
4(12457 12285 12286 12458)
4(12452 12457 12458 12453)
4(12282 12454 12459 12287)
4(12458 12286 12287 12459)
4(12453 12458 12459 12454)
4(12459 12287 12288 12460)
4(12454 12459 12460 12455)
4(12284 12456 12461 12289)
4(4652 6191 12289 12461)
4(2332 4652 12461 12456)
4(12285 12457 12462 12290)
4(12461 12289 12290 12462)
4(12456 12461 12462 12457)
4(12286 12458 12463 12291)
4(12462 12290 12291 12463)
4(12457 12462 12463 12458)
4(12287 12459 12464 12292)
4(12463 12291 12292 12464)
4(12458 12463 12464 12459)
4(12464 12292 12293 12465)
4(12459 12464 12465 12460)
4(12289 12461 12466 12294)
4(2333 4655 12294 12466)
4(4652 2333 12466 12461)
4(12290 12462 12467 12295)
4(12466 12294 12295 12467)
4(12461 12466 12467 12462)
4(12291 12463 12468 12296)
4(12467 12295 12296 12468)
4(12462 12467 12468 12463)
4(12292 12464 12469 12297)
4(12468 12296 12297 12469)
4(12463 12468 12469 12464)
4(12469 12297 12298 12470)
4(12464 12469 12470 12465)
4(12294 12466 12471 12299)
4(4654 6192 12299 12471)
4(2333 4654 12471 12466)
4(12295 12467 12472 12300)
4(12471 12299 12300 12472)
4(12466 12471 12472 12467)
4(12296 12468 12473 12301)
4(12472 12300 12301 12473)
4(12467 12472 12473 12468)
4(12297 12469 12474 12302)
4(12473 12301 12302 12474)
4(12468 12473 12474 12469)
4(12474 12302 12303 12475)
4(12469 12474 12475 12470)
4(12299 12471 12476 12304)
4(2334 4657 12304 12476)
4(4654 2334 12476 12471)
4(12300 12472 12477 12305)
4(12476 12304 12305 12477)
4(12471 12476 12477 12472)
4(12301 12473 12478 12306)
4(12477 12305 12306 12478)
4(12472 12477 12478 12473)
4(12302 12474 12479 12307)
4(12478 12306 12307 12479)
4(12473 12478 12479 12474)
4(12479 12307 12308 12480)
4(12474 12479 12480 12475)
4(12304 12476 12481 12309)
4(4656 6193 12309 12481)
4(2334 4656 12481 12476)
4(12305 12477 12482 12310)
4(12481 12309 12310 12482)
4(12476 12481 12482 12477)
4(12306 12478 12483 12311)
4(12482 12310 12311 12483)
4(12477 12482 12483 12478)
4(12307 12479 12484 12312)
4(12483 12311 12312 12484)
4(12478 12483 12484 12479)
4(12484 12312 12313 12485)
4(12479 12484 12485 12480)
4(12309 12481 12486 12314)
4(2335 4659 12314 12486)
4(4656 2335 12486 12481)
4(12310 12482 12487 12315)
4(12486 12314 12315 12487)
4(12481 12486 12487 12482)
4(12311 12483 12488 12316)
4(12487 12315 12316 12488)
4(12482 12487 12488 12483)
4(12312 12484 12489 12317)
4(12488 12316 12317 12489)
4(12483 12488 12489 12484)
4(12489 12317 12318 12490)
4(12484 12489 12490 12485)
4(12314 12486 12491 12319)
4(4658 6194 12319 12491)
4(2335 4658 12491 12486)
4(12315 12487 12492 12320)
4(12491 12319 12320 12492)
4(12486 12491 12492 12487)
4(12316 12488 12493 12321)
4(12492 12320 12321 12493)
4(12487 12492 12493 12488)
4(12317 12489 12494 12322)
4(12493 12321 12322 12494)
4(12488 12493 12494 12489)
4(12494 12322 12323 12495)
4(12489 12494 12495 12490)
4(12320 12492 12497 12324)
5(2336 4661 12324 12497 12496)
4(4658 2336 12496 12491)
4(12491 12496 12497 12492)
4(12321 12493 12498 12325)
4(12497 12324 12325 12498)
4(12492 12497 12498 12493)
4(12322 12494 12499 12326)
4(12498 12325 12326 12499)
4(12493 12498 12499 12494)
4(12499 12326 12327 12500)
4(12494 12499 12500 12495)
4(12324 12497 12502 12328)
5(4660 6195 12328 12502 12501)
4(2336 4660 12501 12496)
4(12496 12501 12502 12497)
4(12325 12498 12503 12329)
4(12502 12328 12329 12503)
4(12497 12502 12503 12498)
4(12326 12499 12504 12330)
4(12503 12329 12330 12504)
4(12498 12503 12504 12499)
4(12504 12330 12331 12505)
4(12499 12504 12505 12500)
4(12328 12502 12506 12332)
4(2337 4663 12332 12506)
5(4660 2337 12506 12502 12501)
4(12329 12503 12507 12333)
4(12506 12332 12333 12507)
4(12502 12506 12507 12503)
4(12330 12504 12508 12334)
4(12507 12333 12334 12508)
4(12503 12507 12508 12504)
4(12508 12334 12335 12509)
4(12504 12508 12509 12505)
4(12333 12507 12340 12336)
4(2337 4662 12339 12506)
4(12506 12339 12340 12507)
4(12334 12508 12341 12337)
4(12507 12340 12341 12508)
4(12508 12341 12342 12509)
4(12339 12506 12511 12344)
4(4644 6197 12343 12510)
4(12510 12343 12344 12511)
5(2337 4644 12510 12511 12506)
4(12340 12507 12512 12345)
4(12511 12344 12345 12512)
4(12506 12511 12512 12507)
4(12341 12508 12513 12346)
4(12512 12345 12346 12513)
4(12507 12512 12513 12508)
4(12513 12346 12347 12514)
4(12508 12513 12514 12509)
4(12343 12510 12515 12348)
4(2327 4643 12348 12515)
4(4644 2327 12515 12510)
4(12344 12511 12516 12349)
4(12515 12348 12349 12516)
4(12510 12515 12516 12511)
4(12345 12512 12517 12350)
4(12516 12349 12350 12517)
4(12511 12516 12517 12512)
4(12346 12513 12518 12351)
4(12517 12350 12351 12518)
4(12512 12517 12518 12513)
4(12518 12351 12352 12519)
4(12513 12518 12519 12514)
4(12349 12516 12520 12353)
4(4626 6198 12353 12520)
5(2327 4626 12520 12516 12515)
4(12350 12517 12521 12354)
4(12520 12353 12354 12521)
4(12516 12520 12521 12517)
4(12351 12518 12522 12355)
4(12521 12354 12355 12522)
4(12517 12521 12522 12518)
4(12522 12355 12356 12523)
4(12518 12522 12523 12519)
4(12354 12521 12525 12357)
5(2318 4625 12357 12525 12524)
4(4626 2318 12524 12520)
4(12520 12524 12525 12521)
4(12355 12522 12526 12358)
4(12525 12357 12358 12526)
4(12521 12525 12526 12522)
4(12526 12358 12359 12527)
4(12522 12526 12527 12523)
4(12357 12525 12529 12360)
5(4608 6199 12360 12529 12528)
4(2318 4608 12528 12524)
4(12524 12528 12529 12525)
4(12358 12526 12530 12361)
4(12529 12360 12361 12530)
4(12525 12529 12530 12526)
4(12530 12361 12362 12531)
4(12526 12530 12531 12527)
4(12360 12529 12533 12363)
5(2309 4607 12363 12533 12532)
4(4608 2309 12532 12528)
4(12528 12532 12533 12529)
4(12361 12530 12534 12364)
4(12533 12363 12364 12534)
4(12529 12533 12534 12530)
4(12534 12364 12365 12535)
4(12530 12534 12535 12531)
4(12363 12533 12537 12366)
5(4589 6200 12366 12537 12536)
4(2309 4589 12536 12532)
4(12532 12536 12537 12533)
4(12364 12534 12538 12367)
4(12537 12366 12367 12538)
4(12533 12537 12538 12534)
4(12538 12367 12368 12539)
4(12534 12538 12539 12535)
4(12366 12537 12541 12369)
5(2299 4588 12369 12541 12540)
4(4589 2299 12540 12536)
4(12536 12540 12541 12537)
4(12367 12538 12542 12370)
4(12541 12369 12370 12542)
4(12537 12541 12542 12538)
4(12542 12370 12371 12543)
4(12538 12542 12543 12539)
4(12369 12541 12545 12372)
5(4570 6201 12372 12545 12544)
4(2299 4570 12544 12540)
4(12540 12544 12545 12541)
4(12370 12542 12546 12373)
4(12545 12372 12373 12546)
4(12541 12545 12546 12542)
4(12546 12373 12374 12547)
4(12542 12546 12547 12543)
4(12372 12545 12549 12375)
5(2289 4569 12375 12549 12548)
4(4570 2289 12548 12544)
4(12544 12548 12549 12545)
4(12373 12546 12550 12376)
4(12549 12375 12376 12550)
4(12545 12549 12550 12546)
4(12550 12376 12377 12551)
4(12546 12550 12551 12547)
4(12375 12549 12553 12378)
5(4551 6202 12378 12553 12552)
4(2289 4551 12552 12548)
4(12548 12552 12553 12549)
4(12376 12550 12554 12379)
4(12553 12378 12379 12554)
4(12549 12553 12554 12550)
4(12554 12379 12380 12555)
4(12550 12554 12555 12551)
4(12378 12553 12557 12381)
5(2279 4550 12381 12557 12556)
4(4551 2279 12556 12552)
4(12552 12556 12557 12553)
4(12379 12554 12558 12382)
4(12557 12381 12382 12558)
4(12553 12557 12558 12554)
4(12558 12382 12383 12559)
4(12554 12558 12559 12555)
4(12381 12557 12387 12384)
5(2279 4532 12387 12557 12556)
4(12382 12558 12388 12385)
4(12557 12387 12388 12558)
4(12558 12388 12389 12559)
4(12387 12557 12561 12390)
5(4548 6204 12390 12561 12560)
4(2279 4548 12560 12556)
4(12556 12560 12561 12557)
4(12388 12558 12562 12391)
4(12561 12390 12391 12562)
4(12557 12561 12562 12558)
4(12562 12391 12392 12563)
4(12558 12562 12563 12559)
4(12390 12561 12565 12393)
5(2278 4530 12393 12565 12564)
4(4548 2278 12564 12560)
4(12560 12564 12565 12561)
4(12391 12562 12566 12394)
4(12565 12393 12394 12566)
4(12561 12565 12566 12562)
4(12566 12394 12395 12567)
4(12562 12566 12567 12563)
4(12393 12565 12569 12396)
5(4546 6205 12396 12569 12568)
4(2278 4546 12568 12564)
4(12564 12568 12569 12565)
4(12394 12566 12570 12397)
4(12569 12396 12397 12570)
4(12565 12569 12570 12566)
4(12570 12397 12398 12571)
4(12566 12570 12571 12567)
4(12396 12569 12573 12399)
5(2277 4528 12399 12573 12572)
4(4546 2277 12572 12568)
4(12568 12572 12573 12569)
4(12397 12570 12574 12400)
4(12573 12399 12400 12574)
4(12569 12573 12574 12570)
4(12574 12400 12401 12575)
4(12570 12574 12575 12571)
4(12399 12573 12577 12402)
5(4544 6206 12402 12577 12576)
4(2277 4544 12576 12572)
4(12572 12576 12577 12573)
4(12400 12574 12578 12403)
4(12577 12402 12403 12578)
4(12573 12577 12578 12574)
4(12578 12403 12404 12579)
4(12574 12578 12579 12575)
4(12402 12577 12581 12405)
5(2276 4526 12405 12581 12580)
4(4544 2276 12580 12576)
4(12576 12580 12581 12577)
4(12403 12578 12582 12406)
4(12581 12405 12406 12582)
4(12577 12581 12582 12578)
4(12582 12406 12407 12583)
4(12578 12582 12583 12579)
4(12405 12581 12585 12411)
5(4542 6207 12411 12585 12584)
4(2276 4542 12584 12580)
4(12580 12584 12585 12581)
4(12406 12582 12586 12412)
4(12585 12411 12412 12586)
4(12581 12585 12586 12582)
4(12586 12412 12413 12587)
4(12582 12586 12587 12583)
4(12411 12585 12589 12417)
5(2275 4524 12417 12589 12588)
4(4542 2275 12588 12584)
4(12584 12588 12589 12585)
4(12412 12586 12590 12418)
4(12589 12417 12418 12590)
4(12585 12589 12590 12586)
4(12590 12418 12419 12591)
4(12586 12590 12591 12587)
4(12417 12589 12593 12420)
5(4540 6208 12420 12593 12592)
4(2275 4540 12592 12588)
4(12588 12592 12593 12589)
4(12418 12590 12594 12421)
4(12593 12420 12421 12594)
4(12589 12593 12594 12590)
4(12594 12421 12422 12595)
4(12590 12594 12595 12591)
4(12420 12593 12597 12423)
5(2274 4523 12423 12597 12596)
4(4540 2274 12596 12592)
4(12592 12596 12597 12593)
4(12421 12594 12598 12424)
4(12597 12423 12424 12598)
4(12593 12597 12598 12594)
4(12598 12424 12425 12599)
4(12594 12598 12599 12595)
4(12423 12597 12601 12426)
5(4538 6209 12426 12601 12600)
4(2274 4538 12600 12596)
4(12596 12600 12601 12597)
4(12424 12598 12602 12427)
4(12601 12426 12427 12602)
4(12597 12601 12602 12598)
4(12602 12427 12428 12603)
4(12598 12602 12603 12599)
4(12426 12601 12605 12429)
5(2273 4521 12429 12605 12604)
4(4538 2273 12604 12600)
4(12600 12604 12605 12601)
4(12427 12602 12606 12430)
4(12605 12429 12430 12606)
4(12601 12605 12606 12602)
4(12606 12430 12431 12607)
4(12602 12606 12607 12603)
4(12429 12605 12608 12432)
4(4536 6210 12432 12608)
5(2273 4536 12608 12605 12604)
4(12430 12606 12609 12433)
4(12608 12432 12433 12609)
4(12605 12608 12609 12606)
4(12609 12433 12434 12610)
4(12606 12609 12610 12607)
4(12433 12609 12611 12435)
4(2272 4519 12435 12611)
5(4536 2272 12611 12609 12608)
4(12611 12435 12436 12612)
4(12609 12611 12612 12610)
4(2272 3142 12612 12611)
4(3162 1551 12614 12613)
4(6236 3162 12613 12614)
4(3162 6214 12437 12613)
4(12613 12437 12438 12614)
4(12437 12613 12615 12618)
5(4630 6214 12437 12618 12617)
4(3162 2320 12615 12613)
5(2320 4630 12617 12618 12615)
4(12618 12437 12438 12619)
4(12613 12615 12616 12614)
4(12615 12618 12619 12616)
4(12437 12618 12442 12439)
4(4630 2330 12441 12617)
4(12617 12441 12442 12618)
4(12618 12442 12443 12619)
4(12441 12617 12620 12444)
4(6215 4648 12444 12620)
4(4630 6215 12620 12617)
4(12442 12618 12621 12445)
4(12620 12444 12445 12621)
4(12617 12620 12621 12618)
4(12621 12445 12446 12622)
4(12618 12621 12622 12619)
4(12444 12620 12624 12448)
4(4632 2331 12447 12623)
4(12623 12447 12448 12624)
5(6215 4632 12623 12624 12620)
4(12445 12621 12625 12449)
4(12624 12448 12449 12625)
4(12620 12624 12625 12621)
4(12625 12449 12450 12626)
4(12621 12625 12626 12622)
4(12447 12623 12628 12452)
4(6216 4650 12451 12627)
4(12627 12451 12452 12628)
5(4632 6216 12627 12628 12623)
4(12448 12624 12629 12453)
4(12628 12452 12453 12629)
4(12623 12628 12629 12624)
4(12449 12625 12630 12454)
4(12629 12453 12454 12630)
4(12624 12629 12630 12625)
4(12630 12454 12455 12631)
4(12625 12630 12631 12626)
4(12451 12627 12632 12456)
4(4634 2332 12456 12632)
4(6216 4634 12632 12627)
4(12452 12628 12633 12457)
4(12632 12456 12457 12633)
4(12627 12632 12633 12628)
4(12453 12629 12634 12458)
4(12633 12457 12458 12634)
4(12628 12633 12634 12629)
4(12454 12630 12635 12459)
4(12634 12458 12459 12635)
4(12629 12634 12635 12630)
4(12635 12459 12460 12636)
4(12630 12635 12636 12631)
4(12456 12632 12637 12461)
4(6217 4652 12461 12637)
4(4634 6217 12637 12632)
4(12457 12633 12638 12462)
4(12637 12461 12462 12638)
4(12632 12637 12638 12633)
4(12458 12634 12639 12463)
4(12638 12462 12463 12639)
4(12633 12638 12639 12634)
4(12459 12635 12640 12464)
4(12639 12463 12464 12640)
4(12634 12639 12640 12635)
4(12640 12464 12465 12641)
4(12635 12640 12641 12636)
4(12461 12637 12642 12466)
4(4636 2333 12466 12642)
4(6217 4636 12642 12637)
4(12462 12638 12643 12467)
4(12642 12466 12467 12643)
4(12637 12642 12643 12638)
4(12463 12639 12644 12468)
4(12643 12467 12468 12644)
4(12638 12643 12644 12639)
4(12464 12640 12645 12469)
4(12644 12468 12469 12645)
4(12639 12644 12645 12640)
4(12645 12469 12470 12646)
4(12640 12645 12646 12641)
4(12466 12642 12647 12471)
4(6218 4654 12471 12647)
4(4636 6218 12647 12642)
4(12467 12643 12648 12472)
4(12647 12471 12472 12648)
4(12642 12647 12648 12643)
4(12468 12644 12649 12473)
4(12648 12472 12473 12649)
4(12643 12648 12649 12644)
4(12469 12645 12650 12474)
4(12649 12473 12474 12650)
4(12644 12649 12650 12645)
4(12650 12474 12475 12651)
4(12645 12650 12651 12646)
4(12471 12647 12652 12476)
4(4638 2334 12476 12652)
4(6218 4638 12652 12647)
4(12472 12648 12653 12477)
4(12652 12476 12477 12653)
4(12647 12652 12653 12648)
4(12473 12649 12654 12478)
4(12653 12477 12478 12654)
4(12648 12653 12654 12649)
4(12474 12650 12655 12479)
4(12654 12478 12479 12655)
4(12649 12654 12655 12650)
4(12655 12479 12480 12656)
4(12650 12655 12656 12651)
4(12476 12652 12657 12481)
4(6219 4656 12481 12657)
4(4638 6219 12657 12652)
4(12477 12653 12658 12482)
4(12657 12481 12482 12658)
4(12652 12657 12658 12653)
4(12478 12654 12659 12483)
4(12658 12482 12483 12659)
4(12653 12658 12659 12654)
4(12479 12655 12660 12484)
4(12659 12483 12484 12660)
4(12654 12659 12660 12655)
4(12660 12484 12485 12661)
4(12655 12660 12661 12656)
4(12481 12657 12662 12486)
4(4640 2335 12486 12662)
4(6219 4640 12662 12657)
4(12482 12658 12663 12487)
4(12662 12486 12487 12663)
4(12657 12662 12663 12658)
4(12483 12659 12664 12488)
4(12663 12487 12488 12664)
4(12658 12663 12664 12659)
4(12484 12660 12665 12489)
4(12664 12488 12489 12665)
4(12659 12664 12665 12660)
4(12665 12489 12490 12666)
4(12660 12665 12666 12661)
4(12486 12662 12667 12491)
4(6220 4658 12491 12667)
4(4640 6220 12667 12662)
4(12487 12663 12668 12492)
4(12667 12491 12492 12668)
4(12662 12667 12668 12663)
4(12488 12664 12669 12493)
4(12668 12492 12493 12669)
4(12663 12668 12669 12664)
4(12489 12665 12670 12494)
4(12669 12493 12494 12670)
4(12664 12669 12670 12665)
4(12670 12494 12495 12671)
4(12665 12670 12671 12666)
4(12491 12667 12672 12496)
4(4642 2336 12496 12672)
4(6220 4642 12672 12667)
4(12492 12668 12673 12497)
4(12672 12496 12497 12673)
4(12667 12672 12673 12668)
4(12493 12669 12674 12498)
4(12673 12497 12498 12674)
4(12668 12673 12674 12669)
4(12494 12670 12675 12499)
4(12674 12498 12499 12675)
4(12669 12674 12675 12670)
4(12675 12499 12500 12676)
4(12670 12675 12676 12671)
4(12496 12672 12677 12501)
4(6221 4660 12501 12677)
4(4642 6221 12677 12672)
4(12497 12673 12678 12502)
4(12677 12501 12502 12678)
4(12672 12677 12678 12673)
4(12498 12674 12679 12503)
4(12678 12502 12503 12679)
4(12673 12678 12679 12674)
4(12499 12675 12680 12504)
4(12679 12503 12504 12680)
4(12674 12679 12680 12675)
4(12680 12504 12505 12681)
4(12675 12680 12681 12676)
4(12502 12678 12511 12506)
4(6221 4644 12510 12677)
4(12677 12510 12511 12678)
4(12503 12679 12512 12507)
4(12678 12511 12512 12679)
4(12504 12680 12513 12508)
4(12679 12512 12513 12680)
4(12680 12513 12514 12681)
4(12510 12677 12682 12515)
4(4641 2327 12515 12682)
4(6221 4641 12682 12677)
4(12511 12678 12683 12516)
4(12682 12515 12516 12683)
4(12677 12682 12683 12678)
4(12512 12679 12684 12517)
4(12683 12516 12517 12684)
4(12678 12683 12684 12679)
4(12513 12680 12685 12518)
4(12684 12517 12518 12685)
4(12679 12684 12685 12680)
4(12685 12518 12519 12686)
4(12680 12685 12686 12681)
4(12516 12683 12688 12520)
5(6222 4626 12520 12688 12687)
4(4641 6222 12687 12682)
4(12682 12687 12688 12683)
4(12517 12684 12689 12521)
4(12688 12520 12521 12689)
4(12683 12688 12689 12684)
4(12518 12685 12690 12522)
4(12689 12521 12522 12690)
4(12684 12689 12690 12685)
4(12690 12522 12523 12691)
4(12685 12690 12691 12686)
4(12520 12688 12693 12524)
5(4623 2318 12524 12693 12692)
4(6222 4623 12692 12687)
4(12687 12692 12693 12688)
4(12521 12689 12694 12525)
4(12693 12524 12525 12694)
4(12688 12693 12694 12689)
4(12522 12690 12695 12526)
4(12694 12525 12526 12695)
4(12689 12694 12695 12690)
4(12695 12526 12527 12696)
4(12690 12695 12696 12691)
4(12524 12693 12698 12528)
5(6223 4608 12528 12698 12697)
4(4623 6223 12697 12692)
4(12692 12697 12698 12693)
4(12525 12694 12699 12529)
4(12698 12528 12529 12699)
4(12693 12698 12699 12694)
4(12526 12695 12700 12530)
4(12699 12529 12530 12700)
4(12694 12699 12700 12695)
4(12700 12530 12531 12701)
4(12695 12700 12701 12696)
4(12528 12698 12703 12532)
5(4605 2309 12532 12703 12702)
4(6223 4605 12702 12697)
4(12697 12702 12703 12698)
4(12529 12699 12704 12533)
4(12703 12532 12533 12704)
4(12698 12703 12704 12699)
4(12530 12700 12705 12534)
4(12704 12533 12534 12705)
4(12699 12704 12705 12700)
4(12705 12534 12535 12706)
4(12700 12705 12706 12701)
4(12532 12703 12708 12536)
5(6224 4589 12536 12708 12707)
4(4605 6224 12707 12702)
4(12702 12707 12708 12703)
4(12533 12704 12709 12537)
4(12708 12536 12537 12709)
4(12703 12708 12709 12704)
4(12534 12705 12710 12538)
4(12709 12537 12538 12710)
4(12704 12709 12710 12705)
4(12710 12538 12539 12711)
4(12705 12710 12711 12706)
4(12536 12708 12713 12540)
5(4586 2299 12540 12713 12712)
4(6224 4586 12712 12707)
4(12707 12712 12713 12708)
4(12537 12709 12714 12541)
4(12713 12540 12541 12714)
4(12708 12713 12714 12709)
4(12538 12710 12715 12542)
4(12714 12541 12542 12715)
4(12709 12714 12715 12710)
4(12715 12542 12543 12716)
4(12710 12715 12716 12711)
4(12540 12713 12718 12544)
5(6225 4570 12544 12718 12717)
4(4586 6225 12717 12712)
4(12712 12717 12718 12713)
4(12541 12714 12719 12545)
4(12718 12544 12545 12719)
4(12713 12718 12719 12714)
4(12542 12715 12720 12546)
4(12719 12545 12546 12720)
4(12714 12719 12720 12715)
4(12720 12546 12547 12721)
4(12715 12720 12721 12716)
4(12544 12718 12723 12548)
5(4567 2289 12548 12723 12722)
4(6225 4567 12722 12717)
4(12717 12722 12723 12718)
4(12545 12719 12724 12549)
4(12723 12548 12549 12724)
4(12718 12723 12724 12719)
4(12546 12720 12725 12550)
4(12724 12549 12550 12725)
4(12719 12724 12725 12720)
4(12725 12550 12551 12726)
4(12720 12725 12726 12721)
4(12548 12723 12728 12552)
5(6226 4551 12552 12728 12727)
4(4567 6226 12727 12722)
4(12722 12727 12728 12723)
4(12549 12724 12729 12553)
4(12728 12552 12553 12729)
4(12723 12728 12729 12724)
4(12550 12725 12730 12554)
4(12729 12553 12554 12730)
4(12724 12729 12730 12725)
4(12730 12554 12555 12731)
4(12725 12730 12731 12726)
4(12552 12728 12560 12556)
5(6226 4548 12560 12728 12727)
4(12553 12729 12561 12557)
4(12728 12560 12561 12729)
4(12554 12730 12562 12558)
4(12729 12561 12562 12730)
4(12730 12562 12563 12731)
4(12560 12728 12733 12564)
5(4549 2278 12564 12733 12732)
4(6226 4549 12732 12727)
4(12727 12732 12733 12728)
4(12561 12729 12734 12565)
4(12733 12564 12565 12734)
4(12728 12733 12734 12729)
4(12562 12730 12735 12566)
4(12734 12565 12566 12735)
4(12729 12734 12735 12730)
4(12735 12566 12567 12736)
4(12730 12735 12736 12731)
4(12564 12733 12738 12568)
5(6227 4546 12568 12738 12737)
4(4549 6227 12737 12732)
4(12732 12737 12738 12733)
4(12565 12734 12739 12569)
4(12738 12568 12569 12739)
4(12733 12738 12739 12734)
4(12566 12735 12740 12570)
4(12739 12569 12570 12740)
4(12734 12739 12740 12735)
4(12740 12570 12571 12741)
4(12735 12740 12741 12736)
4(12568 12738 12743 12572)
5(4547 2277 12572 12743 12742)
4(6227 4547 12742 12737)
4(12737 12742 12743 12738)
4(12569 12739 12744 12573)
4(12743 12572 12573 12744)
4(12738 12743 12744 12739)
4(12570 12740 12745 12574)
4(12744 12573 12574 12745)
4(12739 12744 12745 12740)
4(12745 12574 12575 12746)
4(12740 12745 12746 12741)
4(12572 12743 12748 12576)
5(6228 4544 12576 12748 12747)
4(4547 6228 12747 12742)
4(12742 12747 12748 12743)
4(12573 12744 12749 12577)
4(12748 12576 12577 12749)
4(12743 12748 12749 12744)
4(12574 12745 12750 12578)
4(12749 12577 12578 12750)
4(12744 12749 12750 12745)
4(12750 12578 12579 12751)
4(12745 12750 12751 12746)
4(12576 12748 12753 12580)
5(4545 2276 12580 12753 12752)
4(6228 4545 12752 12747)
4(12747 12752 12753 12748)
4(12577 12749 12754 12581)
4(12753 12580 12581 12754)
4(12748 12753 12754 12749)
4(12578 12750 12755 12582)
4(12754 12581 12582 12755)
4(12749 12754 12755 12750)
4(12755 12582 12583 12756)
4(12750 12755 12756 12751)
4(12580 12753 12758 12584)
5(6229 4542 12584 12758 12757)
4(4545 6229 12757 12752)
4(12752 12757 12758 12753)
4(12581 12754 12759 12585)
4(12758 12584 12585 12759)
4(12753 12758 12759 12754)
4(12582 12755 12760 12586)
4(12759 12585 12586 12760)
4(12754 12759 12760 12755)
4(12760 12586 12587 12761)
4(12755 12760 12761 12756)
4(12584 12758 12763 12588)
5(4543 2275 12588 12763 12762)
4(6229 4543 12762 12757)
4(12757 12762 12763 12758)
4(12585 12759 12764 12589)
4(12763 12588 12589 12764)
4(12758 12763 12764 12759)
4(12586 12760 12765 12590)
4(12764 12589 12590 12765)
4(12759 12764 12765 12760)
4(12765 12590 12591 12766)
4(12760 12765 12766 12761)
4(12588 12763 12768 12592)
5(6230 4540 12592 12768 12767)
4(4543 6230 12767 12762)
4(12762 12767 12768 12763)
4(12589 12764 12769 12593)
4(12768 12592 12593 12769)
4(12763 12768 12769 12764)
4(12590 12765 12770 12594)
4(12769 12593 12594 12770)
4(12764 12769 12770 12765)
4(12770 12594 12595 12771)
4(12765 12770 12771 12766)
4(12592 12768 12773 12596)
5(4541 2274 12596 12773 12772)
4(6230 4541 12772 12767)
4(12767 12772 12773 12768)
4(12593 12769 12774 12597)
4(12773 12596 12597 12774)
4(12768 12773 12774 12769)
4(12594 12770 12775 12598)
4(12774 12597 12598 12775)
4(12769 12774 12775 12770)
4(12775 12598 12599 12776)
4(12770 12775 12776 12771)
4(12596 12773 12778 12600)
5(6231 4538 12600 12778 12777)
4(4541 6231 12777 12772)
4(12772 12777 12778 12773)
4(12597 12774 12779 12601)
4(12778 12600 12601 12779)
4(12773 12778 12779 12774)
4(12598 12775 12780 12602)
4(12779 12601 12602 12780)
4(12774 12779 12780 12775)
4(12780 12602 12603 12781)
4(12775 12780 12781 12776)
4(12600 12778 12782 12604)
4(4539 2273 12604 12782)
5(6231 4539 12782 12778 12777)
4(12601 12779 12783 12605)
4(12782 12604 12605 12783)
4(12778 12782 12783 12779)
4(12602 12780 12784 12606)
4(12783 12605 12606 12784)
4(12779 12783 12784 12780)
4(12784 12606 12607 12785)
4(12780 12784 12785 12781)
4(12605 12783 12786 12608)
4(6232 4536 12608 12786)
5(4539 6232 12786 12783 12782)
4(12606 12784 12787 12609)
4(12786 12608 12609 12787)
4(12783 12786 12787 12784)
4(12787 12609 12610 12788)
4(12784 12787 12788 12785)
4(12609 12787 12789 12611)
4(4537 2272 12611 12789)
5(6232 4537 12789 12787 12786)
4(12789 12611 12612 12790)
4(12787 12789 12790 12788)
4(4537 6233 12790 12789)
4(4537 2282 12791 12789)
4(12789 12791 12792 12790)
4(2282 3146 12793 12791)
4(12791 12793 12794 12792)
4(3146 6233 12794 12793)
4(6254 3158 12796 12795)
4(3153 6254 12795 12796)
4(4612 6236 12800 12799)
4(3158 2311 12797 12798)
4(2311 4612 12799 12797)
4(12797 12799 12800 12798)
4(4612 2320 12615 12799)
4(12799 12615 12616 12800)
4(12615 12799 12802 12805)
5(4629 2320 12615 12805 12804)
5(4612 6237 12801 12802 12799)
4(6237 4629 12804 12801)
4(12801 12804 12805 12802)
4(12805 12615 12616 12806)
4(12799 12802 12803 12800)
4(12802 12805 12806 12803)
4(12615 12805 12621 12618)
4(4629 6215 12620 12804)
4(12804 12620 12621 12805)
4(12805 12621 12622 12806)
4(12620 12804 12808 12624)
4(2321 4632 12623 12807)
4(12807 12623 12624 12808)
5(4629 2321 12807 12808 12804)
4(12621 12805 12809 12625)
4(12808 12624 12625 12809)
4(12804 12808 12809 12805)
4(12809 12625 12626 12810)
4(12805 12809 12810 12806)
4(12623 12807 12812 12628)
4(4631 6216 12627 12811)
4(12811 12627 12628 12812)
5(2321 4631 12811 12812 12807)
4(12624 12808 12813 12629)
4(12812 12628 12629 12813)
4(12807 12812 12813 12808)
4(12625 12809 12814 12630)
4(12813 12629 12630 12814)
4(12808 12813 12814 12809)
4(12814 12630 12631 12815)
4(12809 12814 12815 12810)
4(12627 12811 12816 12632)
4(2322 4634 12632 12816)
4(4631 2322 12816 12811)
4(12628 12812 12817 12633)
4(12816 12632 12633 12817)
4(12811 12816 12817 12812)
4(12629 12813 12818 12634)
4(12817 12633 12634 12818)
4(12812 12817 12818 12813)
4(12630 12814 12819 12635)
4(12818 12634 12635 12819)
4(12813 12818 12819 12814)
4(12819 12635 12636 12820)
4(12814 12819 12820 12815)
4(12632 12816 12821 12637)
4(4633 6217 12637 12821)
4(2322 4633 12821 12816)
4(12633 12817 12822 12638)
4(12821 12637 12638 12822)
4(12816 12821 12822 12817)
4(12634 12818 12823 12639)
4(12822 12638 12639 12823)
4(12817 12822 12823 12818)
4(12635 12819 12824 12640)
4(12823 12639 12640 12824)
4(12818 12823 12824 12819)
4(12824 12640 12641 12825)
4(12819 12824 12825 12820)
4(12637 12821 12826 12642)
4(2323 4636 12642 12826)
4(4633 2323 12826 12821)
4(12638 12822 12827 12643)
4(12826 12642 12643 12827)
4(12821 12826 12827 12822)
4(12639 12823 12828 12644)
4(12827 12643 12644 12828)
4(12822 12827 12828 12823)
4(12640 12824 12829 12645)
4(12828 12644 12645 12829)
4(12823 12828 12829 12824)
4(12829 12645 12646 12830)
4(12824 12829 12830 12825)
4(12642 12826 12831 12647)
4(4635 6218 12647 12831)
4(2323 4635 12831 12826)
4(12643 12827 12832 12648)
4(12831 12647 12648 12832)
4(12826 12831 12832 12827)
4(12644 12828 12833 12649)
4(12832 12648 12649 12833)
4(12827 12832 12833 12828)
4(12645 12829 12834 12650)
4(12833 12649 12650 12834)
4(12828 12833 12834 12829)
4(12834 12650 12651 12835)
4(12829 12834 12835 12830)
4(12647 12831 12836 12652)
4(2324 4638 12652 12836)
4(4635 2324 12836 12831)
4(12648 12832 12837 12653)
4(12836 12652 12653 12837)
4(12831 12836 12837 12832)
4(12649 12833 12838 12654)
4(12837 12653 12654 12838)
4(12832 12837 12838 12833)
4(12650 12834 12839 12655)
4(12838 12654 12655 12839)
4(12833 12838 12839 12834)
4(12839 12655 12656 12840)
4(12834 12839 12840 12835)
4(12652 12836 12841 12657)
4(4637 6219 12657 12841)
4(2324 4637 12841 12836)
4(12653 12837 12842 12658)
4(12841 12657 12658 12842)
4(12836 12841 12842 12837)
4(12654 12838 12843 12659)
4(12842 12658 12659 12843)
4(12837 12842 12843 12838)
4(12655 12839 12844 12660)
4(12843 12659 12660 12844)
4(12838 12843 12844 12839)
4(12844 12660 12661 12845)
4(12839 12844 12845 12840)
4(12657 12841 12846 12662)
4(2325 4640 12662 12846)
4(4637 2325 12846 12841)
4(12658 12842 12847 12663)
4(12846 12662 12663 12847)
4(12841 12846 12847 12842)
4(12659 12843 12848 12664)
4(12847 12663 12664 12848)
4(12842 12847 12848 12843)
4(12660 12844 12849 12665)
4(12848 12664 12665 12849)
4(12843 12848 12849 12844)
4(12849 12665 12666 12850)
4(12844 12849 12850 12845)
4(12662 12846 12851 12667)
4(4639 6220 12667 12851)
4(2325 4639 12851 12846)
4(12663 12847 12852 12668)
4(12851 12667 12668 12852)
4(12846 12851 12852 12847)
4(12664 12848 12853 12669)
4(12852 12668 12669 12853)
4(12847 12852 12853 12848)
4(12665 12849 12854 12670)
4(12853 12669 12670 12854)
4(12848 12853 12854 12849)
4(12854 12670 12671 12855)
4(12849 12854 12855 12850)
4(12667 12851 12856 12672)
4(2326 4642 12672 12856)
4(4639 2326 12856 12851)
4(12668 12852 12857 12673)
4(12856 12672 12673 12857)
4(12851 12856 12857 12852)
4(12669 12853 12858 12674)
4(12857 12673 12674 12858)
4(12852 12857 12858 12853)
4(12670 12854 12859 12675)
4(12858 12674 12675 12859)
4(12853 12858 12859 12854)
4(12859 12675 12676 12860)
4(12854 12859 12860 12855)
4(12672 12856 12682 12677)
4(2326 4641 12682 12856)
4(12673 12857 12683 12678)
4(12856 12682 12683 12857)
4(12674 12858 12684 12679)
4(12857 12683 12684 12858)
4(12675 12859 12685 12680)
4(12858 12684 12685 12859)
4(12859 12685 12686 12860)
4(12682 12856 12861 12687)
4(4624 6222 12687 12861)
4(2326 4624 12861 12856)
4(12683 12857 12862 12688)
4(12861 12687 12688 12862)
4(12856 12861 12862 12857)
4(12684 12858 12863 12689)
4(12862 12688 12689 12863)
4(12857 12862 12863 12858)
4(12685 12859 12864 12690)
4(12863 12689 12690 12864)
4(12858 12863 12864 12859)
4(12864 12690 12691 12865)
4(12859 12864 12865 12860)
4(12687 12861 12866 12692)
4(2317 4623 12692 12866)
4(4624 2317 12866 12861)
4(12688 12862 12867 12693)
4(12866 12692 12693 12867)
4(12861 12866 12867 12862)
4(12689 12863 12868 12694)
4(12867 12693 12694 12868)
4(12862 12867 12868 12863)
4(12690 12864 12869 12695)
4(12868 12694 12695 12869)
4(12863 12868 12869 12864)
4(12869 12695 12696 12870)
4(12864 12869 12870 12865)
4(12692 12866 12871 12697)
4(4606 6223 12697 12871)
4(2317 4606 12871 12866)
4(12693 12867 12872 12698)
4(12871 12697 12698 12872)
4(12866 12871 12872 12867)
4(12694 12868 12873 12699)
4(12872 12698 12699 12873)
4(12867 12872 12873 12868)
4(12695 12869 12874 12700)
4(12873 12699 12700 12874)
4(12868 12873 12874 12869)
4(12874 12700 12701 12875)
4(12869 12874 12875 12870)
4(12697 12871 12876 12702)
4(2308 4605 12702 12876)
4(4606 2308 12876 12871)
4(12698 12872 12877 12703)
4(12876 12702 12703 12877)
4(12871 12876 12877 12872)
4(12699 12873 12878 12704)
4(12877 12703 12704 12878)
4(12872 12877 12878 12873)
4(12700 12874 12879 12705)
4(12878 12704 12705 12879)
4(12873 12878 12879 12874)
4(12879 12705 12706 12880)
4(12874 12879 12880 12875)
4(12702 12876 12881 12707)
4(4587 6224 12707 12881)
4(2308 4587 12881 12876)
4(12703 12877 12882 12708)
4(12881 12707 12708 12882)
4(12876 12881 12882 12877)
4(12704 12878 12883 12709)
4(12882 12708 12709 12883)
4(12877 12882 12883 12878)
4(12705 12879 12884 12710)
4(12883 12709 12710 12884)
4(12878 12883 12884 12879)
4(12884 12710 12711 12885)
4(12879 12884 12885 12880)
4(12707 12881 12886 12712)
4(2298 4586 12712 12886)
4(4587 2298 12886 12881)
4(12708 12882 12887 12713)
4(12886 12712 12713 12887)
4(12881 12886 12887 12882)
4(12709 12883 12888 12714)
4(12887 12713 12714 12888)
4(12882 12887 12888 12883)
4(12710 12884 12889 12715)
4(12888 12714 12715 12889)
4(12883 12888 12889 12884)
4(12889 12715 12716 12890)
4(12884 12889 12890 12885)
4(12712 12886 12891 12717)
4(4568 6225 12717 12891)
4(2298 4568 12891 12886)
4(12713 12887 12892 12718)
4(12891 12717 12718 12892)
4(12886 12891 12892 12887)
4(12714 12888 12893 12719)
4(12892 12718 12719 12893)
4(12887 12892 12893 12888)
4(12715 12889 12894 12720)
4(12893 12719 12720 12894)
4(12888 12893 12894 12889)
4(12894 12720 12721 12895)
4(12889 12894 12895 12890)
4(12717 12891 12896 12722)
4(2288 4567 12722 12896)
4(4568 2288 12896 12891)
4(12718 12892 12897 12723)
4(12896 12722 12723 12897)
4(12891 12896 12897 12892)
4(12719 12893 12898 12724)
4(12897 12723 12724 12898)
4(12892 12897 12898 12893)
4(12720 12894 12899 12725)
4(12898 12724 12725 12899)
4(12893 12898 12899 12894)
4(12899 12725 12726 12900)
4(12894 12899 12900 12895)
4(12722 12896 12732 12727)
4(2288 4549 12732 12896)
4(12723 12897 12733 12728)
4(12896 12732 12733 12897)
4(12724 12898 12734 12729)
4(12897 12733 12734 12898)
4(12725 12899 12735 12730)
4(12898 12734 12735 12899)
4(12899 12735 12736 12900)
4(12732 12896 12901 12737)
4(4565 6227 12737 12901)
4(2288 4565 12901 12896)
4(12733 12897 12902 12738)
4(12901 12737 12738 12902)
4(12896 12901 12902 12897)
4(12734 12898 12903 12739)
4(12902 12738 12739 12903)
4(12897 12902 12903 12898)
4(12735 12899 12904 12740)
4(12903 12739 12740 12904)
4(12898 12903 12904 12899)
4(12904 12740 12741 12905)
4(12899 12904 12905 12900)
4(12737 12901 12906 12742)
4(2287 4547 12742 12906)
4(4565 2287 12906 12901)
4(12738 12902 12907 12743)
4(12906 12742 12743 12907)
4(12901 12906 12907 12902)
4(12739 12903 12908 12744)
4(12907 12743 12744 12908)
4(12902 12907 12908 12903)
4(12740 12904 12909 12745)
4(12908 12744 12745 12909)
4(12903 12908 12909 12904)
4(12909 12745 12746 12910)
4(12904 12909 12910 12905)
4(12742 12906 12911 12747)
4(4563 6228 12747 12911)
4(2287 4563 12911 12906)
4(12743 12907 12912 12748)
4(12911 12747 12748 12912)
4(12906 12911 12912 12907)
4(12744 12908 12913 12749)
4(12912 12748 12749 12913)
4(12907 12912 12913 12908)
4(12745 12909 12914 12750)
4(12913 12749 12750 12914)
4(12908 12913 12914 12909)
4(12914 12750 12751 12915)
4(12909 12914 12915 12910)
4(12747 12911 12916 12752)
4(2286 4545 12752 12916)
4(4563 2286 12916 12911)
4(12748 12912 12917 12753)
4(12916 12752 12753 12917)
4(12911 12916 12917 12912)
4(12749 12913 12918 12754)
4(12917 12753 12754 12918)
4(12912 12917 12918 12913)
4(12750 12914 12919 12755)
4(12918 12754 12755 12919)
4(12913 12918 12919 12914)
4(12919 12755 12756 12920)
4(12914 12919 12920 12915)
4(12752 12916 12921 12757)
4(4561 6229 12757 12921)
4(2286 4561 12921 12916)
4(12753 12917 12922 12758)
4(12921 12757 12758 12922)
4(12916 12921 12922 12917)
4(12754 12918 12923 12759)
4(12922 12758 12759 12923)
4(12917 12922 12923 12918)
4(12755 12919 12924 12760)
4(12923 12759 12760 12924)
4(12918 12923 12924 12919)
4(12924 12760 12761 12925)
4(12919 12924 12925 12920)
4(12757 12921 12926 12762)
4(2285 4543 12762 12926)
4(4561 2285 12926 12921)
4(12758 12922 12927 12763)
4(12926 12762 12763 12927)
4(12921 12926 12927 12922)
4(12759 12923 12928 12764)
4(12927 12763 12764 12928)
4(12922 12927 12928 12923)
4(12760 12924 12929 12765)
4(12928 12764 12765 12929)
4(12923 12928 12929 12924)
4(12929 12765 12766 12930)
4(12924 12929 12930 12925)
4(12762 12926 12931 12767)
4(4559 6230 12767 12931)
4(2285 4559 12931 12926)
4(12763 12927 12932 12768)
4(12931 12767 12768 12932)
4(12926 12931 12932 12927)
4(12764 12928 12933 12769)
4(12932 12768 12769 12933)
4(12927 12932 12933 12928)
4(12765 12929 12934 12770)
4(12933 12769 12770 12934)
4(12928 12933 12934 12929)
4(12934 12770 12771 12935)
4(12929 12934 12935 12930)
4(12767 12931 12936 12772)
4(2284 4541 12772 12936)
4(4559 2284 12936 12931)
4(12768 12932 12937 12773)
4(12936 12772 12773 12937)
4(12931 12936 12937 12932)
4(12769 12933 12938 12774)
4(12937 12773 12774 12938)
4(12932 12937 12938 12933)
4(12770 12934 12939 12775)
4(12938 12774 12775 12939)
4(12933 12938 12939 12934)
4(12939 12775 12776 12940)
4(12934 12939 12940 12935)
4(12772 12936 12941 12777)
4(4557 6231 12777 12941)
4(2284 4557 12941 12936)
4(12773 12937 12942 12778)
4(12941 12777 12778 12942)
4(12936 12941 12942 12937)
4(12774 12938 12943 12779)
4(12942 12778 12779 12943)
4(12937 12942 12943 12938)
4(12775 12939 12944 12780)
4(12943 12779 12780 12944)
4(12938 12943 12944 12939)
4(12944 12780 12781 12945)
4(12939 12944 12945 12940)
4(12778 12942 12946 12782)
4(2283 4539 12782 12946)
5(4557 2283 12946 12942 12941)
4(12779 12943 12947 12783)
4(12946 12782 12783 12947)
4(12942 12946 12947 12943)
4(12780 12944 12948 12784)
4(12947 12783 12784 12948)
4(12943 12947 12948 12944)
4(12948 12784 12785 12949)
4(12944 12948 12949 12945)
4(12783 12947 12950 12786)
4(4555 6232 12786 12950)
5(2283 4555 12950 12947 12946)
4(12784 12948 12951 12787)
4(12950 12786 12787 12951)
4(12947 12950 12951 12948)
4(12951 12787 12788 12952)
4(12948 12951 12952 12949)
4(12787 12951 12791 12789)
5(4555 2282 12791 12951 12950)
4(12951 12791 12792 12952)
4(12791 12951 12954 12957)
5(4556 2282 12791 12957 12956)
4(4555 6250 12953 12950)
4(12950 12953 12954 12951)
4(6250 4556 12956 12953)
4(12953 12956 12957 12954)
4(12957 12791 12792 12958)
4(12951 12954 12955 12952)
4(12954 12957 12958 12955)
4(12791 12957 12959 12793)
5(4556 6251 12959 12957 12956)
4(6251 3146 12793 12959)
4(12957 12959 12960 12958)
4(12959 12793 12794 12960)
4(12959 12957 12962 12964)
4(3150 6251 12959 12964)
4(4556 2292 12961 12956)
4(12956 12961 12962 12957)
5(2292 3150 12964 12962 12961)
4(12964 12959 12960 12965)
4(12957 12962 12963 12958)
4(12962 12964 12965 12963)
4(3150 1488 12965 12964)
4(3145 6251 12959 12960)
4(6265 3149 12967 12966)
4(3150 6265 12966 12964)
4(12964 12966 12967 12965)
4(6265 3154 12968 12966)
4(12966 12968 12969 12967)
4(3154 1509 12969 12968)
4(12795 12968 12971 12973)
4(4594 6254 12795 12973)
5(3154 2302 12970 12971 12968)
5(2302 4594 12973 12971 12970)
4(6254 3154 12968 12795)
4(12973 12795 12796 12974)
4(12968 12971 12972 12969)
4(12971 12973 12974 12972)
4(12795 12968 12969 12796)
4(4594 2311 12797 12973)
4(12973 12797 12798 12974)
4(12797 12973 12976 12979)
5(4611 2311 12797 12979 12978)
5(4594 6255 12975 12976 12973)
4(6255 4611 12978 12975)
4(12975 12978 12979 12976)
4(12979 12797 12798 12980)
4(12973 12976 12977 12974)
4(12976 12979 12980 12977)
4(12797 12979 12802 12799)
4(4611 6237 12801 12978)
4(12978 12801 12802 12979)
4(12979 12802 12803 12980)
4(12801 12978 12982 12986)
5(4614 6237 12801 12986 12985)
5(4611 2312 12981 12982 12978)
4(2312 4614 12985 12981)
4(12981 12985 12986 12982)
4(12802 12979 12983 12987)
4(12986 12801 12802 12987)
4(12978 12982 12983 12979)
4(12982 12986 12987 12983)
4(12987 12802 12803 12988)
4(12979 12983 12984 12980)
4(12983 12987 12988 12984)
4(12801 12986 12808 12804)
4(4614 2321 12807 12985)
4(12985 12807 12808 12986)
4(12802 12987 12809 12805)
4(12986 12808 12809 12987)
4(12987 12809 12810 12988)
4(12807 12985 12990 12812)
4(6238 4631 12811 12989)
4(12989 12811 12812 12990)
5(4614 6238 12989 12990 12985)
4(12808 12986 12991 12813)
4(12990 12812 12813 12991)
4(12985 12990 12991 12986)
4(12809 12987 12992 12814)
4(12991 12813 12814 12992)
4(12986 12991 12992 12987)
4(12992 12814 12815 12993)
4(12987 12992 12993 12988)
4(12811 12989 12994 12816)
4(4616 2322 12816 12994)
4(6238 4616 12994 12989)
4(12812 12990 12995 12817)
4(12994 12816 12817 12995)
4(12989 12994 12995 12990)
4(12813 12991 12996 12818)
4(12995 12817 12818 12996)
4(12990 12995 12996 12991)
4(12814 12992 12997 12819)
4(12996 12818 12819 12997)
4(12991 12996 12997 12992)
4(12997 12819 12820 12998)
4(12992 12997 12998 12993)
4(12816 12994 12999 12821)
4(6239 4633 12821 12999)
4(4616 6239 12999 12994)
4(12817 12995 13000 12822)
4(12999 12821 12822 13000)
4(12994 12999 13000 12995)
4(12818 12996 13001 12823)
4(13000 12822 12823 13001)
4(12995 13000 13001 12996)
4(12819 12997 13002 12824)
4(13001 12823 12824 13002)
4(12996 13001 13002 12997)
4(13002 12824 12825 13003)
4(12997 13002 13003 12998)
4(12821 12999 13004 12826)
4(4618 2323 12826 13004)
4(6239 4618 13004 12999)
4(12822 13000 13005 12827)
4(13004 12826 12827 13005)
4(12999 13004 13005 13000)
4(12823 13001 13006 12828)
4(13005 12827 12828 13006)
4(13000 13005 13006 13001)
4(12824 13002 13007 12829)
4(13006 12828 12829 13007)
4(13001 13006 13007 13002)
4(13007 12829 12830 13008)
4(13002 13007 13008 13003)
4(12826 13004 13009 12831)
4(6240 4635 12831 13009)
4(4618 6240 13009 13004)
4(12827 13005 13010 12832)
4(13009 12831 12832 13010)
4(13004 13009 13010 13005)
4(12828 13006 13011 12833)
4(13010 12832 12833 13011)
4(13005 13010 13011 13006)
4(12829 13007 13012 12834)
4(13011 12833 12834 13012)
4(13006 13011 13012 13007)
4(13012 12834 12835 13013)
4(13007 13012 13013 13008)
4(12831 13009 13014 12836)
4(4620 2324 12836 13014)
4(6240 4620 13014 13009)
4(12832 13010 13015 12837)
4(13014 12836 12837 13015)
4(13009 13014 13015 13010)
4(12833 13011 13016 12838)
4(13015 12837 12838 13016)
4(13010 13015 13016 13011)
4(12834 13012 13017 12839)
4(13016 12838 12839 13017)
4(13011 13016 13017 13012)
4(13017 12839 12840 13018)
4(13012 13017 13018 13013)
4(12836 13014 13019 12841)
4(6241 4637 12841 13019)
4(4620 6241 13019 13014)
4(12837 13015 13020 12842)
4(13019 12841 12842 13020)
4(13014 13019 13020 13015)
4(12838 13016 13021 12843)
4(13020 12842 12843 13021)
4(13015 13020 13021 13016)
4(12839 13017 13022 12844)
4(13021 12843 12844 13022)
4(13016 13021 13022 13017)
4(13022 12844 12845 13023)
4(13017 13022 13023 13018)
4(12841 13019 13024 12846)
4(4622 2325 12846 13024)
4(6241 4622 13024 13019)
4(12842 13020 13025 12847)
4(13024 12846 12847 13025)
4(13019 13024 13025 13020)
4(12843 13021 13026 12848)
4(13025 12847 12848 13026)
4(13020 13025 13026 13021)
4(12844 13022 13027 12849)
4(13026 12848 12849 13027)
4(13021 13026 13027 13022)
4(13027 12849 12850 13028)
4(13022 13027 13028 13023)
4(12846 13024 13029 12851)
4(6242 4639 12851 13029)
4(4622 6242 13029 13024)
4(12847 13025 13030 12852)
4(13029 12851 12852 13030)
4(13024 13029 13030 13025)
4(12848 13026 13031 12853)
4(13030 12852 12853 13031)
4(13025 13030 13031 13026)
4(12849 13027 13032 12854)
4(13031 12853 12854 13032)
4(13026 13031 13032 13027)
4(13032 12854 12855 13033)
4(13027 13032 13033 13028)
4(12851 13029 12861 12856)
4(6242 4624 12861 13029)
4(12852 13030 12862 12857)
4(13029 12861 12862 13030)
4(12853 13031 12863 12858)
4(13030 12862 12863 13031)
4(12854 13032 12864 12859)
4(13031 12863 12864 13032)
4(13032 12864 12865 13033)
4(12861 13029 13034 12866)
4(4621 2317 12866 13034)
4(6242 4621 13034 13029)
4(12862 13030 13035 12867)
4(13034 12866 12867 13035)
4(13029 13034 13035 13030)
4(12863 13031 13036 12868)
4(13035 12867 12868 13036)
4(13030 13035 13036 13031)
4(12864 13032 13037 12869)
4(13036 12868 12869 13037)
4(13031 13036 13037 13032)
4(13037 12869 12870 13038)
4(13032 13037 13038 13033)
4(12866 13034 13039 12871)
4(6243 4606 12871 13039)
4(4621 6243 13039 13034)
4(12867 13035 13040 12872)
4(13039 12871 12872 13040)
4(13034 13039 13040 13035)
4(12868 13036 13041 12873)
4(13040 12872 12873 13041)
4(13035 13040 13041 13036)
4(12869 13037 13042 12874)
4(13041 12873 12874 13042)
4(13036 13041 13042 13037)
4(13042 12874 12875 13043)
4(13037 13042 13043 13038)
4(12871 13039 13044 12876)
4(4603 2308 12876 13044)
4(6243 4603 13044 13039)
4(12872 13040 13045 12877)
4(13044 12876 12877 13045)
4(13039 13044 13045 13040)
4(12873 13041 13046 12878)
4(13045 12877 12878 13046)
4(13040 13045 13046 13041)
4(12874 13042 13047 12879)
4(13046 12878 12879 13047)
4(13041 13046 13047 13042)
4(13047 12879 12880 13048)
4(13042 13047 13048 13043)
4(12876 13044 13049 12881)
4(6244 4587 12881 13049)
4(4603 6244 13049 13044)
4(12877 13045 13050 12882)
4(13049 12881 12882 13050)
4(13044 13049 13050 13045)
4(12878 13046 13051 12883)
4(13050 12882 12883 13051)
4(13045 13050 13051 13046)
4(12879 13047 13052 12884)
4(13051 12883 12884 13052)
4(13046 13051 13052 13047)
4(13052 12884 12885 13053)
4(13047 13052 13053 13048)
4(12881 13049 13054 12886)
4(4584 2298 12886 13054)
4(6244 4584 13054 13049)
4(12882 13050 13055 12887)
4(13054 12886 12887 13055)
4(13049 13054 13055 13050)
4(12883 13051 13056 12888)
4(13055 12887 12888 13056)
4(13050 13055 13056 13051)
4(12884 13052 13057 12889)
4(13056 12888 12889 13057)
4(13051 13056 13057 13052)
4(13057 12889 12890 13058)
4(13052 13057 13058 13053)
4(12886 13054 13059 12891)
4(6245 4568 12891 13059)
4(4584 6245 13059 13054)
4(12887 13055 13060 12892)
4(13059 12891 12892 13060)
4(13054 13059 13060 13055)
4(12888 13056 13061 12893)
4(13060 12892 12893 13061)
4(13055 13060 13061 13056)
4(12889 13057 13062 12894)
4(13061 12893 12894 13062)
4(13056 13061 13062 13057)
4(13062 12894 12895 13063)
4(13057 13062 13063 13058)
4(12891 13059 12901 12896)
4(6245 4565 12901 13059)
4(12892 13060 12902 12897)
4(13059 12901 12902 13060)
4(12893 13061 12903 12898)
4(13060 12902 12903 13061)
4(12894 13062 12904 12899)
4(13061 12903 12904 13062)
4(13062 12904 12905 13063)
4(12901 13059 13064 12906)
4(4566 2287 12906 13064)
4(6245 4566 13064 13059)
4(12902 13060 13065 12907)
4(13064 12906 12907 13065)
4(13059 13064 13065 13060)
4(12903 13061 13066 12908)
4(13065 12907 12908 13066)
4(13060 13065 13066 13061)
4(12904 13062 13067 12909)
4(13066 12908 12909 13067)
4(13061 13066 13067 13062)
4(13067 12909 12910 13068)
4(13062 13067 13068 13063)
4(12906 13064 13069 12911)
4(6246 4563 12911 13069)
4(4566 6246 13069 13064)
4(12907 13065 13070 12912)
4(13069 12911 12912 13070)
4(13064 13069 13070 13065)
4(12908 13066 13071 12913)
4(13070 12912 12913 13071)
4(13065 13070 13071 13066)
4(12909 13067 13072 12914)
4(13071 12913 12914 13072)
4(13066 13071 13072 13067)
4(13072 12914 12915 13073)
4(13067 13072 13073 13068)
4(12911 13069 13074 12916)
4(4564 2286 12916 13074)
4(6246 4564 13074 13069)
4(12912 13070 13075 12917)
4(13074 12916 12917 13075)
4(13069 13074 13075 13070)
4(12913 13071 13076 12918)
4(13075 12917 12918 13076)
4(13070 13075 13076 13071)
4(12914 13072 13077 12919)
4(13076 12918 12919 13077)
4(13071 13076 13077 13072)
4(13077 12919 12920 13078)
4(13072 13077 13078 13073)
4(12916 13074 13079 12921)
4(6247 4561 12921 13079)
4(4564 6247 13079 13074)
4(12917 13075 13080 12922)
4(13079 12921 12922 13080)
4(13074 13079 13080 13075)
4(12918 13076 13081 12923)
4(13080 12922 12923 13081)
4(13075 13080 13081 13076)
4(12919 13077 13082 12924)
4(13081 12923 12924 13082)
4(13076 13081 13082 13077)
4(13082 12924 12925 13083)
4(13077 13082 13083 13078)
4(12921 13079 13084 12926)
4(4562 2285 12926 13084)
4(6247 4562 13084 13079)
4(12922 13080 13085 12927)
4(13084 12926 12927 13085)
4(13079 13084 13085 13080)
4(12923 13081 13086 12928)
4(13085 12927 12928 13086)
4(13080 13085 13086 13081)
4(12924 13082 13087 12929)
4(13086 12928 12929 13087)
4(13081 13086 13087 13082)
4(13087 12929 12930 13088)
4(13082 13087 13088 13083)
4(12926 13084 13089 12931)
4(6248 4559 12931 13089)
4(4562 6248 13089 13084)
4(12927 13085 13090 12932)
4(13089 12931 12932 13090)
4(13084 13089 13090 13085)
4(12928 13086 13091 12933)
4(13090 12932 12933 13091)
4(13085 13090 13091 13086)
4(12929 13087 13092 12934)
4(13091 12933 12934 13092)
4(13086 13091 13092 13087)
4(13092 12934 12935 13093)
4(13087 13092 13093 13088)
4(12931 13089 13094 12936)
4(4560 2284 12936 13094)
4(6248 4560 13094 13089)
4(12932 13090 13095 12937)
4(13094 12936 12937 13095)
4(13089 13094 13095 13090)
4(12933 13091 13096 12938)
4(13095 12937 12938 13096)
4(13090 13095 13096 13091)
4(12934 13092 13097 12939)
4(13096 12938 12939 13097)
4(13091 13096 13097 13092)
4(13097 12939 12940 13098)
4(13092 13097 13098 13093)
4(12936 13094 13099 12941)
4(6249 4557 12941 13099)
4(4560 6249 13099 13094)
4(12937 13095 13100 12942)
4(13099 12941 12942 13100)
4(13094 13099 13100 13095)
4(12938 13096 13101 12943)
4(13100 12942 12943 13101)
4(13095 13100 13101 13096)
4(12939 13097 13102 12944)
4(13101 12943 12944 13102)
4(13096 13101 13102 13097)
4(13102 12944 12945 13103)
4(13097 13102 13103 13098)
4(12942 13100 13104 12946)
4(4558 2283 12946 13104)
5(6249 4558 13104 13100 13099)
4(12943 13101 13105 12947)
4(13104 12946 12947 13105)
4(13100 13104 13105 13101)
4(12944 13102 13106 12948)
4(13105 12947 12948 13106)
4(13101 13105 13106 13102)
4(13106 12948 12949 13107)
4(13102 13106 13107 13103)
4(12947 13105 12953 12950)
5(4558 6250 12953 13105 13104)
4(12948 13106 12954 12951)
4(13105 12953 12954 13106)
4(13106 12954 12955 13107)
4(12953 13105 13109 13113)
5(4574 6250 12953 13113 13112)
4(4558 2293 13108 13104)
4(13104 13108 13109 13105)
4(2293 4574 13112 13108)
4(13108 13112 13113 13109)
4(12954 13106 13110 13114)
4(13113 12953 12954 13114)
4(13105 13109 13110 13106)
4(13109 13113 13114 13110)
4(13114 12954 12955 13115)
4(13106 13110 13111 13107)
4(13110 13114 13115 13111)
4(12953 13113 12961 12956)
5(4574 2292 12961 13113 13112)
4(12954 13114 12962 12957)
4(13113 12961 12962 13114)
4(13114 12962 12963 13115)
4(12961 13113 13117 13120)
4(4575 2292 12961 13120)
5(6264 4575 13120 13117 13116)
4(4574 6264 13116 13112)
4(13112 13116 13117 13113)
4(12962 13114 13118 13121)
4(13120 12961 12962 13121)
4(13117 13120 13121 13118)
4(13113 13117 13118 13114)
4(13121 12962 12963 13122)
4(13118 13121 13122 13119)
4(13114 13118 13119 13115)
4(12962 13121 12966 12964)
5(4575 6265 12966 13121 13120)
4(13121 12966 12967 13122)
4(12966 13121 12971 12968)
4(4575 2302 12970 13120)
4(13120 12970 12971 13121)
4(13121 12971 12972 13122)
4(12970 13120 13117 13123)
4(4593 2302 12970 13123)
5(6264 4593 13123 13117 13116)
4(12971 13121 13118 13124)
4(13123 12970 12971 13124)
4(13117 13123 13124 13118)
4(13124 12971 12972 13125)
4(13118 13124 13125 13119)
4(12971 13124 12976 12973)
4(4593 6255 12975 13123)
4(13123 12975 12976 13124)
4(13124 12976 12977 13125)
4(12975 13123 13127 13131)
5(4596 6255 12975 13131 13130)
5(4593 2303 13126 13127 13123)
4(2303 4596 13130 13126)
4(13126 13130 13131 13127)
4(12976 13124 13128 13132)
4(13131 12975 12976 13132)
4(13123 13127 13128 13124)
4(13127 13131 13132 13128)
4(13132 12976 12977 13133)
4(13124 13128 13129 13125)
4(13128 13132 13133 13129)
4(12975 13131 12982 12978)
4(4596 2312 12981 13130)
4(13130 12981 12982 13131)
4(12976 13132 12983 12979)
4(13131 12982 12983 13132)
4(13132 12983 12984 13133)
4(12981 13130 13135 13140)
5(4613 2312 12981 13140 13139)
5(4596 6256 13134 13135 13130)
4(6256 4613 13139 13134)
4(13134 13139 13140 13135)
4(12982 13131 13136 13141)
4(13140 12981 12982 13141)
4(13130 13135 13136 13131)
4(13135 13140 13141 13136)
4(12983 13132 13137 13142)
4(13141 12982 12983 13142)
4(13131 13136 13137 13132)
4(13136 13141 13142 13137)
4(13142 12983 12984 13143)
4(13132 13137 13138 13133)
4(13137 13142 13143 13138)
4(12981 13140 12990 12985)
4(4613 6238 12989 13139)
4(13139 12989 12990 13140)
4(12982 13141 12991 12986)
4(13140 12990 12991 13141)
4(12983 13142 12992 12987)
4(13141 12991 12992 13142)
4(13142 12992 12993 13143)
4(12989 13139 13144 12994)
4(2313 4616 12994 13144)
4(4613 2313 13144 13139)
4(12990 13140 13145 12995)
4(13144 12994 12995 13145)
4(13139 13144 13145 13140)
4(12991 13141 13146 12996)
4(13145 12995 12996 13146)
4(13140 13145 13146 13141)
4(12992 13142 13147 12997)
4(13146 12996 12997 13147)
4(13141 13146 13147 13142)
4(13147 12997 12998 13148)
4(13142 13147 13148 13143)
4(12994 13144 13149 12999)
4(4615 6239 12999 13149)
4(2313 4615 13149 13144)
4(12995 13145 13150 13000)
4(13149 12999 13000 13150)
4(13144 13149 13150 13145)
4(12996 13146 13151 13001)
4(13150 13000 13001 13151)
4(13145 13150 13151 13146)
4(12997 13147 13152 13002)
4(13151 13001 13002 13152)
4(13146 13151 13152 13147)
4(13152 13002 13003 13153)
4(13147 13152 13153 13148)
4(12999 13149 13154 13004)
4(2314 4618 13004 13154)
4(4615 2314 13154 13149)
4(13000 13150 13155 13005)
4(13154 13004 13005 13155)
4(13149 13154 13155 13150)
4(13001 13151 13156 13006)
4(13155 13005 13006 13156)
4(13150 13155 13156 13151)
4(13002 13152 13157 13007)
4(13156 13006 13007 13157)
4(13151 13156 13157 13152)
4(13157 13007 13008 13158)
4(13152 13157 13158 13153)
4(13004 13154 13159 13009)
4(4617 6240 13009 13159)
4(2314 4617 13159 13154)
4(13005 13155 13160 13010)
4(13159 13009 13010 13160)
4(13154 13159 13160 13155)
4(13006 13156 13161 13011)
4(13160 13010 13011 13161)
4(13155 13160 13161 13156)
4(13007 13157 13162 13012)
4(13161 13011 13012 13162)
4(13156 13161 13162 13157)
4(13162 13012 13013 13163)
4(13157 13162 13163 13158)
4(13009 13159 13164 13014)
4(2315 4620 13014 13164)
4(4617 2315 13164 13159)
4(13010 13160 13165 13015)
4(13164 13014 13015 13165)
4(13159 13164 13165 13160)
4(13011 13161 13166 13016)
4(13165 13015 13016 13166)
4(13160 13165 13166 13161)
4(13012 13162 13167 13017)
4(13166 13016 13017 13167)
4(13161 13166 13167 13162)
4(13167 13017 13018 13168)
4(13162 13167 13168 13163)
4(13014 13164 13169 13019)
4(4619 6241 13019 13169)
4(2315 4619 13169 13164)
4(13015 13165 13170 13020)
4(13169 13019 13020 13170)
4(13164 13169 13170 13165)
4(13016 13166 13171 13021)
4(13170 13020 13021 13171)
4(13165 13170 13171 13166)
4(13017 13167 13172 13022)
4(13171 13021 13022 13172)
4(13166 13171 13172 13167)
4(13172 13022 13023 13173)
4(13167 13172 13173 13168)
4(13019 13169 13174 13024)
4(2316 4622 13024 13174)
4(4619 2316 13174 13169)
4(13020 13170 13175 13025)
4(13174 13024 13025 13175)
4(13169 13174 13175 13170)
4(13021 13171 13176 13026)
4(13175 13025 13026 13176)
4(13170 13175 13176 13171)
4(13022 13172 13177 13027)
4(13176 13026 13027 13177)
4(13171 13176 13177 13172)
4(13177 13027 13028 13178)
4(13172 13177 13178 13173)
4(13024 13174 13034 13029)
4(2316 4621 13034 13174)
4(13025 13175 13035 13030)
4(13174 13034 13035 13175)
4(13026 13176 13036 13031)
4(13175 13035 13036 13176)
4(13027 13177 13037 13032)
4(13176 13036 13037 13177)
4(13177 13037 13038 13178)
4(13034 13174 13179 13039)
4(4604 6243 13039 13179)
4(2316 4604 13179 13174)
4(13035 13175 13180 13040)
4(13179 13039 13040 13180)
4(13174 13179 13180 13175)
4(13036 13176 13181 13041)
4(13180 13040 13041 13181)
4(13175 13180 13181 13176)
4(13037 13177 13182 13042)
4(13181 13041 13042 13182)
4(13176 13181 13182 13177)
4(13182 13042 13043 13183)
4(13177 13182 13183 13178)
4(13039 13179 13184 13044)
4(2307 4603 13044 13184)
4(4604 2307 13184 13179)
4(13040 13180 13185 13045)
4(13184 13044 13045 13185)
4(13179 13184 13185 13180)
4(13041 13181 13186 13046)
4(13185 13045 13046 13186)
4(13180 13185 13186 13181)
4(13042 13182 13187 13047)
4(13186 13046 13047 13187)
4(13181 13186 13187 13182)
4(13187 13047 13048 13188)
4(13182 13187 13188 13183)
4(13044 13184 13189 13049)
4(4585 6244 13049 13189)
4(2307 4585 13189 13184)
4(13045 13185 13190 13050)
4(13189 13049 13050 13190)
4(13184 13189 13190 13185)
4(13046 13186 13191 13051)
4(13190 13050 13051 13191)
4(13185 13190 13191 13186)
4(13047 13187 13192 13052)
4(13191 13051 13052 13192)
4(13186 13191 13192 13187)
4(13192 13052 13053 13193)
4(13187 13192 13193 13188)
4(13049 13189 13194 13054)
4(2297 4584 13054 13194)
4(4585 2297 13194 13189)
4(13050 13190 13195 13055)
4(13194 13054 13055 13195)
4(13189 13194 13195 13190)
4(13051 13191 13196 13056)
4(13195 13055 13056 13196)
4(13190 13195 13196 13191)
4(13052 13192 13197 13057)
4(13196 13056 13057 13197)
4(13191 13196 13197 13192)
4(13197 13057 13058 13198)
4(13192 13197 13198 13193)
4(13054 13194 13064 13059)
4(2297 4566 13064 13194)
4(13055 13195 13065 13060)
4(13194 13064 13065 13195)
4(13056 13196 13066 13061)
4(13195 13065 13066 13196)
4(13057 13197 13067 13062)
4(13196 13066 13067 13197)
4(13197 13067 13068 13198)
4(13064 13194 13199 13069)
4(4582 6246 13069 13199)
4(2297 4582 13199 13194)
4(13065 13195 13200 13070)
4(13199 13069 13070 13200)
4(13194 13199 13200 13195)
4(13066 13196 13201 13071)
4(13200 13070 13071 13201)
4(13195 13200 13201 13196)
4(13067 13197 13202 13072)
4(13201 13071 13072 13202)
4(13196 13201 13202 13197)
4(13202 13072 13073 13203)
4(13197 13202 13203 13198)
4(13069 13199 13204 13074)
4(2296 4564 13074 13204)
4(4582 2296 13204 13199)
4(13070 13200 13205 13075)
4(13204 13074 13075 13205)
4(13199 13204 13205 13200)
4(13071 13201 13206 13076)
4(13205 13075 13076 13206)
4(13200 13205 13206 13201)
4(13072 13202 13207 13077)
4(13206 13076 13077 13207)
4(13201 13206 13207 13202)
4(13207 13077 13078 13208)
4(13202 13207 13208 13203)
4(13074 13204 13209 13079)
4(4580 6247 13079 13209)
4(2296 4580 13209 13204)
4(13075 13205 13210 13080)
4(13209 13079 13080 13210)
4(13204 13209 13210 13205)
4(13076 13206 13211 13081)
4(13210 13080 13081 13211)
4(13205 13210 13211 13206)
4(13077 13207 13212 13082)
4(13211 13081 13082 13212)
4(13206 13211 13212 13207)
4(13212 13082 13083 13213)
4(13207 13212 13213 13208)
4(13079 13209 13214 13084)
4(2295 4562 13084 13214)
4(4580 2295 13214 13209)
4(13080 13210 13215 13085)
4(13214 13084 13085 13215)
4(13209 13214 13215 13210)
4(13081 13211 13216 13086)
4(13215 13085 13086 13216)
4(13210 13215 13216 13211)
4(13082 13212 13217 13087)
4(13216 13086 13087 13217)
4(13211 13216 13217 13212)
4(13217 13087 13088 13218)
4(13212 13217 13218 13213)
4(13084 13214 13219 13089)
4(4578 6248 13089 13219)
4(2295 4578 13219 13214)
4(13085 13215 13220 13090)
4(13219 13089 13090 13220)
4(13214 13219 13220 13215)
4(13086 13216 13221 13091)
4(13220 13090 13091 13221)
4(13215 13220 13221 13216)
4(13087 13217 13222 13092)
4(13221 13091 13092 13222)
4(13216 13221 13222 13217)
4(13222 13092 13093 13223)
4(13217 13222 13223 13218)
4(13089 13219 13224 13094)
4(2294 4560 13094 13224)
4(4578 2294 13224 13219)
4(13090 13220 13225 13095)
4(13224 13094 13095 13225)
4(13219 13224 13225 13220)
4(13091 13221 13226 13096)
4(13225 13095 13096 13226)
4(13220 13225 13226 13221)
4(13092 13222 13227 13097)
4(13226 13096 13097 13227)
4(13221 13226 13227 13222)
4(13227 13097 13098 13228)
4(13222 13227 13228 13223)
4(13094 13224 13229 13099)
4(4576 6249 13099 13229)
4(2294 4576 13229 13224)
4(13095 13225 13230 13100)
4(13229 13099 13100 13230)
4(13224 13229 13230 13225)
4(13096 13226 13231 13101)
4(13230 13100 13101 13231)
4(13225 13230 13231 13226)
4(13097 13227 13232 13102)
4(13231 13101 13102 13232)
4(13226 13231 13232 13227)
4(13232 13102 13103 13233)
4(13227 13232 13233 13228)
4(13100 13230 13108 13104)
5(4576 2293 13108 13230 13229)
4(13101 13231 13109 13105)
4(13230 13108 13109 13231)
4(13102 13232 13110 13106)
4(13231 13109 13110 13232)
4(13232 13110 13111 13233)
4(13108 13230 13235 13239)
4(4577 2293 13108 13239)
5(6263 4577 13239 13235 13234)
4(4576 6263 13234 13229)
4(13229 13234 13235 13230)
4(13109 13231 13236 13240)
4(13239 13108 13109 13240)
4(13235 13239 13240 13236)
4(13230 13235 13236 13231)
4(13110 13232 13237 13241)
4(13240 13109 13110 13241)
4(13236 13240 13241 13237)
4(13231 13236 13237 13232)
4(13241 13110 13111 13242)
4(13237 13241 13242 13238)
4(13232 13237 13238 13233)
4(13108 13239 13116 13112)
4(4577 6264 13116 13239)
4(13109 13240 13117 13113)
4(13239 13116 13117 13240)
4(13110 13241 13118 13114)
4(13240 13117 13118 13241)
4(13241 13118 13119 13242)
4(13117 13240 13127 13123)
4(4577 2303 13126 13239)
4(13239 13126 13127 13240)
4(13118 13241 13128 13124)
4(13240 13127 13128 13241)
4(13241 13128 13129 13242)
4(13126 13239 13235 13244)
5(4595 2303 13126 13244 13243)
4(6263 4595 13243 13234)
4(13234 13243 13244 13235)
4(13127 13240 13236 13245)
4(13244 13126 13127 13245)
4(13235 13244 13245 13236)
4(13128 13241 13237 13246)
4(13245 13127 13128 13246)
4(13236 13245 13246 13237)
4(13246 13128 13129 13247)
4(13237 13246 13247 13238)
4(13126 13244 13135 13130)
4(4595 6256 13134 13243)
4(13243 13134 13135 13244)
4(13127 13245 13136 13131)
4(13244 13135 13136 13245)
4(13128 13246 13137 13132)
4(13245 13136 13137 13246)
4(13246 13137 13138 13247)
4(13134 13243 13248 13253)
4(4598 6256 13134 13253)
4(4595 2304 13248 13243)
4(2304 4598 13253 13248)
4(13135 13244 13249 13254)
4(13253 13134 13135 13254)
4(13243 13248 13249 13244)
4(13248 13253 13254 13249)
4(13136 13245 13250 13255)
4(13254 13135 13136 13255)
4(13244 13249 13250 13245)
4(13249 13254 13255 13250)
4(13137 13246 13251 13256)
4(13255 13136 13137 13256)
4(13245 13250 13251 13246)
4(13250 13255 13256 13251)
4(13256 13137 13138 13257)
4(13246 13251 13252 13247)
4(13251 13256 13257 13252)
4(13134 13253 13144 13139)
4(4598 2313 13144 13253)
4(13135 13254 13145 13140)
4(13253 13144 13145 13254)
4(13136 13255 13146 13141)
4(13254 13145 13146 13255)
4(13137 13256 13147 13142)
4(13255 13146 13147 13256)
4(13256 13147 13148 13257)
4(13144 13253 13258 13149)
4(6257 4615 13149 13258)
4(4598 6257 13258 13253)
4(13145 13254 13259 13150)
4(13258 13149 13150 13259)
4(13253 13258 13259 13254)
4(13146 13255 13260 13151)
4(13259 13150 13151 13260)
4(13254 13259 13260 13255)
4(13147 13256 13261 13152)
4(13260 13151 13152 13261)
4(13255 13260 13261 13256)
4(13261 13152 13153 13262)
4(13256 13261 13262 13257)
4(13149 13258 13263 13154)
4(4600 2314 13154 13263)
4(6257 4600 13263 13258)
4(13150 13259 13264 13155)
4(13263 13154 13155 13264)
4(13258 13263 13264 13259)
4(13151 13260 13265 13156)
4(13264 13155 13156 13265)
4(13259 13264 13265 13260)
4(13152 13261 13266 13157)
4(13265 13156 13157 13266)
4(13260 13265 13266 13261)
4(13266 13157 13158 13267)
4(13261 13266 13267 13262)
4(13154 13263 13268 13159)
4(6258 4617 13159 13268)
4(4600 6258 13268 13263)
4(13155 13264 13269 13160)
4(13268 13159 13160 13269)
4(13263 13268 13269 13264)
4(13156 13265 13270 13161)
4(13269 13160 13161 13270)
4(13264 13269 13270 13265)
4(13157 13266 13271 13162)
4(13270 13161 13162 13271)
4(13265 13270 13271 13266)
4(13271 13162 13163 13272)
4(13266 13271 13272 13267)
4(13159 13268 13273 13164)
4(4602 2315 13164 13273)
4(6258 4602 13273 13268)
4(13160 13269 13274 13165)
4(13273 13164 13165 13274)
4(13268 13273 13274 13269)
4(13161 13270 13275 13166)
4(13274 13165 13166 13275)
4(13269 13274 13275 13270)
4(13162 13271 13276 13167)
4(13275 13166 13167 13276)
4(13270 13275 13276 13271)
4(13276 13167 13168 13277)
4(13271 13276 13277 13272)
4(13164 13273 13278 13169)
4(6259 4619 13169 13278)
4(4602 6259 13278 13273)
4(13165 13274 13279 13170)
4(13278 13169 13170 13279)
4(13273 13278 13279 13274)
4(13166 13275 13280 13171)
4(13279 13170 13171 13280)
4(13274 13279 13280 13275)
4(13167 13276 13281 13172)
4(13280 13171 13172 13281)
4(13275 13280 13281 13276)
4(13281 13172 13173 13282)
4(13276 13281 13282 13277)
4(13169 13278 13179 13174)
4(6259 4604 13179 13278)
4(13170 13279 13180 13175)
4(13278 13179 13180 13279)
4(13171 13280 13181 13176)
4(13279 13180 13181 13280)
4(13172 13281 13182 13177)
4(13280 13181 13182 13281)
4(13281 13182 13183 13282)
4(13179 13278 13283 13184)
4(4601 2307 13184 13283)
4(6259 4601 13283 13278)
4(13180 13279 13284 13185)
4(13283 13184 13185 13284)
4(13278 13283 13284 13279)
4(13181 13280 13285 13186)
4(13284 13185 13186 13285)
4(13279 13284 13285 13280)
4(13182 13281 13286 13187)
4(13285 13186 13187 13286)
4(13280 13285 13286 13281)
4(13286 13187 13188 13287)
4(13281 13286 13287 13282)
4(13184 13283 13288 13189)
4(6260 4585 13189 13288)
4(4601 6260 13288 13283)
4(13185 13284 13289 13190)
4(13288 13189 13190 13289)
4(13283 13288 13289 13284)
4(13186 13285 13290 13191)
4(13289 13190 13191 13290)
4(13284 13289 13290 13285)
4(13187 13286 13291 13192)
4(13290 13191 13192 13291)
4(13285 13290 13291 13286)
4(13291 13192 13193 13292)
4(13286 13291 13292 13287)
4(13189 13288 13199 13194)
4(6260 4582 13199 13288)
4(13190 13289 13200 13195)
4(13288 13199 13200 13289)
4(13191 13290 13201 13196)
4(13289 13200 13201 13290)
4(13192 13291 13202 13197)
4(13290 13201 13202 13291)
4(13291 13202 13203 13292)
4(13199 13288 13293 13204)
4(4583 2296 13204 13293)
4(6260 4583 13293 13288)
4(13200 13289 13294 13205)
4(13293 13204 13205 13294)
4(13288 13293 13294 13289)
4(13201 13290 13295 13206)
4(13294 13205 13206 13295)
4(13289 13294 13295 13290)
4(13202 13291 13296 13207)
4(13295 13206 13207 13296)
4(13290 13295 13296 13291)
4(13296 13207 13208 13297)
4(13291 13296 13297 13292)
4(13204 13293 13298 13209)
4(6261 4580 13209 13298)
4(4583 6261 13298 13293)
4(13205 13294 13299 13210)
4(13298 13209 13210 13299)
4(13293 13298 13299 13294)
4(13206 13295 13300 13211)
4(13299 13210 13211 13300)
4(13294 13299 13300 13295)
4(13207 13296 13301 13212)
4(13300 13211 13212 13301)
4(13295 13300 13301 13296)
4(13301 13212 13213 13302)
4(13296 13301 13302 13297)
4(13209 13298 13303 13214)
4(4581 2295 13214 13303)
4(6261 4581 13303 13298)
4(13210 13299 13304 13215)
4(13303 13214 13215 13304)
4(13298 13303 13304 13299)
4(13211 13300 13305 13216)
4(13304 13215 13216 13305)
4(13299 13304 13305 13300)
4(13212 13301 13306 13217)
4(13305 13216 13217 13306)
4(13300 13305 13306 13301)
4(13306 13217 13218 13307)
4(13301 13306 13307 13302)
4(13214 13303 13308 13219)
4(6262 4578 13219 13308)
4(4581 6262 13308 13303)
4(13215 13304 13309 13220)
4(13308 13219 13220 13309)
4(13303 13308 13309 13304)
4(13216 13305 13310 13221)
4(13309 13220 13221 13310)
4(13304 13309 13310 13305)
4(13217 13306 13311 13222)
4(13310 13221 13222 13311)
4(13305 13310 13311 13306)
4(13311 13222 13223 13312)
4(13306 13311 13312 13307)
4(13219 13308 13313 13224)
4(4579 2294 13224 13313)
4(6262 4579 13313 13308)
4(13220 13309 13314 13225)
4(13313 13224 13225 13314)
4(13308 13313 13314 13309)
4(13221 13310 13315 13226)
4(13314 13225 13226 13315)
4(13309 13314 13315 13310)
4(13222 13311 13316 13227)
4(13315 13226 13227 13316)
4(13310 13315 13316 13311)
4(13316 13227 13228 13317)
4(13311 13316 13317 13312)
4(13224 13313 13234 13229)
4(4579 6263 13234 13313)
4(13225 13314 13235 13230)
4(13313 13234 13235 13314)
4(13226 13315 13236 13231)
4(13314 13235 13236 13315)
4(13227 13316 13237 13232)
4(13315 13236 13237 13316)
4(13316 13237 13238 13317)
4(13234 13313 13248 13243)
4(4579 2304 13248 13313)
4(13235 13314 13249 13244)
4(13313 13248 13249 13314)
4(13236 13315 13250 13245)
4(13314 13249 13250 13315)
4(13237 13316 13251 13246)
4(13315 13250 13251 13316)
4(13316 13251 13252 13317)
4(13248 13313 13308 13318)
4(4597 2304 13248 13318)
4(6262 4597 13318 13308)
4(13249 13314 13309 13319)
4(13318 13248 13249 13319)
4(13308 13318 13319 13309)
4(13250 13315 13310 13320)
4(13319 13249 13250 13320)
4(13309 13319 13320 13310)
4(13251 13316 13311 13321)
4(13320 13250 13251 13321)
4(13310 13320 13321 13311)
4(13321 13251 13252 13322)
4(13311 13321 13322 13312)
4(13248 13318 13258 13253)
4(4597 6257 13258 13318)
4(13249 13319 13259 13254)
4(13318 13258 13259 13319)
4(13250 13320 13260 13255)
4(13319 13259 13260 13320)
4(13251 13321 13261 13256)
4(13320 13260 13261 13321)
4(13321 13261 13262 13322)
4(13258 13318 13323 13263)
4(2305 4600 13263 13323)
4(4597 2305 13323 13318)
4(13259 13319 13324 13264)
4(13323 13263 13264 13324)
4(13318 13323 13324 13319)
4(13260 13320 13325 13265)
4(13324 13264 13265 13325)
4(13319 13324 13325 13320)
4(13261 13321 13326 13266)
4(13325 13265 13266 13326)
4(13320 13325 13326 13321)
4(13326 13266 13267 13327)
4(13321 13326 13327 13322)
4(13263 13323 13328 13268)
4(4599 6258 13268 13328)
4(2305 4599 13328 13323)
4(13264 13324 13329 13269)
4(13328 13268 13269 13329)
4(13323 13328 13329 13324)
4(13265 13325 13330 13270)
4(13329 13269 13270 13330)
4(13324 13329 13330 13325)
4(13266 13326 13331 13271)
4(13330 13270 13271 13331)
4(13325 13330 13331 13326)
4(13331 13271 13272 13332)
4(13326 13331 13332 13327)
4(13268 13328 13333 13273)
4(2306 4602 13273 13333)
4(4599 2306 13333 13328)
4(13269 13329 13334 13274)
4(13333 13273 13274 13334)
4(13328 13333 13334 13329)
4(13270 13330 13335 13275)
4(13334 13274 13275 13335)
4(13329 13334 13335 13330)
4(13271 13331 13336 13276)
4(13335 13275 13276 13336)
4(13330 13335 13336 13331)
4(13336 13276 13277 13337)
4(13331 13336 13337 13332)
4(13273 13333 13283 13278)
4(2306 4601 13283 13333)
4(13274 13334 13284 13279)
4(13333 13283 13284 13334)
4(13275 13335 13285 13280)
4(13334 13284 13285 13335)
4(13276 13336 13286 13281)
4(13335 13285 13286 13336)
4(13336 13286 13287 13337)
4(13283 13333 13293 13288)
4(2306 4583 13293 13333)
4(13284 13334 13294 13289)
4(13333 13293 13294 13334)
4(13285 13335 13295 13290)
4(13334 13294 13295 13335)
4(13286 13336 13296 13291)
4(13335 13295 13296 13336)
4(13336 13296 13297 13337)
4(13293 13333 13328 13298)
4(4599 6261 13298 13328)
4(13294 13334 13329 13299)
4(13328 13298 13299 13329)
4(13295 13335 13330 13300)
4(13329 13299 13300 13330)
4(13296 13336 13331 13301)
4(13330 13300 13301 13331)
4(13331 13301 13302 13332)
4(13298 13328 13323 13303)
4(2305 4581 13303 13323)
4(13299 13329 13324 13304)
4(13323 13303 13304 13324)
4(13300 13330 13325 13305)
4(13324 13304 13305 13325)
4(13301 13331 13326 13306)
4(13325 13305 13306 13326)
4(13326 13306 13307 13327)
4(13303 13323 13318 13308)
4(13304 13324 13319 13309)
4(13305 13325 13320 13310)
4(13306 13326 13321 13311)
4(13338 7392 7387 7402)
4(13339 7393 7388 7403)
4(13340 7394 7389 7404)
4(13341 7395 7390 7405)
4(7379 7428 7424 7383)
4(7380 7429 7425 7384)
4(7381 7430 7426 7385)
4(7416 7452 7448 7420)
4(7417 7453 7449 7421)
4(7418 7454 7450 7422)
4(7440 7476 7472 7444)
4(7441 7477 7473 7445)
4(7442 7478 7474 7446)
4(7464 7500 7496 7468)
4(7465 7501 7497 7469)
4(7466 7502 7498 7470)
4(7488 7524 7520 7492)
4(7489 7525 7521 7493)
4(7490 7526 7522 7494)
4(7512 7550 7546 7516)
4(7513 7551 7547 7517)
4(7514 7552 7548 7518)
4(7536 7578 7573 7541)
4(7537 7579 7574 7542)
4(7538 7580 7575 7543)
4(7539 7581 7576 7544)
4(7563 7608 7603 7568)
4(7564 7609 7604 7569)
4(7565 7610 7605 7570)
4(7566 7611 7606 7571)
4(7593 7638 7633 7598)
4(7594 7639 7634 7599)
4(7595 7640 7635 7600)
4(7596 7641 7636 7601)
4(7397 7407 7657 7667)
4(7398 7408 7658 7668)
4(7399 7409 7659 7669)
4(7400 7410 7660 7670)
4(8390 8397 9201 8392)
4(7413 7433 7684 7654)
4(7414 7434 7685 7655)
4(7437 7457 7695 7681)
4(7438 7458 7696 7682)
4(7461 7481 7705 7692)
4(7462 7482 7706 7693)
4(7485 7505 7715 7702)
4(7486 7506 7716 7703)
4(7509 7529 7725 7712)
4(7510 7530 7726 7713)
4(7533 7555 7739 7722)
4(7534 7556 7740 7723)
4(7558 7583 7756 7733)
4(7559 7584 7757 7734)
4(7560 7585 7758 7735)
4(7561 7586 7759 7736)
4(7588 7613 7776 7751)
4(7589 7614 7777 7752)
4(7590 7615 7778 7753)
4(7591 7616 7779 7754)
4(7618 7643 7796 7771)
4(7619 7644 7797 7772)
4(7620 7645 7798 7773)
4(7621 7646 7799 7774)
4(7662 7672 7815 7825)
4(7663 7673 7816 7826)
4(7664 7674 7817 7827)
4(7665 7675 7818 7828)
4(7678 7687 7841 7812)
4(7679 7688 7842 7813)
4(2902 4784 7709 7708)
4(2908 565 7710 7711)
4(7730 7743 7867 7851)
4(7731 7744 7868 7852)
4(7746 7761 7884 7861)
4(7747 7762 7885 7862)
4(7748 7763 7886 7863)
4(7749 7764 7887 7864)
4(7766 7781 7904 7879)
4(7767 7782 7905 7880)
4(7768 7783 7906 7881)
4(7769 7784 7907 7882)
4(7786 7801 7924 7899)
4(7787 7802 7925 7900)
4(7788 7803 7926 7901)
4(7789 7804 7927 7902)
4(7820 7830 7943 7953)
4(7821 7831 7944 7954)
4(7822 7832 7945 7955)
4(7823 7833 7946 7956)
4(8408 8413 8426 9516)
4(8409 8414 8427 9517)
4(8410 8415 8428 9518)
4(8411 8416 8429 9519)
4(7836 7844 7969 7940)
4(7837 7845 7970 7941)
4(7847 7849 7977 7967)
4(2959 4816 7977 7849)
4(7849 7977 7978 7850)
4(13343 13345 7977 7849)
4(2959 5335 13343 7849)
4(2595 4816 7977 13345)
4(5335 2595 13345 13343)
4(7849 13343 13344 7850)
4(13345 7977 7978 13346)
4(13343 13345 13346 13344)
4(3938 5338 13350 13349)
4(5443 3938 13349 13347)
4(13347 13349 13350 13348)
4(2596 5443 13347 13348)
4(7858 7871 7997 7981)
4(7859 7872 7998 7982)
4(7874 7889 8014 7991)
4(7875 7890 8015 7992)
4(7876 7891 8016 7993)
4(7877 7892 8017 7994)
4(7894 7909 8034 8009)
4(7895 7910 8035 8010)
4(7896 7911 8036 8011)
4(7897 7912 8037 8012)
4(7914 7929 8054 8029)
4(7915 7930 8055 8030)
4(7916 7931 8056 8031)
4(7917 7932 8057 8032)
4(7948 7958 8073 8083)
4(7949 7959 8074 8084)
4(7950 7960 8075 8085)
4(7951 7961 8076 8086)
4(7964 7972 8099 8070)
4(7965 7973 8100 8071)
4(3018 4851 7980 7979)
4(3018 5445 13351 7979)
4(7979 13351 13352 7980)
4(5445 2631 13352 13351)
4(4092 5448 13354 13353)
4(5561 4092 13353 13354)
4(7988 8001 8135 8119)
4(7989 8002 8136 8120)
4(8004 8019 8152 8129)
4(8005 8020 8153 8130)
4(8006 8021 8154 8131)
4(8007 8022 8155 8132)
4(8024 8039 8172 8147)
4(8025 8040 8173 8148)
4(8026 8041 8174 8149)
4(8027 8042 8175 8150)
4(8044 8059 8192 8167)
4(8045 8060 8193 8168)
4(8046 8061 8194 8169)
4(8047 8062 8195 8170)
4(8078 8088 8211 8221)
4(8079 8089 8212 8222)
4(8080 8090 8213 8223)
4(8081 8091 8214 8224)
4(8094 8102 8238 8208)
4(8095 8103 8239 8209)
4(8105 8107 8253 8236)
4(8109 8111 8267 8250)
4(8113 8115 8281 8264)
4(8117 8124 8295 8278)
4(8126 8139 8311 8291)
4(8127 8140 8312 8292)
4(8142 8157 8328 8305)
4(8143 8158 8329 8306)
4(8144 8159 8330 8307)
4(8145 8160 8331 8308)
4(8162 8177 8348 8323)
4(8163 8178 8349 8324)
4(8164 8179 8350 8325)
4(8165 8180 8351 8326)
4(8182 8197 8368 8343)
4(8183 8198 8369 8344)
4(8184 8199 8370 8345)
4(8185 8200 8371 8346)
4(9180 13355 9082 9080)
4(6742 6666 9082 13355)
4(6715 6742 13355 9180)
4(6700 6715 9180 9080)
4(13355 9082 9083 13356)
4(9180 13355 13356 9181)
4(9080 9180 9181 9081)
4(6904 6856 9082 13355)
4(6729 6704 6855 6903)
4(6903 6855 6856 6904)
5(6742 6729 6903 6904 13355)
5(6704 6666 9082 6856 6855)
4(6904 6856 6857 6905)
4(13355 6904 6905 13356)
4(6856 9082 9083 6857)
4(6903 6911 6858 6855)
4(6747 6668 6858 6911)
4(6904 6912 6859 6856)
4(6911 6858 6859 6912)
4(6912 6859 6860 6913)
4(6929 6884 6858 6911)
4(6745 6708 6883 6928)
4(6928 6883 6884 6929)
5(6747 6745 6928 6929 6911)
5(6708 6668 6858 6884 6883)
4(6930 6885 6859 6912)
4(6929 6884 6885 6930)
4(6911 6929 6930 6912)
4(6884 6858 6859 6885)
4(6930 6885 6886 6931)
4(6912 6930 6931 6913)
4(6885 6859 6860 6886)
4(11423 6892 6888 13357)
5(6670 6712 13357 6888 6887)
4(6712 6644 11423 13357)
5(6644 6707 6891 6892 11423)
4(11424 6893 6889 13358)
4(6888 13357 13358 6889)
4(13357 11423 11424 13358)
4(11423 6892 6893 11424)
4(6889 13358 13359 6890)
4(13358 11424 11425 13359)
4(11424 6893 6894 11425)
4(6928 6938 6887 6883)
4(6750 6670 6887 6938)
4(6929 6939 6888 6884)
4(6938 6887 6888 6939)
4(6930 6940 6889 6885)
4(6939 6888 6889 6940)
4(6940 6889 6890 6941)
4(6942 13357 6888 6939)
4(6755 6712 13357 6942)
5(6750 6755 6942 6939 6938)
4(6943 13358 6889 6940)
4(6942 13357 13358 6943)
4(6939 6942 6943 6940)
4(6943 13358 13359 6944)
4(6940 6943 6944 6941)
4(6671 6717 6895 13360)
4(13360 6895 6896 13361)
4(6711 6671 13360 11426)
4(11426 13360 13361 11427)
4(6654 6711 11426 11427)
4(6943 6952 13360 13358)
5(6752 6671 13360 6952 6951)
5(6671 6712 13357 13358 13360)
4(6952 13360 13361 6953)
4(13360 13358 13359 13361)
4(6955 6895 13360 6952)
5(6772 6717 6895 6955 6954)
4(6752 6772 6954 6951)
4(6951 6954 6955 6952)
4(6955 6895 6896 6956)
4(6952 6955 6956 6953)
4(6673 6722 13362 6897)
4(6897 13362 13363 6898)
4(6722 6662 13363 13362)
4(6955 6964 6897 6895)
5(6756 6673 6897 6964 6963)
4(6964 6897 6898 6965)
4(6967 13362 6897 6964)
5(6789 6722 13362 6967 6966)
4(6756 6789 6966 6963)
4(6963 6966 6967 6964)
4(6967 13362 13363 6968)
4(6964 6967 6968 6965)
4(6674 6725 13366 13364)
4(13364 13366 13367 13365)
4(6720 6674 13364 13365)
4(6725 6667 13367 13366)
4(6967 6976 13364 13362)
5(6761 6674 13364 6976 6975)
4(6674 6722 13362 13364)
4(6976 13364 13365 6977)
4(13364 13362 13363 13365)
4(6979 13366 13364 6976)
5(6798 6725 13366 6979 6978)
4(6761 6798 6978 6975)
4(6975 6978 6979 6976)
4(6979 13366 13367 6980)
4(6976 6979 6980 6977)
4(6676 6727 13370 13368)
4(13368 13370 13371 13369)
4(6724 6676 13368 13369)
4(6727 6675 13371 13370)
4(6979 6989 13368 13366)
5(6764 6676 13368 6989 6988)
4(6676 6725 13366 13368)
4(6989 13368 13369 6990)
4(13368 13366 13367 13369)
4(6992 13370 13368 6989)
5(6811 6727 13370 6992 6991)
4(6764 6811 6991 6988)
4(6988 6991 6992 6989)
4(6992 13370 13371 6993)
4(6989 6992 6993 6990)
4(6678 6733 6899 13372)
4(13372 6899 6900 13373)
4(6726 6678 13372 13373)
4(6992 7003 13372 13370)
5(6769 6678 13372 7003 7002)
4(6678 6727 13370 13372)
4(7003 13372 13373 7004)
4(13372 13370 13371 13373)
4(7006 6899 13372 7003)
5(6822 6733 6899 7006 7005)
4(6769 6822 7005 7002)
4(7002 7005 7006 7003)
4(7006 6899 6900 7007)
4(7003 7006 7007 7004)
4(6679 6738 13374 6901)
4(6901 13374 13375 6902)
4(6738 6692 13375 13374)
4(7006 7016 6901 6899)
5(6774 6679 6901 7016 7015)
4(7016 6901 6902 7017)
4(7018 13374 6901 7016)
4(6827 6738 13374 7018)
5(6774 6827 7018 7016 7015)
4(7018 13374 13375 7019)
4(7016 7018 7019 7017)
4(6779 6681 7026 7025)
4(6681 6738 13374 13375)
4(6779 460 7026 7025)
4(6904 13355 13376 6906)
4(6682 6748 6906 13376)
4(6742 6682 13376 13355)
4(13376 6906 6907 13377)
4(13355 13376 13377 13356)
4(6787 6682 13376 13377)
4(6682 6743 9184 13376)
4(13376 9184 9185 13377)
4(6849 6748 6906 7027)
4(7027 6906 6907 7028)
4(6787 6849 7027 7028)
4(6929 6911 6908 6932)
4(6684 6751 6932 6908)
4(6930 6912 6909 6933)
4(6908 6932 6933 6909)
4(6909 6933 6934 6910)
4(7027 7033 6909 6906)
5(6792 6684 6908 6909 7033)
4(7033 6909 6910 7034)
4(7053 6933 6909 7033)
5(6605 6751 6932 6933 7053)
4(6792 6605 7053 7033)
4(7053 6933 6934 7054)
4(7033 7053 7054 7034)
4(6942 6939 6935 6945)
4(6685 6753 6945 6935)
4(6943 6940 6936 6946)
4(6935 6945 6946 6936)
4(6936 6946 6947 6937)
4(7053 7057 6936 6933)
5(6794 6685 6935 6936 7057)
4(7057 6936 6937 7058)
4(7059 6946 6936 7057)
5(6614 6753 6945 6946 7059)
4(6794 6614 7059 7057)
4(7059 6946 6947 7060)
4(7057 7059 7060 7058)
4(6954 6951 6948 6957)
4(6687 6757 6957 6948)
4(6955 6952 6949 6958)
4(6948 6957 6958 6949)
4(6949 6958 6959 6950)
4(7059 7061 6949 6946)
5(6797 6687 6948 6949 7061)
4(7061 6949 6950 7062)
4(7063 6958 6949 7061)
5(6627 6757 6957 6958 7063)
4(7063 6958 6959 7064)
4(6966 6963 6960 6969)
4(6689 6762 6969 6960)
4(6967 6964 6961 6970)
4(6960 6969 6970 6961)
4(6961 6970 6971 6962)
4(7063 7065 6961 6958)
5(6799 6689 6960 6961 7065)
4(7065 6961 6962 7066)
4(7067 6970 6961 7065)
5(6640 6762 6969 6970 7067)
4(6799 6640 7067 7065)
4(7067 6970 6971 7068)
4(7065 7067 7068 7066)
4(6978 6975 6972 6981)
4(6690 6767 6981 6972)
4(6979 6976 6973 6982)
4(6972 6981 6982 6973)
4(6973 6982 6983 6974)
4(7067 7071 6973 6970)
5(6804 6690 6972 6973 7071)
4(7071 6973 6974 7072)
4(7074 6982 6973 7071)
4(6651 6767 6981 7073)
4(7073 6981 6982 7074)
5(6804 6651 7073 7074 7071)
4(7074 6982 6983 7075)
4(7071 7074 7075 7072)
4(6991 6988 6985 6995)
4(6691 6771 6994 6984)
4(6984 6994 6995 6985)
4(6992 6989 6986 6996)
4(6985 6995 6996 6986)
4(6986 6996 6997 6987)
4(7073 7084 6985 6981)
4(6806 6691 6984 7083)
4(7083 6984 6985 7084)
4(7074 7085 6986 6982)
4(7084 6985 6986 7085)
4(7085 6986 6987 7086)
4(7088 6994 6984 7083)
5(6659 6771 6994 7088 7087)
5(6806 6659 7087 7088 7083)
4(7089 6995 6985 7084)
4(7088 6994 6995 7089)
4(7083 7088 7089 7084)
4(7090 6996 6986 7085)
4(7089 6995 6996 7090)
4(7084 7089 7090 7085)
4(7090 6996 6997 7091)
4(7085 7090 7091 7086)
4(7005 7002 6999 7009)
4(6693 6776 7008 6998)
4(6998 7008 7009 6999)
4(7006 7003 7000 7010)
4(6999 7009 7010 7000)
4(7000 7010 7011 7001)
4(7088 7103 6998 6994)
5(6809 6693 6998 7103 7102)
4(7089 7104 6999 6995)
4(7103 6998 6999 7104)
4(7090 7105 7000 6996)
4(7104 6999 7000 7105)
4(7105 7000 7001 7106)
4(7107 7008 6998 7103)
4(6665 6776 7008 7107)
5(6809 6665 7107 7103 7102)
4(7108 7009 6999 7104)
4(7107 7008 7009 7108)
4(7103 7107 7108 7104)
4(7109 7010 7000 7105)
4(7108 7009 7010 7109)
4(7104 7108 7109 7105)
4(7109 7010 7011 7110)
4(7105 7109 7110 7106)
4(7018 7016 7013 7021)
4(6695 6781 7020 7012)
4(7012 7020 7021 7013)
4(7013 7021 7022 7014)
4(7108 7121 7012 7009)
5(6814 6695 7012 7121 7120)
4(7109 7122 7013 7010)
4(7121 7012 7013 7122)
4(7122 7013 7014 7123)
4(7124 7020 7012 7121)
4(6672 6781 7020 7124)
5(6814 6672 7124 7121 7120)
4(7125 7021 7013 7122)
4(7124 7020 7021 7125)
4(7121 7124 7125 7122)
4(7125 7021 7022 7126)
4(7122 7125 7126 7123)
4(7125 7132 7023 7021)
4(6817 6696 7023 7132)
4(7132 7023 7024 7133)
4(6698 6793 7029 7030)
4(6697 6793 7029 7134)
4(7134 7029 7030 7135)
4(6821 6697 7134 7135)
4(7053 7033 7031 7055)
4(6701 6795 7055 7031)
4(7031 7055 7056 7032)
4(7134 7140 7031 7029)
4(6824 6701 7031 7140)
4(7140 7031 7032 7141)
4(7162 7055 7031 7140)
4(6824 6710 7162 7140)
4(7140 7162 7163 7141)
4(7074 7071 7069 7077)
5(6706 6808 7076 7077 7069)
4(7069 7077 7078 7070)
4(6828 6706 7069 7168)
4(7168 7069 7070 7169)
4(7171 7077 7069 7168)
4(6765 6808 7076 7170)
4(7170 7076 7077 7171)
5(6828 6765 7170 7171 7168)
4(7171 7077 7078 7172)
4(7168 7171 7172 7169)
4(7088 7083 7079 7093)
5(6709 6810 7092 7093 7079)
4(7089 7084 7080 7094)
4(7079 7093 7094 7080)
4(7090 7085 7081 7095)
4(7080 7094 7095 7081)
4(7081 7095 7096 7082)
4(7170 7181 7080 7076)
4(6830 6709 7079 7180)
4(7180 7079 7080 7181)
4(7171 7182 7081 7077)
4(7181 7080 7081 7182)
4(7182 7081 7082 7183)
4(7185 7093 7079 7180)
4(6783 6810 7092 7184)
4(7184 7092 7093 7185)
5(6830 6783 7184 7185 7180)
4(7186 7094 7080 7181)
4(7185 7093 7094 7186)
4(7180 7185 7186 7181)
4(7187 7095 7081 7182)
4(7186 7094 7095 7187)
4(7181 7186 7187 7182)
4(7187 7095 7096 7188)
4(7182 7187 7188 7183)
4(7107 7103 7098 7112)
4(6713 6816 7111 7097)
4(7097 7111 7112 7098)
4(7108 7104 7099 7113)
4(7098 7112 7113 7099)
4(7109 7105 7100 7114)
4(7099 7113 7114 7100)
4(7100 7114 7115 7101)
4(7184 7199 7097 7092)
4(6833 6713 7097 7199)
4(7185 7200 7098 7093)
4(7199 7097 7098 7200)
4(7186 7201 7099 7094)
4(7200 7098 7099 7201)
4(7187 7202 7100 7095)
4(7201 7099 7100 7202)
4(7202 7100 7101 7203)
4(7204 7111 7097 7199)
4(6796 6816 7111 7204)
4(6833 6796 7204 7199)
4(7205 7112 7098 7200)
4(7204 7111 7112 7205)
4(7199 7204 7205 7200)
4(7206 7113 7099 7201)
4(7205 7112 7113 7206)
4(7200 7205 7206 7201)
4(7207 7114 7100 7202)
4(7206 7113 7114 7207)
4(7201 7206 7207 7202)
4(7207 7114 7115 7208)
4(7202 7207 7208 7203)
4(7124 7121 7117 7127)
5(6714 6818 7127 7117 7116)
4(7125 7122 7118 7128)
4(7117 7127 7128 7118)
4(7118 7128 7129 7119)
4(7205 7218 7116 7112)
4(6836 6714 7116 7218)
4(7206 7219 7117 7113)
4(7218 7116 7117 7219)
4(7207 7220 7118 7114)
4(7219 7117 7118 7220)
4(7220 7118 7119 7221)
4(7222 7127 7117 7219)
4(6807 6818 7127 7222)
5(6836 6807 7222 7219 7218)
4(7223 7128 7118 7220)
4(7222 7127 7128 7223)
4(7219 7222 7223 7220)
4(7223 7128 7129 7224)
4(7220 7223 7224 7221)
4(7223 7230 7130 7128)
4(6839 6718 7130 7230)
4(7230 7130 7131 7231)
4(6721 6825 7136 7137)
4(6832 6825 7136 7232)
4(7232 7136 7137 7233)
4(6843 6832 7232 7233)
4(7162 7140 7138 7164)
4(6723 6826 7164 7138)
4(7138 7164 7165 7139)
4(7232 7238 7138 7136)
4(6845 6723 7138 7238)
4(7238 7138 7139 7239)
4(7256 7164 7138 7238)
4(6845 6842 7256 7238)
4(7238 7256 7257 7239)
4(7171 7168 7166 7174)
5(6730 6831 7173 7174 7166)
4(7166 7174 7175 7167)
4(6850 6730 7166 7262)
4(7262 7166 7167 7263)
4(7265 7174 7166 7262)
4(6622 6831 7173 7264)
4(7264 7173 7174 7265)
5(6850 6622 7264 7265 7262)
4(7265 7174 7175 7266)
4(7262 7265 7266 7263)
4(7185 7180 7176 7190)
5(6734 6834 7189 7190 7176)
4(7186 7181 7177 7191)
4(7176 7190 7191 7177)
4(7187 7182 7178 7192)
4(7177 7191 7192 7178)
4(7178 7192 7193 7179)
4(7264 7274 7177 7173)
4(6601 6734 7176 7273)
4(7273 7176 7177 7274)
4(7265 7275 7178 7174)
4(7274 7177 7178 7275)
4(7275 7178 7179 7276)
4(7277 7190 7176 7273)
5(6637 6834 7189 7190 7277)
4(6601 6637 7277 7273)
4(7278 7191 7177 7274)
4(7277 7190 7191 7278)
4(7273 7277 7278 7274)
4(7279 7192 7178 7275)
4(7278 7191 7192 7279)
4(7274 7278 7279 7275)
4(7279 7192 7193 7280)
4(7275 7279 7280 7276)
4(7204 7199 7194 7209)
4(6737 6837 7209 7194)
4(7205 7200 7195 7210)
4(7194 7209 7210 7195)
4(7206 7201 7196 7211)
4(7195 7210 7211 7196)
4(7207 7202 7197 7212)
4(7196 7211 7212 7197)
4(7197 7212 7213 7198)
4(7277 7287 7195 7190)
5(6603 6737 7194 7195 7287)
4(7278 7288 7196 7191)
4(7287 7195 7196 7288)
4(7279 7289 7197 7192)
4(7288 7196 7197 7289)
4(7289 7197 7198 7290)
4(7291 7210 7195 7287)
5(6648 6837 7209 7210 7291)
4(6603 6648 7291 7287)
4(7292 7211 7196 7288)
4(7291 7210 7211 7292)
4(7287 7291 7292 7288)
4(7293 7212 7197 7289)
4(7292 7211 7212 7293)
4(7288 7292 7293 7289)
4(7293 7212 7213 7294)
4(7289 7293 7294 7290)
4(7222 7219 7215 7225)
5(6739 6840 7225 7215 7214)
4(7223 7220 7216 7226)
4(7215 7225 7226 7216)
4(7216 7226 7227 7217)
4(7291 7301 7214 7210)
4(6606 6739 7214 7301)
4(7292 7302 7215 7211)
4(7301 7214 7215 7302)
4(7293 7303 7216 7212)
4(7302 7215 7216 7303)
4(7303 7216 7217 7304)
4(7305 7225 7215 7302)
4(6656 6840 7225 7305)
5(6606 6656 7305 7302 7301)
4(7306 7226 7216 7303)
4(7305 7225 7226 7306)
4(7302 7305 7306 7303)
4(7306 7226 7227 7307)
4(7303 7306 7307 7304)
4(922 6839 7230 7231)
4(6741 3001 7229 7228)
4(7306 7313 7228 7226)
4(6609 6741 7228 7313)
4(7313 7228 7229 7314)
4(6744 6846 7234 7235)
4(6677 6846 7234 7324)
4(7324 7234 7235 7325)
4(6612 6677 7324 7325)
4(7256 7238 7236 7258)
4(6746 6848 7258 7236)
4(7236 7258 7259 7237)
4(7324 7326 7236 7234)
4(6615 6746 7236 7326)
4(7326 7236 7237 7327)
4(7340 7258 7236 7326)
4(6686 6848 7258 7340)
4(6615 6686 7340 7326)
4(7340 7258 7259 7341)
4(7326 7340 7341 7327)
4(6719 3037 7343 7342)
4(6626 6719 7342 7343)
4(7265 7262 7260 7268)
5(6754 6602 7267 7268 7260)
4(7260 7268 7269 7261)
4(6630 6754 7260 7348)
4(7348 7260 7261 7349)
4(7350 7268 7260 7348)
5(6735 6602 7267 7268 7350)
4(6630 6735 7350 7348)
4(7350 7268 7269 7351)
4(7348 7350 7351 7349)
4(7278 7274 7270 7281)
4(6758 6604 7281 7270)
4(7279 7275 7271 7282)
4(7270 7281 7282 7271)
4(7271 7282 7283 7272)
4(7350 7352 7271 7268)
5(6634 6758 7270 7271 7352)
4(7352 7271 7272 7353)
4(7354 7282 7271 7352)
5(6749 6604 7281 7282 7354)
4(6634 6749 7354 7352)
4(7354 7282 7283 7355)
4(7352 7354 7355 7353)
4(7292 7288 7284 7295)
4(6760 6607 7295 7284)
4(7293 7289 7285 7296)
4(7284 7295 7296 7285)
4(7285 7296 7297 7286)
4(7354 7361 7285 7282)
4(6638 6760 7284 7360)
4(7360 7284 7285 7361)
4(7361 7285 7286 7362)
4(7363 7295 7284 7360)
4(6759 6607 7295 7363)
4(6638 6759 7363 7360)
4(7364 7296 7285 7361)
4(7363 7295 7296 7364)
4(7360 7363 7364 7361)
4(7364 7296 7297 7365)
4(7361 7364 7365 7362)
4(7305 7302 7298 7308)
4(6763 6610 7308 7298)
4(7306 7303 7299 7309)
4(7298 7308 7309 7299)
4(7299 7309 7310 7300)
4(7363 7370 7298 7295)
4(6641 6763 7298 7370)
4(7364 7371 7299 7296)
4(7370 7298 7299 7371)
4(7371 7299 7300 7372)
4(7373 7309 7299 7371)
5(6777 6610 7308 7309 7373)
5(6641 6777 7373 7371 7370)
4(7373 7309 7310 7374)
4(7371 7373 7374 7372)
4(7373 7377 7311 7309)
4(6645 6766 7311 7377)
4(7377 7311 7312 7378)
4(6778 6631 7344 7345)
4(6780 6636 7347 7346)
4(6631 1509 7345 7344)
4(3153 6780 7346 7347)
4(6782 6639 7356 7357)
4(7364 7361 7358 7366)
4(6785 6642 7366 7358)
4(7358 7366 7367 7359)
4(7373 7371 7368 7375)
4(6786 6646 7375 7368)
4(7368 7375 7376 7369)
4(6642 1572 7367 7366)
4(3165 6786 7368 7369)
4(1384 6645 7377 7378)
4(6646 1593 7376 7375)
4(9210 9090 9088 9118)
5(3485 4920 9090 9210 9209)
4(9210 9090 9091 9211)
4(6914 6867 6864 6917)
4(4921 3509 6917 6864)
4(6915 6868 6865 6918)
4(6864 6917 6918 6865)
4(6865 6918 6919 6866)
4(13379 10848 9090 9210)
4(1731 3209 10847 13378)
4(13378 10847 10848 13379)
4(3485 1731 13378 9209)
4(9209 13378 13379 9210)
4(13379 10848 10849 13380)
4(9210 13379 13380 9211)
4(13378 6917 6864 10847)
4(1731 3509 6917 13378)
4(13379 6918 6865 10848)
4(13378 6917 6918 13379)
4(13379 6918 6919 13380)
4(13378 9209 9206 13382)
5(3514 1731 13378 13382 13381)
5(5199 3514 13381 13382 9206)
4(13379 9210 9207 13383)
4(13382 13378 13379 13383)
4(9206 13382 13383 9207)
4(13383 13379 13380 13384)
4(9207 13383 13384 9208)
4(13378 13382 6921 6917)
4(3514 5200 6920 13381)
4(13381 6920 6921 13382)
4(13379 13383 6922 6918)
4(13382 6921 6922 13383)
4(13383 6922 6923 13384)
4(9422 9206 9203 9306)
5(3743 5199 9206 9422 9421)
4(9423 9207 9204 9307)
4(9422 9206 9207 9423)
4(9423 9207 9208 9424)
4(7035 6924 6920 7039)
4(5200 3765 7039 6920)
4(7036 6925 6921 7040)
4(6920 7039 7040 6921)
4(7037 6926 6922 7041)
4(6921 7040 7041 6922)
4(6922 7041 7042 6923)
4(13386 13382 9206 9422)
4(1838 3514 13381 13385)
4(13385 13381 13382 13386)
4(3743 1838 13385 9421)
4(9421 13385 13386 9422)
4(13387 13383 9207 9423)
4(13386 13382 13383 13387)
4(9422 13386 13387 9423)
4(13387 13383 13384 13388)
4(9423 13387 13388 9424)
4(13385 7039 6920 13381)
4(1838 3765 7039 13385)
4(13386 7040 6921 13382)
4(13385 7039 7040 13386)
4(13387 7041 6922 13383)
4(13386 7040 7041 13387)
4(13387 7041 7042 13388)
4(13385 9421 9417 13390)
5(3770 1838 13385 13390 13389)
4(5306 3770 13389 9416)
4(9416 13389 13390 9417)
4(13386 9422 9418 13391)
4(13390 13385 13386 13391)
4(9417 13390 13391 9418)
4(13387 9423 9419 13392)
4(13391 13386 13387 13392)
4(9418 13391 13392 9419)
4(13392 13387 13388 13393)
4(9419 13392 13393 9420)
4(13385 13390 7044 7039)
4(3770 5307 7043 13389)
4(13389 7043 7044 13390)
4(13386 13391 7045 7040)
4(13390 7044 7045 13391)
4(13387 13392 7046 7041)
4(13391 7045 7046 13392)
4(13392 7046 7047 13393)
4(7142 7048 7043 7147)
4(5307 3920 7147 7043)
4(7143 7049 7044 7148)
4(7043 7147 7148 7044)
4(7144 7050 7045 7149)
4(7044 7148 7149 7045)
4(7145 7051 7046 7150)
4(7045 7149 7150 7046)
4(7046 7150 7151 7047)
4(13394 13389 9416 9526)
4(1945 3770 13389 13394)
4(3898 1945 13394 9526)
4(13395 13390 9417 9527)
4(13394 13389 13390 13395)
4(9526 13394 13395 9527)
4(13396 13391 9418 9528)
4(13395 13390 13391 13396)
4(9527 13395 13396 9528)
4(13397 13392 9419 9529)
4(13396 13391 13392 13397)
4(9528 13396 13397 9529)
4(13397 13392 13393 13398)
4(9529 13397 13398 9530)
4(13394 7147 7043 13389)
4(1945 3920 7147 13394)
4(13395 7148 7044 13390)
4(13394 7147 7148 13395)
4(13396 7149 7045 13391)
4(13395 7148 7149 13396)
4(13397 7150 7046 13392)
4(13396 7149 7150 13397)
4(13397 7150 7151 13398)
4(2559 5335 13343 13344)
4(5333 3938 13349 13350)
4(3938 5335 13343 13349)
4(13349 13343 13344 13350)
4(13394 9526 9475 13399)
4(3925 1945 13394 13399)
4(5416 3925 13399 9475)
4(13395 9527 9476 13400)
4(13399 13394 13395 13400)
4(9475 13399 13400 9476)
4(13396 9528 9477 13401)
4(13400 13395 13396 13401)
4(9476 13400 13401 9477)
4(13397 9529 9478 13402)
4(13401 13396 13397 13402)
4(9477 13401 13402 9478)
4(13402 13397 13398 13403)
4(9478 13402 13403 9479)
4(13394 13399 7152 7147)
4(3925 5417 7152 13399)
4(13395 13400 7153 7148)
4(13399 7152 7153 13400)
4(13396 13401 7154 7149)
4(13400 7153 7154 13401)
4(13397 13402 7155 7150)
4(13401 7154 7155 13402)
4(13402 7155 7156 13403)
4(7240 7158 7153 7244)
5(5417 4074 7244 7153 7152)
4(7241 7159 7154 7245)
4(7153 7244 7245 7154)
4(7242 7160 7155 7246)
4(7154 7245 7246 7155)
4(7155 7246 7247 7156)
4(13404 13400 9476 9364)
5(2052 3925 13399 13400 13404)
4(4052 2052 13404 9364)
4(13405 13401 9477 9365)
4(13404 13400 13401 13405)
4(9364 13404 13405 9365)
4(13406 13402 9478 9366)
4(13405 13401 13402 13406)
4(9365 13405 13406 9366)
4(13406 13402 13403 13407)
4(9366 13406 13407 9367)
4(13404 7244 7153 13400)
4(2052 4074 7244 13404)
4(13405 7245 7154 13401)
4(13404 7244 7245 13405)
4(13406 7246 7155 13402)
4(13405 7245 7246 13406)
4(13406 7246 7247 13407)
4(13351 7979 7977 13345)
4(2595 5445 13351 13345)
4(13345 13351 13352 13346)
4(13347 13345 13343 13349)
4(5443 2595 13345 13347)
4(13347 13345 13346 13348)
4(13351 13345 13347 13353)
4(5443 4092 13353 13347)
4(4092 5445 13351 13353)
4(13347 13353 13354 13348)
4(13353 13351 13352 13354)
4(13405 9365 9361 13409)
4(4079 2052 13404 13408)
4(13408 13404 13405 13409)
5(5528 4079 13408 13409 9361)
4(13406 9366 9362 13410)
4(13409 13405 13406 13410)
4(9361 13409 13410 9362)
4(13410 13406 13407 13411)
4(9362 13410 13411 9363)
4(13404 13408 7248 7244)
4(4079 5529 7248 13408)
4(13405 13409 7249 7245)
4(13408 7248 7249 13409)
4(13406 13410 7250 7246)
4(13409 7249 7250 13410)
4(13410 7250 7251 13411)
4(7318 9362 9264 7320)
4(4207 5528 9361 7317)
4(7317 9361 9362 7318)
4(7318 9362 9363 7319)
4(7328 7253 7249 7331)
5(5529 4231 7331 7249 7248)
4(7329 7254 7250 7332)
4(7249 7331 7332 7250)
4(7250 7332 7333 7251)
4(13412 13409 9361 7317)
5(2159 4079 13408 13409 13412)
4(4207 2159 13412 7317)
4(13413 13410 9362 7318)
4(13412 13409 13410 13413)
4(7317 13412 13413 7318)
4(13413 13410 13411 13414)
4(7318 13413 13414 7319)
4(13412 7331 7249 13409)
4(2159 4231 7331 13412)
4(13413 7332 7250 13410)
4(13412 7331 7332 13413)
4(13413 7332 7333 13414)
4(13413 7318 7315 12415)
4(4236 2159 13412 12414)
4(12414 13412 13413 12415)
5(5694 4236 12414 12415 7315)
4(12415 13413 13414 12416)
4(7315 12415 12416 7316)
4(13412 12414 7334 7331)
4(13413 12415 7335 7332)
4(6181 5694 7315 12095)
4(12095 7315 7316 12096)
4(5941 4508 7323 7322)
5(12409 12415 7315 12095 12250)
4(5916 4573 8923 8922)
4(1551 6639 7356 7357)
4(3161 6785 7358 7359)
4(9068 12192 12076 9073)
4(4647 6170 12192 9068)
4(9069 12193 12077 9074)
4(9068 12192 12193 9069)
4(9070 12194 12078 9075)
4(9069 12193 12194 9070)
4(9071 12195 12079 9076)
4(9070 12194 12195 9071)
4(9071 12195 12196 9072)
4(9064 12072 12193 9069)
4(9065 12073 12194 9070)
4(9066 12074 12195 9071)
4(9065 8983 8979 12069)
4(9066 8984 8980 12070)
4(9682 11994 11998 9672)
4(9683 11995 11999 9673)
4(12007 9952 9675 9671)
4(4686 6005 9951 12006)
4(12006 9951 9952 12007)
4(12008 9953 9676 9672)
4(12007 9952 9953 12008)
4(12009 9954 9677 9673)
4(12008 9953 9954 12009)
4(12009 9954 9955 12010)
4(12016 9941 9951 12006)
4(2350 4488 9941 12016)
4(12017 9942 9952 12007)
4(12016 9941 9942 12017)
4(12018 9943 9953 12008)
4(12017 9942 9943 12018)
4(12019 9944 9954 12009)
4(12018 9943 9944 12019)
4(12019 9944 9945 12020)
4(9666 9661 9941 12016)
4(9667 9662 9942 12017)
4(9668 9663 9943 12018)
4(9669 9664 9944 12019)
4(9666 12021 12130 9656)
4(4674 2351 9656 12130)
4(9667 12022 12131 9657)
4(12130 9656 9657 12131)
4(9668 12023 12132 9658)
4(12131 9657 9658 12132)
4(9669 12024 12133 9659)
4(12132 9658 9659 12133)
4(12133 9659 9660 12134)
4(9656 12130 12140 9646)
4(6163 4688 9646 12140)
4(9657 12131 12141 9647)
4(12140 9646 9647 12141)
4(9658 12132 12142 9648)
4(12141 9647 9648 12142)
4(9659 12133 12143 9649)
4(12142 9648 9649 12143)
4(12143 9649 9650 12144)
4(9646 12140 12026 9631)
4(9647 12141 12027 9632)
4(9648 12142 12028 9633)
4(9649 12143 12029 9634)
4(9626 9621 9636 9631)
4(9627 9622 9637 9632)
4(9628 9623 9638 9633)
4(9629 9624 9639 9634)
4(9626 12031 12036 9611)
4(9627 12032 12037 9612)
4(9628 12033 12038 9613)
4(9629 12034 12039 9614)
4(12046 9901 9616 9611)
4(4690 6001 9901 12046)
4(12047 9902 9617 9612)
4(12046 9901 9902 12047)
4(12048 9903 9618 9613)
4(12047 9902 9903 12048)
4(12049 9904 9619 9614)
4(12048 9903 9904 12049)
4(12049 9904 9905 12050)
4(12055 9892 9902 12047)
4(2354 4496 9892 12055)
4(12056 9893 9903 12048)
4(12055 9892 9893 12056)
4(12057 9894 9904 12049)
4(12056 9893 9894 12057)
4(12057 9894 9895 12058)
4(9608 9605 9893 12056)
4(9609 9606 9894 12057)
4(9609 12060 9601 9599)
4(3185 5930 9124 9125)
4(3190 1619 9129 9128)
4(10863 6853 6862 11034)
4(6879 6891 11413 11222)
4(6707 6124 11413 6891)
4(6880 6892 11414 11223)
4(6891 11413 11414 6892)
4(6881 6893 11415 11224)
4(6892 11414 11415 6893)
4(6893 11415 11416 6894)
4(11424 13358 13360 11426)
4(2783 6654 11605 11604)
4(6716 6156 11773 11774)
4(2807 6683 11040 11039)
4(6732 6079 10868 10869)
4(9180 9184 13376 13355)
4(6853 9084 9082 6856)
4(9080 9078 9106 9180)
4(6880 6861 6858 6884)
4(6881 6862 6859 6885)
4(11414 6892 11423 11417)
4(11415 6893 11424 11418)
4(3251 5868 8994 8995)
4(1650 3281 8996 8997)
4(3280 5869 8998 8999)
4(6064 3309 10811 10810)
4(3335 1670 10806 10805)
4(1680 3368 9000 9001)
4(10507 9698 9706 10514)
4(3459 1711 10513 9705)
4(9705 10513 10514 9706)
4(10508 9699 9707 10515)
4(9706 10514 10515 9707)
4(9707 10515 10516 9708)
4(10513 9705 9715 10522)
4(5986 3458 10521 9714)
4(9714 10521 10522 9715)
4(10514 9706 9716 10523)
4(9715 10522 10523 9716)
4(10515 9707 9717 10524)
4(9716 10523 10524 9717)
4(9717 10524 10525 9718)
4(10521 9714 9724 10531)
4(3461 1712 10531 9724)
4(10522 9715 9725 10532)
4(9724 10531 10532 9725)
4(10523 9716 9726 10533)
4(9725 10532 10533 9726)
4(10524 9717 9727 10534)
4(9726 10533 10534 9727)
4(9727 10534 10535 9728)
4(10531 9724 9734 10541)
4(5987 3460 10541 9734)
4(10532 9725 9735 10542)
4(9734 10541 10542 9735)
4(10533 9726 9736 10543)
4(9735 10542 10543 9736)
4(10534 9727 9737 10544)
4(9736 10543 10544 9737)
4(9737 10544 10545 9738)
4(10541 9734 9744 10551)
4(3463 1713 10551 9744)
4(10542 9735 9745 10552)
4(9744 10551 10552 9745)
4(10543 9736 9746 10553)
4(9745 10552 10553 9746)
4(10544 9737 9747 10554)
4(9746 10553 10554 9747)
4(9747 10554 10555 9748)
4(10551 9744 9754 10561)
4(5988 3462 10561 9754)
4(10552 9745 9755 10562)
4(9754 10561 10562 9755)
4(10553 9746 9756 10563)
4(9755 10562 10563 9756)
4(10554 9747 9757 10564)
4(9756 10563 10564 9757)
4(9757 10564 10565 9758)
4(10561 9754 9764 10571)
4(10562 9755 9765 10572)
4(10563 9756 9766 10573)
4(10564 9757 9767 10574)
4(10581 9774 9784 10591)
4(3467 1715 10591 9784)
4(10582 9775 9785 10592)
4(9784 10591 10592 9785)
4(10583 9776 9786 10593)
4(9785 10592 10593 9786)
4(10584 9777 9787 10594)
4(9786 10593 10594 9787)
4(9787 10594 10595 9788)
4(10591 9784 9794 10601)
4(5990 3466 10601 9794)
4(10592 9785 9795 10602)
4(9794 10601 10602 9795)
4(10593 9786 9796 10603)
4(9795 10602 10603 9796)
4(10594 9787 9797 10604)
4(9796 10603 10604 9797)
4(9797 10604 10605 9798)
4(10601 9794 9804 10611)
4(3469 1716 10611 9804)
4(10602 9795 9805 10612)
4(9804 10611 10612 9805)
4(10603 9796 9806 10613)
4(9805 10612 10613 9806)
4(10604 9797 9807 10614)
4(9806 10613 10614 9807)
4(9807 10614 10615 9808)
4(10611 9804 9814 10621)
4(5991 3468 10621 9814)
4(10612 9805 9815 10622)
4(9814 10621 10622 9815)
4(10613 9806 9816 10623)
4(9815 10622 10623 9816)
4(10614 9807 9817 10624)
4(9816 10623 10624 9817)
4(9817 10624 10625 9818)
4(10621 9814 9824 10631)
4(3471 1717 10631 9824)
4(10622 9815 9825 10632)
4(9824 10631 10632 9825)
4(10623 9816 9826 10633)
4(9825 10632 10633 9826)
4(10624 9817 9827 10634)
4(9826 10633 10634 9827)
4(9827 10634 10635 9828)
4(10631 9824 9834 10641)
4(5992 3470 10641 9834)
4(10632 9825 9835 10642)
4(9834 10641 10642 9835)
4(10633 9826 9836 10643)
4(9835 10642 10643 9836)
4(10634 9827 9837 10644)
4(9836 10643 10644 9837)
4(9837 10644 10645 9838)
4(10641 9834 9844 10651)
4(3473 1718 10651 9844)
4(10642 9835 9845 10652)
4(9844 10651 10652 9845)
4(10643 9836 9846 10653)
4(9845 10652 10653 9846)
4(10644 9837 9847 10654)
4(9846 10653 10654 9847)
4(9847 10654 10655 9848)
4(10651 9844 9551 9546)
4(10652 9845 9552 9547)
4(10653 9846 9553 9548)
4(10654 9847 9554 9549)
4(6696 2879 7024 7023)
4(6817 691 7133 7132)
4(3757 5934 9140 9141)
4(1940 3908 9144 9145)
4(6718 2942 7131 7130)
4(6609 1153 7314 7313)
4(6766 3065 7312 7311)
4(4511 6179 12242 12243)
4(2281 4552 12230 12231)
4(3146 1467 12794 12793)
4(4554 6175 12226 12227)
4(0 230 251 21)
4(21 251 272 42)
4(42 272 293 63)
4(63 293 314 84)
4(84 314 335 105)
4(105 335 356 126)
4(126 356 377 147)
4(147 377 398 168)
4(168 398 419 189)
4(189 419 440 210)
4(230 461 482 251)
4(251 482 503 272)
4(272 503 524 293)
4(293 524 545 314)
4(314 545 566 335)
4(335 566 587 356)
4(356 587 608 377)
4(377 608 629 398)
4(398 629 650 419)
4(419 650 671 440)
4(461 692 713 482)
4(482 713 734 503)
4(503 734 755 524)
4(524 755 776 545)
4(545 776 797 566)
4(566 797 818 587)
4(587 818 839 608)
4(608 839 860 629)
4(629 860 881 650)
4(650 881 902 671)
4(692 923 944 713)
4(713 944 965 734)
4(734 965 986 755)
4(755 986 1007 776)
4(776 1007 1028 797)
4(797 1028 1049 818)
4(818 1049 1070 839)
4(839 1070 1091 860)
4(860 1091 1112 881)
4(881 1112 1133 902)
4(923 1154 1175 944)
4(944 1175 1196 965)
4(965 1196 1217 986)
4(986 1217 1238 1007)
4(1007 1238 1259 1028)
4(1028 1259 1280 1049)
4(1049 1280 1301 1070)
4(1070 1301 1322 1091)
4(1091 1322 1343 1112)
4(1112 1343 1364 1133)
4(1154 1385 1405 1175)
4(1175 1405 1426 1196)
4(1196 1426 1447 1217)
4(1217 1447 1468 1238)
4(1238 1468 1489 1259)
4(1259 1489 1510 1280)
4(1280 1510 1531 1301)
4(1301 1531 1552 1322)
4(1322 1552 1573 1343)
4(1343 1573 1594 1364)
4(1700 3425 5874 3426)
4(1710 3454 5875 3455)
7(1806 3683 1816 3713 1923 1913 3684)
4(1816 3712 5884 3713)
7(1913 1923 3868 2030 6435 2020 3839)
4(1923 3867 5893 3868)
4(2020 6435 6597 3993)
4(2030 4021 5902 4022)
4(2127 4146 5911 4147)
4(2137 4175 5912 4176)
4(1700 3426 5873 3396)
4(1806 3661 5873 3426)
4(1710 3455 5874 3425)
4(1816 3683 5874 3455)
4(1806 3426 5874 3683)
4(1816 3455 5875 3712)
4(1806 3684 5883 3661)
4(1913 3833 5883 3684)
4(1923 3713 5884 3867)
4(1913 3839 5892 3833)
4(2020 3987 5892 3839)
4(2030 3868 5893 4021)
4(2020 3993 5901 3987)
4(2127 4139 5901 3993)
4(2137 4022 5902 4175)
4(2127 4147 5910 4139)
4(2137 4176 5911 4146)
4(2030 4022 6597 6435)
4(2137 4146 6597 4022)
4(2127 3993 6597 4146)
5(3661 5883 8534 8535 8531)
4(8531 8535 8536 8532)
4(8532 8536 8537 8533)
4(3833 5892 8660 8655)
4(8655 8660 8661 8656)
4(8656 8661 8662 8657)
4(8657 8662 8663 8658)
4(8658 8663 8664 8659)
4(3987 5901 8792 8787)
4(8787 8792 8793 8788)
4(8788 8793 8794 8789)
4(8789 8794 8795 8790)
4(8790 8795 8796 8791)
4(4139 5910 8893 8888)
4(8888 8893 8894 8889)
4(8889 8894 8895 8890)
4(8890 8895 8896 8891)
4(8891 8896 8897 8892)
5(5873 3661 8531 8532 9006)
4(9006 8532 8533 9007)
5(5883 3833 8655 8656 8534)
4(8534 8656 8657 8535)
4(8535 8657 8658 8536)
4(8536 8658 8659 8537)
4(5884 3712 9013 9008)
4(9008 9013 9014 9009)
4(9009 9014 9015 9010)
4(9010 9015 9016 9011)
4(9011 9016 9017 9012)
4(3867 5884 9008 9028)
4(9028 9008 9009 9029)
4(9029 9009 9010 9030)
4(9030 9010 9011 9031)
4(9031 9011 9012 9032)
4(5892 3987 8787 8660)
4(8660 8787 8788 8661)
4(8661 8788 8789 8662)
4(8662 8789 8790 8663)
4(8663 8790 8791 8664)
4(5893 3867 9028 9038)
4(9038 9028 9029 9039)
4(9039 9029 9030 9040)
4(9040 9030 9031 9041)
4(9041 9031 9032 9042)
4(5901 4139 8888 8792)
4(8792 8888 8889 8793)
4(8793 8889 8890 8794)
4(8794 8890 8891 8795)
4(8795 8891 8892 8796)
5(5910 4147 9048 8894 8893)
4(8894 9048 9049 8895)
4(8895 9049 9050 8896)
4(8896 9050 9051 8897)
5(5911 4176 9055 9053 9052)
4(9053 9055 9056 9054)
5(4147 5911 9052 9049 9048)
4(9049 9052 9053 9050)
4(9050 9053 9054 9051)
4(4176 5912 9057 9055)
4(9055 9057 9058 9056)
4(5875 3454 9561 9556)
4(9556 9561 9562 9557)
4(9557 9562 9563 9558)
4(9558 9563 9564 9559)
4(9559 9564 9565 9560)
4(3712 5875 9556 9013)
4(9013 9556 9557 9014)
4(9014 9557 9558 9015)
4(9015 9558 9559 9016)
4(9016 9559 9560 9017)
5(4021 5893 9038 9039 9575)
4(9575 9039 9040 9576)
4(9576 9040 9041 9577)
4(9577 9041 9042 9578)
5(5902 4021 9575 9576 9582)
4(9582 9576 9577 9583)
4(9583 9577 9578 9584)
5(4175 5902 9582 9583 9587)
4(9587 9583 9584 9588)
6(5912 4175 9587 9588 9058 9057)
5(3454 1710 10661 9562 9561)
4(9562 10661 10662 9563)
4(9563 10662 10663 9564)
4(9564 10663 10664 9565)
5(1710 3425 10669 10662 10661)
4(10662 10669 10670 10663)
4(10663 10670 10671 10664)
5(3425 1700 10675 10670 10669)
4(10670 10675 10676 10671)
4(1700 3396 10676 10675)
4(3396 5873 9006 9007)
4(240 241 472 471)
4(240 10 11 241)
4(240 239 9 10)
4(240 471 470 239)
4(471 702 701 470)
4(471 472 703 702)
4(472 473 704 703)
4(472 241 242 473)
4(241 11 12 242)
4(12 13 243 242)
4(13 14 244 243)
4(14 15 245 244)
4(15 16 246 245)
4(16 17 247 246)
4(17 18 248 247)
5(18 19 2756 249 248)
4(19 2754 5923 2756)
4(2754 20 2758 5923)
4(20 13338 7402 2758)
4(13338 13339 7403 7402)
4(13339 13340 7404 7403)
4(13340 13341 7405 7404)
4(13341 13342 7406 7405)
4(7406 7401 7400 7405)
4(7401 7671 7670 7400)
4(7671 7666 7665 7670)
4(7666 7829 7828 7665)
4(7829 7824 7823 7828)
4(7824 7957 7956 7823)
4(7957 7952 7951 7956)
4(7952 8087 8086 7951)
4(8087 8082 8081 8086)
4(8082 8225 8224 8081)
4(8225 8220 8219 8224)
4(8219 8218 8223 8224)
4(8218 8217 8222 8223)
4(8217 8216 8221 8222)
4(8216 6802 3071 8221)
4(6802 3131 5946 3071)
4(3131 1404 3069 5946)
5(1404 1403 1172 1173 3069)
4(1403 1402 1171 1172)
4(1402 1401 1170 1171)
4(1401 1400 1169 1170)
4(1400 1399 1168 1169)
4(1399 1398 1167 1168)
4(1398 1397 1166 1167)
4(1397 1396 1165 1166)
4(1396 1395 1164 1165)
4(1395 1394 1163 1164)
4(1394 1393 1162 1163)
4(1393 1392 1161 1162)
4(1392 1391 1160 1161)
4(1391 1390 1159 1160)
4(1390 1389 1158 1159)
4(1389 1388 1157 1158)
4(1388 1387 1156 1157)
4(1387 1386 1155 1156)
4(1386 1385 1154 1155)
4(1154 923 924 1155)
4(923 692 693 924)
4(692 461 462 693)
4(461 230 231 462)
4(230 0 1 231)
4(1 2 232 231)
4(2 3 233 232)
4(3 4 234 233)
4(4 5 235 234)
4(5 6 236 235)
4(6 7 237 236)
4(7 8 238 237)
4(8 9 239 238)
4(239 470 469 238)
4(470 701 700 469)
4(701 932 931 700)
4(701 702 933 932)
4(702 703 934 933)
4(703 704 935 934)
4(704 705 936 935)
4(704 473 474 705)
4(473 242 243 474)
4(243 244 475 474)
4(244 245 476 475)
4(245 246 477 476)
4(246 247 478 477)
4(247 248 479 478)
5(248 249 2819 480 479)
4(249 2817 5947 2819)
4(249 2756 5923 2817)
4(5923 2758 250 2817)
4(2758 7402 7397 250)
4(7402 7403 7398 7397)
4(7403 7404 7399 7398)
4(7404 7405 7400 7399)
4(7400 7670 7669 7399)
4(7670 7665 7664 7669)
4(7665 7828 7827 7664)
4(7828 7823 7822 7827)
4(7823 7956 7955 7822)
4(7956 7951 7950 7955)
4(7951 8086 8085 7950)
4(8086 8081 8080 8085)
4(8081 8224 8223 8080)
4(8223 8222 8079 8080)
4(8222 8221 8078 8079)
4(8221 3071 1174 8078)
4(3071 5946 3067 1174)
4(5946 3069 1173 3067)
4(1173 3005 5966 3067)
5(1173 1172 941 942 3005)
4(1172 1171 940 941)
4(1171 1170 939 940)
4(1170 1169 938 939)
4(1169 1168 937 938)
4(1168 1167 936 937)
4(1167 1166 935 936)
4(1166 1165 934 935)
4(1165 1164 933 934)
4(1164 1163 932 933)
4(1163 1162 931 932)
4(1162 1161 930 931)
4(1161 1160 929 930)
4(1160 1159 928 929)
4(1159 1158 927 928)
4(1158 1157 926 927)
4(1157 1156 925 926)
4(1156 1155 924 925)
4(924 693 694 925)
4(693 462 463 694)
4(462 231 232 463)
4(232 233 464 463)
4(233 234 465 464)
4(234 235 466 465)
4(235 236 467 466)
4(236 237 468 467)
4(237 238 469 468)
4(469 700 699 468)
4(700 931 930 699)
4(930 929 698 699)
4(929 928 697 698)
4(928 927 696 697)
4(927 926 695 696)
4(926 925 694 695)
4(694 463 464 695)
4(464 465 696 695)
4(465 466 697 696)
4(466 467 698 697)
4(467 468 699 698)
4(936 705 706 937)
4(705 474 475 706)
4(475 476 707 706)
4(476 477 708 707)
4(477 478 709 708)
4(478 479 710 709)
5(479 480 2883 711 710)
4(480 2881 5967 2883)
4(480 2819 5947 2881)
4(5947 2821 481 2881)
4(5947 2817 250 2821)
4(250 7397 7667 2821)
4(7397 7398 7668 7667)
4(7398 7399 7669 7668)
4(7669 7664 7663 7668)
4(7664 7827 7826 7663)
4(7827 7822 7821 7826)
4(7822 7955 7954 7821)
4(7955 7950 7949 7954)
4(7950 8085 8084 7949)
4(8085 8080 8079 8084)
4(8079 8078 8083 8084)
4(8078 1174 3007 8083)
4(1174 3067 5966 3007)
4(5966 3003 943 3007)
4(5966 3005 942 3003)
4(942 2946 5982 3003)
5(942 941 710 711 2946)
4(941 940 709 710)
4(940 939 708 709)
4(939 938 707 708)
4(938 937 706 707)
4(711 2944 5982 2946)
4(711 2883 5967 2944)
4(5967 2885 712 2944)
4(5967 2881 481 2885)
4(481 7662 7825 2885)
4(481 2821 7667 7662)
4(7667 7668 7663 7662)
4(7663 7826 7825 7662)
4(7826 7821 7820 7825)
4(7821 7954 7953 7820)
4(7954 7949 7948 7953)
4(7949 8084 8083 7948)
4(8083 3007 943 7948)
4(943 2948 7953 7948)
4(943 3003 5982 2948)
4(5982 2944 712 2948)
4(712 7820 7953 2948)
4(712 2885 7825 7820)
4(450 681 682 451)
4(450 451 221 220)
4(450 220 219 449)
4(450 449 680 681)
4(681 680 911 912)
4(681 912 913 682)
4(682 913 914 683)
4(682 683 452 451)
4(451 452 222 221)
4(222 452 453 223)
4(223 453 454 224)
4(224 454 455 225)
4(225 455 456 226)
4(226 456 457 227)
4(227 457 458 228)
5(228 458 459 2815 229)
4(229 2815 5983 2814)
4(2814 5983 6740 6702)
4(6702 6740 7628 7623)
4(7623 7628 7629 7624)
4(7624 7629 7630 7625)
4(7625 7630 7631 7626)
4(7626 7631 7632 7627)
4(7632 7631 7651 7652)
4(7652 7651 7794 7795)
4(7795 7794 7809 7810)
4(7810 7809 7922 7923)
4(7923 7922 7937 7938)
4(7938 7937 8052 8053)
4(8053 8052 8067 8068)
4(8068 8067 8190 8191)
4(8191 8190 8205 8206)
4(8206 8205 8366 8367)
4(8367 8366 8381 8382)
4(8381 8366 8365 8380)
4(8380 8365 8364 8379)
4(8379 8364 8363 8378)
4(8378 8363 6647 6643)
4(6643 6647 6008 3171)
4(3171 6008 3128 1613)
5(1613 3128 1383 1382 1612)
4(1612 1382 1381 1611)
4(1611 1381 1380 1610)
4(1610 1380 1379 1609)
4(1609 1379 1378 1608)
4(1608 1378 1377 1607)
4(1607 1377 1376 1606)
4(1606 1376 1375 1605)
4(1605 1375 1374 1604)
4(1604 1374 1373 1603)
4(1603 1373 1372 1602)
4(1602 1372 1371 1601)
4(1601 1371 1370 1600)
4(1600 1370 1369 1599)
4(1599 1369 1368 1598)
4(1598 1368 1367 1597)
4(1597 1367 1366 1596)
4(1596 1366 1365 1595)
4(1595 1365 1364 1594)
4(1364 1365 1134 1133)
4(1133 1134 903 902)
4(902 903 672 671)
4(671 672 441 440)
4(440 441 211 210)
4(211 441 442 212)
4(212 442 443 213)
4(213 443 444 214)
4(214 444 445 215)
4(215 445 446 216)
4(216 446 447 217)
4(217 447 448 218)
4(218 448 449 219)
4(449 448 679 680)
4(680 679 910 911)
4(911 910 1141 1142)
4(911 1142 1143 912)
4(912 1143 1144 913)
4(913 1144 1145 914)
4(914 1145 1146 915)
4(914 915 684 683)
4(683 684 453 452)
4(453 684 685 454)
4(454 685 686 455)
4(455 686 687 456)
4(456 687 688 457)
4(457 688 689 458)
5(458 689 690 2878 459)
4(459 2878 6009 2877)
4(459 2877 5983 2815)
4(5983 2877 6835 6740)
4(6740 6835 7648 7628)
4(7628 7648 7649 7629)
4(7629 7649 7650 7630)
4(7630 7650 7651 7631)
4(7651 7650 7793 7794)
4(7794 7793 7808 7809)
4(7809 7808 7921 7922)
4(7922 7921 7936 7937)
4(7937 7936 8051 8052)
4(8052 8051 8066 8067)
4(8067 8066 8189 8190)
4(8190 8189 8204 8205)
4(8205 8204 8365 8366)
4(8365 8204 8203 8364)
4(8364 8203 8202 8363)
4(8363 8202 6791 6647)
4(6647 6791 3127 6008)
4(6008 3127 1383 3128)
4(1383 3127 6030 3064)
5(1383 3064 1152 1151 1382)
4(1382 1151 1150 1381)
4(1381 1150 1149 1380)
4(1380 1149 1148 1379)
4(1379 1148 1147 1378)
4(1378 1147 1146 1377)
4(1377 1146 1145 1376)
4(1376 1145 1144 1375)
4(1375 1144 1143 1374)
4(1374 1143 1142 1373)
4(1373 1142 1141 1372)
4(1372 1141 1140 1371)
4(1371 1140 1139 1370)
4(1370 1139 1138 1369)
4(1369 1138 1137 1368)
4(1368 1137 1136 1367)
4(1367 1136 1135 1366)
4(1366 1135 1134 1365)
4(1134 1135 904 903)
4(903 904 673 672)
4(672 673 442 441)
4(442 673 674 443)
4(443 674 675 444)
4(444 675 676 445)
4(445 676 677 446)
4(446 677 678 447)
4(447 678 679 448)
4(679 678 909 910)
4(910 909 1140 1141)
4(1140 909 908 1139)
4(1139 908 907 1138)
4(1138 907 906 1137)
4(1137 906 905 1136)
4(1136 905 904 1135)
4(904 905 674 673)
4(674 905 906 675)
4(675 906 907 676)
4(676 907 908 677)
4(677 908 909 678)
4(1146 1147 916 915)
4(915 916 685 684)
4(685 916 917 686)
4(686 917 918 687)
4(687 918 919 688)
4(688 919 920 689)
5(689 920 921 2941 690)
4(690 2941 6031 2940)
4(690 2940 6009 2878)
4(6009 2940 6680 6784)
4(6009 6784 6835 2877)
4(6835 6784 7791 7648)
4(7648 7791 7792 7649)
4(7649 7792 7793 7650)
4(7793 7792 7807 7808)
4(7808 7807 7920 7921)
4(7921 7920 7935 7936)
4(7936 7935 8050 8051)
4(8051 8050 8065 8066)
4(8066 8065 8188 8189)
4(8189 8188 8203 8204)
4(8203 8188 8187 8202)
4(8202 8187 6611 6791)
4(6791 6611 6030 3127)
4(6030 6611 6664 3063)
4(6030 3063 1152 3064)
4(1152 3063 6048 3000)
5(1152 3000 921 920 1151)
4(1151 920 919 1150)
4(1150 919 918 1149)
4(1149 918 917 1148)
4(1148 917 916 1147)
4(921 3000 6048 2999)
4(921 2999 6031 2941)
4(6031 2999 6819 6820)
4(6031 6820 6680 2940)
4(6680 6820 7919 7806)
4(6680 7806 7791 6784)
4(7791 7806 7807 7792)
4(7807 7806 7919 7920)
4(7920 7919 7934 7935)
4(7935 7934 8049 8050)
4(8050 8049 8064 8065)
4(8065 8064 8187 8188)
4(8187 8064 6664 6611)
4(6664 8064 8049 6841)
4(6664 6841 6048 3063)
4(6048 6841 6819 2999)
4(6819 6841 8049 7934)
4(6819 7934 7919 6820)
4(121 120 141 142)
4(121 100 99 120)
4(121 122 101 100)
4(121 142 143 122)
4(142 163 164 143)
4(142 141 162 163)
4(141 140 161 162)
4(141 120 119 140)
4(120 99 98 119)
4(99 78 77 98)
4(99 100 79 78)
4(100 101 80 79)
4(101 102 81 80)
4(101 122 123 102)
4(122 143 144 123)
4(143 164 165 144)
4(164 185 186 165)
4(164 163 184 185)
4(163 162 183 184)
4(162 161 182 183)
4(161 160 181 182)
4(161 140 139 160)
4(140 119 118 139)
4(119 98 97 118)
4(98 77 76 97)
4(77 56 55 76)
4(77 78 57 56)
4(78 79 58 57)
4(79 80 59 58)
4(80 81 60 59)
5(81 82 2767 61 60)
5(81 102 103 2773 82)
5(102 123 124 2779 103)
5(123 144 145 2785 124)
5(144 165 166 2791 145)
5(165 186 187 2797 166)
5(186 207 208 2803 187)
4(186 185 206 207)
4(185 184 205 206)
4(184 183 204 205)
4(183 182 203 204)
4(182 181 202 203)
4(181 180 201 202)
4(181 160 159 180)
4(160 139 138 159)
4(139 118 117 138)
4(118 97 96 117)
4(97 76 75 96)
4(76 55 54 75)
4(55 34 33 54)
4(55 56 35 34)
4(56 57 36 35)
4(57 58 37 36)
4(58 59 38 37)
4(59 60 39 38)
5(60 61 2761 40 39)
4(61 2766 6103 2761)
4(61 2767 6125 2766)
4(2767 82 2772 6125)
4(82 2773 6143 2772)
4(2773 103 2778 6143)
4(103 2779 6157 2778)
4(2779 124 2784 6157)
4(124 2785 6144 2784)
4(2785 145 2790 6144)
4(145 2791 6126 2790)
4(2791 166 2796 6126)
4(166 2797 6104 2796)
4(2797 187 2802 6104)
4(187 2803 6078 2802)
4(2803 208 2808 6078)
4(208 2809 6049 2808)
5(208 207 228 229 2809)
4(207 206 227 228)
4(206 205 226 227)
4(205 204 225 226)
4(204 203 224 225)
4(203 202 223 224)
4(202 201 222 223)
4(201 200 221 222)
4(201 180 179 200)
4(180 159 158 179)
4(159 138 137 158)
4(138 117 116 137)
4(117 96 95 116)
4(96 75 74 95)
4(75 54 53 74)
4(54 33 32 53)
4(33 12 11 32)
4(33 34 13 12)
4(34 35 14 13)
4(35 36 15 14)
4(36 37 16 15)
4(37 38 17 16)
4(38 39 18 17)
5(39 40 2755 19 18)
4(40 2760 6077 2755)
4(40 2761 6103 2760)
4(6103 2763 41 2760)
4(6103 2766 62 2763)
4(2766 6125 2769 62)
4(6125 2772 83 2769)
4(2772 6143 2775 83)
4(6143 2778 104 2775)
4(2778 6157 2781 104)
4(6157 2784 125 2781)
4(2784 6144 2787 125)
4(6144 2790 146 2787)
4(2790 6126 2793 146)
4(6126 2796 167 2793)
4(2796 6104 2799 167)
4(6104 2802 188 2799)
4(2802 6078 2805 188)
4(6078 2808 209 2805)
4(2808 6049 2811 209)
4(6049 2814 6702 2811)
4(6049 2809 229 2814)
4(6702 7623 7638 2811)
4(7623 7624 7639 7638)
4(7624 7625 7640 7639)
4(7625 7626 7641 7640)
4(7626 7627 7642 7641)
4(7642 7597 7596 7641)
4(7597 7612 7611 7596)
4(7612 7567 7566 7611)
4(7567 7582 7581 7566)
4(7582 7540 7539 7581)
4(7540 7553 7552 7539)
4(7553 7515 7514 7552)
4(7515 7527 7526 7514)
4(7527 7491 7490 7526)
4(7491 7503 7502 7490)
4(7503 7467 7466 7502)
4(7467 7479 7478 7466)
4(7479 7443 7442 7478)
4(7443 7455 7454 7442)
4(7455 7419 7418 7454)
4(7419 7431 7430 7418)
4(7431 7382 7381 7430)
4(7382 7396 7395 7381)
4(7396 13342 13341 7395)
4(13341 13340 7394 7395)
4(13340 13339 7393 7394)
4(13339 13338 7392 7393)
4(13338 20 2757 7392)
4(20 2754 6077 2757)
4(2754 19 2755 6077)
4(6077 2760 41 2757)
5(41 7379 7393 7392 2757)
4(41 2763 7428 7379)
4(2763 62 7416 7428)
4(62 2769 7452 7416)
4(2769 83 7440 7452)
4(83 2775 7476 7440)
4(2775 104 7464 7476)
4(104 2781 7500 7464)
4(2781 125 7488 7500)
4(125 2787 7524 7488)
4(2787 146 7512 7524)
4(146 2793 7550 7512)
5(2793 167 7536 7537 7550)
4(167 2799 7578 7536)
4(2799 188 7563 7578)
4(188 2805 7608 7563)
4(2805 209 7593 7608)
4(209 2811 7638 7593)
4(7638 7639 7594 7593)
4(7639 7640 7595 7594)
4(7640 7641 7596 7595)
4(7596 7611 7610 7595)
4(7611 7566 7565 7610)
4(7566 7581 7580 7565)
4(7581 7539 7538 7580)
4(7539 7552 7551 7538)
4(7552 7514 7513 7551)
4(7514 7526 7525 7513)
4(7526 7490 7489 7525)
4(7490 7502 7501 7489)
4(7502 7466 7465 7501)
4(7466 7478 7477 7465)
4(7478 7442 7441 7477)
4(7442 7454 7453 7441)
4(7454 7418 7417 7453)
4(7418 7430 7429 7417)
4(7430 7381 7380 7429)
4(7381 7395 7394 7380)
4(7394 7393 7379 7380)
4(7379 7428 7429 7380)
4(7428 7416 7417 7429)
4(7416 7452 7453 7417)
4(7452 7440 7441 7453)
4(7440 7476 7477 7441)
4(7476 7464 7465 7477)
4(7464 7500 7501 7465)
4(7500 7488 7489 7501)
4(7488 7524 7525 7489)
4(7524 7512 7513 7525)
4(7512 7550 7551 7513)
4(7550 7537 7538 7551)
4(7537 7579 7580 7538)
4(7537 7536 7578 7579)
4(7578 7563 7564 7579)
4(7563 7608 7609 7564)
4(7608 7593 7594 7609)
4(7594 7595 7610 7609)
4(7610 7565 7564 7609)
4(7565 7580 7579 7564)
4(11 10 31 32)
4(10 9 30 31)
4(9 8 29 30)
4(8 7 28 29)
4(7 6 27 28)
4(6 5 26 27)
4(5 4 25 26)
4(4 3 24 25)
4(3 2 23 24)
4(2 1 22 23)
4(1 0 21 22)
4(21 42 43 22)
4(42 63 64 43)
4(63 84 85 64)
4(84 105 106 85)
4(105 126 127 106)
4(126 147 148 127)
4(147 168 169 148)
4(168 189 190 169)
4(189 210 211 190)
4(211 212 191 190)
4(212 213 192 191)
4(213 214 193 192)
4(214 215 194 193)
4(215 216 195 194)
4(216 217 196 195)
4(217 218 197 196)
4(218 219 198 197)
4(219 220 199 198)
4(220 221 200 199)
4(200 179 178 199)
4(179 158 157 178)
4(158 137 136 157)
4(137 116 115 136)
4(116 95 94 115)
4(95 74 73 94)
4(74 53 52 73)
4(53 32 31 52)
4(31 30 51 52)
4(30 29 50 51)
4(29 28 49 50)
4(28 27 48 49)
4(27 26 47 48)
4(26 25 46 47)
4(25 24 45 46)
4(24 23 44 45)
4(23 22 43 44)
4(43 64 65 44)
4(64 85 86 65)
4(85 106 107 86)
4(106 127 128 107)
4(127 148 149 128)
4(148 169 170 149)
4(169 190 191 170)
4(191 192 171 170)
4(192 193 172 171)
4(193 194 173 172)
4(194 195 174 173)
4(195 196 175 174)
4(196 197 176 175)
4(197 198 177 176)
4(198 199 178 177)
4(178 157 156 177)
4(157 136 135 156)
4(136 115 114 135)
4(115 94 93 114)
4(94 73 72 93)
4(73 52 51 72)
4(51 50 71 72)
4(50 49 70 71)
4(49 48 69 70)
4(48 47 68 69)
4(47 46 67 68)
4(46 45 66 67)
4(45 44 65 66)
4(65 86 87 66)
4(86 107 108 87)
4(107 128 129 108)
4(128 149 150 129)
4(149 170 171 150)
4(171 172 151 150)
4(172 173 152 151)
4(173 174 153 152)
4(174 175 154 153)
4(175 176 155 154)
4(176 177 156 155)
4(156 135 134 155)
4(135 114 113 134)
4(114 93 92 113)
4(93 72 71 92)
4(71 70 91 92)
4(70 69 90 91)
4(69 68 89 90)
4(68 67 88 89)
4(67 66 87 88)
4(87 108 109 88)
4(108 129 130 109)
4(129 150 151 130)
4(151 152 131 130)
4(152 153 132 131)
4(153 154 133 132)
4(154 155 134 133)
4(134 113 112 133)
4(113 92 91 112)
4(91 90 111 112)
4(90 89 110 111)
4(89 88 109 110)
4(109 130 131 110)
4(131 132 111 110)
4(132 133 112 111)
4(1505 1526 1525 1504)
4(1505 1504 1483 1484)
4(1505 1484 1485 1506)
4(1505 1506 1527 1526)
4(1526 1527 1548 1547)
4(1526 1547 1546 1525)
4(1525 1546 1545 1524)
4(1525 1524 1503 1504)
4(1504 1503 1482 1483)
4(1483 1482 1461 1462)
4(1483 1462 1463 1484)
4(1484 1463 1464 1485)
4(1485 1464 1465 1486)
4(1485 1486 1507 1506)
4(1506 1507 1528 1527)
4(1527 1528 1549 1548)
4(1548 1549 1570 1569)
4(1548 1569 1568 1547)
4(1547 1568 1567 1546)
4(1546 1567 1566 1545)
4(1545 1566 1565 1544)
4(1545 1544 1523 1524)
4(1524 1523 1502 1503)
4(1503 1502 1481 1482)
4(1482 1481 1460 1461)
4(1461 1460 1439 1440)
4(1461 1440 1441 1462)
4(1462 1441 1442 1463)
4(1463 1442 1443 1464)
4(1464 1443 1444 1465)
5(1465 1444 1445 3140 1466)
5(1465 1466 3144 1487 1486)
5(1486 1487 3148 1508 1507)
5(1507 1508 3152 1529 1528)
5(1528 1529 3156 1550 1549)
5(1549 1550 3160 1571 1570)
5(1570 1571 3164 1592 1591)
4(1570 1591 1590 1569)
4(1569 1590 1589 1568)
4(1568 1589 1588 1567)
4(1567 1588 1587 1566)
4(1566 1587 1586 1565)
4(1565 1586 1585 1564)
4(1565 1564 1543 1544)
4(1544 1543 1522 1523)
4(1523 1522 1501 1502)
4(1502 1501 1480 1481)
4(1481 1480 1459 1460)
4(1460 1459 1438 1439)
4(1439 1438 1417 1418)
4(1439 1418 1419 1440)
4(1440 1419 1420 1441)
4(1441 1420 1421 1442)
4(1442 1421 1422 1443)
4(1443 1422 1423 1444)
5(1444 1423 1424 3136 1445)
4(1445 3136 6212 3139)
4(1445 3139 6234 3140)
4(3140 6234 3143 1466)
4(1466 3143 6252 3144)
4(3144 6252 3147 1487)
4(1487 3147 6266 3148)
4(3148 6266 3151 1508)
4(1508 3151 6253 3152)
4(3152 6253 3155 1529)
4(1529 3155 6235 3156)
4(3156 6235 3159 1550)
4(1550 3159 6213 3160)
4(3160 6213 3163 1571)
4(1571 3163 6187 3164)
4(3164 6187 3167 1592)
4(1592 3167 6158 3168)
5(1592 3168 1613 1612 1591)
4(1591 1612 1611 1590)
4(1590 1611 1610 1589)
4(1589 1610 1609 1588)
4(1588 1609 1608 1587)
4(1587 1608 1607 1586)
4(1586 1607 1606 1585)
4(1585 1606 1605 1584)
4(1585 1584 1563 1564)
4(1564 1563 1542 1543)
4(1543 1542 1521 1522)
4(1522 1521 1500 1501)
4(1501 1500 1479 1480)
4(1480 1479 1458 1459)
4(1459 1458 1437 1438)
4(1438 1437 1416 1417)
4(1417 1416 1396 1397)
4(1417 1397 1398 1418)
4(1418 1398 1399 1419)
4(1419 1399 1400 1420)
4(1420 1400 1401 1421)
4(1421 1401 1402 1422)
4(1422 1402 1403 1423)
5(1423 1403 1404 3132 1424)
4(1424 3132 6186 3135)
4(1424 3135 6212 3136)
4(6212 3135 6815 6650)
4(6212 6650 6823 3139)
4(3139 6823 6652 6234)
4(6234 6652 6829 3143)
4(3143 6829 6653 6252)
4(6252 6653 6838 3147)
4(3147 6838 6655 6266)
4(6266 6655 6847 3151)
4(3151 6847 6657 6253)
4(6253 6657 6851 3155)
4(3155 6851 6658 6235)
4(6235 6658 6608 3159)
4(3159 6608 6660 6213)
4(6213 6660 6617 3163)
4(3163 6617 6661 6187)
4(6187 6661 6629 3167)
4(3167 6629 6663 6158)
4(6158 6663 6643 3171)
4(6158 3171 1613 3168)
4(6643 6663 8373 8378)
4(8378 8373 8374 8379)
4(8379 8374 8375 8380)
4(8380 8375 8376 8381)
4(8381 8376 8377 8382)
4(8377 8376 8361 8362)
4(8362 8361 8356 8357)
4(8357 8356 8341 8342)
4(8342 8341 8336 8337)
4(8337 8336 8321 8322)
4(8322 8321 8316 8317)
4(8317 8316 8303 8304)
4(8304 8303 8299 8300)
4(8300 8299 8289 8290)
4(8290 8289 8285 8286)
4(8286 8285 8275 8276)
4(8276 8275 8271 8272)
4(8272 8271 8261 8262)
4(8262 8261 8257 8258)
4(8258 8257 8247 8248)
4(8248 8247 8243 8244)
4(8244 8243 8233 8234)
4(8234 8233 8229 8230)
4(8230 8229 8219 8220)
4(8219 8229 8228 8218)
4(8218 8228 8227 8217)
4(8217 8227 8226 8216)
4(8216 8226 6649 6802)
4(6802 6649 6186 3131)
4(3131 6186 3132 1404)
4(6186 6649 6815 3135)
5(6815 6649 8226 8227 8231)
4(6815 8231 8241 6650)
4(6650 8241 8245 6823)
4(6823 8245 8255 6652)
4(6652 8255 8259 6829)
4(6829 8259 8269 6653)
4(6653 8269 8273 6838)
4(6838 8273 8283 6655)
4(6655 8283 8287 6847)
4(6847 8287 8297 6657)
4(6657 8297 8301 6851)
4(6851 8301 8314 6658)
5(6658 8314 8319 8318 6608)
4(6608 8318 8333 6660)
4(6660 8333 8338 6617)
4(6617 8338 8353 6661)
4(6661 8353 8358 6629)
4(6629 8358 8373 6663)
4(8373 8358 8359 8374)
4(8374 8359 8360 8375)
4(8375 8360 8361 8376)
4(8361 8360 8355 8356)
4(8356 8355 8340 8341)
4(8341 8340 8335 8336)
4(8336 8335 8320 8321)
4(8321 8320 8315 8316)
4(8316 8315 8302 8303)
4(8303 8302 8298 8299)
4(8299 8298 8288 8289)
4(8289 8288 8284 8285)
4(8285 8284 8274 8275)
4(8275 8274 8270 8271)
4(8271 8270 8260 8261)
4(8261 8260 8256 8257)
4(8257 8256 8246 8247)
4(8247 8246 8242 8243)
4(8243 8242 8232 8233)
4(8233 8232 8228 8229)
4(8228 8232 8231 8227)
4(8231 8232 8242 8241)
4(8241 8242 8246 8245)
4(8245 8246 8256 8255)
4(8255 8256 8260 8259)
4(8259 8260 8270 8269)
4(8269 8270 8274 8273)
4(8273 8274 8284 8283)
4(8283 8284 8288 8287)
4(8287 8288 8298 8297)
4(8297 8298 8302 8301)
4(8301 8302 8315 8314)
4(8314 8315 8320 8319)
4(8319 8320 8335 8334)
4(8319 8334 8333 8318)
4(8333 8334 8339 8338)
4(8338 8339 8354 8353)
4(8353 8354 8359 8358)
4(8359 8354 8355 8360)
4(8355 8354 8339 8340)
4(8340 8339 8334 8335)
4(1396 1416 1415 1395)
4(1395 1415 1414 1394)
4(1394 1414 1413 1393)
4(1393 1413 1412 1392)
4(1392 1412 1411 1391)
4(1391 1411 1410 1390)
4(1390 1410 1409 1389)
4(1389 1409 1408 1388)
4(1388 1408 1407 1387)
4(1387 1407 1406 1386)
4(1386 1406 1405 1385)
4(1405 1406 1427 1426)
4(1426 1427 1448 1447)
4(1447 1448 1469 1468)
4(1468 1469 1490 1489)
4(1489 1490 1511 1510)
4(1510 1511 1532 1531)
4(1531 1532 1553 1552)
4(1552 1553 1574 1573)
4(1573 1574 1595 1594)
4(1595 1574 1575 1596)
4(1596 1575 1576 1597)
4(1597 1576 1577 1598)
4(1598 1577 1578 1599)
4(1599 1578 1579 1600)
4(1600 1579 1580 1601)
4(1601 1580 1581 1602)
4(1602 1581 1582 1603)
4(1603 1582 1583 1604)
4(1604 1583 1584 1605)
4(1584 1583 1562 1563)
4(1563 1562 1541 1542)
4(1542 1541 1520 1521)
4(1521 1520 1499 1500)
4(1500 1499 1478 1479)
4(1479 1478 1457 1458)
4(1458 1457 1436 1437)
4(1437 1436 1415 1416)
4(1415 1436 1435 1414)
4(1414 1435 1434 1413)
4(1413 1434 1433 1412)
4(1412 1433 1432 1411)
4(1411 1432 1431 1410)
4(1410 1431 1430 1409)
4(1409 1430 1429 1408)
4(1408 1429 1428 1407)
4(1407 1428 1427 1406)
4(1427 1428 1449 1448)
4(1448 1449 1470 1469)
4(1469 1470 1491 1490)
4(1490 1491 1512 1511)
4(1511 1512 1533 1532)
4(1532 1533 1554 1553)
4(1553 1554 1575 1574)
4(1575 1554 1555 1576)
4(1576 1555 1556 1577)
4(1577 1556 1557 1578)
4(1578 1557 1558 1579)
4(1579 1558 1559 1580)
4(1580 1559 1560 1581)
4(1581 1560 1561 1582)
4(1582 1561 1562 1583)
4(1562 1561 1540 1541)
4(1541 1540 1519 1520)
4(1520 1519 1498 1499)
4(1499 1498 1477 1478)
4(1478 1477 1456 1457)
4(1457 1456 1435 1436)
4(1435 1456 1455 1434)
4(1434 1455 1454 1433)
4(1433 1454 1453 1432)
4(1432 1453 1452 1431)
4(1431 1452 1451 1430)
4(1430 1451 1450 1429)
4(1429 1450 1449 1428)
4(1449 1450 1471 1470)
4(1470 1471 1492 1491)
4(1491 1492 1513 1512)
4(1512 1513 1534 1533)
4(1533 1534 1555 1554)
4(1555 1534 1535 1556)
4(1556 1535 1536 1557)
4(1557 1536 1537 1558)
4(1558 1537 1538 1559)
4(1559 1538 1539 1560)
4(1560 1539 1540 1561)
4(1540 1539 1518 1519)
4(1519 1518 1497 1498)
4(1498 1497 1476 1477)
4(1477 1476 1455 1456)
4(1455 1476 1475 1454)
4(1454 1475 1474 1453)
4(1453 1474 1473 1452)
4(1452 1473 1472 1451)
4(1451 1472 1471 1450)
4(1471 1472 1493 1492)
4(1492 1493 1514 1513)
4(1513 1514 1535 1534)
4(1535 1514 1515 1536)
4(1536 1515 1516 1537)
4(1537 1516 1517 1538)
4(1538 1517 1518 1539)
4(1518 1517 1496 1497)
4(1497 1496 1475 1476)
4(1475 1496 1495 1474)
4(1474 1495 1494 1473)
4(1473 1494 1493 1472)
4(1493 1494 1515 1514)
4(1515 1494 1495 1516)
4(1516 1495 1496 1517)
4(6731 6812 6800 6635)
4(6296 6813 6803 6269)
4(6805 6621 5561 6270)
4(6300 6623 6302 6304)
4(6669 6613 6768 6612)
4(6694 6625 6775 6624)
4(6705 6628 6778 6626)
4(6728 6812 5333 2559)
4(6731 2560 5333 6812)
4(6731 6813 5336 2560)
4(6800 6812 6728 6633)
4(6801 6621 6800 6633)
4(6803 6813 6731 6635)
4(6805 6635 6800 6621)
4(6805 6623 6803 6635)
4(5561 6621 6801 2631)
4(5336 6813 6296 6268)
4(6803 6623 6300 6269)
4(6302 6623 6805 6270)
4(1726 3195 5866 3498)
6(3499 5876 3756 1833 3753 5933)
4(2154 4066 5903 4220)
6(3172 5925 3174 1614 3173 6075)
4(3172 1615 3177 5925)
6(3182 5929 3184 1617 3183 6071)
4(1620 3191 5932 3193)
6(3195 5932 3191 6068 3194 5866)
4(1726 3499 5933 3495)
6(4066 5936 4062 2047 4065 5903)
4(2154 4221 5937 4217)
6(4504 5943 4204 2257 4507 6183)
4(4504 2256 4201 5943)
4(3072 6669 6844 5965)
5(2886 5968 6790 6698 6787)
5(5965 6844 6744 6843 3008)
5(6688 2949 5981 6721 6821)
5(4501 5998 4693 6168 5922)
5(6007 3129 6788 3169 6159)
5(6050 6736 6681 2816 5984)
6(1630 3219 6067 3222 5867 3223)
4(1630 3194 6068 3219)
6(3188 6069 3192 1620 3193 5931)
6(3175 6074 3179 1616 3180 5926)
4(3175 1615 3176 6074)
5(4609 6173 4592 5917 4366)
6(4535 6176 4533 2271 4250 5914)
4(2271 4533 6177 4517)
6(4517 6177 4515 5937 4221 5913)
4(4515 6177 4516 2261)
6(2261 4516 6178 4513 5938 4219)
6(4509 6180 4510 2258 4210 5940)
4(2256 4505 6184 4502)
6(4502 6184 4503 2255 4198 5944)
4(2255 4503 6185 3134)
6(3138 6211 3137 6770 6616 1425)
4(6211 3142 1446 3137)
6(1446 3142 6233 3141 6773 6620)
6(1530 3158 6236 3157 6782 6636)
4(6296 6269 5446 3940)
4(6300 6304 6302 4094)
4(6688 6821 6698 6790)
4(6843 6721 5981 3008)
4(6694 3025 4851 6619)
4(6694 6624 4855 3025)
4(6705 3031 4855 6624)
4(6705 6626 4859 3031)
6(3133 6768 6613 5945 3134 6185)
4(1425 6616 6768 3133)
4(6694 6619 6773 6625)
4(1467 6625 6773 3141)
4(6705 6624 6775 6628)
4(1467 3145 6775 6625)
4(5338 2560 5336 3940)
4(5446 2596 5338 3940)
4(5448 2596 5446 4094)
4(5336 6268 6296 3940)
4(5446 6269 6300 4094)
4(6302 6270 5448 4094)
4(1488 3149 6778 6628)
4(1615 3175 5926 3177)
4(3191 1620 3192 6068)
4(5945 6613 6669 3072)
4(1615 3172 6075 3176)
4(1630 3223 5866 3194)
4(3195 1726 3495 5932)
4(1726 3498 5876 3499)
4(6688 6790 5968 2949)
4(6669 6612 6744 6844)
4(4066 2154 4217 5936)
4(6185 3138 1425 3133)
4(2255 3134 5945 4198)
4(2256 4502 5944 4201)
4(4504 6183 4505 2256)
4(2154 4220 5913 4221)
4(4515 2261 4219 5937)
4(2271 4517 5913 4250)
4(1446 6620 6770 3137)
4(1488 6628 6775 3145)
4(6854 6857 6860 6863)
5(6866 6869 6872 6875 6878)
4(6882 6886 6890 6894)
4(6654 6896 6898 6716)
4(6683 6900 6902 6732)
4(6905 6907 6910 6913)
4(6916 6919 6923 6927)
4(6931 6934 6937 6941)
4(6944 6947 6950 6953)
4(6956 6959 6962 6965)
4(6968 6971 6974 6977)
4(6980 6983 6987 6990)
4(6993 6997 7001 7004)
4(7007 7011 7014 7017)
4(7019 7022 7024 7026)
4(7028 7030 7032 7034)
4(7038 7042 7047 7052)
4(7054 7056 4783 7058)
4(7060 2903 4784 7062)
4(7064 2908 6467 7066)
4(7068 2914 7070 7072)
4(7075 7078 7082 7086)
4(7091 7096 7101 7106)
4(7110 7115 7119 7123)
4(7126 7129 7131 7133)
4(7135 7137 7139 7141)
4(7146 7151 7156 7161)
4(7163 7165 6633 6728)
4(817 2973 7167 7169)
4(7172 7175 7179 7183)
4(7188 7193 7198 7203)
4(7208 7213 7217 7221)
4(7224 7227 7229 7231)
4(7233 7235 7237 7239)
4(7243 7247 7251 7255)
5(7257 7259 4851 2631 6801)
4(1048 3037 7261 7263)
4(7266 7269 7272 7276)
4(7280 7283 7286 7290)
4(7294 7297 7300 7304)
4(7307 7310 7312 7314)
4(7316 7319 7321 7323)
4(7325 6616 6770 7327)
4(7330 7333 7336 7339)
4(7341 6620 6773 6619)
4(7343 7345 7347 7349)
4(7351 6636 6782 7353)
4(7355 7357 7359 7362)
4(7365 7367 7369 7372)
4(7374 7376 6788 7378)
4(7382 7386 7391 7396)
4(7401 7406 7391 7411)
4(7415 7411 7391 7386)
4(7419 7423 7427 7431)
4(7415 7386 7427 7435)
4(7439 7435 7427 7423)
4(7443 7447 7451 7455)
4(7439 7423 7451 7459)
4(7463 7459 7451 7447)
4(7467 7471 7475 7479)
4(7463 7447 7475 7483)
4(7487 7483 7475 7471)
4(7491 7495 7499 7503)
4(7487 7471 7499 7507)
4(7511 7507 7499 7495)
4(7515 7519 7523 7527)
4(7511 7495 7523 7531)
4(7535 7531 7523 7519)
4(7540 7545 7549 7553)
4(7535 7519 7549 7557)
4(7562 7557 7549 7545)
4(7567 7572 7577 7582)
4(7562 7545 7577 7587)
4(7592 7587 7577 7572)
4(7597 7602 7607 7612)
4(7592 7572 7607 7617)
4(7622 7617 7607 7602)
4(7627 7632 7637 7642)
4(7622 7602 7637 7647)
4(7652 7647 7637 7632)
4(7415 7656 7661 7411)
4(7666 7671 7661 7676)
4(7680 7676 7661 7656)
4(7439 7683 7686 7435)
4(7680 7656 7686 7689)
4(7691 7689 7686 7683)
4(7463 7694 7697 7459)
4(7691 7683 7697 7699)
4(7701 7699 7697 7694)
4(7487 7704 7707 7483)
4(7701 7694 7707 7709)
4(7711 7709 7707 7704)
4(7511 7714 7717 7507)
4(7711 7704 7717 7719)
4(7721 7719 7717 7714)
4(7535 7724 7727 7531)
4(7721 7714 7727 7729)
4(7732 7729 7727 7724)
4(7562 7737 7741 7557)
4(7732 7724 7741 7745)
4(7750 7745 7741 7737)
4(7592 7755 7760 7587)
4(7750 7737 7760 7765)
4(7770 7765 7760 7755)
4(7622 7775 7780 7617)
4(7770 7755 7780 7785)
4(7790 7785 7780 7775)
4(7652 7795 7800 7647)
4(7790 7775 7800 7805)
4(7810 7805 7800 7795)
4(7680 7814 7819 7676)
4(7824 7829 7819 7834)
4(7838 7834 7819 7814)
4(7691 7840 7843 7689)
4(7838 7814 7843 7846)
4(7848 7846 7843 7840)
4(7701 2903 4783 7699)
4(7848 7840 4783 7850)
4(7732 7853 7855 7729)
4(817 2914 7855 7857)
4(7860 7857 7855 7853)
4(7750 7865 7869 7745)
4(7860 7853 7869 7873)
4(7878 7873 7869 7865)
4(7770 7883 7888 7765)
4(7878 7865 7888 7893)
4(7898 7893 7888 7883)
4(7790 7903 7908 7785)
4(7898 7883 7908 7913)
4(7918 7913 7908 7903)
4(7810 7923 7928 7805)
4(7918 7903 7928 7933)
4(7938 7933 7928 7923)
4(7838 7942 7947 7834)
4(7952 7957 7947 7962)
4(7966 7962 7947 7942)
4(7848 7968 7971 7846)
4(7966 7942 7971 7974)
4(7976 7974 7971 7968)
4(7976 7968 7978 7980)
4(7860 7983 7985 7857)
4(1048 2973 7985 7987)
4(7990 7987 7985 7983)
4(7878 7995 7999 7873)
4(7990 7983 7999 8003)
4(8008 8003 7999 7995)
4(7898 8013 8018 7893)
4(8008 7995 8018 8023)
4(8028 8023 8018 8013)
4(7918 8033 8038 7913)
4(8028 8013 8038 8043)
4(8048 8043 8038 8033)
4(7938 8053 8058 7933)
4(8048 8033 8058 8063)
4(8068 8063 8058 8053)
4(7966 8072 8077 7962)
4(8082 8087 8077 8092)
4(8096 8092 8077 8072)
4(7976 8098 8101 7974)
4(8096 8072 8101 8104)
4(8106 8104 8101 8098)
4(8106 8098 4851 8108)
4(8110 8108 4851 3025)
4(8110 3025 4855 8112)
4(8114 8112 4855 3031)
4(8114 3031 4859 8116)
4(8118 8116 4859 3037)
4(7990 8121 8123 7987)
4(8118 3037 8123 8125)
4(8128 8125 8123 8121)
4(8008 8133 8137 8003)
4(8128 8121 8137 8141)
4(8146 8141 8137 8133)
4(8028 8151 8156 8023)
4(8146 8133 8156 8161)
4(8166 8161 8156 8151)
4(8048 8171 8176 8043)
4(8166 8151 8176 8181)
4(8186 8181 8176 8171)
4(8068 8191 8196 8063)
4(8186 8171 8196 8201)
4(8206 8201 8196 8191)
4(8096 8210 8215 8092)
4(8220 8225 8215 8230)
4(8234 8230 8215 8210)
4(8106 8237 8240 8104)
4(8234 8210 8240 8244)
4(8248 8244 8240 8237)
4(8110 8251 8254 8108)
4(8248 8237 8254 8258)
4(8262 8258 8254 8251)
4(8114 8265 8268 8112)
4(8262 8251 8268 8272)
4(8276 8272 8268 8265)
4(8118 8279 8282 8116)
4(8276 8265 8282 8286)
4(8290 8286 8282 8279)
4(8128 8293 8296 8125)
4(8290 8279 8296 8300)
4(8304 8300 8296 8293)
4(8146 8309 8313 8141)
4(8304 8293 8313 8317)
4(8322 8317 8313 8309)
4(8166 8327 8332 8161)
4(8322 8309 8332 8337)
4(8342 8337 8332 8327)
4(8186 8347 8352 8181)
4(8342 8327 8352 8357)
4(8362 8357 8352 8347)
4(8206 8367 8372 8201)
4(8362 8347 8372 8377)
4(8382 8377 8372 8367)
5(6872 6869 8384 8386 8388)
4(8384 8391 8393 8395)
4(6916 8391 8384 6869)
4(6916 6927 8398 8391)
4(7038 8402 8398 6927)
4(7038 7052 8407 8402)
4(7146 8412 8407 7052)
5(6728 2559 4783 7056 7163)
4(7064 7062 4784 2908)
4(7146 7161 8417 8412)
4(8417 8421 8425 8430)
4(7243 8421 8417 7161)
4(6801 6633 7165 7257)
4(7243 7255 8433 8421)
4(8433 8436 8438 8441)
4(7330 8436 8433 7255)
4(7330 7339 8443 8436)
4(7721 2914 6467 7719)
4(1660 3309 8445 8447)
4(1670 3338 8449 8451)
4(8453 8455 8458 8460)
4(8462 8465 8468 8471)
4(8474 8477 8481 8485)
4(8488 8491 8495 8499)
4(8502 8505 8509 8513)
4(8516 8519 8523 8527)
4(8530 8533 8537 8541)
4(1833 3756 8543 3757)
4(8545 8548 8551 8553)
4(8557 8561 8566 8570)
4(8574 8579 8584 8589)
4(8594 8599 8604 8609)
4(8614 8619 8624 8629)
4(8634 8639 8644 8649)
4(8654 8659 8664 8669)
4(1940 8671 8673 3912)
4(8675 8678 8681 8683)
4(8687 8692 8697 8701)
4(8706 8711 8716 8721)
4(8726 8731 8736 8741)
4(8746 8751 8756 8761)
4(8766 8771 8776 8781)
4(8786 8791 8796 8801)
4(8803 8806 8809 8811)
4(8815 8819 8822 8825)
4(8829 8833 8836 8839)
4(8843 8847 8850 8853)
4(8857 8861 8864 8867)
4(8871 8875 8879 8882)
4(8887 8892 8897 8902)
4(8904 8906 5914 4250)
4(8908 8911 8913 8915)
4(8918 8921 8923 8925)
4(8927 8929 5917 8931)
4(8933 8935 8937 4366)
4(8940 8944 8948 8951)
4(8956 8961 8966 8971)
4(8975 8978 8981 8985)
4(8987 8989 5922 8991)
4(8453 3498 5866 3223)
4(1640 8993 5867 3222)
4(8462 8455 5867 8993)
4(8453 3223 5867 8455)
4(8474 8465 8995 8997)
4(8462 8993 8995 8465)
4(8488 8477 8999 8447)
4(8474 8997 8999 8477)
4(1670 8451 8445 3309)
4(8502 8491 8445 8451)
4(8488 8447 8445 8491)
4(8516 8505 8449 9001)
4(8502 8451 8449 8505)
4(1690 9003 9005 3367)
4(8530 8519 9005 9003)
4(8516 9001 9005 8519)
4(8530 9003 9007 8533)
4(8453 8460 5876 3498)
4(8545 3756 5876 8460)
4(8462 8471 8458 8455)
4(8557 8548 8458 8471)
4(8545 8460 8458 8548)
4(8474 8485 8468 8465)
4(8574 8561 8468 8485)
4(8557 8471 8468 8561)
4(8488 8499 8481 8477)
4(8594 8579 8481 8499)
4(8574 8485 8481 8579)
4(8502 8513 8495 8491)
4(8614 8599 8495 8513)
4(8594 8499 8495 8599)
4(8516 8527 8509 8505)
4(8634 8619 8509 8527)
4(8614 8513 8509 8619)
4(8530 8541 8523 8519)
4(8654 8639 8523 8541)
4(8634 8527 8523 8639)
4(8654 8541 8537 8659)
4(9012 9017 9022 9027)
4(9032 9012 9027 9037)
4(8545 8553 8543 3756)
4(8675 8671 8543 8553)
4(1940 3757 8543 8671)
4(8557 8570 8551 8548)
4(8687 8678 8551 8570)
4(8675 8553 8551 8678)
4(8574 8589 8566 8561)
4(8706 8692 8566 8589)
4(8687 8570 8566 8692)
4(8594 8609 8584 8579)
4(8726 8711 8584 8609)
4(8706 8589 8584 8711)
4(8614 8629 8604 8599)
4(8746 8731 8604 8629)
4(8726 8609 8604 8731)
4(8634 8649 8624 8619)
4(8766 8751 8624 8649)
4(8746 8629 8624 8751)
4(8654 8669 8644 8639)
4(8786 8771 8644 8669)
4(8766 8649 8644 8771)
4(8786 8669 8664 8791)
4(9042 9032 9037 9047)
4(8675 8683 8673 8671)
4(8803 4065 8673 8683)
4(8687 8701 8681 8678)
4(8815 8806 8681 8701)
4(8803 8683 8681 8806)
4(8706 8721 8697 8692)
4(8829 8819 8697 8721)
4(8815 8701 8697 8819)
4(8726 8741 8716 8711)
4(8843 8833 8716 8741)
4(8829 8721 8716 8833)
4(8746 8761 8736 8731)
4(8857 8847 8736 8761)
4(8843 8741 8736 8847)
4(8766 8781 8756 8751)
4(8871 8861 8756 8781)
4(8857 8761 8756 8861)
4(8786 8801 8776 8771)
4(8887 8875 8776 8801)
4(8871 8781 8776 8875)
4(8887 8801 8796 8892)
4(8803 8811 5903 4065)
4(8904 4220 5903 8811)
4(8815 8825 8809 8806)
4(8908 8906 8809 8825)
4(8904 8811 8809 8906)
4(8829 8839 8822 8819)
4(8918 8911 8822 8839)
4(8908 8825 8822 8911)
4(8843 8853 8836 8833)
4(8927 8921 8836 8853)
4(8918 8839 8836 8921)
4(8857 8867 8850 8847)
4(8933 8929 8850 8867)
4(8927 8853 8850 8929)
4(8871 8882 8864 8861)
4(8940 8935 8864 8882)
4(8933 8867 8864 8935)
4(8887 8902 8879 8875)
4(8956 8944 8879 8902)
4(8940 8882 8879 8944)
4(8975 8961 8897 9051)
4(8956 8902 8897 8961)
4(8987 8978 9054 9056)
4(8975 9051 9054 8978)
4(2254 8989 9058 4195)
4(8987 9056 9058 8989)
4(8904 4250 5913 4220)
4(8908 8915 5914 8906)
4(2281 4535 5914 8915)
4(8918 8925 8913 8911)
4(2291 4554 8913 8925)
4(2281 8915 8913 4554)
4(8927 8931 8923 8921)
4(8933 4366 5917 8929)
4(2301 8931 5917 4592)
4(8940 8951 8937 8935)
4(8937 8951 9061 9063)
4(8956 8971 8948 8944)
4(8975 8985 8966 8961)
4(9067 9072 8966 8985)
4(9077 8971 8966 9072)
4(8987 8991 8981 8978)
6(2759 9079 9081 9083 9085 9087)
4(2759 1614 3174 9079)
4(3181 9089 9091 9093)
4(3181 1617 3184 9089)
4(3182 1618 9095 5929)
4(3912 2047 4062 9097)
4(2260 4511 9099 9101)
4(4511 2259 9103 9099)
4(9079 3174 9105 9107)
4(3174 5925 9109 9105)
4(5925 3177 9111 9109)
4(3177 5926 9113 9111)
4(5926 3180 9115 9113)
4(3180 8395 8393 9115)
4(9089 3184 9117 9119)
4(3184 5929 9121 9117)
4(5929 9095 9123 9121)
4(9095 9125 9127 9123)
4(9125 9129 9131 9127)
4(9129 5931 9133 9131)
4(5931 3193 9135 9133)
4(3193 5932 3495 9135)
4(3495 5933 9137 9135)
4(5933 3753 9139 9137)
4(3753 9141 9143 9139)
4(9141 9145 9147 9143)
4(9145 9097 9149 9147)
4(9097 4062 9151 9149)
4(4062 5936 9153 9151)
4(5936 4217 9155 9153)
4(4217 5937 4219 9155)
4(4219 5938 9157 9155)
4(5938 9101 9159 9157)
4(9101 9099 9161 9159)
4(9099 9103 9163 9161)
4(9103 5940 9165 9163)
4(5940 4210 9167 9165)
4(4210 7323 7321 9167)
4(9169 8438 8436 8443)
4(9169 4204 9171 8438)
4(4204 5943 9173 9171)
4(5943 4201 9175 9173)
4(4201 5944 9177 9175)
4(5944 4198 9179 9177)
4(4198 5945 3072 9179)
4(9181 9107 9183 9185)
4(9107 9105 9187 9183)
4(9105 9109 9190 9187)
4(9109 9111 9193 9190)
4(9111 9113 9196 9193)
4(9113 9115 9199 9196)
4(9115 8393 9202 9199)
4(9119 9205 9208 9211)
4(9119 9117 9214 9205)
4(9117 9121 9217 9214)
4(9121 9123 9220 9217)
4(9123 9127 9223 9220)
4(9127 9131 9226 9223)
4(9131 9133 9229 9226)
4(9133 9135 9137 9229)
4(9137 9139 9232 9229)
4(9139 9143 9235 9232)
4(9143 9147 9238 9235)
4(9147 9149 9241 9238)
4(9149 9151 9244 9241)
4(9151 9153 9247 9244)
4(9153 9155 9157 9247)
4(9157 9159 9250 9247)
4(9159 9161 9253 9250)
4(9161 9163 9256 9253)
4(9163 9165 9259 9256)
4(9165 9167 9262 9259)
4(9167 7321 9265 9262)
4(8438 9171 9268 8441)
4(9171 9173 9271 9268)
4(9173 9175 9274 9271)
4(9175 9177 9277 9274)
4(9177 9179 9279 9277)
4(9179 3072 5965 9279)
4(9183 9187 9281 2886)
4(9187 9190 9284 9281)
4(9190 9193 9288 9284)
4(9193 9196 9292 9288)
4(9196 9199 9296 9292)
4(9199 9202 9300 9296)
4(9202 8398 8402 9300)
4(9205 9214 9304 9308)
4(9214 9217 9312 9304)
4(9217 9220 9316 9312)
4(9220 9223 9320 9316)
4(9223 9226 9324 9320)
4(9226 9229 9232 9324)
4(9232 9235 9328 9324)
4(9235 9238 9332 9328)
4(9238 9241 9336 9332)
4(9241 9244 9340 9336)
4(9244 9247 9250 9340)
4(9250 9253 9344 9340)
4(9253 9256 9348 9344)
4(9256 9259 9352 9348)
4(9259 9262 9356 9352)
4(9262 9265 9360 9356)
4(9265 9363 9367 9360)
4(8441 8425 8421 8433)
4(8441 9268 9371 8425)
4(9268 9271 9375 9371)
4(9271 9274 9379 9375)
4(9274 9277 9382 9379)
4(9277 9279 9384 9382)
4(9279 5965 3008 9384)
4(5968 9386 9388 2949)
4(5968 2886 9281 9386)
4(9281 9284 9391 9386)
4(9284 9288 9395 9391)
4(9288 9292 9400 9395)
4(9292 9296 9405 9400)
4(9296 9300 9410 9405)
4(9300 8402 8407 9410)
4(9308 9415 9420 9424)
4(9308 9304 9429 9415)
4(9304 9312 9434 9429)
4(9312 9316 9439 9434)
4(9316 9320 9444 9439)
4(9320 9324 9328 9444)
4(9328 9332 9449 9444)
4(9332 9336 9454 9449)
4(9336 9340 9344 9454)
4(9344 9348 9459 9454)
4(9348 9352 9464 9459)
4(9352 9356 9469 9464)
4(9356 9360 9474 9469)
4(9360 9367 9479 9474)
4(8425 9371 9484 8430)
4(9371 9375 9489 9484)
4(9375 9379 9493 9489)
4(9379 9382 9496 9493)
4(9382 9384 9498 9496)
4(9384 3008 5981 9498)
4(5981 2949 9388 9498)
4(9388 9501 9496 9498)
4(9388 9386 9391 9501)
4(9391 9395 9505 9501)
4(9395 9400 9510 9505)
4(9400 9405 9515 9510)
4(9405 9410 9520 9515)
4(9410 8407 8412 9520)
4(9415 9525 9530 9420)
4(9415 9429 9535 9525)
4(9429 9434 9540 9535)
4(9434 9439 9545 9540)
4(9439 9444 9449 9545)
4(9449 9454 9459 9545)
4(9459 9464 9540 9545)
4(9464 9469 9535 9540)
4(9469 9474 9525 9535)
4(9474 9479 9530 9525)
4(8430 9484 9515 9520)
4(9484 9489 9510 9515)
4(9489 9493 9505 9510)
4(9493 9496 9501 9505)
5(9550 9555 9560 9565 9570)
4(9555 9022 9017 9560)
4(9047 9574 9578 9042)
4(9574 9581 9584 9578)
4(9581 9586 9588 9584)
5(9586 9590 4195 9058 9588)
4(2254 9592 5998 4501)
4(2356 9594 9596 4692)
6(4692 9596 9598 9600 9602 9604)
4(9600 9598 9607 9610)
4(9615 9620 9625 9630)
4(9635 9640 9645 9650)
4(9650 9645 9655 9660)
4(9660 9655 9665 9670)
4(9674 9678 9681 9684)
4(9686 6007 6159 9688)
4(5984 9690 9692 9694)
4(9694 9692 9697 9700)
4(9700 9697 9704 9708)
4(9708 9704 9713 9718)
4(9718 9713 9723 9728)
4(9728 9723 9733 9738)
4(9738 9733 9743 9748)
4(9748 9743 9753 9758)
4(9758 9753 9763 9768)
4(9768 9763 9773 9778)
4(9778 9773 9783 9788)
4(9788 9783 9793 9798)
4(9798 9793 9803 9808)
4(9808 9803 9813 9818)
4(9818 9813 9823 9828)
4(9828 9823 9833 9838)
4(9838 9833 9843 9848)
4(9848 9843 9022 9555)
4(9022 9843 9853 9027)
4(9027 9853 9858 9037)
4(9037 9858 9863 9047)
4(9047 9863 9867 9574)
4(9574 9867 9870 9581)
4(9581 9870 9873 9586)
4(9586 9873 9876 9590)
4(9590 9876 9878 9592)
4(9592 9878 9594 5998)
4(9594 9878 9881 9596)
4(9596 9881 9884 9598)
4(9598 9884 9887 9607)
4(9607 9887 9891 9895)
4(9895 9891 9900 9905)
4(9905 9900 9910 9620)
4(9620 9910 9915 9625)
4(9625 9915 9920 9640)
4(9640 9920 9925 9645)
4(9645 9925 9930 9655)
4(9655 9930 9935 9665)
4(9665 9935 9940 9945)
4(9945 9940 9950 9955)
4(9955 9950 9959 9678)
4(9678 9959 9962 9681)
4(9681 9962 9964 9686)
4(9686 9964 9966 6007)
4(460 2879 9968 9690)
4(9690 9968 9971 9692)
4(9692 9971 9974 9697)
4(9697 9974 9978 9704)
4(9704 9978 9983 9713)
4(9713 9983 9988 9723)
4(9723 9988 9993 9733)
4(9733 9993 9998 9743)
4(9743 9998 10003 9753)
4(9753 10003 10008 9763)
4(9763 10008 10013 9773)
4(9773 10013 10018 9783)
4(9783 10018 10023 9793)
4(9793 10023 10028 9803)
4(9803 10028 10033 9813)
4(9813 10033 10038 9823)
4(9823 10038 10043 9833)
4(9833 10043 9853 9843)
4(9853 10043 10048 9858)
4(9858 10048 10053 9863)
4(9863 10053 10057 9867)
4(9867 10057 10061 9870)
4(9870 10061 10065 9873)
4(9873 10065 10068 9876)
4(9876 10068 9881 9878)
4(9881 10068 10072 9884)
4(9884 10072 10076 9887)
4(9887 10076 10080 9891)
4(9891 10080 10085 9900)
4(9900 10085 10090 9910)
4(9910 10090 10095 9915)
4(9915 10095 10100 9920)
4(9920 10100 10105 9925)
4(9925 10105 10110 9930)
4(9930 10110 10115 9935)
4(9935 10115 10120 9940)
4(9940 10120 10125 9950)
4(9950 10125 10129 9959)
4(9959 10129 10132 9962)
4(9962 10132 10135 9964)
4(9964 10135 10137 9966)
4(9966 10137 3065 1384)
4(691 2942 10139 10141)
4(691 10141 9968 2879)
4(9968 10141 10144 9971)
4(9971 10144 10148 9974)
4(9974 10148 10152 9978)
4(9978 10152 10157 9983)
4(9983 10157 10162 9988)
4(9988 10162 10167 9993)
4(9993 10167 10172 9998)
4(9998 10172 10177 10003)
4(10003 10177 10182 10008)
4(10008 10182 10187 10013)
4(10013 10187 10192 10018)
4(10018 10192 10197 10023)
4(10023 10197 10202 10028)
4(10028 10202 10207 10033)
4(10033 10207 10212 10038)
4(10038 10212 10048 10043)
4(10048 10212 10217 10053)
4(10053 10217 10222 10057)
4(10057 10222 10227 10061)
4(10061 10227 10231 10065)
4(10065 10231 10072 10068)
4(10072 10231 10236 10076)
4(10076 10236 10241 10080)
4(10080 10241 10246 10085)
4(10085 10246 10251 10090)
4(10090 10251 10256 10095)
4(10095 10256 10261 10100)
4(10100 10261 10266 10105)
4(10105 10266 10271 10110)
4(10110 10271 10276 10115)
4(10115 10276 10281 10120)
4(10120 10281 10286 10125)
4(10125 10286 10290 10129)
4(10129 10290 10294 10132)
4(10132 10294 10297 10135)
4(10135 10297 10299 10137)
4(10137 10299 1153 3065)
4(1153 10299 10301 3001)
4(922 10303 10139 2942)
4(10139 10303 10306 10309)
4(10139 10309 10144 10141)
4(10144 10309 10313 10148)
4(10148 10313 10318 10152)
4(10152 10318 10323 10157)
4(10157 10323 10328 10162)
4(10162 10328 10333 10167)
4(10167 10333 10338 10172)
4(10172 10338 10343 10177)
4(10177 10343 10348 10182)
4(10182 10348 10353 10187)
4(10187 10353 10358 10192)
4(10192 10358 10363 10197)
4(10197 10363 10368 10202)
4(10202 10368 10373 10207)
4(10207 10373 10217 10212)
4(10217 10373 10378 10222)
4(10222 10378 10383 10227)
4(10227 10383 10236 10231)
4(10236 10383 10388 10241)
4(10241 10388 10393 10246)
4(10246 10393 10398 10251)
4(10251 10398 10403 10256)
4(10256 10403 10408 10261)
4(10261 10408 10413 10266)
4(10266 10413 10418 10271)
4(10271 10418 10423 10276)
4(10276 10423 10428 10281)
4(10281 10428 10433 10286)
4(10286 10433 10438 10290)
4(10290 10438 10442 10294)
4(10294 10442 10445 10297)
4(10297 10445 10301 10299)
4(10301 10445 10306 10303)
4(10306 10445 10442 10449)
4(10306 10449 10313 10309)
4(10313 10449 10454 10318)
4(10318 10454 10459 10323)
4(10323 10459 10464 10328)
4(10328 10464 10469 10333)
4(10333 10469 10474 10338)
4(10338 10474 10479 10343)
4(10343 10479 10484 10348)
4(10348 10484 10489 10353)
4(10353 10489 10494 10358)
4(10358 10494 10499 10363)
4(10363 10499 10504 10368)
4(10368 10504 10378 10373)
4(10378 10504 10388 10383)
4(10388 10504 10499 10393)
4(10393 10499 10494 10398)
4(10398 10494 10489 10403)
4(10403 10489 10484 10408)
4(10408 10484 10479 10413)
4(10413 10479 10474 10418)
4(10418 10474 10469 10423)
4(10423 10469 10464 10428)
4(10428 10464 10459 10433)
4(10433 10459 10454 10438)
4(10438 10454 10449 10442)
4(10506 6050 5984 9694)
5(10509 10512 10506 9694 9700)
4(10509 10516 10520 10512)
4(10516 10525 10530 10520)
4(10525 10535 10540 10530)
4(10535 10545 10550 10540)
4(10545 10555 10560 10550)
4(10555 10565 10570 10560)
4(10565 10575 10580 10570)
6(10585 10590 10580 10575 9768 9778)
4(10585 10595 10600 10590)
4(10595 10605 10610 10600)
4(10605 10615 10620 10610)
4(10615 10625 10630 10620)
4(10625 10635 10640 10630)
4(10635 10645 10650 10640)
4(10645 10655 10660 10650)
4(10655 9550 9570 10660)
4(9565 10664 10668 9570)
4(10664 10671 10674 10668)
4(10671 10676 10678 10674)
4(10676 3396 10680 10678)
4(3396 1690 10682 10680)
4(3367 1680 10684 10686)
4(1680 3338 10688 10684)
4(1660 3280 10690 10692)
4(3280 1650 10694 10690)
4(1650 3251 10696 10694)
4(3251 1640 10698 10696)
4(3188 1619 10700 6069)
4(1619 3185 10702 10700)
4(3185 1618 10704 10702)
4(3178 8386 8384 8395)
4(3178 1616 3179 8386)
4(6736 6050 10706 6692)
4(6050 10506 10708 10706)
4(10506 10512 10711 10708)
4(10512 10520 10715 10711)
4(10520 10530 10720 10715)
4(10530 10540 10725 10720)
4(10540 10550 10730 10725)
4(10550 10560 10735 10730)
4(10560 10570 10740 10735)
4(10570 10580 10745 10740)
4(10580 10590 10750 10745)
4(10590 10600 10755 10750)
4(10600 10610 10760 10755)
4(10610 10620 10765 10760)
4(10620 10630 10770 10765)
4(10630 10640 10775 10770)
4(10640 10650 10779 10775)
4(10650 10660 10783 10779)
4(10660 9570 10668 10783)
4(10668 10674 10786 10783)
4(10674 10678 10789 10786)
4(10678 10680 10792 10789)
4(10680 10682 10795 10792)
4(10682 10686 10798 10795)
4(10686 10684 10801 10798)
4(10684 10688 10804 10801)
4(10688 10806 10809 10804)
4(10806 10811 10814 10809)
4(10811 10692 10817 10814)
4(10692 10690 10820 10817)
4(10690 10694 10823 10820)
4(10694 10696 10826 10823)
4(10696 10698 10828 10826)
4(10698 6067 10830 10828)
4(6067 3219 10832 10830)
4(3219 6068 3192 10832)
4(3192 6069 10834 10832)
4(6069 10700 10836 10834)
4(10700 10702 10838 10836)
4(10702 10704 10840 10838)
4(10704 6071 10842 10840)
4(6071 3183 10844 10842)
4(3183 9093 10846 10844)
5(9093 9091 10849 10852 10846)
4(8386 3179 10854 8388)
4(3179 6074 10856 10854)
4(6074 3176 10858 10856)
4(3176 6075 10860 10858)
4(6075 3173 10862 10860)
4(3173 9087 10864 10862)
4(9087 9085 6854 10864)
4(10706 10708 10867 10869)
4(10708 10711 10872 10867)
4(10711 10715 10876 10872)
4(10715 10720 10881 10876)
4(10720 10725 10886 10881)
4(10725 10730 10891 10886)
4(10730 10735 10896 10891)
4(10735 10740 10901 10896)
4(10740 10745 10906 10901)
4(10745 10750 10911 10906)
4(10750 10755 10916 10911)
4(10755 10760 10921 10916)
4(10760 10765 10926 10921)
4(10765 10770 10931 10926)
4(10770 10775 10936 10931)
4(10775 10779 10940 10936)
4(10779 10783 10786 10940)
4(10786 10789 10944 10940)
4(10789 10792 10948 10944)
4(10792 10795 10952 10948)
4(10795 10798 10956 10952)
4(10798 10801 10960 10956)
4(10801 10804 10964 10960)
4(10804 10809 10968 10964)
4(10809 10814 10972 10968)
4(10814 10817 10976 10972)
4(10817 10820 10980 10976)
4(10820 10823 10984 10980)
4(10823 10826 10987 10984)
4(10826 10828 10990 10987)
4(10828 10830 10993 10990)
4(10830 10832 10834 10993)
4(10834 10836 10996 10993)
4(10836 10838 10999 10996)
4(10838 10840 11002 10999)
4(10840 10842 11005 11002)
4(10842 10844 11008 11005)
4(10844 10846 11011 11008)
4(10846 10852 11014 11011)
5(6878 11014 10852 10849 6866)
4(6872 8388 11017 6875)
4(8388 10854 11020 11017)
4(10854 10856 11023 11020)
4(10856 10858 11026 11023)
4(10858 10860 11029 11026)
4(10860 10862 11032 11029)
4(10862 10864 11035 11032)
4(10869 10867 11038 11040)
4(10867 10872 11044 11038)
4(10872 10876 11048 11044)
4(10876 10881 11053 11048)
4(10881 10886 11058 11053)
4(10886 10891 11063 11058)
4(10891 10896 11068 11063)
4(10896 10901 11073 11068)
4(10901 10906 11078 11073)
4(10906 10911 11083 11078)
4(10911 10916 11088 11083)
4(10916 10921 11093 11088)
4(10921 10926 11098 11093)
4(10926 10931 11103 11098)
4(10931 10936 11108 11103)
4(10936 10940 10944 11108)
4(10944 10948 11113 11108)
4(10948 10952 11118 11113)
4(10952 10956 11123 11118)
4(10956 10960 11128 11123)
4(10960 10964 11133 11128)
4(10964 10968 11138 11133)
4(10968 10972 11143 11138)
4(10972 10976 11148 11143)
4(10976 10980 11153 11148)
4(10980 10984 11157 11153)
4(10984 10987 11161 11157)
4(10987 10990 11165 11161)
4(10990 10993 10996 11165)
4(10996 10999 11169 11165)
4(10999 11002 11173 11169)
4(11002 11005 11177 11173)
4(11005 11008 11181 11177)
4(11008 11011 11185 11181)
4(11011 11014 11189 11185)
4(11014 6878 11193 11189)
4(6878 6875 11197 11193)
4(6875 11017 11201 11197)
4(11017 11020 11205 11201)
4(11020 11023 11209 11205)
4(11023 11026 11213 11209)
4(11026 11029 11217 11213)
4(11029 11032 11221 11217)
4(11032 11035 11225 11221)
4(11035 6863 6882 11225)
4(6675 6726 11227 11229)
4(11227 11232 11235 11229)
4(11227 11040 11038 11232)
4(11038 11044 11239 11232)
4(11044 11048 11244 11239)
4(11048 11053 11249 11244)
4(11053 11058 11254 11249)
4(11058 11063 11259 11254)
4(11063 11068 11264 11259)
4(11068 11073 11269 11264)
4(11073 11078 11274 11269)
4(11078 11083 11279 11274)
4(11083 11088 11284 11279)
4(11088 11093 11289 11284)
4(11093 11098 11294 11289)
4(11098 11103 11299 11294)
4(11103 11108 11113 11299)
4(11113 11118 11304 11299)
4(11118 11123 11309 11304)
4(11123 11128 11314 11309)
4(11128 11133 11319 11314)
4(11133 11138 11324 11319)
4(11138 11143 11329 11324)
4(11143 11148 11334 11329)
4(11148 11153 11339 11334)
4(11153 11157 11344 11339)
4(11157 11161 11349 11344)
4(11161 11165 11169 11349)
4(11169 11173 11354 11349)
4(11173 11177 11359 11354)
4(11177 11181 11364 11359)
4(11181 11185 11369 11364)
4(11185 11189 11374 11369)
4(11189 11193 11379 11374)
4(11193 11197 11384 11379)
4(11197 11201 11389 11384)
4(11201 11205 11394 11389)
4(11205 11209 11399 11394)
4(11209 11213 11404 11399)
4(11213 11217 11408 11404)
4(11217 11221 11412 11408)
4(11221 11225 11416 11412)
4(11416 11419 11422 11412)
4(11425 11427 11429 11419)
4(6667 6724 11431 11433)
4(11431 11436 11439 11433)
4(11431 11229 11235 11436)
4(11235 11443 11447 11436)
4(11235 11232 11239 11443)
4(11239 11244 11452 11443)
4(11244 11249 11457 11452)
4(11249 11254 11462 11457)
4(11254 11259 11467 11462)
4(11259 11264 11472 11467)
4(11264 11269 11477 11472)
4(11269 11274 11482 11477)
4(11274 11279 11487 11482)
4(11279 11284 11492 11487)
4(11284 11289 11497 11492)
4(11289 11294 11502 11497)
4(11294 11299 11304 11502)
4(11304 11309 11507 11502)
4(11309 11314 11512 11507)
4(11314 11319 11517 11512)
4(11319 11324 11522 11517)
4(11324 11329 11527 11522)
4(11329 11334 11532 11527)
4(11334 11339 11537 11532)
4(11339 11344 11542 11537)
4(11344 11349 11354 11542)
4(11354 11359 11547 11542)
4(11359 11364 11552 11547)
4(11364 11369 11557 11552)
4(11369 11374 11562 11557)
4(11374 11379 11567 11562)
4(11379 11384 11572 11567)
4(11384 11389 11577 11572)
4(11389 11394 11582 11577)
4(11394 11399 11587 11582)
4(11399 11404 11592 11587)
4(11404 11408 11596 11592)
4(11408 11412 11422 11596)
4(11422 11599 11603 11596)
4(11422 11419 11429 11599)
4(11429 11605 11608 11599)
4(6662 6720 11610 11612)
4(11610 11615 11618 11612)
4(11610 11433 11439 11615)
4(11439 11622 11626 11615)
4(11439 11436 11447 11622)
4(11447 11631 11636 11622)
4(11447 11443 11452 11631)
4(11452 11457 11641 11631)
4(11457 11462 11646 11641)
4(11462 11467 11651 11646)
4(11467 11472 11656 11651)
4(11472 11477 11661 11656)
4(11477 11482 11666 11661)
4(11482 11487 11671 11666)
4(11487 11492 11676 11671)
4(11492 11497 11681 11676)
4(11497 11502 11507 11681)
4(11507 11512 11686 11681)
4(11512 11517 11691 11686)
4(11517 11522 11696 11691)
4(11522 11527 11701 11696)
4(11527 11532 11706 11701)
4(11532 11537 11711 11706)
4(11537 11542 11547 11711)
4(11547 11552 11716 11711)
4(11552 11557 11721 11716)
4(11557 11562 11726 11721)
4(11562 11567 11731 11726)
4(11567 11572 11736 11731)
4(11572 11577 11741 11736)
4(11577 11582 11746 11741)
4(11582 11587 11751 11746)
4(11587 11592 11756 11751)
4(11592 11596 11603 11756)
4(11603 11760 11765 11756)
4(11603 11599 11608 11760)
4(11608 11768 11772 11760)
4(11608 11605 11774 11768)
4(11774 11612 11618 11768)
4(11618 11778 11772 11768)
4(11618 11615 11626 11778)
4(11626 11783 11788 11778)
4(11626 11622 11636 11783)
4(11636 11793 11798 11783)
4(11636 11631 11641 11793)
4(11641 11646 11803 11793)
4(11646 11651 11808 11803)
4(11651 11656 11813 11808)
4(11656 11661 11818 11813)
4(11661 11666 11823 11818)
4(11666 11671 11828 11823)
4(11671 11676 11833 11828)
4(11676 11681 11686 11833)
4(11686 11691 11838 11833)
4(11691 11696 11843 11838)
4(11696 11701 11848 11843)
4(11701 11706 11853 11848)
4(11706 11711 11716 11853)
4(11716 11721 11858 11853)
4(11721 11726 11863 11858)
4(11726 11731 11868 11863)
4(11731 11736 11873 11868)
4(11736 11741 11878 11873)
4(11741 11746 11883 11878)
4(11746 11751 11888 11883)
4(11751 11756 11765 11888)
4(11765 11893 11898 11888)
4(11765 11760 11772 11893)
4(11772 11778 11788 11893)
4(11788 11903 11898 11893)
4(11788 11783 11798 11903)
4(11798 11908 11913 11903)
4(11798 11793 11803 11908)
4(11803 11808 11918 11908)
4(11808 11813 11923 11918)
4(11813 11818 11928 11923)
4(11818 11823 11933 11928)
4(11823 11828 11938 11933)
4(11828 11833 11838 11938)
4(11838 11843 11943 11938)
4(11843 11848 11948 11943)
4(11848 11853 11858 11948)
4(11858 11863 11953 11948)
4(11863 11868 11958 11953)
4(11868 11873 11963 11958)
4(11873 11878 11968 11963)
4(11878 11883 11973 11968)
4(11883 11888 11898 11973)
4(11898 11903 11913 11973)
4(11913 11978 11968 11973)
4(11913 11908 11918 11978)
4(11918 11923 11983 11978)
4(11923 11928 11988 11983)
4(11928 11933 11993 11988)
4(11933 11938 11943 11993)
4(11943 11948 11953 11993)
4(11953 11958 11988 11993)
4(11958 11963 11983 11988)
4(11963 11968 11978 11983)
5(9688 11996 9684 9681 9686)
4(9674 12000 12005 12010)
4(12010 12005 12015 12020)
4(12020 12015 12025 9670)
4(9635 12030 12035 9630)
4(9615 12040 12045 12050)
4(12050 12045 12054 12058)
4(12058 12054 12061 9610)
4(2356 12063 6168 4693)
4(6168 12065 8991 5922)
5(12065 12068 12071 8981 8991)
4(12071 12068 12075 9067)
5(9077 12080 12084 8948 8971)
4(12084 9061 8951 8948)
4(9063 4609 4366 8937)
4(2301 12086 12088 4573)
4(4573 12088 12090 2291)
4(4513 6178 12092 2260)
4(2259 12094 6180 4509)
4(2258 4510 12096 4508)
4(12098 4506 9169 8443)
4(4506 12098 4507 2257)
4(6159 12100 12102 9688)
4(9688 12102 12105 11996)
4(11996 12105 12109 12000)
4(12000 12109 12114 12005)
4(12005 12114 12119 12015)
4(12015 12119 12124 12025)
4(12025 12124 12129 12134)
4(12134 12129 12139 12144)
4(12144 12139 12149 12030)
4(12030 12149 12154 12035)
4(12035 12154 12159 12040)
4(12040 12159 12164 12045)
4(12045 12164 12168 12054)
4(12054 12168 12171 12061)
4(12061 12171 12174 9602)
4(9602 12174 12177 9604)
4(9604 12177 12179 12063)
4(12063 12179 12065 6168)
4(12065 12179 12182 12068)
4(12068 12182 12186 12075)
4(12075 12186 12191 12196)
4(12196 12191 12201 12080)
4(12080 12201 12205 12084)
4(12084 12205 12208 9061)
4(9061 12208 12210 9063)
4(9063 12210 12212 4609)
4(4609 12212 12214 6173)
4(6173 12214 12216 12086)
4(12086 12216 12219 12088)
4(12088 12219 12222 12090)
4(12090 12222 12225 12227)
4(12227 12225 12229 12231)
4(12231 12229 12233 6176)
4(6176 12233 12235 4533)
4(4533 12235 4516 6177)
4(4516 12235 12237 6178)
4(6178 12237 12239 12092)
4(12092 12239 12241 12243)
4(12243 12241 12245 12094)
4(12094 12245 12247 6180)
4(6180 12247 12249 4510)
4(4510 12249 12251 12096)
5(12254 12256 12098 8443 7339)
4(12098 12256 12258 4507)
4(4507 12258 12260 6183)
4(6183 12260 12262 4505)
4(4505 12262 12264 6184)
4(6184 12264 12266 4503)
4(4503 12266 3138 6185)
4(1593 3165 12268 12100)
4(12100 12268 12271 12102)
4(12102 12271 12274 12105)
4(12105 12274 12278 12109)
4(12109 12278 12283 12114)
4(12114 12283 12288 12119)
4(12119 12288 12293 12124)
4(12124 12293 12298 12129)
4(12129 12298 12303 12139)
4(12139 12303 12308 12149)
4(12149 12308 12313 12154)
4(12154 12313 12318 12159)
4(12159 12318 12323 12164)
4(12164 12323 12327 12168)
4(12168 12327 12331 12171)
4(12171 12331 12335 12174)
4(12174 12335 12338 12177)
4(12177 12338 12182 12179)
4(12182 12338 12342 12186)
4(12186 12342 12347 12191)
4(12191 12347 12352 12201)
4(12201 12352 12356 12205)
4(12205 12356 12359 12208)
4(12208 12359 12362 12210)
4(12210 12362 12365 12212)
4(12212 12365 12368 12214)
4(12214 12368 12371 12216)
4(12216 12371 12374 12219)
4(12219 12374 12377 12222)
4(12222 12377 12380 12225)
4(12225 12380 12383 12229)
4(12229 12383 12386 12233)
4(12233 12386 12237 12235)
4(12237 12386 12389 12239)
4(12239 12389 12392 12241)
4(12241 12392 12395 12245)
4(12245 12395 12398 12247)
4(12247 12398 12401 12249)
4(12249 12401 12404 12251)
4(12251 12404 12407 12410)
5(12410 12407 12413 7336 12416)
5(12413 12419 12254 7339 7336)
4(12254 12419 12422 12256)
4(12256 12422 12425 12258)
4(12258 12425 12428 12260)
4(12260 12428 12431 12262)
4(12262 12431 12434 12264)
4(12264 12434 12436 12266)
4(12266 12436 6211 3138)
4(1572 3161 12438 12440)
4(12268 12440 12443 12271)
4(12271 12443 12446 12274)
4(12274 12446 12450 12278)
4(12278 12450 12455 12283)
4(12283 12455 12460 12288)
4(12288 12460 12465 12293)
4(12293 12465 12470 12298)
4(12298 12470 12475 12303)
4(12303 12475 12480 12308)
4(12308 12480 12485 12313)
4(12313 12485 12490 12318)
4(12318 12490 12495 12323)
4(12323 12495 12500 12327)
4(12327 12500 12505 12331)
4(12331 12505 12509 12335)
4(12335 12509 12342 12338)
4(12342 12509 12514 12347)
4(12347 12514 12519 12352)
4(12352 12519 12523 12356)
4(12356 12523 12527 12359)
4(12359 12527 12531 12362)
4(12362 12531 12535 12365)
4(12365 12535 12539 12368)
4(12368 12539 12543 12371)
4(12371 12543 12547 12374)
4(12374 12547 12551 12377)
4(12377 12551 12555 12380)
4(12380 12555 12559 12383)
4(12383 12559 12389 12386)
4(12389 12559 12563 12392)
4(12392 12563 12567 12395)
4(12395 12567 12571 12398)
4(12398 12571 12575 12401)
4(12401 12575 12579 12404)
4(12404 12579 12583 12407)
4(12407 12583 12587 12413)
4(12413 12587 12591 12419)
4(12419 12591 12595 12422)
4(12422 12595 12599 12425)
4(12425 12599 12603 12428)
4(12428 12603 12607 12431)
4(12431 12607 12610 12434)
4(12434 12610 12612 12436)
4(12436 12612 3142 6211)
4(1551 3157 6236 12614)
4(1551 12614 12438 3161)
4(12438 12614 12616 12619)
4(12438 12619 12443 12440)
4(12443 12619 12622 12446)
4(12446 12622 12626 12450)
4(12450 12626 12631 12455)
4(12455 12631 12636 12460)
4(12460 12636 12641 12465)
4(12465 12641 12646 12470)
4(12470 12646 12651 12475)
4(12475 12651 12656 12480)
4(12480 12656 12661 12485)
4(12485 12661 12666 12490)
4(12490 12666 12671 12495)
4(12495 12671 12676 12500)
4(12500 12676 12681 12505)
4(12505 12681 12514 12509)
4(12514 12681 12686 12519)
4(12519 12686 12691 12523)
4(12523 12691 12696 12527)
4(12527 12696 12701 12531)
4(12531 12701 12706 12535)
4(12535 12706 12711 12539)
4(12539 12711 12716 12543)
4(12543 12716 12721 12547)
4(12547 12721 12726 12551)
4(12551 12726 12731 12555)
4(12555 12731 12563 12559)
4(12563 12731 12736 12567)
4(12567 12736 12741 12571)
4(12571 12741 12746 12575)
4(12575 12746 12751 12579)
4(12579 12751 12756 12583)
4(12583 12756 12761 12587)
4(12587 12761 12766 12591)
4(12591 12766 12771 12595)
4(12595 12771 12776 12599)
4(12599 12776 12781 12603)
4(12603 12781 12785 12607)
4(12607 12785 12788 12610)
4(12610 12788 12790 12612)
4(12612 12790 6233 3142)
4(6233 12790 12792 12794)
4(1530 3153 12796 3158)
4(6236 3158 12798 12800)
4(6236 12800 12616 12614)
4(12616 12800 12803 12806)
4(12616 12806 12622 12619)
4(12622 12806 12810 12626)
4(12626 12810 12815 12631)
4(12631 12815 12820 12636)
4(12636 12820 12825 12641)
4(12641 12825 12830 12646)
4(12646 12830 12835 12651)
4(12651 12835 12840 12656)
4(12656 12840 12845 12661)
4(12661 12845 12850 12666)
4(12666 12850 12855 12671)
4(12671 12855 12860 12676)
4(12676 12860 12686 12681)
4(12686 12860 12865 12691)
4(12691 12865 12870 12696)
4(12696 12870 12875 12701)
4(12701 12875 12880 12706)
4(12706 12880 12885 12711)
4(12711 12885 12890 12716)
4(12716 12890 12895 12721)
4(12721 12895 12900 12726)
4(12726 12900 12736 12731)
4(12736 12900 12905 12741)
4(12741 12905 12910 12746)
4(12746 12910 12915 12751)
4(12751 12915 12920 12756)
4(12756 12920 12925 12761)
4(12761 12925 12930 12766)
4(12766 12930 12935 12771)
4(12771 12935 12940 12776)
4(12776 12940 12945 12781)
4(12781 12945 12949 12785)
4(12785 12949 12952 12788)
4(12788 12952 12792 12790)
4(12792 12952 12955 12958)
4(12792 12958 12960 12794)
4(12960 12958 12963 12965)
4(12960 12965 1488 3145)
4(1488 12965 12967 3149)
4(1509 3149 12967 12969)
4(12796 12969 12972 12974)
4(12796 12974 12798 3158)
4(12798 12974 12977 12980)
4(12798 12980 12803 12800)
4(12803 12980 12984 12988)
4(12803 12988 12810 12806)
4(12810 12988 12993 12815)
4(12815 12993 12998 12820)
4(12820 12998 13003 12825)
4(12825 13003 13008 12830)
4(12830 13008 13013 12835)
4(12835 13013 13018 12840)
4(12840 13018 13023 12845)
4(12845 13023 13028 12850)
4(12850 13028 13033 12855)
4(12855 13033 12865 12860)
4(12865 13033 13038 12870)
4(12870 13038 13043 12875)
4(12875 13043 13048 12880)
4(12880 13048 13053 12885)
4(12885 13053 13058 12890)
4(12890 13058 13063 12895)
4(12895 13063 12905 12900)
4(12905 13063 13068 12910)
4(12910 13068 13073 12915)
4(12915 13073 13078 12920)
4(12920 13078 13083 12925)
4(12925 13083 13088 12930)
4(12930 13088 13093 12935)
4(12935 13093 13098 12940)
4(12940 13098 13103 12945)
4(12945 13103 13107 12949)
4(12949 13107 12955 12952)
4(12955 13107 13111 13115)
4(12955 13115 12963 12958)
4(12963 13115 13119 13122)
4(12963 13122 12967 12965)
4(12967 13122 12972 12969)
4(12972 13122 13119 13125)
4(12972 13125 12977 12974)
4(12977 13125 13129 13133)
4(12977 13133 12984 12980)
4(12984 13133 13138 13143)
4(12984 13143 12993 12988)
4(12993 13143 13148 12998)
4(12998 13148 13153 13003)
4(13003 13153 13158 13008)
4(13008 13158 13163 13013)
4(13013 13163 13168 13018)
4(13018 13168 13173 13023)
4(13023 13173 13178 13028)
4(13028 13178 13038 13033)
4(13038 13178 13183 13043)
4(13043 13183 13188 13048)
4(13048 13188 13193 13053)
4(13053 13193 13198 13058)
4(13058 13198 13068 13063)
4(13068 13198 13203 13073)
4(13073 13203 13208 13078)
4(13078 13208 13213 13083)
4(13083 13213 13218 13088)
4(13088 13218 13223 13093)
4(13093 13223 13228 13098)
4(13098 13228 13233 13103)
4(13103 13233 13111 13107)
4(13111 13233 13238 13242)
4(13111 13242 13119 13115)
4(13119 13242 13129 13125)
4(13129 13242 13238 13247)
4(13129 13247 13138 13133)
4(13138 13247 13252 13257)
4(13138 13257 13148 13143)
4(13148 13257 13262 13153)
4(13153 13262 13267 13158)
4(13158 13267 13272 13163)
4(13163 13272 13277 13168)
4(13168 13277 13282 13173)
4(13173 13282 13183 13178)
4(13183 13282 13287 13188)
4(13188 13287 13292 13193)
4(13193 13292 13203 13198)
4(13203 13292 13297 13208)
4(13208 13297 13302 13213)
4(13213 13302 13307 13218)
4(13218 13307 13312 13223)
4(13223 13312 13317 13228)
4(13228 13317 13238 13233)
4(13238 13317 13252 13247)
4(13252 13317 13312 13322)
4(13252 13322 13262 13257)
4(13262 13322 13327 13267)
4(13267 13327 13332 13272)
4(13272 13332 13337 13277)
4(13277 13337 13287 13282)
4(13287 13337 13297 13292)
4(13297 13337 13332 13302)
4(13302 13332 13327 13307)
4(13307 13327 13322 13312)
4(13342 7396 7391 7406)
4(7382 7431 7427 7386)
4(7419 7455 7451 7423)
4(7443 7479 7475 7447)
4(7467 7503 7499 7471)
4(7491 7527 7523 7495)
4(7515 7553 7549 7519)
4(7540 7582 7577 7545)
4(7567 7612 7607 7572)
4(7597 7642 7637 7602)
4(7401 7411 7661 7671)
4(8391 8398 9202 8393)
4(7415 7435 7686 7656)
4(7439 7459 7697 7683)
4(7463 7483 7707 7694)
4(7487 7507 7717 7704)
4(7511 7531 7727 7714)
4(7535 7557 7741 7724)
4(7562 7587 7760 7737)
4(7592 7617 7780 7755)
4(7622 7647 7800 7775)
4(7666 7676 7819 7829)
4(7680 7689 7843 7814)
4(7691 7699 4783 7840)
4(7701 7709 4784 2903)
4(7711 7719 6467 2908)
4(7721 7729 7855 2914)
4(7732 7745 7869 7853)
4(7750 7765 7888 7865)
4(7770 7785 7908 7883)
4(7790 7805 7928 7903)
4(7824 7834 7947 7957)
4(8412 8417 8430 9520)
4(7838 7846 7971 7942)
4(7848 7850 7978 7968)
4(13344 13346 7978 7850)
4(5338 2596 13348 13350)
4(817 7857 7985 2973)
4(7860 7873 7999 7983)
4(7878 7893 8018 7995)
4(7898 7913 8038 8013)
4(7918 7933 8058 8033)
4(7952 7962 8077 8087)
4(7966 7974 8101 8072)
4(7976 7980 4851 8098)
4(13352 2631 4851 7980)
4(5448 6270 5561 13354)
4(1048 7987 8123 3037)
4(7990 8003 8137 8121)
4(8008 8023 8156 8133)
4(8028 8043 8176 8151)
4(8048 8063 8196 8171)
4(8082 8092 8215 8225)
4(8096 8104 8240 8210)
4(8106 8108 8254 8237)
4(8110 8112 8268 8251)
4(8114 8116 8282 8265)
4(8118 8125 8296 8279)
4(8128 8141 8313 8293)
4(8146 8161 8332 8309)
4(8166 8181 8352 8327)
4(8186 8201 8372 8347)
4(9181 13356 9083 9081)
4(6905 6857 9083 13356)
4(6905 6913 6860 6857)
4(6931 6886 6860 6913)
4(11425 6894 6890 13359)
4(6931 6941 6890 6886)
4(6944 13359 6890 6941)
4(6654 11427 13361 6896)
4(6944 6953 13361 13359)
4(6956 6896 13361 6953)
4(6662 6716 6898 13363)
4(6956 6965 6898 6896)
4(6968 13363 6898 6965)
4(6667 6720 13365 13367)
4(6968 6977 13365 13363)
4(6980 13367 13365 6977)
4(6675 6724 13369 13371)
4(6980 6990 13369 13367)
4(6993 13371 13369 6990)
4(6683 6726 13373 6900)
4(6993 7004 13373 13371)
4(7007 6900 13373 7004)
4(6692 6732 6902 13375)
4(7007 7017 6902 6900)
4(7019 13375 6902 7017)
4(7019 7026 6681 13375)
4(460 2816 6681 7026)
4(6905 13356 13377 6907)
5(6787 13377 9185 9183 2886)
4(7028 6907 13377 6787)
4(6931 6913 6910 6934)
4(7028 7034 6910 6907)
4(7054 6934 6910 7034)
4(6944 6941 6937 6947)
4(7054 7058 6937 6934)
4(7060 6947 6937 7058)
4(6956 6953 6950 6959)
4(7060 7062 6950 6947)
4(7064 6959 6950 7062)
4(6968 6965 6962 6971)
4(7064 7066 6962 6959)
4(7068 6971 6962 7066)
4(6980 6977 6974 6983)
4(7068 7072 6974 6971)
4(7075 6983 6974 7072)
4(6993 6990 6987 6997)
4(7075 7086 6987 6983)
4(7091 6997 6987 7086)
4(7007 7004 7001 7011)
4(7091 7106 7001 6997)
4(7110 7011 7001 7106)
4(7019 7017 7014 7022)
4(7110 7123 7014 7011)
4(7126 7022 7014 7123)
4(7126 7133 7024 7022)
4(7028 6787 6698 7030)
4(7135 7030 6698 6821)
4(7054 7034 7032 7056)
4(7135 7141 7032 7030)
4(7163 7056 7032 7141)
4(7060 7058 4783 2903)
4(7075 7072 7070 7078)
4(817 7169 7070 2914)
4(7172 7078 7070 7169)
4(7091 7086 7082 7096)
4(7172 7183 7082 7078)
4(7188 7096 7082 7183)
4(7110 7106 7101 7115)
4(7188 7203 7101 7096)
4(7208 7115 7101 7203)
4(7126 7123 7119 7129)
4(7208 7221 7119 7115)
4(7224 7129 7119 7221)
4(7224 7231 7131 7129)
4(7135 6821 6721 7137)
4(7233 7137 6721 6843)
4(7163 7141 7139 7165)
4(7233 7239 7139 7137)
4(7257 7165 7139 7239)
4(7172 7169 7167 7175)
4(1048 7263 7167 2973)
4(7266 7175 7167 7263)
4(7188 7183 7179 7193)
4(7266 7276 7179 7175)
4(7280 7193 7179 7276)
4(7208 7203 7198 7213)
4(7280 7290 7198 7193)
4(7294 7213 7198 7290)
4(7224 7221 7217 7227)
4(7294 7304 7217 7213)
4(7307 7227 7217 7304)
4(922 7231 7229 3001)
4(7307 7314 7229 7227)
4(7233 6843 6744 7235)
4(7325 7235 6744 6612)
4(7257 7239 7237 7259)
4(7325 7327 7237 7235)
4(7341 7259 7237 7327)
4(7341 6619 4851 7259)
4(7343 3037 4859 6626)
4(7266 7263 7261 7269)
4(7343 7349 7261 3037)
4(7351 7269 7261 7349)
4(7280 7276 7272 7283)
4(7351 7353 7272 7269)
4(7355 7283 7272 7353)
4(7294 7290 7286 7297)
4(7355 7362 7286 7283)
4(7365 7297 7286 7362)
4(7307 7304 7300 7310)
4(7365 7372 7300 7297)
4(7374 7310 7300 7372)
4(7374 7378 7312 7310)
4(7325 6612 6768 6616)
4(7341 7327 6770 6620)
4(7343 6626 6778 7345)
4(7351 7349 7347 6636)
4(1509 3153 7347 7345)
4(7355 7353 6782 7357)
4(7365 7362 7359 7367)
4(7374 7372 7369 7376)
4(1572 3165 7369 7367)
4(1384 7378 6788 3129)
4(1593 3169 6788 7376)
4(9211 9091 9089 9119)
4(6916 6869 6866 6919)
4(13380 10849 9091 9211)
4(13380 6919 6866 10849)
4(13380 9211 9208 13384)
4(13380 13384 6923 6919)
4(9424 9208 9205 9308)
4(7038 6927 6923 7042)
4(13388 13384 9208 9424)
4(13388 7042 6923 13384)
4(13388 9424 9420 13393)
4(13388 13393 7047 7042)
4(7146 7052 7047 7151)
4(13398 13393 9420 9530)
4(13398 7151 7047 13393)
4(13344 7850 4783 2559)
4(13344 2559 5333 13350)
4(5338 13350 5333 2560)
4(7711 2908 4784 7709)
4(13398 9530 9479 13403)
4(13398 13403 7156 7151)
4(7243 7161 7156 7247)
4(13407 13403 9479 9367)
4(13407 7247 7156 13403)
4(13352 7980 7978 13346)
4(13348 13346 13344 13350)
4(13352 13346 13348 13354)
4(5448 13354 13348 2596)
4(13407 9367 9363 13411)
4(13407 13411 7251 7247)
4(7319 9363 9265 7321)
4(7330 7255 7251 7333)
4(13414 13411 9363 7319)
4(13414 7333 7251 13411)
4(5561 2631 13352 13354)
4(13414 7319 7316 12416)
4(13414 12416 7336 7333)
4(7316 7323 4508 12096)
5(12410 12416 7316 12096 12251)
4(7068 7066 6467 2914)
4(2291 8925 8923 4573)
4(2301 4573 8923 8931)
4(1509 7345 6778 3149)
4(4592 6173 12086 2301)
4(1509 12969 12796 3153)
4(1530 6636 7347 3153)
4(1551 7357 6782 3157)
4(1551 3161 7359 7357)
4(1572 7367 7359 3161)
4(9072 12196 12080 9077)
4(9067 12075 12196 9072)
4(1572 12440 12268 3165)
4(1593 7376 7369 3165)
4(9067 8985 8981 12071)
4(6007 9966 1384 3129)
4(3169 1593 12100 6159)
4(9684 11996 12000 9674)
4(12010 9955 9678 9674)
4(12020 9945 9955 12010)
4(9670 9665 9945 12020)
4(9670 12025 12134 9660)
4(9660 12134 12144 9650)
4(9650 12144 12030 9635)
4(9630 9625 9640 9635)
4(9630 12035 12040 9615)
4(12050 9905 9620 9615)
4(12058 9895 9905 12050)
4(9610 9607 9895 12058)
4(9610 12061 9602 9600)
4(4692 9604 12063 2356)
4(2254 4501 5922 8989)
4(4693 5998 9594 2356)
4(1616 3178 8395 3180)
4(1618 3185 9125 9095)
4(1619 3188 5931 9129)
4(10864 6854 6863 11035)
4(6882 6894 11416 11225)
4(11425 13359 13361 11427)
4(6654 6716 11774 11605)
4(6662 13363 13365 6720)
4(6667 13367 13369 6724)
4(6675 13371 13373 6726)
4(6683 6732 10869 11040)
4(6692 13375 6681 6736)
4(9181 9185 13377 13356)
4(6854 9085 9083 6857)
4(9081 9079 9107 9181)
4(1614 2759 9087 3173)
4(1617 3181 9093 3183)
4(1618 3182 6071 10704)
4(3185 1619 9129 9125)
4(6882 6863 6860 6886)
4(1640 3222 6067 10698)
4(11416 6894 11425 11419)
4(1640 3251 8995 8993)
4(1650 8997 8995 3251)
4(11429 11427 6654 11605)
4(1650 3280 8999 8997)
4(1660 8447 8999 3280)
4(6662 11612 11774 6716)
4(3309 1660 10692 10811)
4(1670 3309 10811 10806)
4(6667 11433 11610 6720)
4(3338 1670 10806 10688)
4(1680 9001 8449 3338)
4(6675 11229 11431 6724)
4(1680 3367 9005 9001)
4(1690 3367 10686 10682)
4(6683 11040 11227 6726)
4(1690 3396 9007 9003)
4(6692 10706 10869 6732)
4(2816 460 9690 5984)
4(10509 9700 9708 10516)
4(10516 9708 9718 10525)
4(10525 9718 9728 10535)
4(10535 9728 9738 10545)
4(10545 9738 9748 10555)
4(10555 9748 9758 10565)
4(10565 9758 9768 10575)
4(10585 9778 9788 10595)
4(10595 9788 9798 10605)
4(10605 9798 9808 10615)
4(10615 9808 9818 10625)
4(10625 9818 9828 10635)
4(10635 9828 9838 10645)
4(10645 9838 9848 10655)
4(10655 9848 9555 9550)
4(460 7026 7024 2879)
4(691 2879 7024 7133)
4(1833 3757 9141 3753)
4(3757 1940 9145 9141)
4(691 7133 7131 2942)
4(922 2942 7131 7231)
4(1940 3912 9097 9145)
4(2047 3912 8673 4065)
4(922 3001 10301 10303)
4(1153 3001 7229 7314)
4(1153 7314 7312 3065)
4(1384 3065 7312 7378)
4(4195 9590 9592 2254)
4(4506 2257 4204 9169)
4(2258 4508 7323 4210)
4(2259 4509 5940 9103)
4(4511 12243 12094 2259)
4(2260 12092 12243 4511)
4(4513 2260 9101 5938)
4(2281 12231 6176 4535)
4(6233 12794 1467 3141)
4(4554 12227 12231 2281)
4(2291 12090 12227 4554)
4(1467 12794 12960 3145)
)


// ************************************************************************* //
