/*--------------------------------*- C++ -*----------------------------------*\
  =========                 |
  \\      /  F ield         | OpenFOAM: The Open Source CFD Toolbox
   \\    /   O peration     | Website:  https://openfoam.org
    \\  /    A nd           | Version:  13
     \\/     M anipulation  |
\*---------------------------------------------------------------------------*/
FoamFile
{
    format      ascii;
    class       labelList;
    note        "nPoints:13003  nCells:10500  nFaces:33883  nInternalFaces:30770";
    location    "constant/polyMesh";
    object      neighbour;
}
// * * * * * * * * * * * * * * * * * * * * * * * * * * * * * * * * * * * * * //


30770
(
1
20
200
2
21
201
3
22
202
4
23
203
5
24
204
6
25
205
7
26
206
8
27
207
9
28
208
10
29
209
11
30
210
12
31
211
13
32
212
14
33
213
15
34
214
16
35
215
17
36
216
18
37
217
19
38
218
1795
1797
1799
1794
1795
1797
21
40
220
22
41
221
23
42
222
24
43
223
25
44
224
26
45
225
27
46
226
28
47
227
29
48
228
30
49
229
31
50
230
32
51
231
33
52
232
34
53
233
35
54
234
36
55
235
37
56
236
38
57
237
39
58
238
1802
1804
1806
1795
1801
1802
1804
41
60
240
42
61
241
43
62
242
44
63
243
45
64
244
46
65
245
47
66
246
48
67
247
49
68
248
50
69
249
51
70
250
52
71
251
53
72
252
54
73
253
55
74
254
56
75
255
57
76
256
58
77
257
59
78
258
1809
1811
1813
1802
1808
1809
1811
61
80
260
62
81
261
63
82
262
64
83
263
65
84
264
66
85
265
67
86
266
68
87
267
69
88
268
70
89
269
71
90
270
72
91
271
73
92
272
74
93
273
75
94
274
76
95
275
77
96
276
78
97
277
79
98
278
1816
1818
1820
1809
1815
1816
1818
81
100
280
82
101
281
83
102
282
84
103
283
85
104
284
86
105
285
87
106
286
88
107
287
89
108
288
90
109
289
91
110
290
92
111
291
93
112
292
94
113
293
95
114
294
96
115
295
97
116
296
98
117
297
99
118
298
1823
1825
1827
1816
1822
1823
1825
101
120
300
102
121
301
103
122
302
104
123
303
105
124
304
106
125
305
107
126
306
108
127
307
109
128
308
110
129
309
111
130
310
112
131
311
113
132
312
114
133
313
115
134
314
116
135
315
117
136
316
118
137
317
119
138
318
1830
1832
1834
1823
1829
1830
1832
121
140
320
122
141
321
123
142
322
124
143
323
125
144
324
126
145
325
127
146
326
128
147
327
129
148
328
130
149
329
131
150
330
132
151
331
133
152
332
134
153
333
135
154
334
136
155
335
137
156
336
138
157
337
139
158
338
1837
1839
1841
1830
1836
1837
1839
141
160
340
142
161
341
143
162
342
144
163
343
145
164
344
146
165
345
147
166
346
148
167
347
149
168
348
150
169
349
151
170
350
152
171
351
153
172
352
154
173
353
155
174
354
156
175
355
157
176
356
158
177
357
159
178
358
1844
1846
1848
1837
1843
1844
1846
161
180
360
162
181
361
163
182
362
164
183
363
165
184
364
166
185
365
167
186
366
168
187
367
169
188
368
170
189
369
171
190
370
172
191
371
173
192
372
174
193
373
175
194
374
176
195
375
177
196
376
178
197
377
179
198
378
1851
1853
1855
1844
1850
1851
1853
181
380
182
381
183
382
184
383
185
384
186
385
187
386
188
387
189
388
190
389
191
390
192
391
193
392
194
393
195
394
196
395
197
396
198
397
199
398
1858
1860
1862
1851
1857
1858
1860
201
220
400
202
221
401
203
222
402
204
223
403
205
224
404
206
225
405
207
226
406
208
227
407
209
228
408
210
229
409
211
230
410
212
231
411
213
232
412
214
233
413
215
234
414
216
235
415
217
236
416
218
237
417
219
238
418
1865
1867
1869
1797
1864
1865
1867
221
240
420
222
241
421
223
242
422
224
243
423
225
244
424
226
245
425
227
246
426
228
247
427
229
248
428
230
249
429
231
250
430
232
251
431
233
252
432
234
253
433
235
254
434
236
255
435
237
256
436
238
257
437
239
258
438
1872
1874
1876
1804
1865
1871
1872
1874
241
260
440
242
261
441
243
262
442
244
263
443
245
264
444
246
265
445
247
266
446
248
267
447
249
268
448
250
269
449
251
270
450
252
271
451
253
272
452
254
273
453
255
274
454
256
275
455
257
276
456
258
277
457
259
278
458
1879
1881
1883
1811
1872
1878
1879
1881
261
280
460
262
281
461
263
282
462
264
283
463
265
284
464
266
285
465
267
286
466
268
287
467
269
288
468
270
289
469
271
290
470
272
291
471
273
292
472
274
293
473
275
294
474
276
295
475
277
296
476
278
297
477
279
298
478
1886
1888
1890
1818
1879
1885
1886
1888
281
300
480
282
301
481
283
302
482
284
303
483
285
304
484
286
305
485
287
306
486
288
307
487
289
308
488
290
309
489
291
310
490
292
311
491
293
312
492
294
313
493
295
314
494
296
315
495
297
316
496
298
317
497
299
318
498
1893
1895
1897
1825
1886
1892
1893
1895
301
320
500
302
321
501
303
322
502
304
323
503
305
324
504
306
325
505
307
326
506
308
327
507
309
328
508
310
329
509
311
330
510
312
331
511
313
332
512
314
333
513
315
334
514
316
335
515
317
336
516
318
337
517
319
338
518
1900
1902
1904
1832
1893
1899
1900
1902
321
340
520
322
341
521
323
342
522
324
343
523
325
344
524
326
345
525
327
346
526
328
347
527
329
348
528
330
349
529
331
350
530
332
351
531
333
352
532
334
353
533
335
354
534
336
355
535
337
356
536
338
357
537
339
358
538
1907
1909
1911
1839
1900
1906
1907
1909
341
360
540
342
361
541
343
362
542
344
363
543
345
364
544
346
365
545
347
366
546
348
367
547
349
368
548
350
369
549
351
370
550
352
371
551
353
372
552
354
373
553
355
374
554
356
375
555
357
376
556
358
377
557
359
378
558
1914
1916
1918
1846
1907
1913
1914
1916
361
380
560
362
381
561
363
382
562
364
383
563
365
384
564
366
385
565
367
386
566
368
387
567
369
388
568
370
389
569
371
390
570
372
391
571
373
392
572
374
393
573
375
394
574
376
395
575
377
396
576
378
397
577
379
398
578
1921
1923
1925
1853
1914
1920
1921
1923
381
580
382
581
383
582
384
583
385
584
386
585
387
586
388
587
389
588
390
589
391
590
392
591
393
592
394
593
395
594
396
595
397
596
398
597
399
598
1928
1930
1932
1860
1921
1927
1928
1930
401
420
600
402
421
601
403
422
602
404
423
603
405
424
604
406
425
605
407
426
606
408
427
607
409
428
608
410
429
609
411
430
610
412
431
611
413
432
612
414
433
613
415
434
614
416
435
615
417
436
616
418
437
617
419
438
618
1935
1937
1939
1867
1934
1935
1937
421
440
620
422
441
621
423
442
622
424
443
623
425
444
624
426
445
625
427
446
626
428
447
627
429
448
628
430
449
629
431
450
630
432
451
631
433
452
632
434
453
633
435
454
634
436
455
635
437
456
636
438
457
637
439
458
638
1942
1944
1946
1874
1935
1941
1942
1944
441
460
640
442
461
641
443
462
642
444
463
643
445
464
644
446
465
645
447
466
646
448
467
647
449
468
648
450
469
649
451
470
650
452
471
651
453
472
652
454
473
653
455
474
654
456
475
655
457
476
656
458
477
657
459
478
658
1949
1951
1953
1881
1942
1948
1949
1951
461
480
660
462
481
661
463
482
662
464
483
663
465
484
664
466
485
665
467
486
666
468
487
667
469
488
668
470
489
669
471
490
670
472
491
671
473
492
672
474
493
673
475
494
674
476
495
675
477
496
676
478
497
677
479
498
678
4553
4555
4557
1888
1949
4552
4553
4555
481
500
680
482
501
681
483
502
682
484
503
683
485
504
684
486
505
685
487
506
686
488
507
687
489
508
688
490
509
689
491
510
690
492
511
691
493
512
692
494
513
693
495
514
694
496
515
695
497
516
696
498
517
697
499
518
698
4588
4590
4592
1895
4553
4587
4588
4590
501
520
700
502
521
701
503
522
702
504
523
703
505
524
704
506
525
705
507
526
706
508
527
707
509
528
708
510
529
709
511
530
710
512
531
711
513
532
712
514
533
713
515
534
714
516
535
715
517
536
716
518
537
717
519
538
718
1956
1958
1960
1902
1955
1956
1958
4588
521
540
720
522
541
721
523
542
722
524
543
723
525
544
724
526
545
725
527
546
726
528
547
727
529
548
728
530
549
729
531
550
730
532
551
731
533
552
732
534
553
733
535
554
734
536
555
735
537
556
736
538
557
737
539
558
738
1963
1965
1967
1909
1956
1962
1963
1965
541
560
740
542
561
741
543
562
742
544
563
743
545
564
744
546
565
745
547
566
746
548
567
747
549
568
748
550
569
749
551
570
750
552
571
751
553
572
752
554
573
753
555
574
754
556
575
755
557
576
756
558
577
757
559
578
758
1970
1972
1974
1916
1963
1969
1970
1972
561
580
760
562
581
761
563
582
762
564
583
763
565
584
764
566
585
765
567
586
766
568
587
767
569
588
768
570
589
769
571
590
770
572
591
771
573
592
772
574
593
773
575
594
774
576
595
775
577
596
776
578
597
777
579
598
778
1977
1979
1981
1923
1970
1976
1977
1979
581
780
582
781
583
782
584
783
585
784
586
785
587
786
588
787
589
788
590
789
591
790
592
791
593
792
594
793
595
794
596
795
597
796
598
797
599
798
1984
1986
1988
1930
1977
1983
1984
1986
601
620
800
602
621
801
603
622
802
604
623
803
605
624
804
606
625
805
607
626
806
608
627
807
609
628
808
610
629
809
611
630
810
612
631
811
613
632
812
614
633
813
615
634
814
616
635
815
617
636
816
618
637
817
619
638
818
1991
1993
1995
1937
1990
1991
1993
621
640
820
622
641
821
623
642
822
624
643
823
625
644
824
626
645
825
627
646
826
628
647
827
629
648
828
630
649
829
631
650
830
632
651
831
633
652
832
634
653
833
635
654
834
636
655
835
637
656
836
638
657
837
639
658
838
1998
2000
2002
1944
1991
1997
1998
2000
641
660
840
642
661
841
643
662
842
644
663
843
645
664
844
646
665
845
647
666
846
648
667
847
649
668
848
650
669
849
651
670
850
652
671
851
653
672
852
654
673
853
655
674
854
656
675
855
657
676
856
658
677
857
659
678
858
2005
2007
2009
1951
1998
2004
2005
2007
661
680
860
662
681
861
663
682
862
664
683
863
665
684
864
666
685
865
667
686
866
668
687
867
669
688
868
670
689
869
671
690
870
672
691
871
673
692
872
674
693
873
675
694
874
676
695
875
677
696
876
678
697
877
679
698
878
4595
4597
4599
2005
4555
4594
4595
4597
681
700
880
682
701
881
683
702
882
684
703
883
685
704
884
686
705
885
687
706
886
688
707
887
689
708
888
690
709
889
691
710
890
692
711
891
693
712
892
694
713
893
695
714
894
696
715
895
697
716
896
698
717
897
699
718
898
4602
4604
4606
4590
4595
4601
4602
4604
701
720
900
702
721
901
703
722
902
704
723
903
705
724
904
706
725
905
707
726
906
708
727
907
709
728
908
710
729
909
711
730
910
712
731
911
713
732
912
714
733
913
715
734
914
716
735
915
717
736
916
718
737
917
719
738
918
2012
2014
2016
1958
2011
2012
2014
4602
721
740
920
722
741
921
723
742
922
724
743
923
725
744
924
726
745
925
727
746
926
728
747
927
729
748
928
730
749
929
731
750
930
732
751
931
733
752
932
734
753
933
735
754
934
736
755
935
737
756
936
738
757
937
739
758
938
2019
2021
2023
1965
2012
2018
2019
2021
741
760
940
742
761
941
743
762
942
744
763
943
745
764
944
746
765
945
747
766
946
748
767
947
749
768
948
750
769
949
751
770
950
752
771
951
753
772
952
754
773
953
755
774
954
756
775
955
757
776
956
758
777
957
759
778
958
2026
2028
2030
1972
2019
2025
2026
2028
761
780
960
762
781
961
763
782
962
764
783
963
765
784
964
766
785
965
767
786
966
768
787
967
769
788
968
770
789
969
771
790
970
772
791
971
773
792
972
774
793
973
775
794
974
776
795
975
777
796
976
778
797
977
779
798
978
2033
2035
2037
1979
2026
2032
2033
2035
781
980
782
981
783
982
784
983
785
984
786
985
787
986
788
987
789
988
790
989
791
990
792
991
793
992
794
993
795
994
796
995
797
996
798
997
799
998
2040
2042
2044
1986
2033
2039
2040
2042
801
820
1000
802
821
1001
803
822
1002
804
823
1003
805
824
1004
806
825
1005
807
826
1006
808
827
1007
809
828
1008
810
829
1009
811
830
1010
812
831
1011
813
832
1012
814
833
1013
815
834
1014
816
835
1015
817
836
1016
818
837
1017
819
838
1018
2047
2049
2051
1993
2046
2047
2049
821
840
1020
822
841
1021
823
842
1022
824
843
1023
825
844
1024
826
845
1025
827
846
1026
828
847
1027
829
848
1028
830
849
1029
831
850
1030
832
851
1031
833
852
1032
834
853
1033
835
854
1034
836
855
1035
837
856
1036
838
857
1037
839
858
1038
2054
2056
2058
2000
2047
2053
2054
2056
841
860
1040
842
861
1041
843
862
1042
844
863
1043
845
864
1044
846
865
1045
847
866
1046
848
867
1047
849
868
1048
850
869
1049
851
870
1050
852
871
1051
853
872
1052
854
873
1053
855
874
1054
856
875
1055
857
876
1056
858
877
1057
859
878
1058
2061
2063
2065
2007
2054
2060
2061
2063
861
880
1060
862
881
1061
863
882
1062
864
883
1063
865
884
1064
866
885
1065
867
886
1066
868
887
1067
869
888
1068
870
889
1069
871
890
1070
872
891
1071
873
892
1072
874
893
1073
875
894
1074
876
895
1075
877
896
1076
878
897
1077
879
898
1078
2068
2070
2072
2061
2067
2068
2070
4597
881
900
1080
882
901
1081
883
902
1082
884
903
1083
885
904
1084
886
905
1085
887
906
1086
888
907
1087
889
908
1088
890
909
1089
891
910
1090
892
911
1091
893
912
1092
894
913
1093
895
914
1094
896
915
1095
897
916
1096
898
917
1097
899
918
1098
2075
2077
2079
2068
2074
2075
2077
4604
901
920
1100
902
921
1101
903
922
1102
904
923
1103
905
924
1104
906
925
1105
907
926
1106
908
927
1107
909
928
1108
910
929
1109
911
930
1110
912
931
1111
913
932
1112
914
933
1113
915
934
1114
916
935
1115
917
936
1116
918
937
1117
919
938
1118
2082
2084
2086
2014
2075
2081
2082
2084
921
940
1120
922
941
1121
923
942
1122
924
943
1123
925
944
1124
926
945
1125
927
946
1126
928
947
1127
929
948
1128
930
949
1129
931
950
1130
932
951
1131
933
952
1132
934
953
1133
935
954
1134
936
955
1135
937
956
1136
938
957
1137
939
958
1138
2089
2091
2093
2021
2082
2088
2089
2091
941
960
1140
942
961
1141
943
962
1142
944
963
1143
945
964
1144
946
965
1145
947
966
1146
948
967
1147
949
968
1148
950
969
1149
951
970
1150
952
971
1151
953
972
1152
954
973
1153
955
974
1154
956
975
1155
957
976
1156
958
977
1157
959
978
1158
2096
2098
2100
2028
2089
2095
2096
2098
961
980
1160
962
981
1161
963
982
1162
964
983
1163
965
984
1164
966
985
1165
967
986
1166
968
987
1167
969
988
1168
970
989
1169
971
990
1170
972
991
1171
973
992
1172
974
993
1173
975
994
1174
976
995
1175
977
996
1176
978
997
1177
979
998
1178
2103
2105
2107
2035
2096
2102
2103
2105
981
1180
982
1181
983
1182
984
1183
985
1184
986
1185
987
1186
988
1187
989
1188
990
1189
991
1190
992
1191
993
1192
994
1193
995
1194
996
1195
997
1196
998
1197
999
1198
2110
2112
2114
2042
2103
2109
2110
2112
1001
1020
1002
1021
1003
1022
1004
1023
1005
1024
1006
1025
1007
1026
1008
1027
1009
1028
1010
1029
1011
1030
1012
1031
1013
1032
1014
1033
1015
1034
1016
1035
1017
1036
1018
1037
1019
1038
2117
2119
2121
2049
2116
2117
2119
1021
1040
1022
1041
1023
1042
1024
1043
1025
1044
1026
1045
1027
1046
1028
1047
1029
1048
1030
1049
1031
1050
1032
1051
1033
1052
1034
1053
1035
1054
1036
1055
1037
1056
1038
1057
1039
1058
2124
2126
2128
2056
2117
2123
2124
2126
1041
1060
1042
1061
1043
1062
1044
1063
1045
1064
1046
1065
1047
1066
1048
1067
1049
1068
1050
1069
1051
1070
1052
1071
1053
1072
1054
1073
1055
1074
1056
1075
1057
1076
1058
1077
1059
1078
2131
2133
2135
2063
2124
2130
2131
2133
1061
1080
1062
1081
1063
1082
1064
1083
1065
1084
1066
1085
1067
1086
1068
1087
1069
1088
1070
1089
1071
1090
1072
1091
1073
1092
1074
1093
1075
1094
1076
1095
1077
1096
1078
1097
1079
1098
2138
2140
2142
2070
2131
2137
2138
2140
1081
1100
1082
1101
1083
1102
1084
1103
1085
1104
1086
1105
1087
1106
1088
1107
1089
1108
1090
1109
1091
1110
1092
1111
1093
1112
1094
1113
1095
1114
1096
1115
1097
1116
1098
1117
1099
1118
2145
2147
2149
2077
2138
2144
2145
2147
1101
1120
1102
1121
1103
1122
1104
1123
1105
1124
1106
1125
1107
1126
1108
1127
1109
1128
1110
1129
1111
1130
1112
1131
1113
1132
1114
1133
1115
1134
1116
1135
1117
1136
1118
1137
1119
1138
2152
2154
2156
2084
2145
2151
2152
2154
1121
1140
1122
1141
1123
1142
1124
1143
1125
1144
1126
1145
1127
1146
1128
1147
1129
1148
1130
1149
1131
1150
1132
1151
1133
1152
1134
1153
1135
1154
1136
1155
1137
1156
1138
1157
1139
1158
2159
2161
2163
2091
2152
2158
2159
2161
1141
1160
1142
1161
1143
1162
1144
1163
1145
1164
1146
1165
1147
1166
1148
1167
1149
1168
1150
1169
1151
1170
1152
1171
1153
1172
1154
1173
1155
1174
1156
1175
1157
1176
1158
1177
1159
1178
2166
2168
2170
2098
2159
2165
2166
2168
1161
1180
1162
1181
1163
1182
1164
1183
1165
1184
1166
1185
1167
1186
1168
1187
1169
1188
1170
1189
1171
1190
1172
1191
1173
1192
1174
1193
1175
1194
1176
1195
1177
1196
1178
1197
1179
1198
2173
2175
2177
2105
2166
2172
2173
2175
1181
1182
1183
1184
1185
1186
1187
1188
1189
1190
1191
1192
1193
1194
1195
1196
1197
1198
1199
2180
2182
2184
2112
2173
2179
2180
2182
2186
2187
2189
7279
2189
2193
2194
2196
2193
2200
2201
2203
2200
2207
2208
2210
6306
10375
2214
2215
2217
6322
2214
2221
2222
2224
2221
2228
2229
2231
6351
10376
2228
2235
2236
2238
6368
10377
2235
2242
2243
2245
2186
2249
2250
2252
4993
10378
2194
2252
2256
2257
2259
7314
2201
2256
2263
2264
2266
7349
2208
2263
2270
2271
2273
7385
2270
2277
2278
2280
7422
2215
2277
2284
2285
2287
7459
2222
2284
2291
2292
2294
7494
2229
2291
2298
2299
2301
7530
2236
2298
2305
2306
2308
7567
2243
2305
2312
2313
2315
7598
2249
2319
2320
2322
7280
10380
2257
2322
2326
2327
2329
7316
2264
2326
2333
2334
2336
7351
2271
2333
2340
2341
2343
7387
2278
2340
2347
2348
2350
7425
2285
2347
2354
2355
2357
7461
2292
2354
2361
2362
2364
7496
2299
2361
2368
2369
2371
7532
2306
2368
2375
2376
2378
7569
2313
2375
2382
2383
2385
7599
2319
2389
2390
2392
7284
10384
2327
2392
2396
2397
2399
7320
2334
2396
2403
2404
2406
7355
2341
2403
2410
2411
2413
7391
2348
2410
2417
2418
2420
7429
2355
2417
2424
2425
2427
7465
2362
2424
2431
2432
2434
7500
2369
2431
2438
2439
2441
7536
2376
2438
2445
2446
2448
7572
2383
2445
2452
2453
2455
7601
2389
2459
2460
2462
7289
10389
2397
2462
2466
2467
2469
7325
2404
2466
2473
2474
2476
7360
2411
2473
2480
2481
2483
7396
2418
2480
2487
2488
2490
7434
2425
2487
2494
2495
2497
7470
2432
2494
2501
2502
2504
7505
2439
2501
2508
2509
2511
7541
2446
2508
2515
2516
2518
7576
2453
2515
2522
2523
2525
7603
2459
2529
2530
2532
7294
10394
2467
2532
2536
2537
2539
7330
2474
2536
2543
2544
2546
7365
2481
2543
2550
2551
2553
7401
2488
2550
2557
2558
2560
7439
2495
2557
2564
2565
2567
7475
2502
2564
2571
2572
2574
7510
2509
2571
2578
2579
2581
7546
2516
2578
2585
2586
2588
7580
2523
2585
2592
2593
2595
7605
2529
2599
2600
2602
7299
10399
2537
2602
2606
2607
2609
7335
2544
2606
2613
2614
2616
7370
2551
2613
2620
2621
2623
7406
2558
2620
2627
2628
2630
7444
2565
2627
2634
2635
2637
7480
2572
2634
2641
2642
2644
7515
2579
2641
2648
2649
2651
7551
2586
2648
2655
2656
2658
7584
2593
2655
2662
2663
2665
7607
2599
2669
2670
2672
7304
10404
2607
2672
2676
2677
2679
7340
2614
2676
2683
2684
2686
7375
2621
2683
2690
2691
2693
7411
2628
2690
2697
2698
2700
7449
2635
2697
2704
2705
2707
7485
2642
2704
2711
2712
2714
7520
2649
2711
2718
2719
2721
7556
2656
2718
2725
2726
2728
7588
2663
2725
2732
2733
2735
7609
2669
2739
2740
2742
7309
10409
2677
2742
2746
2747
2749
7345
2684
2746
2753
2754
2756
7380
2691
2753
2760
2761
2763
7416
2698
2760
2767
2768
2770
7454
2705
2767
2774
2775
2777
7490
2712
2774
2781
2782
2784
7525
2719
2781
2788
2789
2791
7561
2726
2788
2795
2796
2798
7592
2733
2795
2802
2803
2805
7611
2739
2809
2810
2812
7312
10412
2747
2812
2816
2817
2819
7348
2754
2816
2823
2824
2826
7383
2761
2823
2830
2831
2833
7420
2768
2830
2837
2838
2840
7457
2775
2837
2844
2845
2847
7493
2782
2844
2851
2852
2854
7528
2789
2851
2858
2859
2861
7565
2796
2858
2865
2866
2868
7596
2803
2865
2872
2873
2875
7613
2187
2879
2880
2882
10414
2196
2882
2886
2887
2889
6283
2203
2886
2893
2894
2896
6292
2210
2893
2900
2901
2903
6307
2217
2907
2908
2910
6323
2224
2907
2914
2915
2917
6336
2231
2914
2921
2922
2924
6352
2238
2921
2928
2929
2931
6369
2245
2928
2935
2936
2938
6381
2250
2879
2942
2943
2945
4996
2259
2887
2945
4608
4609
4611
2266
2894
4608
4986
4987
4989
2273
2901
4615
4616
4618
4986
2280
2949
2950
2952
4615
4998
2287
2908
2949
4622
4623
4625
1315
1324
1413
2294
2295
2296
2297
2915
2916
2919
2920
4622
4624
4626
4628
1316
1325
1414
2301
2302
2303
2304
2922
2923
2926
2927
1317
1326
1415
2308
2309
2310
2311
2929
2930
2933
2934
2957
2959
2961
2315
2936
2956
2957
2959
2320
2942
2963
2964
2966
5001
2329
2966
4609
4629
4630
4632
2336
4629
4636
4637
4639
4987
2343
4616
4636
4979
4980
4982
2350
2950
4643
4644
4646
4979
1324
1333
1422
2357
2358
2359
2360
4623
4624
4627
4628
4643
4645
4647
4649
1325
1334
1423
2364
2365
2366
2367
1326
1335
1424
2371
2372
2373
2374
1327
1336
1425
2378
2379
2380
2381
2971
2973
2975
2385
2957
2970
2971
2973
2390
2963
2977
2978
2980
5004
2399
2980
4630
4650
4651
4653
1331
1340
1429
2406
2407
2408
2409
4637
4638
4641
4642
4650
4652
4654
4656
4741
4742
4743
1332
1341
1430
2413
2414
2415
2416
4980
4981
4984
4985
1333
1342
1431
2420
2421
2422
2423
4644
4645
4648
4649
1334
1343
1432
2427
2428
2429
2430
1335
1344
1433
2434
2435
2436
2437
1336
1345
1434
2441
2442
2443
2444
1337
1346
1435
2448
2449
2450
2451
2985
2987
2989
2455
2971
2984
2985
2987
2460
2977
2991
2992
2994
5007
2469
2994
4651
4657
4658
4660
1341
1350
1439
2476
2477
2478
2479
4657
4659
4661
4663
1342
1351
1440
2483
2484
2485
2486
1343
1352
1441
2490
2491
2492
2493
1344
1353
1442
2497
2498
2499
2500
1345
1354
1443
2504
2505
2506
2507
1346
1355
1444
2511
2512
2513
2514
1347
1356
1445
2518
2519
2520
2521
2999
3001
3003
2525
2985
2998
2999
3001
2530
2991
3005
3006
3008
5010
2539
3008
4658
4664
4665
4667
1351
1360
1449
2546
2547
2548
2549
4664
4666
4668
4670
1352
1361
1450
2553
2554
2555
2556
1353
1362
1451
2560
2561
2562
2563
1354
1363
1452
2567
2568
2569
2570
1355
1364
1453
2574
2575
2576
2577
1356
1365
1454
2581
2582
2583
2584
1357
1366
1455
2588
2589
2590
2591
3013
3015
3017
2595
2999
3012
3013
3015
2600
3005
3019
3020
3022
5013
2609
3022
4665
4671
4672
4674
1361
1370
1459
2616
2617
2618
2619
4671
4673
4675
4677
1362
1371
1460
2623
2624
2625
2626
1363
1372
1461
2630
2631
2632
2633
1364
1373
1462
2637
2638
2639
2640
1365
1374
1463
2644
2645
2646
2647
1366
1375
1464
2651
2652
2653
2654
1367
1376
1465
2658
2659
2660
2661
3027
3029
3031
2665
3013
3026
3027
3029
2670
3019
3033
3034
3036
5016
2679
3036
4672
4678
4679
4681
1371
1380
1469
2686
2687
2688
2689
4678
4680
4682
4684
1372
1381
1470
2693
2694
2695
2696
1373
1382
1471
2700
2701
2702
2703
1374
1383
1472
2707
2708
2709
2710
1375
1384
1473
2714
2715
2716
2717
1376
1385
1474
2721
2722
2723
2724
1377
1386
1475
2728
2729
2730
2731
4686
4688
4690
2735
3027
4685
4686
4688
2740
3033
3040
3041
3043
5021
2749
3043
4679
4692
4693
4695
1381
1390
1479
2756
2757
2758
2759
3061
3064
3065
4692
4694
4696
4698
1382
1391
1480
2763
2764
2765
2766
3068
3071
3072
1383
1392
1481
2770
2771
2772
2773
3075
3078
3079
1384
1393
1482
2777
2778
2779
2780
3082
3085
3086
1385
1394
1483
2784
2785
2786
2787
3089
3092
3093
1386
1395
1484
2791
2792
2793
2794
3096
3099
3100
1387
1396
1485
2798
2799
2800
2801
3103
3106
3107
1397
1486
2805
2806
2807
2808
3110
3113
3114
4686
4687
4690
4691
2810
3040
3047
3048
3050
5024
2819
3050
3054
3055
3057
4693
2826
3054
3061
3062
3064
2833
3061
3068
3069
3071
2840
3068
3075
3076
3078
2847
3075
3082
3083
3085
2854
3082
3089
3090
3092
2861
3089
3096
3097
3099
2868
3096
3103
3104
3106
2875
3103
3110
3111
3113
2880
3117
3118
3120
2889
3120
3124
3125
3127
6285
2896
3124
3131
3132
3134
6294
2903
3131
3138
3139
3141
6309
2910
3145
3146
3148
6325
2917
3145
3152
3153
3155
6338
2924
3152
3159
3160
3162
6354
2931
3159
3166
3167
3169
6371
2938
3166
3173
3174
3176
6382
2943
3117
3180
3181
3183
5025
3125
3183
4611
4699
4700
4702
3132
4699
4706
4707
4709
4989
3139
4618
4706
4713
4714
4716
2952
3187
3188
3190
4713
5027
3146
3187
4625
4720
4721
4723
1414
1423
1512
3153
3154
3157
3158
4720
4722
4724
4726
1415
1424
1513
3160
3161
3164
3165
1416
1425
1514
3167
3168
3171
3172
3195
3197
3199
2959
3174
3194
3195
3197
2964
3180
3201
3202
3204
5031
3204
3208
3209
3211
4632
4700
3208
4559
4560
4562
4639
4707
4559
4714
4727
4728
4730
4982
3188
4646
4727
4734
4735
4737
1423
1432
1521
4721
4722
4725
4726
4734
4736
4738
4740
1424
1433
1522
1425
1434
1523
1426
1435
1524
3216
3218
3220
2973
3195
3215
3216
3218
2978
3201
3222
3223
3225
5032
3209
3225
3229
3230
3232
4653
3229
4560
4741
4742
4744
1431
1440
1529
4728
4729
4732
4733
4741
4743
4745
4747
1432
1441
1530
4735
4736
4739
4740
1433
1442
1531
1434
1443
1532
1435
1444
1533
1436
1445
1534
3237
3239
3241
2987
3216
3236
3237
3239
2992
3222
4748
4749
4751
5033
1439
1448
1537
3230
3231
3234
3235
4660
4661
4662
4663
4751
4752
4753
4754
4755
4758
4759
1440
1449
1538
4742
4743
4746
4747
1441
1450
1539
1442
1451
1540
1443
1452
1541
1444
1453
1542
1445
1454
1543
1446
1455
1544
3244
3246
3248
3001
3237
3243
3244
3246
3006
3250
3251
3253
4748
5034
3253
4667
4755
4756
4758
1450
1459
1548
4755
4757
4759
4761
1451
1460
1549
1452
1461
1550
1453
1462
1551
1454
1463
1552
1455
1464
1553
1456
1465
1554
3258
3260
3262
3015
3244
3257
3258
3260
3020
3250
3264
3265
3267
5035
3267
4674
4756
4762
4763
4765
1460
1469
1558
4762
4764
4766
4768
1461
1470
1559
1462
1471
1560
1463
1472
1561
1464
1473
1562
1465
1474
1563
1466
1475
1564
3272
3274
3276
3029
3258
3271
3272
3274
3034
3264
3278
3279
3281
5038
3281
4681
4763
4769
4770
4772
1470
1479
1568
4769
4771
4773
4775
1471
1480
1569
1472
1481
1570
1473
1482
1571
1474
1483
1572
1475
1484
1573
1476
1485
1574
4777
4779
4781
3272
4688
4776
4777
4779
3041
3278
3285
3286
3288
5043
3288
4695
4770
4783
4784
4786
1480
1489
1578
3306
3309
3310
4783
4785
4787
4789
1481
1490
1579
3313
3316
3317
1482
1491
1580
3320
3323
3324
1483
1492
1581
3327
3330
3331
1484
1493
1582
3334
3337
3338
1485
1494
1583
3341
3344
3345
1486
1495
1584
3348
3351
3352
1496
1585
3355
3358
3359
4777
4778
4781
4782
4881
4882
4883
3048
3285
3292
3293
3295
5046
3057
3295
3299
3300
3302
4784
3064
3299
3306
3307
3309
3071
3306
3313
3314
3316
3078
3313
3320
3321
3323
3085
3320
3327
3328
3330
3092
3327
3334
3335
3337
3099
3334
3341
3342
3344
3106
3341
3348
3349
3351
3113
3348
3355
3356
3358
3118
3362
3363
3365
3127
3365
3369
3370
3372
6287
3134
3369
3376
3377
3379
6298
3141
3376
3383
3384
3386
6313
3148
3390
3391
3393
6329
3155
3390
3397
3398
3400
6342
3162
3397
3404
3405
3407
6358
3169
3404
3411
3412
3414
6374
3176
3411
3418
3419
3421
6383
3181
3362
3425
3426
3428
5047
3370
3428
4702
4790
4791
4793
3377
4709
4790
4797
4798
4800
3384
4716
4797
4804
4805
4807
3190
3432
3433
3435
4804
5049
3391
3432
4723
4811
4812
4814
1513
1522
1611
3398
3399
3402
3403
4811
4813
4815
4817
1514
1523
1612
3405
3406
3409
3410
1515
1524
1613
3412
3413
3416
3417
3440
3442
3444
3197
3419
3439
3440
3442
3202
3425
3447
3449
5054
3211
3449
3453
3456
4791
3453
4562
4566
4569
4798
4566
4730
4805
4818
4819
4821
3433
4737
4818
4825
4826
4828
1522
1531
1620
4812
4813
4816
4817
4825
4827
4829
4831
1523
1532
1621
1524
1533
1622
1525
1534
1623
3461
3463
3465
3218
3440
3460
3461
3463
3223
3446
3467
3468
3470
4594
3232
3454
3470
3474
3475
3477
3474
4567
4744
4832
4833
4835
1530
1539
1628
4819
4820
4823
4824
4832
4834
4836
4838
1531
1540
1629
4826
4827
4830
4831
1532
1541
1630
1533
1542
1631
1534
1543
1632
1535
1544
1633
3482
3484
3486
3239
3461
3481
3482
3484
3467
4601
4749
4839
4840
4842
1538
1547
1636
3475
3476
3479
3480
4842
4843
4844
4845
4846
4849
4850
4944
4945
4946
1539
1548
1637
4833
4834
4837
4838
1540
1549
1638
1541
1550
1639
1542
1551
1640
1543
1552
1641
1544
1553
1642
1545
1554
1643
3489
3491
3493
3246
3482
3488
3489
3491
3251
3495
3496
3498
4839
5055
3498
4758
4846
4847
4849
1549
1558
1647
4846
4848
4850
4852
1550
1559
1648
1551
1560
1649
1552
1561
1650
1553
1562
1651
1554
1563
1652
1555
1564
1653
3503
3505
3507
3260
3489
3502
3503
3505
3265
3495
3509
3510
3512
5056
3512
4765
4847
4853
4854
4856
1559
1568
1657
4853
4855
4857
4859
1560
1569
1658
1561
1570
1659
1562
1571
1660
1563
1572
1661
1564
1573
1662
1565
1574
1663
3517
3519
3521
3274
3503
3516
3517
3519
3279
3509
3523
3524
3526
5059
3526
4772
4854
4860
4861
4863
1569
1578
1667
4860
4862
4864
4866
1570
1579
1668
1571
1580
1669
1572
1581
1670
1573
1582
1671
1574
1583
1672
1575
1584
1673
4868
4870
4872
3517
4779
4867
4868
4870
3286
3523
3530
3531
3533
5064
3533
4786
4861
4874
4875
4877
1579
1588
1677
3551
3554
3555
4874
4876
4878
4880
1580
1589
1678
3558
3561
3562
1581
1590
1679
3565
3568
3569
1582
1591
1680
3572
3575
3576
1583
1592
1681
3579
3582
3583
1584
1593
1682
3586
3589
3590
1585
1594
1683
3593
3596
3597
4882
4884
4886
4868
4881
4882
4884
3293
3530
3537
3538
3540
5067
3302
3540
3544
3545
3547
4875
3309
3544
3551
3552
3554
3316
3551
3558
3559
3561
3323
3558
3565
3566
3568
3330
3565
3572
3573
3575
3337
3572
3579
3580
3582
3344
3579
3586
3587
3589
3351
3586
3593
3594
3596
3358
3593
3600
3601
3603
4882
3363
3607
3608
3610
3372
3610
3614
3615
3617
6289
3379
3614
3621
3622
3624
6302
3386
3621
3628
3629
3631
6318
3393
3635
3636
3638
5069
3400
3635
3642
3643
3645
6347
3407
3642
3649
3650
3652
6363
3414
3649
3656
3657
3659
6377
3421
3656
3663
3664
3666
6385
3426
3607
3670
3671
3673
5072
3615
3673
4793
4888
4889
4891
3622
4800
4888
4895
4896
4898
3629
4807
4895
4902
4903
4905
3435
3677
3678
3680
4902
5074
3636
3677
4814
4909
4910
4912
1612
1621
1710
3643
3644
3647
3648
3964
3965
3966
4909
4911
4913
4915
1613
1622
1711
3650
3651
3654
3655
3971
3972
3973
1614
1623
1712
3657
3658
3661
3662
3685
3687
3689
3978
3979
3980
3442
3664
3684
3685
3687
3447
3670
3692
3694
5078
3456
3694
4573
4576
4889
4569
4573
4580
4583
4896
4580
4821
4903
4916
4917
4919
3678
4828
4916
4923
4924
4926
1621
1630
1719
4027
4028
4029
4910
4911
4914
4915
4923
4925
4927
4929
1622
1631
1720
4034
4035
4036
1623
1632
1721
4041
4042
4043
1624
1633
1722
3699
3701
3703
4048
4049
4050
3463
3685
3698
3699
3701
2067
3468
3691
3705
3706
3708
3477
3708
4574
4930
4931
4933
4581
4835
4930
4937
4938
4940
1629
1638
1727
4083
4084
4085
4917
4918
4921
4922
4937
4939
4941
4943
1630
1639
1728
4090
4091
4092
4924
4925
4928
4929
1631
1640
1729
4097
4098
4099
1632
1641
1730
4104
4105
4106
1633
1642
1731
4111
4112
4113
1634
1643
1732
3713
3715
3717
4118
4119
4120
3484
3699
3712
3713
3715
2074
3705
3719
3720
3722
4840
3722
4931
4944
4945
4947
1638
1647
1736
4146
4147
4148
4938
4939
4942
4943
4944
4946
4948
4950
1639
1648
1737
4153
4154
4155
1640
1649
1738
4160
4161
4162
1641
1650
1739
4167
4168
4169
1642
1651
1740
4174
4175
4176
1643
1652
1741
4181
4182
4183
1644
1653
1742
3727
3729
3731
4188
4189
4190
3491
3713
3726
3727
3729
3496
3719
3733
3734
3736
5079
3736
4849
4945
4951
4952
4954
1648
1657
1746
4216
4217
4218
4951
4953
4955
4957
1649
1658
1747
4223
4224
4225
1650
1659
1748
4230
4231
4232
1651
1660
1749
4237
4238
4239
1652
1661
1750
4244
4245
4246
1653
1662
1751
4251
4252
4253
1654
1663
1752
3741
3743
3745
4258
4259
4260
3505
3727
3740
3741
3743
3510
3733
3747
3748
3750
5080
3750
4856
4952
4958
4959
4961
1658
1667
1756
4286
4287
4288
4958
4960
4962
4964
1659
1668
1757
4293
4294
4295
1660
1669
1758
4300
4301
4302
1661
1670
1759
4307
4308
4309
1662
1671
1760
4314
4315
4316
1663
1672
1761
4321
4322
4323
1664
1673
1762
3755
3757
3759
4328
4329
4330
3519
3741
3754
3755
3757
3524
3747
3761
3762
3764
5083
3764
4863
4959
4965
4966
4968
1668
1677
1766
4356
4357
4358
4965
4967
4969
4971
1669
1678
1767
4363
4364
4365
1670
1679
1768
4370
4371
4372
1671
1680
1769
4377
4378
4379
1672
1681
1770
4384
4385
4386
1673
1682
1771
4391
4392
4393
1674
1683
1772
3769
3771
3773
4398
4399
4400
3755
3768
3769
3771
4870
3531
3761
3775
3776
3778
5086
3778
4877
4966
4972
4973
4975
1678
1687
1776
3803
3806
3807
4426
4427
4428
4972
4974
4976
4978
1679
1688
1777
3810
3813
3814
4433
4434
4435
1680
1689
1778
3817
3820
3821
4440
4441
4442
1681
1690
1779
3824
3827
3828
4447
4448
4449
1682
1691
1780
3831
3834
3835
4454
4455
4456
1683
1692
1781
3838
3841
3842
4461
4462
4463
1684
1693
1782
3783
3785
3787
3845
3848
3849
4468
4469
4470
3769
3782
3783
3785
4884
3538
3775
3789
3790
3792
5089
3547
3792
3796
3797
3799
4973
3554
3796
3803
3804
3806
3561
3803
3810
3811
3813
3568
3810
3817
3818
3820
3575
3817
3824
3825
3827
3582
3824
3831
3832
3834
3589
3831
3838
3839
3841
3596
3838
3845
3846
3848
3603
3783
3845
3852
3853
3855
3608
3859
3860
3862
3617
3862
3866
3867
3869
6291
3624
3866
3873
3874
3876
6305
3631
3873
3880
3881
3883
6321
3638
3887
3888
3890
6334
3645
3887
3894
3895
3897
6350
3652
3894
3901
3902
3904
6366
3659
3901
3908
3909
3911
6380
3666
3908
3915
3916
3918
6386
3671
3859
3922
3923
3925
5090
3867
3925
3929
3930
3932
4891
3874
3929
3936
3937
3939
4898
3881
3936
3943
3944
3946
4905
3680
3943
3950
3951
3953
5091
3888
3950
3957
3958
3960
4912
3895
3957
3964
3965
3967
3902
3964
3971
3972
3974
3909
3971
3978
3979
3981
3687
3916
3978
3985
3986
3988
3692
3922
3992
3993
3995
5094
3930
3995
3999
4000
4002
4576
3937
3999
4006
4007
4009
4583
3944
4006
4013
4014
4016
4919
3951
4013
4020
4021
4023
4926
3958
4020
4027
4028
4030
3965
4027
4034
4035
4037
3972
4034
4041
4042
4044
3979
4041
4048
4049
4051
3701
3986
4048
4055
4056
4058
3706
3992
4062
4063
4065
4000
4065
4069
4070
4072
4933
4007
4069
4076
4077
4079
4940
4014
4076
4083
4084
4086
4021
4083
4090
4091
4093
4028
4090
4097
4098
4100
4035
4097
4104
4105
4107
4042
4104
4111
4112
4114
4049
4111
4118
4119
4121
3715
4056
4118
4125
4126
4128
3720
4062
4132
4133
4135
4070
4135
4139
4140
4142
4947
4077
4139
4146
4147
4149
4084
4146
4153
4154
4156
4091
4153
4160
4161
4163
4098
4160
4167
4168
4170
4105
4167
4174
4175
4177
4112
4174
4181
4182
4184
4119
4181
4188
4189
4191
3729
4126
4188
4195
4196
4198
3734
4132
4202
4203
4205
5095
4140
4205
4209
4210
4212
4954
4147
4209
4216
4217
4219
4154
4216
4223
4224
4226
4161
4223
4230
4231
4233
4168
4230
4237
4238
4240
4175
4237
4244
4245
4247
4182
4244
4251
4252
4254
4189
4251
4258
4259
4261
3743
4196
4258
4265
4266
4268
3748
4202
4272
4273
4275
5097
4210
4275
4279
4280
4282
4961
4217
4279
4286
4287
4289
4224
4286
4293
4294
4296
4231
4293
4300
4301
4303
4238
4300
4307
4308
4310
4245
4307
4314
4315
4317
4252
4314
4321
4322
4324
4259
4321
4328
4329
4331
3757
4266
4328
4335
4336
4338
3762
4272
4342
4343
4345
5098
4280
4345
4349
4350
4352
4968
4287
4349
4356
4357
4359
4294
4356
4363
4364
4366
4301
4363
4370
4371
4373
4308
4370
4377
4378
4380
4315
4377
4384
4385
4387
4322
4384
4391
4392
4394
4329
4391
4398
4399
4401
3771
4336
4398
4405
4406
4408
3776
4342
4412
4413
4415
5100
4350
4415
4419
4420
4422
4975
4357
4419
4426
4427
4429
4364
4426
4433
4434
4436
4371
4433
4440
4441
4443
4378
4440
4447
4448
4450
4385
4447
4454
4455
4457
4392
4454
4461
4462
4464
4399
4461
4468
4469
4471
3785
4406
4468
4475
4476
4478
3790
4412
4482
4483
4485
5102
3799
4420
4485
4489
4490
4492
3806
4427
4489
4496
4497
4499
3813
4434
4496
4503
4504
4506
3820
4441
4503
4510
4511
4513
3827
4448
4510
4517
4518
4520
3834
4455
4517
4524
4525
4527
3841
4462
4524
4531
4532
4534
3848
4469
4531
4538
4539
4541
3855
4476
4538
4545
4546
4548
1796
1798
9706
1796
1799
1800
1801
5103
1798
1799
1800
1864
5108
1800
1804
1865
1805
1866
5113
1803
1805
9712
1803
1806
1807
1808
5117
1805
1806
1807
1871
5122
1807
1811
1872
1812
1873
5126
1810
1812
9717
1810
1813
1814
1815
5130
1812
1813
1814
1878
5135
1814
1818
1879
1819
1880
5139
1817
1819
9722
1817
1820
1821
1822
5143
1819
1820
1821
1885
5148
1821
1825
1886
1826
1887
5152
1824
1826
9727
1824
1827
1828
1829
5156
1826
1827
1828
1892
5161
1828
1832
1893
1833
1894
5165
1831
1833
9732
1831
1834
1835
1836
5169
1833
1834
1835
1899
5174
1835
1839
1900
1840
1901
5178
1838
1840
9737
1838
1841
1842
1843
5182
1840
1841
1842
1906
5187
1842
1846
1907
1847
1908
5191
1845
1847
9742
1845
1848
1849
1850
5195
1847
1848
1849
1913
5200
1849
1853
1914
1854
1915
5205
1852
1854
9747
1852
1855
1856
1857
5210
1854
1855
1856
1920
5215
1856
1860
1921
1861
1922
5220
1859
1861
9752
1859
1862
1863
5225
1861
1862
1863
1927
5230
1863
1928
1929
5235
1866
1868
9757
1866
1869
1870
1871
5240
1868
1869
1870
1934
5244
1870
1874
1935
1875
1936
5249
1873
1875
9764
1873
1876
1877
1878
5253
1875
1876
1877
1941
5256
1877
1881
1942
1882
1943
5259
1880
1882
9767
1880
1883
1884
1885
5261
1882
1883
1884
1948
5264
1884
1888
1949
1889
1950
5266
1887
1889
9770
1887
1890
1891
1892
5268
1889
1890
1891
4552
5271
1891
1895
4553
1896
4554
5273
1894
1896
9773
1894
1897
1898
1899
5275
1896
1897
1898
4587
5278
1898
1902
4588
1903
4589
5280
1901
1903
9776
1901
1904
1905
1906
5282
1903
1904
1905
1955
5285
1905
1909
1956
1910
1957
5287
1908
1910
9779
1908
1911
1912
1913
5289
1910
1911
1912
1962
5293
1912
1916
1963
1917
1964
5296
1915
1917
9782
1915
1918
1919
1920
5300
1917
1918
1919
1969
5305
1919
1923
1970
1924
1971
5310
1922
1924
9787
1922
1925
1926
1927
5315
1924
1925
1926
1976
5320
1926
1930
1977
1931
1978
5325
1929
1931
9792
1929
1932
1933
5330
1931
1932
1933
1983
5335
1933
1984
1985
5340
1936
1938
9797
1936
1939
1940
1941
5345
1938
1939
1940
1990
5349
1940
1944
1991
1945
1992
5354
1943
1945
9802
1943
1946
1947
1948
5358
1945
1946
1947
1997
5360
1947
1951
1998
1952
1999
5363
1950
1952
9805
1950
1953
1954
4552
5365
1952
1953
1954
2004
5366
1954
2005
4555
2006
3203
4556
1957
1959
4589
9808
1957
1960
1961
1962
5367
1959
1960
4592
1961
2011
4593
5369
1961
1965
2012
1966
2013
5370
1964
1966
9809
1964
1967
1968
1969
5372
1966
1967
1968
2018
5376
1968
1972
2019
1973
2020
5379
1971
1973
9812
1971
1974
1975
1976
5383
1973
1974
1975
2025
5388
1975
1979
2026
1980
2027
5393
1978
1980
9817
1978
1981
1982
1983
5398
1980
1981
1982
2032
5403
1982
1986
2033
1987
2034
5408
1985
1987
9822
1985
1988
1989
5413
1987
1988
1989
2039
5418
1989
2040
2041
5423
1992
1994
9827
1992
1995
1996
1997
5428
1994
1995
1996
2046
5432
1996
2000
2047
2001
2048
5437
1999
2001
9837
1999
2002
2003
2004
5441
2001
2002
2003
2053
5443
2003
2007
2054
2008
2055
5446
2006
2008
9840
2006
2009
2010
3446
4594
2008
2009
2010
2060
5448
2010
2061
4597
2062
3448
4598
2013
2015
4603
9845
2013
2016
2017
2018
5450
2015
2016
4606
2017
2081
4607
5452
2017
2021
2082
2022
2083
5453
2020
2022
9846
2020
2023
2024
2025
5455
2022
2023
2024
2088
5459
2024
2028
2089
2029
2090
5462
2027
2029
9849
2027
2030
2031
2032
5466
2029
2030
2031
2095
5471
2031
2035
2096
2036
2097
5476
2034
2036
9854
2034
2037
2038
2039
5481
2036
2037
2038
2102
5486
2038
2042
2103
2043
2104
5491
2041
2043
9859
2041
2044
2045
5496
2043
2044
2045
2109
5501
2045
2110
2111
5506
2048
2050
9864
2048
2051
2052
2053
5511
2050
2051
2052
2116
5515
2052
2056
2117
2057
2118
5520
2055
2057
9869
2055
2058
2059
2060
5524
2057
2058
2059
2123
5526
2059
2063
2124
2064
2125
5529
2062
2064
9872
2062
2065
2066
2067
3691
2064
2065
2066
2130
5531
2066
2070
2131
2071
2132
5532
2069
2071
4598
2069
2072
4599
2073
2074
3705
4600
2071
2072
2073
2137
5533
2073
2077
2138
2078
2139
5534
2076
2078
4605
2076
2079
4606
2080
2081
3719
4607
2078
2079
2080
2144
5535
2080
2084
2145
2085
2146
5536
2083
2085
9875
2083
2086
2087
2088
5537
2085
2086
2087
2151
5539
2087
2091
2152
2092
2153
5540
2090
2092
9876
2090
2093
2094
2095
5542
2092
2093
2094
2158
5546
2094
2098
2159
2099
2160
5549
2097
2099
9879
2097
2100
2101
2102
5553
2099
2100
2101
2165
5558
2101
2105
2166
2106
2167
5563
2104
2106
9884
2104
2107
2108
2109
5568
2106
2107
2108
2172
5573
2108
2112
2173
2113
2174
5578
2111
2113
9889
2111
2114
2115
5583
2113
2114
2115
2179
5588
2115
2180
2181
5593
2118
2120
9894
2118
2121
2122
2123
5598
2120
2121
2122
5602
2122
2126
2127
5607
2125
2127
9901
2125
2128
2129
2130
5611
2127
2128
2129
5613
2129
2133
2134
5616
2132
2134
9904
2132
2135
2136
2137
5619
2134
2135
2136
5621
2136
2140
2141
5624
2139
2141
9906
2139
2142
2143
2144
5627
2141
2142
2143
5629
2143
2147
2148
5632
2146
2148
9908
2146
2149
2150
2151
5635
2148
2149
2150
5637
2150
2154
2155
5640
2153
2155
9910
2153
2156
2157
2158
5643
2155
2156
2157
5645
2157
2161
2162
5648
2160
2162
9912
2160
2163
2164
2165
5651
2162
2163
2164
5655
2164
2168
2169
5658
2167
2169
9915
2167
2170
2171
2172
5662
2169
2170
2171
5667
2171
2175
2176
5672
2174
2176
9920
2174
2177
2178
2179
5677
2176
2177
2178
5682
2178
2182
2183
5687
2181
2183
9925
2181
2184
2185
5692
2183
2184
2185
5697
2185
5702
2188
2190
7615
10415
2188
2191
10417
2192
2250
2879
9930
2190
2191
7618
2192
2194
2252
7617
2192
2196
2882
6387
2198
2254
2883
2195
2197
2195
2198
7717
2199
2201
2256
7718
2197
2198
6398
2199
2203
2886
6397
2199
2259
2887
2205
2260
2888
2202
2204
2202
2205
7822
2206
2208
2263
7823
2204
2205
6431
2206
2210
2893
6430
2206
2266
2894
2212
2267
2895
2209
2211
9711
2209
2212
7930
2213
2270
5707
2211
2212
6474
2213
2900
5709
2213
2273
2901
2274
2902
5711
2216
2218
8145
10418
2216
2219
10212
2220
2222
2284
8144
2218
2219
10214
2220
2224
2907
6501
2220
2287
2908
10219
2226
2288
2909
2223
2225
6538
10419
2223
2226
8249
2227
2229
2291
8250
2225
2226
6540
2227
2231
2914
6539
2227
2294
2915
2233
2295
2916
2230
2232
6584
10420
2230
2233
8357
2234
2236
2298
8359
2232
2233
6587
2234
2238
2921
6585
2234
2301
2922
2240
2302
2923
2237
2239
2237
2240
8467
2241
2243
2305
8468
2239
2240
6633
2241
2245
2928
6632
2241
2308
2929
2247
2309
2930
2244
2246
2244
2247
8546
2248
2312
2246
2247
6662
2248
2935
2248
2315
2936
2316
2937
5885
2251
2253
7619
10421
2251
2254
9932
2255
2320
2942
9934
2253
2254
7625
2255
2257
2322
7622
2255
2259
2945
2261
2324
2946
2258
2260
7725
2258
2261
7719
2262
2264
2326
7722
2260
2261
2262
2266
4608
2262
2329
4609
2268
2330
4610
2265
2267
7830
2265
2268
7824
2269
2271
2333
7827
2267
2268
2269
2273
4986
2269
2336
4987
2275
2337
4988
2272
2274
7937
2272
2275
7931
2276
2278
2340
7934
2274
2275
2276
2280
4615
2276
2343
4616
2282
2344
4617
2279
2281
8045
2279
2282
8039
2283
2285
2347
8042
2281
2282
10216
2283
2287
2949
10221
2283
2350
2950
2289
2351
2951
2286
2288
8152
2286
2289
8146
2290
2292
2354
8149
2288
2289
2290
2294
4622
2290
2357
4623
2296
2358
4624
2293
2295
8257
2293
2296
8251
2297
2299
2361
8254
2295
2296
2297
2301
2297
2364
2303
2365
2300
2302
8367
2300
2303
8361
2304
2306
2368
8364
2302
2303
2304
2308
2304
2371
2310
2372
2307
2309
8474
2307
2310
8469
2311
2313
2375
8472
2309
2310
2311
2315
2311
2378
2317
2379
2314
2316
2314
2317
8547
2318
2382
5886
10424
2316
2317
2318
2956
5888
2318
2385
2957
2386
2958
5887
2321
2323
7627
10425
2321
2324
9937
2325
2390
2963
9941
2323
2324
7637
2325
2327
2392
7632
2325
2329
2966
2331
2394
2967
2328
2330
7737
2328
2331
7727
2332
2334
2396
7732
2330
2331
2332
2336
4629
2332
2399
4630
2338
2400
4631
2335
2337
7842
2335
2338
7832
2339
2341
2403
7837
2337
2338
2339
2343
4636
2339
2406
4637
2345
2407
4638
2342
2344
7949
2342
2345
7939
2346
2348
2410
7944
2344
2345
2346
2350
4979
2346
2413
4980
2352
2414
4981
2349
2351
8058
2349
2352
8048
2353
2355
2417
8053
2351
2352
2353
2357
4643
2353
2420
4644
2359
2421
4645
2356
2358
8164
2356
2359
8154
2360
2362
2424
8159
2358
2359
2360
2364
2360
2427
2366
2428
2363
2365
8269
2363
2366
8259
2367
2369
2431
8264
2365
2366
2367
2371
2367
2434
2373
2435
2370
2372
8378
2370
2373
8369
2374
2376
2438
8374
2372
2373
2374
2378
2374
2441
2380
2442
2377
2379
8482
2377
2380
8476
2381
2383
2445
8479
2379
2380
2381
2385
2381
2448
2387
2449
2384
2386
8550
10430
2384
2387
8548
2388
2452
5889
10431
2386
2387
2388
2970
5892
2388
2455
2971
2456
2972
5890
2391
2393
7641
10432
2391
2394
9945
2395
2460
2977
9949
2393
2394
7651
2395
2397
2462
7646
2395
2399
2980
2401
2464
2981
2398
2400
7751
2398
2401
7741
2402
2404
2466
7746
2400
2401
2402
2406
4650
2402
2469
4651
2408
2470
4652
2405
2407
7856
2405
2408
7846
2409
2411
2473
7851
2407
2408
2409
2413
2409
2476
2415
2477
2412
2414
7963
2412
2415
7953
2416
2418
2480
7958
2414
2415
2416
2420
2416
2483
2422
2484
2419
2421
8072
2419
2422
8062
2423
2425
2487
8067
2421
2422
2423
2427
2423
2490
2429
2491
2426
2428
8178
2426
2429
8168
2430
2432
2494
8173
2428
2429
2430
2434
2430
2497
2436
2498
2433
2435
8283
2433
2436
8273
2437
2439
2501
8278
2435
2436
2437
2441
2437
2504
2443
2505
2440
2442
8392
2440
2443
8382
2444
2446
2508
8387
2442
2443
2444
2448
2444
2511
2450
2512
2447
2449
8491
2447
2450
8484
2451
2453
2515
8488
2449
2450
2451
2455
2451
2518
2457
2519
2454
2456
8554
10437
2454
2457
8551
2458
2522
8553
10438
2456
2457
2458
2984
5896
2458
2525
2985
2526
2986
5894
2461
2463
9953
10439
2461
2464
9958
2465
2530
2991
9962
2463
2464
7661
2465
2467
2532
7656
2465
2469
2994
2471
2534
2995
2468
2470
7766
2468
2471
7756
2472
2474
2536
7761
2470
2471
2472
2476
4657
2472
2539
4658
2478
2540
4659
2475
2477
7871
2475
2478
7861
2479
2481
2543
7866
2477
2478
2479
2483
2479
2546
2485
2547
2482
2484
7978
2482
2485
7968
2486
2488
2550
7973
2484
2485
2486
2490
2486
2553
2492
2554
2489
2491
8087
2489
2492
8077
2493
2495
2557
8082
2491
2492
2493
2497
2493
2560
2499
2561
2496
2498
8193
2496
2499
8183
2500
2502
2564
8188
2498
2499
2500
2504
2500
2567
2506
2568
2503
2505
8298
2503
2506
8288
2507
2509
2571
8293
2505
2506
2507
2511
2507
2574
2513
2575
2510
2512
8406
2510
2513
8396
2514
2516
2578
8401
2512
2513
2514
2518
2514
2581
2520
2582
2517
2519
8501
2517
2520
8494
2521
2523
2585
8498
2519
2520
2521
2525
2521
2588
2527
2589
2524
2526
5758
10444
2524
2527
8555
2528
2592
5898
10445
2526
2527
2528
2998
5901
2528
2595
2999
2596
3000
5899
2531
2533
7666
10446
2531
2534
9966
2535
2600
3005
9970
2533
2534
7676
2535
2537
2602
7671
2535
2539
3008
2541
2604
3009
2538
2540
7781
2538
2541
7771
2542
2544
2606
7776
2540
2541
2542
2546
4664
2542
2609
4665
2548
2610
4666
2545
2547
7886
2545
2548
7876
2549
2551
2613
7881
2547
2548
2549
2553
2549
2616
2555
2617
2552
2554
7993
2552
2555
7983
2556
2558
2620
7988
2554
2555
2556
2560
2556
2623
2562
2624
2559
2561
8102
2559
2562
8092
2563
2565
2627
8097
2561
2562
2563
2567
2563
2630
2569
2631
2566
2568
8208
2566
2569
8198
2570
2572
2634
8203
2568
2569
2570
2574
2570
2637
2576
2638
2573
2575
8313
2573
2576
8303
2577
2579
2641
8308
2575
2576
2577
2581
2577
2644
2583
2645
2580
2582
8421
2580
2583
8411
2584
2586
2648
8416
2582
2583
2584
2588
2584
2651
2590
2652
2587
2589
8511
2587
2590
8504
2591
2593
2655
8508
2589
2590
2591
2595
2591
2658
2597
2659
2594
2596
5759
10451
2594
2597
8557
2598
2662
5903
10452
2596
2597
2598
3012
5906
2598
2665
3013
2666
3014
5904
2601
2603
7681
10453
2601
2604
9974
2605
2670
3019
9978
2603
2604
7691
2605
2607
2672
7686
2605
2609
3022
2611
2674
3023
2608
2610
7796
2608
2611
7786
2612
2614
2676
7791
2610
2611
2612
2616
4671
2612
2679
4672
2618
2680
4673
2615
2617
7901
2615
2618
7891
2619
2621
2683
7896
2617
2618
2619
2623
2619
2686
2625
2687
2622
2624
8008
2622
2625
7998
2626
2628
2690
8003
2624
2625
2626
2630
2626
2693
2632
2694
2629
2631
8117
2629
2632
8107
2633
2635
2697
8112
2631
2632
2633
2637
2633
2700
2639
2701
2636
2638
8223
2636
2639
8213
2640
2642
2704
8218
2638
2639
2640
2644
2640
2707
2646
2708
2643
2645
8328
2643
2646
8318
2647
2649
2711
8323
2645
2646
2647
2651
2647
2714
2653
2715
2650
2652
8436
2650
2653
8426
2654
2656
2718
8431
2652
2653
2654
2658
2654
2721
2660
2722
2657
2659
8521
2657
2660
8514
2661
2663
2725
8518
2659
2660
2661
2665
2661
2728
2667
2729
2664
2666
8561
10458
2664
2667
8559
2668
2732
5908
10459
2666
2667
2668
3026
5911
2668
2735
3027
2736
3028
5909
2671
2673
7696
10460
2671
2674
9982
2675
2740
3033
9987
2673
2674
7704
2675
2677
2742
7700
2675
2679
3036
2681
2744
3037
2678
2680
7809
2678
2681
7801
2682
2684
2746
7805
2680
2681
2682
2686
4678
2682
2749
4679
2688
2750
4680
2685
2687
7914
2685
2688
7906
2689
2691
2753
7910
2687
2688
2689
2693
2689
2756
2695
2757
2692
2694
8021
2692
2695
8013
2696
2698
2760
8017
2694
2695
2696
2700
2696
2763
2702
2764
2699
2701
8130
2699
2702
8122
2703
2705
2767
8126
2701
2702
2703
2707
2703
2770
2709
2771
2706
2708
8236
2706
2709
8228
2710
2712
2774
8232
2708
2709
2710
2714
2710
2777
2716
2778
2713
2715
8341
2713
2716
8333
2717
2719
2781
8337
2715
2716
2717
2721
2717
2784
2723
2785
2720
2722
8450
2720
2723
8441
2724
2726
2788
8445
2722
2723
2724
2728
2724
2791
2730
2792
2727
2729
8531
2727
2730
8524
2731
2733
2795
8528
2729
2730
2731
2735
2731
2798
2737
2799
2734
2736
5760
10464
2734
2737
8562
2738
2802
8564
2736
2737
2738
4685
5913
2738
2805
4686
2806
4687
2741
2743
7709
10465
2741
2744
9991
2745
2810
3040
9994
2743
2744
7713
2745
2747
2812
7711
2745
2749
3043
2751
2814
3044
2748
2750
7818
2748
2751
7814
2752
2754
2816
7816
2750
2751
2752
2756
4692
2752
2819
4693
2758
2820
4694
2755
2757
7924
2755
2758
7919
2759
2761
2823
7921
2757
2758
2759
2763
2759
2826
2765
2827
2762
2764
8032
2762
2765
8026
2766
2768
2830
8029
2764
2765
2766
2770
2766
2833
2772
2834
2769
2771
8139
2769
2772
8135
2773
2775
2837
8137
2771
2772
2773
2777
2773
2840
2779
2841
2776
2778
8245
2776
2779
8241
2780
2782
2844
8243
2778
2779
2780
2784
2780
2847
2786
2848
2783
2785
8351
2783
2786
8346
2787
2789
2851
8348
2785
2786
2787
2791
2787
2854
2793
2855
2790
2792
8461
2790
2793
8455
2794
2796
2858
8458
2792
2793
2794
2798
2794
2861
2800
2862
2797
2799
8540
2797
2800
8534
2801
2803
2865
8537
2799
2800
2801
2805
2801
2868
2807
2869
2804
2806
8571
2804
2807
8565
2808
2872
8568
2806
2807
2808
2808
2875
2876
2811
2813
6671
2811
2814
9996
2815
3047
9998
2813
2814
7716
2815
2817
10468
2815
2819
3050
2821
3051
6822
2818
2820
7821
2818
2821
2822
2824
6838
10469
2820
2821
2822
2826
3054
2822
3055
6836
2828
3056
6837
2825
2827
7928
2825
2828
7927
10470
2829
2831
6874
10471
2827
2828
2829
2833
3061
2829
3062
6870
2835
3063
6872
2832
2834
8037
2832
2835
8035
10472
2836
2838
8036
10473
2834
2835
2836
2840
3068
2836
3069
6921
2842
3070
6923
2839
2841
8143
2839
2842
6715
10474
2843
2845
8142
10475
2841
2842
2843
2847
3075
2843
3076
6977
2849
3077
6979
2846
2848
8248
2846
2849
2850
2852
7031
10476
2848
2849
2850
2854
3082
2850
3083
7029
2856
3084
7030
2853
2855
8355
2853
2856
6750
10477
2857
2859
8354
10478
2855
2856
2857
2861
3089
2857
3090
7082
2863
3091
7084
2860
2862
8465
2860
2863
6768
10479
2864
2866
7138
10480
2862
2863
2864
2868
3096
2864
3097
7134
2870
3098
7136
2867
2869
8544
2867
2870
6786
10481
2871
2873
8543
10482
2869
2870
2871
2875
3103
2871
3104
7187
2877
3105
7189
2874
2876
8574
2874
2877
8573
10483
2878
7240
2876
2877
2878
3110
2878
3111
7238
3112
5915
2881
2883
9999
2881
2884
2885
2943
3117
10000
2883
2884
6388
2885
2887
2945
2885
2889
3120
6389
2891
2947
3121
2888
2890
6399
2888
2891
2892
2894
4608
2890
2891
6404
2892
2896
3124
6401
2892
3125
4611
2898
3126
4612
2895
2897
6432
2895
2898
2899
2901
4986
2897
2898
6437
2899
2903
3131
6434
2899
3132
4989
2905
3133
4990
2902
2904
9762
2902
2905
2906
4615
5713
2904
2905
6478
2906
3138
6475
2906
3139
4618
3140
4619
5716
2909
2911
6502
2909
2912
10224
2913
2915
4622
2911
2912
6507
2913
2917
3145
6504
2913
3146
4625
10234
2919
3147
4626
2916
2918
6541
2916
2919
2920
2922
2918
2919
6546
2920
2924
3152
6543
2920
3153
2926
3154
2923
2925
6589
2923
2926
2927
2929
2925
2926
6594
2927
2931
3159
6591
2927
3160
2933
3161
2930
2932
6634
2930
2933
2934
2936
2932
2933
6638
2934
2938
3166
6636
2934
3167
2940
3168
2937
2939
2937
2940
2941
2956
5917
2939
2940
6663
2941
3173
2941
2959
3174
2960
3175
5918
2944
2946
10001
2944
2947
10004
2948
2964
3180
10006
2946
2947
2948
2966
4609
2948
3183
4611
2968
3184
4613
2951
2953
10227
2951
2954
4617
2955
4623
4643
2953
2954
4619
10230
2955
3187
4625
10237
2955
3188
4621
4646
3189
4627
4647
2958
2960
5761
2958
2961
2962
2970
5919
2960
2961
2962
3194
5924
2962
2973
3195
2974
3196
5921
2965
2967
10008
2965
2968
10011
2969
2978
3201
10013
2967
2968
2969
2980
4630
2969
3204
4632
2982
3205
4634
2972
2974
5763
2972
2975
2976
2984
5926
2974
2975
2976
3215
5932
2976
2987
3216
2988
3217
5929
2979
2981
10015
2979
2982
10018
2983
2992
3222
10020
2981
2982
2983
2994
4651
2983
3225
4653
2996
3226
4655
2986
2988
5765
2986
2989
2990
2998
5935
2988
2989
2990
3236
5942
2990
3001
3237
3002
3238
5938
2993
2995
10022
2993
2996
10025
2997
3006
4748
10027
2995
2996
2997
3008
4658
2997
4660
4751
3010
4662
4752
3000
3002
5768
3000
3003
3004
3012
5946
3002
3003
3004
3243
5953
3004
3015
3244
3016
3245
5949
3007
3009
10029
3007
3010
10032
3011
3020
3250
10034
3009
3010
3011
3022
4665
3011
3253
4667
3024
3254
4669
3014
3016
5771
3014
3017
3018
3026
5957
3016
3017
3018
3257
5964
3018
3029
3258
3030
3259
5960
3021
3023
10036
3021
3024
10040
3025
3034
3264
10043
3023
3024
3025
3036
4672
3025
3267
4674
3038
3268
4676
3028
3030
5774
3028
3031
3032
4685
5968
3030
3031
3032
3271
5975
3032
3272
4688
3273
4689
5971
3035
3037
10047
3035
3038
10051
3039
3041
3278
10056
3037
3038
3039
3043
4679
3039
3281
4681
3045
3282
4683
3042
3044
10060
3042
3045
10062
3046
3048
3285
10065
3044
3045
3046
3050
4693
3046
3288
4695
3052
3289
4697
3049
3051
10484
3049
3052
10067
3053
3292
3051
3052
3053
3055
6824
3053
3057
3295
3059
3296
6823
3056
3058
4694
3056
3059
6673
3060
3062
6844
3058
3059
4697
3060
3064
3299
4698
3060
3300
6839
3066
3301
6841
3063
3065
3063
3066
6682
3067
3069
6881
3065
3066
3067
3071
3306
3067
3307
6875
3073
3308
6878
3070
3072
3070
3073
6697
3074
3076
6932
3072
3073
3074
3078
3313
3074
3314
6925
3080
3315
6929
3077
3079
3077
3080
6716
3081
3083
6986
3079
3080
3081
3085
3320
3081
3321
6980
3087
3322
6983
3084
3086
3084
3087
6733
3088
3090
7038
3086
3087
3088
3092
3327
3088
3328
7032
3094
3329
7035
3091
3093
3091
3094
6751
3095
3097
7092
3093
3094
3095
3099
3334
3095
3335
7086
3101
3336
7089
3098
3100
3098
3101
6769
3102
3104
7147
3100
3101
3102
3106
3341
3102
3342
7139
3108
3343
7143
3105
3107
3105
3108
6787
3109
3111
7199
3107
3108
3109
3113
3348
3109
3349
7191
3115
3350
7195
3112
3114
3112
3115
6804
3116
7249
3114
3115
3116
3355
3116
3356
7241
3357
7245
3119
3121
10068
3119
3122
3123
3181
3362
10069
3121
3122
6390
3123
3125
3183
3123
3127
3365
6391
3129
3185
3366
3126
3128
6406
3126
3129
3130
3132
4699
3128
3129
6412
3130
3134
3369
6409
3130
3370
4702
3136
3371
4703
3133
3135
6440
3133
3136
3137
3139
4706
3135
3136
6449
3137
3141
3376
6444
3137
3377
4709
3143
3378
4710
3140
3142
6481
3140
3143
3144
4713
5719
3142
3143
6485
3144
3383
5723
3144
3384
4716
3385
4717
5728
3147
3149
6510
3147
3150
10241
3151
3153
4720
3149
3150
10249
3151
3155
3390
6514
3151
3391
4723
10259
3157
3392
4724
3154
3156
6549
3154
3157
3158
3160
3156
3157
6558
3158
3162
3397
6553
3158
3398
3164
3399
3161
3163
6597
3161
3164
3165
3167
3163
3164
6605
3165
3169
3404
6601
3165
3405
3171
3406
3168
3170
6641
3168
3171
3172
3174
3170
3171
6645
3172
3176
3411
6643
3172
3412
3178
3413
3175
3177
6664
10485
3175
3178
3179
3194
5979
3177
3178
6666
3179
3418
6665
10486
3179
3197
3419
3198
3420
5980
3182
3184
10070
3182
3185
10072
3186
3202
3425
10074
3184
3185
3186
3204
4700
3186
3428
4702
3206
3429
4704
3189
3191
10245
3189
3192
4715
3193
4721
4734
3191
3192
4717
10254
3193
3432
4723
10264
3193
3433
4719
4737
3434
4725
4738
3196
3198
5780
3196
3199
3200
3215
5982
3198
3199
3200
3439
5988
3200
3218
3440
3219
3441
5985
3203
3205
10076
3206
5733
3207
3223
3446
10269
3205
3206
3207
3209
3225
3211
3449
3213
3227
3450
10270
3210
3212
4633
4701
3210
3213
4634
3214
3229
4560
4635
3212
4704
3453
4562
4705
3214
3232
3454
10271
3233
3455
4564
3217
3219
5782
3217
3220
3221
3236
5990
3219
3220
3221
3460
5999
3221
3239
3461
3240
3462
5994
3224
3226
5734
3224
3227
4556
3228
3467
4558
4749
3226
3227
3228
3230
4751
3228
3232
3470
3234
3471
4753
3231
3233
4654
3231
3234
4655
3235
4656
4742
3233
3234
3235
3474
4744
3235
3475
3476
4746
3238
3240
5786
3238
3241
3242
3243
6003
3240
3241
3242
3481
6013
3242
3246
3482
3247
3483
6008
3245
3247
5790
3245
3248
3249
3257
6018
3247
3248
3249
3488
6028
3249
3260
3489
3261
3490
6023
3252
3254
10077
3252
3255
4750
10079
3256
3265
3495
10080
3254
3255
4752
3256
3267
4756
3256
3498
4754
4758
3269
3499
4760
3259
3261
5795
3259
3262
3263
3271
6033
3261
3262
3263
3502
6043
3263
3274
3503
3275
3504
6038
3266
3268
10082
3266
3269
10086
3270
3279
3509
10089
3268
3269
3270
3281
4763
3270
3512
4765
3283
3513
4767
3273
3275
5800
3273
3276
3277
4776
6048
3275
3276
3277
3516
6058
3277
3517
4779
3518
4780
6053
3280
3282
10093
3280
3283
10097
3284
3286
3523
10102
3282
3283
3284
3288
4770
3284
3526
4772
3290
3527
4774
3287
3289
10106
3287
3290
10108
3291
3293
3530
10111
3289
3290
3291
3295
4784
3291
3533
4786
3297
3534
4788
3294
3296
6672
3294
3297
10113
3298
3537
6825
3296
3297
3298
3300
6829
3298
3302
3540
3304
3541
6827
3301
3303
4785
3301
3304
6675
3305
3307
6851
3303
3304
4788
3305
3309
3544
4789
3305
3545
6846
3311
3546
6848
3308
3310
3308
3311
6684
3312
3314
6893
3310
3311
3312
3316
3551
3312
3552
6884
3318
3553
6888
3315
3317
3315
3318
6700
3319
3321
6945
3317
3318
3319
3323
3558
3319
3559
6935
3325
3560
6940
3322
3324
3322
3325
6718
3326
3328
6998
3324
3325
3326
3330
3565
3326
3566
6988
3332
3567
6993
3329
3331
3329
3332
6735
3333
3335
7050
3331
3332
3333
3337
3572
3333
3573
7040
3339
3574
7045
3336
3338
3336
3339
6753
3340
3342
7105
3338
3339
3340
3344
3579
3340
3580
7095
3346
3581
7100
3343
3345
3343
3346
6772
3347
3349
7160
3345
3346
3347
3351
3586
3347
3587
7150
3353
3588
7155
3350
3352
3350
3353
6790
3354
3356
7212
3352
3353
3354
3358
3593
3354
3594
7202
3360
3595
7207
3357
3359
3357
3360
6807
3361
6063
3359
3360
3361
3600
3361
3601
7252
3602
6068
3364
3366
10115
3364
3367
3368
3426
3607
10116
3366
3367
6392
3368
3370
3428
3368
3372
3610
6393
3374
3430
3611
3371
3373
6414
3371
3374
3375
3377
4790
3373
3374
6420
3375
3379
3614
6417
3375
3615
4793
3381
3616
4794
3378
3380
6453
3378
3381
3382
3384
4797
3380
3381
6462
3382
3386
3621
6458
3382
3622
4800
3388
3623
4801
3385
3387
9832
3385
3388
3389
4804
5735
3387
3388
6490
3389
3628
5740
3389
3629
4807
3630
4808
5744
3392
3394
6519
3392
3395
10273
3396
3398
4811
3394
3395
6528
3396
3400
3635
6524
3396
3636
4814
10287
3402
3637
4815
3399
3401
6563
3399
3402
3403
3405
3401
3402
6572
3403
3407
3642
6568
3403
3643
3409
3644
3406
3408
6610
3406
3409
3410
3412
3408
3409
6618
3410
3414
3649
6614
3410
3650
3416
3651
3413
3415
6648
3413
3416
3417
3419
3415
3416
6652
3417
3421
3656
6650
3417
3657
3423
3658
3420
3422
5810
10487
3420
3423
3424
3439
6073
3422
3423
6669
3424
3663
6668
10488
3424
3442
3664
3443
3665
6075
3427
3429
10117
3427
3430
10119
3431
3447
3670
10121
3429
3430
3431
3449
4791
3431
3673
4793
3451
3674
4795
3434
3436
10278
3434
3437
4806
3438
4812
4825
3436
3437
4808
10283
3438
3677
4814
10291
3438
3678
4810
4828
3679
4816
4829
3441
3443
5811
3441
3444
3445
3460
6076
3443
3444
3445
3684
6082
3445
3463
3685
3464
3686
6079
3448
3450
9842
3451
5748
3452
3468
3691
10295
3451
3452
3454
3470
10297
3456
3694
3458
3472
3695
10299
3457
4792
3455
3458
9844
3459
3474
4567
3457
4795
4569
4573
4796
3459
3477
4574
10301
3478
4571
4575
3462
3464
5813
3462
3465
3466
3481
6084
3464
3465
3466
3698
6093
3466
3484
3699
3485
3700
6089
3469
3471
4596
3469
3472
4598
3473
3705
4600
4840
3471
3472
3473
3475
4842
3473
3477
3708
3479
3709
4844
3476
3478
3476
3479
3480
4833
3478
3479
3480
4835
4930
3480
4931
4837
4932
3483
3485
5817
3483
3486
3487
3488
6097
3485
3486
3487
3712
6106
3487
3491
3713
3492
3714
6102
3490
3492
5822
3490
3493
3494
3502
6110
3492
3493
3494
3726
6119
3494
3505
3727
3506
3728
6115
3497
3499
10123
3497
3500
4841
10125
3501
3510
3733
10126
3499
3500
4843
3501
3512
4847
3501
3736
4845
4849
3514
3737
4851
3504
3506
5827
3504
3507
3508
3516
6123
3506
3507
3508
3740
6132
3508
3519
3741
3520
3742
6128
3511
3513
10128
3511
3514
10132
3515
3524
3747
10135
3513
3514
3515
3526
4854
3515
3750
4856
3528
3751
4858
3518
3520
5832
3518
3521
3522
4867
6136
3520
3521
3522
3754
6145
3522
3755
4870
3756
4871
6141
3525
3527
10139
3525
3528
10143
3529
3531
3761
10147
3527
3528
3529
3533
4861
3529
3764
4863
3535
3765
4865
3532
3534
10151
3532
3535
10153
3536
3538
3775
10156
3534
3535
3536
3540
4875
3536
3778
4877
3542
3779
4879
3539
3541
10158
3539
3542
10160
3543
3789
10161
3541
3542
3543
3545
6831
3543
3547
3792
3549
3793
6830
3546
3548
4876
3546
3549
6677
3550
3552
6859
3548
3549
4879
3550
3554
3796
4880
3550
3797
6854
3556
3798
6856
3553
3555
3553
3556
6688
3557
3559
6905
3555
3556
3557
3561
3803
3557
3804
6897
3563
3805
6901
3560
3562
3560
3563
6704
3564
3566
6958
3562
3563
3564
3568
3810
3564
3811
6949
3570
3812
6953
3567
3569
3567
3570
6722
3571
3573
7012
3569
3570
3571
3575
3817
3571
3818
7002
3577
3819
7007
3574
3576
3574
3577
6739
3578
3580
7064
3576
3577
3578
3582
3824
3578
3825
7054
3584
3826
7059
3581
3583
3581
3584
6757
3585
3587
7117
3583
3584
3585
3589
3831
3585
3832
7109
3591
3833
7113
3588
3590
3588
3591
6776
3592
3594
7173
3590
3591
3592
3596
3838
3592
3839
7165
3598
3840
7169
3595
3597
3595
3598
6795
3599
3601
7225
3597
3598
3599
3603
3845
3599
3846
7217
3605
3847
7221
3602
3604
4883
3602
3605
6812
3606
7265
3604
3605
4886
3606
3852
4887
3606
3853
7257
3854
7261
3609
3611
10162
3609
3612
3613
3671
3859
10163
3611
3612
6394
3613
3615
3673
3613
3617
3862
6395
3619
3675
3863
3616
3618
6422
3616
3619
3620
3622
4888
3618
3619
6427
3620
3624
3866
6425
3620
3867
4891
3626
3868
4892
3623
3625
6466
3623
3626
3627
3629
4895
3625
3626
6471
3627
3631
3873
6469
3627
3874
4898
3633
3875
4899
3630
3632
6494
3630
3633
3634
4902
5749
3632
3633
6499
3634
3880
6497
3634
3881
4905
3882
4906
5752
3637
3639
6532
3637
3640
10302
3641
3643
4909
3639
3640
10309
3641
3645
3887
6535
3641
3888
4912
10314
3647
3889
4913
3644
3646
6576
3644
3647
3648
3650
3646
3647
6581
3648
3652
3894
6579
3648
3895
3654
3896
3651
3653
6622
3651
3654
3655
3657
3653
3654
6627
3655
3659
3901
6625
3655
3902
3661
3903
3658
3660
6655
3658
3661
3662
3664
3660
3661
6659
3662
3666
3908
6657
3662
3909
3668
3910
3665
3667
3665
3668
3669
3684
6149
3667
3668
6670
3669
3915
3669
3687
3916
3688
3917
6150
3672
3674
10164
3672
3675
10166
3676
3692
3922
10168
3674
3675
3676
3694
4889
3676
3925
4891
3696
3926
4893
3679
3681
10305
3679
3682
4904
3683
4910
4923
3681
3682
4906
10311
3683
3950
4912
10317
3683
3951
4908
4926
3952
4914
4927
3686
3688
5842
3686
3689
3690
3698
6151
3688
3689
3690
3985
6156
3690
3701
3986
3702
3987
6154
3693
3695
9873
3693
3696
10170
3697
3706
3992
3696
3697
3708
4574
10320
3697
3995
4576
3710
3996
4578
3700
3702
5844
3700
3703
3704
3712
6158
3702
3703
3704
4055
6164
3704
3715
4056
3716
4057
6161
3707
3709
3707
3710
3711
3720
4062
3709
3710
3711
3722
4931
3711
4065
4933
3724
4066
4935
3714
3716
5847
3714
3717
3718
3726
6166
3716
3717
3718
4125
6171
3718
3729
4126
3730
4127
6169
3721
3723
4841
3721
3724
3725
3734
4132
10171
3723
3724
4844
3725
3736
4845
4945
3725
4135
4947
3738
4136
4949
3728
3730
5850
3728
3731
3732
3740
6174
3730
3731
3732
4195
6179
3732
3743
4196
3744
4197
6177
3735
3737
10172
3735
3738
10174
3739
3748
4202
10175
3737
3738
3739
3750
4952
3739
4205
4954
3752
4206
4956
3742
3744
5853
3742
3745
3746
3754
6181
3744
3745
3746
4265
6186
3746
3757
4266
3758
4267
6184
3749
3751
10177
3749
3752
10180
3753
3762
4272
10182
3751
3752
3753
3764
4959
3753
4275
4961
3766
4276
4963
3756
3758
5856
3756
3759
3760
3768
6188
3758
3759
3760
4335
6196
3760
3771
4336
3772
4337
6192
3763
3765
10184
3763
3766
10187
3767
3776
4342
10189
3765
3766
3767
3778
4966
3767
4345
4968
3780
4346
4970
3770
3772
4871
5859
3770
3773
4872
3774
3782
4873
3772
3773
3774
4405
6204
3774
3785
4406
3786
4407
6199
3777
3779
10192
3777
3780
10194
3781
3790
4412
10197
3779
3780
3781
3792
4973
3781
4415
4975
3794
4416
4977
3784
3786
4885
3784
3787
4886
3788
3852
4887
3786
3787
3788
4475
6212
3788
3855
4476
3856
4477
6209
3791
3793
3791
3794
10199
3795
4482
3793
3794
3795
3797
6834
3795
3799
4485
3801
4486
6833
3798
3800
4974
3798
3801
6679
3802
3804
6866
3800
3801
4977
3802
3806
4489
4978
3802
4490
6862
3808
4491
6864
3805
3807
3805
3808
6692
3809
3811
6915
3807
3808
3809
3813
4496
3809
4497
6910
3815
4498
6912
3812
3814
3812
3815
6709
3816
3818
6969
3814
3815
3816
3820
4503
3816
4504
6963
3822
4505
6966
3819
3821
3819
3822
6727
3823
3825
7023
3821
3822
3823
3827
4510
3823
4511
7017
3829
4512
7020
3826
3828
3826
3829
6744
3830
3832
7075
3828
3829
3830
3834
4517
3830
4518
7069
3836
4519
7072
3833
3835
3833
3836
6762
3837
3839
7128
3835
3836
3837
3841
4524
3837
4525
7122
3843
4526
7125
3840
3842
3840
3843
6781
3844
3846
7182
3842
3843
3844
3848
4531
3844
4532
7178
3850
4533
7180
3847
3849
3847
3850
6800
3851
3853
7234
3849
3850
3851
3855
4538
3851
4539
7230
3857
4540
7232
3854
3856
3854
3857
6817
3858
7275
3856
3857
3858
4545
6216
3858
4546
7270
4547
7272
3861
3863
10200
3861
3864
3865
3923
3863
3864
6396
3865
3867
3925
3865
3869
3871
3927
8859
3868
3870
6429
3868
3871
3872
3874
3929
3870
3871
3872
3876
3872
3932
8893
3878
3933
8892
3875
3877
6473
3875
3878
3879
3881
3936
3877
3878
3879
3883
3879
3939
8963
3885
3940
8962
3882
3884
9899
3882
3885
3886
3943
5755
3884
3885
8628
10489
3886
9065
3886
3946
9068
3947
9066
3889
3891
6537
3889
3892
10321
3893
3895
3957
3891
3892
10326
3893
3897
9286
10490
3893
3960
10330
3899
3961
9287
3896
3898
6583
3896
3899
3900
3902
3964
3898
3899
3900
3904
9398
10491
3900
3967
9400
3906
3968
9399
3903
3905
6629
3903
3906
3907
3909
3971
3905
3906
8775
10492
3907
3911
6631
10493
3907
3974
9510
3913
3975
9508
3910
3912
6661
3910
3913
3914
3916
3978
3912
3913
8812
10494
3914
3918
3914
3981
9608
3920
3982
9607
3917
3919
3917
3920
3921
3985
6219
3919
3920
3921
3921
3988
9679
3989
3924
3926
10201
3924
3927
3928
3993
3926
3927
3928
3930
3995
3928
3932
8860
3934
3997
8861
3931
3933
4892
3931
3934
4893
3935
3937
3999
4894
3933
3934
8578
3935
3939
8894
3935
4002
8899
3941
4003
8896
3938
3940
4899
3938
3941
4900
3942
3944
4006
4901
3940
3941
8597
3942
3946
8964
3942
4009
8969
3948
4010
8966
3945
3947
4906
3945
3948
4907
3949
3951
4013
4908
3947
3948
8629
3949
3953
9069
3949
4016
9074
3955
4017
9071
3952
3954
10323
3952
3955
3956
3958
4020
3954
3955
10327
3956
3960
10332
3956
4023
9180
3962
4024
9177
3959
3961
4913
3959
3962
4914
3963
3965
4027
4915
3961
3962
8701
3963
3967
9288
3963
4030
9293
3969
4031
9290
3966
3968
3966
3969
3970
3972
4034
3968
3969
8738
3970
3974
9401
3970
4037
9406
3976
4038
9403
3973
3975
3973
3976
3977
3979
4041
3975
3976
8776
3977
3981
9512
3977
4044
9517
3983
4045
9514
3980
3982
3980
3983
3984
3986
4048
3982
3983
8813
3984
3988
9609
3984
4051
9613
3990
4052
9611
3987
3989
5864
3987
3990
3991
4055
6220
3989
3990
8839
3991
3991
4058
9680
4059
6221
10495
3994
3996
3994
3997
3998
4063
10496
3996
3997
3998
4000
4065
3998
4002
8862
4004
4067
8863
4001
4003
4577
4001
4004
4578
4005
4007
4069
4579
4003
4004
8580
4005
4009
8901
4005
4072
8907
4011
4073
8904
4008
4010
4584
4008
4011
4585
4012
4014
4076
4586
4010
4011
8599
4012
4016
8972
4012
4079
8981
4018
4080
8976
4015
4017
4920
4015
4018
4921
4019
4021
4083
4922
4017
4018
8631
4019
4023
9077
4019
4086
9086
4025
4087
9081
4022
4024
4927
4022
4025
4928
4026
4028
4090
4929
4024
4025
8666
4026
4030
9183
4026
4093
9192
4032
4094
9187
4029
4031
4029
4032
4033
4035
4097
4031
4032
8703
4033
4037
9296
4033
4100
9305
4039
4101
9300
4036
4038
4036
4039
4040
4042
4104
4038
4039
8740
4040
4044
9409
4040
4107
9418
4046
4108
9413
4043
4045
4043
4046
4047
4049
4111
4045
4046
8778
4047
4051
9520
4047
4114
9528
4053
4115
9524
4050
4052
4050
4053
4054
4056
4118
4052
4053
8815
4054
4058
9616
4054
4121
9621
4060
4122
9618
4057
4059
5865
4057
4060
4061
4125
6222
4059
4060
8840
4061
9681
10497
4061
4128
9683
4129
9682
10498
4064
4066
4064
4067
10499
4068
4133
8868
4066
4067
4068
4070
4135
4068
4072
8864
4074
4137
8866
4071
4073
4934
4071
4074
4935
4075
4077
4139
4936
4073
4074
8582
4075
4079
8909
4075
4142
8915
4081
4143
8912
4078
4080
4941
4078
4081
4942
4082
4084
4146
4943
4080
4081
8603
4082
4086
8985
4082
4149
8995
4088
4150
8990
4085
4087
4085
4088
4089
4091
4153
4087
4088
8635
4089
4093
9091
4089
4156
9101
4095
4157
9096
4092
4094
4092
4095
4096
4098
4160
4094
4095
8670
4096
4100
9197
4096
4163
9207
4102
4164
9202
4099
4101
4099
4102
4103
4105
4167
4101
4102
8707
4103
4107
9310
4103
4170
9320
4109
4171
9315
4106
4108
4106
4109
4110
4112
4174
4108
4109
8744
4110
4114
9423
4110
4177
9433
4116
4178
9428
4113
4115
4113
4116
4117
4119
4181
4115
4116
8782
4117
4121
9533
4117
4184
9541
4123
4185
9537
4120
4122
4120
4123
4124
4126
4188
4122
4123
8818
4124
4128
9624
4124
4191
9629
4130
4192
9627
4127
4129
5867
4127
4130
4131
4195
6224
4129
4130
8842
4131
6227
10336
4131
4198
9685
4199
6226
10337
4134
4136
10202
4134
4137
8576
4138
4203
8873
10338
4136
4137
4138
4140
4205
4138
4142
8869
4144
4207
8871
4141
4143
4948
4141
4144
4949
4145
4147
4209
4950
4143
4144
8584
4145
4149
8918
4145
4212
8925
4151
4213
8922
4148
4150
4148
4151
4152
4154
4216
4150
4151
8607
4152
4156
8999
4152
4219
9009
4158
4220
9004
4155
4157
4155
4158
4159
4161
4223
4157
4158
8640
4159
4163
9106
4159
4226
9116
4165
4227
9111
4162
4164
4162
4165
4166
4168
4230
4164
4165
8675
4166
4170
9212
4166
4233
9222
4172
4234
9217
4169
4171
4169
4172
4173
4175
4237
4171
4172
8712
4173
4177
9325
4173
4240
9335
4179
4241
9330
4176
4178
4176
4179
4180
4182
4244
4178
4179
8749
4180
4184
9438
4180
4247
9448
4186
4248
9443
4183
4185
4183
4186
4187
4189
4251
4185
4186
8787
4187
4191
9546
4187
4254
9554
4193
4255
9550
4190
4192
4190
4193
4194
4196
4258
4192
4193
8821
4194
4198
9632
4194
4261
9636
4200
4262
9634
4197
4199
5869
4197
4200
4201
4265
6228
4199
4200
8844
4201
6229
10339
4201
4268
9687
4269
4204
4206
10203
4204
4207
10204
10340
4208
4273
8877
10341
4206
4207
4208
4210
4275
4208
4212
8874
4214
4277
8876
4211
4213
4955
4211
4214
4956
4215
4217
4279
4957
4213
4214
8587
4215
4219
8928
4215
4282
8934
4221
4283
8931
4218
4220
4218
4221
4222
4224
4286
4220
4221
8611
4222
4226
9013
4222
4289
9023
4228
4290
9018
4225
4227
4225
4228
4229
4231
4293
4227
4228
8645
4229
4233
9121
4229
4296
9131
4235
4297
9126
4232
4234
4232
4235
4236
4238
4300
4234
4235
8680
4236
4240
9227
4236
4303
9237
4242
4304
9232
4239
4241
4239
4242
4243
4245
4307
4241
4242
8717
4243
4247
9340
4243
4310
9350
4249
4311
9345
4246
4248
4246
4249
4250
4252
4314
4248
4249
8754
4250
4254
9453
4250
4317
9463
4256
4318
9458
4253
4255
4253
4256
4257
4259
4321
4255
4256
8792
4257
4261
9559
4257
4324
9567
4263
4325
9563
4260
4262
4260
4263
4264
4266
4328
4262
4263
8824
4264
4268
9639
4264
4331
9643
4270
4332
9641
4267
4269
5870
4267
4270
4271
4335
6230
4269
4270
8845
4271
6232
4271
4338
9690
4339
9688
4274
4276
10205
4274
4277
4278
4343
8880
10342
4276
4277
4278
4280
4345
4278
4282
8878
4284
4347
8879
4281
4283
4962
4281
4284
4963
4285
4287
4349
4964
4283
4284
8589
4285
4289
8936
4285
4352
8942
4291
4353
8939
4288
4290
4288
4291
4292
4294
4356
4290
4291
8615
4292
4296
9027
4292
4359
9037
4298
4360
9032
4295
4297
4295
4298
4299
4301
4363
4297
4298
8650
4299
4303
9136
4299
4366
9146
4305
4367
9141
4302
4304
4302
4305
4306
4308
4370
4304
4305
8685
4306
4310
9242
4306
4373
9252
4312
4374
9247
4309
4311
4309
4312
4313
4315
4377
4311
4312
8722
4313
4317
9355
4313
4380
9365
4319
4381
9360
4316
4318
4316
4319
4320
4322
4384
4318
4319
8759
4320
4324
9468
4320
4387
9478
4326
4388
9473
4323
4325
4323
4326
4327
4329
4391
4325
4326
8797
4327
4331
9572
4327
4394
9580
4333
4395
9576
4330
4332
4330
4333
4334
4336
4398
4332
4333
8827
4334
4338
9646
4334
4401
9653
4340
4402
9649
4337
4339
5871
4337
4340
4341
4405
6233
4339
4340
8846
4341
6241
4341
4408
9692
4409
6237
4344
4346
10206
4344
4347
8577
10343
4348
4413
8885
10344
4346
4347
4348
4350
4415
4348
4352
8881
4354
4417
8883
4351
4353
4969
4351
4354
4970
4355
4357
4419
4971
4353
4354
8591
4355
4359
8944
4355
4422
8950
4361
4423
8947
4358
4360
4358
4361
4362
4364
4426
4360
4361
8619
4362
4366
9041
4362
4429
9050
4368
4430
9046
4365
4367
4365
4368
4369
4371
4433
4367
4368
8655
4369
4373
9151
4369
4436
9161
4375
4437
9156
4372
4374
4372
4375
4376
4378
4440
4374
4375
8690
4376
4380
9257
4376
4443
9267
4382
4444
9262
4379
4381
4379
4382
4383
4385
4447
4381
4382
8727
4383
4387
9370
4383
4450
9380
4389
4451
9375
4386
4388
4386
4389
4390
4392
4454
4388
4389
8764
4390
4394
9483
4390
4457
9492
4396
4458
9488
4393
4395
4393
4396
4397
4399
4461
4395
4396
8802
4397
4401
9585
4397
4464
9594
4403
4465
9590
4400
4402
4400
4403
4404
4406
4468
4402
4403
8830
4404
4408
9657
4404
4471
9666
4410
4472
9662
4407
4409
5874
4407
4410
4411
4475
6244
4409
4410
8849
4411
6249
10345
4411
4478
9700
4479
9696
10350
4414
4416
10208
4414
4417
10210
10354
4418
4483
8890
10355
4416
4417
4418
4420
4485
4418
4422
8886
4424
4487
8888
4421
4423
4976
4421
4424
4977
4425
4427
4489
4978
4423
4424
8593
4425
4429
8953
4425
4492
8958
4431
4493
8956
4428
4430
4428
4431
4432
4434
4496
4430
4431
8623
4432
4436
9054
4432
4499
9060
4438
4500
9057
4435
4437
4435
4438
4439
4441
4503
4437
4438
8660
4439
4443
9165
4439
4506
9172
4445
4507
9169
4442
4444
4442
4445
4446
4448
4510
4444
4445
8695
4446
4450
9272
4446
4513
9279
4452
4514
9276
4449
4451
4449
4452
4453
4455
4517
4451
4452
8732
4453
4457
9385
4453
4520
9392
4459
4521
9389
4456
4458
4456
4459
4460
4462
4524
4458
4459
8769
4460
4464
9496
4460
4527
9502
4466
4528
9499
4463
4465
4463
4466
4467
4469
4531
4465
4466
8807
4467
4471
9598
4467
4534
9603
4473
4535
9601
4470
4472
4470
4473
4474
4476
4538
4472
4473
8835
4474
4478
9670
4474
4541
9675
4480
4542
9673
4477
4479
5879
4477
4480
4481
4545
6254
4479
4480
8854
4481
6260
10356
4481
4548
9704
4549
6257
4484
4486
4484
4487
10211
10359
4488
4486
4487
4488
4490
6835
4488
4492
8891
4494
4491
4493
4491
4494
6681
4495
4497
6869
4493
4494
8596
4495
4499
8960
4495
4501
8961
10360
4498
4500
4498
4501
6695
4502
4504
6919
4500
4501
8626
4502
4506
9062
4502
9064
10361
4508
6918
10362
4505
4507
4505
4508
6713
4509
4511
6975
4507
4508
8664
4509
4513
9175
4509
6973
10363
4515
6974
10364
4512
4514
4512
4515
6731
4516
4518
7027
4514
4515
8699
4516
4520
9282
4516
9285
10365
4522
9284
10366
4519
4521
4519
4522
6748
4523
4525
7080
4521
4522
8736
4523
4527
9395
4523
7079
10367
4529
9397
10368
4526
4528
4526
4529
6766
4530
4532
7132
4528
4529
8773
4530
4534
9505
4530
9507
10369
4536
7131
10370
4533
4535
4533
4536
6784
4537
4539
7186
4535
4536
8810
4537
4541
9605
4537
7185
10371
4543
9606
10372
4540
4542
4540
4543
6803
4544
4546
7237
4542
4543
8838
4544
4548
9677
4544
4550
9678
10373
4547
4549
5883
4547
4550
6820
4551
6264
4549
4550
8857
4551
6267
4551
7278
10374
6266
4554
4556
9806
4554
4557
4558
4587
10272
4556
4557
4558
4594
4558
4590
4595
4591
4596
4561
4563
4640
4708
4561
4564
4641
4565
4642
4728
4741
4563
4711
4565
4566
4712
4730
4565
4567
4744
4568
4732
4745
4568
4570
4799
4568
4571
4572
4819
4832
4570
4802
4572
4580
4803
4821
4572
4581
4835
4582
4823
4836
4577
4890
4575
4578
9874
4579
4581
4930
4577
4578
4893
4579
4583
4894
4579
4933
4585
4934
4582
4584
4897
4582
4585
4586
4917
4937
4584
4585
4900
4586
4901
4919
4586
4940
4921
4941
4589
4591
9807
4589
4592
4593
5757
4591
4592
4593
4601
4749
4593
4602
4603
4750
4596
4598
4596
4599
4600
4601
4598
4599
4600
4600
4604
4605
4603
4605
4603
4606
4607
4839
4605
4606
4607
4840
4607
4841
4610
4612
4610
4613
4614
4629
4987
4612
4613
4614
4699
4989
4614
4632
4700
4633
4701
4991
4617
4619
4617
4620
4988
4621
4979
4619
4620
4990
4621
4713
4621
4714
4982
4992
4715
4983
4624
4626
4624
4627
4628
4626
4627
4628
4720
4628
4721
4722
4631
4633
4631
4634
4635
4637
4650
4633
4634
4635
4639
4635
4653
4641
4654
4638
4640
4988
4638
4641
4642
4980
4640
4641
4991
4642
4982
4992
4642
4984
4645
4647
4645
4648
4981
4649
4647
4648
4983
4649
4734
4649
4735
4985
4736
4652
4654
4652
4655
4656
4657
4654
4655
4656
4656
4660
4661
4659
4661
4659
4662
4663
4664
4661
4662
4663
4663
4667
4668
4666
4668
4666
4669
4670
4671
4668
4669
4670
4755
4670
4674
4756
4675
4757
4673
4675
4673
4676
4677
4678
4675
4676
4677
4762
4677
4681
4763
4682
4764
4680
4682
4680
4683
4684
4692
4682
4683
4684
4769
4684
4695
4770
4696
4771
4687
4689
5777
4687
4690
4691
4689
4690
4691
4776
6269
4691
4777
4778
4694
4696
4694
4697
4698
4696
4697
4698
4783
4698
4784
4785
4701
4703
4701
4704
4705
4707
4703
4704
4705
4709
4790
4705
4791
4711
4792
4708
4710
4990
4708
4711
4991
4712
4714
4992
4710
4711
4712
4716
4797
4712
4798
4718
4799
4715
4717
4715
4718
4719
4727
4717
4718
4719
4804
4719
4730
4805
4731
4806
4722
4724
4722
4725
4726
4724
4725
4726
4811
4726
4812
4813
4729
4731
4983
4729
4732
4984
4733
4735
4985
4731
4732
4733
4737
4818
4733
4819
4739
4820
4736
4738
4736
4739
4740
4738
4739
4740
4825
4740
4826
4827
4743
4745
4743
4746
4747
4745
4746
4747
4832
4747
4833
4834
4750
4752
10335
4750
4753
4754
4839
4752
4753
4754
4754
4842
4843
4757
4759
4757
4760
4761
4762
4759
4760
4761
4846
4761
4765
4847
4766
4848
4764
4766
4764
4767
4768
4769
4766
4767
4768
4853
4768
4772
4854
4773
4855
4771
4773
4771
4774
4775
4783
4773
4774
4775
4860
4775
4786
4861
4787
4862
4778
4780
5805
4778
4781
4782
4780
4781
4782
4867
6273
4782
4868
4869
4785
4787
4785
4788
4789
4787
4788
4789
4874
4789
4875
4876
4792
4794
4792
4795
4796
4798
4794
4795
4796
4800
4888
4796
4889
4802
4890
4799
4801
4799
4802
4803
4805
4801
4802
4803
4807
4895
4803
4896
4809
4897
4806
4808
4806
4809
4810
4818
4808
4809
4810
4902
4810
4821
4903
4822
4904
4813
4815
4813
4816
4817
4815
4816
4817
4909
4817
4910
4911
4820
4822
4820
4823
4824
4826
4822
4823
4824
4828
4916
4824
4917
4830
4918
4827
4829
4827
4830
4831
4829
4830
4831
4923
4831
4924
4925
4834
4836
4834
4837
4838
4836
4837
4838
4937
4838
4938
4939
4841
4843
4841
4844
4845
4843
4844
4845
4845
4848
4850
4848
4851
4852
4853
4850
4851
4852
4951
4852
4856
4952
4857
4953
4855
4857
4855
4858
4859
4860
4857
4858
4859
4958
4859
4863
4959
4864
4960
4862
4864
4862
4865
4866
4874
4864
4865
4866
4965
4866
4877
4966
4878
4967
4869
4871
5837
4869
4872
4873
4881
4871
4872
4873
6278
4873
4884
4885
4876
4878
4876
4879
4880
4878
4879
4880
4972
4880
4973
4974
4883
4885
4883
4886
4887
4885
4886
4887
4887
4890
4892
4890
4893
4894
4896
4892
4893
4894
4898
4894
4900
4897
4899
4897
4900
4901
4903
4899
4900
4901
4905
4901
4907
4904
4906
4904
4907
4908
4916
4906
4907
4908
4908
4919
4920
4911
4913
4911
4914
4915
4913
4914
4915
4915
4918
4920
4918
4921
4922
4924
4920
4921
4922
4926
4922
4928
4925
4927
4925
4928
4929
4927
4928
4929
4929
4932
4934
4932
4935
4936
4938
4944
4934
4935
4936
4940
4936
4947
4942
4948
4939
4941
4939
4942
4943
4941
4942
4943
4943
4946
4948
4946
4949
4950
4951
4948
4949
4950
4950
4954
4955
4953
4955
4953
4956
4957
4958
4955
4956
4957
4957
4961
4962
4960
4962
4960
4963
4964
4965
4962
4963
4964
4964
4968
4969
4967
4969
4967
4970
4971
4972
4969
4970
4971
4971
4975
4976
4974
4976
4974
4977
4978
4976
4977
4978
4978
4981
4983
4981
4984
4985
4983
4984
4985
4985
4988
4990
4988
4991
4992
4990
4991
4992
4992
4994
9932
10378
10415
10421
4995
9932
10378
10415
10422
9933
10379
10416
10423
4997
9932
9999
10001
10002
10004
9933
9999
10003
10005
4999
5713
10216
10227
10230
10231
5000
5714
10217
10228
10232
5715
10218
10229
10233
5002
9937
9938
10001
10008
10011
5003
9939
10002
10009
10011
9940
10003
10010
10012
5005
9945
9946
10008
10015
10018
5006
9947
10009
10016
10018
9948
10010
10017
10019
5008
9958
9959
10015
10022
10025
5009
9960
10016
10023
10025
9961
10017
10024
10026
5011
9966
9967
10022
10029
10032
5012
9968
10023
10030
10032
9969
10024
10031
10033
5014
9974
9975
10029
10036
10037
10040
5015
9976
10030
10038
10041
9977
10031
10039
10042
5017
9982
10036
10047
10051
5018
9983
10036
10047
10052
5019
9984
10037
10048
10053
5020
9985
10038
10049
10054
9986
10039
10050
10055
5022
9991
10047
10048
10060
10062
5023
9992
10049
10060
10063
9993
10050
10061
10064
9996
9997
10060
10061
10067
10484
5026
10004
10068
10070
10072
10005
10068
10071
10073
5028
5719
10230
10245
10254
10255
5029
5720
10231
10246
10256
5030
5721
10232
10247
10257
5722
10233
10248
10258
5733
10011
10012
10070
10071
10076
5734
10018
10019
10076
5734
10025
10026
10335
10032
10033
10077
10078
10079
10335
5036
10040
10077
10082
10083
10086
5037
10041
10077
10084
10087
10042
10078
10085
10088
5039
10051
10082
10093
10097
5040
10052
10082
10093
10098
5041
10053
10083
10094
10099
5042
10054
10084
10095
10100
10055
10085
10096
10101
5044
10062
10093
10094
10106
10108
5045
10063
10095
10106
10109
10064
10096
10107
10110
6672
10067
10106
10107
10113
10114
5048
10072
10115
10117
10119
10073
10115
10118
10120
5050
5735
10254
10278
10283
5051
5736
10255
10279
10283
5052
5737
10256
10280
10284
5053
5738
10257
10281
10285
5739
10258
10282
10286
5733
5748
10117
10118
10079
10123
10124
10125
5057
10086
10123
10128
10129
10132
5058
10087
10123
10130
10133
10088
10124
10131
10134
5060
10097
10128
10139
10143
5061
10098
10128
10139
10143
5062
10099
10129
10140
10144
5063
10100
10130
10141
10145
10101
10131
10142
10146
5065
10108
10139
10140
10151
10153
5066
10109
10141
10151
10154
10110
10142
10152
10155
5068
10113
10151
10158
10160
10114
10152
10159
10160
5070
6528
6529
6532
10302
10309
5071
6530
6533
10303
10309
6531
6534
10304
10310
5073
10119
10162
10164
10166
10120
10162
10165
10167
5075
5749
10283
10305
10311
5076
5749
10284
10306
10311
5077
5750
10285
10307
10312
5751
10286
10308
10313
5748
10164
10165
10170
10125
10172
10173
10174
5081
10132
10172
10177
10180
5082
10133
10172
10178
10180
10134
10173
10179
10181
5084
10143
10144
10177
10184
10187
5085
10145
10178
10185
10187
10146
10179
10186
10188
5087
10153
10184
10192
10194
5088
10154
10185
10192
10195
10155
10186
10193
10196
10160
10192
10193
10199
10166
10167
10200
10201
5092
5755
10311
10323
10327
5093
5755
10312
10324
10328
5756
10313
10325
10329
10170
10201
5096
10174
10202
10203
10204
10174
10202
10203
10204
10180
10181
10203
10205
5099
10187
10205
10206
10343
10188
10205
10207
10343
5101
10194
10195
10206
10208
10210
10196
10207
10209
10210
10199
10208
10209
10211
5104
5113
9706
9712
5105
5113
9707
9713
5106
5114
9708
9714
5107
5115
9709
9715
5116
9710
9716
5109
5113
9706
9757
5110
5113
9707
9758
5111
5114
9708
9759
5112
5115
9709
9760
5116
9710
9761
5114
5122
5240
5115
5123
5241
5116
5124
5242
5125
5243
5118
5126
9712
9717
5119
5126
9713
9718
5120
5127
9714
9719
5121
5128
9715
9720
5129
9716
9721
5123
5126
9712
9713
9764
5124
5127
9714
9764
5125
5128
9715
9765
5129
9716
9766
5127
5135
5253
5128
5136
5253
5129
5137
5254
5138
5255
5131
5139
9717
9722
5132
5139
9718
9723
5133
5140
9719
9724
5134
5141
9720
9725
5142
9721
9726
5136
5139
9717
9718
9767
5137
5140
9719
9767
5138
5141
9720
9768
5142
9721
9769
5140
5148
5261
5141
5149
5261
5142
5150
5262
5151
5263
5144
5152
9722
9727
5145
5152
9723
9728
5146
5153
9724
9729
5147
5154
9725
9730
5155
9726
9731
5149
5152
9722
9723
9770
5150
5153
9724
9770
5151
5154
9725
9771
5155
9726
9772
5153
5161
5268
5154
5162
5268
5155
5163
5269
5164
5270
5157
5165
9727
9732
5158
5165
9728
9733
5159
5166
9729
9734
5160
5167
9730
9735
5168
9731
9736
5162
5165
9727
9728
9773
5163
5166
9729
9773
5164
5167
9730
9774
5168
9731
9775
5166
5174
5275
5167
5175
5275
5168
5176
5276
5177
5277
5170
5178
9732
9737
5171
5178
9733
9738
5172
5179
9734
9739
5173
5180
9735
9740
5181
9736
9741
5175
5178
9732
9733
9776
5176
5179
9734
9776
5177
5180
9735
9777
5181
9736
9778
5179
5187
5282
5180
5188
5282
5181
5189
5283
5190
5284
5183
5191
9737
9742
5184
5191
9738
9743
5185
5192
9739
9744
5186
5193
9740
9745
5194
9741
9746
5188
5191
9737
9738
9779
5189
5192
9739
9779
5190
5193
9740
9780
5194
9741
9781
5192
5200
5201
5289
5193
5202
5290
5194
5203
5291
5204
5292
5196
5205
9742
9747
5197
5206
9743
9748
5198
5207
9744
9749
5199
5208
9745
9750
5209
9746
9751
5201
5205
9742
9782
5202
5206
9743
9783
5203
5207
9744
9784
5204
5208
9745
9785
5209
9746
9786
5206
5215
5300
5207
5216
5301
5208
5217
5302
5209
5218
5303
5219
5304
5211
5220
9747
9752
5212
5221
9748
9753
5213
5222
9749
9754
5214
5223
9750
9755
5224
9751
9756
5216
5220
9747
9787
5217
5221
9748
9788
5218
5222
9749
9789
5219
5223
9750
9790
5224
9751
9791
5221
5230
5315
5222
5231
5316
5223
5232
5317
5224
5233
5318
5234
5319
5226
5235
9752
5227
5236
9753
5228
5237
9754
5229
5238
9755
5239
9756
5231
5235
9752
9792
5232
5236
9753
9793
5233
5237
9754
9794
5234
5238
9755
9795
5239
9756
9796
5236
5330
5237
5331
5238
5332
5239
5333
5334
5241
5249
9757
9758
9764
5242
5250
9759
9764
5243
5251
9760
9765
5252
9761
9766
5245
5249
9757
9797
5246
5249
9758
9798
5247
5250
9759
9799
5248
5251
9760
9800
5252
9761
9801
5250
5256
5345
5251
5256
5346
5252
5257
5347
5258
5348
5254
5259
9764
9767
5255
5259
9765
9768
5260
9766
9769
5257
5259
9764
9802
5258
5259
9765
9803
5260
9766
9804
5260
5264
5358
5265
5359
5262
5266
9767
9770
5263
5266
9768
9771
5267
9769
9772
5265
5266
9767
9768
9805
5267
9769
9805
5267
5271
5365
5272
5365
5269
5273
9770
9773
5270
5273
9771
9774
5274
9772
9775
5272
5273
9770
9771
9806
5274
9772
9806
5274
5278
10272
5279
10272
5276
5280
9773
9776
5277
5280
9774
9777
5281
9775
9778
5279
5280
9773
9774
9807
5281
9775
9807
5281
5285
5757
5286
5757
5283
5287
9776
9779
5284
5287
9777
9780
5288
9778
9781
5286
5287
9776
9777
9808
5288
9778
9808
5288
5293
5294
5367
5295
5368
5290
5296
9779
9782
9783
5291
5297
9779
9784
5292
5298
9780
9785
5299
9781
9786
5294
5296
5297
9779
9809
5295
5298
9780
9810
5299
9781
9811
5297
5305
5306
5372
5298
5307
5373
5299
5308
5374
5309
5375
5301
5310
9782
9787
5302
5311
9783
9788
5303
5312
9784
9789
5304
5313
9785
9790
5314
9786
9791
5306
5310
9782
9812
5307
5311
9783
9813
5308
5312
9784
9814
5309
5313
9785
9815
5314
9786
9816
5311
5320
5383
5312
5321
5384
5313
5322
5385
5314
5323
5386
5324
5387
5316
5325
9787
9792
5317
5326
9788
9793
5318
5327
9789
9794
5319
5328
9790
9795
5329
9791
9796
5321
5325
9787
9817
5322
5326
9788
9818
5323
5327
9789
9819
5324
5328
9790
9820
5329
9791
9821
5326
5335
5398
5327
5336
5399
5328
5337
5400
5329
5338
5401
5339
5402
5331
5340
9792
5332
5341
9793
5333
5342
9794
5334
5343
9795
5344
9796
5336
5340
9792
9822
5337
5341
9793
9823
5338
5342
9794
9824
5339
5343
9795
9825
5344
9796
9826
5341
5413
5342
5414
5343
5415
5344
5416
5417
5346
5354
9797
9798
9802
5347
5355
9799
9802
5348
5356
9800
9803
5357
9801
9804
5350
5354
9797
9827
5351
5354
9798
9828
5352
5355
9799
9829
5353
5356
9800
9830
5357
9801
9831
5355
5360
5428
5356
5360
5429
5357
5361
5430
5362
5431
5359
5363
9802
9803
9805
5364
9804
9805
5361
5363
9802
9837
5362
5363
9803
9838
5364
9804
9839
5364
5366
5441
5366
5442
9805
9806
9805
9840
9841
10269
5368
5370
9808
9809
9810
5371
9808
9811
5370
5371
9808
9845
5371
5376
5377
5450
5378
5451
5373
5379
9809
9812
9813
5374
5380
9809
9814
5375
5381
9810
9815
5382
9811
9816
5377
5379
5380
9809
9846
5378
5381
9810
9847
5382
9811
9848
5380
5388
5389
5455
5381
5390
5456
5382
5391
5457
5392
5458
5384
5393
9812
9817
5385
5394
9813
9818
5386
5395
9814
9819
5387
5396
9815
9820
5397
9816
9821
5389
5393
9812
9849
5390
5394
9813
9850
5391
5395
9814
9851
5392
5396
9815
9852
5397
9816
9853
5394
5403
5466
5395
5404
5467
5396
5405
5468
5397
5406
5469
5407
5470
5399
5408
9817
9822
5400
5409
9818
9823
5401
5410
9819
9824
5402
5411
9820
9825
5412
9821
9826
5404
5408
9817
9854
5405
5409
9818
9855
5406
5410
9819
9856
5407
5411
9820
9857
5412
9821
9858
5409
5418
5481
5410
5419
5482
5411
5420
5483
5412
5421
5484
5422
5485
5414
5423
9822
5415
5424
9823
5416
5425
9824
5417
5426
9825
5427
9826
5419
5423
9822
9859
5420
5424
9823
9860
5421
5425
9824
9861
5422
5426
9825
9862
5427
9826
9863
5424
5496
5425
5497
5426
5498
5427
5499
5500
5429
5437
9827
9828
9837
5430
5438
9829
9837
5431
5439
9830
9838
5440
9831
9839
5433
5437
9827
9864
5434
5437
9828
9865
5435
5438
9829
9866
5436
5439
9830
9867
5440
9831
9868
5438
5443
5511
5439
5443
5512
5440
5444
5513
5445
5514
5442
5446
9837
9838
9840
5447
9839
9841
5444
5446
9837
9869
5445
5446
9838
9870
5447
9839
9871
5447
5448
5524
5449
5525
5449
9840
9872
10295
9841
9872
10296
5451
5453
9845
9846
9847
5454
9845
9848
5453
5454
9845
9875
5454
5459
5460
5537
5461
5538
5456
5462
9846
9849
9850
5457
5463
9846
9851
5458
5464
9847
9852
5465
9848
9853
5460
5462
5463
9846
9876
5461
5464
9847
9877
5465
9848
9878
5463
5471
5472
5542
5464
5473
5543
5465
5474
5544
5475
5545
5467
5476
9849
9854
5468
5477
9850
9855
5469
5478
9851
9856
5470
5479
9852
9857
5480
9853
9858
5472
5476
9849
9879
5473
5477
9850
9880
5474
5478
9851
9881
5475
5479
9852
9882
5480
9853
9883
5477
5486
5553
5478
5487
5554
5479
5488
5555
5480
5489
5556
5490
5557
5482
5491
9854
9859
5483
5492
9855
9860
5484
5493
9856
9861
5485
5494
9857
9862
5495
9858
9863
5487
5491
9854
9884
5488
5492
9855
9885
5489
5493
9856
9886
5490
5494
9857
9887
5495
9858
9888
5492
5501
5568
5493
5502
5569
5494
5503
5570
5495
5504
5571
5505
5572
5497
5506
9859
5498
5507
9860
5499
5508
9861
5500
5509
9862
5510
9863
5502
5506
9859
9889
5503
5507
9860
9890
5504
5508
9861
9891
5505
5509
9862
9892
5510
9863
9893
5507
5583
5508
5584
5509
5585
5510
5586
5587
5512
5520
9864
9865
9869
5513
5521
9866
9869
5514
5522
9867
9870
5523
9868
9871
5516
5520
9864
9894
5517
5520
9865
9895
5518
5521
9866
9896
5519
5522
9867
9897
5523
9868
9898
5521
5526
5598
5522
5526
5599
5523
5527
5600
5528
5601
5525
5529
9869
9870
9872
5530
9871
9872
5527
5529
9869
9901
5528
5529
9870
9902
5530
9871
9903
5530
5531
5611
5531
5612
5532
9872
9904
9905
5533
5619
5620
5534
9906
9907
5535
5627
5628
5536
9908
9909
5539
5635
5636
5538
5540
9875
9876
9877
5541
9875
9878
5540
5541
9875
9910
9911
5541
5546
5547
5643
5548
5644
5543
5549
9876
9879
9880
5544
5550
9876
9881
5545
5551
9877
9882
5552
9878
9883
5547
5549
5550
9876
9912
5548
5551
9877
9913
5552
9878
9914
5550
5558
5559
5651
5551
5560
5652
5552
5561
5653
5562
5654
5554
5563
9879
9884
5555
5564
9880
9885
5556
5565
9881
9886
5557
5566
9882
9887
5567
9883
9888
5559
5563
9879
9915
5560
5564
9880
9916
5561
5565
9881
9917
5562
5566
9882
9918
5567
9883
9919
5564
5573
5662
5565
5574
5663
5566
5575
5664
5567
5576
5665
5577
5666
5569
5578
9884
9889
5570
5579
9885
9890
5571
5580
9886
9891
5572
5581
9887
9892
5582
9888
9893
5574
5578
9884
9920
5575
5579
9885
9921
5576
5580
9886
9922
5577
5581
9887
9923
5582
9888
9924
5579
5588
5677
5580
5589
5678
5581
5590
5679
5582
5591
5680
5592
5681
5584
5593
9889
5585
5594
9890
5586
5595
9891
5587
5596
9892
5597
9893
5589
5593
9889
9925
5590
5594
9890
9926
5591
5595
9891
9927
5592
5596
9892
9928
5597
9893
9929
5594
5692
5595
5693
5596
5694
5597
5695
5696
5599
5607
9894
9895
9901
5600
5608
9896
9901
5601
5609
9897
9902
5610
9898
9903
5603
5607
9894
5604
5607
9895
5605
5608
9896
5606
5609
9897
5610
9898
5608
5613
5609
5613
5610
5614
5615
5612
5616
5617
9901
9902
9904
5618
9903
9905
5614
5616
9901
5615
5617
9902
5618
9903
5617
5621
5618
5622
5623
5620
5624
5625
9904
9906
5626
9905
9907
5622
5624
9904
5623
5625
9904
5626
9905
5625
5629
5626
5630
5631
5628
5632
5633
9906
9908
5634
9907
9909
5630
5632
9906
5631
5633
9906
5634
9907
5633
5637
5634
5638
5639
5636
5640
5641
9908
9910
5642
9909
9911
5638
5640
9908
5639
5641
9908
5642
9909
5641
5645
5642
5646
5647
5644
5648
5649
9910
9912
9913
5650
9911
9914
5646
5648
9910
5647
5649
9910
5650
9911
5649
5655
5650
5656
5657
5652
5658
9912
9915
9916
5653
5659
9912
9917
5654
5660
9913
9918
5661
9914
9919
5656
5658
5659
9912
5657
5660
9913
5661
9914
5659
5667
5668
5660
5669
5661
5670
5671
5663
5672
9915
9920
5664
5673
9916
9921
5665
5674
9917
9922
5666
5675
9918
9923
5676
9919
9924
5668
5672
9915
5669
5673
9916
5670
5674
9917
5671
5675
9918
5676
9919
5673
5682
5674
5683
5675
5684
5676
5685
5686
5678
5687
9920
9925
5679
5688
9921
9926
5680
5689
9922
9927
5681
5690
9923
9928
5691
9924
9929
5683
5687
9920
5684
5688
9921
5685
5689
9922
5686
5690
9923
5691
9924
5688
5697
5689
5698
5690
5699
5691
5700
5701
5693
5702
9925
5694
5703
9926
5695
5704
9927
5696
5705
9928
5706
9929
5698
5702
9925
5699
5703
9926
5700
5704
9927
5701
5705
9928
5706
9929
5703
5704
5705
5706
5708
5711
7422
7423
7930
7937
9711
5712
7424
7930
7938
9711
5710
5711
6474
9711
9762
5712
6474
9711
9763
5712
5713
5714
10216
10217
5715
10218
5714
5716
9762
5715
5717
9762
5718
9763
5717
5719
5720
6475
10230
10231
5718
5721
6476
10232
5722
6477
10233
5720
5728
5729
6481
5721
5730
6482
5722
5731
6483
5732
6484
5724
5728
6481
6485
9832
5725
5729
6481
6486
9833
5726
5730
6482
6487
9834
5727
5731
6483
6488
9835
5732
6484
6489
9836
5729
5735
10254
5730
5736
10255
5731
5737
10256
5732
5738
10257
5739
10258
10074
10075
10020
10021
5736
5744
9832
5737
5744
9833
5738
5745
9834
5739
5746
9835
5747
9836
5741
5744
6490
6494
9832
9833
5742
5745
6491
6494
9834
5743
5746
6492
6495
9835
5747
6493
6496
9836
5745
5749
10283
5746
5749
10284
5747
5750
10285
5751
10286
10121
10122
5750
5752
6494
5751
5753
6495
5754
6496
5753
5755
6497
10311
5754
5755
6497
10312
5756
6498
10313
5756
9066
9899
9067
9900
9807
9808
5898
5901
5902
10438
5898
5903
5906
5907
5908
5913
5914
5762
5888
5917
5919
5924
5888
5917
5920
5925
5764
5892
5919
5926
5927
5932
5933
5893
5920
5928
5934
5766
5896
5926
5935
5942
5943
5767
5896
5927
5936
5944
5897
5928
5937
5945
5769
5901
5935
5946
5953
5954
5770
5901
5936
5947
5955
5902
5937
5948
5956
5772
5906
5946
5957
5964
5965
5773
5906
5947
5958
5966
5907
5948
5959
5967
5775
5911
5957
5968
5975
5976
5776
5911
5958
5969
5977
5912
5959
5970
5978
5778
5913
5968
6269
6270
5779
5913
5969
6271
5914
5970
6272
5781
5924
5979
5982
5983
5988
5925
5979
5984
5989
5783
5932
5982
5990
5999
5784
5932
5982
5991
6000
5785
5933
5983
5992
6001
5934
5984
5993
6002
5787
5942
5990
6003
6004
6013
6014
5788
5943
5991
6005
6015
5789
5944
5992
6006
6016
5945
5993
6007
6017
5791
5953
6003
6018
6028
5792
5953
6004
6019
6029
5793
5954
6005
6020
6030
5794
5955
6006
6021
6031
5956
6007
6022
6032
5796
5964
6018
6033
6043
5797
5964
6019
6034
6044
5798
5965
6020
6035
6045
5799
5966
6021
6036
6046
5967
6022
6037
6047
5801
5975
6033
6048
6058
5802
5975
6034
6049
6059
5803
5976
6035
6050
6060
5804
5977
6036
6051
6061
5978
6037
6052
6062
5806
6048
6269
6273
5807
6049
6269
6274
5808
6050
6270
6275
5809
6051
6271
6276
6052
6272
6277
6073
6074
10486
10488
5812
5988
6073
6076
6077
6082
5989
6074
6078
6083
5814
5999
6076
6084
6085
6093
5815
6000
6076
6086
6094
5816
6001
6077
6087
6095
6002
6078
6088
6096
5818
6013
6084
6097
6106
5819
6014
6085
6098
6106
5820
6015
6086
6099
6107
5821
6016
6087
6100
6108
6017
6088
6101
6109
5823
6028
6097
6110
6119
5824
6029
6098
6111
6119
5825
6030
6099
6112
6120
5826
6031
6100
6113
6121
6032
6101
6114
6122
5828
6043
6110
6123
6132
5829
6044
6111
6124
6132
5830
6045
6112
6125
6133
5831
6046
6113
6126
6134
6047
6114
6127
6135
5833
6058
6123
6136
6145
5834
6059
6124
6137
6145
5835
6060
6125
6138
6146
5836
6061
6126
6139
6147
6062
6127
6140
6148
5838
6136
6273
6278
5839
6137
6274
6279
5840
6138
6275
6280
5841
6139
6276
6281
6140
6277
6282
5843
6082
6149
6151
6152
6156
6083
6149
6153
6157
5845
6093
6094
6151
6158
6164
5846
6095
6152
6159
6164
6096
6153
6160
6165
5848
6106
6107
6158
6166
6171
5849
6108
6159
6167
6172
6109
6160
6168
6173
5851
6119
6120
6166
6174
6179
5852
6121
6167
6175
6179
6122
6168
6176
6180
5854
6132
6133
6174
6181
6186
5855
6134
6175
6182
6186
6135
6176
6183
6187
5857
6145
6146
6181
6188
6189
6196
5858
6147
6182
6190
6197
6148
6183
6191
6198
5860
6188
6204
6278
5861
6188
6205
6279
5862
6189
6206
6280
5863
6190
6207
6281
6191
6208
6282
6156
6157
6219
6220
5866
6164
6220
6222
10497
6165
6220
6223
10497
5868
6171
6172
6222
6224
6227
6173
6223
6225
6227
6179
6180
6224
6225
6228
6229
6186
6187
6228
6230
6231
6232
5872
6196
6230
6233
6234
6241
5873
6197
6230
6235
6242
6198
6231
6236
6243
5875
6204
6233
6244
6249
5876
6205
6233
6245
6250
5877
6206
6234
6246
6251
5878
6207
6235
6247
6252
6208
6236
6248
6253
5880
6212
6244
6245
6254
6260
5881
6213
6246
6254
6261
5882
6214
6247
6255
6262
6215
6248
6256
6263
5884
6216
6217
6254
6255
6264
6267
6218
6256
6265
6268
5888
5917
5887
10430
5888
5892
5893
5919
5920
5890
5891
10430
10437
5891
5892
5896
5926
5927
5893
5897
5928
5893
10430
10430
5895
5896
5901
5935
5936
10438
5897
5902
5937
10438
5897
10437
10437
5899
5900
5900
5901
5906
5946
5947
5902
5907
5948
5902
5904
5905
10458
5905
5906
5911
5957
5958
5907
5912
5959
5907
5909
5910
10458
5910
5911
5913
5968
5969
5912
5914
5970
5912
10458
10458
5914
5916
7238
7240
7249
7250
7239
7240
7251
5918
5924
5925
5979
5920
5921
5922
5923
5922
5924
5932
5982
5923
5924
5933
5983
5925
5934
5984
5925
5927
5929
5928
5930
5931
5930
5932
5942
5943
5990
5991
5931
5933
5944
5992
5934
5945
5993
5933
5934
5936
5938
5939
5937
5940
5941
5939
5942
5953
6003
6004
5940
5943
5954
6005
5941
5944
5955
6006
5945
5956
6007
5943
5944
5945
5947
5949
5950
5948
5951
5952
5950
5953
5964
6018
6019
5951
5954
5965
6020
5952
5955
5966
6021
5956
5967
6022
5954
5955
5956
5958
5960
5961
5959
5962
5963
5961
5964
5975
6033
6034
5962
5965
5976
6035
5963
5966
5977
6036
5967
5978
6037
5965
5966
5967
5969
5971
5972
5970
5973
5974
5972
5975
6048
6049
6269
5973
5976
6050
6270
5974
5977
6051
6271
5978
6052
6272
5976
5977
5978
5980
5981
10485
5981
5988
6073
10486
5989
6074
10486
5983
5985
5984
5986
5987
5986
5988
5999
6000
6076
5987
5988
6001
6077
5989
6002
6078
5989
5991
5994
5995
5992
5996
5993
5997
5998
5995
5999
6013
6084
5996
5999
6014
6085
5997
6000
6015
6086
5998
6001
6016
6087
6002
6017
6088
6000
6001
6002
6004
6008
6005
6009
6006
6010
6007
6011
6012
6009
6013
6028
6097
6010
6014
6029
6098
6011
6015
6030
6099
6012
6016
6031
6100
6017
6032
6101
6014
6015
6016
6017
6019
6023
6020
6024
6021
6025
6022
6026
6027
6024
6028
6043
6110
6025
6029
6044
6111
6026
6030
6045
6112
6027
6031
6046
6113
6032
6047
6114
6029
6030
6031
6032
6034
6038
6035
6039
6036
6040
6037
6041
6042
6039
6043
6058
6123
6040
6044
6059
6124
6041
6045
6060
6125
6042
6046
6061
6126
6047
6062
6127
6044
6045
6046
6047
6049
6053
6050
6054
6051
6055
6052
6056
6057
6054
6058
6136
6273
6055
6059
6137
6274
6056
6060
6138
6275
6057
6061
6139
6276
6062
6140
6277
6059
6060
6061
6062
6064
6068
6807
7245
6065
6069
6808
7245
6066
6070
6809
7246
6067
6071
6810
7247
6072
6811
7248
6069
7252
7265
6070
7253
7266
6071
7254
7267
6072
7255
7268
7256
7269
6074
6075
6075
6082
6083
6149
10488
6077
6079
6078
6080
6081
6080
6082
6093
6094
6151
6081
6082
6095
6152
6083
6096
6153
6083
6085
6089
6086
6089
6087
6090
6088
6091
6092
6090
6093
6106
6158
6091
6094
6107
6158
6092
6095
6108
6159
6096
6109
6160
6094
6095
6096
6098
6102
6099
6102
6100
6103
6101
6104
6105
6103
6106
6119
6166
6104
6107
6120
6166
6105
6108
6121
6167
6109
6122
6168
6107
6108
6109
6111
6115
6112
6115
6113
6116
6114
6117
6118
6116
6119
6132
6174
6117
6120
6133
6174
6118
6121
6134
6175
6122
6135
6176
6120
6121
6122
6124
6128
6125
6128
6126
6129
6127
6130
6131
6129
6132
6145
6181
6130
6133
6146
6181
6131
6134
6147
6182
6135
6148
6183
6133
6134
6135
6137
6141
6138
6141
6139
6142
6140
6143
6144
6142
6145
6188
6278
6279
6143
6146
6189
6280
6144
6147
6190
6281
6148
6191
6282
6146
6147
6148
6150
6156
6157
6219
6152
6154
6153
6154
6155
6155
6156
6164
6220
6157
6165
6220
6157
6159
6161
6160
6162
6163
6162
6164
6171
6222
6163
6164
6172
6222
6165
6173
6223
6165
6167
6169
6168
6169
6170
6170
6171
6172
6179
6224
6173
6180
6225
6172
6173
6175
6177
6176
6177
6178
6178
6179
6186
6228
6180
6187
6228
6180
6182
6184
6183
6184
6185
6185
6186
6196
6197
6230
6187
6198
6231
6187
6189
6192
6190
6193
6191
6194
6195
6193
6196
6204
6205
6233
6194
6196
6206
6234
6195
6197
6207
6235
6198
6208
6236
6197
6198
6200
6204
6212
6244
6201
6205
6212
6245
6202
6206
6213
6246
6203
6207
6214
6247
6208
6215
6248
6205
6206
6207
6208
6210
6212
6213
6216
6254
6211
6214
6217
6255
6215
6218
6256
6213
6214
6215
6217
7272
6218
7273
7274
6221
10497
6223
10498
10498
6225
6226
6226
6227
6229
10498
6231
9688
9689
8845
9688
9689
6234
6237
6235
6238
6236
6239
6240
6238
6241
6249
6250
9692
10345
10346
6239
6241
6251
9693
10347
6240
6242
6252
9694
10348
6243
6253
9695
10349
6242
8846
9688
6243
8847
9688
8848
9689
6245
10350
6246
10350
6247
10351
6248
10352
10353
6250
10345
10350
6251
10346
10350
6252
10347
10351
6253
10348
10352
10349
10353
6255
6257
6256
6258
6259
6258
6260
6261
6267
9704
10356
6259
6262
6267
9704
10357
6263
6268
9705
10358
6261
10350
10356
6262
10351
10356
6263
10352
10357
10353
10358
6265
6266
6820
7272
7273
6266
6821
7274
6267
6268
7278
10374
6268
8857
8858
6270
6271
6272
6274
6275
6276
6277
6279
6280
6281
6282
6284
6388
6398
6399
6404
6388
6398
6400
6405
6286
6390
6404
6406
6407
6412
6390
6405
6408
6413
6288
6392
6412
6414
6415
6420
6392
6413
6416
6421
6290
6394
6420
6422
6423
6427
6394
6421
6424
6428
6396
6427
6428
6429
6293
6399
6431
6432
6437
6438
6400
6431
6433
6439
6295
6406
6437
6440
6449
6296
6406
6437
6441
6450
6297
6407
6438
6442
6451
6408
6439
6443
6452
6299
6414
6449
6453
6454
6462
6300
6414
6450
6455
6463
6301
6415
6451
6456
6464
6416
6452
6457
6465
6303
6422
6462
6463
6466
6471
6304
6423
6464
6467
6471
6424
6465
6468
6472
6429
6471
6472
6473
6474
9711
6308
6432
6474
6478
6479
9762
6433
6474
6480
9763
6310
6440
6478
6481
6485
6486
6311
6441
6478
6482
6487
6312
6442
6479
6483
6488
6443
6480
6484
6489
6314
6453
6485
6490
9832
6315
6454
6486
6490
9833
6316
6455
6487
6491
9834
6317
6456
6488
6492
9835
6457
6489
6493
9836
6319
6466
6490
6491
6494
6499
6320
6467
6492
6495
6499
6468
6493
6496
6500
6473
6499
6500
9899
9900
10489
8145
10212
10213
10214
10215
10418
6324
6502
6507
6508
10214
10224
10225
6503
6509
10215
10226
6326
6507
6510
10241
10249
10250
6327
6507
6511
10242
10251
6328
6508
6512
10243
10252
6509
6513
10244
10253
6330
6519
6528
10249
10273
6331
6520
6528
10250
10274
6332
6521
6529
10251
10275
6333
6522
6530
10252
10276
6523
6531
10253
10277
6335
6537
10309
10321
10326
6537
10310
10322
10326
6337
6502
6540
6541
6546
6547
6503
6540
6542
6548
6339
6510
6546
6549
6558
6559
6340
6511
6546
6550
6560
6341
6512
6547
6551
6561
6513
6548
6552
6562
6343
6519
6558
6563
6572
6344
6520
6559
6564
6572
6345
6521
6560
6565
6573
6346
6522
6561
6566
6574
6523
6562
6567
6575
6348
6532
6572
6573
6576
6581
6349
6533
6574
6577
6581
6534
6575
6578
6582
6537
6581
6582
6583
6538
6584
6587
6588
6353
6541
6587
6589
6594
6595
6542
6588
6590
6596
6355
6549
6594
6597
6605
6606
6356
6550
6594
6598
6607
6357
6551
6595
6599
6608
6552
6596
6600
6609
6359
6563
6605
6610
6618
6360
6564
6606
6610
6618
6361
6565
6607
6611
6619
6362
6566
6608
6612
6620
6567
6609
6613
6621
6364
6576
6618
6619
6622
6627
6365
6577
6620
6623
6627
6578
6621
6624
6628
6367
6583
6627
6629
10492
6583
6628
6630
10492
6584
6633
6370
6589
6633
6634
6638
6639
6590
6633
6635
6640
6372
6597
6598
6638
6641
6645
6373
6599
6639
6641
6646
6600
6640
6642
6647
6375
6610
6611
6645
6648
6652
6376
6612
6646
6648
6653
6613
6647
6649
6654
6378
6622
6652
6655
6659
6379
6623
6653
6655
6659
6624
6654
6656
6660
6629
6630
6659
6660
6661
10494
6634
6635
6662
6663
6641
6642
6663
6664
6666
6667
6384
6648
6666
6669
10487
6649
6667
6669
10487
6655
6656
6669
6670
6661
6670
6388
6398
6389
6390
6404
6405
6391
6392
6412
6413
6393
6394
6420
6421
6395
6396
6427
6428
6398
6399
6400
6431
6400
6401
6402
6403
6402
6404
6406
6437
6403
6404
6407
6438
6405
6408
6439
6405
6407
6409
6408
6410
6411
6410
6412
6414
6449
6450
6411
6412
6415
6451
6413
6416
6452
6413
6415
6417
6416
6418
6419
6418
6420
6422
6462
6463
6419
6420
6423
6464
6421
6424
6465
6421
6423
6425
6424
6425
6426
6426
6427
6429
6471
6428
6429
6472
6428
6431
6432
6433
6474
6433
6434
6435
6436
6435
6437
6440
6441
6478
6436
6438
6442
6479
6439
6443
6480
6438
6439
6441
6444
6445
6442
6446
6443
6447
6448
6445
6449
6453
6485
6446
6449
6454
6486
6447
6450
6455
6487
6448
6451
6456
6488
6452
6457
6489
6450
6451
6452
6454
6458
6455
6458
6456
6459
6457
6460
6461
6459
6462
6466
6490
6460
6463
6466
6491
6461
6464
6467
6492
6465
6468
6493
6463
6464
6465
6467
6469
6468
6469
6470
6470
6471
6473
6499
6472
6473
6500
6472
6476
6478
6481
6482
9762
6477
6479
6483
9762
6480
6484
9763
6479
6480
6482
6483
6484
6486
6487
6488
6489
6491
6492
6493
6495
6497
6496
6497
6498
6498
6499
9899
6500
9900
6500
6502
6503
6540
10214
10215
10418
6503
6504
6505
6506
6505
6507
6510
6511
6546
6506
6508
6512
6547
6509
6513
6548
6508
10234
6509
10235
10236
6511
6514
6515
6512
6516
6513
6517
6518
6515
6519
6558
10249
6516
6520
6559
10250
6517
6521
6560
10251
6518
6522
6561
10252
6523
6562
10253
6520
6524
6521
6524
6522
6525
6523
6526
6527
6525
6528
6532
6572
6526
6529
6532
6573
6527
6530
6533
6574
6531
6534
6575
6529
10287
6530
10288
6531
10289
10290
6533
6535
6534
6535
6536
6536
6537
6581
10309
6537
6582
10310
10490
6539
6540
6541
6542
6587
6588
6542
6543
6544
6545
6544
6546
6549
6550
6594
6545
6547
6551
6595
6548
6552
6596
6547
6548
6550
6553
6554
6551
6555
6552
6556
6557
6554
6558
6563
6605
6555
6559
6564
6606
6556
6560
6565
6607
6557
6561
6566
6608
6562
6567
6609
6559
6560
6561
6562
6564
6568
6565
6568
6566
6569
6567
6570
6571
6569
6572
6576
6618
6570
6573
6576
6619
6571
6574
6577
6620
6575
6578
6621
6573
6574
6575
6577
6579
6578
6579
6580
6580
6581
6583
6627
6582
6583
6628
6582
10491
6585
6586
6586
6587
6589
6633
6588
6590
6633
6588
6590
6591
6592
6593
6592
6594
6597
6598
6638
6593
6595
6599
6639
6596
6600
6640
6595
6596
6598
6601
6599
6602
6600
6603
6604
6602
6605
6606
6610
6645
6603
6607
6611
6645
6604
6608
6612
6646
6609
6613
6647
6606
6607
6608
6609
6611
6614
6612
6615
6613
6616
6617
6615
6618
6622
6652
6616
6619
6622
6652
6617
6620
6623
6653
6621
6624
6654
6619
6620
6621
6623
6625
6624
6625
6626
6626
6627
6629
6659
6628
6630
6660
6628
6630
6631
6631
10492
10494
6633
6634
6635
6662
6635
6636
6637
6637
6638
6639
6641
6663
6640
6642
6663
6639
6640
6642
6643
6644
6644
6645
6646
6648
6666
6647
6649
6667
6646
6647
6649
6650
6651
6651
6652
6653
6655
6669
6654
6656
6669
6653
6654
6656
6657
6658
6658
6659
6661
6670
6660
6661
6670
6660
6665
6666
6667
10487
6667
6669
10487
7312
7313
9998
10412
10413
10468
6825
6826
6829
6674
6824
6836
6839
6844
6824
6836
6840
6845
6676
6829
6839
6846
6851
6852
6829
6840
6847
6853
6678
6831
6846
6854
6859
6860
6832
6847
6855
6861
6680
6834
6854
6862
6866
6867
6834
6855
6863
6868
6835
6862
6863
6869
6683
6844
6870
6875
6876
6881
6882
6845
6871
6877
6883
6685
6851
6875
6884
6893
6686
6851
6875
6885
6894
6687
6852
6876
6886
6895
6853
6877
6887
6896
6689
6859
6884
6897
6905
6906
6690
6859
6885
6898
6907
6691
6860
6886
6899
6908
6861
6887
6900
6909
6693
6866
6897
6898
6910
6915
6694
6867
6899
6910
6916
6868
6900
6911
6917
6696
6869
6910
6919
10361
6869
6911
6920
10361
6698
6881
6921
6925
6926
6932
6699
6882
6921
6927
6933
6883
6922
6928
6934
6701
6893
6925
6935
6936
6945
6702
6894
6926
6937
6946
6703
6895
6927
6938
6947
6896
6928
6939
6948
6705
6905
6935
6949
6958
6706
6906
6936
6949
6959
6707
6907
6937
6950
6960
6708
6908
6938
6951
6961
6909
6939
6952
6962
6710
6915
6949
6963
6969
6711
6915
6950
6963
6970
6712
6916
6951
6964
6971
6917
6952
6965
6972
6714
6919
6963
6964
6973
6975
6920
6965
6973
6976
6977
6978
10473
10475
6717
6932
6933
6977
6980
6981
6986
6934
6978
6982
6987
6719
6945
6980
6988
6989
6998
6720
6946
6980
6990
6999
6721
6947
6981
6991
7000
6948
6982
6992
7001
6723
6958
6988
7002
7012
6724
6959
6989
7003
7013
6725
6960
6990
7004
7014
6726
6961
6991
7005
7015
6962
6992
7006
7016
6728
6969
7002
7003
7017
7023
6729
6970
7004
7017
7024
6730
6971
7005
7018
7025
6972
7006
7019
7026
6732
6975
7017
7018
7027
10365
6976
7019
7028
10365
6734
6986
7029
7032
7033
7038
6987
7029
7034
7039
6736
6998
7032
7040
7041
7050
6737
6999
7032
7042
7051
6738
7000
7033
7043
7052
7001
7034
7044
7053
6740
7012
7040
7054
7064
6741
7013
7041
7055
7065
6742
7014
7042
7056
7066
6743
7015
7043
7057
7067
7016
7044
7058
7068
6745
7023
7054
7055
7069
7075
6746
7024
7056
7069
7076
6747
7025
7057
7070
7077
7026
7058
7071
7078
6749
7027
7069
7070
7079
7080
7028
7071
7079
7081
7031
7082
7083
10478
6752
7038
7082
7086
7087
7092
7093
7039
7083
7088
7094
6754
7050
7086
7095
7096
7105
6755
7051
7086
7097
7106
6756
7052
7087
7098
7107
7053
7088
7099
7108
6758
7064
7095
7109
7117
6759
7065
7096
7109
7118
6760
7066
7097
7110
7119
6761
7067
7098
7111
7120
7068
7099
7112
7121
6763
7075
7109
7122
7128
6764
7076
7110
7122
7128
6765
7077
7111
7123
7129
7078
7112
7124
7130
6767
7080
7122
7123
7132
10369
7081
7124
7133
10369
7134
7135
7138
10478
6770
7092
7134
7139
7140
7147
6771
7093
7134
7141
7148
7094
7135
7142
7149
6773
7105
7139
7150
7151
7160
7161
6774
7106
7140
7152
7162
6775
7107
7141
7153
7163
7108
7142
7154
7164
6777
7117
7150
7165
7173
6778
7118
7151
7165
7174
6779
7119
7152
7166
7175
6780
7120
7153
7167
7176
7121
7154
7168
7177
6782
7128
7165
7166
7178
7182
6783
7129
7167
7178
7183
7130
7168
7179
7184
6785
7132
7178
7185
7186
7133
7179
7185
7186
7138
7187
7188
10482
6788
7147
7187
7191
7192
7199
6789
7148
7187
7193
7200
7149
7188
7194
7201
6791
7160
7191
7202
7212
6792
7161
7191
7203
7213
6793
7162
7192
7204
7214
6794
7163
7193
7205
7215
7164
7194
7206
7216
6796
7173
7202
7217
7225
6797
7174
7203
7217
7226
6798
7175
7204
7218
7227
6799
7176
7205
7219
7228
7177
7206
7220
7229
6801
7182
7217
7218
7230
7234
6802
7183
7219
7230
7235
7184
7220
7231
7236
7186
7230
7231
7237
6805
7199
7238
7241
7242
7249
6806
7200
7238
7243
7250
7201
7239
7244
7251
6808
7212
7241
7252
6809
7213
7241
7253
6810
7214
7242
7254
6811
7215
7243
7255
7216
7244
7256
6813
7225
7252
7257
7265
6814
7226
7253
7257
7266
6815
7227
7254
7258
7267
6816
7228
7255
7259
7268
7229
7256
7260
7269
6818
7234
7257
7258
7270
7275
6819
7235
7259
7270
7276
7236
7260
7271
7277
6821
7237
7270
7278
7237
7271
7278
6824
6836
6824
6829
6839
6840
6826
6827
10113
10158
6828
10114
10159
6828
6829
6831
6846
6829
6832
6847
6831
6832
6834
6854
6855
10161
6832
10158
10159
6834
6835
6862
6863
6837
6838
6844
6845
6870
6871
10470
6840
6841
6842
6843
6842
6844
6851
6875
6843
6844
6852
6876
6845
6853
6877
6845
6847
6848
6849
6850
6849
6851
6859
6884
6885
6850
6852
6860
6886
6853
6861
6887
6852
6853
6855
6856
6857
6858
6857
6859
6866
6897
6898
6858
6860
6867
6899
6861
6868
6900
6860
6861
6863
6864
6865
6865
6866
6867
6869
6910
6868
6869
6911
6867
6868
10360
6871
6872
10470
6873
10470
6873
6874
6881
6882
6921
6874
6883
6922
10470
10472
6876
6878
6877
6879
6880
6879
6881
6893
6894
6925
6926
6880
6882
6895
6927
6883
6896
6928
6882
6883
6885
6888
6889
6886
6890
6887
6891
6892
6889
6893
6905
6935
6890
6893
6906
6936
6891
6894
6907
6937
6892
6895
6908
6938
6896
6909
6939
6894
6895
6896
6898
6901
6899
6902
6900
6903
6904
6902
6905
6906
6915
6949
6903
6907
6915
6950
6904
6908
6916
6951
6909
6917
6952
6906
6907
6908
6909
6911
6912
6913
6914
6913
6915
6919
6963
6914
6916
6919
6964
6917
6920
6965
6916
6917
6919
6920
6973
10361
6920
6922
6923
10472
6924
10472
6924
6932
6933
6977
10473
6934
6978
10473
6926
6929
6927
6929
6928
6930
6931
6930
6932
6945
6946
6980
6931
6933
6947
6981
6934
6948
6982
6933
6934
6936
6940
6937
6941
6938
6942
6939
6943
6944
6941
6945
6958
6988
6942
6945
6959
6989
6943
6946
6960
6990
6944
6947
6961
6991
6948
6962
6992
6946
6947
6948
6950
6953
6954
6951
6955
6952
6956
6957
6954
6958
6969
7002
6955
6959
6969
7003
6956
6960
6970
7004
6957
6961
6971
7005
6962
6972
7006
6959
6960
6961
6962
6964
6966
6965
6967
6968
6967
6969
6970
6975
7017
6968
6971
6975
7018
6972
6976
7019
6970
6971
6972
6974
6975
6976
10365
6976
6978
6979
6979
6986
6987
7029
10475
6981
6983
6982
6984
6985
6984
6986
6998
6999
7032
6985
6986
7000
7033
6987
7001
7034
6987
6989
6993
6990
6994
6991
6995
6992
6996
6997
6994
6998
7012
7040
6995
6998
7013
7041
6996
6999
7014
7042
6997
7000
7015
7043
7001
7016
7044
6999
7000
7001
7003
7007
7004
7008
7005
7009
7006
7010
7011
7008
7012
7023
7054
7009
7013
7023
7055
7010
7014
7024
7056
7011
7015
7025
7057
7016
7026
7058
7013
7014
7015
7016
7018
7020
7019
7021
7022
7021
7023
7024
7027
7069
7022
7025
7027
7070
7026
7028
7071
7024
7025
7026
7028
10366
10366
7030
7031
7038
7039
7082
7083
7033
7035
7034
7036
7037
7036
7038
7050
7051
7086
7037
7038
7052
7087
7039
7053
7088
7039
7041
7045
7042
7046
7043
7047
7044
7048
7049
7046
7050
7064
7095
7047
7050
7065
7096
7048
7051
7066
7097
7049
7052
7067
7098
7053
7068
7099
7051
7052
7053
7055
7059
7056
7060
7057
7061
7058
7062
7063
7060
7064
7075
7109
7061
7065
7075
7109
7062
7066
7076
7110
7063
7067
7077
7111
7068
7078
7112
7065
7066
7067
7068
7070
7072
7071
7073
7074
7073
7075
7076
7080
7122
7074
7077
7080
7123
7078
7081
7124
7076
7077
7078
10366
10368
7081
10368
10368
7083
7084
7085
7085
7092
7093
7134
10478
7094
7135
10478
7087
7089
7088
7090
7091
7090
7092
7105
7106
7139
7140
7091
7093
7107
7141
7094
7108
7142
7093
7094
7096
7100
7097
7101
7098
7102
7099
7103
7104
7101
7105
7117
7150
7102
7105
7118
7151
7103
7106
7119
7152
7104
7107
7120
7153
7108
7121
7154
7106
7107
7108
7110
7113
7111
7114
7112
7115
7116
7114
7117
7118
7128
7165
7115
7119
7128
7166
7116
7120
7129
7167
7121
7130
7168
7118
7119
7120
7121
7123
7125
7124
7126
7127
7126
7128
7132
7178
7127
7129
7132
7178
7130
7133
7179
7129
7130
7132
7133
7185
10369
7133
7135
7136
7137
7137
7138
7147
7148
7187
7138
7149
7188
7140
7143
7141
7144
7142
7145
7146
7144
7147
7160
7161
7191
7145
7147
7162
7192
7146
7148
7163
7193
7149
7164
7194
7148
7149
7151
7155
7152
7156
7153
7157
7154
7158
7159
7156
7160
7173
7202
7157
7161
7174
7203
7158
7162
7175
7204
7159
7163
7176
7205
7164
7177
7206
7161
7162
7163
7164
7166
7169
7167
7170
7168
7171
7172
7170
7173
7174
7182
7217
7171
7175
7182
7218
7172
7176
7183
7219
7177
7184
7220
7174
7175
7176
7177
7179
7180
7181
7181
7182
7183
7186
7230
7184
7186
7231
7183
7184
10372
10372
7188
7189
7190
7190
7199
7200
7238
10482
7201
7239
10482
7192
7195
7193
7196
7194
7197
7198
7196
7199
7212
7213
7241
7197
7199
7214
7242
7198
7200
7215
7243
7201
7216
7244
7200
7201
7203
7207
7204
7208
7205
7209
7206
7210
7211
7208
7212
7225
7252
7209
7213
7226
7253
7210
7214
7227
7254
7211
7215
7228
7255
7216
7229
7256
7213
7214
7215
7216
7218
7221
7219
7222
7220
7223
7224
7222
7225
7226
7234
7257
7223
7227
7234
7258
7224
7228
7235
7259
7229
7236
7260
7226
7227
7228
7229
7231
7232
7233
7233
7234
7235
7237
7270
7236
7237
7271
7235
7236
10373
7239
10483
10483
8573
8574
8575
10483
7242
7245
7243
7246
7244
7247
7248
7246
7249
7247
7249
7248
7250
7251
7250
7251
7253
7254
7255
7256
7258
7261
7259
7262
7260
7263
7264
7262
7265
7266
7275
7263
7267
7275
7264
7268
7276
7269
7277
7266
7267
7268
7269
7271
7272
7273
7274
7273
7275
7274
7276
7277
7276
7277
10373
7615
7616
7618
10415
10416
10417
7281
7619
7627
7628
7637
10380
7282
7619
7629
7638
10381
7283
7620
7630
7639
10382
7621
7631
7640
10383
7285
7627
7641
7651
10384
7286
7628
7642
7652
10385
7287
7629
7643
7653
10386
7288
7630
7644
7654
10387
7631
7645
7655
10388
7290
7641
7661
10389
10439
7291
7642
7662
10390
10440
7292
7643
7663
10391
10441
7293
7644
7664
10392
10442
7645
7665
10393
10443
7295
7666
7676
10394
10439
7296
7667
7677
10395
10440
7297
7668
7678
10396
10441
7298
7669
7679
10397
10442
7670
7680
10398
10443
7300
7666
7681
7691
10399
7301
7667
7682
7692
10400
7302
7668
7683
7693
10401
7303
7669
7684
7694
10402
7670
7685
7695
10403
7305
7681
7696
7704
10404
7306
7682
7696
7705
10405
7307
7683
7697
7706
10406
7308
7684
7698
7707
10407
7685
7699
7708
10408
7310
7696
7697
7709
7713
10409
7311
7698
7709
7714
10410
7699
7710
7715
10411
7313
7709
7716
10412
7710
7716
10413
7315
7625
7717
7719
7720
7725
7626
7717
7721
7726
7317
7637
7719
7727
7728
7737
7318
7638
7719
7729
7738
7319
7639
7720
7730
7739
7640
7721
7731
7740
7321
7651
7727
7741
7751
7322
7652
7728
7742
7752
7323
7653
7729
7743
7753
7324
7654
7730
7744
7754
7655
7731
7745
7755
7326
7661
7741
7756
7766
7327
7662
7742
7757
7767
7328
7663
7743
7758
7768
7329
7664
7744
7759
7769
7665
7745
7760
7770
7331
7676
7756
7771
7781
7332
7677
7757
7772
7782
7333
7678
7758
7773
7783
7334
7679
7759
7774
7784
7680
7760
7775
7785
7336
7691
7771
7786
7796
7337
7692
7772
7787
7797
7338
7693
7773
7788
7798
7339
7694
7774
7789
7799
7695
7775
7790
7800
7341
7704
7786
7801
7809
7342
7705
7787
7801
7810
7343
7706
7788
7802
7811
7344
7707
7789
7803
7812
7708
7790
7804
7813
7346
7713
7801
7802
7814
7818
7347
7714
7803
7814
7819
7715
7804
7815
7820
7716
7814
7815
7821
7350
7725
7822
7824
7825
7830
7726
7822
7826
7831
7352
7737
7824
7832
7833
7842
7353
7738
7824
7834
7843
7354
7739
7825
7835
7844
7740
7826
7836
7845
7356
7751
7832
7846
7856
7357
7752
7833
7847
7857
7358
7753
7834
7848
7858
7359
7754
7835
7849
7859
7755
7836
7850
7860
7361
7766
7846
7861
7871
7362
7767
7847
7862
7872
7363
7768
7848
7863
7873
7364
7769
7849
7864
7874
7770
7850
7865
7875
7366
7781
7861
7876
7886
7367
7782
7862
7877
7887
7368
7783
7863
7878
7888
7369
7784
7864
7879
7889
7785
7865
7880
7890
7371
7796
7876
7891
7901
7372
7797
7877
7892
7902
7373
7798
7878
7893
7903
7374
7799
7879
7894
7904
7800
7880
7895
7905
7376
7809
7891
7906
7914
7377
7810
7892
7906
7915
7378
7811
7893
7907
7916
7379
7812
7894
7908
7917
7813
7895
7909
7918
7381
7818
7906
7907
7919
7924
7382
7819
7908
7919
7925
7820
7909
7920
7926
7384
7821
7919
7927
7928
7821
7920
7927
7929
7386
7830
7930
7931
7932
7937
7831
7930
7933
7938
7388
7842
7931
7939
7940
7949
7389
7843
7931
7941
7950
7390
7844
7932
7942
7951
7845
7933
7943
7952
7392
7856
7939
7953
7963
7393
7857
7940
7954
7964
7394
7858
7941
7955
7965
7395
7859
7942
7956
7966
7860
7943
7957
7967
7397
7871
7953
7968
7978
7398
7872
7954
7969
7979
7399
7873
7955
7970
7980
7400
7874
7956
7971
7981
7875
7957
7972
7982
7402
7886
7968
7983
7993
7403
7887
7969
7984
7994
7404
7888
7970
7985
7995
7405
7889
7971
7986
7996
7890
7972
7987
7997
7407
7901
7983
7998
8008
7408
7902
7984
7999
8009
7409
7903
7985
8000
8010
7410
7904
7986
8001
8011
7905
7987
8002
8012
7412
7914
7998
8013
8021
7413
7915
7999
8013
8022
7414
7916
8000
8014
8023
7415
7917
8001
8015
8024
7918
8002
8016
8025
7417
7924
8013
8026
8032
7418
7924
8014
8026
8032
7419
7925
8015
8027
8033
7926
8016
8028
8034
7421
7928
8026
8027
8035
8037
7929
8028
8035
8038
7423
7937
8039
8045
10216
7424
7937
8040
8046
10217
7938
8041
8047
10218
7426
7949
8039
8048
8049
8058
7427
7950
8039
8050
8059
7428
7951
8040
8051
8060
7952
8041
8052
8061
7430
7963
8048
8062
8072
7431
7964
8049
8063
8073
7432
7965
8050
8064
8074
7433
7966
8051
8065
8075
7967
8052
8066
8076
7435
7978
8062
8077
8087
7436
7979
8063
8078
8088
7437
7980
8064
8079
8089
7438
7981
8065
8080
8090
7982
8066
8081
8091
7440
7993
8077
8092
8102
7441
7994
8078
8093
8103
7442
7995
8079
8094
8104
7443
7996
8080
8095
8105
7997
8081
8096
8106
7445
8008
8092
8107
8117
7446
8009
8093
8108
8118
7447
8010
8094
8109
8119
7448
8011
8095
8110
8120
8012
8096
8111
8121
7450
8021
8107
8122
8130
7451
8022
8108
8122
8131
7452
8023
8109
8123
8132
7453
8024
8110
8124
8133
8025
8111
8125
8134
7455
8032
8122
8123
8135
8139
7456
8033
8124
8135
8140
8034
8125
8136
8141
7458
8037
8135
8143
10474
8038
8136
8143
10474
7460
8045
8046
8146
8147
8152
10212
8047
8148
8153
10213
7462
8058
8146
8154
8155
8164
7463
8059
8146
8156
8165
7464
8060
8147
8157
8166
8061
8148
8158
8167
7466
8072
8154
8168
8178
7467
8073
8155
8169
8179
7468
8074
8156
8170
8180
7469
8075
8157
8171
8181
8076
8158
8172
8182
7471
8087
8168
8183
8193
7472
8088
8169
8184
8194
7473
8089
8170
8185
8195
7474
8090
8171
8186
8196
8091
8172
8187
8197
7476
8102
8183
8198
8208
7477
8103
8184
8199
8209
7478
8104
8185
8200
8210
7479
8105
8186
8201
8211
8106
8187
8202
8212
7481
8117
8198
8213
8223
7482
8118
8199
8214
8224
7483
8119
8200
8215
8225
7484
8120
8201
8216
8226
8121
8202
8217
8227
7486
8130
8213
8228
8236
7487
8131
8214
8228
8237
7488
8132
8215
8229
8238
7489
8133
8216
8230
8239
8134
8217
8231
8240
7491
8139
8228
8229
8241
8245
7492
8140
8230
8241
8246
8141
8231
8242
8247
8143
8241
8242
8248
7495
8152
8249
8251
8252
8257
8153
8249
8253
8258
7497
8164
8251
8259
8260
8269
7498
8165
8251
8261
8270
7499
8166
8252
8262
8271
8167
8253
8263
8272
7501
8178
8259
8273
8283
7502
8179
8260
8274
8284
7503
8180
8261
8275
8285
7504
8181
8262
8276
8286
8182
8263
8277
8287
7506
8193
8273
8288
8298
7507
8194
8274
8289
8299
7508
8195
8275
8290
8300
7509
8196
8276
8291
8301
8197
8277
8292
8302
7511
8208
8288
8303
8313
7512
8209
8289
8304
8314
7513
8210
8290
8305
8315
7514
8211
8291
8306
8316
8212
8292
8307
8317
7516
8223
8303
8318
8328
7517
8224
8304
8319
8329
7518
8225
8305
8320
8330
7519
8226
8306
8321
8331
8227
8307
8322
8332
7521
8236
8318
8333
8341
7522
8237
8319
8333
8342
7523
8238
8320
8334
8343
7524
8239
8321
8335
8344
8240
8322
8336
8345
7526
8245
8333
8334
8346
8351
7527
8246
8335
8346
8352
8247
8336
8347
8353
7529
8248
8346
8355
10477
8248
8347
8356
10477
7531
8257
8357
8361
8362
8367
8258
8358
8363
8368
7533
8269
8361
8369
8370
8378
7534
8270
8361
8371
8379
7535
8271
8362
8372
8380
8272
8363
8373
8381
7537
8283
8369
8382
8392
7538
8284
8370
8383
8392
7539
8285
8371
8384
8393
7540
8286
8372
8385
8394
8287
8373
8386
8395
7542
8298
8382
8396
8406
7543
8299
8383
8397
8407
7544
8300
8384
8398
8408
7545
8301
8385
8399
8409
8302
8386
8400
8410
7547
8313
8396
8411
8421
7548
8314
8397
8412
8422
7549
8315
8398
8413
8423
7550
8316
8399
8414
8424
8317
8400
8415
8425
7552
8328
8411
8426
8436
7553
8329
8412
8427
8437
7554
8330
8413
8428
8438
7555
8331
8414
8429
8439
8332
8415
8430
8440
7557
8341
8426
8441
8450
7558
8342
8427
8441
8451
7559
8343
8428
8442
8452
7560
8344
8429
8443
8453
8345
8430
8444
8454
7562
8351
8441
8455
8461
7563
8351
8442
8455
8462
7564
8352
8443
8456
8463
8353
8444
8457
8464
7566
8355
8455
8456
8465
10479
8356
8457
8466
10479
7568
8367
8467
8469
8470
8474
8368
8467
8471
8475
7570
8378
8379
8469
8476
8482
7571
8380
8470
8477
8482
8381
8471
8478
8483
7573
8392
8476
8484
8491
7574
8393
8476
8485
8491
7575
8394
8477
8486
8492
8395
8478
8487
8493
7577
8406
8407
8484
8494
8501
7578
8408
8485
8495
8501
7579
8409
8486
8496
8502
8410
8487
8497
8503
7581
8421
8422
8494
8504
8511
7582
8423
8495
8505
8511
7583
8424
8496
8506
8512
8425
8497
8507
8513
7585
8436
8437
8504
8514
8521
7586
8438
8505
8515
8521
7587
8439
8506
8516
8522
8440
8507
8517
8523
7589
8450
8451
8514
8524
8531
7590
8452
8515
8525
8531
7591
8453
8516
8526
8532
8454
8517
8527
8533
7593
8461
8524
8534
8540
7594
8462
8525
8534
8540
7595
8463
8526
8535
8541
8464
8527
8536
8542
7597
8465
8534
8535
8544
10481
8466
8536
8545
10481
8474
8475
8546
8547
7600
8482
8547
8548
8550
8483
8547
8549
8550
7602
8491
8492
8548
8551
8554
8493
8549
8552
8554
7604
8501
8502
8551
8555
10444
8503
8552
8556
10444
7606
8511
8512
8555
8557
10451
8513
8556
8558
10451
7608
8521
8522
8557
8559
8561
8523
8558
8560
8561
7610
8531
8532
8559
8562
10464
8533
8560
8563
10464
7612
8540
8541
8562
8565
8566
8571
8542
8563
8567
8572
7614
8544
8565
8566
8573
8574
8545
8567
8573
8575
7616
7617
10378
10415
7617
10379
10416
7618
7625
7626
7717
7620
7622
10378
10421
7621
7623
10378
10422
7624
10379
10423
7623
7625
7637
7638
7719
7624
7625
7639
7720
7626
7640
7721
7626
10378
10379
7628
7632
10425
7629
7633
10426
7630
7634
10427
7631
7635
10428
7636
10429
7633
7637
7651
7727
7634
7637
7652
7728
7635
7638
7653
7729
7636
7639
7654
7730
7640
7655
7731
7638
7639
7640
7642
7646
10432
7643
7647
10433
7644
7648
10434
7645
7649
10435
7650
10436
7647
7651
7661
7741
7648
7652
7662
7742
7649
7653
7663
7743
7650
7654
7664
7744
7655
7665
7745
7652
7653
7654
7655
7657
7661
7676
7756
10439
7658
7662
7677
7757
10440
7659
7663
7678
7758
10441
7660
7664
7679
7759
10442
7665
7680
7760
10443
7662
7663
7664
7665
7667
7671
10446
7668
7672
10447
7669
7673
10448
7670
7674
10449
7675
10450
7672
7676
7691
7771
7673
7677
7692
7772
7674
7678
7693
7773
7675
7679
7694
7774
7680
7695
7775
7677
7678
7679
7680
7682
7686
10453
7683
7687
10454
7684
7688
10455
7685
7689
10456
7690
10457
7687
7691
7704
7786
7688
7692
7705
7787
7689
7693
7706
7788
7690
7694
7707
7789
7695
7708
7790
7692
7693
7694
7695
7697
7700
10460
7698
7701
10461
7699
7702
10462
7703
10463
7701
7704
7705
7713
7801
7702
7706
7713
7802
7703
7707
7714
7803
7708
7715
7804
7705
7706
7707
7708
7710
7711
10465
10466
7712
10467
7712
7713
7714
7716
7814
7715
7716
7815
7714
7715
10468
7718
7725
7726
7822
7720
7722
7721
7723
7724
7723
7725
7737
7738
7824
7724
7725
7739
7825
7726
7740
7826
7726
7728
7732
7729
7733
7730
7734
7731
7735
7736
7733
7737
7751
7832
7734
7737
7752
7833
7735
7738
7753
7834
7736
7739
7754
7835
7740
7755
7836
7738
7739
7740
7742
7746
7743
7747
7744
7748
7745
7749
7750
7747
7751
7766
7846
7748
7752
7767
7847
7749
7753
7768
7848
7750
7754
7769
7849
7755
7770
7850
7752
7753
7754
7755
7757
7761
7758
7762
7759
7763
7760
7764
7765
7762
7766
7781
7861
7763
7767
7782
7862
7764
7768
7783
7863
7765
7769
7784
7864
7770
7785
7865
7767
7768
7769
7770
7772
7776
7773
7777
7774
7778
7775
7779
7780
7777
7781
7796
7876
7778
7782
7797
7877
7779
7783
7798
7878
7780
7784
7799
7879
7785
7800
7880
7782
7783
7784
7785
7787
7791
7788
7792
7789
7793
7790
7794
7795
7792
7796
7809
7891
7793
7797
7810
7892
7794
7798
7811
7893
7795
7799
7812
7894
7800
7813
7895
7797
7798
7799
7800
7802
7805
7803
7806
7804
7807
7808
7806
7809
7810
7818
7906
7807
7811
7818
7907
7808
7812
7819
7908
7813
7820
7909
7810
7811
7812
7813
7815
7816
7817
7817
7818
7819
7821
7919
7820
7821
7920
7819
7820
10469
7823
7830
7831
7930
7825
7827
7826
7828
7829
7828
7830
7842
7843
7931
7829
7830
7844
7932
7831
7845
7933
7831
7833
7837
7834
7838
7835
7839
7836
7840
7841
7838
7842
7856
7939
7839
7842
7857
7940
7840
7843
7858
7941
7841
7844
7859
7942
7845
7860
7943
7843
7844
7845
7847
7851
7848
7852
7849
7853
7850
7854
7855
7852
7856
7871
7953
7853
7857
7872
7954
7854
7858
7873
7955
7855
7859
7874
7956
7860
7875
7957
7857
7858
7859
7860
7862
7866
7863
7867
7864
7868
7865
7869
7870
7867
7871
7886
7968
7868
7872
7887
7969
7869
7873
7888
7970
7870
7874
7889
7971
7875
7890
7972
7872
7873
7874
7875
7877
7881
7878
7882
7879
7883
7880
7884
7885
7882
7886
7901
7983
7883
7887
7902
7984
7884
7888
7903
7985
7885
7889
7904
7986
7890
7905
7987
7887
7888
7889
7890
7892
7896
7893
7897
7894
7898
7895
7899
7900
7897
7901
7914
7998
7898
7902
7915
7999
7899
7903
7916
8000
7900
7904
7917
8001
7905
7918
8002
7902
7903
7904
7905
7907
7910
7908
7911
7909
7912
7913
7911
7914
7915
7924
8013
7912
7916
7924
8014
7913
7917
7925
8015
7918
7926
8016
7915
7916
7917
7918
7920
7921
7922
7923
7922
7924
7928
8026
7923
7925
7928
8027
7926
7929
8028
7925
7926
10469
10471
7929
10471
10471
10375
7932
7934
7933
7935
7936
7935
7937
7949
7950
8039
7936
7937
7951
8040
7938
7952
8041
7938
7940
7944
7941
7945
7942
7946
7943
7947
7948
7945
7949
7963
8048
7946
7949
7964
8049
7947
7950
7965
8050
7948
7951
7966
8051
7952
7967
8052
7950
7951
7952
7954
7958
7955
7959
7956
7960
7957
7961
7962
7959
7963
7978
8062
7960
7964
7979
8063
7961
7965
7980
8064
7962
7966
7981
8065
7967
7982
8066
7964
7965
7966
7967
7969
7973
7970
7974
7971
7975
7972
7976
7977
7974
7978
7993
8077
7975
7979
7994
8078
7976
7980
7995
8079
7977
7981
7996
8080
7982
7997
8081
7979
7980
7981
7982
7984
7988
7985
7989
7986
7990
7987
7991
7992
7989
7993
8008
8092
7990
7994
8009
8093
7991
7995
8010
8094
7992
7996
8011
8095
7997
8012
8096
7994
7995
7996
7997
7999
8003
8000
8004
8001
8005
8002
8006
8007
8004
8008
8021
8107
8005
8009
8022
8108
8006
8010
8023
8109
8007
8011
8024
8110
8012
8025
8111
8009
8010
8011
8012
8014
8017
8015
8018
8016
8019
8020
8018
8021
8022
8032
8122
8019
8023
8032
8123
8020
8024
8033
8124
8025
8034
8125
8022
8023
8024
8025
8027
8029
8028
8030
8031
8030
8032
8037
8135
8031
8033
8037
8135
8034
8038
8136
8033
8034
8036
10471
8037
8038
10474
8038
8040
8042
8041
8043
8044
8043
8045
8058
8059
8146
8044
8046
8060
8147
8047
8061
8148
8046
10212
10221
8047
10212
10222
10213
10223
8049
8053
8050
8054
8051
8055
8052
8056
8057
8054
8058
8072
8154
8055
8058
8073
8155
8056
8059
8074
8156
8057
8060
8075
8157
8061
8076
8158
8059
8060
8061
8063
8067
8064
8068
8065
8069
8066
8070
8071
8068
8072
8087
8168
8069
8073
8088
8169
8070
8074
8089
8170
8071
8075
8090
8171
8076
8091
8172
8073
8074
8075
8076
8078
8082
8079
8083
8080
8084
8081
8085
8086
8083
8087
8102
8183
8084
8088
8103
8184
8085
8089
8104
8185
8086
8090
8105
8186
8091
8106
8187
8088
8089
8090
8091
8093
8097
8094
8098
8095
8099
8096
8100
8101
8098
8102
8117
8198
8099
8103
8118
8199
8100
8104
8119
8200
8101
8105
8120
8201
8106
8121
8202
8103
8104
8105
8106
8108
8112
8109
8113
8110
8114
8111
8115
8116
8113
8117
8130
8213
8114
8118
8131
8214
8115
8119
8132
8215
8116
8120
8133
8216
8121
8134
8217
8118
8119
8120
8121
8123
8126
8124
8127
8125
8128
8129
8127
8130
8131
8139
8228
8128
8132
8139
8229
8129
8133
8140
8230
8134
8141
8231
8131
8132
8133
8134
8136
8137
8138
8138
8139
8140
8143
8241
8141
8143
8242
8140
8141
8143
10474
8145
8152
8153
8249
10212
10213
8147
8149
8148
8150
8151
8150
8152
8164
8165
8251
8151
8152
8166
8252
8153
8167
8253
8153
8155
8159
8156
8160
8157
8161
8158
8162
8163
8160
8164
8178
8259
8161
8164
8179
8260
8162
8165
8180
8261
8163
8166
8181
8262
8167
8182
8263
8165
8166
8167
8169
8173
8170
8174
8171
8175
8172
8176
8177
8174
8178
8193
8273
8175
8179
8194
8274
8176
8180
8195
8275
8177
8181
8196
8276
8182
8197
8277
8179
8180
8181
8182
8184
8188
8185
8189
8186
8190
8187
8191
8192
8189
8193
8208
8288
8190
8194
8209
8289
8191
8195
8210
8290
8192
8196
8211
8291
8197
8212
8292
8194
8195
8196
8197
8199
8203
8200
8204
8201
8205
8202
8206
8207
8204
8208
8223
8303
8205
8209
8224
8304
8206
8210
8225
8305
8207
8211
8226
8306
8212
8227
8307
8209
8210
8211
8212
8214
8218
8215
8219
8216
8220
8217
8221
8222
8219
8223
8236
8318
8220
8224
8237
8319
8221
8225
8238
8320
8222
8226
8239
8321
8227
8240
8322
8224
8225
8226
8227
8229
8232
8230
8233
8231
8234
8235
8233
8236
8237
8245
8333
8234
8238
8245
8334
8235
8239
8246
8335
8240
8247
8336
8237
8238
8239
8240
8242
8243
8244
8244
8245
8246
8248
8346
8247
8248
8347
8246
8247
10476
8250
8257
8258
8357
8358
10419
8252
8254
8253
8255
8256
8255
8257
8269
8270
8361
8256
8257
8271
8362
8258
8272
8363
8258
8260
8264
8261
8265
8262
8266
8263
8267
8268
8265
8269
8283
8369
8266
8269
8284
8370
8267
8270
8285
8371
8268
8271
8286
8372
8272
8287
8373
8270
8271
8272
8274
8278
8275
8279
8276
8280
8277
8281
8282
8279
8283
8298
8382
8280
8284
8299
8383
8281
8285
8300
8384
8282
8286
8301
8385
8287
8302
8386
8284
8285
8286
8287
8289
8293
8290
8294
8291
8295
8292
8296
8297
8294
8298
8313
8396
8295
8299
8314
8397
8296
8300
8315
8398
8297
8301
8316
8399
8302
8317
8400
8299
8300
8301
8302
8304
8308
8305
8309
8306
8310
8307
8311
8312
8309
8313
8328
8411
8310
8314
8329
8412
8311
8315
8330
8413
8312
8316
8331
8414
8317
8332
8415
8314
8315
8316
8317
8319
8323
8320
8324
8321
8325
8322
8326
8327
8324
8328
8341
8426
8325
8329
8342
8427
8326
8330
8343
8428
8327
8331
8344
8429
8332
8345
8430
8329
8330
8331
8332
8334
8337
8335
8338
8336
8339
8340
8338
8341
8342
8351
8441
8339
8343
8351
8442
8340
8344
8352
8443
8345
8353
8444
8342
8343
8344
8345
8347
8348
8349
8350
8349
8351
8355
8455
8350
8352
8355
8456
8353
8356
8457
8352
8353
8355
8356
10477
10479
8356
8358
8359
10376
8360
10376
8360
8367
8467
10420
8368
8467
10420
8362
8364
8363
8365
8366
8365
8367
8378
8379
8469
8366
8367
8380
8470
8368
8381
8471
8368
8370
8374
8371
8374
8372
8375
8373
8376
8377
8375
8378
8392
8476
8376
8379
8393
8476
8377
8380
8394
8477
8381
8395
8478
8379
8380
8381
8383
8387
8384
8388
8385
8389
8386
8390
8391
8388
8392
8406
8484
8389
8392
8407
8484
8390
8393
8408
8485
8391
8394
8409
8486
8395
8410
8487
8393
8394
8395
8397
8401
8398
8402
8399
8403
8400
8404
8405
8402
8406
8421
8494
8403
8407
8422
8494
8404
8408
8423
8495
8405
8409
8424
8496
8410
8425
8497
8407
8408
8409
8410
8412
8416
8413
8417
8414
8418
8415
8419
8420
8417
8421
8436
8504
8418
8422
8437
8504
8419
8423
8438
8505
8420
8424
8439
8506
8425
8440
8507
8422
8423
8424
8425
8427
8431
8428
8432
8429
8433
8430
8434
8435
8432
8436
8450
8514
8433
8437
8451
8514
8434
8438
8452
8515
8435
8439
8453
8516
8440
8454
8517
8437
8438
8439
8440
8442
8445
8446
8443
8447
8444
8448
8449
8446
8450
8461
8524
8447
8451
8461
8524
8448
8452
8462
8525
8449
8453
8463
8526
8454
8464
8527
8451
8452
8453
8454
8456
8458
8457
8459
8460
8459
8461
8462
8465
8534
8460
8463
8465
8535
8464
8466
8536
8462
8463
8464
8466
10480
10480
8468
10377
8474
8475
8546
8470
8472
8471
8472
8473
8473
8474
8482
8547
8475
8483
8547
8475
8477
8479
8478
8480
8481
8480
8482
8491
8548
8481
8482
8492
8548
8483
8493
8549
8483
8485
8488
8486
8488
8487
8489
8490
8489
8491
8501
8551
8490
8492
8502
8551
8493
8503
8552
8492
8493
8495
8498
8496
8498
8497
8499
8500
8499
8501
8511
8555
8500
8502
8512
8555
8503
8513
8556
8502
8503
8505
8508
8506
8508
8507
8509
8510
8509
8511
8521
8557
8510
8512
8522
8557
8513
8523
8558
8512
8513
8515
8518
8516
8518
8517
8519
8520
8519
8521
8531
8559
8520
8522
8532
8559
8523
8533
8560
8522
8523
8525
8528
8526
8528
8527
8529
8530
8529
8531
8540
8562
8530
8532
8541
8562
8533
8542
8563
8532
8533
8535
8537
8536
8538
8539
8538
8540
8544
8565
8539
8541
8544
8566
8542
8545
8567
8541
8542
8544
8545
8573
10481
8545
10424
8549
10431
10431
10424
10431
8552
8553
8553
8554
10444
10431
8556
10445
10445
8558
10452
10452
8560
10459
10459
10452
10459
8563
8564
8564
8571
8572
10464
8566
8568
8567
8569
8570
8569
8571
8574
8570
8571
8574
8572
8575
8572
8575
8868
8869
8870
8873
8880
8881
8882
8885
8579
8860
8893
8894
8899
8860
8893
8895
8900
8581
8862
8899
8901
8902
8907
8862
8900
8903
8908
8583
8864
8907
8909
8910
8915
8916
8865
8908
8911
8917
8585
8869
8915
8918
8919
8925
8586
8869
8916
8920
8926
8870
8917
8921
8927
8588
8874
8925
8926
8928
8929
8934
8875
8927
8930
8935
8590
8878
8934
8936
8937
8942
8878
8935
8938
8943
8592
8881
8942
8944
8945
8950
8951
8882
8943
8946
8952
8594
8886
8950
8953
8958
8595
8886
8951
8954
8958
8887
8952
8955
8959
8891
8958
8959
8960
8598
8894
8963
8964
8969
8970
8895
8963
8965
8971
8600
8901
8969
8972
8981
8601
8901
8969
8973
8982
8602
8902
8970
8974
8983
8903
8971
8975
8984
8604
8909
8981
8985
8986
8995
8605
8909
8982
8987
8996
8606
8910
8983
8988
8997
8911
8984
8989
8998
8608
8918
8995
8999
9000
9009
8609
8919
8996
9001
9010
8610
8920
8997
9002
9011
8921
8998
9003
9012
8612
8928
9009
9013
9014
9023
8613
8928
9010
9015
9024
8614
8929
9011
9016
9025
8930
9012
9017
9026
8616
8936
9023
9027
9028
9037
8617
8936
9024
9029
9038
8618
8937
9025
9030
9039
8938
9026
9031
9040
8620
8944
9037
9041
9042
9050
8621
8944
9038
9043
9051
8622
8945
9039
9044
9052
8946
9040
9045
9053
8624
8953
9050
9051
9054
9060
8625
8954
9052
9055
9060
8955
9053
9056
9061
8627
8960
9060
9062
9064
8960
9061
9063
9064
9065
9068
8630
8964
9068
9069
9074
9075
8965
9068
9070
9076
8632
8972
9074
9077
9086
9087
8633
8973
9074
9078
9088
8634
8974
9075
9079
9089
8975
9076
9080
9090
8636
8985
9086
9091
9101
8637
8986
9087
9092
9102
8638
8987
9088
9093
9103
8639
8988
9089
9094
9104
8989
9090
9095
9105
8641
8999
9101
9106
9116
8642
9000
9102
9107
9117
8643
9001
9103
9108
9118
8644
9002
9104
9109
9119
9003
9105
9110
9120
8646
9013
9116
9121
9131
8647
9014
9117
9122
9132
8648
9015
9118
9123
9133
8649
9016
9119
9124
9134
9017
9120
9125
9135
8651
9027
9131
9136
9146
8652
9028
9132
9137
9147
8653
9029
9133
9138
9148
8654
9030
9134
9139
9149
9031
9135
9140
9150
8656
9041
9146
9151
9161
8657
9042
9147
9152
9161
8658
9043
9148
9153
9162
8659
9044
9149
9154
9163
9045
9150
9155
9164
8661
9054
9161
9165
9172
8662
9054
9162
9166
9172
8663
9055
9163
9167
9173
9056
9164
9168
9174
8665
9062
9172
9173
9175
10363
9063
9174
9176
10363
8667
9077
9180
9183
9192
9193
8668
9078
9180
9184
9194
8669
9079
9181
9185
9195
9080
9182
9186
9196
8671
9091
9192
9197
9207
8672
9092
9193
9198
9208
8673
9093
9194
9199
9209
8674
9094
9195
9200
9210
9095
9196
9201
9211
8676
9106
9207
9212
9222
8677
9107
9208
9213
9223
8678
9108
9209
9214
9224
8679
9109
9210
9215
9225
9110
9211
9216
9226
8681
9121
9222
9227
9237
8682
9122
9223
9228
9238
8683
9123
9224
9229
9239
8684
9124
9225
9230
9240
9125
9226
9231
9241
8686
9136
9237
9242
9252
8687
9137
9238
9243
9253
8688
9138
9239
9244
9254
8689
9139
9240
9245
9255
9140
9241
9246
9256
8691
9151
9252
9257
9267
8692
9152
9253
9258
9268
8693
9153
9254
9259
9269
8694
9154
9255
9260
9270
9155
9256
9261
9271
8696
9165
9267
9268
9272
9279
8697
9166
9269
9273
9279
8698
9167
9270
9274
9280
9168
9271
9275
9281
8700
9175
9279
9280
9282
9285
9176
9281
9283
9285
8702
9288
9293
9294
10330
10332
10333
9289
9295
10331
10334
8704
9183
9293
9296
9305
9306
8705
9184
9293
9297
9307
8706
9185
9294
9298
9308
9186
9295
9299
9309
8708
9197
9305
9310
9320
8709
9198
9306
9311
9321
8710
9199
9307
9312
9322
8711
9200
9308
9313
9323
9201
9309
9314
9324
8713
9212
9320
9325
9335
8714
9213
9321
9326
9336
8715
9214
9322
9327
9337
8716
9215
9323
9328
9338
9216
9324
9329
9339
8718
9227
9335
9340
9350
8719
9228
9336
9341
9351
8720
9229
9337
9342
9352
8721
9230
9338
9343
9353
9231
9339
9344
9354
8723
9242
9350
9355
9365
8724
9243
9351
9356
9366
8725
9244
9352
9357
9367
8726
9245
9353
9358
9368
9246
9354
9359
9369
8728
9257
9365
9370
9380
8729
9258
9366
9371
9381
8730
9259
9367
9372
9382
8731
9260
9368
9373
9383
9261
9369
9374
9384
8733
9272
9380
9381
9385
9392
8734
9273
9382
9386
9392
8735
9274
9383
9387
9393
9275
9384
9388
9394
8737
9282
9392
9393
9395
10367
9283
9394
9396
10367
8739
9288
9400
9401
9406
9407
9289
9400
9402
9408
8741
9296
9406
9409
9418
9419
8742
9297
9406
9410
9420
8743
9298
9407
9411
9421
9299
9408
9412
9422
8745
9310
9418
9423
9433
8746
9311
9419
9424
9434
8747
9312
9420
9425
9435
8748
9313
9421
9426
9436
9314
9422
9427
9437
8750
9325
9433
9438
9448
8751
9326
9434
9439
9449
8752
9327
9435
9440
9450
8753
9328
9436
9441
9451
9329
9437
9442
9452
8755
9340
9448
9453
9463
8756
9341
9449
9454
9464
8757
9342
9450
9455
9465
8758
9343
9451
9456
9466
9344
9452
9457
9467
8760
9355
9463
9468
9478
8761
9356
9464
9469
9479
8762
9357
9465
9470
9480
8763
9358
9466
9471
9481
9359
9467
9472
9482
8765
9370
9478
9483
9492
8766
9371
9479
9484
9492
8767
9372
9480
9485
9493
8768
9373
9481
9486
9494
9374
9482
9487
9495
8770
9385
9492
9496
9502
8771
9386
9493
9496
9502
8772
9387
9494
9497
9503
9388
9495
9498
9504
8774
9395
9502
9503
9505
9507
9396
9504
9506
9507
9398
9510
9511
10493
8777
9401
9510
9512
9517
9518
9402
9511
9513
9519
8779
9409
9517
9520
9528
9529
8780
9410
9517
9521
9530
8781
9411
9518
9522
9531
9412
9519
9523
9532
8783
9423
9528
9533
9541
8784
9424
9529
9533
9542
8785
9425
9530
9534
9543
8786
9426
9531
9535
9544
9427
9532
9536
9545
8788
9438
9541
9546
9554
8789
9439
9542
9546
9555
8790
9440
9543
9547
9556
8791
9441
9544
9548
9557
9442
9545
9549
9558
8793
9453
9554
9559
9567
8794
9454
9555
9559
9568
8795
9455
9556
9560
9569
8796
9456
9557
9561
9570
9457
9558
9562
9571
8798
9468
9567
9572
9580
8799
9469
9568
9572
9581
8800
9470
9569
9573
9582
8801
9471
9570
9574
9583
9472
9571
9575
9584
8803
9483
9580
9585
9594
8804
9484
9581
9586
9594
8805
9485
9582
9587
9595
8806
9486
9583
9588
9596
9487
9584
9589
9597
8808
9496
9594
9595
9598
9603
8809
9497
9596
9599
9603
9498
9597
9600
9604
8811
9505
9603
9605
10371
9506
9604
9605
10371
9608
10493
8814
9512
9608
9609
9613
9614
9513
9608
9610
9615
8816
9520
9521
9613
9616
9621
8817
9522
9614
9616
9622
9523
9615
9617
9623
8819
9533
9534
9621
9624
9629
8820
9535
9622
9625
9630
9536
9623
9626
9631
8822
9546
9547
9629
9632
9636
8823
9548
9630
9632
9637
9549
9631
9633
9638
8825
9559
9560
9636
9639
9643
8826
9561
9637
9639
9644
9562
9638
9640
9645
8828
9572
9573
9643
9646
9653
9654
8829
9574
9644
9647
9655
9575
9645
9648
9656
8831
9585
9653
9657
9666
8832
9586
9653
9658
9666
8833
9587
9654
9659
9667
8834
9588
9655
9660
9668
9589
9656
9661
9669
8836
9598
9666
9667
9670
9675
8837
9599
9668
9671
9675
9600
9669
9672
9676
9605
9675
9676
9677
9609
9610
9679
9680
8841
9616
9680
9681
9683
9617
9680
9681
9684
8843
9624
9625
9683
9685
10336
9626
9684
9686
10336
9632
9633
9685
9686
9687
10339
9639
9640
9687
9690
9691
8847
9646
9690
9692
9693
8848
9647
9690
9694
9648
9691
9695
8850
9657
9692
9700
10345
8851
9658
9692
9700
10346
8852
9659
9693
9701
10347
8853
9660
9694
9702
10348
9661
9695
9703
10349
8855
9670
9700
9701
9704
10356
8856
9671
9702
9704
10357
9672
9703
9705
10358
8858
9677
9704
10374
9677
9705
10374
8860
8893
8861
8862
8899
8900
8863
8864
8865
8907
8908
10496
8865
8866
10499
8867
10499
8867
8868
8869
8915
8916
8868
8870
8917
10499
8870
8871
8872
8872
8873
8874
8925
8926
8873
8875
8927
10340
8875
8876
10340
8876
10340
8877
8878
8934
8935
10340
8879
8880
8881
8882
8942
8943
8882
8883
8884
8884
8885
8886
8950
8951
8885
8887
8952
10354
8887
8888
10354
8889
10354
8889
8890
8891
8958
8890
8891
8959
10354
10359
10359
8893
8894
8895
8963
8895
8896
8897
8898
8897
8899
8901
8969
8898
8899
8902
8970
8900
8903
8971
8900
8902
8904
8903
8905
8906
8905
8907
8909
8981
8982
8906
8907
8910
8983
8908
8911
8984
8908
8910
8912
8911
8913
8914
8913
8915
8918
8919
8995
8996
8914
8916
8920
8997
8917
8921
8998
8916
8917
8919
8922
8920
8922
8921
8923
8924
8923
8925
8928
9009
9010
8924
8926
8929
9011
8927
8930
9012
8926
8927
8929
8931
8930
8932
8933
8932
8934
8936
9023
9024
8933
8934
8937
9025
8935
8938
9026
8935
8937
8939
8938
8940
8941
8940
8942
8944
9037
9038
8941
8942
8945
9039
8943
8946
9040
8943
8945
8947
8946
8948
8949
8948
8950
8953
9050
9051
8949
8951
8954
9052
8952
8955
9053
8951
8952
8954
8956
8955
8956
8957
8957
8958
8960
9060
8959
8960
9061
8959
8961
9064
8963
8964
8965
9068
8965
8966
8967
8968
8967
8969
8972
8973
9074
8968
8970
8974
9075
8971
8975
9076
8970
8971
8973
8976
8977
8974
8978
8975
8979
8980
8977
8981
8985
9086
8978
8981
8986
9087
8979
8982
8987
9088
8980
8983
8988
9089
8984
8989
9090
8982
8983
8984
8986
8990
8987
8991
8988
8992
8989
8993
8994
8991
8995
8999
9101
8992
8995
9000
9102
8993
8996
9001
9103
8994
8997
9002
9104
8998
9003
9105
8996
8997
8998
9000
9004
9001
9005
9002
9006
9003
9007
9008
9005
9009
9013
9116
9006
9009
9014
9117
9007
9010
9015
9118
9008
9011
9016
9119
9012
9017
9120
9010
9011
9012
9014
9018
9015
9019
9016
9020
9017
9021
9022
9019
9023
9027
9131
9020
9023
9028
9132
9021
9024
9029
9133
9022
9025
9030
9134
9026
9031
9135
9024
9025
9026
9028
9032
9029
9033
9030
9034
9031
9035
9036
9033
9037
9041
9146
9034
9037
9042
9147
9035
9038
9043
9148
9036
9039
9044
9149
9040
9045
9150
9038
9039
9040
9042
9046
9043
9046
9044
9047
9045
9048
9049
9047
9050
9054
9161
9048
9051
9054
9162
9049
9052
9055
9163
9053
9056
9164
9051
9052
9053
9055
9057
9056
9058
9059
9058
9060
9062
9172
9059
9060
9062
9173
9061
9063
9174
9061
9063
10362
10362
10362
9066
9067
9899
9900
10489
9067
9068
9069
10327
10328
9068
9070
10329
9070
9071
9072
10327
10328
9073
10329
9072
9074
9077
9078
9180
9073
9075
9079
9181
9076
9080
9182
9075
9076
9078
9081
9082
9079
9083
9080
9084
9085
9082
9086
9091
9192
9083
9087
9092
9193
9084
9088
9093
9194
9085
9089
9094
9195
9090
9095
9196
9087
9088
9089
9090
9092
9096
9093
9097
9094
9098
9095
9099
9100
9097
9101
9106
9207
9098
9102
9107
9208
9099
9103
9108
9209
9100
9104
9109
9210
9105
9110
9211
9102
9103
9104
9105
9107
9111
9108
9112
9109
9113
9110
9114
9115
9112
9116
9121
9222
9113
9117
9122
9223
9114
9118
9123
9224
9115
9119
9124
9225
9120
9125
9226
9117
9118
9119
9120
9122
9126
9123
9127
9124
9128
9125
9129
9130
9127
9131
9136
9237
9128
9132
9137
9238
9129
9133
9138
9239
9130
9134
9139
9240
9135
9140
9241
9132
9133
9134
9135
9137
9141
9138
9142
9139
9143
9140
9144
9145
9142
9146
9151
9252
9143
9147
9152
9253
9144
9148
9153
9254
9145
9149
9154
9255
9150
9155
9256
9147
9148
9149
9150
9152
9156
9153
9157
9154
9158
9155
9159
9160
9157
9161
9165
9267
9158
9161
9165
9268
9159
9162
9166
9269
9160
9163
9167
9270
9164
9168
9271
9162
9163
9164
9166
9169
9167
9169
9168
9170
9171
9170
9172
9175
9279
9171
9173
9175
9280
9174
9176
9281
9173
9174
9176
10364
10364
9178
9180
9183
9184
9293
10332
9179
9181
9185
9294
10333
9182
9186
9295
10334
9181
10327
9182
10328
10329
9184
9187
9188
9185
9189
9186
9190
9191
9188
9192
9197
9305
9189
9193
9198
9306
9190
9194
9199
9307
9191
9195
9200
9308
9196
9201
9309
9193
9194
9195
9196
9198
9202
9199
9203
9200
9204
9201
9205
9206
9203
9207
9212
9320
9204
9208
9213
9321
9205
9209
9214
9322
9206
9210
9215
9323
9211
9216
9324
9208
9209
9210
9211
9213
9217
9214
9218
9215
9219
9216
9220
9221
9218
9222
9227
9335
9219
9223
9228
9336
9220
9224
9229
9337
9221
9225
9230
9338
9226
9231
9339
9223
9224
9225
9226
9228
9232
9229
9233
9230
9234
9231
9235
9236
9233
9237
9242
9350
9234
9238
9243
9351
9235
9239
9244
9352
9236
9240
9245
9353
9241
9246
9354
9238
9239
9240
9241
9243
9247
9244
9248
9245
9249
9246
9250
9251
9248
9252
9257
9365
9249
9253
9258
9366
9250
9254
9259
9367
9251
9255
9260
9368
9256
9261
9369
9253
9254
9255
9256
9258
9262
9259
9263
9260
9264
9261
9265
9266
9263
9267
9272
9380
9264
9268
9272
9381
9265
9269
9273
9382
9266
9270
9274
9383
9271
9275
9384
9268
9269
9270
9271
9273
9276
9274
9276
9275
9277
9278
9277
9279
9282
9392
9278
9280
9282
9393
9281
9283
9394
9280
9281
9283
9284
9284
9285
10367
10364
9287
10326
9288
9289
9400
10330
10331
9289
9290
9291
9292
9291
9293
9296
9297
9406
9292
9294
9298
9407
9295
9299
9408
9294
9295
9297
9300
9301
9298
9302
9299
9303
9304
9301
9305
9310
9418
9302
9306
9311
9419
9303
9307
9312
9420
9304
9308
9313
9421
9309
9314
9422
9306
9307
9308
9309
9311
9315
9312
9316
9313
9317
9314
9318
9319
9316
9320
9325
9433
9317
9321
9326
9434
9318
9322
9327
9435
9319
9323
9328
9436
9324
9329
9437
9321
9322
9323
9324
9326
9330
9327
9331
9328
9332
9329
9333
9334
9331
9335
9340
9448
9332
9336
9341
9449
9333
9337
9342
9450
9334
9338
9343
9451
9339
9344
9452
9336
9337
9338
9339
9341
9345
9342
9346
9343
9347
9344
9348
9349
9346
9350
9355
9463
9347
9351
9356
9464
9348
9352
9357
9465
9349
9353
9358
9466
9354
9359
9467
9351
9352
9353
9354
9356
9360
9357
9361
9358
9362
9359
9363
9364
9361
9365
9370
9478
9362
9366
9371
9479
9363
9367
9372
9480
9364
9368
9373
9481
9369
9374
9482
9366
9367
9368
9369
9371
9375
9372
9376
9373
9377
9374
9378
9379
9376
9380
9385
9492
9377
9381
9385
9492
9378
9382
9386
9493
9379
9383
9387
9494
9384
9388
9495
9381
9382
9383
9384
9386
9389
9387
9389
9388
9390
9391
9390
9392
9395
9502
9391
9393
9395
9503
9394
9396
9504
9393
9394
9396
9397
9397
9507
10367
9399
9400
9401
9402
9510
9511
9402
9403
9404
9405
9404
9406
9409
9410
9517
9405
9407
9411
9518
9408
9412
9519
9407
9408
9410
9413
9414
9411
9415
9412
9416
9417
9414
9418
9423
9528
9415
9419
9424
9529
9416
9420
9425
9530
9417
9421
9426
9531
9422
9427
9532
9419
9420
9421
9422
9424
9428
9425
9429
9426
9430
9427
9431
9432
9429
9433
9438
9541
9430
9434
9439
9542
9431
9435
9440
9543
9432
9436
9441
9544
9437
9442
9545
9434
9435
9436
9437
9439
9443
9440
9444
9441
9445
9442
9446
9447
9444
9448
9453
9554
9445
9449
9454
9555
9446
9450
9455
9556
9447
9451
9456
9557
9452
9457
9558
9449
9450
9451
9452
9454
9458
9455
9459
9456
9460
9457
9461
9462
9459
9463
9468
9567
9460
9464
9469
9568
9461
9465
9470
9569
9462
9466
9471
9570
9467
9472
9571
9464
9465
9466
9467
9469
9473
9470
9474
9471
9475
9472
9476
9477
9474
9478
9483
9580
9475
9479
9484
9581
9476
9480
9485
9582
9477
9481
9486
9583
9482
9487
9584
9479
9480
9481
9482
9484
9488
9485
9488
9486
9489
9487
9490
9491
9489
9492
9496
9594
9490
9493
9496
9595
9491
9494
9497
9596
9495
9498
9597
9493
9494
9495
9497
9499
9498
9500
9501
9500
9502
9505
9603
9501
9503
9505
9603
9504
9506
9604
9503
9504
9506
10370
10370
10370
9509
9510
9512
9608
10493
9511
9513
9608
10493
9511
9513
9514
9515
9516
9515
9517
9520
9521
9613
9516
9518
9522
9614
9519
9523
9615
9518
9519
9521
9524
9522
9525
9523
9526
9527
9525
9528
9529
9533
9621
9526
9530
9534
9621
9527
9531
9535
9622
9532
9536
9623
9529
9530
9531
9532
9534
9537
9535
9538
9536
9539
9540
9538
9541
9542
9546
9629
9539
9543
9547
9629
9540
9544
9548
9630
9545
9549
9631
9542
9543
9544
9545
9547
9550
9548
9551
9549
9552
9553
9551
9554
9555
9559
9636
9552
9556
9560
9636
9553
9557
9561
9637
9558
9562
9638
9555
9556
9557
9558
9560
9563
9561
9564
9562
9565
9566
9564
9567
9568
9572
9643
9565
9569
9573
9643
9566
9570
9574
9644
9571
9575
9645
9568
9569
9570
9571
9573
9576
9574
9577
9575
9578
9579
9577
9580
9581
9585
9586
9653
9578
9582
9587
9654
9579
9583
9588
9655
9584
9589
9656
9581
9582
9583
9584
9586
9590
9587
9590
9588
9591
9589
9592
9593
9591
9594
9598
9666
9592
9595
9598
9667
9593
9596
9599
9668
9597
9600
9669
9595
9596
9597
9599
9601
9600
9601
9602
9602
9603
9605
9675
9604
9605
9676
9604
9606
10371
9608
9609
9610
9679
9610
9611
9612
9612
9613
9614
9616
9680
9615
9617
9680
9614
9615
9617
9618
9619
9620
9619
9621
9624
9683
9620
9622
9625
9683
9623
9626
9684
9622
9623
9625
9627
9626
9627
9628
9628
9629
9630
9632
9685
9631
9633
9686
9630
9631
9633
9634
9635
9635
9636
9637
9639
9687
9638
9640
9687
9637
9638
9640
9641
9642
9642
9643
9644
9646
9647
9690
9645
9648
9691
9644
9645
9647
9649
9650
9648
9651
9652
9650
9653
9657
9658
9692
9651
9654
9659
9693
9652
9655
9660
9694
9656
9661
9695
9654
9655
9656
9658
9662
9659
9662
9660
9663
9661
9664
9665
9663
9666
9670
9700
9664
9667
9670
9701
9665
9668
9671
9702
9669
9672
9703
9667
9668
9669
9671
9673
9672
9673
9674
9674
9675
9677
9704
9676
9677
9705
9676
9678
10374
10495
9682
10495
9683
9684
10336
9684
9686
10337
10337
9689
9690
9691
9691
9693
9694
9695
9697
9700
10345
10346
10350
10356
9698
9701
10347
10351
10356
9699
9702
10348
10352
10357
9703
10349
10353
10358
9701
9702
9703
9705
9707
9708
9709
9710
10375
9713
9714
9715
9716
9718
9719
9720
9721
9723
9724
9725
9726
9728
9729
9730
9731
9733
9734
9735
9736
9738
9739
9740
9741
9743
9744
9745
9746
9748
9749
9750
9751
9753
9754
9755
9756
9758
9759
9760
9761
9763
9765
9766
9768
9769
9771
9772
9774
9775
9777
9778
9780
9781
9783
9784
9785
9786
9788
9789
9790
9791
9793
9794
9795
9796
9798
9799
9800
9801
9803
9804
10272
10272
9810
9811
9813
9814
9815
9816
9818
9819
9820
9821
9823
9824
9825
9826
9828
9829
9830
9831
9833
9834
9835
9836
9838
9839
9841
9842
9843
9843
10269
10295
10297
10269
10296
10298
10271
10297
10298
10301
9847
9848
9850
9851
9852
9853
9855
9856
9857
9858
9860
9861
9862
9863
9865
9866
9867
9868
9870
9871
9873
10295
10296
10320
10301
10320
9877
9878
9880
9881
9882
9883
9885
9886
9887
9888
9890
9891
9892
9893
9895
9896
9897
9898
9900
9902
9903
9905
9907
9909
9911
9913
9914
9916
9917
9918
9919
9921
9922
9923
9924
9926
9927
9928
9929
9931
9932
9999
10415
10417
9933
9999
10416
10417
9933
9934
9935
9936
9935
9937
9938
10001
10421
9936
9939
10002
10422
9940
10003
10423
9938
9941
10380
9939
9942
10381
9940
9943
10382
9944
10383
9942
9945
10008
10425
10426
9943
9946
10008
10427
9944
9947
10009
10428
9948
10010
10429
9946
9949
10384
10385
9947
9950
10386
9948
9951
10387
9952
10388
9950
9958
10015
10432
10433
9951
9959
10015
10434
9952
9960
10016
10435
9961
10017
10436
9954
9962
10389
10394
10439
9955
9962
10390
10395
10440
9956
9963
10391
10396
10441
9957
9964
10392
10397
10442
9965
10393
10398
10443
9959
9962
10389
10390
9960
9963
10391
9961
9964
10392
9965
10393
9963
9966
10022
9964
9967
10022
9965
9968
10023
9969
10024
9967
9970
10394
10395
9968
9971
10396
9969
9972
10397
9973
10398
9971
9974
10029
10446
10447
9972
9975
10029
10448
9973
9976
10030
10449
9977
10031
10450
9975
9978
10399
10400
9976
9979
10401
9977
9980
10402
9981
10403
9979
9982
9983
10036
10453
10454
9980
9984
10037
10455
9981
9985
10038
10456
9986
10039
10457
9983
9987
10404
9984
9987
10405
9985
9988
10406
9986
9989
10407
9990
10408
9988
9991
10047
10460
9989
9991
10048
10461
9990
9992
10049
10462
9993
10050
10463
9992
9994
10409
9993
9994
10410
9995
10411
9995
9996
10060
10465
10466
9997
10061
10467
9997
9998
10412
9998
10413
10484
10000
10414
10004
10005
10068
10002
10006
10003
10006
10007
10005
10006
10007
10007
10011
10070
10012
10071
10009
10013
10010
10013
10014
10012
10013
10014
10014
10018
10076
10019
10076
10016
10020
10017
10020
10021
10019
10020
10021
10021
10025
10026
10023
10027
10024
10027
10028
10026
10027
10028
10028
10032
10335
10033
10335
10030
10034
10031
10034
10035
10033
10034
10035
10035
10040
10041
10077
10042
10078
10037
10043
10038
10044
10039
10045
10046
10041
10043
10044
10042
10045
10046
10044
10051
10052
10082
10045
10053
10083
10046
10054
10084
10055
10085
10048
10056
10049
10057
10050
10058
10059
10052
10056
10053
10056
10054
10057
10055
10058
10059
10057
10062
10093
10058
10062
10094
10059
10063
10095
10064
10096
10061
10065
10066
10063
10065
10064
10065
10066
10066
10067
10106
10067
10107
10069
10072
10073
10115
10071
10074
10075
10073
10074
10075
10075
10117
10118
10078
10080
10081
10080
10081
10081
10086
10087
10123
10088
10124
10083
10089
10084
10090
10085
10091
10092
10087
10089
10090
10088
10091
10092
10090
10097
10098
10128
10091
10099
10129
10092
10100
10130
10101
10131
10094
10102
10095
10103
10096
10104
10105
10098
10102
10099
10102
10100
10103
10101
10104
10105
10103
10108
10139
10104
10108
10140
10105
10109
10141
10110
10142
10107
10111
10112
10109
10111
10110
10111
10112
10112
10113
10151
10114
10152
10114
10116
10119
10120
10162
10118
10121
10122
10120
10121
10122
10122
10164
10165
10124
10126
10127
10126
10127
10127
10132
10133
10172
10134
10173
10129
10135
10130
10136
10131
10137
10138
10133
10135
10136
10134
10137
10138
10136
10143
10177
10137
10144
10177
10138
10145
10178
10146
10179
10140
10147
10141
10148
10142
10149
10150
10144
10147
10145
10148
10146
10149
10150
10148
10153
10184
10149
10153
10184
10150
10154
10185
10155
10186
10152
10156
10157
10154
10156
10155
10156
10157
10157
10160
10192
10160
10193
10159
10161
10161
10161
10163
10166
10167
10200
10165
10168
10169
10167
10168
10169
10169
10170
10201
10170
10201
10174
10202
10173
10175
10176
10175
10176
10176
10180
10203
10181
10203
10178
10182
10179
10182
10183
10181
10182
10183
10183
10187
10205
10188
10205
10185
10189
10186
10190
10191
10188
10189
10190
10191
10190
10194
10206
10191
10195
10206
10196
10207
10193
10197
10198
10195
10197
10196
10197
10198
10198
10199
10208
10199
10209
10338
10341
10338
10341
10342
10207
10344
10344
10209
10355
10355
10344
10355
10355
10213
10219
10220
10215
10219
10220
10217
10221
10218
10222
10223
10220
10221
10222
10224
10225
10223
10226
10222
10227
10223
10228
10229
10225
10227
10234
10226
10228
10235
10229
10236
10228
10237
10238
10229
10239
10240
10231
10237
10232
10238
10233
10239
10240
10235
10237
10238
10241
10242
10236
10239
10243
10240
10244
10238
10245
10239
10246
10240
10247
10248
10242
10245
10259
10260
10243
10246
10261
10244
10247
10262
10248
10263
10246
10264
10265
10247
10266
10248
10267
10268
10250
10259
10251
10260
10252
10261
10253
10262
10263
10255
10264
10256
10265
10257
10266
10258
10267
10268
10260
10264
10273
10261
10265
10274
10262
10266
10275
10263
10267
10276
10268
10277
10265
10278
10266
10279
10267
10280
10268
10281
10282
10270
10271
10297
10298
10274
10278
10287
10275
10279
10287
10276
10280
10288
10277
10281
10289
10282
10290
10279
10291
10280
10291
10281
10292
10282
10293
10294
10284
10291
10285
10292
10286
10293
10294
10288
10291
10302
10289
10292
10302
10290
10293
10303
10294
10304
10292
10305
10293
10306
10294
10307
10308
10296
10299
10300
10298
10299
10300
10300
10301
10320
10301
10320
10303
10305
10306
10314
10304
10307
10315
10308
10316
10306
10317
10307
10317
10308
10318
10319
10310
10314
10315
10316
10312
10317
10313
10318
10319
10315
10317
10321
10316
10318
10321
10319
10322
10318
10323
10319
10324
10325
10322
10323
10324
10330
10325
10331
10324
10332
10325
10333
10334
10330
10331
10490
10328
10332
10329
10333
10334
10331
10332
10333
10334
10333
10334
10337
10339
10343
10344
10346
10347
10348
10349
10351
10352
10353
10357
10358
10361
10363
10364
10366
10369
10371
10419
10420
10420
10379
10381
10421
10425
10426
10382
10421
10427
10383
10422
10428
10423
10429
10385
10425
10432
10386
10426
10433
10387
10427
10434
10388
10428
10435
10429
10436
10390
10432
10391
10433
10392
10434
10393
10435
10436
10395
10446
10396
10447
10397
10448
10398
10449
10450
10400
10446
10453
10401
10447
10454
10402
10448
10455
10403
10449
10456
10450
10457
10405
10453
10460
10406
10454
10460
10407
10455
10461
10408
10456
10462
10457
10463
10410
10460
10461
10465
10411
10462
10466
10463
10467
10413
10465
10466
10467
10417
10416
10422
10423
10426
10427
10428
10429
10433
10434
10435
10436
10438
10440
10441
10442
10443
10445
10451
10447
10448
10449
10450
10452
10454
10455
10456
10457
10464
10461
10462
10463
10466
10467
10473
10477
10480
10481
10483
10486
10492
10499
10498
)


// ************************************************************************* //
