/*--------------------------------*- C++ -*----------------------------------*\
  =========                 |
  \\      /  F ield         | OpenFOAM: The Open Source CFD Toolbox
   \\    /   O peration     | Website:  https://openfoam.org
    \\  /    A nd           | Version:  13
     \\/     M anipulation  |
\*---------------------------------------------------------------------------*/
FoamFile
{
    format      ascii;
    class       vectorField;
    location    "constant/polyMesh";
    object      points;
}
// * * * * * * * * * * * * * * * * * * * * * * * * * * * * * * * * * * * * * //


13003
(
(-10 -0.1 -0.1)
(-9.49918 -0.1 -0.1)
(-8.99828 -0.1 -0.1)
(-8.49716 -0.1 -0.1)
(-7.99572 -0.1 -0.1)
(-7.4938 -0.1 -0.1)
(-6.99126 -0.1 -0.1)
(-6.48796 -0.1 -0.1)
(-5.98375 -0.1 -0.1)
(-5.4785 -0.1 -0.1)
(-4.97213 -0.1 -0.1)
(-4.4646 -0.1 -0.1)
(-4.00469 -0.1 -0.1)
(-3.54393 -0.1 -0.1)
(-3.08255 -0.1 -0.1)
(-2.62087 -0.1 -0.1)
(-2.15933 -0.1 -0.1)
(-1.67284 -0.1 -0.1)
(-1.19311 -0.1 -0.1)
(-0.742837 -0.1 -0.1)
(-0.427454 -0.1 -0.1)
(-10 0.408501 -0.1)
(-9.4992 0.408501 -0.1)
(-8.99831 0.408502 -0.1)
(-8.49722 0.408503 -0.1)
(-7.9958 0.408504 -0.1)
(-7.4939 0.408507 -0.1)
(-6.99139 0.40851 -0.1)
(-6.48812 0.408516 -0.1)
(-5.98394 0.408524 -0.1)
(-5.47872 0.408535 -0.1)
(-4.97238 0.408552 -0.1)
(-4.46488 0.408575 -0.1)
(-4.005 0.408609 -0.1)
(-3.54427 0.408654 -0.1)
(-3.08294 0.408712 -0.1)
(-2.62132 0.408779 -0.1)
(-2.1471 0.40884 -0.1)
(-1.66238 0.408861 -0.1)
(-1.17843 0.408786 -0.1)
(-0.726308 0.408561 -0.1)
(-0.4276 0.408375 -0.1)
(-10 0.917002 -0.1)
(-9.49921 0.917002 -0.1)
(-8.99834 0.917003 -0.1)
(-8.49726 0.917005 -0.1)
(-7.99585 0.917008 -0.1)
(-7.49397 0.917013 -0.1)
(-6.99148 0.91702 -0.1)
(-6.48823 0.91703 -0.1)
(-5.98406 0.917044 -0.1)
(-5.47887 0.917066 -0.1)
(-4.97254 0.917096 -0.1)
(-4.46507 0.917139 -0.1)
(-4.00515 0.917238 -0.1)
(-3.54441 0.917356 -0.1)
(-3.08311 0.917496 -0.1)
(-2.61703 0.917648 -0.1)
(-2.13196 0.917778 -0.1)
(-1.65503 0.917851 -0.1)
(-1.16888 0.917742 -0.1)
(-0.713834 0.917207 -0.1)
(-0.426941 0.91692 -0.1)
(-10 1.4255 -0.1)
(-9.49922 1.4255 -0.1)
(-8.99835 1.4255 -0.1)
(-8.49728 1.42551 -0.1)
(-7.99588 1.42551 -0.1)
(-7.494 1.42552 -0.1)
(-6.99152 1.42553 -0.1)
(-6.48827 1.42554 -0.1)
(-5.98411 1.42556 -0.1)
(-5.47892 1.42559 -0.1)
(-4.9726 1.42563 -0.1)
(-4.46513 1.42568 -0.1)
(-4.00505 1.4258 -0.1)
(-3.54418 1.42594 -0.1)
(-3.08278 1.4261 -0.1)
(-2.60483 1.42627 -0.1)
(-2.11968 1.42641 -0.1)
(-1.64307 1.42649 -0.1)
(-1.16842 1.42637 -0.1)
(-0.712537 1.42575 -0.1)
(-0.425421 1.42547 -0.1)
(-10 1.934 -0.1)
(-9.49922 1.934 -0.1)
(-8.99836 1.93401 -0.1)
(-8.49728 1.93401 -0.1)
(-7.99588 1.93401 -0.1)
(-7.494 1.93402 -0.1)
(-6.99152 1.93403 -0.1)
(-6.48826 1.93405 -0.1)
(-5.98409 1.93407 -0.1)
(-5.47887 1.9341 -0.1)
(-4.97253 1.93414 -0.1)
(-4.46504 1.9342 -0.1)
(-4.00489 1.93427 -0.1)
(-3.54395 1.93435 -0.1)
(-3.08251 1.93445 -0.1)
(-2.59996 1.93457 -0.1)
(-2.11471 1.93466 -0.1)
(-1.63819 1.93465 -0.1)
(-1.17314 1.93447 -0.1)
(-0.719634 1.93418 -0.1)
(-0.425045 1.93398 -0.1)
(-10 2.4425 -0.1)
(-9.49922 2.4425 -0.1)
(-8.99835 2.44251 -0.1)
(-8.49727 2.44251 -0.1)
(-7.99586 2.44251 -0.1)
(-7.49397 2.44252 -0.1)
(-6.99147 2.44253 -0.1)
(-6.48819 2.44255 -0.1)
(-5.98399 2.44257 -0.1)
(-5.47874 2.4426 -0.1)
(-4.97234 2.44264 -0.1)
(-4.46478 2.4427 -0.1)
(-4.00467 2.44264 -0.1)
(-3.54374 2.4426 -0.1)
(-3.08229 2.44256 -0.1)
(-2.60422 2.44257 -0.1)
(-2.11899 2.44256 -0.1)
(-1.64239 2.44245 -0.1)
(-1.16784 2.44224 -0.1)
(-0.713908 2.44262 -0.1)
(-0.426002 2.44251 -0.1)
(-10 2.951 -0.1)
(-9.49921 2.951 -0.1)
(-8.99833 2.95101 -0.1)
(-8.49724 2.95101 -0.1)
(-7.99582 2.95101 -0.1)
(-7.49391 2.95102 -0.1)
(-6.99138 2.95103 -0.1)
(-6.48807 2.95104 -0.1)
(-5.98383 2.95106 -0.1)
(-5.47852 2.95109 -0.1)
(-4.97204 2.95113 -0.1)
(-4.46439 2.95118 -0.1)
(-4.00432 2.95122 -0.1)
(-3.54341 2.95128 -0.1)
(-3.08194 2.95134 -0.1)
(-2.61561 2.9514 -0.1)
(-2.13041 2.95142 -0.1)
(-1.65349 2.95137 -0.1)
(-1.1723 2.95123 -0.1)
(-0.72054 2.95111 -0.1)
(-0.42742 2.95103 -0.1)
(-10 3.4595 -0.1)
(-9.4992 3.4595 -0.1)
(-8.99831 3.4595 -0.1)
(-8.4972 3.45951 -0.1)
(-7.99576 3.45951 -0.1)
(-7.49383 3.45952 -0.1)
(-6.99127 3.45952 -0.1)
(-6.48792 3.45954 -0.1)
(-5.98362 3.45955 -0.1)
(-5.47824 3.45957 -0.1)
(-4.97168 3.4596 -0.1)
(-4.46391 3.45964 -0.1)
(-4.00375 3.45969 -0.1)
(-3.54271 3.45974 -0.1)
(-3.08107 3.45978 -0.1)
(-2.61918 3.45982 -0.1)
(-2.14467 3.45983 -0.1)
(-1.66503 3.45979 -0.1)
(-1.18354 3.4597 -0.1)
(-0.733414 3.45959 -0.1)
(-0.427653 3.45955 -0.1)
(-10 3.968 -0.1)
(-9.49918 3.968 -0.1)
(-8.99827 3.968 -0.1)
(-8.49715 3.968 -0.1)
(-7.99568 3.96801 -0.1)
(-7.49372 3.96801 -0.1)
(-6.99113 3.96802 -0.1)
(-6.48773 3.96803 -0.1)
(-5.98337 3.96804 -0.1)
(-5.47792 3.96805 -0.1)
(-4.97128 3.96807 -0.1)
(-4.46341 3.9681 -0.1)
(-4.00314 3.96813 -0.1)
(-3.54197 3.96816 -0.1)
(-3.08019 3.96819 -0.1)
(-2.61818 3.96821 -0.1)
(-2.15645 3.96821 -0.1)
(-1.67446 3.96818 -0.1)
(-1.19635 3.96813 -0.1)
(-0.745429 3.96808 -0.1)
(-0.427658 3.96808 -0.1)
(-10 4.4765 -0.1)
(-9.49916 4.4765 -0.1)
(-8.99823 4.4765 -0.1)
(-8.49709 4.4765 -0.1)
(-7.99559 4.4765 -0.1)
(-7.4936 4.47651 -0.1)
(-6.99097 4.47651 -0.1)
(-6.48752 4.47651 -0.1)
(-5.98311 4.47652 -0.1)
(-5.4776 4.47653 -0.1)
(-4.97088 4.47654 -0.1)
(-4.46292 4.47655 -0.1)
(-4.00258 4.47657 -0.1)
(-3.54133 4.47658 -0.1)
(-3.07948 4.4766 -0.1)
(-2.61745 4.47661 -0.1)
(-2.15581 4.47661 -0.1)
(-1.68584 4.4766 -0.1)
(-1.20965 4.47657 -0.1)
(-0.756411 4.47654 -0.1)
(-0.427658 4.47656 -0.1)
(-10 4.985 -0.1)
(-9.49914 4.985 -0.1)
(-8.99819 4.985 -0.1)
(-8.49702 4.985 -0.1)
(-7.9955 4.985 -0.1)
(-7.49347 4.985 -0.1)
(-6.99079 4.985 -0.1)
(-6.4873 4.985 -0.1)
(-5.98284 4.985 -0.1)
(-5.47728 4.985 -0.1)
(-4.9705 4.985 -0.1)
(-4.46249 4.985 -0.1)
(-4.00211 4.985 -0.1)
(-3.54084 4.985 -0.1)
(-3.07898 4.985 -0.1)
(-2.61699 4.985 -0.1)
(-2.15549 4.985 -0.1)
(-1.6953 4.985 -0.1)
(-1.22239 4.985 -0.1)
(-0.767207 4.985 -0.1)
(-10 -0.1 0.376667)
(-9.4992 -0.1 0.376667)
(-8.99831 -0.1 0.376667)
(-8.49722 -0.1 0.376667)
(-7.99579 -0.1 0.376667)
(-7.4939 -0.1 0.376667)
(-6.99139 -0.1 0.376666)
(-6.48813 -0.1 0.376666)
(-5.98395 -0.1 0.376666)
(-5.47874 -0.1 0.376666)
(-4.97241 -0.1 0.376665)
(-4.46492 -0.1 0.376664)
(-4.00505 -0.1 0.376663)
(-3.54433 -0.1 0.376661)
(-3.08301 -0.1 0.376656)
(-2.62139 -0.1 0.376647)
(-2.15164 -0.1 0.376632)
(-1.66651 -0.1 0.376616)
(-1.18406 -0.1 0.376611)
(-0.73232 -0.1 0.376611)
(-0.427603 -0.1 0.376577)
(-10 0.408501 0.376667)
(-9.49922 0.408501 0.376667)
(-8.99835 0.408502 0.376667)
(-8.49728 0.408503 0.376667)
(-7.99587 0.408504 0.376667)
(-7.494 0.408507 0.376667)
(-6.99153 0.40851 0.376666)
(-6.48829 0.408516 0.376666)
(-5.98415 0.408524 0.376666)
(-5.47897 0.408536 0.376666)
(-4.97267 0.408553 0.376665)
(-4.46521 0.408578 0.376664)
(-4.00526 0.408675 0.376727)
(-3.54448 0.408788 0.376789)
(-3.08312 0.408919 0.376847)
(-2.61604 0.409067 0.376889)
(-2.13092 0.409209 0.376895)
(-1.65395 0.409347 0.376899)
(-1.16538 0.40935 0.376872)
(-0.70827 0.408817 0.376584)
(-0.426657 0.408493 0.376623)
(-10 0.917002 0.376667)
(-9.49923 0.917002 0.376667)
(-8.99837 0.917003 0.376667)
(-8.49731 0.917005 0.376667)
(-7.99593 0.917008 0.376667)
(-7.49407 0.917013 0.376667)
(-6.99161 0.91702 0.376666)
(-6.48839 0.91703 0.376666)
(-5.98427 0.917045 0.376666)
(-5.47911 0.917067 0.376666)
(-4.97283 0.917098 0.376665)
(-4.46541 0.917144 0.376663)
(-4.00423 0.917585 0.377169)
(-3.54225 0.91806 0.37768)
(-3.07718 0.918545 0.378153)
(-2.59045 0.918898 0.378379)
(-2.10459 0.919293 0.378584)
(-1.62757 0.919751 0.378828)
(-1.14755 0.919989 0.378802)
(-0.679716 0.918479 0.376954)
(-0.415486 0.917455 0.376703)
(-10 1.4255 0.376667)
(-9.49924 1.4255 0.376667)
(-8.99839 1.4255 0.376667)
(-8.49733 1.42551 0.376667)
(-7.99595 1.42551 0.376667)
(-7.49411 1.42552 0.376667)
(-6.99165 1.42553 0.376666)
(-6.48844 1.42554 0.376666)
(-5.98432 1.42556 0.376666)
(-5.47916 1.42559 0.376666)
(-4.97289 1.42563 0.376665)
(-4.46548 1.42569 0.376663)
(-4.00156 1.42634 0.378272)
(-3.53688 1.42714 0.379905)
(-3.05757 1.42771 0.381001)
(-2.56417 1.42814 0.381563)
(-2.07653 1.42867 0.382273)
(-1.59797 1.42931 0.383173)
(-1.1338 1.42982 0.383983)
(-0.664508 1.42668 0.378277)
(-0.391524 1.42591 0.376582)
(-10 1.934 0.376667)
(-9.49924 1.934 0.376667)
(-8.99839 1.93401 0.376667)
(-8.49734 1.93401 0.376667)
(-7.99596 1.93401 0.376667)
(-7.49411 1.93402 0.376667)
(-6.99165 1.93403 0.376666)
(-6.48843 1.93405 0.376666)
(-5.98429 1.93407 0.376666)
(-5.47912 1.9341 0.376666)
(-4.97282 1.93415 0.376665)
(-4.46538 1.93421 0.376663)
(-4.00081 1.93413 0.378751)
(-3.53547 1.93407 0.381057)
(-3.04897 1.93412 0.382208)
(-2.55489 1.93423 0.382953)
(-2.06658 1.93433 0.383908)
(-1.58745 1.93436 0.385158)
(-1.12306 1.93419 0.386261)
(-0.671397 1.93446 0.377696)
(-0.386128 1.93405 0.376469)
(-10 2.4425 0.376667)
(-9.49923 2.4425 0.376667)
(-8.99838 2.44251 0.376667)
(-8.49732 2.44251 0.376667)
(-7.99593 2.44251 0.376667)
(-7.49408 2.44252 0.376667)
(-6.9916 2.44253 0.376667)
(-6.48836 2.44255 0.376666)
(-5.98419 2.44257 0.376666)
(-5.47898 2.4426 0.376666)
(-4.97263 2.44264 0.376665)
(-4.46512 2.4427 0.376664)
(-4.00206 2.44145 0.377736)
(-3.53823 2.4402 0.378826)
(-3.05939 2.43941 0.379554)
(-2.56616 2.43905 0.379922)
(-2.07876 2.43852 0.38038)
(-1.60059 2.43769 0.38096)
(-1.13629 2.43678 0.381478)
(-0.667138 2.44191 0.377094)
(-0.40002 2.4425 0.376556)
(-10 2.951 0.376667)
(-9.49923 2.951 0.376667)
(-8.99837 2.95101 0.376667)
(-8.4973 2.95101 0.376667)
(-7.99589 2.95101 0.376667)
(-7.49402 2.95102 0.376667)
(-6.99152 2.95103 0.376667)
(-6.48824 2.95104 0.376666)
(-5.98403 2.95106 0.376666)
(-5.47876 2.95109 0.376666)
(-4.97233 2.95113 0.376665)
(-4.46471 2.95118 0.376664)
(-4.00413 2.95102 0.376839)
(-3.54273 2.95087 0.377011)
(-3.08078 2.95072 0.37718)
(-2.59144 2.95071 0.377237)
(-2.10566 2.95066 0.377288)
(-1.62889 2.95051 0.377342)
(-1.15357 2.95032 0.377321)
(-0.693291 2.95122 0.376456)
(-0.422545 2.95099 0.376616)
(-10 3.4595 0.376667)
(-9.49921 3.4595 0.376667)
(-8.99834 3.4595 0.376667)
(-8.49726 3.45951 0.376667)
(-7.99583 3.45951 0.376667)
(-7.49393 3.45952 0.376667)
(-6.9914 3.45952 0.376667)
(-6.48808 3.45954 0.376666)
(-5.98382 3.45955 0.376666)
(-5.47848 3.45957 0.376666)
(-4.97195 3.4596 0.376666)
(-4.46422 3.45964 0.376665)
(-4.00407 3.45968 0.376672)
(-3.54304 3.45973 0.376678)
(-3.08141 3.45978 0.376681)
(-2.61392 3.45982 0.376679)
(-2.12855 3.45984 0.376665)
(-1.65153 3.45981 0.376646)
(-1.16926 3.45972 0.37663)
(-0.716565 3.45961 0.376597)
(-0.427442 3.45953 0.376572)
(-10 3.968 0.376667)
(-9.4992 3.968 0.376667)
(-8.99831 3.968 0.376667)
(-8.49721 3.968 0.376667)
(-7.99576 3.96801 0.376667)
(-7.49383 3.96801 0.376667)
(-6.99126 3.96802 0.376667)
(-6.48789 3.96803 0.376666)
(-5.98357 3.96804 0.376666)
(-5.47816 3.96805 0.376666)
(-4.97155 3.96807 0.376666)
(-4.4637 3.9681 0.376665)
(-4.00346 3.96813 0.376664)
(-3.5423 3.96816 0.376662)
(-3.08052 3.9682 0.376659)
(-2.6185 3.96822 0.376654)
(-2.14829 3.96823 0.376646)
(-1.6663 3.96821 0.376635)
(-1.18578 3.96815 0.376627)
(-0.734827 3.96809 0.376624)
(-0.427656 3.96808 0.376559)
(-10 4.4765 0.376667)
(-9.49918 4.4765 0.376667)
(-8.99827 4.4765 0.376667)
(-8.49715 4.4765 0.376667)
(-7.99567 4.4765 0.376667)
(-7.49371 4.47651 0.376667)
(-6.9911 4.47651 0.376667)
(-6.48769 4.47651 0.376666)
(-5.98331 4.47652 0.376666)
(-5.47783 4.47653 0.376666)
(-4.97114 4.47654 0.376666)
(-4.46321 4.47655 0.376666)
(-4.00288 4.47657 0.376664)
(-3.54163 4.47658 0.376663)
(-3.07976 4.4766 0.37666)
(-2.61767 4.47661 0.376657)
(-2.15592 4.47661 0.376652)
(-1.67957 4.4766 0.376647)
(-1.2022 4.47657 0.376641)
(-0.749361 4.47654 0.376636)
(-0.427658 4.47659 0.376576)
(-10 4.985 0.376667)
(-9.49916 4.985 0.376667)
(-8.99823 4.985 0.376667)
(-8.49708 4.985 0.376667)
(-7.99557 4.985 0.376667)
(-7.49358 4.985 0.376667)
(-6.99093 4.985 0.376667)
(-6.48747 4.985 0.376667)
(-5.98304 4.985 0.376666)
(-5.47751 4.985 0.376666)
(-4.97077 4.985 0.376666)
(-4.46278 4.985 0.376666)
(-4.0024 4.985 0.376663)
(-3.54112 4.985 0.37666)
(-3.07923 4.985 0.376657)
(-2.61718 4.985 0.376653)
(-2.15554 4.985 0.376649)
(-1.69275 4.985 0.376643)
(-1.21696 4.985 0.376639)
(-0.761763 4.985 0.376639)
(0.116149 4.885 0.375611)
(-10 -0.1 0.853333)
(-9.49921 -0.1 0.853333)
(-8.99833 -0.1 0.853333)
(-8.49726 -0.1 0.853333)
(-7.99584 -0.1 0.853333)
(-7.49397 -0.1 0.853333)
(-6.99148 -0.1 0.853333)
(-6.48824 -0.1 0.853333)
(-5.9841 -0.1 0.853332)
(-5.47892 -0.1 0.853332)
(-4.97263 -0.1 0.853331)
(-4.4652 -0.1 0.853329)
(-4.00535 -0.1 0.853358)
(-3.54467 -0.1 0.853386)
(-3.08342 -0.1 0.85341)
(-2.62192 -0.1 0.853429)
(-2.14288 -0.1 0.853429)
(-1.66478 -0.1 0.853426)
(-1.18107 -0.1 0.853417)
(-0.728252 -0.1 0.853287)
(-0.427192 -0.1 0.853298)
(-10 0.408501 0.853333)
(-9.49923 0.408501 0.853333)
(-8.99837 0.408502 0.853333)
(-8.49731 0.408503 0.853333)
(-7.99592 0.408504 0.853333)
(-7.49407 0.408507 0.853333)
(-6.99162 0.40851 0.853333)
(-6.4884 0.408516 0.853333)
(-5.98429 0.408524 0.853332)
(-5.47915 0.408537 0.853332)
(-4.97289 0.408555 0.853331)
(-4.4655 0.408582 0.853329)
(-4.00475 0.409049 0.853615)
(-3.54321 0.409543 0.853906)
(-3.0805 0.410059 0.854185)
(-2.59939 0.410457 0.854341)
(-2.11395 0.410874 0.854451)
(-1.63715 0.411416 0.854581)
(-1.15775 0.411793 0.854563)
(-0.696333 0.41023 0.853565)
(-0.419101 0.409101 0.853403)
(-10 0.917002 0.853333)
(-9.49924 0.917002 0.853333)
(-8.9984 0.917003 0.853333)
(-8.49735 0.917005 0.853333)
(-7.99597 0.917008 0.853333)
(-7.49414 0.917013 0.853333)
(-6.9917 0.91702 0.853333)
(-6.48851 0.91703 0.853333)
(-5.98442 0.917046 0.853332)
(-5.47929 0.917069 0.853332)
(-4.97306 0.917102 0.85333)
(-4.4657 0.917152 0.853328)
(-3.99557 0.919087 0.854737)
(-3.51538 0.920818 0.855821)
(-3.03785 0.922648 0.857003)
(-2.5426 0.923636 0.8575)
(-2.05218 0.924962 0.858106)
(-1.57028 0.92685 0.858866)
(-1.10209 0.929997 0.859697)
(-0.622498 0.937448 0.857027)
(-0.336187 0.928143 0.862255)
(-10 1.4255 0.853333)
(-9.49925 1.4255 0.853333)
(-8.99841 1.4255 0.853333)
(-8.49737 1.42551 0.853333)
(-7.996 1.42551 0.853333)
(-7.49417 1.42552 0.853333)
(-6.99174 1.42553 0.853333)
(-6.48855 1.42554 0.853333)
(-5.98447 1.42556 0.853332)
(-5.47935 1.42559 0.853332)
(-4.97312 1.42564 0.85333)
(-4.46578 1.4257 0.853328)
(-3.97516 1.42746 0.855607)
(-3.476 1.42904 0.857028)
(-2.97667 1.43042 0.858361)
(-2.47341 1.43137 0.859093)
(-1.9736 1.43271 0.860045)
(-1.47991 1.43468 0.861349)
(-0.996552 1.43753 0.864363)
(-0.520761 1.44056 0.880064)
(-0.162176 1.42373 0.860944)
(-10 1.934 0.853333)
(-9.49925 1.934 0.853333)
(-8.99841 1.93401 0.853333)
(-8.49737 1.93401 0.853333)
(-7.996 1.93401 0.853333)
(-7.49417 1.93402 0.853333)
(-6.99174 1.93403 0.853333)
(-6.48854 1.93405 0.853333)
(-5.98444 1.93407 0.853332)
(-5.4793 1.9341 0.853332)
(-4.97305 1.93415 0.85333)
(-4.46568 1.93422 0.853328)
(-3.97308 1.93386 0.856907)
(-3.47268 1.93378 0.859693)
(-2.96718 1.93385 0.860771)
(-2.46279 1.93398 0.861931)
(-1.96164 1.93414 0.863491)
(-1.4664 1.93431 0.865677)
(-0.981257 1.93434 0.869371)
(-0.512422 1.93446 0.882426)
(-0.147887 1.93481 0.837485)
(-10 2.4425 0.853333)
(-9.49924 2.4425 0.853333)
(-8.9984 2.44251 0.853333)
(-8.49736 2.44251 0.853333)
(-7.99598 2.44251 0.853333)
(-7.49414 2.44252 0.853333)
(-6.99169 2.44253 0.853333)
(-6.48847 2.44255 0.853333)
(-5.98434 2.44257 0.853332)
(-5.47916 2.4426 0.853332)
(-4.97285 2.44265 0.853331)
(-4.4654 2.44271 0.853329)
(-3.98063 2.43815 0.856092)
(-3.48929 2.43457 0.858452)
(-2.98575 2.43349 0.85919)
(-2.48374 2.4322 0.860056)
(-1.98557 2.43041 0.861198)
(-1.4941 2.42775 0.862787)
(-1.01408 2.42372 0.86594)
(-0.541437 2.42236 0.877915)
(-0.211393 2.43361 0.854335)
(-10 2.951 0.853333)
(-9.49924 2.951 0.853333)
(-8.99839 2.95101 0.853333)
(-8.49733 2.95101 0.853333)
(-7.99594 2.95101 0.853333)
(-7.49408 2.95102 0.853333)
(-6.9916 2.95103 0.853333)
(-6.48835 2.95104 0.853333)
(-5.98417 2.95106 0.853333)
(-5.47893 2.95109 0.853332)
(-4.97254 2.95113 0.853331)
(-4.46498 2.95119 0.853329)
(-3.99988 2.94936 0.854273)
(-3.53399 2.94753 0.855231)
(-3.05043 2.94648 0.855799)
(-2.5562 2.94591 0.856119)
(-2.06768 2.94512 0.856523)
(-1.58829 2.94398 0.857037)
(-1.12266 2.94286 0.857524)
(-0.648282 2.94986 0.854661)
(-0.382787 2.95216 0.852474)
(-10 3.4595 0.853333)
(-9.49922 3.4595 0.853333)
(-8.99836 3.4595 0.853333)
(-8.49729 3.45951 0.853333)
(-7.99588 3.45951 0.853333)
(-7.494 3.45952 0.853333)
(-6.99149 3.45952 0.853333)
(-6.48819 3.45954 0.853333)
(-5.98396 3.45955 0.853333)
(-5.47864 3.45958 0.853332)
(-4.97216 3.45961 0.853332)
(-4.46447 3.45965 0.85333)
(-4.00407 3.45955 0.853416)
(-3.54281 3.45946 0.8535)
(-3.08099 3.45938 0.853581)
(-2.59899 3.45936 0.85362)
(-2.11339 3.45934 0.853641)
(-1.6366 3.45926 0.853664)
(-1.15903 3.45914 0.853651)
(-0.702242 3.45972 0.853231)
(-0.424893 3.45951 0.853308)
(-10 3.968 0.853333)
(-9.49921 3.968 0.853333)
(-8.99833 3.968 0.853333)
(-8.49724 3.968 0.853333)
(-7.99581 3.96801 0.853333)
(-7.49389 3.96801 0.853333)
(-6.99135 3.96802 0.853333)
(-6.488 3.96803 0.853333)
(-5.98371 3.96804 0.853333)
(-5.47832 3.96805 0.853332)
(-4.97174 3.96807 0.853332)
(-4.46393 3.9681 0.853331)
(-4.00371 3.96813 0.853332)
(-3.54258 3.96817 0.853333)
(-3.08083 3.96821 0.853332)
(-2.61884 3.96824 0.853328)
(-2.13918 3.96825 0.85332)
(-1.66167 3.96824 0.853309)
(-1.1796 3.96819 0.853299)
(-0.728458 3.96811 0.85328)
(-0.427611 3.96808 0.853276)
(-10 4.4765 0.853333)
(-9.49919 4.4765 0.853333)
(-8.99829 4.4765 0.853333)
(-8.49718 4.4765 0.853333)
(-7.99572 4.4765 0.853333)
(-7.49377 4.47651 0.853333)
(-6.99119 4.47651 0.853333)
(-6.4878 4.47651 0.853333)
(-5.98344 4.47652 0.853333)
(-5.47799 4.47653 0.853333)
(-4.97133 4.47654 0.853332)
(-4.46342 4.47655 0.853332)
(-4.00311 4.47657 0.853331)
(-3.54188 4.47659 0.853329)
(-3.08001 4.4766 0.853327)
(-2.6179 4.47662 0.853323)
(-2.15607 4.47662 0.853319)
(-1.67612 4.47661 0.853313)
(-1.19799 4.47659 0.853304)
(-0.745739 4.47655 0.85329)
(-0.427657 4.4766 0.853276)
(-10 4.985 0.853333)
(-9.49917 4.985 0.853333)
(-8.99825 4.985 0.853333)
(-8.49711 4.985 0.853333)
(-7.99562 4.985 0.853333)
(-7.49364 4.985 0.853333)
(-6.99101 4.985 0.853333)
(-6.48758 4.985 0.853333)
(-5.98318 4.985 0.853333)
(-5.47767 4.985 0.853333)
(-4.97095 4.985 0.853332)
(-4.46298 4.985 0.853332)
(-4.00262 4.985 0.853331)
(-3.54134 4.985 0.853329)
(-3.07944 4.985 0.853327)
(-2.61734 4.985 0.853325)
(-2.15559 4.985 0.853322)
(-1.69013 4.985 0.853317)
(-1.21396 4.985 0.853309)
(-0.759297 4.985 0.853294)
(-10 -0.1 1.33)
(-9.49921 -0.1 1.33)
(-8.99834 -0.1 1.33)
(-8.49727 -0.1 1.33)
(-7.99587 -0.1 1.33)
(-7.494 -0.1 1.33)
(-6.99153 -0.1 1.33)
(-6.4883 -0.1 1.33)
(-5.98417 -0.1 1.33)
(-5.47903 -0.1 1.33)
(-4.97277 -0.1 1.33)
(-4.46539 -0.1 1.33)
(-4.00559 -0.1 1.32996)
(-3.545 -0.1 1.32993)
(-3.08386 -0.1 1.32989)
(-2.6225 -0.1 1.32986)
(-2.13822 -0.1 1.32983)
(-1.66123 -0.1 1.32981)
(-1.18528 -0.1 1.32981)
(-0.732048 -0.1 1.32998)
(-0.427107 -0.1 1.33)
(-10 0.408501 1.33)
(-9.49923 0.408501 1.33)
(-8.99838 0.408502 1.33)
(-8.49733 0.408503 1.33)
(-7.99594 0.408504 1.33)
(-7.4941 0.408507 1.33)
(-6.99166 0.408511 1.33)
(-6.48846 0.408516 1.33)
(-5.98437 0.408525 1.33)
(-5.47925 0.408538 1.33)
(-4.97303 0.408558 1.33)
(-4.46569 0.408587 1.33)
(-4.00476 0.409871 1.32984)
(-3.54306 0.411309 1.32966)
(-3.07542 0.412576 1.32951)
(-2.59058 0.413437 1.32941)
(-2.10512 0.414373 1.32932)
(-1.62872 0.415663 1.32919)
(-1.16408 0.41693 1.3291)
(-0.704511 0.411827 1.32942)
(-0.416937 0.409849 1.33006)
(-10 0.917002 1.33)
(-9.49924 0.917002 1.33)
(-8.9984 0.917003 1.33)
(-8.49736 0.917005 1.33)
(-7.996 0.917008 1.33)
(-7.49417 0.917013 1.33)
(-6.99174 0.91702 1.33)
(-6.48857 0.917031 1.33)
(-5.98449 0.917047 1.33)
(-5.4794 0.917071 1.33)
(-4.97321 0.917107 1.33)
(-4.46591 0.91716 1.33)
(-3.9926 0.922316 1.33012)
(-3.50145 0.926104 1.33014)
(-3.01947 0.930937 1.33019)
(-2.52216 0.933221 1.3302)
(-2.03013 0.936407 1.3302)
(-1.54706 0.941127 1.33017)
(-1.07927 0.949141 1.3298)
(-0.62699 0.968124 1.32311)
(-0.308482 0.951459 1.3175)
(-10 1.4255 1.33)
(-9.49925 1.4255 1.33)
(-8.99842 1.4255 1.33)
(-8.49738 1.42551 1.33)
(-7.99602 1.42551 1.33)
(-7.4942 1.42552 1.33)
(-6.99178 1.42553 1.33)
(-6.48861 1.42554 1.33)
(-5.98454 1.42556 1.33)
(-5.47946 1.42559 1.33)
(-4.97327 1.42564 1.33)
(-4.46599 1.42571 1.33)
(-3.95774 1.42581 1.32999)
(-3.46891 1.43406 1.3326)
(-2.9646 1.43654 1.33325)
(-2.46034 1.43869 1.33378)
(-1.95979 1.44181 1.33451)
(-1.46642 1.44679 1.33558)
(-0.986336 1.4567 1.33815)
(-0.522981 1.48954 1.35236)
(-0.0582391 1.51787 1.34421)
(-10 1.934 1.33)
(-9.49925 1.934 1.33)
(-8.99842 1.93401 1.33)
(-8.49739 1.93401 1.33)
(-7.99603 1.93401 1.33)
(-7.4942 1.93402 1.33)
(-6.99178 1.93403 1.33)
(-6.4886 1.93405 1.33)
(-5.98452 1.93407 1.33)
(-5.47941 1.93411 1.33)
(-4.9732 1.93416 1.33)
(-4.46589 1.93423 1.33)
(-3.95761 1.93433 1.32999)
(-3.44865 1.93448 1.32999)
(-2.93955 1.9347 1.32998)
(-2.43121 1.93501 1.32995)
(-1.92511 1.9355 1.32991)
(-1.42374 1.93623 1.32984)
(-0.93144 1.93729 1.32976)
(-0.455437 1.9384 1.33011)
(0.00828365 1.93857 1.33296)
(-10 2.4425 1.33)
(-9.49925 2.4425 1.33)
(-8.99841 2.44251 1.33)
(-8.49737 2.44251 1.33)
(-7.996 2.44251 1.33)
(-7.49417 2.44252 1.33)
(-6.99173 2.44253 1.33)
(-6.48853 2.44255 1.33)
(-5.98441 2.44257 1.33)
(-5.47926 2.44261 1.33)
(-4.97299 2.44265 1.33)
(-4.4656 2.44272 1.33)
(-3.9572 2.44281 1.32999)
(-3.44807 2.44294 1.32999)
(-2.9387 2.44311 1.32998)
(-2.42987 2.44334 1.32996)
(-1.92282 2.44362 1.32993)
(-1.41952 2.44393 1.32988)
(-0.923536 2.44413 1.32982)
(-0.441694 2.44367 1.32991)
(0 2.58211 1.32072)
(-10 2.951 1.33)
(-9.49924 2.951 1.33)
(-8.9984 2.95101 1.33)
(-8.49735 2.95101 1.33)
(-7.99596 2.95101 1.33)
(-7.49411 2.95102 1.33)
(-6.99164 2.95103 1.33)
(-6.4884 2.95104 1.33)
(-5.98424 2.95107 1.33)
(-5.47903 2.9511 1.33)
(-4.97267 2.95114 1.33)
(-4.46515 2.9512 1.33)
(-3.99222 2.94538 1.33117)
(-3.51849 2.9394 1.33251)
(-3.01937 2.93772 1.33289)
(-2.52174 2.93585 1.3333)
(-2.02914 2.93331 1.33385)
(-1.54488 2.92974 1.33462)
(-1.0746 2.92599 1.33553)
(-0.610942 2.9409 1.33232)
(-0.317384 2.95564 1.3292)
(-10 3.4595 1.33)
(-9.49923 3.4595 1.33)
(-8.99837 3.4595 1.33)
(-8.49731 3.45951 1.33)
(-7.9959 3.45951 1.33)
(-7.49403 3.45952 1.33)
(-6.99152 3.45952 1.33)
(-6.48824 3.45954 1.33)
(-5.98402 3.45955 1.33)
(-5.47873 3.45958 1.33)
(-4.97227 3.45961 1.33)
(-4.46462 3.45965 1.33)
(-4.00371 3.45895 1.33013)
(-3.54197 3.45825 1.33027)
(-3.0797 3.45756 1.3304)
(-2.5888 3.45734 1.33045)
(-2.10284 3.45703 1.33051)
(-1.62594 3.45657 1.33059)
(-1.15735 3.45618 1.33065)
(-0.699447 3.45975 1.32999)
(-0.420113 3.4595 1.33)
(-10 3.968 1.33)
(-9.49921 3.968 1.33)
(-8.99834 3.968 1.33)
(-8.49725 3.968 1.33)
(-7.99583 3.96801 1.33)
(-7.49392 3.96801 1.33)
(-6.99138 3.96802 1.33)
(-6.48805 3.96803 1.33)
(-5.98377 3.96804 1.33)
(-5.4784 3.96805 1.33)
(-4.97184 3.96808 1.33)
(-4.46406 3.96811 1.33)
(-4.00386 3.96812 1.33)
(-3.54276 3.96813 1.33)
(-3.08105 3.96815 1.33001)
(-2.61945 3.96817 1.33001)
(-2.13403 3.96818 1.33001)
(-1.65674 3.96816 1.33001)
(-1.17983 3.9681 1.33001)
(-0.728422 3.96814 1.32999)
(-0.427503 3.9681 1.32999)
(-10 4.4765 1.33)
(-9.49919 4.4765 1.33)
(-8.9983 4.4765 1.33)
(-8.49719 4.4765 1.33)
(-7.99574 4.4765 1.33)
(-7.4938 4.47651 1.33)
(-6.99122 4.47651 1.33)
(-6.48784 4.47651 1.33)
(-5.9835 4.47652 1.33)
(-5.47807 4.47653 1.33)
(-4.97142 4.47654 1.33)
(-4.46354 4.47655 1.33)
(-4.00325 4.47657 1.33)
(-3.54204 4.47659 1.33)
(-3.08019 4.47661 1.33)
(-2.6181 4.47663 1.32999)
(-2.15626 4.47664 1.32999)
(-1.67624 4.47663 1.32999)
(-1.19801 4.4766 1.32999)
(-0.745682 4.47656 1.33)
(-0.427657 4.47661 1.33)
(-10 4.985 1.33)
(-9.49917 4.985 1.33)
(-8.99826 4.985 1.33)
(-8.49712 4.985 1.33)
(-7.99564 4.985 1.33)
(-7.49367 4.985 1.33)
(-6.99105 4.985 1.33)
(-6.48762 4.985 1.33)
(-5.98323 4.985 1.33)
(-5.47774 4.985 1.33)
(-4.97104 4.985 1.33)
(-4.46309 4.985 1.33)
(-4.00274 4.985 1.33)
(-3.54148 4.985 1.33)
(-3.07959 4.985 1.33)
(-2.61748 4.985 1.33)
(-2.1557 4.985 1.33)
(-1.69015 4.985 1.33)
(-1.21389 4.985 1.33)
(-0.759208 4.985 1.33)
(-10 -0.1 1.80667)
(-9.49921 -0.1 1.80667)
(-8.99834 -0.1 1.80667)
(-8.49726 -0.1 1.80667)
(-7.99586 -0.1 1.80667)
(-7.49399 -0.1 1.80667)
(-6.99152 -0.1 1.80667)
(-6.48829 -0.1 1.80667)
(-5.98417 -0.1 1.80667)
(-5.47904 -0.1 1.80667)
(-4.97281 -0.1 1.80666)
(-4.46546 -0.1 1.80666)
(-4.00571 -0.1 1.8067)
(-3.54517 -0.1 1.80673)
(-3.08409 -0.1 1.80676)
(-2.62281 -0.1 1.8068)
(-2.13862 -0.1 1.80683)
(-1.66163 -0.1 1.80687)
(-1.18567 -0.1 1.80689)
(-0.732163 -0.1 1.80673)
(-0.427116 -0.1 1.80671)
(-10 0.408501 1.80667)
(-9.49923 0.408501 1.80667)
(-8.99838 0.408502 1.80667)
(-8.49732 0.408503 1.80667)
(-7.99594 0.408504 1.80667)
(-7.49409 0.408507 1.80667)
(-6.99165 0.408511 1.80667)
(-6.48845 0.408517 1.80667)
(-5.98437 0.408526 1.80667)
(-5.47927 0.408539 1.80667)
(-4.97307 0.40856 1.80666)
(-4.46577 0.408591 1.80666)
(-4.00488 0.409876 1.80681)
(-3.54324 0.411317 1.80699)
(-3.07568 0.412588 1.80714)
(-2.59097 0.413456 1.80723)
(-2.10558 0.414398 1.80734)
(-1.62917 0.415691 1.80749)
(-1.16457 0.416955 1.80763)
(-0.704629 0.41183 1.80735)
(-0.416931 0.40984 1.8067)
(-10 0.917002 1.80667)
(-9.49924 0.917002 1.80667)
(-8.9984 0.917003 1.80667)
(-8.49736 0.917005 1.80667)
(-7.99599 0.917008 1.80667)
(-7.49416 0.917013 1.80667)
(-6.99173 0.917021 1.80667)
(-6.48856 0.917032 1.80667)
(-5.98449 0.917048 1.80667)
(-5.47941 0.917073 1.80667)
(-4.97325 0.91711 1.80666)
(-4.46599 0.917166 1.80666)
(-3.99272 0.922325 1.80654)
(-3.50165 0.926117 1.80652)
(-3.0198 0.930965 1.80647)
(-2.52261 0.93326 1.80645)
(-2.03068 0.936457 1.80646)
(-1.54763 0.941177 1.80653)
(-1.07971 0.949174 1.80699)
(-0.627089 0.968116 1.81381)
(-0.308441 0.951445 1.81953)
(-10 1.4255 1.80667)
(-9.49925 1.4255 1.80667)
(-8.99841 1.4255 1.80667)
(-8.49738 1.42551 1.80667)
(-7.99601 1.42551 1.80667)
(-7.49419 1.42552 1.80667)
(-6.99177 1.42553 1.80667)
(-6.4886 1.42554 1.80667)
(-5.98454 1.42556 1.80667)
(-5.47947 1.4256 1.80667)
(-4.97331 1.42565 1.80666)
(-4.46607 1.42572 1.80666)
(-3.95787 1.42582 1.80666)
(-3.46912 1.43407 1.80406)
(-2.96498 1.43659 1.80339)
(-2.46086 1.43875 1.80286)
(-1.96045 1.44188 1.80215)
(-1.46715 1.44687 1.80113)
(-0.986957 1.45674 1.79872)
(-0.522831 1.48911 1.7852)
(-0.0582529 1.51777 1.79306)
(-10 1.934 1.80667)
(-9.49925 1.934 1.80667)
(-8.99842 1.93401 1.80667)
(-8.49738 1.93401 1.80667)
(-7.99602 1.93401 1.80667)
(-7.49419 1.93402 1.80667)
(-6.99177 1.93403 1.80667)
(-6.48859 1.93405 1.80667)
(-5.98451 1.93407 1.80667)
(-5.47942 1.93411 1.80667)
(-4.97323 1.93416 1.80666)
(-4.46596 1.93424 1.80666)
(-3.95774 1.93435 1.80666)
(-3.44886 1.9345 1.80666)
(-2.93988 1.93473 1.80667)
(-2.43168 1.93506 1.80669)
(-1.92572 1.93555 1.80674)
(-1.42444 1.93629 1.80687)
(-0.93208 1.93734 1.80708)
(-0.455755 1.93842 1.80693)
(0.00825296 1.93852 1.80347)
(-10 2.4425 1.80667)
(-9.49925 2.4425 1.80667)
(-8.99841 2.44251 1.80667)
(-8.49737 2.44251 1.80667)
(-7.996 2.44251 1.80667)
(-7.49416 2.44252 1.80667)
(-6.99172 2.44253 1.80667)
(-6.48852 2.44255 1.80667)
(-5.98441 2.44257 1.80667)
(-5.47927 2.44261 1.80667)
(-4.97302 2.44266 1.80666)
(-4.46566 2.44273 1.80666)
(-3.95732 2.44283 1.80666)
(-3.44826 2.44296 1.80666)
(-2.93899 2.44314 1.80667)
(-2.43029 2.44337 1.80668)
(-1.92335 2.44366 1.80673)
(-1.42012 2.44398 1.80684)
(-0.924057 2.44416 1.80704)
(-0.441918 2.44368 1.80722)
(0 2.5821 1.81684)
(-10 2.951 1.80667)
(-9.49924 2.951 1.80667)
(-8.99839 2.95101 1.80667)
(-8.49734 2.95101 1.80667)
(-7.99595 2.95101 1.80667)
(-7.4941 2.95102 1.80667)
(-6.99163 2.95103 1.80667)
(-6.48839 2.95105 1.80667)
(-5.98423 2.95107 1.80667)
(-5.47903 2.9511 1.80667)
(-4.97269 2.95114 1.80667)
(-4.4652 2.9512 1.80666)
(-3.99232 2.94539 1.80549)
(-3.51864 2.93942 1.80414)
(-3.01965 2.93774 1.80376)
(-2.52213 2.93587 1.80334)
(-2.02962 2.93334 1.8028)
(-1.54538 2.92977 1.80207)
(-1.07499 2.92602 1.80124)
(-0.61101 2.94093 1.80457)
(-0.317399 2.95565 1.80768)
(-10 3.4595 1.80667)
(-9.49923 3.4595 1.80667)
(-8.99837 3.4595 1.80667)
(-8.4973 3.45951 1.80667)
(-7.99589 3.45951 1.80667)
(-7.49401 3.45952 1.80667)
(-6.99151 3.45953 1.80667)
(-6.48823 3.45954 1.80667)
(-5.98401 3.45956 1.80667)
(-5.47873 3.45958 1.80667)
(-4.97228 3.45961 1.80667)
(-4.46465 3.45966 1.80666)
(-4.00378 3.45896 1.80653)
(-3.54208 3.45826 1.80639)
(-3.07987 3.45758 1.80625)
(-2.58908 3.45736 1.8062)
(-2.10318 3.45705 1.80615)
(-1.62629 3.45659 1.80609)
(-1.15759 3.4562 1.80606)
(-0.699499 3.45976 1.80675)
(-0.420114 3.45951 1.80671)
(-10 3.968 1.80667)
(-9.49921 3.968 1.80667)
(-8.99833 3.968 1.80667)
(-8.49725 3.968 1.80667)
(-7.99582 3.96801 1.80667)
(-7.49391 3.96801 1.80667)
(-6.99137 3.96802 1.80667)
(-6.48804 3.96803 1.80667)
(-5.98376 3.96804 1.80667)
(-5.47839 3.96806 1.80667)
(-4.97185 3.96808 1.80667)
(-4.46408 3.96811 1.80667)
(-4.0039 3.96812 1.80666)
(-3.54284 3.96814 1.80666)
(-3.08117 3.96816 1.80665)
(-2.61965 3.96818 1.80665)
(-2.13427 3.96819 1.80665)
(-1.65699 3.96818 1.80666)
(-1.18002 3.96811 1.80667)
(-0.728487 3.96814 1.80671)
(-0.427503 3.9681 1.80671)
(-10 4.4765 1.80667)
(-9.49919 4.4765 1.80667)
(-8.9983 4.4765 1.80667)
(-8.49719 4.4765 1.80667)
(-7.99573 4.4765 1.80667)
(-7.49379 4.47651 1.80667)
(-6.99121 4.47651 1.80667)
(-6.48783 4.47651 1.80667)
(-5.98349 4.47652 1.80667)
(-5.47805 4.47653 1.80667)
(-4.97142 4.47654 1.80667)
(-4.46355 4.47656 1.80667)
(-4.00328 4.47657 1.80667)
(-3.54209 4.47659 1.80667)
(-3.08027 4.47662 1.80667)
(-2.61821 4.47663 1.80667)
(-2.15644 4.47664 1.80667)
(-1.67643 4.47663 1.80668)
(-1.19818 4.47661 1.80669)
(-0.745762 4.47657 1.8067)
(-0.427657 4.47661 1.80672)
(-10 4.985 1.80667)
(-9.49917 4.985 1.80667)
(-8.99825 4.985 1.80667)
(-8.49712 4.985 1.80667)
(-7.99563 4.985 1.80667)
(-7.49366 4.985 1.80667)
(-6.99103 4.985 1.80667)
(-6.48761 4.985 1.80667)
(-5.98322 4.985 1.80667)
(-5.47773 4.985 1.80667)
(-4.97103 4.985 1.80667)
(-4.4631 4.985 1.80667)
(-4.00276 4.985 1.80667)
(-3.54152 4.985 1.80667)
(-3.07966 4.985 1.80667)
(-2.61758 4.985 1.80667)
(-2.15583 4.985 1.80667)
(-1.69032 4.985 1.80668)
(-1.21406 4.985 1.80669)
(-0.75931 4.985 1.8067)
(-10 -0.1 2.28333)
(-9.4992 -0.1 2.28333)
(-8.99832 -0.1 2.28333)
(-8.49723 -0.1 2.28333)
(-7.99582 -0.1 2.28333)
(-7.49394 -0.1 2.28333)
(-6.99145 -0.1 2.28333)
(-6.48822 -0.1 2.28333)
(-5.98409 -0.1 2.28333)
(-5.47896 -0.1 2.28333)
(-4.97273 -0.1 2.28333)
(-4.46539 -0.1 2.28333)
(-4.00567 -0.1 2.28331)
(-3.54516 -0.1 2.28329)
(-3.08411 -0.1 2.28327)
(-2.62282 -0.1 2.28326)
(-2.14406 -0.1 2.28326)
(-1.66621 -0.1 2.28327)
(-1.18237 -0.1 2.28329)
(-0.729134 -0.1 2.28343)
(-0.427193 -0.1 2.28342)
(-10 0.408501 2.28333)
(-9.49922 0.408501 2.28333)
(-8.99836 0.408502 2.28333)
(-8.49729 0.408503 2.28333)
(-7.9959 0.408505 2.28333)
(-7.49404 0.408507 2.28333)
(-6.99158 0.408511 2.28333)
(-6.48838 0.408517 2.28333)
(-5.98429 0.408526 2.28333)
(-5.47918 0.40854 2.28333)
(-4.97299 0.408561 2.28333)
(-4.4657 0.408592 2.28333)
(-4.00508 0.409064 2.28305)
(-3.54372 0.409566 2.28276)
(-3.08125 0.410096 2.28248)
(-2.60053 0.410515 2.28232)
(-2.11532 0.410955 2.2822)
(-1.63859 0.411511 2.28208)
(-1.15933 0.411882 2.28212)
(-0.697295 0.41026 2.28316)
(-0.419089 0.409086 2.28334)
(-10 0.917002 2.28333)
(-9.49923 0.917002 2.28333)
(-8.99838 0.917004 2.28333)
(-8.49733 0.917005 2.28333)
(-7.99595 0.917009 2.28333)
(-7.49411 0.917014 2.28333)
(-6.99167 0.917021 2.28333)
(-6.48848 0.917032 2.28333)
(-5.98441 0.917049 2.28333)
(-5.47933 0.917075 2.28333)
(-4.97316 0.917113 2.28333)
(-4.46591 0.91717 2.28333)
(-3.9959 0.919121 2.28192)
(-3.51592 0.920873 2.28083)
(-3.03865 0.922732 2.27964)
(-2.5439 0.923766 2.27912)
(-2.05381 0.925135 2.2785)
(-1.57204 0.927054 2.27774)
(-1.1036 0.930187 2.27697)
(-0.623832 0.937562 2.27981)
(-0.336036 0.928126 2.27485)
(-10 1.4255 2.28333)
(-9.49924 1.4255 2.28333)
(-8.99839 1.4255 2.28333)
(-8.49735 1.42551 2.28333)
(-7.99597 1.42551 2.28333)
(-7.49414 1.42552 2.28333)
(-6.99171 1.42553 2.28333)
(-6.48853 1.42554 2.28333)
(-5.98446 1.42557 2.28333)
(-5.47938 1.4256 2.28333)
(-4.97322 1.42565 2.28333)
(-4.46599 1.42572 2.28333)
(-3.97553 1.4275 2.28105)
(-3.4766 1.4291 2.27962)
(-2.97768 1.43052 2.27826)
(-2.47486 1.43152 2.27751)
(-1.9755 1.43291 2.27653)
(-1.48208 1.43491 2.27523)
(-0.998534 1.43774 2.27232)
(-0.521924 1.44063 2.25709)
(-0.162112 1.4237 2.27713)
(-10 1.934 2.28333)
(-9.49924 1.934 2.28333)
(-8.9984 1.93401 2.28333)
(-8.49735 1.93401 2.28333)
(-7.99598 1.93401 2.28333)
(-7.49414 1.93402 2.28333)
(-6.9917 1.93403 2.28333)
(-6.48851 1.93405 2.28333)
(-5.98443 1.93408 2.28333)
(-5.47933 1.93411 2.28333)
(-4.97314 1.93417 2.28333)
(-4.46588 1.93424 2.28333)
(-3.97436 1.93388 2.27954)
(-3.47382 1.93383 2.27682)
(-2.96822 1.93395 2.27584)
(-2.46429 1.93411 2.27466)
(-1.96363 1.93431 2.27308)
(-1.4687 1.9345 2.2709)
(-0.983389 1.93451 2.26738)
(-0.512662 1.93455 2.25526)
(-0.14786 1.93481 2.30086)
(-10 2.4425 2.28333)
(-9.49924 2.4425 2.28333)
(-8.99839 2.44251 2.28333)
(-8.49734 2.44251 2.28333)
(-7.99595 2.44251 2.28333)
(-7.49411 2.44252 2.28333)
(-6.99165 2.44253 2.28333)
(-6.48844 2.44255 2.28333)
(-5.98432 2.44258 2.28333)
(-5.47917 2.44261 2.28333)
(-4.97293 2.44266 2.28333)
(-4.46558 2.44274 2.28333)
(-3.98092 2.43819 2.28056)
(-3.49035 2.43453 2.27811)
(-2.98666 2.43357 2.27742)
(-2.48505 2.4323 2.27653)
(-1.98728 2.43054 2.27537)
(-1.49603 2.4279 2.27379)
(-1.01579 2.42388 2.27073)
(-0.54616 2.42195 2.25827)
(-0.211153 2.43392 2.28319)
(-10 2.951 2.28333)
(-9.49923 2.951 2.28333)
(-8.99837 2.95101 2.28333)
(-8.49731 2.95101 2.28333)
(-7.99591 2.95101 2.28333)
(-7.49405 2.95102 2.28333)
(-6.99156 2.95103 2.28333)
(-6.48831 2.95105 2.28333)
(-5.98414 2.95107 2.28333)
(-5.47893 2.9511 2.28333)
(-4.97259 2.95115 2.28333)
(-4.46511 2.95121 2.28333)
(-4.00013 2.9494 2.28238)
(-3.53441 2.94759 2.28141)
(-3.05122 2.94655 2.28083)
(-2.55731 2.946 2.2805)
(-2.06908 2.94523 2.28009)
(-1.58981 2.9441 2.27958)
(-1.12403 2.94296 2.27913)
(-0.649096 2.94992 2.28212)
(-0.382752 2.95218 2.2844)
(-10 3.4595 2.28333)
(-9.49922 3.4595 2.28333)
(-8.99835 3.4595 2.28333)
(-8.49727 3.45951 2.28333)
(-7.99585 3.45951 2.28333)
(-7.49396 3.45952 2.28333)
(-6.99144 3.45953 2.28333)
(-6.48815 3.45954 2.28333)
(-5.98392 3.45956 2.28333)
(-5.47863 3.45958 2.28333)
(-4.97218 3.45962 2.28333)
(-4.46456 3.45966 2.28333)
(-4.00425 3.45958 2.28324)
(-3.54312 3.4595 2.28316)
(-3.08147 3.45943 2.28307)
(-2.5998 3.45942 2.28303)
(-2.11438 3.45941 2.283)
(-1.63767 3.45933 2.28298)
(-1.16001 3.45919 2.28301)
(-0.702854 3.45975 2.28344)
(-0.424895 3.45953 2.2834)
(-10 3.968 2.28333)
(-9.4992 3.968 2.28333)
(-8.99831 3.968 2.28333)
(-8.49722 3.96801 2.28333)
(-7.99578 3.96801 2.28333)
(-7.49385 3.96801 2.28333)
(-6.9913 3.96802 2.28333)
(-6.48795 3.96803 2.28333)
(-5.98366 3.96804 2.28333)
(-5.47829 3.96806 2.28333)
(-4.97174 3.96808 2.28333)
(-4.46398 3.96811 2.28333)
(-4.00383 3.96815 2.28333)
(-3.5428 3.96819 2.28333)
(-3.08117 3.96823 2.28333)
(-2.61931 3.96827 2.28333)
(-2.13986 3.96829 2.28333)
(-1.66243 3.96828 2.28335)
(-1.18035 3.96822 2.28336)
(-0.729 3.96813 2.28337)
(-0.427611 3.9681 2.28343)
(-10 4.4765 2.28333)
(-9.49918 4.4765 2.28333)
(-8.99828 4.4765 2.28333)
(-8.49715 4.4765 2.28333)
(-7.99569 4.4765 2.28333)
(-7.49373 4.47651 2.28333)
(-6.99114 4.47651 2.28333)
(-6.48774 4.47651 2.28333)
(-5.98339 4.47652 2.28333)
(-5.47795 4.47653 2.28333)
(-4.97131 4.47654 2.28333)
(-4.46344 4.47656 2.28333)
(-4.00318 4.47658 2.28333)
(-3.54202 4.4766 2.28333)
(-3.08024 4.47662 2.28334)
(-2.61823 4.47664 2.28334)
(-2.1565 4.47664 2.28334)
(-1.67671 4.47663 2.28335)
(-1.19867 4.4766 2.28336)
(-0.74633 4.47656 2.28336)
(-0.427657 4.4766 2.28342)
(-10 4.985 2.28333)
(-9.49916 4.985 2.28333)
(-8.99823 4.985 2.28333)
(-8.49709 4.985 2.28333)
(-7.99559 4.985 2.28333)
(-7.4936 4.985 2.28333)
(-6.99096 4.985 2.28333)
(-6.48752 4.985 2.28333)
(-5.98312 4.985 2.28333)
(-5.47762 4.985 2.28333)
(-4.97092 4.985 2.28333)
(-4.46299 4.985 2.28333)
(-4.00267 4.985 2.28333)
(-3.54145 4.985 2.28334)
(-3.07962 4.985 2.28334)
(-2.6176 4.985 2.28334)
(-2.15596 4.985 2.28335)
(-1.69066 4.985 2.28335)
(-1.21465 4.985 2.28336)
(-0.760033 4.985 2.28336)
(0.116146 4.885 2.28439)
(-10 -0.1 2.76)
(-9.49919 -0.1 2.76)
(-8.99829 -0.1 2.76)
(-8.49718 -0.1 2.76)
(-7.99575 -0.1 2.76)
(-7.49384 -0.1 2.76)
(-6.99133 -0.1 2.76)
(-6.48807 -0.1 2.76)
(-5.98392 -0.1 2.76)
(-5.47876 -0.1 2.76)
(-4.97252 -0.1 2.76)
(-4.46518 -0.1 2.76)
(-4.00549 -0.1 2.76)
(-3.54503 -0.1 2.76)
(-3.08402 -0.1 2.76)
(-2.62274 -0.1 2.76)
(-2.15346 -0.1 2.76)
(-1.66873 -0.1 2.76)
(-1.18634 -0.1 2.76)
(-0.734928 -0.1 2.76)
(-10 0.408501 2.76)
(-9.4992 0.408501 2.76)
(-8.99832 0.408502 2.76)
(-8.49724 0.408503 2.76)
(-7.99582 0.408505 2.76)
(-7.49395 0.408507 2.76)
(-6.99147 0.408511 2.76)
(-6.48824 0.408518 2.76)
(-5.98412 0.408527 2.76)
(-5.47899 0.408541 2.76)
(-4.97278 0.408562 2.76)
(-4.46548 0.408593 2.76)
(-4.00564 0.408717 2.76)
(-3.54506 0.408862 2.76)
(-3.08399 0.409037 2.76)
(-2.61746 0.409241 2.76)
(-2.13274 0.409445 2.76)
(-1.65596 0.409648 2.76)
(-1.16784 0.409671 2.76)
(-0.710526 0.40898 2.76)
(0.129308 0.411384 2.66)
(-10 0.917002 2.76)
(-9.49922 0.917003 2.76)
(-8.99835 0.917004 2.76)
(-8.49728 0.917006 2.76)
(-7.99588 0.917009 2.76)
(-7.49402 0.917014 2.76)
(-6.99155 0.917021 2.76)
(-6.48834 0.917033 2.76)
(-5.98424 0.91705 2.76)
(-5.47913 0.917076 2.76)
(-4.97295 0.917115 2.76)
(-4.46569 0.917172 2.76)
(-4.00392 0.917723 2.76)
(-3.54146 0.918324 2.76)
(-3.07608 0.918946 2.76)
(-2.5898 0.919421 2.76)
(-2.1042 0.91996 2.76)
(-1.62714 0.920584 2.76)
(-1.14749 0.920911 2.76)
(-0.678803 0.91912 2.76)
(0.126655 0.917063 2.66)
(-10 1.4255 2.76)
(-9.49922 1.4255 2.76)
(-8.99836 1.4255 2.76)
(-8.4973 1.42551 2.76)
(-7.9959 1.42551 2.76)
(-7.49405 1.42552 2.76)
(-6.99159 1.42553 2.76)
(-6.48838 1.42554 2.76)
(-5.98429 1.42557 2.76)
(-5.47918 1.4256 2.76)
(-4.97301 1.42565 2.76)
(-4.46577 1.42572 2.76)
(-3.99994 1.42649 2.76)
(-3.53347 1.42746 2.76)
(-3.05347 1.42818 2.76)
(-2.56008 1.42873 2.76)
(-2.07231 1.42943 2.76)
(-1.59312 1.43026 2.76)
(-1.12714 1.43087 2.76)
(-0.65663 1.42726 2.76)
(0.126984 1.42597 2.66)
(-10 1.934 2.76)
(-9.49922 1.934 2.76)
(-8.99836 1.93401 2.76)
(-8.4973 1.93401 2.76)
(-7.99591 1.93401 2.76)
(-7.49405 1.93402 2.76)
(-6.99158 1.93403 2.76)
(-6.48837 1.93405 2.76)
(-5.98425 1.93408 2.76)
(-5.47913 1.93411 2.76)
(-4.97293 1.93417 2.76)
(-4.46565 1.93425 2.76)
(-3.99882 1.93415 2.76)
(-3.53133 1.93408 2.76)
(-3.04431 1.93417 2.76)
(-2.55018 1.93434 2.76)
(-2.06165 1.93452 2.76)
(-1.58175 1.93459 2.76)
(-1.11524 1.93441 2.76)
(-0.660326 1.93472 2.76)
(0.126527 1.93418 2.66)
(-10 2.4425 2.76)
(-9.49922 2.4425 2.76)
(-8.99836 2.44251 2.76)
(-8.49729 2.44251 2.76)
(-7.99588 2.44251 2.76)
(-7.49401 2.44252 2.76)
(-6.99153 2.44253 2.76)
(-6.48829 2.44255 2.76)
(-5.98414 2.44258 2.76)
(-5.47898 2.44261 2.76)
(-4.97271 2.44267 2.76)
(-4.46535 2.44274 2.76)
(-4.00085 2.44125 2.76)
(-3.53567 2.43977 2.76)
(-3.05644 2.43883 2.76)
(-2.56332 2.43843 2.76)
(-2.07594 2.43784 2.76)
(-1.59735 2.4369 2.76)
(-1.13252 2.43587 2.76)
(-0.671738 2.44178 2.76)
(0.125456 2.4426 2.66)
(-10 2.951 2.76)
(-9.49921 2.951 2.76)
(-8.99834 2.95101 2.76)
(-8.49726 2.95101 2.76)
(-7.99584 2.95101 2.76)
(-7.49395 2.95102 2.76)
(-6.99144 2.95103 2.76)
(-6.48816 2.95105 2.76)
(-5.98397 2.95107 2.76)
(-5.47873 2.9511 2.76)
(-4.97237 2.95115 2.76)
(-4.46489 2.95121 2.76)
(-4.0041 2.95099 2.76)
(-3.54258 2.95079 2.76)
(-3.08063 2.95061 2.76)
(-2.59187 2.9506 2.76)
(-2.10646 2.95055 2.76)
(-1.62982 2.95037 2.76)
(-1.15596 2.95013 2.76)
(-0.696061 2.95131 2.76)
(0.123815 2.95102 2.66)
(-10 3.4595 2.76)
(-9.4992 3.4595 2.76)
(-8.99831 3.4595 2.76)
(-8.49722 3.45951 2.76)
(-7.99578 3.45951 2.76)
(-7.49386 3.45952 2.76)
(-6.99132 3.45953 2.76)
(-6.488 3.45954 2.76)
(-5.98374 3.45956 2.76)
(-5.47843 3.45958 2.76)
(-4.97196 3.45962 2.76)
(-4.46433 3.45967 2.76)
(-4.00429 3.45971 2.76)
(-3.54344 3.45977 2.76)
(-3.08206 3.45984 2.76)
(-2.61506 3.4599 2.76)
(-2.13002 3.45994 2.76)
(-1.65319 3.45992 2.76)
(-1.17108 3.4598 2.76)
(-0.718599 3.45967 2.76)
(0.123181 3.45956 2.66)
(-10 3.968 2.76)
(-9.49918 3.968 2.76)
(-8.99828 3.968 2.76)
(-8.49716 3.96801 2.76)
(-7.9957 3.96801 2.76)
(-7.49376 3.96801 2.76)
(-6.99117 3.96802 2.76)
(-6.4878 3.96803 2.76)
(-5.98348 3.96804 2.76)
(-5.47809 3.96806 2.76)
(-4.97152 3.96808 2.76)
(-4.46375 3.96811 2.76)
(-4.0036 3.96815 2.76)
(-3.5426 3.9682 2.76)
(-3.081 3.96824 2.76)
(-2.61918 3.96828 2.76)
(-2.14931 3.9683 2.76)
(-1.66748 3.96828 2.76)
(-1.18718 3.96821 2.76)
(-0.736803 3.96812 2.76)
(0.124174 3.96856 2.66)
(-10 4.4765 2.76)
(-9.49917 4.4765 2.76)
(-8.99824 4.4765 2.76)
(-8.4971 4.4765 2.76)
(-7.99561 4.4765 2.76)
(-7.49363 4.47651 2.76)
(-6.99101 4.47651 2.76)
(-6.48759 4.47651 2.76)
(-5.98321 4.47652 2.76)
(-5.47774 4.47653 2.76)
(-4.97109 4.47654 2.76)
(-4.46321 4.47656 2.76)
(-4.00296 4.47658 2.76)
(-3.54182 4.4766 2.76)
(-3.08007 4.47662 2.76)
(-2.61813 4.47664 2.76)
(-2.15652 4.47665 2.76)
(-1.68042 4.47663 2.76)
(-1.20341 4.4766 2.76)
(-0.751418 4.47656 2.76)
(0.128628 4.47376 2.66)
(-10 4.985 2.76)
(-9.49914 4.985 2.76)
(-8.9982 4.985 2.76)
(-8.49703 4.985 2.76)
(-7.99551 4.985 2.76)
(-7.4935 4.985 2.76)
(-6.99084 4.985 2.76)
(-6.48737 4.985 2.76)
(-5.98294 4.985 2.76)
(-5.47741 4.985 2.76)
(-4.97069 4.985 2.76)
(-4.46275 4.985 2.76)
(-4.00244 4.985 2.76)
(-3.54125 4.985 2.76)
(-3.07946 4.985 2.76)
(-2.61752 4.985 2.76)
(-2.15601 4.985 2.76)
(-1.69348 4.985 2.76)
(-1.21816 4.985 2.76)
(-0.764172 4.985 2.76)
(0.497675 0.0115412 5.69206e-19)
(0.986232 0.0099678 4.87891e-19)
(1.48087 0.0104166 5.42101e-19)
(2.94709 0.0102398 0)
(3.44213 0.00896572 0)
(3.9352 0.00897112 0)
(4.42321 0.0109114 0)
(0.49838 0.4162 0.115784)
(0.985201 0.415132 0.100342)
(1.47742 0.418421 0.113407)
(1.91791 0.464188 0.184621)
(2.50974 0.464058 0.18488)
(2.95054 0.418421 0.116875)
(3.4427 0.415313 0.136233)
(3.93528 0.415334 0.128642)
(4.42064 0.415806 0.0484386)
(4.81332 0.413579 0)
(0.497923 0.917287 0.198319)
(0.984546 0.91769 0.210243)
(1.47734 0.917287 0.213334)
(1.96732 0.920153 0.222499)
(2.46061 0.920123 0.22254)
(2.95066 0.917219 0.214623)
(3.44331 0.917693 0.220086)
(3.9351 0.917764 0.209855)
(4.42102 0.917581 0.131039)
(4.81508 0.917682 0)
(0.497885 1.42571 0.207996)
(0.984316 1.42581 0.224974)
(1.47639 1.42564 0.225297)
(1.96824 1.42533 0.22566)
(2.45977 1.42531 0.225665)
(2.95165 1.42558 0.225745)
(3.44357 1.42576 0.225745)
(3.93504 1.42579 0.225099)
(4.42078 1.42572 0.161562)
(4.81553 1.42574 0)
(0.497907 1.9341 0.208161)
(0.984275 1.93414 0.225544)
(1.47619 1.9341 0.225741)
(1.96807 1.93404 0.225745)
(2.45996 1.93402 0.225745)
(2.95186 1.93406 0.275017)
(3.44362 1.93408 0.225745)
(3.93501 1.93407 0.225569)
(4.4207 1.93402 0.164507)
(4.81537 1.9339 0)
(0.49792 2.44253 0.20816)
(0.984265 2.44253 0.22555)
(1.47616 2.44252 0.225745)
(1.96804 2.44251 0.225745)
(2.45998 2.4425 0.249318)
(2.95188 2.4425 0.309412)
(3.4436 2.44249 0.225745)
(3.9348 2.44241 0.225529)
(4.41975 2.44203 0.164513)
(4.81316 2.44131 0)
(0.497926 2.95096 0.208156)
(0.984248 2.95093 0.225548)
(1.47615 2.95091 0.238056)
(1.96804 2.9509 0.249987)
(2.45998 2.9509 0.225745)
(2.95188 2.95089 0.294042)
(3.44349 2.95085 0.225745)
(3.93371 2.95043 0.225122)
(4.41505 2.94858 0.164823)
(4.80298 2.94475 0)
(0.497887 3.45934 0.207864)
(0.984215 3.4592 0.225314)
(1.47614 3.45915 0.240986)
(1.96804 3.45914 0.225745)
(2.45998 3.45913 0.225745)
(2.95188 3.45912 0.225745)
(3.44327 3.45901 0.225745)
(3.93168 3.45809 0.231929)
(4.40609 3.45322 0.176473)
(4.79467 3.42429 0)
(0.497874 3.96774 0.199209)
(0.984157 3.9672 0.217174)
(1.47612 3.96704 0.225312)
(1.96803 3.96701 0.225327)
(2.45999 3.967 0.22256)
(2.95189 3.96699 0.22426)
(3.4432 3.96691 0.225745)
(3.93065 3.96633 0.225745)
(4.40724 3.96596 0.20547)
(4.92 3.96799 0.0834079)
(0.498246 4.46877 0.119222)
(0.984133 4.46969 0.139722)
(1.4761 4.46922 0.162489)
(1.96803 4.46916 0.155843)
(2.45999 4.46641 0.114985)
(2.95191 4.46914 0.1396)
(3.44318 4.46917 0.163327)
(3.93 4.46977 0.166704)
(4.40389 4.47064 0.167538)
(4.92 4.44822 0.131401)
(0.497482 4.87361 1.39239e-16)
(0.984614 4.87564 1.14383e-16)
(1.47616 4.87614 1.08258e-16)
(1.96802 4.87607 1.09179e-16)
(2.45999 4.87602 1.09775e-16)
(2.95192 4.87599 9.6765e-17)
(3.44317 4.87605 7.12863e-17)
(3.92923 4.87742 4.61328e-17)
(4.39636 4.88332 2.05456e-17)
(0.49838 0.0407714 0.380422)
(0.98663 0.0900477 0.382365)
(1.48029 0.110526 0.384754)
(2.94761 0.114118 0.38491)
(3.44122 0.135204 0.383462)
(3.93529 0.127545 0.383374)
(4.42215 0.0458312 0.382245)
(4.82 0.0045727 0.378436)
(0.544747 0.44547 0.424158)
(0.98613 0.437975 0.407323)
(1.47999 0.452083 0.437992)
(1.89566 0.506897 0.399672)
(2.53113 0.50608 0.399599)
(2.94734 0.452039 0.439682)
(3.4402 0.439248 0.410859)
(3.9314 0.439227 0.410021)
(4.39383 0.437513 0.421648)
(4.77407 0.414437 0.382179)
(0.561899 0.922545 0.436597)
(0.995235 0.926626 0.493815)
(1.48138 0.925586 0.497679)
(1.95521 0.94005 0.490744)
(2.47211 0.939002 0.491214)
(2.9506 0.924524 0.501423)
(3.44093 0.928225 0.544047)
(3.92479 0.926053 0.536251)
(4.3958 0.920781 0.409703)
(4.68994 0.917484 0.38319)
(0.588963 1.42927 0.450973)
(0.999921 1.4289 0.489259)
(1.48142 1.42955 0.508146)
(1.96827 1.42777 0.531493)
(2.4599 1.42678 0.545538)
(2.95181 1.42891 0.562228)
(3.44037 1.42804 0.571691)
(3.92344 1.42747 0.547318)
(4.39432 1.42627 0.411355)
(4.65906 1.42569 0.383772)
(0.600522 1.93558 0.459008)
(0.990225 1.93647 0.505701)
(1.48102 1.9353 0.496765)
(1.97014 1.93467 0.552639)
(2.45971 1.93465 0.575023)
(2.95066 1.93465 0.619333)
(3.4402 1.93452 0.572608)
(3.92305 1.93429 0.548243)
(4.39399 1.93378 0.411585)
(4.65612 1.93383 0.383737)
(0.613242 2.44226 0.464657)
(0.99112 2.4432 0.556452)
(1.47826 2.44261 0.552013)
(1.96816 2.44268 0.575294)
(2.45946 2.44242 0.602949)
(2.95059 2.44228 0.646769)
(3.44013 2.44215 0.572827)
(3.92268 2.44168 0.548371)
(4.39343 2.44039 0.411571)
(4.65557 2.44012 0.383678)
(0.564664 2.95095 0.440499)
(0.987784 2.95074 0.512521)
(1.47608 2.95035 0.582147)
(1.96777 2.9501 0.603114)
(2.45949 2.9499 0.590774)
(2.95065 2.9498 0.636405)
(3.44007 2.9496 0.572845)
(3.92205 2.94867 0.548188)
(4.39219 2.94451 0.411718)
(4.655 2.93937 0.384071)
(0.56407 3.459 0.440244)
(0.987337 3.45771 0.511939)
(1.47576 3.45656 0.581593)
(1.96776 3.45617 0.573697)
(2.45956 3.456 0.573923)
(2.95081 3.45595 0.573841)
(3.44026 3.45591 0.5725)
(3.92229 3.45587 0.551537)
(4.35444 3.46125 0.501791)
(4.68711 3.42184 0.38504)
(0.561656 3.96544 0.437818)
(0.987256 3.96028 0.506139)
(1.47581 3.95628 0.547019)
(1.96783 3.95568 0.548189)
(2.45971 3.9555 0.546995)
(2.95113 3.95553 0.547801)
(3.44101 3.9557 0.548117)
(3.92544 3.95688 0.546178)
(4.38375 3.97865 0.531448)
(4.92 3.98955 0.400547)
(0.544686 4.44024 0.424347)
(0.983151 4.44683 0.408684)
(1.4759 4.44419 0.411606)
(1.96798 4.44374 0.412066)
(2.45991 4.42493 0.450761)
(2.95157 4.44366 0.412118)
(3.44188 4.44375 0.412021)
(3.92718 4.4441 0.411539)
(4.40528 4.41568 0.464077)
(4.92 4.34536 0.46661)
(0.498065 4.83998 0.380577)
(0.984045 4.75482 0.383019)
(1.47607 4.72392 0.383993)
(1.96802 4.73019 0.383992)
(2.45999 4.77234 0.386737)
(2.95192 4.74669 0.383917)
(3.44325 4.7228 0.384011)
(3.92934 4.71939 0.383951)
(4.38813 4.7167 0.38395)
(0.502344 0.0879716 0.852721)
(0.986902 0.193532 0.853526)
(1.47924 0.211846 0.853344)
(2.9486 0.213868 0.853368)
(3.44077 0.215659 0.853812)
(3.93507 0.204023 0.853789)
(4.41884 0.103839 0.853203)
(4.82 0.0043358 0.853011)
(0.521517 0.452869 0.855356)
(0.995811 0.505758 0.855669)
(1.47398 0.515875 0.860324)
(1.88821 0.516911 0.853856)
(2.53856 0.516179 0.853859)
(2.95494 0.514115 0.863714)
(3.43724 0.459489 0.861677)
(3.92691 0.459046 0.860846)
(4.36169 0.455826 0.85769)
(4.7155 0.417429 0.853222)
(0.55457 0.935159 0.828995)
(0.984492 0.957128 0.864602)
(1.47892 0.944864 0.868028)
(1.93733 0.976737 0.872098)
(2.49046 0.971992 0.875341)
(2.94394 0.929734 0.873751)
(3.43354 0.938388 0.877729)
(3.91325 0.936442 0.87379)
(4.37548 0.924447 0.860894)
(4.61536 0.917614 0.853834)
(0.495187 1.44566 0.859558)
(0.98511 1.45647 0.866106)
(1.47714 1.45091 0.87157)
(1.96816 1.43503 0.880205)
(2.45758 1.42924 0.883293)
(2.96512 1.45443 0.960475)
(3.43025 1.44213 0.960698)
(3.90807 1.43157 0.878753)
(4.37192 1.42734 0.862264)
(4.59992 1.42575 0.854013)
(0.527712 1.94041 0.87401)
(0.985224 1.94992 0.872235)
(1.47647 1.94707 0.883638)
(1.96752 1.9399 0.888312)
(2.46475 1.93949 0.964227)
(2.94967 1.93978 0.981087)
(3.42661 1.93666 0.963245)
(3.90669 1.93511 0.880146)
(4.37125 1.93371 0.86261)
(4.59907 1.93382 0.853993)
(0.54046 2.43725 0.873804)
(1.0221 2.43891 0.948165)
(1.47565 2.44604 0.8872)
(1.97526 2.44156 0.964779)
(2.45861 2.4423 0.973801)
(2.94641 2.44187 0.993428)
(3.42633 2.44124 0.963777)
(3.90659 2.4403 0.880526)
(4.3712 2.43893 0.862743)
(4.59916 2.43978 0.85394)
(0.58242 2.94871 0.86378)
(1.00669 2.94921 0.919476)
(1.48451 2.94733 0.965896)
(1.96788 2.94718 0.973213)
(2.45785 2.94654 0.965882)
(2.94666 2.94605 0.988135)
(3.42713 2.94586 0.963572)
(3.90788 2.9447 0.880545)
(4.37256 2.94072 0.8631)
(4.60446 2.93736 0.854138)
(0.571089 3.4584 0.861256)
(0.979098 3.45437 0.874845)
(1.48021 3.44516 0.965594)
(1.96711 3.44365 0.963251)
(2.45823 3.44293 0.963839)
(2.9477 3.44284 0.963604)
(3.42946 3.44381 0.96195)
(3.91302 3.44849 0.87993)
(4.29949 3.4673 0.874334)
(4.65666 3.41775 0.855056)
(0.567104 3.96284 0.860049)
(0.979328 3.95073 0.871021)
(1.47445 3.94284 0.878411)
(1.96721 3.9404 0.880393)
(2.45892 3.93971 0.880838)
(2.94951 3.93978 0.880696)
(3.43785 3.94082 0.879729)
(3.92239 3.94496 0.876239)
(4.37746 3.96922 0.870822)
(4.92 3.99873 0.859558)
(0.527919 4.43296 0.855349)
(0.986702 4.36045 0.866201)
(1.47556 4.42236 0.862222)
(1.96783 4.42107 0.862682)
(2.45972 4.42082 0.862782)
(2.95115 4.42084 0.862757)
(3.44092 4.42112 0.862572)
(3.9256 4.42194 0.861911)
(4.39608 4.35985 0.862271)
(4.92 4.33331 0.858514)
(0.503081 4.77653 0.8517)
(0.983929 4.67991 0.853692)
(1.47607 4.66483 0.853963)
(1.96803 4.66563 0.853979)
(2.45999 4.67168 0.853978)
(2.95191 4.66844 0.853981)
(3.44326 4.66428 0.853994)
(3.92925 4.66381 0.854053)
(4.38514 4.66522 0.854337)
(0.499938 0.0948108 1.32912)
(0.986959 0.208023 1.33002)
(1.47922 0.224078 1.33001)
(2.94872 0.229851 1.33)
(3.44068 0.225026 1.33)
(3.93501 0.217415 1.33)
(4.42123 0.145154 1.33)
(4.82 0.00425654 1.33)
(0.522922 0.462665 1.32974)
(0.992117 0.515969 1.32611)
(1.4845 0.508561 1.32257)
(1.88773 0.518036 1.33)
(2.54478 0.523901 1.33)
(2.96986 0.578616 1.33002)
(3.43611 0.575837 1.3313)
(3.9257 0.461955 1.33)
(4.39398 0.440841 1.33)
(4.67459 0.415007 1.33)
(0.487719 1.01248 1.33786)
(0.980416 1.00444 1.3343)
(1.47823 0.957146 1.33125)
(1.93575 0.983518 1.32666)
(2.51632 1.01385 1.33027)
(2.99298 1.00065 1.33318)
(3.43079 0.943569 1.33004)
(3.84586 0.976756 1.33386)
(4.26104 0.928335 1.33013)
(4.60238 0.917658 1.33)
(0.497995 1.48022 1.32039)
(0.986294 1.4711 1.32968)
(1.47716 1.46059 1.33105)
(1.9681 1.44057 1.33104)
(2.49388 1.48859 1.33701)
(2.97752 1.47871 1.35744)
(3.42751 1.43563 1.3301)
(3.82924 1.44148 1.34683)
(4.25352 1.428 1.3313)
(4.5947 1.42577 1.33)
(0.496759 1.94858 1.33108)
(0.986302 1.95829 1.33048)
(1.47689 1.95509 1.3308)
(1.96747 1.94411 1.33078)
(2.45689 1.93803 1.33039)
(2.94424 1.93689 1.33018)
(3.4264 1.93676 1.33012)
(3.8991 1.93556 1.3301)
(4.25284 1.93382 1.33142)
(4.59469 1.93383 1.33001)
(0.495263 2.44315 1.33039)
(1.0172 2.44021 1.33126)
(1.47594 2.44911 1.33047)
(1.96691 2.44508 1.3304)
(2.45687 2.44242 1.33024)
(2.94446 2.44141 1.33014)
(3.4265 2.44089 1.33015)
(3.89915 2.43994 1.33023)
(4.25309 2.43896 1.33166)
(4.59509 2.43992 1.33015)
(0.590212 2.94083 1.33147)
(1.04361 2.94378 1.33594)
(1.47456 2.94867 1.33014)
(1.96651 2.94655 1.33016)
(2.45704 2.9452 1.33012)
(2.94514 2.94463 1.3301)
(3.42784 2.94437 1.33018)
(3.90135 2.94351 1.33045)
(4.25807 2.94218 1.33225)
(4.60167 2.93806 1.33098)
(0.609462 3.45808 1.33)
(0.978346 3.45317 1.32996)
(1.47358 3.44722 1.33004)
(1.96645 3.44431 1.33007)
(2.45761 3.4432 1.33006)
(2.94665 3.44307 1.33007)
(3.43132 3.44391 1.33013)
(3.90848 3.44619 1.33039)
(4.29613 3.46603 1.33192)
(4.65612 3.42004 1.33248)
(0.606737 3.96196 1.32999)
(0.978486 3.9476 1.32999)
(1.4928 3.86851 1.34783)
(1.96695 3.93296 1.33001)
(2.4586 3.93199 1.33001)
(2.94891 3.93214 1.32999)
(3.4306 3.86352 1.34614)
(3.88329 3.87813 1.33369)
(4.40808 3.96114 1.32838)
(4.92 3.99518 1.32836)
(0.549409 4.42112 1.33)
(0.988087 4.35146 1.33)
(1.47678 4.30586 1.33135)
(1.96783 4.30446 1.33126)
(2.45966 4.30434 1.33125)
(2.95104 4.3043 1.33125)
(3.44065 4.3046 1.3312)
(3.92311 4.30606 1.33012)
(4.40019 4.34783 1.32896)
(4.92 4.32947 1.32905)
(0.506906 4.70243 1.33)
(0.983913 4.66471 1.33)
(1.47608 4.65962 1.33)
(1.96803 4.65952 1.33)
(2.45999 4.65983 1.33)
(2.95191 4.65966 1.33)
(3.44329 4.65953 1.33002)
(3.9297 4.65988 1.33022)
(4.3871 4.66197 1.33116)
(0.502365 0.0879713 1.80814)
(0.986898 0.193533 1.8065)
(1.47923 0.211846 1.80668)
(2.9486 0.213868 1.80663)
(3.44077 0.215659 1.80619)
(3.93507 0.204023 1.80621)
(4.41884 0.103839 1.8068)
(4.82 0.00433677 1.80699)
(0.522128 0.461642 1.80557)
(0.991672 0.511268 1.80476)
(1.47459 0.518338 1.79952)
(1.88821 0.51691 1.80614)
(2.53856 0.516179 1.80614)
(2.95493 0.514131 1.79632)
(3.43724 0.459495 1.79834)
(3.92691 0.459047 1.79916)
(4.36169 0.455826 1.80231)
(4.7155 0.41743 1.80678)
(0.487773 1.01211 1.79823)
(0.980412 1.00347 1.80027)
(1.4781 0.955049 1.79771)
(1.93758 0.978888 1.78922)
(2.49042 0.972393 1.78515)
(2.94394 0.929844 1.78642)
(3.43355 0.938419 1.78234)
(3.91325 0.936454 1.78624)
(4.37548 0.924452 1.79911)
(4.61537 0.917614 1.80617)
(0.497299 1.47988 1.81491)
(0.986294 1.47022 1.80351)
(1.47711 1.45807 1.79405)
(1.96816 1.43783 1.78255)
(2.45758 1.42994 1.77762)
(2.94597 1.43124 1.77413)
(3.42989 1.44471 1.69981)
(3.90809 1.43162 1.78131)
(4.37193 1.42737 1.79776)
(4.60037 1.42575 1.80598)
(0.496783 1.94755 1.79744)
(0.986484 1.95543 1.78929)
(1.4769 1.95135 1.78165)
(1.9948 1.93786 1.70355)
(2.46643 1.94098 1.69668)
(2.94995 1.94023 1.69555)
(3.42533 1.93703 1.69703)
(3.90677 1.93527 1.78)
(4.3713 1.93393 1.79751)
(4.60368 1.9339 1.80601)
(0.49551 2.44335 1.79747)
(0.985303 2.4469 1.78251)
(1.50699 2.44053 1.7056)
(1.97723 2.44183 1.69618)
(2.45902 2.44254 1.68536)
(2.94644 2.44204 1.67971)
(3.42501 2.44144 1.69655)
(3.90684 2.44081 1.77986)
(4.37136 2.43996 1.79786)
(4.60585 2.44063 1.80642)
(0.569561 2.94297 1.7968)
(0.982281 2.95046 1.78383)
(1.4896 2.94674 1.68075)
(1.96857 2.9471 1.67627)
(2.45792 2.94654 1.69429)
(2.94669 2.94609 1.68008)
(3.42598 2.94614 1.69681)
(3.90845 2.94583 1.78025)
(4.37288 2.94381 1.79892)
(4.60089 2.94172 1.80846)
(0.568012 3.45838 1.79871)
(0.979513 3.45442 1.78508)
(1.48222 3.4436 1.6926)
(1.96728 3.44229 1.69695)
(2.45829 3.44157 1.69636)
(2.94777 3.44156 1.6966)
(3.42857 3.44298 1.69845)
(3.88014 3.44992 1.71222)
(4.28502 3.46897 1.78273)
(4.63814 3.44351 1.81503)
(0.564835 3.96286 1.79997)
(0.979419 3.95074 1.78896)
(1.4745 3.94286 1.7816)
(1.96724 3.94042 1.77963)
(2.45898 3.93974 1.77918)
(2.94969 3.93985 1.7793)
(3.43843 3.94104 1.7802)
(3.92356 3.94555 1.7831)
(4.34745 3.96322 1.76428)
(4.92 3.99065 1.7548)
(0.525752 4.43402 1.80464)
(0.986713 4.36045 1.7938)
(1.47557 4.42236 1.79778)
(1.96783 4.42107 1.79732)
(2.45974 4.42082 1.79722)
(2.95126 4.42087 1.79725)
(3.44152 4.42126 1.7975)
(3.92783 4.42299 1.79824)
(4.38468 4.34266 1.78533)
(4.92 4.35534 1.76308)
(0.503081 4.77653 1.8083)
(0.983929 4.67991 1.80631)
(1.47607 4.66475 1.80604)
(1.96803 4.66388 1.80602)
(2.45999 4.66387 1.80602)
(2.95192 4.66394 1.80602)
(3.44345 4.66545 1.80606)
(3.93127 4.67016 1.8066)
(4.39353 4.66892 1.80812)
(0.498386 0.0407705 2.27959)
(0.986629 0.0900475 2.27765)
(1.48029 0.110525 2.27526)
(2.94762 0.114117 2.27509)
(3.44122 0.135204 2.27654)
(3.93529 0.127544 2.27663)
(4.42215 0.0458309 2.27775)
(4.82 0.00456981 2.28156)
(0.506049 0.435159 2.25694)
(0.986149 0.441398 2.25421)
(1.48012 0.45368 2.22315)
(1.89567 0.50691 2.26032)
(2.53113 0.506087 2.2604)
(2.94734 0.452057 2.22033)
(3.4402 0.439246 2.24915)
(3.9314 0.439216 2.24998)
(4.39383 0.437506 2.23835)
(4.77407 0.414437 2.27782)
(0.50943 0.93531 2.25876)
(0.984657 0.943913 2.24906)
(1.47827 0.932311 2.24166)
(1.95548 0.941559 2.17047)
(2.47211 0.939291 2.16905)
(2.9506 0.924588 2.15864)
(3.44095 0.928294 2.11598)
(3.92479 0.926051 2.12376)
(4.3958 0.92078 2.2503)
(4.69003 0.917483 2.27681)
(0.495819 1.44163 2.26002)
(0.985168 1.44588 2.24696)
(1.47682 1.43811 2.23584)
(1.96908 1.42933 2.12691)
(2.4599 1.42719 2.11496)
(2.95173 1.42889 2.10875)
(3.44038 1.42815 2.08834)
(3.92343 1.42749 2.11279)
(4.39434 1.4263 2.24865)
(4.66175 1.4257 2.27623)
(0.496711 1.93847 2.25431)
(0.989862 1.94493 2.15851)
(1.4826 1.93817 2.15027)
(1.97017 1.93556 2.09815)
(2.45979 1.93488 2.08471)
(2.95067 1.9347 2.08428)
(3.44021 1.93457 2.08743)
(3.92315 1.93439 2.11312)
(4.39412 1.934 2.24845)
(4.68208 1.93398 2.2763)
(0.506022 2.44136 2.24453)
(0.987528 2.44358 2.11729)
(1.47875 2.44324 2.098)
(1.96831 2.44291 2.08001)
(2.45949 2.44251 2.05105)
(2.95063 2.44233 2.03953)
(3.44025 2.44226 2.08723)
(3.92306 2.44205 2.11417)
(4.36299 2.44107 2.18785)
(4.69931 2.44052 2.27027)
(0.528088 2.94994 2.23602)
(0.989478 2.95068 2.13281)
(1.47646 2.95046 2.04931)
(1.96783 2.95017 2.03149)
(2.45952 2.94994 2.06927)
(2.95074 2.94985 2.04)
(3.44045 2.94982 2.08726)
(3.92327 2.94964 2.11195)
(4.34303 2.94859 2.15002)
(4.61747 2.94669 2.26791)
(0.53475 3.45903 2.23357)
(0.987375 3.45774 2.15138)
(1.4759 3.45654 2.07457)
(1.96779 3.45615 2.08632)
(2.4596 3.45598 2.08609)
(2.95097 3.45597 2.08618)
(3.44094 3.45615 2.08687)
(3.92405 3.45698 2.09091)
(4.33941 3.46175 2.12958)
(4.61218 3.45774 2.27228)
(0.53862 3.96548 2.23313)
(0.987189 3.96031 2.15582)
(1.47584 3.95624 2.11293)
(1.96785 3.95564 2.11161)
(2.45974 3.95548 2.11139)
(2.95131 3.95552 2.11146)
(3.44193 3.95585 2.11229)
(3.92786 3.95705 2.11595)
(4.35247 3.965 2.12179)
(4.62035 3.95967 2.27673)
(0.515716 4.45021 2.25086)
(0.98316 4.44683 2.25131)
(1.47591 4.44419 2.24839)
(1.96798 4.44374 2.24794)
(2.45993 4.44367 2.24787)
(2.95172 4.44369 2.24789)
(3.44289 4.44387 2.24813)
(3.9311 4.42457 2.20752)
(4.37021 4.40076 2.14937)
(4.61204 4.46507 2.26401)
(0.498065 4.83997 2.27942)
(0.984045 4.75481 2.27698)
(1.47607 4.72333 2.27601)
(1.96802 4.72029 2.27597)
(2.45999 4.72021 2.27599)
(2.95195 4.72077 2.27598)
(3.4437 4.72965 2.27603)
(3.93361 4.76843 2.27402)
(4.40402 4.73187 2.28031)
(0.497706 0.0115913 2.66)
(0.98625 0.0100792 2.66)
(1.48087 0.0105226 2.66)
(2.94709 0.0102737 2.66)
(3.44212 0.00894729 2.66)
(3.9352 0.00890758 2.66)
(4.42322 0.0108721 2.66)
(0.499544 0.414662 2.61906)
(0.985252 0.415333 2.56871)
(1.47744 0.418566 2.54695)
(1.91793 0.464244 2.47538)
(2.50974 0.464081 2.47512)
(2.95054 0.418439 2.54313)
(3.4427 0.415299 2.52377)
(3.93528 0.415295 2.53136)
(4.42064 0.415782 2.61156)
(4.81332 0.413573 2.66)
(0.500697 0.917544 2.56952)
(0.984676 0.917992 2.46531)
(1.47737 0.917512 2.4473)
(1.96733 0.92026 2.43751)
(2.46061 0.920161 2.43746)
(2.95066 0.917233 2.44538)
(3.44331 0.91769 2.43992)
(3.9351 0.917752 2.45015)
(4.42102 0.917574 2.52905)
(4.81508 0.917681 2.66)
(0.498566 1.42598 2.5256)
(0.984509 1.42612 2.4446)
(1.47645 1.42587 2.43502)
(1.96826 1.42544 2.43434)
(2.45977 1.42535 2.43434)
(2.95166 1.42559 2.43458)
(3.44357 1.42576 2.43425)
(3.93504 1.42579 2.43507)
(4.42079 1.42572 2.5011)
(4.81554 1.42574 2.66)
(0.498443 1.93427 2.50183)
(0.984472 1.93433 2.4397)
(1.47626 1.93425 2.43438)
(1.96809 1.93411 2.43425)
(2.45997 1.93405 2.43425)
(2.95186 1.93406 2.43425)
(3.44362 1.93408 2.43425)
(3.93504 1.93408 2.43703)
(4.42082 1.93406 2.51948)
(4.81563 1.934 2.66)
(0.498269 2.44262 2.50806)
(0.984422 2.44262 2.43957)
(1.47622 2.44259 2.43425)
(1.96806 2.44254 2.43425)
(2.45999 2.44251 2.407)
(2.95189 2.4425 2.38977)
(3.44363 2.4425 2.43425)
(3.93504 2.44249 2.43921)
(4.4141 2.4413 2.52939)
(0.500826 2.951 2.5499)
(0.984339 2.95096 2.44536)
(1.47619 2.95093 2.37949)
(1.96805 2.95091 2.3774)
(2.45999 2.9509 2.43425)
(2.95189 2.9509 2.3904)
(3.44362 2.9509 2.43425)
(3.93497 2.95089 2.4347)
(4.40964 2.95079 2.45124)
(0.49791 3.45936 2.52459)
(0.984253 3.45921 2.44365)
(1.47616 3.45916 2.41261)
(1.96804 3.45914 2.43425)
(2.45999 3.45913 2.43425)
(2.95189 3.45913 2.43425)
(3.44362 3.45914 2.43425)
(3.93483 3.45914 2.43556)
(4.41442 3.46051 2.46009)
(4.69729 3.4677 2.54332)
(0.497874 3.96775 2.51103)
(0.984169 3.9672 2.44802)
(1.47613 3.96704 2.43457)
(1.96804 3.96701 2.43425)
(2.45999 3.967 2.43425)
(2.9519 3.967 2.43425)
(3.44364 3.96703 2.43484)
(3.93478 3.96711 2.43708)
(4.4182 3.96712 2.45884)
(4.68313 3.96388 2.53306)
(0.498244 4.46977 2.58548)
(0.984137 4.46969 2.52368)
(1.4761 4.46922 2.49694)
(1.96803 4.46917 2.49398)
(2.45999 4.46916 2.49389)
(2.95193 4.46917 2.4945)
(3.44373 4.46924 2.50325)
(3.93503 4.46653 2.5345)
(4.41041 4.46906 2.47807)
(0.497483 4.87361 2.66)
(0.984615 4.87564 2.66)
(1.47616 4.87614 2.66)
(1.96802 4.87607 2.66)
(2.45999 4.87603 2.66)
(2.95195 4.87608 2.66)
(3.44376 4.87621 2.66)
(3.93475 4.87579 2.66)
(4.41893 4.8734 2.66)
(-0.526327 0.154272 0.138352)
(-0.512399 0.662818 0.138368)
(-0.500219 1.17153 0.138406)
(-0.503885 1.67988 0.13828)
(-0.502363 2.18831 0.138281)
(-0.507169 2.6968 0.138334)
(-0.519913 3.2053 0.138375)
(-0.529292 3.71381 0.13838)
(-0.536351 4.22233 0.138389)
(-0.542834 4.73069 0.138399)
(-0.518931 0.154408 0.614944)
(-0.485953 0.664382 0.615472)
(-0.41509 1.18122 0.61936)
(-0.393627 1.68093 0.623902)
(-0.393941 2.18696 0.622939)
(-0.446336 2.69606 0.615454)
(-0.50153 3.20537 0.614873)
(-0.522192 3.71382 0.61492)
(-0.532555 4.22234 0.614922)
(-0.539927 4.73069 0.61493)
(-0.517359 0.15478 1.09165)
(-0.459805 0.677333 1.0908)
(-0.187633 1.19172 1.09052)
(-0.317276 2.67335 1.11305)
(-0.475965 3.2052 1.09198)
(-0.518585 3.71384 1.09164)
(-0.53132 4.22235 1.09164)
(-0.539251 4.7307 1.09164)
(-0.524028 0.154882 1.56836)
(-0.489461 0.673437 1.56842)
(-0.361323 1.2907 1.56861)
(-0.290234 2.66587 1.56861)
(-0.475841 3.20499 1.56839)
(-0.521108 3.71386 1.56835)
(-0.532473 4.22236 1.56835)
(-0.539813 4.7307 1.56836)
(-0.51746 0.154771 2.04508)
(-0.459907 0.677335 2.04607)
(-0.187852 1.19157 2.04658)
(-0.217475 1.68406 2.04477)
(-0.214753 2.18884 2.04466)
(-0.317507 2.67353 2.02399)
(-0.476049 3.20522 2.04481)
(-0.518656 3.71385 2.04507)
(-0.5314 4.22236 2.04507)
(-0.539366 4.7307 2.04507)
(-0.520237 0.154348 2.52174)
(-0.486761 0.664455 2.52119)
(-0.415007 1.18136 2.51747)
(-0.389062 1.68102 2.5134)
(-0.404181 2.18694 2.51364)
(-0.451575 2.69607 2.52124)
(-0.502306 3.20539 2.52169)
(-0.523095 3.71384 2.52161)
(-0.533527 4.22235 2.52161)
(-0.541344 4.7307 2.5216)
(0.296945 0.196112 0.188507)
(0.738904 0.181997 0.1683)
(1.23484 0.182526 0.169467)
(1.73704 0.193364 0.192129)
(2.6904 0.193245 0.192141)
(3.19302 0.182569 0.169866)
(3.68862 0.206874 0.21116)
(4.17963 0.182785 0.169488)
(4.65696 0.170326 0.154787)
(0.342637 0.663526 0.218741)
(0.744222 0.66936 0.307403)
(1.23228 0.6699 0.316238)
(1.71405 0.679777 0.327365)
(2.21385 0.715326 0.323919)
(2.71359 0.679362 0.328032)
(3.19562 0.669196 0.323128)
(3.68828 0.669387 0.319779)
(4.17534 0.668955 0.296915)
(4.64421 0.665008 0.169151)
(0.358188 1.17155 0.228162)
(0.746841 1.17254 0.335698)
(1.23327 1.17283 0.350668)
(1.72297 1.17227 0.357138)
(2.21392 1.17215 0.357599)
(2.70496 1.17155 0.363705)
(3.19691 1.17229 0.37067)
(3.68822 1.17257 0.387615)
(4.1747 1.17234 0.321408)
(4.6165 1.17173 0.216395)
(0.365044 1.68 0.232239)
(0.749855 1.68082 0.359505)
(1.23042 1.68074 0.360868)
(1.72223 1.68028 0.366664)
(2.21396 1.67986 0.378902)
(2.70565 1.67988 0.383992)
(3.19731 1.68005 0.410537)
(3.6882 1.6801 0.390376)
(4.17445 1.67999 0.325793)
(4.61327 1.67983 0.222186)
(0.371695 2.18835 0.236218)
(0.750038 2.18864 0.364459)
(1.23012 2.18862 0.367462)
(1.72209 2.18847 0.368265)
(2.21396 2.18833 0.384394)
(2.70578 2.18829 0.429416)
(3.19737 2.18829 0.444585)
(3.68812 2.18824 0.390612)
(4.17417 2.18803 0.326004)
(4.6129 2.18762 0.222415)
(0.356117 2.69678 0.226919)
(0.748016 2.69677 0.339427)
(1.23004 2.69676 0.37325)
(1.72204 2.6967 0.38429)
(2.21395 2.69664 0.410387)
(2.7058 2.6966 0.398763)
(3.19735 2.69657 0.443825)
(3.68782 2.69639 0.38975)
(4.17289 2.69556 0.326037)
(4.61141 2.693 0.222274)
(0.353945 3.20527 0.225701)
(0.74609 3.20499 0.316617)
(1.22995 3.20485 0.368803)
(1.72202 3.20476 0.412245)
(2.21395 3.20471 0.423411)
(2.7058 3.20469 0.427554)
(3.19729 3.20464 0.422413)
(3.68715 3.20428 0.386565)
(4.16978 3.20236 0.341277)
(4.60407 3.19606 0.227395)
(0.353448 3.7139 0.225493)
(0.745893 3.71271 0.315022)
(1.22991 3.71225 0.368396)
(1.72201 3.71208 0.392626)
(2.21396 3.71202 0.392656)
(2.70583 3.712 0.392529)
(3.19727 3.71197 0.392872)
(3.68668 3.71167 0.393073)
(4.16826 3.71127 0.381224)
(4.61717 3.7336 0.271827)
(0.343721 4.22166 0.219503)
(0.744358 4.21632 0.293039)
(1.22994 4.21528 0.323597)
(1.72202 4.21498 0.326632)
(2.21398 4.21483 0.320442)
(2.70588 4.21435 0.325704)
(3.19736 4.2149 0.324817)
(3.68659 4.21494 0.327563)
(4.16922 4.21524 0.326385)
(4.65636 4.21414 0.32298)
(0.296943 4.68888 0.188554)
(0.737989 4.70302 0.168484)
(1.2301 4.67462 0.217368)
(1.72204 4.67216 0.221856)
(2.214 4.68083 0.205226)
(2.70594 4.70084 0.171227)
(3.19758 4.67423 0.217869)
(3.68689 4.67137 0.223664)
(4.166 4.67162 0.224244)
(4.62667 4.64662 0.22976)
(0.236888 0.168953 0.613213)
(0.742792 0.278654 0.62436)
(1.23699 0.301496 0.627463)
(1.71483 0.294832 0.621357)
(2.71244 0.295025 0.621407)
(3.19072 0.323701 0.6278)
(3.6873 0.328218 0.628134)
(4.17108 0.304112 0.625945)
(4.64358 0.182841 0.61592)
(0.349718 0.666515 0.61733)
(2.21359 0.751228 0.63637)
(4.52137 0.668834 0.625813)
(0.357951 1.17847 0.614113)
(4.49493 1.17228 0.628584)
(0.362556 1.68281 0.630671)
(4.49024 1.67986 0.629125)
(0.378741 2.18688 0.632335)
(4.4899 2.18698 0.6291)
(0.397309 2.69398 0.621362)
(4.48975 2.69019 0.629088)
(0.410465 3.2053 0.617933)
(4.48874 3.19562 0.630166)
(0.408772 3.71404 0.61776)
(0.383061 4.22045 0.616451)
(0.236714 4.7163 0.613267)
(0.742638 4.60054 0.623868)
(1.22986 4.55371 0.628568)
(1.722 4.54946 0.628984)
(2.21398 4.55613 0.628655)
(2.70588 4.55134 0.629144)
(3.19736 4.55134 0.628893)
(3.68616 4.54838 0.628982)
(4.16389 4.54801 0.628711)
(4.6173 4.5227 0.628903)
(0.236547 0.170271 1.09112)
(0.744718 0.316814 1.09069)
(1.2386 0.356298 1.09069)
(1.7023 0.332363 1.092)
(2.72605 0.33539 1.092)
(3.19025 0.362322 1.09252)
(3.68675 0.363646 1.09265)
(4.16895 0.327401 1.09234)
(4.61031 0.202772 1.0917)
(0.352619 0.674141 1.08577)
(2.21351 0.790876 1.09383)
(4.49748 0.669411 1.09235)
(0.26364 1.21929 1.22529)
(0.736624 1.21929 1.24136)
(4.46105 1.17257 1.09272)
(0.250195 1.69055 1.09557)
(0.740832 1.70689 1.09685)
(4.45876 1.67993 1.09282)
(4.45865 2.18685 1.09287)
(0.295521 2.68135 1.10221)
(4.45985 2.68962 1.09312)
(0.412611 3.20425 1.0922)
(4.47579 3.19467 1.09391)
(0.414145 3.71398 1.09161)
(0.39344 4.21927 1.09135)
(0.314697 4.65866 1.09003)
(0.744559 4.56826 1.0922)
(1.22976 4.52029 1.0927)
(1.72198 4.5183 1.09281)
(2.21397 4.51878 1.09283)
(2.70585 4.51931 1.09284)
(3.1973 4.5185 1.09284)
(3.68613 4.51866 1.09285)
(4.16387 4.51924 1.09299)
(4.61566 4.51159 1.0935)
(0.236429 0.171142 1.56891)
(0.744987 0.324453 1.56785)
(1.23915 0.356765 1.56775)
(1.70232 0.33241 1.5681)
(2.72605 0.335393 1.56801)
(3.19025 0.362323 1.56749)
(3.68675 0.363645 1.56735)
(4.16895 0.327401 1.56766)
(4.61031 0.202772 1.5683)
(0.348512 0.678578 1.56862)
(2.2135 0.791114 1.56641)
(4.49748 0.669411 1.56765)
(0.221947 1.41204 1.5685)
(0.736803 1.29 1.56844)
(4.46106 1.17257 1.56728)
(0.239358 1.74685 1.56923)
(0.741397 1.70719 1.56526)
(4.45903 1.67996 1.5672)
(4.45995 2.18708 1.56732)
(0.31602 2.65927 1.56787)
(4.46028 2.69077 1.56804)
(0.408132 3.20351 1.56822)
(4.47572 3.19794 1.5693)
(0.413327 3.714 1.56835)
(0.39236 4.21929 1.56864)
(0.314556 4.65877 1.56997)
(0.74456 4.56826 1.5678)
(1.22976 4.52029 1.5673)
(1.72198 4.51825 1.56719)
(2.21397 4.51807 1.56717)
(2.70586 4.51806 1.56717)
(3.19738 4.51812 1.56719)
(3.68665 4.51928 1.56735)
(4.16615 4.5207 1.56794)
(4.61645 4.51972 1.56754)
(0.236909 0.169826 2.04681)
(0.743766 0.296429 2.03778)
(1.2381 0.317248 2.03471)
(1.71479 0.295153 2.03876)
(2.71244 0.29503 2.0386)
(3.19072 0.323705 2.03221)
(3.6873 0.328217 2.03187)
(4.17108 0.30411 2.03406)
(4.64358 0.182841 2.04408)
(0.328965 0.673857 2.04843)
(2.21358 0.75162 2.0239)
(4.52137 0.668834 2.03419)
(0.263716 1.21929 1.91195)
(4.49509 1.17228 2.03143)
(0.250204 1.69008 2.03812)
(4.49329 1.67993 2.03107)
(0.250147 2.18928 2.03714)
(4.49185 2.18729 2.03089)
(0.284194 2.6853 2.03419)
(4.47458 2.69314 2.03055)
(0.37527 3.20455 2.04123)
(4.4697 3.20203 2.03008)
(0.390999 3.71407 2.04236)
(4.55878 3.73815 2.00111)
(0.363811 4.22066 2.04369)
(4.59884 4.20514 1.98209)
(0.236714 4.7163 2.04673)
(0.742641 4.60054 2.03613)
(1.22986 4.55369 2.03143)
(1.722 4.5486 2.03096)
(2.21398 4.54831 2.03091)
(2.70591 4.54832 2.03091)
(3.19758 4.54913 2.03099)
(3.68775 4.5555 2.0317)
(4.16955 4.54571 2.03199)
(4.57889 4.54891 2.0137)
(0.238566 0.161877 2.51467)
(0.738953 0.182314 2.49178)
(1.23485 0.18278 2.49064)
(1.73704 0.193446 2.4679)
(2.6904 0.193256 2.46786)
(3.19303 0.182574 2.49014)
(3.68862 0.206856 2.44884)
(4.17963 0.182764 2.49051)
(4.65696 0.170319 2.50521)
(0.238206 0.664007 2.50542)
(0.742607 0.670612 2.39675)
(1.2337 0.670923 2.37177)
(1.71413 0.680266 2.33414)
(2.21386 0.715442 2.33615)
(2.71359 0.6794 2.33199)
(3.19562 0.669205 2.33688)
(3.68828 0.669373 2.34022)
(4.17534 0.668938 2.36309)
(4.64421 0.665003 2.49085)
(0.241383 1.17481 2.50429)
(0.74906 1.16875 2.37964)
(1.25145 1.17099 2.36298)
(1.72506 1.17282 2.34062)
(2.21393 1.17244 2.3027)
(2.70496 1.17162 2.29635)
(3.19691 1.1723 2.28935)
(3.68822 1.17257 2.27245)
(4.1747 1.17233 2.33876)
(4.61668 1.17173 2.44391)
(0.243178 1.68116 2.50371)
(0.744821 1.68498 2.35398)
(1.23651 1.68152 2.34005)
(1.72247 1.68102 2.31537)
(2.21398 1.68006 2.27544)
(2.70566 1.67993 2.2761)
(3.19732 1.68006 2.2758)
(3.68822 1.68011 2.27052)
(4.1745 1.68002 2.33681)
(4.61629 1.6798 2.44331)
(0.242818 2.18864 2.5035)
(0.745668 2.18891 2.31523)
(1.23044 2.1892 2.29515)
(1.72217 2.18874 2.2885)
(2.21398 2.18843 2.23668)
(2.70579 2.18832 2.24197)
(3.19739 2.18831 2.24257)
(3.68822 2.18829 2.27375)
(4.17372 2.18798 2.33188)
(4.64303 2.18812 2.48917)
(0.260849 2.69645 2.48994)
(0.748243 2.69589 2.31912)
(1.23026 2.69689 2.26793)
(1.7221 2.69677 2.22431)
(2.21397 2.69667 2.23674)
(2.70581 2.69662 2.26126)
(3.19742 2.6966 2.22769)
(3.68822 2.69658 2.27679)
(4.17206 2.69636 2.28923)
(4.57221 2.69474 2.39548)
(0.237287 3.20533 2.50389)
(0.74483 3.20502 2.36537)
(1.23006 3.20488 2.29124)
(1.72205 3.20478 2.21944)
(2.21396 3.20473 2.24587)
(2.70583 3.2047 2.24866)
(3.19745 3.2047 2.24308)
(3.68825 3.2047 2.27682)
(4.17205 3.20478 2.28418)
(4.55274 3.20837 2.36622)
(0.290958 3.71395 2.47162)
(0.744989 3.71272 2.35756)
(1.22995 3.71226 2.29161)
(1.72203 3.71209 2.26716)
(2.21397 3.71203 2.26733)
(2.70586 3.71201 2.26732)
(3.19753 3.71204 2.26781)
(3.68839 3.71214 2.27094)
(4.17393 3.71234 2.28664)
(4.58238 3.71335 2.3887)
(0.283839 4.22218 2.4769)
(0.743637 4.21643 2.37687)
(1.22995 4.21528 2.33689)
(1.72203 4.21498 2.33251)
(2.21399 4.21491 2.33224)
(2.70591 4.2149 2.33226)
(3.19765 4.21496 2.33306)
(3.68867 4.21507 2.33822)
(4.17402 4.21489 2.304)
(4.57043 4.21386 2.37444)
(0.238405 4.72332 2.51463)
(0.73799 4.70302 2.49152)
(1.2301 4.67463 2.44265)
(1.72204 4.67125 2.43651)
(2.214 4.67103 2.43616)
(2.70596 4.67106 2.43621)
(3.19782 4.67194 2.43774)
(3.68916 4.6808 2.45461)
(4.17728 4.70213 2.49101)
(4.59144 4.66772 2.4339)
(-0.538166 -0.1 -0.1)
(-0.734023 0.15425 -0.1)
(-0.736578 -0.1 0.138294)
(-0.427639 0.154268 -0.1)
(-0.427639 -0.1 0.13839)
(0.28526 0.0138215 7.04731e-19)
(-0.526562 0.40845 -0.1)
(-0.718572 0.662844 -0.1)
(-0.716379 0.408613 0.138302)
(-0.427417 0.662625 -0.1)
(-0.427471 0.408401 0.138429)
(0.310018 0.414873 0.143012)
(-0.518167 0.917022 -0.1)
(-0.710729 1.17147 -0.1)
(-0.698188 0.9174 0.138279)
(-0.426152 1.17121 -0.1)
(-0.42486 0.91705 0.138499)
(0.30911 0.91692 0.163737)
(-0.516555 1.42557 -0.1)
(-0.71634 1.67993 -0.1)
(-0.693953 1.4259 0.138238)
(-0.425073 1.67972 -0.1)
(-0.418926 1.42557 0.138519)
(0.309444 1.42559 0.168405)
(-0.521387 1.93404 -0.1)
(-0.714625 2.18837 -0.1)
(-0.702194 1.93423 0.138109)
(-0.425325 2.18824 -0.1)
(-0.417527 1.93399 0.138464)
(0.309427 1.93406 0.168306)
(-0.518283 2.44254 -0.1)
(-0.715353 2.69685 -0.1)
(-0.695272 2.44262 0.138175)
(-0.426871 2.69677 -0.1)
(-0.421098 2.4425 0.138473)
(0.309458 2.44252 0.168453)
(-0.523284 2.95105 -0.1)
(-0.726176 3.20533 -0.1)
(-0.707359 2.95112 0.138274)
(-0.427614 3.20529 -0.1)
(-0.426592 2.95102 0.138456)
(0.309459 2.95098 0.168306)
(-0.530971 3.45956 -0.1)
(-0.73922 3.71382 -0.1)
(-0.724686 3.45958 0.13833)
(-0.427657 3.71381 -0.1)
(-0.427626 3.45955 0.138438)
(0.309419 3.45944 0.168191)
(-0.537287 3.96808 -0.1)
(-0.750582 4.22232 -0.1)
(-0.739336 3.96808 0.138343)
(-0.427658 4.22235 -0.1)
(-0.427657 3.96808 0.138445)
(0.309097 3.96809 0.163792)
(-0.542759 4.47654 -0.1)
(-0.761546 4.73075 -0.1)
(-0.752132 4.47654 0.138349)
(-0.427658 4.73062 -0.1)
(-0.427658 4.47657 0.138469)
(0.310104 4.47014 0.143806)
(-0.550492 4.985 -0.1)
(-0.763876 4.985 0.138333)
(0.114818 4.885 0.161272)
(0.28523 4.87124 1.68214e-16)
(-0.530079 -0.1 0.376606)
(-0.720362 0.154364 0.376607)
(-0.728744 -0.1 0.614939)
(-0.427489 0.154306 0.37659)
(-0.42746 -0.1 0.614918)
(0.291809 5.63785e-18 0.377251)
(-0.513005 0.408636 0.376622)
(-0.693632 0.663406 0.376611)
(-0.700405 0.409201 0.614962)
(-0.423504 0.662933 0.376675)
(-0.424065 0.408717 0.615004)
(0.343742 0.421122 0.390736)
(-0.485402 0.918065 0.376963)
(-0.667137 1.17332 0.377197)
(-0.65355 0.923024 0.61689)
(-0.402538 1.17184 0.376669)
(-0.388616 0.920187 0.616632)
(0.387222 0.918005 0.397017)
(-0.465309 1.42616 0.377658)
(-0.669523 1.68043 0.377507)
(-0.609506 1.43034 0.626694)
(-0.386506 1.67993 0.376503)
(-0.314389 1.42456 0.613331)
(0.401064 1.42717 0.400106)
(-0.471424 1.9342 0.377008)
(-0.664266 2.18838 0.377332)
(-0.608472 1.93452 0.625873)
(-0.390109 2.18826 0.376492)
(-0.300141 1.93439 0.609353)
(0.405578 1.93447 0.401473)
(-0.471366 2.44216 0.376801)
(-0.678 2.69693 0.376365)
(-0.617742 2.43701 0.621692)
(-0.41343 2.69674 0.376607)
(-0.338979 2.44376 0.612038)
(0.415695 2.44203 0.401705)
(-0.501063 2.9511 0.376535)
(-0.705685 3.20539 0.376551)
(-0.673927 2.95131 0.61471)
(-0.426385 3.20526 0.376595)
(-0.409905 2.95121 0.614736)
(0.400627 2.95103 0.398937)
(-0.519602 3.45956 0.376601)
(-0.72566 3.71384 0.376616)
(-0.708089 3.45964 0.614894)
(-0.427634 3.71381 0.376561)
(-0.42671 3.45952 0.614926)
(0.400227 3.45963 0.398892)
(-0.530171 3.96808 0.376603)
(-0.742025 4.22232 0.376629)
(-0.730461 3.96809 0.614936)
(-0.427657 4.22236 0.376562)
(-0.427646 3.96808 0.614899)
(0.395114 3.96841 0.398003)
(-0.537478 4.47655 0.376617)
(-0.755346 4.73074 0.37664)
(-0.746638 4.47655 0.614947)
(-0.427658 4.73062 0.376596)
(-0.427658 4.4766 0.614902)
(0.350435 4.4636 0.391521)
(-0.545247 4.985 0.376629)
(-0.759781 4.985 0.614952)
(0.114796 4.885 0.611831)
(0.291748 4.885 0.377255)
(-0.527349 -0.1 0.853296)
(-0.714046 0.15469 0.853295)
(-0.728534 -0.1 1.09164)
(-0.425905 0.154475 0.853334)
(-0.426973 -0.1 1.09166)
(0.290455 2.93277e-17 0.852139)
(-0.501054 0.409774 0.853585)
(-0.667176 0.669545 0.854558)
(-0.695809 0.411716 1.09141)
(-0.395585 0.666086 0.855492)
(-0.414834 0.409555 1.09175)
(0.309772 0.424724 0.852414)
(-0.412155 0.939043 0.858017)
(-0.558493 1.20401 0.863537)
(-0.591052 0.961498 1.09083)
(-0.231003 1.19702 0.854957)
(-0.271013 0.964251 1.08787)
(0.347723 0.928449 0.845399)
(-0.290108 1.44023 0.883096)
(-0.513309 1.6847 0.883462)
(-0.444294 1.43397 1.09063)
(-0.148506 1.68027 0.839114)
(0 1.42146 0.966357)
(0.311201 1.444 0.861418)
(-0.282592 1.93395 0.882586)
(-0.5175 2.18198 0.883336)
(-0.159234 2.19245 0.84747)
(0 1.93541 0.94986)
(0.307935 1.93574 0.888282)
(-0.313813 2.42131 0.877921)
(-0.602392 2.68695 0.863432)
(-0.434237 2.44358 1.09103)
(-0.314592 2.70415 0.845879)
(0 2.49767 1.03989)
(0.292903 2.4333 0.869698)
(-0.448402 2.95059 0.853992)
(-0.68026 3.20559 0.853195)
(-0.621923 2.94493 1.09709)
(-0.414642 3.20526 0.853324)
(-0.344107 2.95388 1.09041)
(0.395631 2.94792 0.85657)
(-0.508923 3.4596 0.853268)
(-0.716489 3.71388 0.853267)
(-0.698052 3.45977 1.09161)
(-0.427231 3.7138 0.853283)
(-0.422189 3.4595 1.09166)
(0.411505 3.45962 0.853661)
(-0.526701 3.96809 0.853278)
(-0.737312 4.22234 0.853285)
(-0.727039 3.96812 1.09163)
(-0.427654 4.22236 0.853276)
(-0.42755 3.96809 1.09164)
(0.403611 3.96822 0.853384)
(-0.535687 4.47657 0.85328)
(-0.752387 4.73074 0.853291)
(-0.744798 4.47656 1.09164)
(-0.427658 4.73063 0.853276)
(-0.427657 4.4766 1.09164)
(0.329658 4.45904 0.85136)
(-0.543946 4.985 0.853282)
(-0.758589 4.985 1.09164)
(0.29036 4.885 0.852155)
(-0.529378 -0.1 1.33)
(-0.71963 0.155048 1.32994)
(-0.735385 -0.1 1.56836)
(-0.425522 0.154714 1.33002)
(-0.427231 -0.1 1.56835)
(0.290038 5.30717e-17 1.33)
(-0.505759 0.410918 1.3296)
(-0.67749 0.677488 1.32722)
(-0.71314 0.411442 1.56839)
(-0.386696 0.667988 1.32782)
(-0.418816 0.409934 1.56837)
(0.308785 0.428014 1.32937)
(-0.418077 0.972092 1.32118)
(-0.535523 1.24802 1.32764)
(-0.649558 0.969519 1.56847)
(-0.123218 1.30235 1.30919)
(-0.329106 0.946794 1.56847)
(0.319299 0.938874 1.32462)
(-0.296161 1.50348 1.35322)
(-0.547063 1.5055 1.57102)
(0.00634352 1.69196 1.33233)
(-0.0850828 1.55251 1.57068)
(0.244841 1.51041 1.31543)
(0.0107211 1.94087 1.56803)
(0.251864 1.9431 1.33177)
(-0.213873 2.44155 1.3302)
(-0.51984 2.66763 1.33898)
(-0.446057 2.4437 1.56856)
(-0.164243 2.70402 1.32647)
(0 2.59288 1.5687)
(0.250043 2.43994 1.33064)
(-0.399867 2.94368 1.33162)
(-0.66809 3.2048 1.33013)
(-0.61451 2.94058 1.56845)
(-0.394194 3.20537 1.33001)
(-0.309275 2.95639 1.56842)
(0.378623 2.93783 1.33194)
(-0.504953 3.45965 1.32999)
(-0.716044 3.71394 1.32999)
(-0.703725 3.45984 1.56837)
(-0.426394 3.71381 1.32999)
(-0.419416 3.45951 1.56835)
(0.42233 3.45954 1.32997)
(-0.526604 3.9681 1.32999)
(-0.73727 4.22235 1.32999)
(-0.730311 3.96813 1.56835)
(-0.427644 4.22237 1.32999)
(-0.427488 3.9681 1.56835)
(0.418636 3.96814 1.32999)
(-0.535662 4.47657 1.33)
(-0.752306 4.73074 1.33)
(-0.746439 4.47656 1.56835)
(-0.427658 4.73063 1.33)
(-0.427657 4.47661 1.56835)
(0.377744 4.45094 1.33)
(-0.54391 4.985 1.33)
(-0.759509 4.985 1.56835)
(0.353671 4.74028 1.33)
(-0.529386 -0.1 1.80671)
(-0.719723 0.15505 1.80679)
(-0.728889 -0.1 2.04507)
(-0.425521 0.15471 1.8067)
(-0.42699 -0.1 2.04507)
(0.290401 7.68157e-17 1.80787)
(-0.505714 0.410913 1.80717)
(-0.677618 0.677493 1.80964)
(-0.69621 0.411725 2.04535)
(-0.386676 0.667978 1.80902)
(-0.414825 0.409538 2.04503)
(0.306944 0.428942 1.80823)
(-0.41804 0.972077 1.81579)
(-0.535648 1.24795 1.80937)
(-0.591576 0.961537 2.04608)
(-0.123187 1.30238 1.82801)
(-0.270875 0.96426 2.04921)
(0.314152 0.941009 1.81195)
(-0.296276 1.50338 1.7841)
(-0.459742 1.68844 1.80711)
(-0.444875 1.43401 2.04651)
(0.00631879 1.69193 1.8043)
(0 1.42157 2.17112)
(0.244607 1.51021 1.82078)
(-0.22263 1.93843 1.8059)
(-0.454029 2.19018 1.80699)
(-0.448667 1.93686 2.04611)
(0.00677634 2.18739 1.80438)
(-5.89806e-17 1.93541 2.1877)
(0.251859 1.94281 1.80159)
(-0.213953 2.44154 1.8071)
(-0.519973 2.66769 1.79804)
(-0.434737 2.44359 2.04614)
(-0.16428 2.70405 1.81069)
(-1.11022e-16 2.49754 2.09772)
(0.2501 2.43996 1.804)
(-0.399808 2.9437 1.80529)
(-0.668123 3.20481 1.80667)
(-0.62226 2.945 2.03977)
(-0.394198 3.20538 1.80675)
(-0.344149 2.9539 2.04653)
(0.368517 2.93885 1.80405)
(-0.504944 3.45966 1.80673)
(-0.716091 3.71394 1.80672)
(-0.69828 3.45979 2.04511)
(-0.426394 3.71382 1.80671)
(-0.422192 3.45951 2.04507)
(0.404837 3.45959 1.80627)
(-0.526616 3.96811 1.80671)
(-0.737333 4.22236 1.80671)
(-0.727248 3.96813 2.04506)
(-0.427644 4.22238 1.80672)
(-0.42755 3.9681 2.04509)
(0.399073 3.96823 1.80661)
(-0.535685 4.47657 1.80671)
(-0.752392 4.73075 1.80671)
(-0.745032 4.47656 2.04505)
(-0.427658 4.73064 1.80672)
(-0.427657 4.47661 2.04509)
(0.324875 4.45972 1.80858)
(-0.543945 4.985 1.80672)
(-0.758879 4.985 2.04505)
(0.114793 4.885 2.04817)
(0.290359 4.885 1.80784)
(-0.527825 -0.1 2.28342)
(-0.714913 0.15468 2.28341)
(-0.730501 -0.1 2.52181)
(-0.425904 0.154439 2.28338)
(-0.42738 -0.1 2.52172)
(0.291842 1.00289e-16 2.28276)
(-0.501437 0.409774 2.28315)
(-0.668257 0.669604 2.28222)
(-0.702116 0.409263 2.52173)
(-0.395528 0.666072 2.28136)
(-0.423934 0.408711 2.52157)
(0.271527 0.416492 2.27633)
(-0.412874 0.939098 2.27894)
(-0.55985 1.20413 2.27342)
(-0.655106 0.92323 2.51973)
(-0.230847 1.19693 2.28248)
(-0.387166 0.920241 2.5201)
(0.274188 0.926838 2.276)
(-0.29061 1.44024 2.25446)
(-0.513782 1.68476 2.25409)
(-0.609872 1.43053 2.51009)
(-0.148479 1.68026 2.2992)
(-0.310523 1.42465 2.52389)
(0.25398 1.43473 2.27588)
(-0.282255 1.93399 2.2555)
(-0.519878 2.18199 2.25346)
(-0.605988 1.93466 2.51115)
(-0.15915 2.19251 2.29071)
(-0.29571 1.9344 2.52798)
(0.256051 1.93593 2.27372)
(-0.321264 2.42046 2.25796)
(-0.603249 2.68708 2.27344)
(-0.627192 2.43691 2.51465)
(-0.314466 2.70421 2.29129)
(-0.335951 2.44375 2.52497)
(0.26978 2.43834 2.26614)
(-0.448753 2.95063 2.28284)
(-0.680924 3.20562 2.28352)
(-0.675119 2.95136 2.52191)
(-0.41464 3.20528 2.28342)
(-0.409288 2.95122 2.52183)
(0.308029 2.94976 2.26725)
(-0.509184 3.45962 2.28341)
(-0.717034 3.7139 2.28339)
(-0.709346 3.45968 2.5217)
(-0.427231 3.71382 2.28342)
(-0.426685 3.45954 2.52152)
(0.343903 3.45967 2.26603)
(-0.526956 3.96811 2.28339)
(-0.737852 4.22235 2.28337)
(-0.731635 3.96811 2.52165)
(-0.427654 4.22238 2.28343)
(-0.427646 3.96811 2.52154)
(0.35267 3.96844 2.26626)
(-0.536004 4.47657 2.28338)
(-0.753063 4.73075 2.28336)
(-0.747925 4.47655 2.52165)
(-0.427658 4.73063 2.2834)
(-0.427658 4.47659 2.52153)
(0.293436 4.46857 2.27462)
(-0.544447 4.985 2.28337)
(-0.761404 4.985 2.52167)
(0.114817 4.885 2.49873)
(0.291748 4.885 2.28274)
(-0.533362 -0.1 2.76)
(-0.7229 0.154349 2.76)
(0.130031 0.187777 2.66)
(0.285321 0.0138372 2.66)
(-0.514975 0.408716 2.76)
(-0.694851 0.663761 2.76)
(0.127555 0.662103 2.66)
(0.292735 0.412445 2.66)
(-0.482549 0.918508 2.76)
(-0.662657 1.17411 2.76)
(0.12679 1.17176 2.66)
(0.292325 0.917143 2.66)
(-0.453325 1.42653 2.76)
(-0.657737 1.6808 2.76)
(0.126863 1.68004 2.66)
(0.299727 1.42586 2.6033)
(-0.455939 1.93433 2.76)
(-0.667143 2.1885 2.76)
(0.126088 2.18839 2.66)
(0.301114 1.93422 2.57737)
(-0.471987 2.44212 2.76)
(-0.682386 2.69701 2.76)
(0.124559 2.69681 2.66)
(0.300105 2.44264 2.58334)
(-0.502567 2.95114 2.76)
(-0.707339 3.20546 2.76)
(0.123368 3.20526 2.66)
(0.29127 2.95105 2.66)
(-0.521919 3.45959 2.76)
(-0.727679 3.71387 2.76)
(0.123338 3.71396 2.66)
(0.298369 3.45947 2.60298)
(-0.532777 3.96811 2.76)
(-0.74402 4.22234 2.76)
(0.126107 4.22325 2.66)
(0.299728 3.96812 2.58187)
(-0.540361 4.47656 2.76)
(-0.757657 4.73076 2.76)
(0.129773 4.69727 2.66)
(0.297123 4.47199 2.62134)
(-0.54908 4.985 2.76)
(0.28523 4.87124 2.66)
(0.739302 0.0104577 5.28549e-19)
(0.498617 0.189573 9.54098e-18)
(0.498588 0 0.169312)
(1.23418 0.00995137 4.87891e-19)
(0.985676 0.191582 9.6494e-18)
(0.986406 0 0.172889)
(1.70636 0.0115157 5.96311e-19)
(1.47936 0.191603 9.62229e-18)
(1.48158 0 0.17235)
(2.72145 0.0114768 0)
(3.19397 0.00947937 0)
(2.94855 0.191474 0)
(2.94631 0 0.172409)
(3.68904 0.00873663 0)
(3.44235 0.199108 0.055378)
(3.44163 0.055907 0.18311)
(4.18092 0.00971452 0)
(3.93533 0.198851 0.0539007)
(3.93533 0.0543577 0.182768)
(4.64279 0.0128414 0)
(4.42235 0.190965 0)
(4.42259 0 0.171383)
(4.81192 0.187003 0)
(4.82 0.00505757 0.162881)
(0.738644 0.417069 0.103689)
(0.498086 0.663325 0.173544)
(0.521218 0.427061 0.259781)
(1.23238 0.417498 0.102371)
(0.984814 0.664175 0.174854)
(0.985744 0.427325 0.24397)
(1.70321 0.42889 0.148514)
(1.47814 0.663847 0.18302)
(1.47817 0.43155 0.265678)
(1.95608 0.691359 0.212808)
(1.93188 0.469556 0.287623)
(2.72462 0.428847 0.149368)
(2.47175 0.691284 0.212935)
(2.49477 0.468709 0.287331)
(3.19558 0.417723 0.114399)
(2.94982 0.663767 0.185742)
(2.94962 0.43167 0.268335)
(3.68922 0.415413 0.143878)
(3.44305 0.664244 0.193152)
(3.44183 0.429378 0.264585)
(4.18074 0.417181 0.0890087)
(3.93517 0.664309 0.182208)
(3.93385 0.428949 0.260199)
(4.63793 0.414292 0)
(4.41911 0.663959 0.0889235)
(4.41251 0.422655 0.219822)
(4.81436 0.663905 0)
(4.82 0.414148 0.171312)
(0.738321 0.917589 0.20909)
(0.497878 1.1715 0.206169)
(0.539554 0.918835 0.306779)
(1.23093 0.917568 0.21094)
(0.984391 1.17169 0.222096)
(0.985781 0.920412 0.331336)
(1.72343 0.917141 0.217944)
(1.47672 1.17139 0.223018)
(1.47796 0.919601 0.348021)
(2.21395 0.923327 0.224141)
(1.96856 1.17084 0.225117)
(1.96286 0.927095 0.350129)
(2.70453 0.917096 0.218215)
(2.45942 1.17082 0.225129)
(2.46486 0.926779 0.350324)
(3.19705 0.917503 0.215334)
(2.95131 1.17133 0.223696)
(2.95019 0.918928 0.349962)
(3.68934 0.91777 0.220992)
(3.44348 1.17166 0.229894)
(3.44252 0.919953 0.362287)
(4.18029 0.917692 0.183243)
(3.93506 1.17171 0.222183)
(3.93267 0.919827 0.352755)
(4.62922 0.917523 0.0568184)
(4.42085 1.17161 0.153163)
(4.40647 0.918758 0.261325)
(4.81544 1.17167 0)
(4.76312 0.917491 0.182601)
(0.738269 1.42579 0.222626)
(0.497898 1.6799 0.208155)
(0.55037 1.42657 0.333475)
(1.23037 1.42576 0.225187)
(0.984286 1.67996 0.22548)
(0.987293 1.42663 0.351235)
(1.72237 1.42548 0.225494)
(1.47624 1.67989 0.225691)
(1.4769 1.42673 0.358934)
(2.214 1.42526 0.225714)
(1.96811 1.67973 0.225738)
(1.96826 1.42583 0.365809)
(2.70566 1.42544 0.225553)
(2.45991 1.67971 0.22574)
(2.45963 1.42551 0.370811)
(3.19765 1.4257 0.225745)
(2.95181 1.67983 0.251424)
(2.95135 1.42602 0.378152)
(3.68939 1.42579 0.235452)
(3.44361 1.67991 0.225745)
(3.44276 1.42623 0.386058)
(4.18014 1.42576 0.20523)
(3.93502 1.67991 0.225517)
(3.93235 1.4262 0.364585)
(4.62676 1.42568 0.0858965)
(4.42075 1.67987 0.163988)
(4.40475 1.4259 0.278313)
(4.81551 1.67982 0)
(4.73424 1.42567 0.185757)
(0.738276 1.93413 0.223101)
(0.497914 2.18831 0.20816)
(0.553315 1.93446 0.340895)
(1.23026 1.93413 0.225739)
(0.98427 2.18833 0.22555)
(0.984884 1.93475 0.35806)
(1.72212 1.93407 0.225743)
(1.47617 2.18831 0.225745)
(1.47721 1.93433 0.353397)
(2.21401 1.93402 0.225745)
(1.96805 2.18828 0.225745)
(1.96817 1.93425 0.375935)
(2.70592 1.93404 0.225745)
(2.45998 2.18827 0.225745)
(2.45984 1.93412 0.387447)
(3.19777 1.93407 0.271053)
(2.95188 2.18828 0.302355)
(2.95154 1.93415 0.433356)
(3.68939 1.93408 0.236411)
(3.44362 2.18828 0.225745)
(3.44282 1.93418 0.386341)
(4.18009 1.93405 0.20688)
(3.93496 2.18825 0.225568)
(3.93222 1.93411 0.365069)
(4.62639 1.93397 0.0884051)
(4.42048 2.18812 0.164564)
(4.40442 1.93393 0.279968)
(4.81481 2.18783 0)
(4.73181 1.93384 0.186046)
(0.738277 2.44253 0.223105)
(0.497926 2.69675 0.208159)
(0.551788 2.44258 0.337407)
(1.23024 2.44253 0.225745)
(0.984258 2.69674 0.22555)
(0.984741 2.44272 0.372134)
(1.72209 2.44251 0.225745)
(1.47616 2.69673 0.231567)
(1.47622 2.44263 0.37632)
(2.21401 2.4425 0.225745)
(1.96804 2.69672 0.225745)
(1.968 2.44255 0.385893)
(2.70594 2.4425 0.275246)
(2.45998 2.69671 0.242245)
(2.45986 2.44247 0.412299)
(3.19778 2.44249 0.29124)
(2.95188 2.69671 0.293743)
(2.95158 2.44244 0.467751)
(3.68932 2.44247 0.236139)
(3.44357 2.69668 0.225745)
(3.44277 2.4424 0.386407)
(4.1796 2.44228 0.206881)
(3.93442 2.69649 0.225401)
(3.93188 2.44218 0.365049)
(4.62501 2.44159 0.0883862)
(4.41807 2.69557 0.16446)
(4.40356 2.44142 0.279952)
(4.80943 2.69379 0)
(4.73151 2.44038 0.186294)
(0.738265 2.95094 0.223101)
(0.497914 3.20515 0.208124)
(0.541796 2.95096 0.313561)
(1.23022 2.95092 0.225745)
(0.984235 3.20509 0.225524)
(0.984436 2.95087 0.342864)
(1.72209 2.95091 0.225745)
(1.47614 3.20506 0.247349)
(1.47603 2.95078 0.393687)
(2.21401 2.9509 0.255937)
(1.96804 3.20505 0.257644)
(1.96798 2.95071 0.412781)
(2.70595 2.95089 0.262542)
(2.45998 3.20504 0.253505)
(2.45987 2.95066 0.397068)
(3.19775 2.95088 0.279092)
(2.95188 3.20504 0.274079)
(2.95158 2.95063 0.454745)
(3.68893 2.95073 0.233433)
(3.44338 3.20496 0.225745)
(3.4426 2.95052 0.386427)
(4.17711 2.94978 0.207292)
(3.93271 3.20426 0.225745)
(3.93076 2.94987 0.36477)
(4.61776 2.94659 0.0886257)
(4.41107 3.20125 0.1674)
(4.40023 2.94714 0.280151)
(4.79509 3.19232 0)
(4.73046 2.94123 0.18777)
(0.738224 3.45926 0.222734)
(0.497858 3.71354 0.206287)
(0.541553 3.45924 0.313254)
(1.2302 3.45917 0.225745)
(0.984188 3.71326 0.223961)
(0.984315 3.45878 0.342609)
(1.72208 3.45914 0.225745)
(1.47613 3.71317 0.23855)
(1.47599 3.45855 0.395831)
(2.21401 3.45913 0.225745)
(1.96804 3.71315 0.237748)
(1.96798 3.45845 0.3868)
(2.70595 3.45913 0.225745)
(2.45999 3.71314 0.237579)
(2.45989 3.45841 0.386864)
(3.19771 3.4591 0.225745)
(2.95188 3.71313 0.237798)
(2.9516 3.45838 0.38684)
(3.68818 3.45875 0.225745)
(3.44321 3.71302 0.238451)
(3.4424 3.45825 0.386366)
(4.17265 3.45669 0.217851)
(3.93097 3.7121 0.238848)
(3.92923 3.45738 0.382548)
(4.60654 3.44764 0.0989064)
(4.40413 3.70908 0.193419)
(4.39139 3.45595 0.324389)
(4.92 3.66272 0.11849)
(4.74865 3.42088 0.182925)
(0.738154 3.96741 0.212282)
(0.497997 4.2217 0.175971)
(0.539338 3.96686 0.307424)
(1.23017 3.96709 0.220551)
(0.98413 4.22066 0.194262)
(0.984277 3.96522 0.33654)
(1.72207 3.96702 0.225726)
(1.47611 4.22038 0.20601)
(1.47599 3.96456 0.366069)
(2.21401 3.967 0.224241)
(1.96803 4.22034 0.202906)
(1.96799 3.9644 0.366362)
(2.70596 3.96699 0.222565)
(2.45999 4.22032 0.186997)
(2.45992 3.96429 0.368828)
(3.19771 3.96697 0.225373)
(2.9519 4.22032 0.195763)
(2.95166 3.96434 0.36563)
(3.68783 3.96673 0.225745)
(3.4432 4.22029 0.206494)
(3.44241 3.96431 0.366611)
(4.17047 3.96552 0.221274)
(3.9304 4.22027 0.207992)
(3.929 3.96414 0.36614)
(4.64501 3.97011 0.174808)
(4.40829 4.22039 0.201722)
(4.405 3.9685 0.350304)
(4.92 4.21963 0.123368)
(4.92 3.98729 0.23505)
(0.73822 4.46764 0.116287)
(0.498439 4.69551 2.189e-16)
(0.520204 4.45838 0.258137)
(1.23013 4.46936 0.155779)
(0.984226 4.68573 0.0580344)
(0.984054 4.45567 0.265466)
(1.72206 4.46918 0.162504)
(1.4761 4.68318 0.086014)
(1.47604 4.45403 0.278918)
(2.21401 4.46916 0.139564)
(1.96802 4.68386 0.079216)
(1.96801 4.45413 0.275586)
(2.70597 4.4664 0.114992)
(2.45999 4.69244 1.20509e-16)
(2.45996 4.45344 0.265067)
(3.19773 4.46914 0.156016)
(2.95192 4.6849 0.0581827)
(2.95177 4.45449 0.266956)
(3.68765 4.46932 0.165842)
(3.44317 4.68309 0.0867621)
(3.44257 4.45387 0.279542)
(4.16883 4.47075 0.16715)
(3.92961 4.68397 0.089881)
(3.92854 4.45424 0.281126)
(4.63866 4.45917 0.169407)
(4.39748 4.68522 0.0928826)
(4.40489 4.45063 0.295727)
(4.92 4.60493 0.236849)
(4.92 4.39884 0.285253)
(0.738689 4.87486 1.23884e-16)
(0.498325 4.885 0.169355)
(1.23037 4.87603 1.09559e-16)
(0.984216 4.82829 0.182662)
(1.72207 4.87612 1.08583e-16)
(1.47609 4.79932 0.186518)
(2.214 4.87603 1.09613e-16)
(1.96802 4.80578 0.185643)
(2.70597 4.87601 1.09504e-16)
(2.45999 4.885 0.174833)
(3.19775 4.87599 8.40257e-17)
(2.95192 4.82652 0.184055)
(3.68746 4.87639 5.86553e-17)
(3.44324 4.79852 0.186564)
(4.16667 4.87973 3.38407e-17)
(3.92946 4.79539 0.186505)
(4.60657 4.885 0.00461537)
(4.39123 4.79141 0.187369)
(0.73906 0.0732919 0.383209)
(0.501066 0.219458 0.391229)
(0.499816 0.0722776 0.613313)
(1.2357 0.0985532 0.384968)
(0.987026 0.248934 0.408436)
(0.9868 0.159216 0.615609)
(1.67488 0.138053 0.385284)
(1.48486 0.260955 0.413609)
(1.4795 0.180546 0.615277)
(1.8881 0.253047 0.391723)
(2.75287 0.138978 0.385309)
(2.53848 0.252749 0.391703)
(3.19219 0.112309 0.385672)
(2.94288 0.262926 0.414678)
(2.94836 0.183675 0.615318)
(3.68876 0.143122 0.383699)
(3.44047 0.271878 0.419405)
(3.44093 0.190961 0.616186)
(4.181 0.0864953 0.384647)
(3.93373 0.268204 0.417486)
(3.93517 0.179269 0.616147)
(4.63855 4.71628e-18 0.37971)
(4.40891 0.228177 0.399883)
(4.41974 0.0802397 0.614974)
(4.82 0.19047 0.379713)
(4.82 0.00442365 0.61429)
(0.745426 0.451421 0.436085)
(0.549866 0.673258 0.431307)
(0.525749 0.449684 0.625354)
(1.23469 0.452713 0.439929)
(0.988286 0.683198 0.482255)
(0.986538 0.450807 0.629516)
(1.68304 0.496171 0.45518)
(1.47572 0.686137 0.495034)
(1.48691 0.439909 0.627819)
(2.21401 0.574437 0.396397)
(1.92587 0.736441 0.464003)
(1.89001 0.513842 0.616502)
(2.74389 0.495377 0.455331)
(2.50115 0.735628 0.464124)
(2.53677 0.513078 0.616495)
(3.19263 0.456184 0.447906)
(2.95116 0.682283 0.482413)
(2.93963 0.439045 0.627957)
(3.68681 0.439896 0.411035)
(3.4408 0.67962 0.497436)
(3.43866 0.516051 0.646484)
(4.17007 0.450539 0.437036)
(3.92968 0.679224 0.491864)
(3.92781 0.512245 0.64481)
(4.59715 0.422315 0.399194)
(4.38359 0.672611 0.437042)
(4.36142 0.455904 0.633709)
(4.73323 0.663784 0.384544)
(4.73937 0.416648 0.614988)
(0.736474 0.926783 0.416621)
(0.578659 1.17486 0.442778)
(0.563864 0.927685 0.626408)
(1.24394 0.924605 0.488216)
(0.999255 1.17576 0.489186)
(1.71734 0.930923 0.50767)
(1.48149 1.17688 0.504566)
(2.2137 0.942548 0.488551)
(1.96476 1.17853 0.526282)
(1.96947 0.91958 0.640135)
(2.70978 0.928209 0.497652)
(2.46336 1.17766 0.527535)
(2.45708 0.917381 0.640407)
(3.19524 0.923006 0.527253)
(2.95013 1.1734 0.532583)
(3.68579 0.924031 0.551447)
(3.44125 1.17461 0.561003)
(4.1644 0.922435 0.490635)
(3.9278 1.17436 0.550241)
(4.55758 0.918693 0.418032)
(4.39472 1.17293 0.410916)
(4.32074 0.922442 0.645066)
(4.66749 1.17156 0.383631)
(4.63936 0.91755 0.616195)
(0.778935 1.4289 0.504033)
(0.593054 1.68239 0.454679)
(0.55618 1.43394 0.62801)
(1.24335 1.42845 0.492214)
(0.993868 1.68312 0.50405)
(1.72442 1.42862 0.509781)
(1.47733 1.68212 0.530274)
(2.21379 1.42694 0.532553)
(1.96819 1.68082 0.548307)
(2.70499 1.42627 0.560113)
(2.45955 1.68015 0.561493)
(3.19619 1.42701 0.570265)
(2.95093 1.68049 0.596126)
(3.68541 1.42713 0.563607)
(3.44132 1.6806 0.578324)
(4.16288 1.42665 0.500748)
(3.92733 1.68046 0.553207)
(4.54181 1.42587 0.425432)
(4.39411 1.67999 0.411555)
(4.31093 1.42659 0.648553)
(4.65666 1.67981 0.383776)
(4.61616 1.42572 0.616534)
(0.777148 1.93644 0.512354)
(0.612632 2.18888 0.465011)
(0.569561 1.93732 0.64422)
(1.23114 1.93578 0.527803)
(0.989732 2.1898 0.528175)
(1.72292 1.93506 0.530252)
(1.47684 2.18907 0.530421)
(2.21392 1.93449 0.562308)
(1.96804 2.18871 0.562746)
(2.70531 1.93431 0.581265)
(2.45963 2.18841 0.581079)
(3.19632 1.93437 0.618906)
(2.95099 2.18834 0.646484)
(3.68526 1.93432 0.564784)
(3.44129 2.1883 0.578822)
(4.1625 1.93402 0.501716)
(3.92705 2.18803 0.55346)
(4.54024 1.93372 0.4261)
(4.39378 2.18733 0.41161)
(4.30991 1.9336 0.648961)
(4.65593 2.18745 0.383691)
(4.61432 1.93382 0.616498)
(0.785954 2.44259 0.53374)
(0.585182 2.6966 0.450393)
(0.588589 2.44009 0.644036)
(1.23022 2.44302 0.559762)
(0.989354 2.69691 0.532162)
(1.72208 2.44279 0.562346)
(1.47598 2.69675 0.564936)
(2.2138 2.44254 0.581647)
(1.96788 2.69655 0.581045)
(2.70538 2.44239 0.628243)
(2.45965 2.69638 0.606044)
(3.19633 2.44231 0.632332)
(2.95102 2.6963 0.640814)
(3.68504 2.44209 0.564804)
(3.44117 2.69615 0.578964)
(4.16192 2.44132 0.501781)
(3.92643 2.69547 0.553379)
(4.5397 2.4399 0.426105)
(4.39282 2.69274 0.411603)
(4.30963 2.43926 0.64899)
(4.65483 2.69097 0.383775)
(4.6141 2.43991 0.616368)
(0.735121 2.95086 0.420921)
(0.564315 3.20504 0.440409)
(0.571584 2.9506 0.635738)
(1.22982 2.95066 0.557825)
(0.987529 3.20442 0.512388)
(1.72188 2.95044 0.581143)
(1.47574 3.20415 0.595351)
(2.21378 2.95028 0.615068)
(1.96786 3.20393 0.611703)
(2.70541 2.95019 0.619603)
(2.45967 3.20382 0.609168)
(3.19631 2.95009 0.624412)
(2.95106 3.20376 0.622669)
(3.68464 2.94967 0.563448)
(3.44105 3.20358 0.578763)
(4.16059 2.94767 0.50206)
(3.92562 3.20259 0.558252)
(4.53883 2.9417 0.426396)
(4.36496 3.1984 0.469627)
(4.31098 2.94229 0.649085)
(4.66214 3.1871 0.384431)
(4.61681 2.93807 0.616401)
(0.734533 3.45821 0.420475)
(0.563598 3.71268 0.439682)
(0.571448 3.45869 0.635105)
(1.22964 3.45766 0.55732)
(0.987276 3.71022 0.510646)
(1.72183 3.45726 0.579153)
(1.4757 3.70969 0.565329)
(2.2138 3.45708 0.579606)
(1.96787 3.70938 0.566029)
(2.70548 3.45702 0.579571)
(2.45974 3.70926 0.56612)
(3.19638 3.45697 0.579423)
(2.95119 3.70924 0.566179)
(3.68449 3.45669 0.559274)
(3.4412 3.70922 0.566092)
(4.15841 3.45649 0.54956)
(3.92642 3.70942 0.564038)
(4.5347 3.4644 0.436474)
(4.36473 3.73146 0.522384)
(4.30229 3.46868 0.657345)
(4.92 3.63014 0.396423)
(4.6635 3.41983 0.617498)
(0.734631 3.9625 0.418129)
(0.554728 4.2136 0.432512)
(0.567448 3.96395 0.63343)
(1.22966 3.96063 0.55017)
(0.986924 4.20132 0.491129)
(1.72186 3.95981 0.555256)
(1.47581 4.20389 0.502519)
(2.21387 3.95959 0.554887)
(1.96794 4.20359 0.50224)
(2.70562 3.95948 0.556554)
(2.45985 4.20266 0.512984)
(3.19664 3.95958 0.555388)
(2.95142 4.20357 0.499801)
(3.68506 3.95979 0.554862)
(3.4416 4.20356 0.503411)
(4.16569 3.96307 0.548737)
(3.92745 4.20403 0.502941)
(4.62877 3.98929 0.47175)
(4.40889 4.20563 0.513262)
(4.92 4.20145 0.461276)
(0.746396 4.43231 0.43999)
(0.501616 4.66318 0.392076)
(0.527594 4.43655 0.624311)
(1.2297 4.44494 0.410785)
(0.983981 4.61602 0.417576)
(0.982466 4.43417 0.630269)
(1.72197 4.44385 0.411964)
(1.47602 4.59966 0.425386)
(1.47577 4.36259 0.648333)
(2.21396 4.44367 0.412135)
(1.96801 4.60252 0.424222)
(1.96793 4.36268 0.64833)
(2.70581 4.42491 0.450761)
(2.45996 4.61384 0.419524)
(2.45985 4.36598 0.647352)
(3.19705 4.44368 0.412112)
(2.95178 4.61055 0.420735)
(2.95143 4.36505 0.647651)
(3.6855 4.44387 0.4119)
(3.44255 4.59891 0.425725)
(3.44146 4.36145 0.648582)
(4.16686 4.44424 0.410796)
(3.92767 4.59735 0.426167)
(3.92616 4.36114 0.648248)
(4.64446 4.38736 0.481395)
(4.39525 4.583 0.430718)
(4.39976 4.34548 0.649566)
(4.92 4.58828 0.401398)
(4.92 4.31223 0.638542)
(0.738069 4.79844 0.38376)
(0.49965 4.80524 0.61327)
(1.23008 4.7321 0.383742)
(0.983962 4.70433 0.615932)
(1.72204 4.72363 0.384029)
(1.47607 4.681 0.616468)
(2.21401 4.74672 0.383919)
(1.96803 4.68403 0.616488)
(2.70597 4.77233 0.386737)
(2.45999 4.70202 0.61648)
(3.19777 4.73002 0.383983)
(2.95192 4.69208 0.616484)
(3.68764 4.72035 0.384003)
(3.44326 4.68012 0.616499)
(4.1658 4.71848 0.383864)
(3.92925 4.67836 0.61654)
(4.56365 4.71513 0.388105)
(4.38594 4.67831 0.616752)
(0.73891 0.158547 0.853241)
(0.51129 0.253396 0.853695)
(0.499951 0.0936321 1.09232)
(1.23651 0.206396 0.853524)
(0.989258 0.331897 0.854605)
(0.986948 0.205516 1.09177)
(1.66116 0.210315 0.853177)
(1.48219 0.333978 0.855556)
(1.47922 0.222043 1.09169)
(1.86311 0.273295 0.853487)
(2.76645 0.211042 0.853187)
(2.56343 0.272999 0.853499)
(3.19132 0.213307 0.85362)
(2.9454 0.334903 0.855861)
(2.94865 0.224952 1.0917)
(3.68851 0.214968 0.853878)
(3.43931 0.330569 0.857303)
(3.4407 0.223464 1.09188)
(4.18068 0.171542 0.853544)
(3.93208 0.32434 0.857041)
(3.93502 0.214492 1.09187)
(4.63758 1.70491e-17 0.852932)
(4.38902 0.265195 0.854698)
(4.42129 0.13419 1.09164)
(4.82 0.19125 0.85294)
(4.82 0.00427645 1.09157)
(0.737158 0.453159 0.858401)
(0.546548 0.686814 0.851779)
(0.523351 0.45835 1.09077)
(1.24328 0.507976 0.85545)
(0.992868 0.51165 1.08495)
(1.67572 0.525116 0.858008)
(1.4735 0.533226 1.08789)
(2.21389 0.580379 0.853977)
(1.90885 0.761214 0.860593)
(1.8878 0.517842 1.09186)
(2.75101 0.523302 0.858509)
(2.51795 0.759448 0.861129)
(2.53905 0.517205 1.09186)
(3.19079 0.532328 0.86268)
(2.96473 0.556227 1.09446)
(3.6842 0.537405 0.86366)
(3.43728 0.539297 1.09521)
(4.15261 0.513697 0.860968)
(3.92486 0.536002 1.09486)
(4.55645 0.429532 0.854661)
(4.31668 0.679355 0.860765)
(4.39423 0.440624 1.09284)
(4.6479 0.664026 0.853574)
(4.68547 0.414986 1.09165)
(0.737243 0.954891 0.862368)
(0.493593 1.20052 0.858883)
(0.491104 0.968021 1.09623)
(0.984737 1.20916 0.862841)
(0.983797 0.973091 1.09548)
(2.21333 0.978437 0.872499)
(1.93557 0.982253 1.09427)
(2.50138 0.989937 1.09878)
(4.50221 0.919753 0.857151)
(4.29285 1.17433 0.864064)
(4.29686 0.924055 1.09494)
(4.60333 1.17164 0.853968)
(4.60522 0.917648 1.09189)
(0.739589 1.45337 0.863478)
(0.496099 1.69181 0.860535)
(0.495864 1.46075 1.09516)
(0.985339 1.70313 0.868803)
(0.985438 1.46661 1.0949)
(4.49257 1.42614 0.857728)
(4.28953 1.68022 0.864696)
(4.2903 1.42708 1.09553)
(4.59918 1.67984 0.854013)
(4.59547 1.42576 1.09197)
(0.740004 1.9457 0.867958)
(0.537607 2.18845 0.880122)
(0.516934 1.94935 1.11664)
(0.986059 1.95746 1.09953)
(4.49185 1.93364 0.857807)
(4.28925 2.18659 0.864821)
(4.28963 1.93358 1.09569)
(4.59906 2.18736 0.853962)
(4.59515 1.93382 1.09196)
(0.571933 2.6897 0.869687)
(0.530358 2.4299 1.11197)
(4.49188 2.4391 0.857819)
(4.29027 2.68999 0.86497)
(4.28974 2.43867 1.09586)
(4.60002 2.69007 0.853975)
(4.59538 2.43978 1.09199)
(0.571212 3.20456 0.861597)
(0.588162 2.94467 1.09781)
(4.49529 2.93925 0.8581)
(4.30126 3.19676 0.865437)
(4.29339 2.9409 1.09633)
(4.61998 3.18454 0.854507)
(4.60162 2.93735 1.09243)
(0.570123 3.71151 0.860872)
(0.587765 3.4582 1.09431)
(4.49843 3.4664 0.859598)
(4.28855 3.46884 1.09726)
(4.65025 3.41881 1.09345)
(0.570854 4.20485 0.857818)
(0.584751 3.96227 1.0938)
(0.734327 4.43714 0.85865)
(0.515449 4.6208 0.852812)
(0.542973 4.42453 1.09224)
(1.22943 4.34632 0.86345)
(0.984035 4.54602 0.856494)
(0.988114 4.35085 1.09496)
(1.72183 4.34255 0.864554)
(1.47593 4.55063 0.857628)
(1.47565 4.34235 1.09548)
(2.21387 4.34353 0.864635)
(1.96798 4.55056 0.857745)
(1.96786 4.34119 1.09562)
(2.70564 4.34461 0.864593)
(2.45992 4.55367 0.857767)
(2.45977 4.34151 1.09565)
(3.19662 4.3427 0.864642)
(2.95168 4.55196 0.857751)
(2.95126 4.34125 1.09565)
(3.6845 4.34331 0.864403)
(3.44231 4.54986 0.857743)
(3.44117 4.3411 1.09559)
(4.16395 4.34405 0.863002)
(3.9271 4.54989 0.857661)
(3.9258 4.34163 1.09537)
(4.63452 4.3289 0.860835)
(4.39092 4.5213 0.856711)
(4.39946 4.3305 1.09407)
(4.92 4.56678 0.85521)
(4.92 4.30536 1.09367)
(0.73776 4.71108 0.853296)
(0.505831 4.72332 1.09146)
(1.23006 4.66817 0.853892)
(0.983916 4.66829 1.09184)
(1.72205 4.66445 0.853979)
(1.47607 4.6604 1.09194)
(2.21401 4.66844 0.853977)
(1.96803 4.66047 1.09195)
(2.70596 4.67168 0.853979)
(2.45999 4.66203 1.09195)
(3.19776 4.6656 0.853986)
(2.95191 4.66119 1.09196)
(3.68765 4.66387 0.854012)
(3.44327 4.66016 1.09197)
(4.16524 4.66409 0.854149)
(3.92937 4.66021 1.09207)
(4.55491 4.67005 0.85462)
(4.38552 4.66214 1.09259)
(0.73887 0.170718 1.33001)
(0.514628 0.265272 1.32937)
(0.50252 0.0935368 1.56767)
(1.23668 0.220795 1.33001)
(0.988513 0.35153 1.32933)
(0.986945 0.205517 1.56826)
(1.6594 0.21887 1.33001)
(1.48332 0.353959 1.32837)
(1.47921 0.222042 1.56833)
(1.86056 0.275751 1.33)
(2.76974 0.226055 1.33)
(2.57267 0.280812 1.33)
(3.19116 0.225745 1.33)
(2.94916 0.383387 1.33)
(2.94865 0.224952 1.5683)
(3.68844 0.223819 1.33)
(3.43899 0.376937 1.33007)
(3.4407 0.223464 1.56812)
(4.18057 0.195714 1.33)
(3.93095 0.332641 1.33)
(3.93502 0.214492 1.56813)
(4.62891 0.0700765 1.33)
(4.38357 0.27772 1.33)
(4.42128 0.13419 1.56836)
(4.75023 0.19892 1.33)
(4.82 0.00427725 1.56843)
(0.748932 0.503323 1.32724)
(0.541751 0.695267 1.32449)
(0.522756 0.465034 1.56791)
(1.24588 0.514945 1.32507)
(0.991495 0.51659 1.56684)
(1.67973 0.52537 1.32732)
(1.47475 0.534798 1.56393)
(2.21389 0.586461 1.33)
(1.90633 0.768314 1.32833)
(1.8878 0.517841 1.56815)
(2.77523 0.565273 1.33001)
(2.54247 0.798213 1.33007)
(2.53905 0.517205 1.56814)
(3.19155 0.580761 1.33007)
(2.96473 0.556236 1.56557)
(3.68282 0.54319 1.33004)
(3.43728 0.539299 1.56488)
(4.14952 0.521503 1.33)
(3.92486 0.536 1.56514)
(4.54349 0.429631 1.33)
(4.30797 0.68035 1.33)
(4.39423 0.440623 1.56716)
(4.62391 0.66409 1.33)
(4.68547 0.414986 1.56835)
(0.735461 1.01807 1.33726)
(0.496516 1.32424 1.34651)
(0.486237 1.02983 1.56828)
(0.954227 1.29 1.35949)
(0.978029 1.01624 1.56772)
(2.21337 1.00636 1.33002)
(1.93659 0.984048 1.56259)
(2.50141 0.990258 1.5617)
(4.454 0.920073 1.33)
(4.24584 1.17486 1.33006)
(4.29687 0.924058 1.56506)
(4.59602 1.17168 1.33)
(4.60522 0.917648 1.56811)
(0.740917 1.46219 1.33076)
(0.496572 1.70494 1.33072)
(0.496098 1.49204 1.56787)
(0.98633 1.71371 1.33047)
(0.985355 1.46525 1.56706)
(4.44739 1.42624 1.33007)
(4.24358 1.68037 1.33015)
(4.29033 1.4271 1.56457)
(4.59456 1.67986 1.33)
(4.59556 1.42577 1.56803)
(0.741501 1.95629 1.33072)
(0.497054 1.94961 1.565)
(0.98658 1.95984 1.56161)
(4.4472 1.93368 1.3301)
(4.24356 2.18663 1.33027)
(4.29003 1.93371 1.56452)
(4.59489 2.1874 1.33004)
(4.59628 1.93386 1.56805)
(0.532028 2.68225 1.33311)
(0.517216 2.4205 1.56445)
(4.4475 2.43923 1.33031)
(4.24486 2.69016 1.33073)
(4.2904 2.43925 1.56487)
(4.5962 2.6904 1.33042)
(4.59713 2.4402 1.56832)
(0.610611 3.20306 1.33014)
(0.581052 2.94077 1.56524)
(4.45276 2.9402 1.33111)
(4.26198 3.19962 1.33132)
(4.29338 2.94266 1.56575)
(4.61878 3.18583 1.33179)
(4.60131 2.93954 1.56974)
(0.611939 3.71111 1.32997)
(0.587051 3.45817 1.56562)
(4.49705 3.46748 1.33169)
(4.28881 3.46858 1.56397)
(4.65358 3.42682 1.57235)
(0.579933 4.20301 1.32999)
(0.584281 3.96228 1.56617)
(0.733991 4.43528 1.33)
(0.533176 4.57681 1.33)
(0.542517 4.42475 1.56775)
(1.22948 4.32396 1.33005)
(0.98411 4.53365 1.33)
(0.98812 4.35085 1.56503)
(1.72185 4.2957 1.33012)
(1.47597 4.50662 1.33007)
(1.47565 4.34235 1.56461)
(2.21384 4.29531 1.33012)
(1.96797 4.50618 1.33006)
(1.96787 4.34106 1.56445)
(2.70559 4.29535 1.33012)
(2.45991 4.50633 1.33006)
(2.45978 4.34088 1.56442)
(3.19658 4.29535 1.33012)
(2.95166 4.50622 1.33007)
(2.95132 4.3409 1.56443)
(3.68458 4.29608 1.33009)
(3.44237 4.5062 1.33009)
(3.44148 4.34126 1.56453)
(4.16539 4.32351 1.32988)
(3.92754 4.50668 1.33021)
(3.92702 4.34277 1.56474)
(4.63719 4.3461 1.32862)
(4.39326 4.51421 1.33077)
(4.39892 4.3513 1.56224)
(4.92 4.56637 1.33294)
(4.92 4.33677 1.55797)
(0.737694 4.67733 1.33)
(0.505831 4.72332 1.56854)
(1.23006 4.66056 1.33)
(0.983916 4.66829 1.56816)
(1.72206 4.65949 1.33)
(1.47607 4.66039 1.56806)
(2.21401 4.65966 1.33)
(1.96803 4.66008 1.56805)
(2.70596 4.65983 1.33)
(2.45999 4.66012 1.56805)
(3.19777 4.65953 1.33001)
(2.95192 4.6601 1.56805)
(3.6878 4.65965 1.33008)
(3.44335 4.66043 1.56808)
(4.16635 4.66038 1.33055)
(3.93033 4.66171 1.56843)
(4.55684 4.66783 1.33191)
(4.38993 4.6634 1.56993)
(0.738904 0.15855 1.80678)
(0.513141 0.260464 1.80706)
(0.499814 0.0722788 2.04671)
(1.23651 0.206396 1.8065)
(0.98838 0.341619 1.8053)
(0.986797 0.159216 2.04442)
(1.66115 0.210315 1.80684)
(1.48219 0.334741 1.80462)
(1.4795 0.180545 2.04474)
(1.86311 0.273294 1.80652)
(2.76645 0.211042 1.80681)
(2.56343 0.272999 1.8065)
(3.19132 0.213307 1.80638)
(2.9454 0.33491 1.80415)
(2.94836 0.183675 2.04468)
(3.68851 0.214968 1.80612)
(3.43931 0.330571 1.8027)
(3.44093 0.19096 2.04382)
(4.18068 0.171542 1.80645)
(3.93208 0.32434 1.80296)
(3.93517 0.179269 2.04385)
(4.63758 4.19315e-17 1.80707)
(4.38902 0.265194 1.8053)
(4.41974 0.0802395 2.04502)
(4.82 0.19125 1.80706)
(4.82 0.00442348 2.04571)
(0.748214 0.499375 1.80496)
(0.539923 0.695269 1.81032)
(0.517653 0.452123 2.03887)
(1.24453 0.510363 1.80433)
(0.991722 0.496684 2.03039)
(1.6754 0.526547 1.80239)
(1.48673 0.44241 2.03361)
(2.21388 0.580379 1.80602)
(1.90879 0.762104 1.79998)
(1.89001 0.513845 2.0435)
(2.75101 0.523339 1.80152)
(2.51792 0.759573 1.79903)
(2.53677 0.513081 2.0435)
(3.19079 0.532335 1.79733)
(2.93963 0.439067 2.03207)
(3.6842 0.537406 1.79635)
(3.43866 0.516054 2.01353)
(4.15261 0.513696 1.79903)
(3.92781 0.512243 2.01519)
(4.55646 0.429532 1.80534)
(4.31668 0.679356 1.79924)
(4.36142 0.455903 2.02629)
(4.6479 0.664026 1.80643)
(4.73937 0.416649 2.04501)
(0.735496 1.01736 1.79799)
(0.496514 1.32426 1.79045)
(0.491386 0.966629 2.03719)
(0.95422 1.29 1.77739)
(2.2133 0.97926 1.78836)
(1.96937 0.921871 2.02178)
(2.45707 0.917836 2.02003)
(4.50222 0.919754 1.80285)
(4.29288 1.17434 1.79594)
(4.32075 0.922446 2.01494)
(4.60341 1.17164 1.80603)
(4.6394 0.917549 2.0438)
(0.740926 1.46159 1.80343)
(0.49661 1.70414 1.80083)
(0.495979 1.45965 2.03715)
(0.98635 1.71151 1.79588)
(4.49281 1.42615 1.80228)
(4.29017 1.68031 1.79538)
(4.3114 1.42663 2.01158)
(4.60094 1.67986 1.80598)
(4.61758 1.42573 2.04346)
(0.741514 1.95239 1.79285)
(0.496359 2.19359 1.79621)
(0.496298 1.94304 2.02787)
(4.49432 1.9338 1.80227)
(4.29203 2.18709 1.7956)
(4.31419 1.93385 2.01232)
(4.60675 2.18764 1.80612)
(4.62751 1.93394 2.04349)
(0.529323 2.68351 1.79518)
(0.502856 2.44015 2.02194)
(4.49549 2.44012 1.80267)
(4.2907 2.69201 1.79629)
(4.3138 2.4405 2.01281)
(4.60117 2.69216 1.80711)
(4.63322 2.44114 2.04397)
(0.565256 3.20379 1.79837)
(0.558869 2.94659 2.02269)
(4.49344 2.94324 1.80418)
(4.29753 3.20061 1.79654)
(4.30475 2.94629 2.011)
(4.61072 3.19305 1.81059)
(4.60471 2.94427 2.04642)
(0.567896 3.71153 1.79913)
(0.559532 3.4587 2.02578)
(4.48314 3.47338 1.79941)
(4.30789 3.73414 1.77965)
(4.27762 3.46815 1.99285)
(4.92 3.65217 1.80007)
(4.62671 3.45425 2.049)
(0.567686 4.20512 1.80219)
(0.558403 3.96399 2.02733)
(4.58579 3.97888 1.76339)
(4.38623 4.18551 1.77747)
(4.32852 3.96623 1.97017)
(4.92 4.19425 1.75595)
(4.92 3.97105 2.07269)
(0.734338 4.43714 1.80135)
(0.515451 4.6208 1.80719)
(0.519238 4.44034 2.03632)
(1.22944 4.34631 1.79655)
(0.984038 4.54602 1.80351)
(0.982477 4.43417 2.02973)
(1.72184 4.34239 1.79544)
(1.47593 4.55059 1.80237)
(1.47578 4.3625 2.01164)
(2.21388 4.34195 1.79529)
(1.96798 4.54963 1.80225)
(1.96794 4.36106 2.01122)
(2.70568 4.34193 1.79527)
(2.45993 4.54954 1.80223)
(2.45988 4.36092 2.01115)
(3.19689 4.34226 1.79536)
(2.95173 4.54959 1.80223)
(2.95157 4.36103 2.0112)
(3.68576 4.3448 1.79583)
(3.44273 4.55053 1.80235)
(3.44233 4.36267 2.01184)
(4.16659 4.34839 1.79602)
(3.92948 4.55368 1.80294)
(3.92933 4.36646 2.01353)
(4.61109 4.36181 1.7759)
(4.39326 4.51617 1.802)
(4.36994 4.34735 1.9894)
(4.92 4.5824 1.80056)
(4.92 4.44107 2.07215)
(0.73776 4.71108 1.8067)
(0.49965 4.80524 2.04673)
(1.23006 4.66817 1.80611)
(0.983962 4.70433 2.04407)
(1.72205 4.664 1.80602)
(1.47607 4.68071 2.04353)
(2.21401 4.66387 1.80602)
(1.96803 4.67882 2.04351)
(2.70597 4.66388 1.80602)
(2.45999 4.67878 2.04352)
(3.19781 4.66429 1.80603)
(2.95193 4.67905 2.04351)
(3.68834 4.66783 1.8062)
(3.44357 4.6836 2.04355)
(4.17014 4.66965 1.80749)
(3.93244 4.6985 2.04427)
(4.56096 4.67845 1.80602)
(4.39783 4.68647 2.04634)
(0.73906 0.0732919 2.27681)
(0.501802 0.221913 2.26828)
(0.498601 9.6494e-17 2.4907)
(1.2357 0.0985522 2.27505)
(0.987068 0.249926 2.25194)
(0.986406 6.30328e-17 2.48713)
(1.67487 0.138052 2.27472)
(1.48485 0.261331 2.24663)
(1.48158 2.92599e-17 2.48767)
(1.8881 0.253058 2.26828)
(2.75287 0.138977 2.27469)
(2.53848 0.252758 2.2683)
(3.1922 0.112308 2.27433)
(2.94288 0.26293 2.24533)
(2.9463 1.13706e-17 2.4876)
(3.68876 0.143122 2.2763)
(3.44047 0.271877 2.2406)
(3.44164 0.0559076 2.47689)
(4.181 0.0864948 2.27535)
(3.93373 0.268199 2.24251)
(3.93533 0.0543592 2.47723)
(4.63855 5.43185e-17 2.28029)
(4.40891 0.228173 2.26012)
(4.42259 5.35596e-17 2.48861)
(4.82 0.190469 2.28029)
(4.82 0.00505121 2.49712)
(0.74417 0.451748 2.23297)
(0.512163 0.678873 2.25179)
(0.501278 0.421166 2.45326)
(1.23569 0.456518 2.22038)
(0.985134 0.687793 2.24635)
(0.985851 0.427847 2.42131)
(1.68306 0.496709 2.2053)
(1.47988 0.689161 2.17829)
(1.47821 0.431961 2.39543)
(2.21401 0.574437 2.2636)
(1.92595 0.736888 2.1966)
(1.93189 0.469581 2.37237)
(2.74388 0.495397 2.20468)
(2.50114 0.735732 2.19598)
(2.49477 0.468721 2.37267)
(3.19263 0.456192 2.2121)
(2.95116 0.682324 2.17763)
(2.94962 0.431687 2.39167)
(3.68681 0.439887 2.24897)
(3.4408 0.679623 2.16257)
(3.44183 0.429369 2.39542)
(4.17007 0.450528 2.22296)
(3.92968 0.679214 2.16814)
(3.93385 0.428923 2.3998)
(4.59715 0.422313 2.26081)
(4.38359 0.672605 2.22296)
(4.41251 0.422638 2.44018)
(4.73324 0.663784 2.27546)
(4.82 0.414146 2.48869)
(0.738076 0.943761 2.25236)
(0.494386 1.19646 2.26439)
(0.514285 0.921285 2.42076)
(1.23141 0.940237 2.24676)
(0.984845 1.20005 2.25623)
(0.989391 0.922151 2.36101)
(1.72173 0.934111 2.16057)
(1.47718 1.18742 2.24128)
(1.48 0.920776 2.34916)
(2.21369 0.943171 2.17199)
(1.96752 1.17926 2.15117)
(1.96293 0.927452 2.31199)
(2.70978 0.928342 2.16247)
(2.46336 1.17807 2.13281)
(2.46486 0.926891 2.30977)
(3.19524 0.923033 2.13278)
(2.95014 1.17347 2.1275)
(2.95019 0.918957 2.31006)
(3.6858 0.924032 2.10857)
(3.44126 1.17462 2.09902)
(3.44252 0.919954 2.29772)
(4.1644 0.922434 2.16938)
(3.92781 1.17437 2.10979)
(3.93267 0.919819 2.30725)
(4.55763 0.918693 2.24199)
(4.39473 1.17293 2.24909)
(4.40647 0.918753 2.39872)
(4.66805 1.17156 2.27637)
(4.7632 0.917491 2.47741)
(0.739923 1.44499 2.25078)
(0.496587 1.68848 2.25622)
(0.519531 1.42982 2.40313)
(1.23087 1.44423 2.24353)
(0.986555 1.69236 2.2349)
(1.00392 1.42468 2.36731)
(1.73284 1.42972 2.14903)
(1.47668 1.68834 2.23002)
(1.48266 1.42693 2.34021)
(2.2138 1.42778 2.12829)
(1.96834 1.68191 2.10229)
(1.96829 1.42639 2.30512)
(2.705 1.42643 2.10011)
(2.45956 1.68041 2.09881)
(2.45964 1.42565 2.2894)
(3.19619 1.42704 2.09846)
(2.95092 1.68052 2.09786)
(2.95135 1.42606 2.28212)
(3.68542 1.42715 2.09659)
(3.44135 1.68063 2.0817)
(3.44277 1.42624 2.27395)
(4.16293 1.42668 2.1597)
(3.92738 1.68051 2.10721)
(3.93236 1.42621 2.29554)
(4.54313 1.42589 2.23513)
(4.39416 1.68008 2.24846)
(4.4049 1.42591 2.3831)
(4.66629 1.67985 2.27622)
(4.73667 1.42568 2.47454)
(0.752344 1.94449 2.17101)
(0.49615 2.1903 2.25375)
(0.527623 1.93538 2.36801)
(1.23643 1.9421 2.1535)
(0.987186 2.19208 2.13532)
(0.98538 1.93632 2.3208)
(1.72275 1.93651 2.12469)
(1.47679 2.19037 2.1252)
(1.47683 1.93535 2.31537)
(2.21397 1.93484 2.07183)
(1.96813 2.1891 2.08075)
(1.9682 1.93453 2.28663)
(2.70533 1.9344 2.07898)
(2.45965 2.18853 2.0438)
(2.45985 1.9342 2.2725)
(3.19635 1.9344 2.07874)
(2.95102 2.18839 2.04367)
(2.95155 1.93417 2.27232)
(3.68534 1.93438 2.09692)
(3.44138 2.18836 2.08121)
(3.44284 1.9342 2.27367)
(4.16277 1.93415 2.16192)
(3.92722 2.18821 2.10429)
(3.93229 1.93416 2.29678)
(4.55295 1.93366 2.23943)
(4.37382 2.18753 2.20765)
(4.40523 1.93381 2.39281)
(4.70637 2.18697 2.27353)
(4.76155 1.93361 2.47651)
(0.764252 2.43934 2.13206)
(0.521856 2.69372 2.23736)
(0.530415 2.43971 2.36718)
(1.23064 2.44373 2.10155)
(0.990398 2.6961 2.11689)
(0.984866 2.44298 2.28805)
(1.72223 2.44314 2.08953)
(1.47627 2.69699 2.05905)
(1.47637 2.44285 2.2818)
(2.21383 2.44266 2.04146)
(1.96795 2.69666 2.03272)
(1.96804 2.44265 2.27306)
(2.70541 2.44244 2.06528)
(2.45967 2.69643 2.06518)
(2.45988 2.44251 2.23993)
(3.19642 2.44237 2.04304)
(2.95108 2.69634 2.03324)
(2.9516 2.44246 2.22538)
(3.68535 2.44229 2.10077)
(3.44145 2.6963 2.08111)
(3.44286 2.44244 2.27361)
(4.15996 2.44183 2.1262)
(3.92718 2.69611 2.10237)
(3.93213 2.44237 2.28604)
(4.53962 2.44023 2.23404)
(4.34647 2.69485 2.15674)
(4.39786 2.44105 2.37148)
(4.64434 2.69461 2.26789)
(4.82 2.44203 2.4855)
(0.764116 2.94985 2.17609)
(0.525048 3.20497 2.23789)
(0.519609 2.9507 2.40178)
(1.23022 2.95079 2.09562)
(0.987719 3.20448 2.152)
(0.984795 2.95093 2.31254)
(1.72197 2.95053 2.01762)
(1.47586 3.20421 2.04979)
(1.47612 2.95084 2.23046)
(2.21382 2.95032 2.06539)
(1.96789 3.20397 2.03853)
(1.96801 2.95074 2.21499)
(2.70546 2.95022 2.0653)
(2.4597 3.20384 2.05777)
(2.45988 2.95068 2.26295)
(3.19651 2.95019 2.04319)
(2.95118 3.20381 2.04685)
(2.95162 2.95066 2.22592)
(3.68549 2.95013 2.10083)
(3.44165 3.20384 2.08122)
(3.44289 2.95065 2.27361)
(4.15915 2.94964 2.11296)
(3.92756 3.20378 2.10166)
(3.9321 2.95058 2.28255)
(4.48343 2.94783 2.21136)
(4.33983 3.20388 2.14131)
(4.38592 2.95048 2.30572)
(4.61731 3.20045 2.2698)
(4.65079 2.9501 2.40823)
(0.734855 3.45824 2.23946)
(0.539435 3.7127 2.2318)
(0.522956 3.45927 2.39192)
(1.22977 3.45769 2.10269)
(0.987249 3.71023 2.15171)
(0.984389 3.4588 2.323)
(1.72187 3.45729 2.08086)
(1.47574 3.7097 2.0939)
(1.47603 3.45856 2.25913)
(2.21383 3.4571 2.0804)
(1.96789 3.70939 2.09396)
(1.96799 3.45846 2.2732)
(2.70555 3.45704 2.08037)
(2.45977 3.70928 2.09381)
(2.4599 3.45842 2.27314)
(3.19673 3.45709 2.08074)
(2.95136 3.70929 2.09391)
(2.95167 3.45841 2.27316)
(3.68593 3.45725 2.08228)
(3.44207 3.70946 2.0951)
(3.44299 3.45845 2.27337)
(4.15991 3.45796 2.09321)
(3.92885 3.70995 2.10185)
(3.93228 3.45853 2.27544)
(4.47111 3.46511 2.19741)
(4.34839 3.71644 2.12982)
(4.39138 3.46055 2.30335)
(4.62869 3.70636 2.27617)
(4.64216 3.46417 2.4384)
(0.734691 3.96251 2.24186)
(0.530433 4.21448 2.23917)
(0.526181 3.9669 2.38449)
(1.2297 3.96063 2.11026)
(0.98684 4.20148 2.17061)
(0.984286 3.96523 2.32672)
(1.72188 3.95982 2.10474)
(1.47583 4.20389 2.15741)
(1.476 3.96456 2.29385)
(2.21388 3.9596 2.10433)
(1.96795 4.20351 2.15603)
(1.968 3.96441 2.29334)
(2.70569 3.95957 2.10428)
(2.45988 4.20343 2.1559)
(2.45993 3.96437 2.29329)
(3.19707 3.95968 2.10449)
(2.95161 4.20346 2.15603)
(2.95175 3.96438 2.29331)
(3.68686 3.96011 2.1066)
(3.44264 4.20376 2.1578)
(3.44317 3.96448 2.29387)
(4.16432 3.9618 2.10914)
(3.93037 4.20368 2.14567)
(3.93281 3.96472 2.29193)
(4.49366 3.96818 2.17963)
(4.34996 4.20154 2.10815)
(4.3968 3.96551 2.30197)
(4.62177 4.21912 2.27723)
(4.64677 3.96287 2.46142)
(0.745131 4.43457 2.22437)
(0.501619 4.66317 2.26792)
(0.508934 4.46214 2.43124)
(1.22971 4.44494 2.24921)
(0.983984 4.61601 2.24242)
(0.984054 4.45585 2.39634)
(1.72197 4.44385 2.24804)
(1.47602 4.59937 2.23449)
(1.47604 4.454 2.38078)
(2.21397 4.44367 2.24787)
(1.96801 4.59769 2.2337)
(1.96802 4.45369 2.37902)
(2.70586 4.44365 2.24785)
(2.45997 4.59761 2.23367)
(2.45997 4.45366 2.37894)
(3.19746 4.44373 2.24793)
(2.95186 4.5979 2.23379)
(2.95186 4.45371 2.37927)
(3.68771 4.44416 2.24856)
(3.44333 4.60231 2.23578)
(3.44345 4.45419 2.38401)
(4.16912 4.41266 2.18145)
(3.93222 4.61217 2.24073)
(3.93348 4.45333 2.389)
(4.48335 4.42169 2.17505)
(4.38695 4.57729 2.22655)
(4.39422 4.44837 2.32473)
(4.64624 4.61585 2.27173)
(4.67254 4.45973 2.43235)
(0.738069 4.79844 2.27624)
(0.498325 4.885 2.49065)
(1.23008 4.732 2.27626)
(0.984216 4.82828 2.47734)
(1.72204 4.72083 2.27596)
(1.47609 4.79878 2.47341)
(2.21401 4.72021 2.27599)
(1.96802 4.7962 2.47306)
(2.70598 4.72029 2.27599)
(2.45999 4.79614 2.47308)
(3.19788 4.72289 2.27598)
(2.95196 4.79665 2.47313)
(3.68915 4.74518 2.27629)
(3.44378 4.80553 2.47433)
(4.17577 4.7641 2.27536)
(3.93451 4.885 2.48612)
(4.55687 4.72518 2.27605)
(4.4118 4.81601 2.47804)
(0.739318 0.010544 2.66)
(0.498697 0.189655 2.66)
(1.23419 0.0100717 2.66)
(0.985698 0.191727 2.66)
(1.70636 0.0115989 2.66)
(1.47937 0.191727 2.66)
(2.72145 0.0115145 2.66)
(3.19397 0.00949539 2.66)
(2.94855 0.191501 2.66)
(3.68904 0.00868695 2.66)
(3.44236 0.19909 2.60462)
(4.18092 0.00965761 2.66)
(3.93533 0.198797 2.6061)
(4.64279 0.0128189 2.66)
(4.42235 0.190933 2.66)
(4.81192 0.186994 2.66)
(0.738734 0.416551 2.58604)
(0.500222 0.663531 2.58736)
(1.23241 0.417637 2.55972)
(0.984901 0.664433 2.49956)
(1.70322 0.428996 2.51153)
(1.47817 0.664043 2.47757)
(1.95609 0.691444 2.4472)
(2.72462 0.42887 2.51063)
(2.47175 0.691315 2.44707)
(3.19558 0.417728 2.5456)
(2.94982 0.663782 2.47426)
(3.68922 0.415381 2.51612)
(3.44305 0.664236 2.46685)
(4.18074 0.417146 2.57099)
(3.93518 0.664285 2.47779)
(4.63793 0.414279 2.66)
(4.41911 0.663945 2.57109)
(4.81436 0.663902 2.66)
(0.738572 0.917881 2.49952)
(0.501145 1.17179 2.55514)
(1.231 0.917844 2.45272)
(0.984559 1.17201 2.45154)
(1.72345 0.917304 2.44214)
(1.47677 1.17163 2.43751)
(2.21396 0.923392 2.43586)
(1.96857 1.17096 2.43489)
(2.70453 0.917119 2.44179)
(2.45943 1.17086 2.43487)
(3.19705 0.917509 2.44467)
(2.95131 1.17134 2.43634)
(3.68934 0.917761 2.43902)
(3.44348 1.17166 2.43012)
(4.18029 0.917682 2.4768)
(3.93506 1.17171 2.43786)
(4.62923 0.917519 2.60327)
(4.42085 1.17161 2.50741)
(4.81544 1.17167 2.66)
(0.738616 1.42609 2.46944)
(0.498523 1.68013 2.50842)
(1.23048 1.42604 2.43687)
(0.984487 1.68022 2.44105)
(1.7224 1.42565 2.43454)
(1.47631 1.68008 2.43448)
(2.21401 1.42533 2.43425)
(1.96813 1.67983 2.43425)
(2.70566 1.42546 2.43449)
(2.45992 1.67975 2.43425)
(3.19765 1.4257 2.43429)
(2.95181 1.67984 2.43429)
(3.68939 1.42579 2.42489)
(3.44361 1.67991 2.43425)
(4.18015 1.42576 2.45605)
(3.93504 1.67991 2.43526)
(4.62704 1.42569 2.57659)
(4.42078 1.67988 2.50523)
(4.81558 1.67985 2.66)
(0.738586 1.93432 2.45675)
(0.498359 2.18844 2.50176)
(1.23038 1.93431 2.43521)
(0.984452 2.18847 2.4395)
(1.72216 1.93418 2.43427)
(1.47624 2.18841 2.43435)
(2.21402 1.93406 2.41533)
(1.96807 2.18833 2.41822)
(2.70592 1.93405 2.43425)
(2.45998 2.18829 2.39788)
(3.19777 1.93408 2.43425)
(2.95188 2.18828 2.39786)
(3.6894 1.93408 2.42676)
(3.44363 2.18828 2.43425)
(4.18016 1.93407 2.46352)
(3.93505 2.18828 2.4395)
(4.62869 1.93364 2.60124)
(4.41789 2.18722 2.54035)
(4.81564 2.18817 2.66)
(0.738502 2.44262 2.4598)
(0.498163 2.69681 2.52417)
(1.23034 2.44261 2.43425)
(0.984383 2.69679 2.43815)
(1.72213 2.44256 2.43425)
(1.47621 2.69677 2.39159)
(2.21402 2.44252 2.39789)
(1.96806 2.69674 2.38578)
(2.70595 2.4425 2.43425)
(2.45999 2.69672 2.43425)
(3.19778 2.4425 2.39222)
(2.95189 2.69671 2.38698)
(3.68941 2.4425 2.43425)
(3.44363 2.69671 2.43425)
(4.18017 2.44249 2.46239)
(3.93502 2.6967 2.43545)
(4.63657 2.44241 2.66)
(4.41102 2.69665 2.47324)
(0.738379 2.95098 2.4778)
(0.50074 3.20518 2.54995)
(1.23029 2.95095 2.43425)
(0.984296 3.2051 2.44639)
(1.72211 2.95092 2.35958)
(1.47617 3.20507 2.38887)
(2.21401 2.95091 2.43425)
(1.96805 3.20505 2.38752)
(2.70595 2.9509 2.43425)
(2.45998 3.20504 2.41698)
(3.19778 2.9509 2.39247)
(2.95189 3.20504 2.40032)
(3.68938 2.9509 2.43425)
(3.44362 3.20505 2.43425)
(4.17999 2.95086 2.43801)
(3.93491 3.20504 2.43521)
(4.56026 2.95199 2.48663)
(4.4096 3.20655 2.45597)
(0.738262 3.45927 2.46853)
(0.497863 3.71355 2.51005)
(1.23023 3.45918 2.43425)
(0.984211 3.71327 2.44234)
(1.72209 3.45915 2.43425)
(1.47614 3.71318 2.41999)
(2.21401 3.45913 2.43425)
(1.96804 3.71315 2.42221)
(2.70595 3.45913 2.43425)
(2.45999 3.71314 2.42227)
(3.19779 3.45914 2.43425)
(2.9519 3.71315 2.42235)
(3.68934 3.45915 2.43425)
(3.44362 3.71316 2.42358)
(4.17955 3.45909 2.44128)
(3.93477 3.71319 2.431)
(4.59322 3.46671 2.49771)
(4.41859 3.71297 2.47125)
(4.69302 3.71183 2.54207)
(0.738165 3.96741 2.4675)
(0.497997 4.2217 2.5331)
(1.23018 3.96709 2.44026)
(0.984137 4.22066 2.47044)
(1.72207 3.96702 2.43425)
(1.47611 4.22038 2.45379)
(2.21401 3.967 2.43425)
(1.96803 4.22034 2.45222)
(2.70596 3.967 2.43425)
(2.45999 4.22033 2.45218)
(3.19781 3.96702 2.4343)
(2.95191 4.22034 2.45246)
(3.68936 3.96706 2.43602)
(3.44368 4.22038 2.45641)
(4.17924 3.96715 2.43699)
(3.93487 4.22054 2.46346)
(4.61389 3.96599 2.53405)
(4.41331 4.21936 2.44201)
(4.67053 4.2089 2.5201)
(0.738222 4.46797 2.55777)
(0.49844 4.69551 2.66)
(1.23014 4.46936 2.50473)
(0.984227 4.68579 2.60248)
(1.72206 4.46918 2.49454)
(1.4761 4.68312 2.5734)
(2.21401 4.46916 2.49389)
(1.96802 4.68277 2.57071)
(2.70597 4.46916 2.49398)
(2.45999 4.68276 2.57063)
(3.19785 4.46919 2.49669)
(2.95194 4.68284 2.5712)
(3.68952 4.46932 2.51709)
(3.44378 4.68391 2.58044)
(4.17963 4.46651 2.51792)
(3.93512 4.69298 2.66)
(4.57717 4.46258 2.52208)
(4.41431 4.68153 2.56983)
(0.73869 4.87486 2.66)
(1.23037 4.87603 2.66)
(1.72207 4.87612 2.66)
(2.214 4.87603 2.66)
(2.70598 4.87604 2.66)
(3.19789 4.87615 2.66)
(3.68945 4.87616 2.66)
(4.17919 4.87492 2.66)
(4.63417 4.87074 2.66)
(-0.726514 0.154287 0.138304)
(-0.519496 0.4085 0.138363)
(-0.522025 0.15432 0.376615)
(-0.427632 0.154286 0.138413)
(-0.706362 0.66297 0.138281)
(-0.505331 0.917209 0.138394)
(-0.500986 0.663163 0.376674)
(-0.426773 0.662698 0.138453)
(-0.693113 1.17174 0.138262)
(-0.499856 1.4257 0.138366)
(-0.470531 1.17282 0.377235)
(-0.421691 1.17136 0.138531)
(-0.699638 1.68006 0.138102)
(-0.506158 1.93408 0.138262)
(-0.46954 1.68013 0.377115)
(-0.417627 1.67976 0.138485)
(-0.696125 2.18842 0.138122)
(-0.502581 2.44254 0.138309)
(-0.466934 2.18828 0.37702)
(-0.418566 2.18824 0.138465)
(-0.699496 2.69689 0.138208)
(-0.513637 2.95105 0.138363)
(-0.485557 2.69684 0.376452)
(-0.424417 2.69675 0.138469)
(-0.716153 3.20534 0.138313)
(-0.525099 3.45955 0.138378)
(-0.512257 3.20531 0.376591)
(-0.427427 3.20528 0.138444)
(-0.732048 3.71383 0.138338)
(-0.533067 3.96808 0.138383)
(-0.52539 3.71382 0.376601)
(-0.427655 3.71381 0.13844)
(-0.745833 4.22232 0.138347)
(-0.539424 4.47654 0.138396)
(-0.53405 4.22234 0.376607)
(-0.427658 4.22235 0.138452)
(-0.758032 4.73074 0.138343)
(-0.540921 4.73069 0.376628)
(-0.427658 4.73061 0.138483)
(-0.715832 0.154482 0.614925)
(-0.506578 0.408962 0.615005)
(-0.517154 0.154574 0.853326)
(-0.426969 0.154358 0.614943)
(-0.679846 0.664897 0.615464)
(-0.45297 0.922489 0.617173)
(-0.469276 0.668818 0.855024)
(-0.413842 0.663282 0.614908)
(-0.624832 1.18159 0.619243)
(-0.396171 1.42906 0.625295)
(-0.332938 1.21105 0.863762)
(-0.347404 1.17284 0.617666)
(-0.606758 1.68155 0.626628)
(-0.39561 1.93423 0.623323)
(-0.280524 1.68358 0.882684)
(-0.301064 1.68011 0.609445)
(-0.605979 2.18667 0.625298)
(-0.408911 2.43775 0.62013)
(-0.286595 2.18229 0.882814)
(-0.310423 2.18913 0.610298)
(-0.646036 2.69553 0.616138)
(-0.480982 2.95123 0.614731)
(-0.389064 2.68928 0.861025)
(-0.381046 2.69758 0.613775)
(-0.692907 3.2055 0.614794)
(-0.514115 3.45957 0.614917)
(-0.488182 3.20545 0.853231)
(-0.422797 3.20525 0.614952)
(-0.720117 3.71385 0.614926)
(-0.528048 3.96808 0.61492)
(-0.519794 3.71383 0.853278)
(-0.427528 3.7138 0.614905)
(-0.73899 4.22233 0.614942)
(-0.536305 4.47656 0.614926)
(-0.531659 4.22235 0.853279)
(-0.427657 4.22236 0.614899)
(-0.753352 4.73074 0.614951)
(-0.539437 4.7307 0.853281)
(-0.427658 4.73063 0.614906)
(-0.714949 0.15495 1.09161)
(-0.499411 0.411043 1.09156)
(-0.520334 0.154866 1.32998)
(-0.42502 0.15462 1.09169)
(-0.661276 0.677746 1.09053)
(-0.37372 0.971055 1.09043)
(-0.475512 0.675332 1.32709)
(-0.378194 0.669108 1.09153)
(-0.516798 1.23529 1.10282)
(-0.214493 1.43462 1.09183)
(-0.31894 1.27555 1.32358)
(0.1 1.17037 1.09148)
(0 1.6808 0.950275)
(-0.204863 2.44213 1.09209)
(-0.544224 2.67244 1.11233)
(-0.414419 2.94649 1.09618)
(-0.289802 2.66805 1.3381)
(-0.215938 2.69792 1.10106)
(-0.670149 3.20517 1.09212)
(-0.505197 3.45962 1.09164)
(-0.471766 3.20499 1.33008)
(-0.402925 3.20531 1.09166)
(-0.714784 3.71391 1.09162)
(-0.52613 3.9681 1.09164)
(-0.519091 3.71386 1.32999)
(-0.426759 3.71381 1.09164)
(-0.736547 4.22234 1.09164)
(-0.535426 4.47657 1.09164)
(-0.531633 4.22236 1.32999)
(-0.427648 4.22237 1.09164)
(-0.751892 4.73074 1.09164)
(-0.539405 4.7307 1.33)
(-0.427658 4.73063 1.09164)
(-0.725349 0.155059 1.56837)
(-0.512634 0.410697 1.56838)
(-0.520316 0.154865 1.80675)
(-0.425977 0.154741 1.56836)
(-0.692907 0.676506 1.56843)
(-0.442888 0.968805 1.56847)
(-0.475437 0.675325 1.80977)
(-0.393312 0.666384 1.56841)
(-0.567609 1.26243 1.56865)
(-0.32966 1.52938 1.57087)
(-0.318953 1.27549 1.81348)
(-0.176482 1.32342 1.56853)
(-0.22467 1.68997 1.8063)
(-0.0189509 1.73014 1.57539)
(-0.215708 2.44149 1.56861)
(-0.220319 2.18909 1.80623)
(-0.516982 2.66636 1.56864)
(-0.403421 2.94309 1.56845)
(-0.289795 2.66812 1.79899)
(-0.154133 2.71295 1.56853)
(-0.673778 3.20478 1.5684)
(-0.508 3.45967 1.56836)
(-0.471733 3.205 1.80671)
(-0.391321 3.2054 1.56837)
(-0.719394 3.71395 1.56836)
(-0.527868 3.96811 1.56835)
(-0.519095 3.71386 1.80672)
(-0.426273 3.71382 1.56835)
(-0.738834 4.22235 1.56835)
(-0.536214 4.47657 1.56835)
(-0.53165 4.22236 1.80671)
(-0.427643 4.22237 1.56835)
(-0.753103 4.73075 1.56835)
(-0.539435 4.7307 1.80672)
(-0.427658 4.73064 1.56836)
(-0.715305 0.154949 2.04512)
(-0.499499 0.411037 2.04522)
(-0.517571 0.154547 2.28338)
(-0.425019 0.154606 2.04505)
(-0.661746 0.67777 2.04631)
(-0.373853 0.971057 2.04654)
(-0.469739 0.668836 2.28179)
(-0.378155 0.669092 2.04537)
(-0.517272 1.23524 2.03419)
(-0.214756 1.43465 2.04548)
(-0.333833 1.21113 2.27338)
(0.1 1.16985 2.04552)
(-0.449378 1.68502 2.04628)
(-0.217039 1.93591 2.04461)
(-0.279848 1.68359 2.25545)
(-1.38778e-17 1.68083 2.18727)
(-0.445277 2.18972 2.04608)
(-0.205081 2.4421 2.04529)
(-0.293914 2.18196 2.25275)
(-1.00614e-16 2.19827 2.17675)
(-0.54468 2.67259 2.02461)
(-0.414547 2.94655 2.04072)
(-0.38948 2.68939 2.27597)
(-0.216053 2.69818 2.03612)
(-0.670406 3.20519 2.04466)
(-0.50527 3.45964 2.04509)
(-0.48847 3.20547 2.2835)
(-0.402937 3.20532 2.04512)
(-0.714993 3.71392 2.04508)
(-0.526204 3.96811 2.04507)
(-0.520046 3.71385 2.28339)
(-0.42676 3.71382 2.04508)
(-0.73676 4.22235 2.04505)
(-0.535519 4.47657 2.04507)
(-0.531928 4.22236 2.28339)
(-0.427648 4.22238 2.04509)
(-0.752158 4.73075 2.04505)
(-0.539854 4.7307 2.28337)
(-0.427658 4.73064 2.04509)
(-0.717559 0.154454 2.5218)
(-0.507607 0.408982 2.52165)
(-0.426948 0.154267 2.52166)
(-0.681543 0.665032 2.52119)
(-0.453482 0.922618 2.51954)
(-0.413314 0.663296 2.52171)
(-0.625867 1.1818 2.5174)
(-0.395056 1.42918 2.51176)
(-0.344634 1.17293 2.51933)
(-0.603797 1.68171 2.51044)
(-0.391389 1.93429 2.51395)
(-0.296682 1.68014 2.52787)
(-0.616478 2.18668 2.51089)
(-0.419856 2.4376 2.51642)
(-0.306401 2.18913 2.52692)
(-0.651311 2.69558 2.52046)
(-0.48145 2.95126 2.52189)
(-0.379405 2.69758 2.52297)
(-0.694194 3.20554 2.52181)
(-0.514988 3.45959 2.52162)
(-0.422642 3.20526 2.52153)
(-0.721313 3.71388 2.52167)
(-0.528977 3.96811 2.52161)
(-0.427526 3.71383 2.52154)
(-0.740185 4.22234 2.52165)
(-0.537407 4.47656 2.5216)
(-0.427657 4.22237 2.52154)
(-0.75483 4.73075 2.52166)
(-0.427658 4.73062 2.52152)
(0.491726 0.177305 0.163012)
(0.345517 0.419051 0.22093)
(0.282942 0.19432 0.381403)
(0.986269 0.183059 0.169681)
(0.74178 0.428486 0.254231)
(0.741343 0.245423 0.405496)
(1.48651 0.178452 0.166337)
(1.23311 0.429072 0.255073)
(1.23607 0.260403 0.413986)
(1.93541 0.22377 0.214664)
(1.70601 0.446986 0.276191)
(1.72289 0.260688 0.407045)
(2.49106 0.223358 0.214387)
(2.21399 0.526828 0.278483)
(2.94128 0.17836 0.166446)
(2.7215 0.446794 0.276785)
(2.70453 0.261036 0.407242)
(3.44156 0.202611 0.203056)
(3.19462 0.429882 0.263353)
(3.1916 0.268538 0.417964)
(3.9347 0.202084 0.202067)
(3.68837 0.429637 0.268785)
(3.68786 0.276138 0.421237)
(4.42175 0.179898 0.165946)
(4.17694 0.427714 0.246464)
(4.17626 0.253899 0.410955)
(4.64717 0.414556 0.165671)
(4.64649 0.180066 0.381018)
(0.536575 0.66732 0.29913)
(0.35233 0.917082 0.224675)
(0.367455 0.664361 0.394508)
(0.985274 0.669797 0.305236)
(0.745738 0.919948 0.307576)
(0.754788 0.68166 0.47727)
(1.47757 0.670429 0.327218)
(1.23346 0.919742 0.343063)
(1.23654 0.683358 0.494411)
(1.94444 0.70667 0.32797)
(1.722 0.920618 0.352653)
(1.7067 0.695613 0.470217)
(2.48302 0.706306 0.32804)
(2.21388 0.92926 0.349901)
(2.21372 0.749424 0.455839)
(2.95011 0.669822 0.325919)
(2.70575 0.920043 0.350306)
(2.72041 0.69427 0.470975)
(3.44223 0.669324 0.318433)
(3.19638 0.919302 0.357673)
(3.19443 0.679367 0.507292)
(3.93326 0.669297 0.311217)
(3.68819 0.919751 0.362975)
(3.68648 0.679657 0.498501)
(4.40778 0.667339 0.246625)
(4.17494 0.919344 0.310836)
(4.16593 0.677632 0.487294)
(4.62366 0.917987 0.203151)
(4.57225 0.667179 0.411078)
(0.545344 1.17247 0.320997)
(0.364153 1.42584 0.231712)
(0.395671 1.17301 0.398033)
(0.987096 1.17292 0.34977)
(0.749665 1.42687 0.355142)
(0.766173 1.17427 0.484259)
(1.47727 1.17294 0.356333)
(1.23286 1.42649 0.352164)
(1.24483 1.17575 0.491334)
(1.96789 1.17239 0.363021)
(1.72257 1.42629 0.359547)
(1.72399 1.17596 0.505596)
(2.45998 1.17207 0.363427)
(2.21395 1.42552 0.365966)
(2.21379 1.17682 0.505421)
(2.95086 1.17195 0.364137)
(2.70541 1.42565 0.377932)
(2.705 1.17312 0.531078)
(3.44274 1.17254 0.383829)
(3.19715 1.42606 0.381116)
(3.19594 1.17376 0.547956)
(3.93275 1.17255 0.362438)
(3.68815 1.4262 0.388031)
(3.68601 1.17426 0.569376)
(4.4053 1.17206 0.273661)
(4.17449 1.42605 0.324848)
(4.16366 1.17359 0.498517)
(4.61401 1.42575 0.220928)
(4.54611 1.17203 0.423407)
(0.553271 1.68048 0.340668)
(0.367268 1.93417 0.233566)
(0.400192 1.6807 0.400752)
(0.985334 1.68086 0.357583)
(0.749741 1.93471 0.359832)
(0.778979 1.68314 0.510792)
(1.47636 1.68055 0.362307)
(1.23026 1.93463 0.361348)
(1.23235 1.68245 0.526306)
(1.96812 1.68003 0.371393)
(1.72222 1.93437 0.362068)
(1.72242 1.68146 0.535804)
(2.45979 1.67983 0.381639)
(2.21396 1.93414 0.38203)
(2.21385 1.68029 0.565713)
(2.95149 1.67998 0.409659)
(2.70573 1.93411 0.389283)
(2.70528 1.68015 0.568373)
(3.44289 1.68011 0.388019)
(3.19733 1.93416 0.430234)
(3.19645 1.68043 0.604816)
(3.93259 1.68008 0.365175)
(3.68811 1.93415 0.389019)
(3.68584 1.68049 0.571692)
(4.40454 1.6799 0.279683)
(4.17432 1.93403 0.325943)
(4.16299 1.68021 0.501842)
(4.61308 1.93385 0.222427)
(4.54055 1.67984 0.425998)
(0.554118 2.1885 0.342965)
(0.368773 2.44254 0.234466)
(0.415961 2.1883 0.402463)
(0.984768 2.1887 0.364466)
(0.749901 2.44264 0.363309)
(0.781489 2.1895 0.523923)
(1.47622 2.18855 0.362102)
(1.23008 2.44268 0.378773)
(1.23027 2.18931 0.543704)
(1.96802 2.1884 0.379264)
(1.72206 2.44259 0.379618)
(1.72211 2.18887 0.546545)
(2.45987 2.1883 0.389235)
(2.21395 2.4425 0.389466)
(2.21384 2.1885 0.569321)
(2.95161 2.18829 0.462186)
(2.70578 2.44246 0.439085)
(2.70545 2.18834 0.621699)
(3.44289 2.18828 0.388208)
(3.19734 2.44244 0.446977)
(3.19653 2.18832 0.632691)
(3.93242 2.18817 0.365264)
(3.68796 2.44234 0.388867)
(3.6857 2.1882 0.572335)
(4.40418 2.18783 0.280004)
(4.1737 2.44191 0.325959)
(4.16263 2.18777 0.502098)
(4.61245 2.4408 0.22234)
(4.54004 2.18722 0.426085)
(0.545893 2.69676 0.323257)
(0.354004 2.95102 0.225692)
(0.40956 2.69652 0.40016)
(0.984577 2.69679 0.354855)
(0.746183 2.95091 0.316695)
(0.770304 2.69672 0.498381)
(1.47607 2.69673 0.38638)
(1.22999 2.95083 0.368784)
(1.22999 2.69684 0.564767)
(1.968 2.69666 0.389213)
(1.72203 2.95076 0.389309)
(1.72194 2.69666 0.569044)
(2.45988 2.69661 0.411434)
(2.21395 2.95071 0.422751)
(2.21382 2.69649 0.606483)
(2.95162 2.69658 0.455656)
(2.70579 2.95068 0.429157)
(2.70548 2.69639 0.597192)
(3.44279 2.69651 0.388272)
(3.19729 2.95064 0.436968)
(3.1965 2.69631 0.632166)
(3.93174 2.69611 0.365134)
(3.68746 2.95036 0.386798)
(3.68536 2.69599 0.571939)
(4.40231 2.69453 0.279924)
(4.1715 2.94896 0.326372)
(4.16165 2.69463 0.502139)
(4.60947 2.94416 0.2224)
(4.53905 2.69126 0.426247)
(0.541687 3.20512 0.313487)
(0.353853 3.45955 0.225692)
(0.400434 3.20532 0.398906)
(0.984366 3.2049 0.342841)
(0.746009 3.45896 0.316325)
(0.734744 3.20467 0.420773)
(1.47602 3.20478 0.401176)
(1.22992 3.45869 0.36865)
(1.22972 3.20439 0.558028)
(1.96799 3.20471 0.419893)
(1.72201 3.45856 0.388393)
(1.72188 3.20416 0.6078)
(2.45989 3.20467 0.416523)
(2.21395 3.4585 0.388549)
(2.21382 3.20402 0.616594)
(2.95162 3.20465 0.433545)
(2.7058 3.45848 0.388525)
(2.70551 3.20396 0.619916)
(3.44256 3.20451 0.388191)
(3.19725 3.45843 0.388503)
(3.19648 3.20387 0.614964)
(3.93021 3.20364 0.370733)
(3.6868 3.45805 0.380808)
(3.68491 3.20343 0.568683)
(4.39578 3.20006 0.298986)
(4.16818 3.45628 0.364936)
(4.15931 3.20125 0.523891)
(4.59606 3.45529 0.241365)
(4.52906 3.19605 0.431738)
(0.541117 3.71325 0.312138)
(0.351451 3.96825 0.224286)
(0.399313 3.71403 0.398721)
(0.984286 3.71237 0.341499)
(0.745551 3.96582 0.309797)
(0.734483 3.71111 0.419782)
(1.476 3.7121 0.390471)
(1.22991 3.965 0.362358)
(1.22964 3.71034 0.556752)
(1.96799 3.71199 0.390246)
(1.72201 3.96475 0.366753)
(1.72187 3.70996 0.572872)
(2.45991 3.71195 0.39018)
(2.21397 3.96466 0.365799)
(2.21386 3.7098 0.573216)
(2.95164 3.71194 0.390329)
(2.70585 3.96459 0.369015)
(2.70559 3.70974 0.573064)
(3.44242 3.71183 0.390678)
(3.1973 3.96464 0.366588)
(3.19659 3.70973 0.572974)
(3.92918 3.71122 0.390148)
(3.68661 3.96451 0.366664)
(3.68502 3.70965 0.572379)
(4.39563 3.71647 0.343694)
(4.16926 3.96468 0.362273)
(4.16162 3.71282 0.560026)
(4.64181 3.97756 0.303138)
(4.61121 3.74775 0.434877)
(0.533432 4.21821 0.291956)
(0.346431 4.46595 0.221586)
(0.380971 4.22135 0.395859)
(0.984286 4.21532 0.317754)
(0.741576 4.45575 0.26231)
(0.735069 4.21045 0.414121)
(1.47602 4.21505 0.326383)
(1.23001 4.45459 0.274987)
(1.22971 4.20439 0.499786)
(1.96801 4.2149 0.324719)
(1.72203 4.45391 0.27908)
(1.72193 4.20397 0.50348)
(2.45994 4.21432 0.325677)
(2.21399 4.4545 0.266944)
(2.21392 4.20392 0.500115)
(2.95172 4.21478 0.320417)
(2.70591 4.45344 0.265057)
(2.70573 4.20298 0.513336)
(3.44248 4.21487 0.326868)
(3.19743 4.45411 0.275697)
(3.19685 4.20386 0.502637)
(3.92891 4.21501 0.327491)
(3.68658 4.45392 0.280827)
(3.68535 4.204 0.503879)
(4.40966 4.21531 0.332858)
(4.16772 4.45452 0.280966)
(4.16848 4.20494 0.501388)
(4.64449 4.43319 0.309069)
(4.65292 4.20477 0.502754)
(0.491393 4.70777 0.163066)
(0.283021 4.69062 0.381383)
(0.984114 4.6817 0.204089)
(0.740594 4.6321 0.40886)
(1.47607 4.67224 0.221759)
(1.22996 4.604 0.423289)
(1.96802 4.67428 0.217782)
(1.72202 4.59937 0.42557)
(2.45998 4.70084 0.171227)
(2.21399 4.61057 0.42073)
(2.95185 4.68082 0.205239)
(2.70591 4.61385 0.419513)
(3.44283 4.67195 0.222297)
(3.19744 4.60241 0.42424)
(3.9285 4.6715 0.224088)
(3.68639 4.59774 0.426145)
(4.39781 4.66737 0.226945)
(4.16469 4.59696 0.426004)
(4.6222 4.56118 0.431779)
(0.507628 0.242272 0.61775)
(0.316093 0.422501 0.614431)
(0.236676 0.169641 0.85207)
(0.987563 0.296421 0.62677)
(0.737226 0.446375 0.626788)
(0.744697 0.296633 0.854952)
(1.48458 0.298983 0.62664)
(1.23624 0.44887 0.629875)
(1.23839 0.338206 0.854609)
(1.87012 0.266711 0.615485)
(1.68493 0.506217 0.637843)
(1.70781 0.316838 0.85436)
(2.55641 0.266402 0.615483)
(2.21393 0.578931 0.616677)
(2.94295 0.300444 0.626742)
(2.74179 0.505167 0.637812)
(2.71941 0.316932 0.85438)
(3.43975 0.326523 0.628142)
(3.19117 0.514732 0.646599)
(3.19036 0.346158 0.856185)
(3.93272 0.319743 0.627435)
(3.68538 0.518178 0.645914)
(3.6869 0.348627 0.856587)
(4.39341 0.257968 0.622128)
(4.1551 0.506674 0.643565)
(4.16943 0.320378 0.855718)
(4.56466 0.428116 0.621753)
(4.64279 0.183575 0.853481)
(0.485827 0.67692 0.624097)
(0.37604 0.921077 0.616249)
(0.351048 0.670092 0.851943)
(1.92032 0.742848 0.643554)
(2.5064 0.741651 0.643535)
(2.21338 0.912141 0.63883)
(2.21352 0.767398 0.85923)
(4.32432 0.677917 0.642593)
(4.50576 0.919252 0.627614)
(4.50478 0.66951 0.855713)
(0.559876 1.17933 0.612235)
(0.365855 1.43206 0.623957)
(0.280204 1.19132 0.849764)
(0.738903 1.20735 0.861107)
(4.31303 1.17356 0.646824)
(4.49127 1.42599 0.629137)
(4.4753 1.1725 0.856749)
(0.553769 1.68578 0.637341)
(0.370651 1.93489 0.632722)
(0.302968 1.68826 0.880561)
(0.740035 1.69877 0.86581)
(4.3097 1.68004 0.648064)
(4.49005 1.93365 0.629267)
(4.47154 1.67991 0.856965)
(0.585469 2.18875 0.647348)
(0.379218 2.43789 0.627358)
(0.30919 2.18391 0.886551)
(4.30932 2.18678 0.648162)
(4.48979 2.43935 0.629203)
(4.47127 2.18687 0.856977)
(0.588631 2.69493 0.639473)
(0.408687 2.95053 0.618484)
(0.35584 2.68562 0.86552)
(4.30922 2.69077 0.648232)
(4.49139 2.94019 0.629338)
(4.47222 2.68968 0.857076)
(0.57187 3.20489 0.635326)
(0.410306 3.45964 0.617873)
(0.410549 3.20501 0.853968)
(4.29892 3.1988 0.652888)
(4.50308 3.46779 0.63206)
(4.48678 3.19417 0.857742)
(0.570577 3.71203 0.634611)
(0.402261 3.96834 0.617407)
(0.409993 3.71401 0.853579)
(0.56925 4.20795 0.631658)
(0.327219 4.46206 0.614119)
(0.385314 4.2196 0.852738)
(0.734902 4.44101 0.627264)
(1.22964 4.36585 0.647716)
(1.72191 4.36139 0.64776)
(2.21392 4.36465 0.646907)
(2.70573 4.351 0.650546)
(3.19683 4.36212 0.647573)
(3.68489 4.36069 0.647772)
(4.16501 4.36042 0.646934)
(4.63503 4.32499 0.648655)
(0.508787 4.63894 0.617633)
(0.236454 4.71596 0.852118)
(0.984048 4.57689 0.627863)
(0.743655 4.58183 0.85508)
(1.47597 4.54991 0.628996)
(1.22979 4.53423 0.856568)
(1.968 4.55146 0.62902)
(1.72198 4.53125 0.856936)
(2.45995 4.55687 0.628916)
(2.21397 4.53348 0.856977)
(2.95173 4.55615 0.628776)
(2.70586 4.53543 0.85701)
(3.44241 4.54916 0.629124)
(3.1973 4.53202 0.856976)
(3.92728 4.54819 0.629003)
(3.68607 4.53156 0.856942)
(4.39282 4.53742 0.629143)
(4.16355 4.5319 0.856761)
(4.61631 4.51805 0.856482)
(0.513641 0.261383 1.09203)
(0.309496 0.425873 1.09143)
(0.23644 0.17089 1.33003)
(0.988716 0.349288 1.09035)
(0.74998 0.498016 1.08625)
(0.744968 0.325623 1.32936)
(1.48065 0.359211 1.0918)
(1.2432 0.512589 1.08595)
(1.23928 0.358316 1.32906)
(1.86096 0.275354 1.09172)
(1.67135 0.534673 1.09217)
(1.70362 0.329871 1.32983)
(2.56598 0.275352 1.09176)
(2.21388 0.580745 1.0919)
(2.9477 0.365115 1.09234)
(2.76366 0.545568 1.09307)
(2.73163 0.350285 1.33)
(3.43912 0.353047 1.09277)
(3.19102 0.554755 1.0942)
(3.19032 0.379899 1.33)
(3.9319 0.347648 1.09267)
(3.68391 0.560045 1.09442)
(3.68654 0.355006 1.33)
(4.38597 0.272252 1.09204)
(4.15107 0.519613 1.0936)
(4.16856 0.331121 1.33)
(4.54941 0.429375 1.09204)
(4.60182 0.207174 1.33)
(0.543557 0.692182 1.07647)
(0.326766 0.94311 1.07079)
(0.349393 0.675464 1.32831)
(0.73765 0.975591 1.09603)
(1.90584 0.767201 1.09339)
(2.53175 0.781396 1.09413)
(2.21342 1.00024 1.09786)
(2.21354 0.798843 1.33004)
(4.31019 0.679834 1.0936)
(4.47826 0.919748 1.09271)
(4.49373 0.669432 1.33)
(0.497178 1.21929 1.24411)
(0.249584 1.45317 1.09442)
(0.24241 1.3666 1.3185)
(0.955789 1.21929 1.23678)
(0.740359 1.46394 1.09483)
(0.73707 1.29 1.36481)
(4.27095 1.17435 1.09454)
(4.47114 1.42616 1.09293)
(4.44393 1.17265 1.33)
(0.496047 1.70004 1.09584)
(0.250504 1.93857 1.09595)
(0.251199 1.70083 1.33077)
(0.985926 1.71071 1.09772)
(0.759801 1.96478 1.09898)
(0.741287 1.70933 1.33076)
(4.26844 1.68021 1.0948)
(4.47075 1.93363 1.09298)
(4.44226 1.67996 1.33001)
(0.249242 2.44098 1.09428)
(4.26827 2.1865 1.09492)
(4.4709 2.43905 1.09308)
(4.44241 2.18693 1.33009)
(0.541145 2.68572 1.10206)
(0.377934 2.94255 1.0964)
(0.310723 2.66542 1.33648)
(4.26955 2.68975 1.09522)
(4.47529 2.93929 1.09358)
(4.44359 2.69 1.33055)
(0.587039 3.20388 1.09479)
(0.415151 3.45958 1.09166)
(0.416813 3.20358 1.33016)
(4.28289 3.19752 1.09589)
(4.49051 3.46774 1.09449)
(4.46227 3.19661 1.33157)
(0.586967 3.71121 1.09411)
(0.409977 3.96816 1.09154)
(0.421736 3.71398 1.32998)
(0.56207 4.20473 1.09304)
(0.363417 4.45323 1.09084)
(0.401622 4.21911 1.33)
(0.734062 4.43566 1.09367)
(1.22948 4.32482 1.09447)
(1.72183 4.32099 1.09478)
(2.21387 4.32099 1.09485)
(2.70564 4.3213 1.09486)
(3.19664 4.3208 1.09484)
(3.68462 4.32143 1.09476)
(4.16471 4.32232 1.09439)
(4.63547 4.3227 1.09377)
(0.528165 4.58917 1.09134)
(0.33852 4.6408 1.33)
(0.984117 4.53601 1.09258)
(0.744906 4.56327 1.33)
(1.47592 4.53003 1.0929)
(1.22975 4.50673 1.33)
(1.96798 4.52968 1.09296)
(1.72197 4.50158 1.33)
(2.45992 4.53055 1.09297)
(2.21396 4.50155 1.33)
(2.95168 4.53005 1.09297)
(2.70584 4.50165 1.33)
(3.44234 4.52948 1.09297)
(3.19731 4.50155 1.33001)
(3.9273 4.52967 1.09302)
(3.68629 4.50189 1.33009)
(4.39196 4.51236 1.09318)
(4.16464 4.5066 1.33045)
(4.61686 4.51706 1.33141)
(0.514372 0.264757 1.56778)
(0.308819 0.430471 1.5682)
(0.23659 0.170786 1.80793)
(0.988385 0.350042 1.56779)
(0.748276 0.504561 1.56724)
(0.74469 0.317217 1.80582)
(1.48074 0.359404 1.56761)
(1.24572 0.515003 1.56649)
(1.23879 0.348433 1.80529)
(1.86096 0.275353 1.56828)
(1.67154 0.535154 1.56686)
(1.70775 0.317185 1.80575)
(2.56598 0.275352 1.56824)
(2.21388 0.580745 1.5681)
(2.9477 0.365119 1.56766)
(2.76366 0.545589 1.56695)
(2.71941 0.316936 1.80562)
(3.43912 0.353049 1.56724)
(3.19102 0.554758 1.56581)
(3.19036 0.34616 1.80382)
(3.9319 0.347648 1.56733)
(3.68391 0.560186 1.56558)
(3.6869 0.348628 1.80341)
(4.38597 0.272252 1.56796)
(4.15107 0.519612 1.5664)
(4.16943 0.320377 1.80428)
(4.54941 0.429375 1.56796)
(4.64279 0.183575 1.80652)
(0.541231 0.700229 1.56797)
(0.313637 0.943279 1.56867)
(0.345449 0.676017 1.80893)
(0.734121 1.03458 1.56799)
(1.90586 0.767928 1.56615)
(2.53173 0.781469 1.56602)
(2.21355 1.01187 1.56251)
(2.21351 0.767789 1.80105)
(4.3102 0.679835 1.5664)
(4.47826 0.919749 1.56729)
(4.50478 0.669511 1.80429)
(0.496238 1.35023 1.56846)
(0.23154 1.54179 1.56835)
(0.242422 1.36661 1.81858)
(0.94927 1.29 1.56844)
(0.740846 1.45269 1.56749)
(0.737059 1.29 1.7721)
(4.27096 1.17435 1.56546)
(4.4712 1.42617 1.56708)
(4.47535 1.1725 1.80325)
(0.495766 1.72556 1.56664)
(0.252621 1.94502 1.5668)
(0.251215 1.70056 1.80372)
(0.986253 1.7125 1.56417)
(0.741697 1.95619 1.56319)
(0.741311 1.7076 1.79805)
(4.26863 1.68027 1.56525)
(4.47145 1.93371 1.56709)
(4.47264 1.67996 1.80305)
(0.250391 2.43968 1.5675)
(0.251218 2.19015 1.8018)
(4.26915 2.18679 1.56538)
(4.47199 2.43959 1.56742)
(4.47605 2.18728 1.80319)
(0.536588 2.67835 1.56499)
(0.384914 2.93592 1.5681)
(0.306316 2.66789 1.79944)
(4.26992 2.69086 1.56602)
(4.47521 2.94141 1.56863)
(4.47289 2.69189 1.80408)
(0.584835 3.2033 1.56545)
(0.41361 3.45956 1.56829)
(0.397325 3.20381 1.80593)
(4.28295 3.19961 1.56655)
(4.49268 3.47071 1.56812)
(4.48044 3.20008 1.80509)
(0.586565 3.71123 1.56584)
(0.409121 3.96817 1.56845)
(0.405388 3.71403 1.80639)
(4.5628 3.75379 1.78554)
(0.561542 4.20478 1.56695)
(0.362403 4.45338 1.56916)
(0.379918 4.21969 1.80725)
(0.734069 4.43566 1.56633)
(1.22948 4.32482 1.56553)
(1.72183 4.32095 1.56522)
(2.21387 4.32053 1.56515)
(2.70566 4.32051 1.56514)
(3.19678 4.32069 1.56518)
(3.68527 4.32179 1.56535)
(4.16646 4.3256 1.56522)
(4.63384 4.35256 1.55967)
(4.62881 4.19175 1.76941)
(0.528165 4.58917 1.56866)
(0.236454 4.71596 1.80788)
(0.984118 4.53601 1.56742)
(0.743657 4.58183 1.80492)
(1.47592 4.53002 1.5671)
(1.22979 4.53422 1.80343)
(1.96798 4.52944 1.56704)
(1.72199 4.53097 1.80306)
(2.45993 4.5294 1.56703)
(2.21397 4.53067 1.80302)
(2.95171 4.5294 1.56704)
(2.70588 4.53064 1.80301)
(3.44255 4.52968 1.5671)
(3.19745 4.53119 1.80305)
(3.92849 4.53088 1.56746)
(3.68712 4.53405 1.80332)
(4.39475 4.51608 1.56793)
(4.16788 4.53581 1.80415)
(4.60635 4.52494 1.79604)
(0.509407 0.248224 2.04266)
(0.296643 0.423481 2.04591)
(0.237317 0.167688 2.28391)
(0.988127 0.308252 2.03609)
(0.747885 0.485373 2.03342)
(0.741404 0.246355 2.25485)
(1.48472 0.299801 2.0339)
(1.24319 0.496492 2.026)
(1.23616 0.261111 2.24643)
(1.87012 0.266713 2.04452)
(1.68519 0.507336 2.02289)
(1.72289 0.260845 2.25304)
(2.55641 0.266405 2.04452)
(2.21393 0.57893 2.04332)
(2.94295 0.300451 2.03327)
(2.74179 0.505191 2.02221)
(2.70453 0.261041 2.25276)
(3.43975 0.326523 2.03186)
(3.19117 0.51474 2.01342)
(3.19161 0.268539 2.24204)
(3.93272 0.319741 2.03257)
(3.68538 0.518178 2.01409)
(3.68787 0.276133 2.23877)
(4.39341 0.257968 2.03787)
(4.1551 0.506672 2.01644)
(4.17626 0.253894 2.24904)
(4.56466 0.428115 2.03825)
(4.64649 0.180064 2.27898)
(0.532797 0.689902 2.04874)
(0.303913 0.943268 2.05843)
(0.289266 0.668022 2.27271)
(0.737412 0.686357 2.25034)
(1.23281 0.685 2.24515)
(1.92061 0.743836 2.01713)
(1.70699 0.697554 2.19109)
(2.50638 0.74179 2.01661)
(2.21335 0.913097 2.02202)
(2.21372 0.749636 2.20437)
(2.72041 0.694341 2.18909)
(3.19443 0.679383 2.15273)
(3.68648 0.679651 2.1615)
(4.32432 0.677916 2.01741)
(4.16593 0.677623 2.17271)
(4.50579 0.919253 2.03239)
(4.57226 0.667177 2.24892)
(0.497173 1.21929 1.89291)
(0.249646 1.45288 2.04079)
(0.249636 1.1867 2.27754)
(0.739344 1.19972 2.25851)
(1.23083 1.19811 2.25364)
(1.72321 1.17975 2.23516)
(2.21389 1.17767 2.15542)
(2.70501 1.17328 2.12906)
(3.19595 1.17379 2.11208)
(3.68602 1.17427 2.09068)
(4.31312 1.17357 2.01321)
(4.16367 1.17359 2.16158)
(4.49211 1.42601 2.03092)
(4.54639 1.17203 2.23671)
(0.496202 1.69823 2.03145)
(0.250494 1.93815 2.03699)
(0.255772 1.6841 2.27435)
(0.74226 1.69252 2.23655)
(1.23091 1.69109 2.23444)
(1.72445 1.68333 2.14214)
(2.21388 1.68082 2.09545)
(2.70529 1.68028 2.09191)
(3.19646 1.68046 2.09116)
(3.68588 1.68052 2.08896)
(4.31138 1.68015 2.01241)
(4.16313 1.68027 2.15967)
(4.49788 1.93381 2.03121)
(4.54527 1.67987 2.23603)
(0.495851 2.19206 2.02677)
(0.249352 2.44095 2.039)
(0.255292 2.18892 2.27384)
(0.756207 2.19017 2.15067)
(1.23097 2.19112 2.12795)
(1.7222 2.18957 2.11078)
(2.21388 2.1887 2.04554)
(2.70547 2.18841 2.04698)
(3.19658 2.18836 2.04902)
(3.68585 2.18831 2.09146)
(4.29906 2.18727 2.00936)
(4.16188 2.18796 2.14528)
(4.49601 2.44051 2.03119)
(4.55456 2.18679 2.24017)
(0.528719 2.68861 2.02075)
(0.346296 2.94462 2.03813)
(0.292139 2.69207 2.26635)
(0.775505 2.69135 2.13998)
(1.23051 2.69708 2.09323)
(1.72206 2.69683 2.03535)
(2.21386 2.69656 2.04247)
(2.70551 2.69643 2.06285)
(3.19664 2.69638 2.03706)
(3.6859 2.69631 2.09353)
(4.28928 2.69333 2.00761)
(4.15926 2.69584 2.11007)
(4.47824 2.94545 2.03152)
(4.50005 2.69413 2.21777)
(0.554422 3.20441 2.02555)
(0.387057 3.45965 2.04211)
(0.321555 3.20523 2.26669)
(0.735449 3.20473 2.23909)
(1.22996 3.20445 2.10202)
(1.72194 3.2042 2.02939)
(2.21385 3.20405 2.05087)
(2.70556 3.20398 2.05308)
(3.19676 3.20399 2.04947)
(3.68612 3.20399 2.09359)
(4.2871 3.20297 2.00544)
(4.15953 3.20374 2.10545)
(4.47184 3.47056 2.02069)
(4.47727 3.20408 2.2077)
(0.561202 3.71206 2.02615)
(0.385253 3.96836 2.04273)
(0.354563 3.71407 2.26566)
(0.734624 3.71113 2.24019)
(1.22971 3.71036 2.10325)
(1.72189 3.70998 2.08698)
(2.21388 3.70981 2.08678)
(2.70566 3.70977 2.08673)
(3.19699 3.70984 2.08742)
(3.68668 3.71009 2.0907)
(4.30154 3.72813 1.98157)
(4.16287 3.71123 2.10609)
(4.55286 3.97589 1.97014)
(4.49085 3.72119 2.1918)
(0.557702 4.20871 2.02931)
(0.309017 4.46418 2.04583)
(0.334158 4.22166 2.26892)
(0.734913 4.44101 2.03273)
(0.735093 4.21046 2.24587)
(1.22964 4.36584 2.01228)
(1.22973 4.20441 2.1605)
(1.72191 4.36094 2.01212)
(1.72194 4.20395 2.15602)
(2.21393 4.36051 2.01195)
(2.21394 4.20377 2.1556)
(2.70579 4.36049 2.01194)
(2.7058 4.20375 2.15559)
(3.1972 4.361 2.01214)
(3.19731 4.20388 2.15617)
(3.68671 4.36478 2.01356)
(3.6874 4.2044 2.15993)
(4.3683 4.19302 1.9894)
(4.1664 4.35233 2.00908)
(4.16546 4.20331 2.11745)
(4.56517 4.38707 1.97726)
(4.49245 4.21095 2.17519)
(0.508788 4.63894 2.04237)
(0.237131 4.71786 2.28383)
(0.984051 4.57689 2.03214)
(0.740596 4.6321 2.25114)
(1.47597 4.54973 2.03099)
(1.22996 4.60396 2.23669)
(1.968 4.5484 2.03079)
(1.72202 4.598 2.23384)
(2.45996 4.54834 2.03078)
(2.21399 4.59761 2.23368)
(2.9518 4.54851 2.03079)
(2.70594 4.59765 2.23369)
(3.44303 4.55125 2.03109)
(3.1977 4.59895 2.23426)
(3.93082 4.55535 2.03196)
(3.68843 4.61003 2.23938)
(4.38917 4.52972 2.02707)
(4.17156 4.59956 2.23626)
(4.52603 4.58418 2.2288)
(0.491808 0.17757 2.49703)
(0.237927 0.410478 2.50775)
(0.986289 0.183368 2.49043)
(0.741071 0.427255 2.42492)
(1.48651 0.178624 2.49374)
(1.23324 0.429756 2.40668)
(1.93541 0.223794 2.44533)
(1.70601 0.447232 2.384)
(2.49106 0.223372 2.44561)
(2.21399 0.526823 2.38152)
(2.94127 0.178372 2.49356)
(2.7215 0.446815 2.38322)
(3.44156 0.202603 2.45695)
(3.19462 0.429887 2.39665)
(3.9347 0.202062 2.45793)
(3.68837 0.429616 2.39122)
(4.42175 0.179883 2.49405)
(4.17694 0.427691 2.41354)
(4.64717 0.414548 2.49433)
(0.508753 0.668393 2.43185)
(0.239442 0.919421 2.50462)
(0.986284 0.671178 2.37877)
(0.744652 0.921642 2.38107)
(1.47814 0.671165 2.3495)
(1.23683 0.921608 2.35355)
(1.94445 0.706909 2.33226)
(1.72262 0.921307 2.32545)
(2.48302 0.706368 2.33199)
(2.21388 0.929486 2.31029)
(2.95011 0.669845 2.3341)
(2.70575 0.920099 2.30974)
(3.44223 0.66932 2.34157)
(3.19638 0.919314 2.30234)
(3.93326 0.669279 2.34878)
(3.68819 0.919745 2.29704)
(4.40778 0.667328 2.41338)
(4.17494 0.919336 2.34919)
(4.62369 0.917985 2.4569)
(0.512527 1.17445 2.42394)
(0.242676 1.42804 2.50397)
(1.00349 1.17056 2.36829)
(0.74975 1.42741 2.36504)
(1.48316 1.17345 2.34354)
(1.25033 1.42409 2.36321)
(1.96821 1.1728 2.31825)
(1.72346 1.42711 2.31706)
(2.45999 1.17222 2.29669)
(2.21396 1.4258 2.29433)
(2.95086 1.17198 2.29592)
(2.70541 1.42572 2.28215)
(3.44274 1.17255 2.27619)
(3.19716 1.42608 2.27893)
(3.93275 1.17255 2.29759)
(3.68816 1.42621 2.27224)
(4.40534 1.17206 2.38664)
(4.17451 1.42606 2.33592)
(4.61484 1.42575 2.44052)
(0.524878 1.68458 2.37931)
(0.243195 1.93473 2.50356)
(0.989881 1.68423 2.3428)
(0.744806 1.93617 2.33341)
(1.47886 1.68132 2.33767)
(1.23105 1.93587 2.31726)
(1.96816 1.68044 2.29105)
(1.72221 1.93488 2.30357)
(2.4598 1.67993 2.2787)
(2.21398 1.93429 2.25886)
(2.9515 1.68001 2.27811)
(2.70574 1.93415 2.27079)
(3.44291 1.68012 2.27199)
(3.19734 1.93417 2.27067)
(3.93262 1.6801 2.29538)
(3.68816 1.93418 2.27345)
(4.405 1.67992 2.38521)
(4.17435 1.93406 2.34031)
(4.62247 1.93357 2.45516)
(0.531077 2.18755 2.3592)
(0.257922 2.442 2.49198)
(0.984965 2.18932 2.29982)
(0.746571 2.44206 2.30697)
(1.47629 2.18901 2.2937)
(1.23036 2.44295 2.28244)
(1.96806 2.18857 2.26657)
(1.72213 2.44274 2.27879)
(2.45989 2.18836 2.23567)
(2.21397 2.44256 2.23647)
(2.95162 2.18831 2.23558)
(2.70579 2.44248 2.26205)
(3.44294 2.18831 2.2718)
(3.19738 2.44246 2.23241)
(3.93253 2.18824 2.29337)
(3.68816 2.44244 2.27922)
(4.40321 2.1872 2.39183)
(4.17264 2.44206 2.31095)
(4.64301 2.44208 2.48934)
(0.527725 2.69497 2.38021)
(0.237984 2.95113 2.5039)
(0.985064 2.69682 2.29065)
(0.746563 2.95081 2.34667)
(1.47619 2.69684 2.23896)
(1.23015 2.9509 2.28683)
(1.96803 2.69671 2.2262)
(1.72207 2.9508 2.20349)
(2.4599 2.69663 2.26201)
(2.21396 2.95073 2.26208)
(2.95165 2.6966 2.22193)
(2.7058 2.95069 2.26205)
(3.44296 2.69659 2.27176)
(3.1974 2.95068 2.2326)
(3.93241 2.69652 2.28051)
(3.68817 2.95066 2.27926)
(4.38884 2.69578 2.32248)
(4.1719 2.95052 2.28622)
(4.54875 2.95068 2.3646)
(0.517174 3.20514 2.40695)
(0.277746 3.45959 2.47882)
(0.984542 3.20493 2.32461)
(0.744883 3.45898 2.36045)
(1.47608 3.20481 2.24009)
(1.22999 3.45871 2.29137)
(1.96801 3.20473 2.22782)
(1.72203 3.45857 2.27161)
(2.4599 3.20468 2.25217)
(2.21396 3.45851 2.27145)
(2.95168 3.20467 2.23839)
(2.70583 3.45849 2.27144)
(3.443 3.20468 2.27177)
(3.19746 3.45851 2.27159)
(3.93242 3.20466 2.27995)
(3.68825 3.45855 2.27222)
(4.38677 3.20593 2.3036)
(4.17289 3.45879 2.28036)
(4.5652 3.4632 2.37231)
(0.526432 3.71327 2.38346)
(0.292212 3.96834 2.47124)
(0.984317 3.71238 2.32245)
(0.744758 3.96583 2.36094)
(1.47602 3.71211 2.2684)
(1.22993 3.96501 2.29823)
(1.968 3.712 2.26972)
(1.72202 3.96475 2.29323)
(2.45992 3.71196 2.2697)
(2.21397 3.96467 2.29312)
(2.95173 3.71197 2.26979)
(2.70588 3.96466 2.29311)
(3.44312 3.71203 2.27094)
(3.19757 3.96471 2.2932)
(3.93274 3.71215 2.2777)
(3.68849 3.96486 2.29488)
(4.39675 3.71319 2.31104)
(4.17417 3.96522 2.2844)
(4.58979 3.96502 2.40022)
(0.520802 4.21859 2.39889)
(0.264378 4.47293 2.49059)
(0.984284 4.21535 2.34514)
(0.741085 4.45685 2.40659)
(1.47602 4.21505 2.3335)
(1.23001 4.45462 2.38528)
(1.96801 4.21489 2.33233)
(1.72204 4.45377 2.37935)
(2.45995 4.21486 2.33227)
(2.214 4.45367 2.37894)
(2.95181 4.21488 2.33245)
(2.70593 4.45367 2.37898)
(3.44332 4.21499 2.33495)
(3.19772 4.45385 2.38044)
(3.93314 4.2148 2.32883)
(3.68887 4.45462 2.39162)
(4.39253 4.21444 2.29067)
(4.17483 4.45099 2.3646)
(4.55701 4.45303 2.36741)
(0.491394 4.70777 2.49693)
(0.984115 4.68187 2.45621)
(1.47608 4.67205 2.4379)
(1.96802 4.67106 2.43621)
(2.45999 4.67103 2.43616)
(2.95192 4.67123 2.43649)
(3.44362 4.67424 2.44206)
(3.93403 4.70131 2.48955)
(4.40607 4.66539 2.42936)
(4.82 0.191004 0.170379)
(4.82 0.663695 0.172904)
(4.74151 1.17154 0.18467)
(4.73223 1.6798 0.186024)
(4.73171 2.18753 0.186074)
(4.73093 2.69173 0.18689)
(4.73369 3.18909 0.187708)
(4.92 3.61367 0.209851)
(4.92 4.2103 0.275604)
(4.92 4.61604 0.262759)
(4.82 0.190875 0.61437)
(4.67741 0.66392 0.61569)
(4.62208 1.1716 0.616451)
(4.61463 1.67983 0.616534)
(4.61422 2.18739 0.616439)
(4.61421 2.6904 0.61633)
(4.6294 3.18551 0.616748)
(4.92 4.57292 0.618548)
(4.76448 0.198588 1.09154)
(4.62999 0.664076 1.09179)
(4.59732 1.17167 1.09195)
(4.59516 1.67985 1.09197)
(4.59519 2.18736 1.09196)
(4.59653 2.69007 1.09212)
(4.61729 3.18461 1.09292)
(4.92 4.56635 1.09393)
(4.76448 0.198588 1.56846)
(4.62999 0.664076 1.56821)
(4.59733 1.17167 1.56805)
(4.59557 1.67986 1.56803)
(4.59713 2.1875 1.56812)
(4.59708 2.69111 1.5688)
(4.61694 3.18874 1.57119)
(4.92 4.57013 1.56995)
(4.82 0.190875 2.04563)
(4.67741 0.66392 2.04431)
(4.62236 1.1716 2.04355)
(4.61978 1.67986 2.04345)
(4.63671 2.18782 2.04362)
(4.6146 2.69341 2.04479)
(4.60806 3.19659 2.04805)
(4.92 3.70535 2.03979)
(4.92 4.21801 2.09997)
(4.92 4.5892 2.04113)
(4.82 0.191 2.48962)
(4.82 0.663693 2.4871)
(4.74202 1.17154 2.47539)
(4.74147 1.67985 2.47514)
(4.82 2.18813 2.48522)
(4.69317 2.69448 2.42721)
(4.6654 3.20907 2.42124)
(4.65811 3.70957 2.46285)
(4.64902 4.21254 2.4438)
(4.67695 4.63534 2.4337)
(-0.533365 -0.1 0.138331)
(-0.528111 -0.1 0.614936)
(-0.527678 -0.1 1.09165)
(-0.531594 -0.1 1.56835)
(-0.527805 -0.1 2.04507)
(-0.529624 -0.1 2.52178)
(0.292107 0 0.167901)
(0.291029 1.74014e-17 0.612792)
(0.290153 4.11997e-17 1.09121)
(0.290097 6.49437e-17 1.56879)
(0.291023 8.86335e-17 2.04722)
(0.292152 1.10656e-16 2.49211)
(0.739151 0 0.171529)
(0.738968 0.130083 0.615039)
(0.738881 0.168597 1.09166)
(0.738875 0.1686 1.56837)
(0.738965 0.130084 2.04498)
(0.739157 7.99599e-17 2.48849)
(1.23498 0 0.172964)
(1.23622 0.1714 0.615617)
(1.23664 0.218336 1.09177)
(1.23664 0.218336 1.56826)
(1.23621 0.171399 2.04441)
(1.23498 4.60583e-17 2.48705)
(1.68835 0.0617888 0.191776)
(1.66577 0.188049 0.615031)
(1.65969 0.217465 1.09162)
(1.65969 0.217465 1.5684)
(1.66577 0.188048 2.04498)
(1.68836 0.061783 2.46823)
(2.73935 0.0619358 0.191797)
(2.76188 0.188882 0.615036)
(2.76828 0.219708 1.09162)
(2.76828 0.219708 1.56839)
(2.76188 0.188881 2.04497)
(2.73935 0.0619328 2.46821)
(3.193 0 0.173392)
(3.19163 0.182746 0.615808)
(3.19119 0.223357 1.0918)
(3.19119 0.223357 1.5682)
(3.19163 0.182746 2.0442)
(3.193 1.83908e-17 2.48661)
(3.68892 0.0691789 0.183982)
(3.68861 0.192999 0.616318)
(3.68846 0.222243 1.0919)
(3.68846 0.222243 1.56809)
(3.68861 0.192999 2.04368)
(3.68892 0.0691798 2.47603)
(4.18112 0 0.172991)
(4.18082 0.142179 0.615665)
(4.1806 0.189575 1.09177)
(4.1806 0.189575 1.56823)
(4.18082 0.142179 2.04433)
(4.18112 4.66207e-17 2.487)
(4.6384 0 0.170258)
(4.63803 1.0842e-17 0.614366)
(4.62942 0.0558331 1.09153)
(4.62942 0.0558331 1.56847)
(4.63803 4.81657e-17 2.04563)
(4.63839 5.97666e-17 2.48974)
(-0.547162 4.985 0.138387)
(-0.544326 4.985 0.614932)
(-0.543775 4.985 1.09164)
(-0.544194 4.985 1.56836)
(-0.543909 4.985 2.04507)
(-0.546025 4.985 2.52161)
(0.292067 4.885 0.167898)
(0.290945 4.885 0.612805)
(0.338683 4.77437 1.09018)
(0.338673 4.77439 1.56982)
(0.290945 4.885 2.04719)
(0.292067 4.885 2.4921)
(0.738311 4.885 0.17176)
(0.737873 4.74271 0.615146)
(0.737707 4.68652 1.09168)
(0.737708 4.68652 1.56832)
(0.737873 4.74271 2.04485)
(0.738312 4.885 2.48824)
(1.23015 4.80638 0.185286)
(1.23006 4.68683 0.616328)
(1.23006 4.66198 1.09191)
(1.23006 4.66198 1.56809)
(1.23006 4.68679 2.04367)
(1.23015 4.80629 2.4747)
(1.72204 4.79921 0.186562)
(1.72205 4.68058 0.616494)
(1.72205 4.6602 1.09195)
(1.72205 4.66011 1.56805)
(1.72205 4.67913 2.04351)
(1.72204 4.79666 2.47309)
(2.214 4.82655 0.184059)
(2.21401 4.6921 0.616482)
(2.21401 4.66119 1.09195)
(2.21401 4.66009 1.56805)
(2.21401 4.67878 2.04352)
(2.214 4.79614 2.47307)
(2.70597 4.885 0.174831)
(2.70597 4.70202 0.616481)
(2.70596 4.66203 1.09195)
(2.70596 4.66012 1.56805)
(2.70597 4.67881 2.04352)
(2.70598 4.79621 2.47308)
(3.19776 4.80564 0.185632)
(3.19777 4.68394 0.616489)
(3.19776 4.66046 1.09196)
(3.19778 4.66016 1.56806)
(3.19784 4.68015 2.04351)
(3.1979 4.79862 2.47337)
(3.68763 4.79629 0.186727)
(3.68764 4.67881 0.616513)
(3.68769 4.6601 1.092)
(3.68801 4.66104 1.56817)
(3.68875 4.69071 2.04373)
(3.68944 4.8262 2.47607)
(4.16645 4.79429 0.186035)
(4.16536 4.67816 0.616608)
(4.16552 4.66067 1.09225)
(4.16788 4.66204 1.56901)
(4.17293 4.69591 2.04549)
(4.17807 4.885 2.48781)
(4.57383 4.78519 0.198006)
(4.55765 4.68142 0.617094)
(4.55493 4.66756 1.0931)
(4.55969 4.67049 1.5702)
(4.55761 4.69652 2.04188)
(4.58739 4.80381 2.47118)
(-0.531926 0.154241 -0.1)
(-0.521885 0.662715 -0.1)
(-0.516045 1.17131 -0.1)
(-0.519308 1.67979 -0.1)
(-0.518755 2.18828 -0.1)
(-0.520008 2.69679 -0.1)
(-0.527068 3.2053 -0.1)
(-0.534299 3.71381 -0.1)
(-0.539997 4.22233 -0.1)
(-0.546081 4.7307 -0.1)
(0.308228 0.206208 0.0706727)
(0.307937 0.662572 0.149719)
(0.309387 1.1713 0.167635)
(0.30943 1.67983 0.168306)
(0.309431 2.18829 0.168306)
(0.309453 2.69676 0.168306)
(0.30945 3.20521 0.168295)
(0.309351 3.71372 0.167469)
(0.307974 4.22244 0.150168)
(0.308237 4.67882 0.070786)
(0.73892 0.190757 9.59519e-18)
(0.738436 0.663926 0.175896)
(0.738277 1.17166 0.220005)
(0.738272 1.67995 0.22305)
(0.738278 2.18832 0.223105)
(0.738273 2.69674 0.223105)
(0.73825 3.20511 0.22306)
(0.738187 3.71337 0.22081)
(0.738154 4.22106 0.184269)
(0.73836 4.69429 2.06866e-16)
(1.23331 0.191602 9.62229e-18)
(1.23154 0.664058 0.176379)
(1.23056 1.1716 0.222414)
(1.23029 1.67994 0.225677)
(1.23025 2.18832 0.225745)
(1.23023 2.69673 0.225745)
(1.23021 3.20507 0.225745)
(1.23019 3.7132 0.225745)
(1.23014 4.22047 0.202039)
(1.23016 4.68413 0.0791267)
(1.69198 0.214583 0.0635826)
(1.71972 0.668367 0.197761)
(1.72278 1.17111 0.224114)
(1.72219 1.67981 0.225718)
(1.7221 2.1883 0.225745)
(1.72209 2.69672 0.225745)
(1.72208 3.20505 0.247916)
(1.72207 3.71316 0.237901)
(1.72206 4.22035 0.206097)
(1.72205 4.68313 0.086037)
(2.21394 0.722185 0.215342)
(2.21398 1.17072 0.22547)
(2.21401 1.6797 0.225743)
(2.21401 2.18827 0.225745)
(2.21401 2.69671 0.244392)
(2.21401 3.20504 0.260412)
(2.21401 3.71314 0.237713)
(2.21401 4.22033 0.195743)
(2.21401 4.68492 0.0581548)
(2.73576 0.214543 0.0637191)
(2.70817 0.668312 0.198414)
(2.70522 1.17106 0.22422)
(2.70585 1.67977 0.225745)
(2.70594 2.18827 0.26724)
(2.70595 2.69671 0.225745)
(2.70595 3.20504 0.265411)
(2.70595 3.71314 0.237596)
(2.70596 4.22032 0.187001)
(2.70597 4.69243 1.08203e-16)
(3.19469 0.191545 0)
(3.19642 0.663992 0.184817)
(3.19744 1.17154 0.225299)
(3.19774 1.67988 0.250499)
(3.19778 2.18828 0.286668)
(3.19777 2.6967 0.285683)
(3.19773 3.20502 0.259938)
(3.1977 3.71311 0.238008)
(3.19773 4.22031 0.202988)
(3.19774 4.68382 0.0793622)
(3.68915 0.199486 0.0686738)
(3.68929 0.664338 0.19536)
(3.68937 1.17171 0.233241)
(3.68939 1.67992 0.236191)
(3.68937 2.18827 0.236398)
(3.68918 2.69663 0.235323)
(3.68856 3.20476 0.230125)
(3.68793 3.71276 0.239072)
(3.68776 4.22027 0.207711)
(3.68755 4.68315 0.0890781)
(4.18098 0.191446 0)
(4.18048 0.664172 0.148135)
(4.18019 1.17167 0.199782)
(4.18012 1.67989 0.206609)
(4.17997 2.1882 0.206906)
(4.17871 2.69617 0.206883)
(4.17489 3.20318 0.209744)
(4.17114 3.71076 0.226204)
(4.16987 4.22031 0.206977)
(4.16763 4.68578 0.0906926)
(4.6377 0.191479 0)
(4.63731 0.663778 0)
(4.6277 1.17156 0.078511)
(4.62649 1.67984 0.0879703)
(4.62609 2.18797 0.0884383)
(4.62242 2.69453 0.0883458)
(4.61118 3.1975 0.0905872)
(4.61923 3.70487 0.131397)
(4.65615 4.22023 0.190808)
(4.60656 4.6721 0.0978708)
(-0.524846 0.154243 2.76)
(-0.501304 0.663398 2.76)
(-0.463028 1.17337 2.76)
(-0.454513 1.68036 2.76)
(-0.464045 2.18833 2.76)
(-0.487388 2.69688 2.76)
(-0.513863 3.20534 2.76)
(-0.527907 3.71384 2.76)
(-0.536741 4.22235 2.76)
(-0.544264 4.73071 2.76)
(0.2931 0.189968 2.66)
(0.292372 0.662679 2.66)
(0.292462 1.17159 2.66)
(0.300643 1.68004 2.58354)
(0.300947 2.18842 2.5773)
(0.298823 2.69685 2.60296)
(0.291117 3.20525 2.66)
(0.299322 3.71374 2.58411)
(0.298902 4.22248 2.59326)
(0.292919 4.69512 2.66)
(0.738963 0.190878 2.66)
(0.738602 0.66417 2.52919)
(0.738595 1.17197 2.48392)
(0.738611 1.6802 2.4604)
(0.73855 2.18846 2.45667)
(0.738442 2.6968 2.46694)
(0.738319 3.20513 2.47814)
(0.738207 3.71338 2.46246)
(0.73816 4.22106 2.49407)
(0.738362 4.69429 2.66)
(1.23332 0.19175 2.66)
(1.23159 0.664297 2.48703)
(1.23066 1.17189 2.44071)
(1.23041 1.68018 2.4356)
(1.23036 2.18845 2.43507)
(1.23032 2.69678 2.41948)
(1.23026 3.20508 2.43425)
(1.2302 3.71321 2.43425)
(1.23015 4.22047 2.45877)
(1.23016 4.68413 2.5809)
(1.69199 0.214664 2.59642)
(1.71974 0.668506 2.46231)
(1.72281 1.17128 2.43595)
(1.72223 1.67995 2.4343)
(1.72214 2.18837 2.43425)
(1.72212 2.69675 2.3785)
(1.7221 3.20506 2.37795)
(1.72208 3.71316 2.42182)
(1.72207 4.22035 2.45249)
(1.72205 4.68283 2.57121)
(2.21395 0.722233 2.44466)
(2.21399 1.17079 2.43453)
(2.21402 1.67976 2.42656)
(2.21402 2.18831 2.39317)
(2.21402 2.69672 2.40419)
(2.21401 3.20505 2.41073)
(2.21401 3.71315 2.42227)
(2.21401 4.22033 2.45218)
(2.21401 4.68276 2.57063)
(2.73576 0.214567 2.59628)
(2.70818 0.668335 2.46159)
(2.70522 1.17108 2.43579)
(2.70585 1.67979 2.43428)
(2.70594 2.18828 2.40681)
(2.70595 2.69671 2.43425)
(2.70595 3.20504 2.41409)
(2.70595 3.71314 2.42228)
(2.70596 4.22033 2.45222)
(2.70598 4.68277 2.57072)
(3.19469 0.19156 2.66)
(3.19642 0.663997 2.47518)
(3.19744 1.17154 2.43471)
(3.19774 1.67988 2.43426)
(3.19778 2.18828 2.40603)
(3.19778 2.69671 2.38816)
(3.19779 3.20504 2.40667)
(3.1978 3.71315 2.42266)
(3.19783 4.22035 2.45348)
(3.19788 4.68309 2.5733)
(3.68915 0.19944 2.59133)
(3.68929 0.664319 2.46464)
(3.68937 1.17171 2.42684)
(3.6894 1.67992 2.42496)
(3.68941 2.18828 2.43035)
(3.6894 2.69671 2.43428)
(3.68936 3.20505 2.43425)
(3.68934 3.71318 2.42577)
(3.68942 4.22044 2.4614)
(3.68959 4.68507 2.60118)
(4.18098 0.191398 2.66)
(4.18048 0.664151 2.51187)
(4.18019 1.17167 2.46049)
(4.18014 1.6799 2.45772)
(4.18017 2.18827 2.46919)
(4.18012 2.69669 2.44409)
(4.1798 3.20499 2.43961)
(4.17934 3.71316 2.44333)
(4.17936 4.22071 2.44962)
(4.17978 4.69357 2.66)
(4.6377 0.191462 2.66)
(4.63731 0.66377 2.66)
(4.62776 1.17156 2.58202)
(4.62757 1.67986 2.58133)
(4.6366 2.18825 2.66)
(4.57861 2.6954 2.52822)
(4.57252 3.21212 2.50544)
(4.61303 3.71314 2.52091)
(4.59212 4.21346 2.49779)
(4.58254 4.66987 2.55652)
(-0.217196 1.68403 1.09263)
(1.10882 1.21929 1.20943)
(1.07738 1.21929 1.56845)
(0.73661 1.21929 1.89557)
(-0.448048 1.93683 1.09111)
(-0.459464 1.68842 1.32995)
(-0.222477 1.93844 1.33108)
(1.2317 0.953568 0.866002)
(1.47753 1.19928 0.869443)
(1.47854 0.952767 1.09746)
(1.23104 1.4562 0.867798)
(1.47713 1.45806 1.09904)
(1.23017 0.973313 1.3315)
(1.47717 1.21093 1.33092)
(1.47802 0.958339 1.56533)
(1.23119 1.46784 1.3305)
(1.47714 1.46054 1.56347)
(1.23011 0.972016 1.8018)
(0.983815 0.969577 2.03502)
(1.47711 1.20932 1.7989)
(1.23117 1.46648 1.80068)
(0.985438 1.46366 2.03417)
(-0.448777 1.68498 1.09093)
(-0.216757 1.9359 1.09281)
(-0.224523 1.68996 1.3307)
(1.23095 1.20777 0.86446)
(1.23101 0.964628 1.09542)
(1.47722 1.2085 1.09686)
(1.23099 1.46548 1.09582)
(1.08074 1.21929 1.35798)
(1.22959 0.976739 1.56719)
(1.47713 1.21126 1.56556)
(1.23109 1.46703 1.56617)
(1.08073 1.21929 1.77892)
(0.737832 0.972818 2.03547)
(0.95578 1.21929 1.90012)
(0.740419 1.46179 2.03554)
(1.10881 1.21929 1.92746)
(1.47824 0.947311 2.02575)
(1.47698 1.45195 2.02051)
(1.23088 0.960669 2.03363)
(1.47707 1.20431 2.02859)
(1.23093 1.46165 2.03112)
(-0.214493 2.18885 1.09274)
(-0.282544 1.73003 1.58138)
(-0.221731 2.18919 1.56848)
(0.768684 0.698178 0.668341)
(1.72839 0.673479 0.632453)
(2.69782 0.670639 0.632772)
(0.736987 1.19052 0.636479)
(1.23102 1.19267 0.645368)
(2.21352 1.17213 0.651359)
(0.781212 1.6876 0.65117)
(0.791662 2.19049 0.676543)
(0.789144 2.69587 0.670475)
(0.732629 3.20428 0.641283)
(0.731951 3.70937 0.640011)
(4.59519 3.75551 0.63496)
(0.774519 4.19104 0.655187)
(0.736235 0.714287 1.09576)
(1.23323 0.709482 1.09634)
(1.68149 0.746622 1.0883)
(2.76488 0.759009 1.09619)
(1.72351 1.19523 1.10003)
(2.21563 1.22463 1.10278)
(1.23142 1.71127 1.09835)
(0.250142 2.18941 1.0956)
(0.785634 2.68721 1.10639)
(0.790797 3.20319 1.10044)
(0.790015 3.70703 1.0996)
(4.58196 3.75918 1.0948)
(0.731538 4.19921 1.0952)
(0.734632 0.741639 1.56727)
(1.23217 0.718741 1.56621)
(1.68278 0.749567 1.56271)
(2.76488 0.759068 1.56393)
(1.72341 1.19768 1.56257)
(2.21721 1.24132 1.55452)
(1.23163 1.71301 1.56281)
(0.251878 2.19033 1.56687)
(0.769577 2.68559 1.56005)
(0.78977 3.20286 1.55971)
(0.789854 3.70704 1.56035)
(4.59362 3.75144 1.56412)
(0.731559 4.19921 1.56478)
(4.65821 4.19428 1.55634)
(0.73658 0.709022 2.03156)
(1.23283 0.702571 2.02799)
(1.72819 0.676317 2.02954)
(2.69782 0.670739 2.02733)
(1.72332 1.18951 2.01696)
(2.21349 1.17356 2.01003)
(0.740904 1.7029 2.02612)
(1.2313 1.70409 2.01839)
(0.758954 2.19289 1.96209)
(0.763071 2.6916 1.99667)
(0.733749 3.20434 2.01848)
(0.732172 3.7094 2.01994)
(0.768898 4.19286 2.00765)
(-0.453778 2.19017 1.33012)
(-0.460937 1.93937 1.56849)
(0.00680064 2.18742 1.33232)
(0.984407 0.941645 0.64151)
(1.47896 0.93455 0.645111)
(2.94577 0.926106 0.647737)
(0.984325 1.4434 0.644709)
(1.47699 1.44039 0.651787)
(1.97027 1.43358 0.713905)
(2.46311 1.43341 0.715449)
(0.984034 1.94195 0.649562)
(1.01037 2.44297 0.745901)
(0.999176 2.95045 0.710606)
(0.996765 3.45626 0.705559)
(0.996762 3.95094 0.69955)
(4.37608 3.98427 0.653773)
(4.92 4.01384 0.633206)
(0.985167 0.704622 0.863874)
(1.47618 0.718241 0.860419)
(2.97271 0.729084 0.879895)
(1.72524 0.932904 0.868338)
(1.96864 1.17987 0.874404)
(2.73526 0.967473 0.88249)
(2.45788 1.17384 0.875682)
(2.97445 0.969504 1.10317)
(1.723 1.44343 0.875598)
(1.47705 1.70365 0.870528)
(2.21312 1.43061 0.880782)
(1.96824 1.43951 1.10351)
(2.47675 1.46211 1.11612)
(1.23114 1.95451 0.870973)
(1.01326 2.19179 0.917454)
(1.47706 1.95634 1.10343)
(0.787421 2.43881 0.891625)
(1.02062 2.69215 0.937638)
(1.02487 2.43548 1.12103)
(0.787137 2.94935 0.881483)
(0.979441 3.20308 0.873983)
(1.0325 2.94652 1.11685)
(0.730872 3.45648 0.867168)
(0.978454 3.70509 0.872244)
(1.02251 3.45404 1.11234)
(4.35029 3.73396 0.86705)
(4.92 3.6269 0.856777)
(0.730921 3.9567 0.864987)
(0.980103 4.19276 0.865746)
(1.02019 3.93749 1.10953)
(4.62017 3.99779 0.864102)
(4.37385 3.98176 1.09686)
(4.92 4.01772 1.09415)
(0.983269 0.731087 1.33225)
(1.48172 0.700133 1.33095)
(2.99862 0.770699 1.33023)
(1.72498 0.94021 1.33094)
(1.96852 1.18485 1.33088)
(2.7647 1.00607 1.33031)
(2.49997 1.24696 1.3311)
(2.97445 0.969581 1.55722)
(1.72299 1.45139 1.33127)
(1.47727 1.71003 1.3308)
(2.22781 1.47348 1.32437)
(1.96821 1.44097 1.55863)
(2.47704 1.46239 1.54495)
(0.496457 2.19326 1.33094)
(1.23168 1.96056 1.33046)
(1.47728 1.95823 1.55859)
(0.764025 2.43456 1.3327)
(1.01667 2.68813 1.33197)
(1.00169 2.43888 1.55303)
(0.817402 2.94255 1.33174)
(1.02784 3.20178 1.33092)
(1.01683 2.94634 1.55013)
(0.794001 3.45577 1.33044)
(1.02643 3.70152 1.33044)
(1.02261 3.45403 1.54859)
(4.36617 3.72573 1.32992)
(4.92 3.62853 1.33194)
(0.792511 3.95088 1.33001)
(0.979494 4.18953 1.32999)
(1.02006 3.93755 1.55055)
(4.62841 3.97984 1.32782)
(4.41075 4.19186 1.3261)
(4.37909 3.96373 1.55662)
(4.92 4.19231 1.32533)
(4.92 3.99267 1.55675)
(0.983239 0.72888 1.7996)
(1.47833 0.723169 1.79798)
(2.97271 0.729144 1.7802)
(1.72488 0.938175 1.795)
(1.96857 1.18283 1.78819)
(2.73524 0.967652 1.77776)
(2.45786 1.17458 1.7852)
(2.94577 0.926213 2.01238)
(1.72294 1.44848 1.78868)
(1.47722 1.70654 1.78886)
(2.21311 1.43207 1.78084)
(1.97447 1.43567 1.94929)
(2.46311 1.43424 1.94538)
(1.23168 1.95692 1.78712)
(1.00561 2.20658 1.73913)
(0.986036 1.9489 2.01311)
(1.47696 1.94823 2.006)
(0.76002 2.43675 1.77814)
(0.984187 2.69815 1.78466)
(0.992571 2.44348 1.95177)
(0.781823 2.94618 1.78004)
(0.980287 3.20316 1.78585)
(0.99826 2.94979 1.95584)
(0.731366 3.45652 1.79272)
(0.978669 3.70511 1.7877)
(0.996529 3.45631 1.95662)
(0.73101 3.95671 1.79498)
(0.980139 4.19277 1.79425)
(0.996449 3.95107 1.96175)
(-0.444716 2.1897 1.09114)
(-0.220191 2.1891 1.33087)
(0 2.19831 0.960788)
(-0.515011 1.717 1.58005)
(-0.223957 1.93974 1.5684)
(-0.457252 2.19038 1.56853)
(0.00846622 2.18722 1.56822)
(1.00329 0.701965 0.681103)
(0.784502 0.932701 0.647883)
(0.778676 0.704851 0.847889)
(1.47421 0.709034 0.681066)
(1.23185 0.940203 0.643915)
(1.23373 0.70128 0.864739)
(1.7129 0.945998 0.682417)
(1.68396 0.738626 0.864613)
(2.94345 0.677837 0.63895)
(2.7005 0.922351 0.643105)
(2.74443 0.732071 0.869615)
(0.984283 1.19341 0.64228)
(0.786458 1.4334 0.630086)
(1.47753 1.18774 0.64889)
(1.23077 1.444 0.647915)
(1.95918 1.19386 0.705042)
(1.72359 1.1894 0.872653)
(2.47161 1.19306 0.704252)
(2.21414 1.4339 0.714396)
(2.21323 1.17402 0.874731)
(0.984227 1.69219 0.647221)
(0.778027 1.93946 0.662622)
(1.23122 1.70621 0.867358)
(1.00277 2.19121 0.711022)
(0.813456 2.44115 0.687312)
(0.763421 2.19197 0.883805)
(1.00512 2.69636 0.727351)
(0.733619 2.9508 0.641588)
(0.794181 2.69202 0.887105)
(0.997408 3.20377 0.705663)
(0.732104 3.45731 0.64091)
(0.731782 3.2039 0.867403)
(0.996745 3.70721 0.703598)
(0.732235 3.95917 0.638215)
(0.730531 3.70796 0.866268)
(4.35181 3.73629 0.651847)
(4.62013 4.00136 0.644661)
(4.59032 3.75598 0.860432)
(0.994918 4.17522 0.682804)
(0.778342 4.18099 0.868014)
(0.984623 0.716448 1.09625)
(0.735256 0.733638 1.33303)
(1.47952 0.719101 1.0832)
(1.23258 0.716394 1.33136)
(1.7251 0.937792 1.09826)
(1.69723 0.731565 1.3211)
(2.98386 0.746832 1.09911)
(2.74764 0.984034 1.10044)
(2.77907 0.777388 1.33006)
(1.95766 1.22811 1.08761)
(1.72301 1.44909 1.10159)
(1.72345 1.19761 1.33116)
(2.48211 1.21659 1.10621)
(2.2263 1.46911 1.10855)
(2.21587 1.22968 1.32829)
(1.47721 1.70833 1.10015)
(1.23151 1.95918 1.10036)
(1.23161 1.71342 1.33057)
(0.522511 2.1852 1.12656)
(0.251227 2.19018 1.33151)
(0.777264 2.43461 1.10964)
(1.0272 2.68785 1.11827)
(0.802064 2.94639 1.10309)
(0.7727 2.68583 1.33201)
(1.0229 3.2023 1.11199)
(0.790652 3.45606 1.10011)
(0.810228 3.20256 1.33017)
(1.02226 3.70255 1.11099)
(0.788942 3.95192 1.09879)
(0.809512 3.70662 1.33002)
(4.35023 3.73476 1.09636)
(4.61235 4.00234 1.09516)
(4.59975 3.7502 1.33069)
(1.00612 4.14357 1.10157)
(0.783192 4.17595 1.32999)
(4.65901 4.19163 1.32558)
(0.982419 0.73681 1.56673)
(0.735342 0.731955 1.8001)
(1.48267 0.725198 1.56052)
(1.23243 0.713958 1.79932)
(1.72491 0.940378 1.56389)
(1.68449 0.74162 1.79565)
(2.98387 0.746882 1.56099)
(2.74763 0.984139 1.55981)
(2.74442 0.732157 1.7905)
(1.96211 1.23188 1.55362)
(1.72298 1.45135 1.5611)
(1.72339 1.19522 1.79199)
(2.48212 1.21698 1.55463)
(2.22706 1.46732 1.54382)
(2.2141 1.21899 1.76613)
(1.47733 1.7101 1.5611)
(1.23182 1.96086 1.56025)
(1.23158 1.71055 1.79291)
(0.496824 2.19351 1.56479)
(0.767604 2.43046 1.55882)
(0.752166 2.19586 1.77416)
(1.00183 2.69149 1.55401)
(0.796406 2.94399 1.55923)
(0.762435 2.68941 1.78311)
(1.02231 3.20206 1.54859)
(0.790385 3.45605 1.55991)
(0.732852 3.20394 1.79238)
(1.0222 3.70257 1.54909)
(0.788706 3.95195 1.56119)
(0.730748 3.70798 1.79367)
(4.33385 3.73341 1.56103)
(4.62768 3.97734 1.5567)
(1.00615 4.14357 1.55841)
(0.776694 4.18171 1.79218)
(4.41096 4.1943 1.55923)
(0.984577 0.709733 2.02928)
(1.48757 0.725212 1.98968)
(1.72351 0.958599 1.98369)
(2.94345 0.677905 2.02113)
(2.70049 0.922548 2.01709)
(1.96675 1.19798 1.95724)
(1.76493 1.43043 1.97434)
(2.47163 1.19382 1.95649)
(2.2144 1.43534 1.94706)
(0.985914 1.70501 2.02226)
(0.74106 1.94687 2.0189)
(1.47704 1.69997 2.01275)
(1.23137 1.95021 2.00971)
(0.992566 2.19858 1.94858)
(0.772382 2.43456 1.9574)
(0.997945 2.69414 1.95348)
(0.77311 2.9483 1.99725)
(0.997342 3.20377 1.95713)
(0.732614 3.45735 2.01899)
(0.996472 3.70725 1.95795)
(0.732327 3.95918 2.02176)
(0.99461 4.17581 1.97825)
(4.92 3.62893 0.621755)
(4.92 3.63723 1.094)
(4.92 3.63264 1.56913)
(4.92 4.19529 1.55332)
(1.72351 1.18147 0.651035)
(1.72288 1.43546 0.654974)
(1.2523 0.702953 0.681613)
(0.31746 3.7147 1.8083)
(0.293605 3.45993 2.04768)
(0.281533 4.22548 1.80843)
(0.291538 3.96978 2.0478)
(0.262702 0.91514 0.850217)
(0.1 4.69751 1.80856)
(-0.427241 3.45956 2.76)
(0.194525 4.47298 2.04917)
(-0.427658 4.985 2.04509)
(0.1 0.187631 2.28414)
(0.114901 1.23165e-16 2.49875)
(0.493934 1.21929 1.75918)
(0.944254 1.21929 1.76783)
(0.166931 0.661704 2.28076)
(0.189175 1.43061 0.865788)
(0.1 0.410731 2.49275)
(-0.427654 3.96811 2.76)
(0.1 1.16799 2.28825)
(0.1 0.917027 2.49086)
(0.233584 0.415712 0.122471)
(0.1 1.68042 2.31123)
(0.1 1.42582 2.49298)
(0.271087 2.94808 1.80826)
(0.1 2.19414 2.30499)
(0.1 1.93451 2.49431)
(0.179451 1.93439 0.863009)
(0.176783 2.69705 2.28049)
(0.12534 2.44345 2.48665)
(-0.427658 4.47658 2.76)
(0.234147 0.916676 0.125529)
(0.209929 3.20549 2.27824)
(0.245842 1.21929 1.56859)
(0.1 2.95129 2.48986)
(0.731131 1.21929 1.56848)
(0.316459 3.45998 1.8083)
(0.252537 3.71447 2.28046)
(0.158345 3.45971 2.47798)
(0.226344 4.22482 2.28135)
(0.178768 3.96903 2.47576)
(0.219236 2.43147 0.872634)
(-0.427531 4.985 2.76)
(0.1 4.6975 2.28408)
(0.13813 4.47368 2.48472)
(0.235334 1.42549 0.127041)
(-0.427658 4.985 2.52152)
(0.30942 3.96993 1.80834)
(-0.427146 0.154169 2.76)
(-0.420589 0.663065 2.76)
(0.309888 2.95045 0.852542)
(-0.389212 1.17216 2.76)
(-0.364956 1.68007 2.76)
(0.23535 1.93401 0.127006)
(-0.370607 2.18827 2.76)
(-0.405258 2.69673 2.76)
(0.215291 4.46984 1.8096)
(-0.425396 3.20527 2.76)
(-0.427607 3.71384 2.76)
(0.325132 3.45992 0.851656)
(-0.427657 4.22237 2.76)
(-0.427658 4.73063 2.76)
(0.235346 2.44252 0.127002)
(-0.427658 4.985 1.80672)
(0.189469 0.209685 0.193066)
(0.252592 0.661034 0.197194)
(0.315191 3.96992 0.851656)
(0.26983 1.17093 0.200541)
(0.273357 1.67973 0.20096)
(0.235297 2.95101 0.12698)
(0.279863 2.18828 0.202067)
(0.266726 2.69679 0.199836)
(0.116214 1.12323e-16 2.28442)
(0.266731 3.20532 0.199964)
(0.221418 4.46952 0.850346)
(0.266165 3.71417 0.200009)
(0.252591 4.22395 0.197251)
(0.189523 4.67528 0.19309)
(0.235158 3.45953 0.126939)
(0.1 0.187444 0.61144)
(0.144441 0.410841 2.28206)
(0.27578 0.660401 0.611742)
(0.285264 1.17298 0.612387)
(-0.427658 4.985 0.853275)
(0.270331 1.68019 0.616011)
(0.285578 2.18845 0.616558)
(0.233804 3.96832 0.125211)
(0.312941 2.69591 0.61309)
(0.149451 0.91593 2.28167)
(0.32302 3.20544 0.612227)
(0.321209 3.71459 0.612296)
(0.112916 6.5269e-17 1.32998)
(0.285359 4.22526 0.611959)
(0.1 4.69754 0.611501)
(0.1 0.187928 1.09084)
(0.233726 4.46927 0.122623)
(0.247641 0.660233 1.08912)
(0.1 1.42293 2.30263)
(0.192963 0.414087 1.32909)
(0.220205 2.67863 1.10323)
(0.206609 0.208993 0.0887788)
(0.114778 6.93889e-18 0.161275)
(0.321402 3.2056 1.09086)
(-0.427528 4.985 -0.1)
(0.228594 0.662066 0.118283)
(0.254282 0.413881 0.199106)
(0.324378 3.71471 1.09096)
(0.30216 4.22559 1.09093)
(0.1 1.93518 2.31131)
(0.235408 1.17115 0.127153)
(0.264403 0.916129 0.19962)
(0.209731 4.64793 1.08986)
(0.235343 1.67976 0.127012)
(0.1 0.188389 1.56909)
(0.273233 1.42541 0.201031)
(0.219316 0.870307 1.32156)
(0.246366 0.65866 1.569)
(0.235351 2.18827 0.127005)
(0.275051 1.93401 0.201214)
(0.116149 1.75641e-17 0.375605)
(0.247417 1.21929 1.37077)
(0.235328 2.69676 0.126994)
(0.278173 2.44254 0.201804)
(0.1306 2.44676 2.28551)
(0.733049 1.21929 1.37769)
(0.186616 2.68523 1.56883)
(0.235244 3.20526 0.126963)
(0.266731 2.95104 0.199899)
(0.315361 3.20569 1.56898)
(0.234947 3.71386 0.126734)
(0.323315 3.71473 1.56902)
(0.266669 3.45967 0.200027)
(0.300783 4.22559 1.56906)
(0.22858 4.22291 0.118294)
(0.242535 0.410626 0.378082)
(0.263403 3.96892 0.199522)
(0.209532 4.64802 1.57014)
(0.1 0.187874 2.04857)
(0.19401 2.95132 2.27862)
(0.206686 4.67601 0.0888204)
(0.254501 4.47107 0.199185)
(0.217228 0.660906 2.04947)
(-0.427658 4.985 0.138474)
(0.164308 0.198918 0.377276)
(0.11484 2.92735e-17 0.611811)
(0.299303 0.915911 0.379668)
(0.282687 0.66035 0.379147)
(0.211416 0.412681 0.610564)
(0.189476 2.68713 2.04016)
(0.238865 3.45984 2.28056)
(0.304152 1.17108 0.379813)
(0.293512 0.916302 0.611668)
(0.277703 3.20559 2.04768)
(0.298845 3.71462 2.04769)
(0.304101 1.67984 0.37968)
(0.27636 1.42741 0.614761)
(0.261501 4.22526 2.04804)
(0.318797 2.18833 0.379814)
(0.1 4.69754 2.0485)
(0.272577 1.93431 0.616031)
(0.306123 1.4256 0.37978)
(0.1 0.188444 2.4935)
(0.315054 2.69685 0.379942)
(0.1 0.661521 2.49145)
(0.299979 2.4415 0.615509)
(0.250104 3.9695 2.28066)
(0.1 1.1718 2.49146)
(0.309105 3.20538 0.380041)
(0.1 1.68011 2.49419)
(0.319973 2.9513 0.612014)
(0.284603 2.94757 1.32989)
(0.1 2.18922 2.49342)
(0.307812 3.71444 0.38008)
(0.132188 2.69732 2.48397)
(0.323085 3.45986 0.612288)
(0.1 3.20538 2.48952)
(0.307155 1.93407 0.379673)
(0.177078 3.71423 2.47581)
(0.284656 4.2248 0.379291)
(0.312892 3.96977 0.612199)
(0.166746 4.22411 2.47866)
(0.172614 4.47475 2.28264)
(0.1 4.69657 2.49342)
(0.164515 4.686 0.377321)
(0.21777 4.47234 0.610623)
(-0.427658 4.985 0.614908)
(0.325202 3.45999 1.32996)
(0.1 0.187628 0.851367)
(0.113223 5.33427e-17 1.091)
(0.322576 2.4426 0.379927)
(0.260841 0.661038 0.85112)
(0.493862 1.21929 1.56851)
(0.193445 0.413221 1.09161)
(0.247432 1.21929 1.76645)
(-0.427658 4.985 2.2834)
(0.93712 1.21929 1.56846)
(0.733038 1.21929 1.75925)
(0.218102 1.19073 0.852241)
(0.223007 0.915992 1.08197)
(0.320954 3.97 1.33)
(0.179282 1.68197 0.861944)
(0.18927 2.18968 0.870766)
(0.309129 2.9511 0.379968)
(0.275747 2.69053 0.858626)
(-0.427104 -0.1 2.76)
(0.323343 3.20552 0.851587)
(0.294416 2.94851 1.09199)
(0.493943 1.21929 1.37785)
(0.283303 4.46638 1.33)
(0.944259 1.21929 1.36909)
(0.323362 3.71467 0.851683)
(0.325442 3.45996 1.09093)
(0.30894 3.45978 0.380096)
(0.288255 4.22548 0.851567)
(0.319101 3.96998 1.09096)
(-0.425721 0.408524 2.76)
(0.1 4.69751 0.851442)
(0.264895 4.4673 1.09091)
(-0.427658 4.985 1.09164)
(-0.427658 4.985 1.33)
(0.1 0.188248 1.32995)
(0.302484 3.96948 0.379874)
(0.245983 0.658827 1.32821)
(0.193377 0.416794 1.56822)
(-0.40833 0.91771 2.76)
(0.219019 0.862478 1.56888)
(0.243924 4.47436 0.378177)
(0.193092 2.6795 1.32949)
(-0.372794 1.42616 2.76)
(0.319214 3.20567 1.32992)
(0.278932 2.94767 1.56893)
(0.324728 3.71473 1.32999)
(0.190668 0.416385 1.80942)
(0.323388 3.46 1.56901)
(0.308778 4.22562 1.33)
(0.31802 3.96999 1.56903)
(-0.427658 4.985 0.376602)
(0.243385 4.63267 1.33)
(0.263594 4.46737 1.56909)
(-0.364333 1.9341 2.76)
(-0.427658 4.985 1.56836)
(0.1 0.188233 1.8086)
(0.212519 0.871936 1.81607)
(0.114727 1.00614e-16 2.04821)
(0.240868 0.659088 1.81003)
(0.17692 0.41314 2.0491)
(-0.38552 2.44249 2.76)
(0.189171 0.91437 2.05458)
(0.198615 0.414985 0.851332)
(0.185789 2.6829 1.80873)
(-0.419177 2.95099 2.76)
(0.305756 3.20566 1.80829)
(0.249823 2.9496 2.0469)
(0.192064 0.41394 0.0740212)
(0.157464 0.412464 0.033646)
(0.128631 0.411234 6.93889e-18)
(0.193248 0.412514 0.186561)
(0.142385 0.411374 0.176108)
(0.1 0.410424 0.167396)
(0.192226 0.660929 0.185987)
(0.141921 0.660842 0.176648)
(0.1 0.660769 0.168866)
(0.188086 0.661939 0.0714897)
(0.154329 0.661833 0.0324953)
(0.126198 0.661745 1.38778e-17)
(0.164789 0.410199 0.377196)
(0.1 0.409842 0.376457)
(0.150643 0.411017 0.611094)
(0.1 0.409631 0.611536)
(0.206241 0.660401 0.611742)
(0.148291 0.660401 0.611742)
(0.1 0.660401 0.611742)
(0.210415 0.660331 0.378355)
(0.150189 0.660315 0.377695)
(0.1 0.660301 0.377145)
(1.95109 0.443188 0.392892)
(1.99728 0.390097 0.387243)
(2.03577 0.345855 0.382535)
(2.21383 0.487627 0.390562)
(2.21368 0.415285 0.3857)
(2.21356 0.355 0.381648)
(2.21379 0.506846 0.616759)
(2.21368 0.446775 0.616828)
(2.21359 0.396716 0.616884)
(2.21351 0.355 0.616932)
(1.93693 0.460007 0.616562)
(1.97603 0.415145 0.616612)
(2.00862 0.377759 0.616654)
(2.03577 0.346605 0.616689)
(0.235146 0.915901 0.37901)
(0.181681 0.915892 0.378462)
(0.137128 0.915884 0.378005)
(0.1 0.915878 0.377624)
(0.216958 0.916302 0.611668)
(0.153163 0.916302 0.611668)
(0.1 0.916302 0.611668)
(0.211973 1.17237 0.611797)
(0.150897 1.17186 0.611306)
(0.1 1.17144 0.610896)
(0.238434 1.17108 0.379166)
(0.183669 1.17107 0.378626)
(0.138031 1.17107 0.378177)
(0.1 1.17107 0.377802)
(0.23977 1.4256 0.379137)
(0.184477 1.42559 0.3786)
(0.138398 1.42559 0.378153)
(0.1 1.42559 0.377781)
(0.206591 1.42672 0.612666)
(0.148451 1.42614 0.610921)
(0.1 1.42566 0.609466)
(0.202947 1.68012 0.61298)
(0.146794 1.68006 0.610455)
(0.1 1.68001 0.60835)
(0.238399 1.67984 0.379045)
(0.183648 1.67984 0.378516)
(0.138022 1.67984 0.378075)
(0.1 1.67984 0.377708)
(0.24047 1.93407 0.379029)
(0.1849 1.93407 0.378492)
(0.138591 1.93407 0.378045)
(0.1 1.93407 0.377672)
(0.204305 1.93436 0.612944)
(0.147411 1.9344 0.610372)
(0.1 1.93444 0.608229)
(0.212162 2.18872 0.613575)
(0.150983 2.18895 0.61109)
(0.1 2.18914 0.609018)
(0.248365 2.18833 0.379134)
(0.189671 2.18833 0.378566)
(0.14076 2.18833 0.378093)
(0.1 2.18833 0.377699)
(0.250927 2.4426 0.379234)
(0.19122 2.4426 0.378657)
(0.141463 2.4426 0.378175)
(0.1 2.4426 0.377774)
(0.220867 2.44235 0.613437)
(0.154939 2.44306 0.611711)
(0.1 2.44365 0.610272)
(0.228701 2.69654 0.612416)
(0.1585 2.69707 0.611854)
(0.1 2.69751 0.611385)
(0.245826 2.69685 0.379273)
(0.188137 2.69685 0.378715)
(0.140062 2.69685 0.378251)
(0.1 2.69685 0.377863)
(0.241809 2.9511 0.379318)
(0.185709 2.9511 0.378777)
(0.138958 2.9511 0.378326)
(0.1 2.9511 0.37795)
(0.232951 2.9513 0.612014)
(0.160432 2.9513 0.612014)
(0.1 2.9513 0.612014)
(0.251228 3.20544 0.612227)
(0.191401 3.20544 0.612227)
(0.141546 3.20544 0.612227)
(0.1 3.20544 0.612227)
(0.241792 3.20538 0.379393)
(0.185699 3.20538 0.378853)
(0.138954 3.20538 0.378404)
(0.1 3.20538 0.378029)
(0.250719 3.45978 0.379535)
(0.202201 3.45979 0.379068)
(0.16177 3.45979 0.378678)
(0.128077 3.45979 0.378354)
(0.1 3.45979 0.378083)
(0.260923 3.45986 0.612288)
(0.20912 3.45986 0.612288)
(0.165952 3.45986 0.612288)
(0.129978 3.45986 0.612288)
(0.1 3.45986 0.612288)
(0.25957 3.71459 0.612296)
(0.208203 3.71459 0.612296)
(0.165397 3.71459 0.612296)
(0.129726 3.71459 0.612296)
(0.1 3.71459 0.612296)
(0.249905 3.71445 0.379514)
(0.20165 3.71445 0.379043)
(0.161437 3.71445 0.378651)
(0.127926 3.71445 0.378323)
(0.1 3.71446 0.378051)
(0.237303 3.96949 0.379211)
(0.182985 3.9695 0.378658)
(0.137721 3.96951 0.378197)
(0.1 3.96951 0.377813)
(0.24436 3.96977 0.612199)
(0.187251 3.96977 0.612199)
(0.139659 3.96977 0.612199)
(0.1 3.96977 0.612199)
(0.21203 4.22526 0.611959)
(0.150923 4.22526 0.611959)
(0.1 4.22526 0.611959)
(0.211605 4.22482 0.378494)
(0.15073 4.22484 0.37783)
(0.1 4.22485 0.377276)
(0.16542 4.47479 0.377282)
(0.1 4.47515 0.376536)
(0.153532 4.4741 0.611183)
(0.1 4.47557 0.61165)
(0.129325 4.69228 0.376558)
(0.1 4.6975 0.375922)
(0.144825 0.412228 0.851326)
(0.1 0.409929 0.851321)
(0.142475 0.411846 1.09116)
(0.1 0.410701 1.09078)
(0.167109 0.661118 1.08969)
(0.1 0.661856 1.09017)
(0.17311 0.661038 0.85112)
(0.1 0.661038 0.85112)
(1.93571 0.462306 0.85391)
(1.9753 0.416803 0.853956)
(2.00828 0.378883 0.853993)
(2.03577 0.347283 0.854025)
(2.21376 0.507827 0.854048)
(2.21365 0.447368 0.854108)
(2.21357 0.396986 0.854158)
(2.21349 0.355 0.8542)
(2.21377 0.517841 1.09193)
(2.21368 0.465421 1.09195)
(2.21361 0.421738 1.09196)
(2.21354 0.385336 1.09198)
(2.21349 0.355 1.09199)
(1.92903 0.47039 1.09187)
(1.96339 0.430846 1.09189)
(1.99203 0.397893 1.0919)
(2.01589 0.370432 1.09191)
(2.03577 0.347548 1.09192)
(0.173955 0.915472 0.850213)
(0.1 0.915749 0.85021)
(0.155912 0.91247 1.08531)
(0.1 0.909535 1.08809)
(0.153683 1.1783 0.848275)
(0.1 1.16793 0.84497)
(0.140534 1.42644 0.846638)
(0.1 1.42296 0.830679)
(0.136037 1.68111 0.840253)
(0.1 1.6804 0.822178)
(0.136114 1.9348 0.840687)
(0.1 1.93514 0.822085)
(0.140577 2.19207 0.847604)
(0.1 2.19406 0.828303)
(0.154198 2.44244 0.854102)
(0.1 2.45158 0.838659)
(0.154638 2.69611 1.09192)
(0.1 2.71068 1.08249)
(0.179885 2.69663 0.852253)
(0.1 2.70171 0.846942)
(0.226855 2.95104 0.851912)
(0.157661 2.95154 0.851388)
(0.1 2.95195 0.850951)
(0.217504 2.95033 1.09116)
(0.153411 2.95184 1.09046)
(0.1 2.9531 1.08988)
(0.250131 3.2056 1.09086)
(0.190739 3.2056 1.09086)
(0.141245 3.2056 1.09086)
(0.1 3.2056 1.09086)
(0.251447 3.20552 0.851587)
(0.191534 3.20552 0.851587)
(0.141606 3.20552 0.851587)
(0.1 3.20552 0.851587)
(0.262399 3.45992 0.851656)
(0.210122 3.45992 0.851656)
(0.166557 3.45992 0.851656)
(0.130253 3.45992 0.851656)
(0.1 3.45992 0.851656)
(0.262623 3.45996 1.09093)
(0.210273 3.45996 1.09093)
(0.166649 3.45996 1.09093)
(0.130295 3.45996 1.09093)
(0.1 3.45996 1.09093)
(0.261855 3.71471 1.09096)
(0.209753 3.71471 1.09096)
(0.166334 3.71471 1.09096)
(0.130152 3.71471 1.09096)
(0.1 3.71471 1.09096)
(0.261123 3.71467 0.851683)
(0.209256 3.71467 0.851683)
(0.166034 3.71467 0.851683)
(0.130015 3.71467 0.851683)
(0.1 3.71467 0.851683)
(0.245919 3.96992 0.851656)
(0.188193 3.96992 0.851656)
(0.140088 3.96992 0.851656)
(0.1 3.96992 0.851656)
(0.248571 3.96998 1.09096)
(0.189796 3.96998 1.09096)
(0.140816 3.96998 1.09096)
(0.1 3.96998 1.09096)
(0.222184 4.22559 1.09093)
(0.155538 4.22559 1.09093)
(0.1 4.22559 1.09093)
(0.213781 4.22548 0.851567)
(0.151719 4.22548 0.851567)
(0.1 4.22548 0.851567)
(0.15519 4.47294 0.850952)
(0.1 4.4758 0.851457)
(0.174952 4.472 1.09091)
(0.1 4.47591 1.0909)
(0.149878 4.67497 1.09043)
(0.1 4.6975 1.09092)
(0.142256 0.412727 1.32954)
(0.1 0.411593 1.32992)
(0.142444 0.414188 1.56869)
(0.1 0.412016 1.56908)
(0.16653 0.660862 1.569)
(0.1 0.662697 1.569)
(0.166356 0.660828 1.32882)
(0.1 0.662495 1.32932)
(1.92898 0.470546 1.33)
(1.96336 0.43097 1.33)
(1.99201 0.397991 1.33)
(2.01588 0.370508 1.33)
(2.03577 0.347606 1.33)
(2.21378 0.521965 1.33)
(2.21369 0.468218 1.33)
(2.21361 0.423428 1.33)
(2.21355 0.386104 1.33)
(2.21349 0.355 1.33)
(2.21377 0.517841 1.56807)
(2.21368 0.465421 1.56805)
(2.21361 0.421738 1.56804)
(2.21354 0.385336 1.56802)
(2.21349 0.355 1.56801)
(1.92903 0.470389 1.56813)
(1.96339 0.430845 1.56811)
(1.99203 0.397892 1.5681)
(2.01589 0.370431 1.56809)
(2.03577 0.347547 1.56808)
(0.154234 0.885054 1.32456)
(0.1 0.897344 1.32707)
(0.154099 0.878584 1.56888)
(0.1 0.892006 1.56888)
(0.139371 2.70838 1.56882)
(0.1 2.72767 1.56882)
(0.142314 2.70262 1.32686)
(0.1 2.72188 1.32467)
(0.211573 2.95027 1.32961)
(0.150715 2.95252 1.32938)
(0.1 2.9544 1.32919)
(0.208146 2.95057 1.56893)
(0.149157 2.95299 1.56893)
(0.1 2.955 1.56893)
(0.246034 3.20569 1.56898)
(0.188263 3.20569 1.56898)
(0.140119 3.20569 1.56898)
(0.1 3.20569 1.56898)
(0.248647 3.20567 1.32992)
(0.189842 3.20567 1.32992)
(0.140837 3.20567 1.32992)
(0.1 3.20567 1.32992)
(0.262449 3.45999 1.32996)
(0.210156 3.45999 1.32996)
(0.166578 3.45999 1.32996)
(0.130263 3.45999 1.32996)
(0.1 3.45999 1.32996)
(0.261141 3.46 1.56901)
(0.209268 3.46 1.56901)
(0.166041 3.46 1.56901)
(0.130019 3.46 1.56901)
(0.1 3.46 1.56901)
(0.261088 3.71473 1.56902)
(0.209233 3.71473 1.56902)
(0.16602 3.71473 1.56902)
(0.130009 3.71473 1.56902)
(0.1 3.71473 1.56902)
(0.262108 3.71473 1.32999)
(0.209924 3.71473 1.32999)
(0.166438 3.71473 1.32999)
(0.130199 3.71473 1.32999)
(0.1 3.71473 1.32999)
(0.249827 3.97 1.33)
(0.190555 3.97 1.33)
(0.141161 3.97 1.33)
(0.1 3.97 1.33)
(0.247838 3.96999 1.56903)
(0.189352 3.96999 1.56903)
(0.140615 3.96999 1.56903)
(0.1 3.96999 1.56903)
(0.221352 4.22559 1.56906)
(0.15516 4.22559 1.56906)
(0.1 4.22559 1.56906)
(0.226185 4.22562 1.33)
(0.157357 4.22562 1.33)
(0.1 4.22562 1.33)
(0.183319 4.47159 1.33)
(0.1 4.47594 1.33)
(0.174361 4.47203 1.56909)
(0.1 4.47591 1.5691)
(0.149787 4.67501 1.56956)
(0.1 4.6975 1.56908)
(0.165175 4.66803 1.33)
(0.1 4.6975 1.33)
(2.49088 0.212984 2.04448)
(2.43628 0.168467 2.04445)
(2.39077 0.131369 2.04443)
(2.50785 0.227783 1.80646)
(2.46153 0.190102 1.80642)
(2.42293 0.158702 1.80639)
(2.39077 0.132535 1.80637)
(2.75048 0.143106 1.80678)
(2.73717 0.0864926 1.80676)
(2.72609 0.0393148 1.80674)
(2.71685 6.245e-17 1.80672)
(2.74446 0.114159 2.04495)
(2.72994 0.0518904 2.04493)
(2.71785 -1.38778e-17 2.04492)
(0.141213 0.413848 1.80896)
(0.1 0.411735 1.80859)
(0.134964 0.411996 2.04873)
(0.1 0.411044 2.04843)
(0.153286 0.661606 2.04901)
(0.1 0.662189 2.04863)
(0.164031 0.661019 1.80945)
(0.1 0.662629 1.80897)
(1.93571 0.462305 1.80609)
(1.9753 0.416802 1.80605)
(2.00828 0.378882 1.80601)
(2.03577 0.347282 1.80598)
(2.21376 0.507827 1.80595)
(2.21365 0.447368 1.80589)
(2.21356 0.396986 1.80584)
(2.21349 0.355 1.8058)
(2.21379 0.506846 2.04324)
(2.21368 0.446775 2.04317)
(2.21359 0.396716 2.04312)
(2.21351 0.355 2.04307)
(1.93693 0.46001 2.04344)
(1.97603 0.415147 2.04339)
(2.00862 0.377761 2.04335)
(2.03577 0.346607 2.04331)
(0.151145 0.885841 1.81324)
(0.1 0.897429 1.81088)
(0.140532 0.911826 2.05219)
(0.1 0.909706 2.0502)
(0.140671 2.70005 2.04863)
(0.1 2.71082 2.05569)
(0.138995 2.70419 1.81116)
(0.1 2.72194 1.81318)
(0.203404 2.95058 1.80852)
(0.147002 2.95267 1.80873)
(0.1 2.9544 1.80891)
(0.190553 2.95099 2.04755)
(0.14116 2.95215 2.04809)
(0.1 2.95311 2.04854)
(0.207403 3.20559 2.04768)
(0.148819 3.20559 2.04768)
(0.1 3.20559 2.04768)
(0.239522 3.20566 1.80829)
(0.184326 3.20566 1.80829)
(0.13833 3.20566 1.80829)
(0.1 3.20566 1.80829)
(0.246779 3.45998 1.8083)
(0.188713 3.45998 1.8083)
(0.140324 3.45998 1.8083)
(0.1 3.45998 1.8083)
(0.217014 3.45993 2.04768)
(0.153188 3.45993 2.04768)
(0.1 3.45993 2.04768)
(0.220181 3.71462 2.04769)
(0.154628 3.71462 2.04769)
(0.1 3.71462 2.04769)
(0.247458 3.7147 1.8083)
(0.189123 3.7147 1.8083)
(0.14051 3.7147 1.8083)
(0.1 3.7147 1.8083)
(0.242006 3.96993 1.80834)
(0.185828 3.96993 1.80834)
(0.139013 3.96993 1.80834)
(0.1 3.96993 1.80834)
(0.215765 3.96978 2.0478)
(0.15262 3.96978 2.0478)
(0.1 3.96978 2.0478)
(0.197611 4.22526 2.04804)
(0.144368 4.22526 2.04804)
(0.1 4.22526 2.04804)
(0.209718 4.22548 1.80843)
(0.149872 4.22548 1.80843)
(0.1 4.22548 1.80843)
(0.152405 4.47309 1.80902)
(0.1 4.4758 1.80854)
(0.142966 4.47439 2.04872)
(0.1 4.47557 2.04835)
(0.1202 0.41071 2.28288)
(0.1 0.4106 2.28356)
(0.130423 0.661699 2.28202)
(0.1 0.661695 2.28306)
(1.95109 0.4432 2.26711)
(1.99728 0.390108 2.27276)
(2.03577 0.345865 2.27747)
(2.21383 0.487627 2.26944)
(2.21368 0.415285 2.2743)
(2.21356 0.355 2.27835)
(2.21386 0.458849 2.43217)
(2.21374 0.402204 2.47439)
(2.21365 0.355 2.50956)
(1.97299 0.421489 2.42137)
(2.00723 0.381412 2.4622)
(2.03577 0.348015 2.49622)
(0.122478 0.91603 2.2826)
(0.1 0.916114 2.28338)
(0.113909 2.44949 2.29046)
(0.1 2.45177 2.29457)
(0.111518 2.44361 2.48957)
(0.1 2.44373 2.49201)
(0.114631 2.69745 2.48762)
(0.1 2.69756 2.49067)
(0.134901 2.69967 2.28371)
(0.1 2.70185 2.28639)
(0.142732 2.95167 2.28072)
(0.1 2.95196 2.28247)
(0.149968 3.20549 2.28025)
(0.1 3.20549 2.28192)
(0.163121 3.45984 2.28129)
(0.1 3.45984 2.28189)
(0.126521 3.45971 2.48421)
(0.1 3.45971 2.4894)
(0.135035 3.71425 2.48327)
(0.1 3.71426 2.48948)
(0.192192 3.71447 2.28104)
(0.141906 3.71448 2.28153)
(0.1 3.71448 2.28194)
(0.190722 3.96951 2.28126)
(0.141237 3.96952 2.28177)
(0.1 3.96952 2.28219)
(0.135804 3.96908 2.48351)
(0.1 3.96912 2.48996)
(0.130339 4.22417 2.48541)
(0.1 4.22423 2.49103)
(0.176362 4.22483 2.28189)
(0.13471 4.22485 2.28235)
(0.1 4.22486 2.28272)
(0.133007 4.47497 2.28309)
(0.1 4.47515 2.28346)
(0.117332 4.47415 2.489)
(0.1 4.47454 2.49256)
(-0.308443 0.408377 -0.1)
(-0.209146 0.408378 -0.1)
(-0.126398 0.408379 -0.1)
(-0.0574419 0.40838 -0.1)
(2.16881e-05 0.408381 -0.1)
(-0.308356 0.408401 0.138437)
(-0.209094 0.408402 0.138443)
(-0.126375 0.408402 0.138448)
(-0.0574434 0.408402 0.138453)
(6.245e-17 0.408402 0.138456)
(-0.308473 0.1543 0.138427)
(-0.209173 0.154312 0.138439)
(-0.126423 0.154322 0.138449)
(-0.0574651 0.15433 0.138457)
(2.77556e-17 0.154337 0.138464)
(-0.308474 0.154289 -0.1)
(-0.209169 0.154307 -0.1)
(-0.126415 0.154322 -0.1)
(-0.0574536 0.154334 -0.1)
(1.43329e-05 0.154344 -0.1)
(-0.308444 -0.1 0.376577)
(-0.209145 -0.1 0.376576)
(-0.126396 -0.1 0.376576)
(-0.0574388 -0.1 0.376576)
(2.58069e-05 -0.1 0.376576)
(-0.308474 -0.1 0.138412)
(-0.209169 -0.1 0.13843)
(-0.126415 -0.1 0.138445)
(-0.0574533 -0.1 0.138458)
(1.47199e-05 -0.1 0.138469)
(-0.30837 0.154315 0.37659)
(-0.209103 0.154323 0.376589)
(-0.126381 0.154329 0.376588)
(-0.0574459 0.154334 0.376588)
(3.46945e-17 0.154338 0.376588)
(-0.289313 0.408494 0.376624)
(-0.17486 0.408494 0.376624)
(-0.0794816 0.408495 0.376624)
(-5.55112e-17 0.408495 0.376625)
(-0.307964 0.916924 -0.1)
(-0.208817 0.916926 -0.1)
(-0.126194 0.916929 -0.1)
(-0.0573421 0.916931 -0.1)
(3.47449e-05 0.916932 -0.1)
(-0.306473 0.917052 0.138505)
(-0.207817 0.917054 0.138511)
(-0.125604 0.917055 0.138515)
(-0.0570925 0.917057 0.138519)
(3.46945e-17 0.917057 0.138522)
(-0.307853 0.662697 0.138461)
(-0.208753 0.662697 0.138468)
(-0.126169 0.662696 0.138473)
(-0.0573496 0.662696 0.138478)
(3.46945e-17 0.662696 0.138482)
(-0.308306 0.662624 -0.1)
(-0.209047 0.662624 -0.1)
(-0.12633 0.662623 -0.1)
(-0.0574004 0.662623 -0.1)
(4.12762e-05 0.662623 -0.1)
(-0.287175 0.662932 0.376676)
(-0.173567 0.662932 0.376677)
(-0.0788942 0.662932 0.376678)
(-2.08167e-16 0.662932 0.376679)
(-0.281738 0.917456 0.376704)
(-0.170281 0.917456 0.376705)
(-0.0774004 0.917456 0.376706)
(-1.38778e-16 0.917456 0.376706)
(-0.306878 1.42547 -0.1)
(-0.208091 1.42547 -0.1)
(-0.125769 1.42547 -0.1)
(-0.0571679 1.42547 -0.1)
(-2.77556e-16 1.42547 -0.1)
(-0.302192 1.42557 0.13852)
(-0.204914 1.42557 0.13852)
(-0.123849 1.42557 0.13852)
(-0.0562951 1.42557 0.13852)
(6.245e-17 1.42557 0.13852)
(-0.304187 1.17136 0.138533)
(-0.206267 1.17136 0.138535)
(-0.124667 1.17136 0.138537)
(-0.0566667 1.17136 0.138538)
(-6.93889e-18 1.17136 0.13854)
(-0.307405 1.17121 -0.1)
(-0.208449 1.17122 -0.1)
(-0.125986 1.17122 -0.1)
(-0.0572662 1.17122 -0.1)
(-1.8735e-16 1.17122 -0.1)
(-0.272958 1.17184 0.376669)
(-0.164975 1.17184 0.37667)
(-0.0749884 1.17184 0.37667)
(-1.66533e-16 1.17184 0.37667)
(-0.265489 1.42591 0.376582)
(-0.160461 1.42591 0.376582)
(-0.0729367 1.42591 0.376582)
(-6.93889e-17 1.42591 0.376582)
(-0.306606 1.93398 -0.1)
(-0.207907 1.93398 -0.1)
(-0.125658 1.93398 -0.1)
(-0.0571174 1.93398 -0.1)
(-3.05311e-16 1.93398 -0.1)
(-0.301183 1.93399 0.138464)
(-0.20423 1.93399 0.138464)
(-0.123436 1.93399 0.138464)
(-0.0561072 1.93399 0.138464)
(6.93889e-17 1.93399 0.138464)
(-0.301256 1.67976 0.138485)
(-0.204279 1.67976 0.138485)
(-0.123465 1.67976 0.138485)
(-0.0561206 1.67976 0.138485)
(5.55112e-17 1.67976 0.138485)
(-0.306626 1.67972 -0.1)
(-0.207921 1.67972 -0.1)
(-0.125666 1.67972 -0.1)
(-0.0571211 1.67972 -0.1)
(-3.26128e-16 1.67972 -0.1)
(-0.262087 1.67993 0.376503)
(-0.158404 1.67993 0.376503)
(-0.0720019 1.67993 0.376503)
(-1.94289e-16 1.67993 0.376503)
(-0.261831 1.93405 0.376469)
(-0.158249 1.93405 0.376469)
(-0.0719315 1.93405 0.376469)
(-1.38778e-16 1.93405 0.376469)
(-0.307297 2.44251 -0.1)
(-0.208376 2.44251 -0.1)
(-0.125941 2.44251 -0.1)
(-0.057246 2.44251 -0.1)
(-3.747e-16 2.44251 -0.1)
(-0.303759 2.4425 0.138473)
(-0.205977 2.4425 0.138473)
(-0.124492 2.4425 0.138473)
(-0.056587 2.4425 0.138473)
(6.93889e-17 2.4425 0.138473)
(-0.301933 2.18824 0.138465)
(-0.204738 2.18824 0.138465)
(-0.123743 2.18824 0.138465)
(-0.0562468 2.18824 0.138465)
(2.77556e-17 2.18824 0.138465)
(-0.306808 2.18824 -0.1)
(-0.208044 2.18824 -0.1)
(-0.125741 2.18824 -0.1)
(-0.057155 2.18824 -0.1)
(-3.33067e-16 2.18824 -0.1)
(-0.26453 2.18826 0.376492)
(-0.159881 2.18826 0.376492)
(-0.072673 2.18826 0.376492)
(-1.94289e-16 2.18826 0.376492)
(-0.27125 2.4425 0.376556)
(-0.163942 2.4425 0.376556)
(-0.0745193 2.4425 0.376556)
(-1.66533e-16 2.4425 0.376556)
(-0.30832 2.95103 -0.1)
(-0.209069 2.95103 -0.1)
(-0.126361 2.95103 -0.1)
(-0.0574366 2.95103 -0.1)
(-4.996e-16 2.95103 -0.1)
(-0.307722 2.95102 0.138456)
(-0.208664 2.95102 0.138456)
(-0.126116 2.95102 0.138456)
(-0.0573252 2.95102 0.138456)
(1.04083e-16 2.95102 0.138456)
(-0.306154 2.69675 0.138469)
(-0.2076 2.69675 0.138469)
(-0.125473 2.69675 0.138469)
(-0.0570331 2.69675 0.138469)
(0 2.69675 0.138469)
(-0.307924 2.69677 -0.1)
(-0.208801 2.69677 -0.1)
(-0.126198 2.69677 -0.1)
(-0.0573628 2.69677 -0.1)
(-4.30211e-16 2.69677 -0.1)
(-0.280343 2.69674 0.376607)
(-0.169438 2.69674 0.376607)
(-0.0770174 2.69674 0.376607)
(-1.52656e-16 2.69674 0.376607)
(-0.286525 2.95099 0.376616)
(-0.173174 2.95099 0.376616)
(-0.0787155 2.95099 0.376616)
(-1.94289e-16 2.95099 0.376616)
(-0.308488 3.45955 -0.1)
(-0.209183 3.45955 -0.1)
(-0.126429 3.45955 -0.1)
(-0.0574679 3.45955 -0.1)
(-5.89806e-16 3.45955 -0.1)
(-0.308468 3.45955 0.138438)
(-0.20917 3.45955 0.138438)
(-0.126421 3.45955 0.138438)
(-0.0574643 3.45955 0.138438)
(6.93889e-18 3.45955 0.138438)
(-0.308325 3.20528 0.138444)
(-0.209073 3.20528 0.138444)
(-0.126363 3.20528 0.138444)
(-0.0574376 3.20528 0.138444)
(9.02056e-17 3.20528 0.138444)
(-0.308459 3.20529 -0.1)
(-0.209164 3.20529 -0.1)
(-0.126418 3.20529 -0.1)
(-0.0574626 3.20529 -0.1)
(-5.13478e-16 3.20529 -0.1)
(-0.289128 3.20526 0.376595)
(-0.174748 3.20526 0.376595)
(-0.0794308 3.20526 0.376595)
(-8.32667e-17 3.20526 0.376595)
(-0.308335 3.45953 0.376572)
(-0.20908 3.45953 0.376572)
(-0.126367 3.45953 0.376572)
(-0.0574395 3.45953 0.376572)
(5.55112e-17 3.45953 0.376572)
(-0.308491 3.96808 -0.1)
(-0.209185 3.96808 -0.1)
(-0.126431 3.96808 -0.1)
(-0.0574685 3.96808 -0.1)
(-6.52256e-16 3.96808 -0.1)
(-0.308491 3.96808 0.138445)
(-0.209185 3.96808 0.138445)
(-0.126431 3.96808 0.138445)
(-0.0574685 3.96808 0.138445)
(2.77556e-17 3.96808 0.138445)
(-0.308489 3.71381 0.13844)
(-0.209184 3.71381 0.13844)
(-0.12643 3.71381 0.13844)
(-0.0574682 3.71381 0.13844)
(2.08167e-17 3.71381 0.13844)
(-0.308491 3.71381 -0.1)
(-0.209185 3.71381 -0.1)
(-0.126431 3.71381 -0.1)
(-0.0574685 3.71381 -0.1)
(-6.45317e-16 3.71381 -0.1)
(-0.308474 3.71381 0.376561)
(-0.209174 3.71381 0.376561)
(-0.126424 3.71381 0.376561)
(-0.0574653 3.71381 0.376561)
(4.85723e-17 3.71381 0.376561)
(-0.30849 3.96808 0.376559)
(-0.209185 3.96808 0.376559)
(-0.12643 3.96808 0.376559)
(-0.0574683 3.96808 0.376559)
(7.63278e-17 3.96808 0.376559)
(-0.308491 4.47656 -0.1)
(-0.209185 4.47656 -0.1)
(-0.126431 4.47656 -0.1)
(-0.0574685 4.47656 -0.1)
(-7.49401e-16 4.47655 -0.1)
(-0.308491 4.47657 0.13847)
(-0.209185 4.47657 0.138471)
(-0.126431 4.47657 0.138472)
(-0.0574685 4.47657 0.138472)
(6.245e-17 4.47657 0.138473)
(-0.308491 4.22235 0.138452)
(-0.209185 4.22235 0.138452)
(-0.126431 4.22235 0.138452)
(-0.0574685 4.22235 0.138452)
(2.77556e-17 4.22235 0.138452)
(-0.308491 4.22235 -0.1)
(-0.209185 4.22235 -0.1)
(-0.126431 4.22235 -0.1)
(-0.0574685 4.22235 -0.1)
(-7.21645e-16 4.22235 -0.1)
(-0.308491 4.22236 0.376562)
(-0.209185 4.22236 0.376562)
(-0.126431 4.22236 0.376562)
(-0.0574685 4.22236 0.376562)
(2.77556e-17 4.22236 0.376562)
(-0.308491 4.47659 0.376576)
(-0.209185 4.47659 0.376576)
(-0.126431 4.47659 0.376576)
(-0.0574685 4.47659 0.376576)
(2.08167e-17 4.47659 0.376576)
(-0.308362 4.985 -0.1)
(-0.209056 4.985 -0.1)
(-0.126302 4.985 -0.1)
(-0.0573395 4.985 -0.1)
(0.000129016 4.985 -0.1)
(-0.308491 4.985 0.138489)
(-0.209185 4.985 0.138502)
(-0.126431 4.985 0.138512)
(-0.0574685 4.985 0.13852)
(-7.97973e-16 4.985 0.138528)
(-0.308491 4.7306 0.138491)
(-0.209185 4.73059 0.138498)
(-0.126431 4.73059 0.138503)
(-0.0574685 4.73059 0.138508)
(0 4.73058 0.138512)
(-0.308491 4.7306 -0.1)
(-0.209185 4.73059 -0.1)
(-0.126431 4.73058 -0.1)
(-0.0574685 4.73057 -0.1)
(-8.04912e-16 4.73057 -0.1)
(-0.308491 4.73062 0.376597)
(-0.209185 4.73062 0.376598)
(-0.126431 4.73062 0.376598)
(-0.0574685 4.73062 0.376599)
(8.32667e-17 4.73062 0.3766)
(-0.308491 4.985 0.376605)
(-0.209185 4.985 0.376607)
(-0.126431 4.985 0.376609)
(-0.0574685 4.985 0.376611)
(-8.60423e-16 4.985 0.376612)
(-0.287555 0.408719 0.615004)
(-0.173797 0.40872 0.615003)
(-0.0789986 0.408722 0.615003)
(-1.11022e-16 0.408723 0.615002)
(-0.307994 0.154371 0.61494)
(-0.208849 0.154383 0.614936)
(-0.126227 0.154392 0.614934)
(-0.057376 0.1544 0.614932)
(2.08167e-17 0.154407 0.61493)
(-0.30813 -0.1 0.853293)
(-0.208912 -0.1 0.853288)
(-0.126231 -0.1 0.853285)
(-0.0573292 -0.1 0.853281)
(8.85766e-05 -0.1 0.853279)
(-0.308332 -0.1 0.614912)
(-0.209058 -0.1 0.614906)
(-0.12633 -0.1 0.614902)
(-0.0573902 -0.1 0.614898)
(5.97839e-05 -0.1 0.614895)
(-0.307227 0.154495 0.85333)
(-0.208328 0.154512 0.853328)
(-0.125913 0.154526 0.853326)
(-0.0572331 0.154537 0.853324)
(1.38778e-17 0.154547 0.853323)
(-0.284189 0.409104 0.853402)
(-0.171763 0.409106 0.853402)
(-0.078074 0.409108 0.853401)
(-9.71445e-17 0.40911 0.853401)
(-0.234878 0.919214 0.615656)
(-0.106763 0.918403 0.614842)
(2.77556e-17 0.917727 0.614164)
(-0.250124 0.663282 0.614908)
(-0.113693 0.663282 0.614908)
(1.38778e-17 0.663282 0.614908)
(-0.23909 0.665156 0.854559)
(-0.108677 0.664382 0.853782)
(6.93889e-17 0.663737 0.853134)
(-0.152812 0.921036 0.855375)
(-2.77556e-17 0.915114 0.849641)
(-0.190015 1.4251 0.612259)
(-0.0863706 1.42554 0.611366)
(1.38778e-17 1.42591 0.610622)
(-0.209969 1.1725 0.615633)
(-0.0954406 1.17222 0.613939)
(5.55112e-17 1.17199 0.612528)
(-0.105002 1.17999 0.846176)
(-2.77556e-17 1.16579 0.838859)
(-0.0737163 1.42252 0.838952)
(0 1.42152 0.820625)
(-0.181404 1.93439 0.609353)
(-0.0824563 1.93439 0.609353)
(4.16334e-17 1.93439 0.609353)
(-0.181962 1.68011 0.609445)
(-0.08271 1.68011 0.609445)
(2.77556e-17 1.68011 0.609445)
(-0.0675026 1.68017 0.822982)
(0 1.68008 0.809538)
(-0.0672212 1.93505 0.821976)
(-1.38778e-17 1.93526 0.809052)
(-0.204877 2.44376 0.612038)
(-0.0931261 2.44376 0.612038)
(6.93889e-17 2.44376 0.612038)
(-0.187618 2.18913 0.610298)
(-0.0852811 2.18913 0.610298)
(4.16334e-17 2.18913 0.610298)
(-0.072379 2.194 0.830682)
(0 2.19528 0.816692)
(-0.0960879 2.44524 0.842081)
(-2.77556e-17 2.45494 0.831869)
(-0.247745 2.95121 0.614736)
(-0.112611 2.95121 0.614736)
(6.93889e-17 2.95121 0.614736)
(-0.230303 2.69758 0.613775)
(-0.104683 2.69758 0.613775)
(8.32667e-17 2.69758 0.613775)
(-0.142996 2.70415 0.845879)
(0 2.70415 0.845879)
(-0.231355 2.95216 0.852474)
(-0.105161 2.95216 0.852474)
(2.77556e-17 2.95216 0.852474)
(-0.307807 3.45952 0.614926)
(-0.208722 3.45952 0.614926)
(-0.12615 3.45952 0.614926)
(-0.0573411 3.45952 0.614926)
(1.249e-16 3.45952 0.614926)
(-0.286695 3.20525 0.614952)
(-0.173277 3.20525 0.614952)
(-0.0787624 3.20525 0.614952)
(-1.66533e-16 3.20525 0.614952)
(-0.281166 3.20526 0.853324)
(-0.169935 3.20526 0.853324)
(-0.0772433 3.20526 0.853324)
(-8.32667e-17 3.20526 0.853324)
(-0.306497 3.45951 0.853308)
(-0.207833 3.45951 0.853308)
(-0.125613 3.45951 0.853308)
(-0.057097 3.45951 0.853308)
(1.38778e-17 3.45951 0.853308)
(-0.308482 3.96808 0.614899)
(-0.20918 3.96808 0.614899)
(-0.126427 3.96808 0.614899)
(-0.0574669 3.96808 0.614899)
(9.71445e-17 3.96808 0.614899)
(-0.308398 3.7138 0.614905)
(-0.209122 3.7138 0.614905)
(-0.126393 3.7138 0.614905)
(-0.0574511 3.7138 0.614905)
(1.38778e-17 3.7138 0.614905)
(-0.308183 3.7138 0.853283)
(-0.208977 3.7138 0.853283)
(-0.126304 3.7138 0.853283)
(-0.0574111 3.7138 0.853283)
(2.77556e-17 3.7138 0.853283)
(-0.308457 3.96808 0.853276)
(-0.209162 3.96808 0.853276)
(-0.126417 3.96808 0.853276)
(-0.0574622 3.96808 0.853276)
(1.31839e-16 3.96808 0.853276)
(-0.308491 4.4766 0.614902)
(-0.209185 4.4766 0.614902)
(-0.126431 4.4766 0.614902)
(-0.0574685 4.4766 0.614902)
(0 4.4766 0.614902)
(-0.30849 4.22236 0.614899)
(-0.209185 4.22236 0.614899)
(-0.12643 4.22236 0.614899)
(-0.0574684 4.22236 0.614899)
(3.46945e-17 4.22236 0.614899)
(-0.308488 4.22236 0.853276)
(-0.209184 4.22236 0.853276)
(-0.12643 4.22236 0.853276)
(-0.057468 4.22236 0.853276)
(5.55112e-17 4.22236 0.853276)
(-0.308491 4.4766 0.853276)
(-0.209185 4.4766 0.853276)
(-0.126431 4.4766 0.853276)
(-0.0574685 4.4766 0.853276)
(4.16334e-17 4.4766 0.853276)
(-0.308491 4.985 0.614908)
(-0.209185 4.985 0.614908)
(-0.126431 4.985 0.614908)
(-0.0574685 4.985 0.614908)
(-8.25728e-16 4.985 0.614908)
(-0.308491 4.73063 0.614906)
(-0.209185 4.73063 0.614906)
(-0.126431 4.73063 0.614906)
(-0.0574685 4.73063 0.614906)
(4.16334e-17 4.73063 0.614906)
(-0.308491 4.73063 0.853276)
(-0.209185 4.73063 0.853276)
(-0.126431 4.73063 0.853276)
(-0.0574685 4.73063 0.853276)
(9.71445e-17 4.73063 0.853276)
(-0.308491 4.985 0.853275)
(-0.209185 4.985 0.853275)
(-0.126431 4.985 0.853275)
(-0.0574685 4.985 0.853275)
(-8.53484e-16 4.985 0.853275)
(-0.281296 0.409559 1.09175)
(-0.170014 0.409561 1.09175)
(-0.0772791 0.409564 1.09175)
(-8.32667e-17 0.409566 1.09175)
(-0.306589 0.154644 1.09169)
(-0.207895 0.154663 1.09169)
(-0.125651 0.15468 1.09169)
(-0.0571141 0.154694 1.09168)
(3.46945e-17 0.154705 1.09168)
(-0.308064 -0.1 1.33)
(-0.208862 -0.1 1.33)
(-0.126194 -0.1 1.33)
(-0.0573031 -0.1 1.33)
(0.000105489 -0.1 1.33)
(-0.307966 -0.1 1.09165)
(-0.208793 -0.1 1.09165)
(-0.12615 -0.1 1.09165)
(-0.0572798 -0.1 1.09165)
(0.000111704 -0.1 1.09165)
(-0.306951 0.154738 1.33002)
(-0.208141 0.154758 1.33002)
(-0.125799 0.154775 1.33002)
(-0.0571816 0.154789 1.33002)
(5.55112e-17 0.154801 1.33002)
(-0.282722 0.409853 1.33006)
(-0.170876 0.409855 1.33006)
(-0.0776709 0.409858 1.33006)
(-1.38778e-16 0.40986 1.33006)
(-0.123188 0.936632 1.08911)
(1.38778e-17 0.913616 1.09014)
(-0.228579 0.66735 1.0916)
(-0.103899 0.665886 1.09165)
(5.55112e-17 0.664665 1.0917)
(-0.233717 0.667128 1.3288)
(-0.106235 0.666412 1.32961)
(2.77556e-17 0.665815 1.33029)
(-0.140219 0.933036 1.32523)
(-2.77556e-17 0.917682 1.33168)
(-0.0560081 1.23937 1.32084)
(-6.93889e-18 1.18688 1.33055)
(-0.207977 2.95388 1.09041)
(-0.094535 2.95388 1.09041)
(1.38778e-17 2.95388 1.09041)
(-0.0981534 2.70913 1.08925)
(-1.38778e-17 2.71847 1.07941)
(-0.0746557 2.72058 1.32477)
(0 2.73437 1.32336)
(-0.191825 2.95564 1.3292)
(-0.0871934 2.95564 1.3292)
(5.55112e-17 2.95564 1.3292)
(-0.304546 3.4595 1.09166)
(-0.20651 3.4595 1.09166)
(-0.124814 3.4595 1.09166)
(-0.0567337 3.4595 1.09166)
(4.85723e-17 3.4595 1.09166)
(-0.27322 3.20531 1.09166)
(-0.165133 3.20531 1.09166)
(-0.0750606 3.20531 1.09166)
(-1.249e-16 3.20531 1.09166)
(-0.2673 3.20537 1.33001)
(-0.161555 3.20537 1.33001)
(-0.0734341 3.20537 1.33001)
(-1.94289e-16 3.20537 1.33001)
(-0.303049 3.4595 1.33)
(-0.205495 3.4595 1.33)
(-0.1242 3.4595 1.33)
(-0.0564546 3.4595 1.33)
(1.38778e-17 3.4595 1.33)
(-0.308413 3.96809 1.09164)
(-0.209132 3.96809 1.09164)
(-0.126399 3.96809 1.09164)
(-0.057454 3.96809 1.09164)
(1.31839e-16 3.96809 1.09164)
(-0.307843 3.71381 1.09164)
(-0.208746 3.71381 1.09164)
(-0.126165 3.71381 1.09164)
(-0.0573478 3.71381 1.09164)
(8.32667e-17 3.71381 1.09164)
(-0.307579 3.71381 1.32999)
(-0.208567 3.71381 1.32999)
(-0.126057 3.71381 1.32999)
(-0.0572987 3.71381 1.32999)
(6.245e-17 3.71381 1.32999)
(-0.308379 3.9681 1.32999)
(-0.20911 3.9681 1.32999)
(-0.126385 3.9681 1.32999)
(-0.0574477 3.9681 1.32999)
(4.85723e-17 3.9681 1.32999)
(-0.30849 4.4766 1.09164)
(-0.209185 4.4766 1.09164)
(-0.126431 4.4766 1.09164)
(-0.0574684 4.4766 1.09164)
(9.71445e-17 4.4766 1.09164)
(-0.308484 4.22237 1.09164)
(-0.209181 4.22237 1.09164)
(-0.126428 4.22237 1.09164)
(-0.0574672 4.22237 1.09164)
(0 4.22237 1.09164)
(-0.308481 4.22237 1.32999)
(-0.209179 4.22237 1.32999)
(-0.126427 4.22237 1.32999)
(-0.0574667 4.22237 1.32999)
(7.63278e-17 4.22237 1.32999)
(-0.30849 4.47661 1.33)
(-0.209185 4.47661 1.33)
(-0.12643 4.47661 1.33)
(-0.0574684 4.47661 1.33)
(1.31839e-16 4.47661 1.33)
(-0.308491 4.985 1.09164)
(-0.209185 4.985 1.09164)
(-0.126431 4.985 1.09164)
(-0.0574685 4.985 1.09164)
(-8.11851e-16 4.985 1.09164)
(-0.308491 4.73063 1.09164)
(-0.209185 4.73063 1.09164)
(-0.126431 4.73063 1.09164)
(-0.0574685 4.73063 1.09164)
(6.245e-17 4.73063 1.09164)
(-0.308491 4.73063 1.33)
(-0.209185 4.73063 1.33)
(-0.126431 4.73063 1.33)
(-0.0574685 4.73063 1.33)
(6.93889e-17 4.73063 1.33)
(-0.308491 4.985 1.33)
(-0.209185 4.985 1.33)
(-0.126431 4.985 1.33)
(-0.0574685 4.985 1.33)
(-8.32667e-16 4.985 1.33)
(-0.283996 0.409937 1.56837)
(-0.171646 0.409939 1.56837)
(-0.0780209 0.409942 1.56837)
(-1.38778e-16 0.409943 1.56837)
(-0.307279 0.154764 1.56836)
(-0.208363 0.154784 1.56836)
(-0.125934 0.1548 1.56836)
(-0.0572427 0.154813 1.56836)
(-6.93889e-18 0.154824 1.56836)
(-0.308074 -0.1 1.80671)
(-0.208872 -0.1 1.80671)
(-0.126203 -0.1 1.80671)
(-0.057313 -0.1 1.80671)
(9.5618e-05 -0.1 1.80671)
(-0.308156 -0.1 1.56835)
(-0.208927 -0.1 1.56835)
(-0.126237 -0.1 1.56835)
(-0.0573278 -0.1 1.56835)
(9.62498e-05 -0.1 1.56835)
(-0.30695 0.154733 1.8067)
(-0.20814 0.154751 1.8067)
(-0.125799 0.154767 1.8067)
(-0.0571814 0.154779 1.8067)
(8.32667e-17 0.15479 1.8067)
(-0.282718 0.409843 1.8067)
(-0.170873 0.409846 1.8067)
(-0.0776697 0.409848 1.8067)
(-1.66533e-16 0.409849 1.8067)
(-0.149594 0.932801 1.56847)
(0 0.921139 1.56847)
(-0.237716 0.666384 1.56841)
(-0.108053 0.666384 1.56841)
(6.93889e-17 0.666384 1.56841)
(-0.233705 0.667118 1.80804)
(-0.10623 0.666401 1.80723)
(9.71445e-17 0.665804 1.80655)
(-0.140201 0.933022 1.81178)
(0 0.91767 1.80532)
(-0.0802192 1.25241 1.56853)
(-1.38778e-17 1.19323 1.56853)
(-0.0559939 1.23943 1.81637)
(0 1.18696 1.80666)
(-0.186924 2.95639 1.56842)
(-0.0849656 2.95639 1.56842)
(4.16334e-17 2.95639 1.56842)
(-0.0700606 2.72856 1.56853)
(-1.38778e-17 2.74158 1.56853)
(-0.0746729 2.72061 1.81238)
(-1.38778e-17 2.73441 1.81378)
(-0.191835 2.95565 1.80768)
(-0.0871975 2.95565 1.80768)
(4.16334e-17 2.95565 1.80768)
(-0.302546 3.45951 1.56835)
(-0.205154 3.45951 1.56835)
(-0.123994 3.45951 1.56835)
(-0.056361 3.45951 1.56835)
(7.63278e-17 3.45951 1.56835)
(-0.265352 3.2054 1.56837)
(-0.160378 3.2054 1.56837)
(-0.0728989 3.2054 1.56837)
(-1.249e-16 3.2054 1.56837)
(-0.267303 3.20538 1.80675)
(-0.161557 3.20538 1.80675)
(-0.0734349 3.20538 1.80675)
(-1.11022e-16 3.20538 1.80675)
(-0.303049 3.45951 1.80671)
(-0.205495 3.45951 1.80671)
(-0.1242 3.45951 1.80671)
(-0.0564547 3.45951 1.80671)
(0 3.45951 1.80671)
(-0.308368 3.9681 1.56835)
(-0.209102 3.9681 1.56835)
(-0.12638 3.9681 1.56835)
(-0.0574457 3.9681 1.56835)
(0 3.9681 1.56835)
(-0.307492 3.71382 1.56835)
(-0.208508 3.71382 1.56835)
(-0.126021 3.71382 1.56835)
(-0.0572824 3.71382 1.56835)
(0 3.71382 1.56835)
(-0.307579 3.71382 1.80671)
(-0.208567 3.71382 1.80671)
(-0.126057 3.71382 1.80671)
(-0.0572987 3.71382 1.80671)
(1.38778e-17 3.71382 1.80671)
(-0.308379 3.9681 1.80671)
(-0.20911 3.9681 1.80671)
(-0.126385 3.9681 1.80671)
(-0.0574477 3.9681 1.80671)
(6.93889e-17 3.9681 1.80671)
(-0.30849 4.47661 1.56835)
(-0.209185 4.47661 1.56835)
(-0.12643 4.47661 1.56835)
(-0.0574684 4.47661 1.56835)
(0 4.47661 1.56835)
(-0.30848 4.22237 1.56835)
(-0.209178 4.22237 1.56835)
(-0.126426 4.22237 1.56835)
(-0.0574665 4.22237 1.56835)
(6.245e-17 4.22237 1.56835)
(-0.308481 4.22238 1.80672)
(-0.209179 4.22238 1.80672)
(-0.126427 4.22238 1.80672)
(-0.0574667 4.22238 1.80672)
(9.71445e-17 4.22238 1.80672)
(-0.30849 4.47661 1.80672)
(-0.209185 4.47661 1.80672)
(-0.12643 4.47661 1.80672)
(-0.0574684 4.47661 1.80672)
(4.16334e-17 4.47661 1.80672)
(-0.308491 4.985 1.56836)
(-0.209185 4.985 1.56836)
(-0.126431 4.985 1.56836)
(-0.0574685 4.985 1.56836)
(-8.39606e-16 4.985 1.56836)
(-0.308491 4.73064 1.56836)
(-0.209185 4.73064 1.56836)
(-0.126431 4.73064 1.56836)
(-0.0574685 4.73064 1.56836)
(0 4.73064 1.56836)
(-0.308491 4.73064 1.80672)
(-0.209185 4.73064 1.80672)
(-0.126431 4.73064 1.80672)
(-0.0574685 4.73064 1.80672)
(0 4.73064 1.80672)
(-0.308491 4.985 1.80672)
(-0.209185 4.985 1.80672)
(-0.126431 4.985 1.80672)
(-0.0574685 4.985 1.80672)
(-8.53484e-16 4.985 1.80672)
(-0.28129 0.409541 2.04503)
(-0.17001 0.409543 2.04503)
(-0.0772773 0.409546 2.04503)
(-1.66533e-16 0.409547 2.04503)
(-0.306587 0.154628 2.04505)
(-0.207894 0.154647 2.04505)
(-0.125651 0.154662 2.04505)
(-0.0571139 0.154674 2.04505)
(1.04083e-16 0.154685 2.04505)
(-0.308132 -0.1 2.28341)
(-0.208914 -0.1 2.28339)
(-0.126232 -0.1 2.28338)
(-0.0573308 -0.1 2.28337)
(8.69664e-05 -0.1 2.28337)
(-0.307983 -0.1 2.04507)
(-0.208811 -0.1 2.04507)
(-0.126167 -0.1 2.04507)
(-0.0572976 -0.1 2.04507)
(9.38253e-05 -0.1 2.04507)
(-0.307226 0.154465 2.28337)
(-0.208328 0.154486 2.28336)
(-0.125912 0.154504 2.28335)
(-0.0572329 0.154519 2.28335)
(-6.93889e-18 0.154531 2.28334)
(-0.284181 0.40909 2.28333)
(-0.171758 0.409093 2.28333)
(-0.0780718 0.409096 2.28333)
(-1.66533e-16 0.409098 2.28332)
(-0.123125 0.936625 2.04802)
(0 0.913595 2.04703)
(-0.228555 0.667333 2.04531)
(-0.103889 0.665867 2.04525)
(5.55112e-17 0.664646 2.04521)
(-0.239056 0.665143 2.28229)
(-0.108662 0.664369 2.28306)
(4.16334e-17 0.663724 2.28371)
(-0.152743 0.921013 2.28172)
(-2.77556e-17 0.915085 2.28744)
(-0.10493 1.17993 2.29128)
(-2.77556e-17 1.16576 2.29862)
(-0.0736872 1.4225 2.299)
(-4.16334e-17 1.4215 2.31722)
(-0.0674904 1.68016 2.3152)
(-9.71445e-17 1.68008 2.32854)
(-0.0672092 1.93506 2.31624)
(-1.52656e-16 1.93526 2.32906)
(-0.072341 2.19404 2.30737)
(-1.80411e-16 2.19532 2.32126)
(-0.0959788 2.44542 2.2955)
(-2.35922e-16 2.45501 2.30575)
(-0.208002 2.9539 2.04653)
(-0.0945463 2.9539 2.04653)
(6.93889e-17 2.9539 2.04653)
(-0.098206 2.70928 2.048)
(-1.11022e-16 2.71853 2.0579)
(-0.142939 2.70421 2.29129)
(-2.498e-16 2.70421 2.29129)
(-0.231334 2.95218 2.2844)
(-0.105152 2.95218 2.2844)
(-2.77556e-16 2.95218 2.2844)
(-0.304548 3.45951 2.04507)
(-0.206512 3.45951 2.04507)
(-0.124815 3.45951 2.04507)
(-0.056734 3.45951 2.04507)
(2.77556e-17 3.45951 2.04507)
(-0.273229 3.20532 2.04512)
(-0.165138 3.20532 2.04512)
(-0.0750629 3.20532 2.04512)
(-1.94289e-16 3.20532 2.04512)
(-0.281164 3.20528 2.28342)
(-0.169934 3.20528 2.28342)
(-0.0772429 3.20528 2.28342)
(-4.85723e-16 3.20528 2.28342)
(-0.306498 3.45953 2.2834)
(-0.207834 3.45953 2.2834)
(-0.125614 3.45953 2.2834)
(-0.0570972 3.45953 2.2834)
(-1.94289e-16 3.45953 2.2834)
(-0.308413 3.9681 2.04509)
(-0.209133 3.9681 2.04509)
(-0.126399 3.9681 2.04509)
(-0.057454 3.9681 2.04509)
(5.55112e-17 3.9681 2.04509)
(-0.307843 3.71382 2.04508)
(-0.208746 3.71382 2.04508)
(-0.126165 3.71382 2.04508)
(-0.0573478 3.71382 2.04508)
(9.71445e-17 3.71382 2.04508)
(-0.308183 3.71382 2.28342)
(-0.208977 3.71382 2.28342)
(-0.126305 3.71382 2.28342)
(-0.0574112 3.71382 2.28342)
(9.02056e-17 3.71382 2.28342)
(-0.308457 3.9681 2.28343)
(-0.209162 3.9681 2.28343)
(-0.126417 3.9681 2.28343)
(-0.0574622 3.9681 2.28343)
(-2.08167e-17 3.9681 2.28343)
(-0.30849 4.47661 2.04509)
(-0.209185 4.47661 2.04509)
(-0.126431 4.47661 2.04509)
(-0.0574684 4.47661 2.04509)
(1.04083e-16 4.47661 2.04509)
(-0.308484 4.22238 2.04509)
(-0.209181 4.22238 2.04509)
(-0.126428 4.22238 2.04509)
(-0.0574672 4.22238 2.04509)
(6.245e-17 4.22238 2.04509)
(-0.308488 4.22238 2.28343)
(-0.209184 4.22238 2.28343)
(-0.12643 4.22238 2.28343)
(-0.057468 4.22238 2.28343)
(1.38778e-17 4.22238 2.28343)
(-0.308491 4.4766 2.28342)
(-0.209185 4.4766 2.28342)
(-0.126431 4.4766 2.28342)
(-0.0574685 4.4766 2.28342)
(8.32667e-17 4.4766 2.28342)
(-0.308491 4.985 2.04509)
(-0.209185 4.985 2.04509)
(-0.126431 4.985 2.04509)
(-0.0574685 4.985 2.04509)
(-8.25728e-16 4.985 2.04509)
(-0.308491 4.73064 2.04509)
(-0.209185 4.73064 2.04509)
(-0.126431 4.73064 2.04509)
(-0.0574685 4.73064 2.04509)
(6.245e-17 4.73064 2.04509)
(-0.308491 4.73063 2.2834)
(-0.209185 4.73063 2.2834)
(-0.126431 4.73062 2.2834)
(-0.0574685 4.73062 2.2834)
(3.46945e-17 4.73062 2.2834)
(-0.308491 4.985 2.28339)
(-0.209185 4.985 2.28339)
(-0.126431 4.985 2.28339)
(-0.0574685 4.985 2.28339)
(-8.39606e-16 4.985 2.28339)
(-0.287467 0.408722 2.52153)
(-0.173743 0.408732 2.5215)
(-0.0789743 0.408739 2.52147)
(-1.52656e-16 0.408746 2.52145)
(-0.307979 0.154309 2.5216)
(-0.208838 0.154343 2.52156)
(-0.126221 0.154372 2.52152)
(-0.0573731 0.154396 2.52149)
(4.16334e-17 0.154416 2.52146)
(-0.307956 -0.1 2.76)
(-0.208666 -0.1 2.76)
(-0.125924 -0.1 2.76)
(-0.0569727 -0.1 2.76)
(0.000486835 -0.1 2.76)
(-0.308252 -0.1 2.52165)
(-0.20898 -0.1 2.5216)
(-0.126253 -0.1 2.52155)
(-0.0573132 -0.1 2.52151)
(0.000136299 -0.1 2.52148)
(-0.308072 0.154223 2.76)
(-0.208843 0.154269 2.76)
(-0.126152 0.154307 2.76)
(-0.0572435 0.154338 2.76)
(0.000180529 0.154365 2.76)
(-0.288636 0.408545 2.76)
(-0.174398 0.408562 2.76)
(-0.0791997 0.408577 2.76)
(0.000132095 0.408589 2.76)
(-0.234002 0.919275 2.52107)
(-0.106364 0.918471 2.52187)
(4.16334e-17 0.9178 2.52254)
(-0.249805 0.663306 2.52168)
(-0.113548 0.663314 2.52166)
(6.93889e-17 0.663321 2.52164)
(-0.254166 0.663082 2.76)
(-0.11548 0.663097 2.76)
(9.12284e-05 0.663109 2.76)
(-0.246793 0.917722 2.76)
(-0.112179 0.917732 2.76)
(-8.32667e-17 0.91774 2.76)
(-0.187679 1.42517 2.52494)
(-0.0853086 1.42561 2.52583)
(-1.249e-16 1.42598 2.52656)
(-0.208295 1.17259 2.52134)
(-0.0946798 1.17231 2.52302)
(-5.55112e-17 1.17208 2.52442)
(-0.235238 1.17217 2.76)
(-0.106926 1.17217 2.76)
(-1.52656e-16 1.17217 2.76)
(-0.225315 1.42616 2.76)
(-0.102416 1.42616 2.76)
(-2.08167e-16 1.42616 2.76)
(-0.178726 1.9344 2.52798)
(-0.081239 1.9344 2.52798)
(-1.94289e-16 1.9344 2.52798)
(-0.179313 1.68014 2.52787)
(-0.081506 1.68014 2.52787)
(-1.38778e-16 1.68014 2.52787)
(-0.220578 1.68007 2.76)
(-0.100263 1.68007 2.76)
(-2.91434e-16 1.68007 2.76)
(-0.220202 1.9341 2.76)
(-0.100092 1.9341 2.76)
(-3.19189e-16 1.9341 2.76)
(-0.203047 2.44375 2.52497)
(-0.0922943 2.44375 2.52497)
(-2.91434e-16 2.44375 2.52497)
(-0.185187 2.18913 2.52692)
(-0.0841761 2.18913 2.52692)
(-2.35922e-16 2.18913 2.52692)
(-0.223993 2.18827 2.76)
(-0.101815 2.18827 2.76)
(-3.33067e-16 2.18827 2.76)
(-0.233006 2.44249 2.76)
(-0.105912 2.44249 2.76)
(-3.88578e-16 2.44249 2.76)
(-0.247372 2.95122 2.52183)
(-0.112442 2.95122 2.52183)
(-3.46945e-16 2.95122 2.52183)
(-0.229311 2.69758 2.52297)
(-0.104232 2.69758 2.52297)
(-3.19189e-16 2.69758 2.52297)
(-0.244936 2.69673 2.76)
(-0.111335 2.69673 2.76)
(-4.44089e-16 2.69673 2.76)
(-0.253349 2.95099 2.76)
(-0.115158 2.95099 2.76)
(-4.85723e-16 2.95099 2.76)
(-0.307789 3.45954 2.52152)
(-0.20871 3.45954 2.52152)
(-0.126143 3.45954 2.52152)
(-0.0573378 3.45954 2.52152)
(-4.16334e-16 3.45954 2.52152)
(-0.28659 3.20526 2.52153)
(-0.173214 3.20526 2.52153)
(-0.0787336 3.20526 2.52153)
(-6.245e-16 3.20526 2.52153)
(-0.288458 3.20527 2.76)
(-0.174343 3.20527 2.76)
(-0.0792467 3.20527 2.76)
(-7.21645e-16 3.20527 2.76)
(-0.308191 3.45956 2.76)
(-0.208982 3.45956 2.76)
(-0.126308 3.45956 2.76)
(-0.0574126 3.45956 2.76)
(-5.68989e-16 3.45956 2.76)
(-0.308482 3.96811 2.52154)
(-0.20918 3.96811 2.52154)
(-0.126427 3.96811 2.52154)
(-0.0574669 3.96811 2.52154)
(-5.89806e-16 3.96811 2.52154)
(-0.308396 3.71383 2.52154)
(-0.209121 3.71383 2.52154)
(-0.126392 3.71383 2.52154)
(-0.0574508 3.71383 2.52154)
(-4.85723e-16 3.71383 2.52154)
(-0.308454 3.71384 2.76)
(-0.209161 3.71384 2.76)
(-0.126416 3.71384 2.76)
(-0.0574617 3.71384 2.76)
(-6.17562e-16 3.71384 2.76)
(-0.308488 3.96811 2.76)
(-0.209184 3.96811 2.76)
(-0.12643 3.96811 2.76)
(-0.057468 3.96811 2.76)
(-6.52256e-16 3.96811 2.76)
(-0.308491 4.47658 2.52153)
(-0.209185 4.47658 2.52153)
(-0.126431 4.47658 2.52153)
(-0.0574685 4.47658 2.52153)
(2.77556e-17 4.47658 2.52153)
(-0.30849 4.22237 2.52154)
(-0.209185 4.22237 2.52154)
(-0.12643 4.22237 2.52154)
(-0.0574684 4.22237 2.52154)
(-5.41234e-16 4.22237 2.52154)
(-0.308491 4.22237 2.76)
(-0.209185 4.22237 2.76)
(-0.126431 4.22237 2.76)
(-0.0574685 4.22237 2.76)
(-6.66134e-16 4.22237 2.76)
(-0.308491 4.47658 2.76)
(-0.209185 4.47658 2.76)
(-0.126431 4.47657 2.76)
(-0.0574685 4.47657 2.76)
(-6.93889e-16 4.47657 2.76)
(-0.308491 4.985 2.52151)
(-0.209185 4.985 2.5215)
(-0.126431 4.985 2.52149)
(-0.0574685 4.985 2.52148)
(-8.88178e-16 4.985 2.52147)
(-0.308491 4.73061 2.52151)
(-0.209185 4.7306 2.5215)
(-0.126431 4.7306 2.5215)
(-0.0574685 4.73059 2.52149)
(6.93889e-18 4.73059 2.52149)
(-0.308491 4.73061 2.76)
(-0.209185 4.7306 2.76)
(-0.126431 4.73059 2.76)
(-0.0574685 4.73058 2.76)
(-7.77156e-16 4.73058 2.76)
(-0.308365 4.985 2.76)
(-0.209059 4.985 2.76)
(-0.126304 4.985 2.76)
(-0.0573422 4.985 2.76)
(0.000126249 4.985 2.76)
(1.93749 0.445471 0.111584)
(1.95379 0.429874 0.0507199)
(1.96738 0.416877 -3.46945e-17)
(1.97298 0.421463 0.23863)
(2.00723 0.381385 0.197802)
(2.03577 0.347988 0.163779)
(1.99015 0.174404 0.173868)
(2.03577 0.133265 0.139871)
(1.70059 0.20352 0.0289012)
(1.70775 0.1943 1.04083e-17)
(1.71191 0.422541 0.0675065)
(1.71916 0.41725 4.16334e-17)
(1.94652 0.204596 0.386582)
(1.9952 0.16422 0.382299)
(2.03577 0.130573 0.378729)
(1.6929 0.0627514 0.382914)
(1.70792 0 0.38094)
(1.6972 0.0280858 0.181072)
(1.70457 3.46945e-18 0.172153)
(1.93565 0.213368 0.615518)
(1.99026 0.168915 0.615546)
(2.03577 0.131872 0.615569)
(1.91869 0.228147 0.853532)
(1.96501 0.190524 0.853569)
(2.00361 0.159172 0.8536)
(2.03577 0.133045 0.853625)
(1.90967 0.235847 1.09174)
(1.95026 0.202925 1.09175)
(1.98409 0.17549 1.09176)
(2.01228 0.152627 1.09177)
(2.03577 0.133575 1.09178)
(1.90938 0.236171 1.33)
(1.95007 0.203188 1.33)
(1.98397 0.175702 1.33)
(2.01223 0.152796 1.33)
(2.03577 0.133709 1.33)
(1.6739 0.157882 1.33001)
(1.68599 0.107059 1.33001)
(1.69606 0.0647058 1.33001)
(1.70445 0.0294117 1.33001)
(1.71144 -3.46945e-17 1.33001)
(1.67408 0.156869 1.09163)
(1.68606 0.106371 1.09164)
(1.69606 0.0642905 1.09165)
(1.70438 0.0292229 1.09166)
(1.71132 -3.81639e-17 1.09166)
(1.90967 0.235846 1.56827)
(1.95026 0.202924 1.56825)
(1.98409 0.175488 1.56824)
(2.01228 0.152626 1.56823)
(2.03577 0.133573 1.56822)
(1.91869 0.228146 1.80647)
(1.96501 0.190523 1.80644)
(2.00361 0.159171 1.8064)
(2.03577 0.133044 1.80638)
(1.67716 0.142613 1.80681)
(1.69049 0.0861945 1.80678)
(1.7016 0.0391793 1.80676)
(1.71086 9.71445e-17 1.80674)
(1.67407 0.156869 1.56839)
(1.68606 0.106372 1.56838)
(1.69605 0.0642905 1.56837)
(1.70438 0.0292229 1.56836)
(1.71132 -3.81639e-17 1.56835)
(1.93565 0.21337 2.04448)
(1.99026 0.168918 2.04446)
(2.03577 0.131875 2.04444)
(1.94652 0.204608 2.27342)
(1.9952 0.164232 2.2777)
(2.03577 0.130586 2.28128)
(1.99015 0.174431 2.48613)
(2.03577 0.133296 2.52014)
(4.77987 2.18759 0.179849)
(4.82 2.18763 0.174661)
(4.77991 1.93386 0.179925)
(4.82 1.93388 0.174824)
(4.77951 2.69197 0.179898)
(4.82 2.69217 0.174071)
(4.77978 2.44051 0.179816)
(4.82 2.44062 0.174417)
(4.92 3.60347 0.201355)
(4.92 3.59496 0.194276)
(4.78757 3.41253 0.175159)
(4.82 3.40557 0.168687)
(4.79912 0.414433 0.381479)
(4.82 0.41443 0.380896)
(4.78056 0.66378 0.383201)
(4.82 0.663776 0.382082)
(4.73382 0.66392 0.61569)
(4.78083 0.66392 0.61569)
(4.82 0.66392 0.61569)
(4.78335 0.41559 0.614988)
(4.82 0.414708 0.614988)
(4.76088 0.917479 0.383046)
(4.82 0.917474 0.382926)
(4.72782 1.17155 0.383518)
(4.7781 1.17155 0.383424)
(4.82 1.17155 0.383346)
(4.70038 1.1716 0.616451)
(4.76563 1.1716 0.616451)
(4.82 1.1716 0.616451)
(4.71082 0.91755 0.616195)
(4.77037 0.91755 0.616195)
(4.82 0.91755 0.616195)
(4.72273 1.42569 0.383656)
(4.77579 1.42569 0.383559)
(4.82 1.42569 0.383479)
(4.72128 1.67981 0.383658)
(4.77513 1.67981 0.38356)
(4.82 1.67982 0.383478)
(4.68074 1.67983 0.616534)
(4.73583 1.67983 0.616534)
(4.78174 1.67983 0.616534)
(4.82 1.67983 0.616534)
(4.68178 1.42572 0.616534)
(4.73646 1.42572 0.616534)
(4.78203 1.42572 0.616534)
(4.82 1.42572 0.616534)
(4.72095 1.93383 0.383613)
(4.77498 1.93383 0.383509)
(4.82 1.93383 0.383423)
(4.72084 2.18746 0.383548)
(4.77493 2.18747 0.383429)
(4.82 2.18748 0.383329)
(4.68046 2.18739 0.616439)
(4.73566 2.18739 0.616439)
(4.78167 2.18739 0.616439)
(4.82 2.18739 0.616439)
(4.68053 1.93382 0.616498)
(4.7357 1.93382 0.616498)
(4.78168 1.93382 0.616498)
(4.82 1.93382 0.616498)
(4.72062 2.44014 0.383485)
(4.77483 2.44016 0.383324)
(4.82 2.44018 0.38319)
(4.72017 2.69101 0.38348)
(4.77462 2.69105 0.383235)
(4.82 2.69108 0.38303)
(4.68046 2.6904 0.61633)
(4.73566 2.6904 0.61633)
(4.78166 2.6904 0.61633)
(4.82 2.6904 0.61633)
(4.68038 2.43991 0.616368)
(4.73561 2.43991 0.616368)
(4.78164 2.43991 0.616368)
(4.82 2.43991 0.616368)
(4.72027 2.93943 0.383621)
(4.77467 2.93949 0.383245)
(4.82 2.93953 0.382932)
(4.72459 3.18518 0.383804)
(4.77663 3.18358 0.383282)
(4.82 3.18225 0.382847)
(4.69076 3.18354 0.616718)
(4.74189 3.1819 0.616692)
(4.78449 3.18053 0.61667)
(4.82 3.17939 0.616653)
(4.68222 2.93807 0.616401)
(4.73673 2.93807 0.616401)
(4.78215 2.93807 0.616401)
(4.82 2.93807 0.616401)
(4.73968 3.40948 0.383943)
(4.78349 3.39917 0.383028)
(4.82 3.39059 0.382266)
(4.92 3.61338 0.395026)
(4.92 3.59941 0.393862)
(4.92 3.58777 0.392891)
(4.92 3.61475 0.621501)
(4.92 3.60293 0.621289)
(4.92 3.59308 0.621112)
(4.92 3.58488 0.620965)
(4.71388 3.40812 0.617298)
(4.75586 3.39837 0.617131)
(4.79085 3.39025 0.616991)
(4.82 3.38348 0.616875)
(4.7725 0.416051 0.853222)
(4.82 0.414901 0.853222)
(4.71598 0.664026 0.853574)
(4.77272 0.664026 0.853574)
(4.82 0.664026 0.853574)
(4.70516 0.664076 1.09179)
(4.7678 0.664076 1.09179)
(4.82 0.664076 1.09179)
(4.75885 0.414986 1.09165)
(4.82 0.414986 1.09165)
(4.68124 0.917614 0.853834)
(4.73613 0.917614 0.853834)
(4.78188 0.917614 0.853834)
(4.82 0.917614 0.853834)
(4.67308 1.17164 0.853968)
(4.7312 1.17164 0.853968)
(4.77964 1.17164 0.853968)
(4.82 1.17164 0.853968)
(4.65937 1.17167 1.09195)
(4.71108 1.17167 1.09195)
(4.75417 1.17167 1.09195)
(4.79008 1.17167 1.09195)
(4.82 1.17167 1.09195)
(4.67436 0.917648 1.09189)
(4.73197 0.917648 1.09189)
(4.77999 0.917648 1.09189)
(4.82 0.917648 1.09189)
(4.67076 1.42575 0.854013)
(4.7298 1.42575 0.854013)
(4.779 1.42575 0.854013)
(4.82 1.42575 0.854013)
(4.66071 1.67984 0.854013)
(4.71199 1.67984 0.854013)
(4.75472 1.67984 0.854013)
(4.79033 1.67984 0.854013)
(4.82 1.67984 0.854013)
(4.65781 1.67985 1.09197)
(4.71002 1.67985 1.09197)
(4.75353 1.67985 1.09197)
(4.78979 1.67985 1.09197)
(4.82 1.67985 1.09197)
(4.65804 1.42576 1.09197)
(4.71017 1.42576 1.09197)
(4.75362 1.42576 1.09197)
(4.78983 1.42576 1.09197)
(4.82 1.42576 1.09197)
(4.66063 1.93382 0.853993)
(4.71193 1.93382 0.853993)
(4.75468 1.93382 0.853993)
(4.79031 1.93382 0.853993)
(4.82 1.93382 0.853993)
(4.66062 2.18736 0.853962)
(4.71193 2.18736 0.853962)
(4.75468 2.18736 0.853962)
(4.79031 2.18736 0.853962)
(4.82 2.18736 0.853962)
(4.65783 2.18736 1.09196)
(4.71004 2.18736 1.09196)
(4.75354 2.18736 1.09196)
(4.78979 2.18736 1.09196)
(4.82 2.18736 1.09196)
(4.6578 1.93382 1.09196)
(4.71001 1.93382 1.09196)
(4.75353 1.93382 1.09196)
(4.78978 1.93382 1.09196)
(4.82 1.93382 1.09196)
(4.6607 2.43978 0.85394)
(4.71198 2.43978 0.85394)
(4.75471 2.43978 0.85394)
(4.79032 2.43978 0.85394)
(4.82 2.43978 0.85394)
(4.66132 2.69007 0.853975)
(4.7124 2.69007 0.853975)
(4.75497 2.69007 0.853975)
(4.79044 2.69007 0.853975)
(4.82 2.69007 0.853975)
(4.6588 2.69007 1.09212)
(4.71069 2.69007 1.09212)
(4.75393 2.69007 1.09212)
(4.78997 2.69007 1.09212)
(4.82 2.69007 1.09212)
(4.65797 2.43978 1.09199)
(4.71013 2.43978 1.09199)
(4.75359 2.43978 1.09199)
(4.78982 2.43978 1.09199)
(4.82 2.43978 1.09199)
(4.66452 2.93736 0.854138)
(4.71457 2.93736 0.854138)
(4.75628 2.93736 0.854138)
(4.79104 2.93736 0.854138)
(4.82 2.93736 0.854138)
(4.67572 3.18275 0.854498)
(4.72216 3.18125 0.85449)
(4.76087 3.18001 0.854483)
(4.79312 3.17897 0.854478)
(4.82 3.1781 0.854474)
(4.67377 3.18279 1.09293)
(4.72085 3.18128 1.09293)
(4.76007 3.18001 1.09294)
(4.79276 3.17896 1.09294)
(4.82 3.17808 1.09295)
(4.66247 2.93735 1.09243)
(4.71318 2.93735 1.09243)
(4.75544 2.93735 1.09243)
(4.79065 2.93735 1.09243)
(4.82 2.93735 1.09243)
(4.70217 3.4073 0.855)
(4.7401 3.39859 0.854953)
(4.77171 3.39133 0.854914)
(4.79805 3.38528 0.854881)
(4.82 3.38024 0.854854)
(4.92 3.61482 0.85671)
(4.92 3.60476 0.856655)
(4.92 3.59638 0.856609)
(4.92 3.58939 0.856571)
(4.92 3.58357 0.856539)
(4.92 3.62228 1.09405)
(4.92 3.60981 1.0941)
(4.92 3.59942 1.09415)
(4.92 3.59077 1.09418)
(4.92 3.58355 1.09421)
(4.69755 3.40798 1.0935)
(4.73697 3.39895 1.09353)
(4.76982 3.39142 1.09356)
(4.79719 3.38515 1.09359)
(4.82 3.37993 1.09361)
(4.78829 0.194848 1.33)
(4.82 0.191454 1.33)
(4.79476 0.194675 1.56846)
(4.82 0.191414 1.56846)
(4.75391 0.415007 1.33)
(4.82 0.415007 1.33)
(4.70149 0.66409 1.33)
(4.76613 0.66409 1.33)
(4.82 0.66409 1.33)
(4.70516 0.664076 1.56821)
(4.7678 0.664076 1.56821)
(4.82 0.664076 1.56821)
(4.75885 0.414986 1.56835)
(4.82 0.414986 1.56835)
(4.67243 0.917658 1.33)
(4.73081 0.917658 1.33)
(4.77946 0.917658 1.33)
(4.82 0.917658 1.33)
(4.65843 1.17168 1.33)
(4.71044 1.17168 1.33)
(4.75378 1.17168 1.33)
(4.7899 1.17168 1.33)
(4.82 1.17168 1.33)
(4.65938 1.17167 1.56805)
(4.71108 1.17167 1.56805)
(4.75417 1.17167 1.56805)
(4.79008 1.17167 1.56805)
(4.82 1.17167 1.56805)
(4.67436 0.917648 1.56811)
(4.73197 0.917648 1.56811)
(4.77999 0.917648 1.56811)
(4.82 0.917648 1.56811)
(4.65748 1.42577 1.33)
(4.7098 1.42577 1.33)
(4.75339 1.42577 1.33)
(4.78972 1.42577 1.33)
(4.82 1.42577 1.33)
(4.65738 1.67986 1.33)
(4.70973 1.67986 1.33)
(4.75335 1.67986 1.33)
(4.78971 1.67986 1.33)
(4.82 1.67986 1.33)
(4.6581 1.67986 1.56803)
(4.71022 1.67986 1.56803)
(4.75365 1.67986 1.56803)
(4.78984 1.67986 1.56803)
(4.82 1.67986 1.56803)
(4.6581 1.42577 1.56803)
(4.71022 1.42577 1.56803)
(4.75365 1.42577 1.56803)
(4.78984 1.42577 1.56803)
(4.82 1.42577 1.56803)
(4.65747 1.93383 1.33001)
(4.70979 1.93383 1.33001)
(4.75339 1.93383 1.33001)
(4.78972 1.93383 1.33001)
(4.82 1.93383 1.33001)
(4.65761 2.1874 1.33004)
(4.70989 2.1874 1.33004)
(4.75345 2.1874 1.33004)
(4.78975 2.1874 1.33004)
(4.82 2.1874 1.33004)
(4.65923 2.1875 1.56812)
(4.71098 2.1875 1.56812)
(4.75411 2.1875 1.56812)
(4.79005 2.1875 1.56812)
(4.82 2.1875 1.56812)
(4.65862 1.93386 1.56805)
(4.71057 1.93386 1.56805)
(4.75386 1.93386 1.56805)
(4.78994 1.93386 1.56805)
(4.82 1.93386 1.56805)
(4.65776 2.43992 1.33015)
(4.70999 2.43992 1.33015)
(4.75351 2.43992 1.33015)
(4.78978 2.43992 1.33015)
(4.82 2.43992 1.33015)
(4.65856 2.6904 1.33042)
(4.71053 2.6904 1.33042)
(4.75384 2.6904 1.33042)
(4.78993 2.6904 1.33042)
(4.82 2.6904 1.33042)
(4.6592 2.69111 1.5688)
(4.71096 2.69111 1.5688)
(4.7541 2.69111 1.5688)
(4.79004 2.69111 1.5688)
(4.82 2.69111 1.5688)
(4.65923 2.4402 1.56832)
(4.71099 2.4402 1.56832)
(4.75411 2.4402 1.56832)
(4.79005 2.4402 1.56832)
(4.82 2.4402 1.56832)
(4.66251 2.93806 1.33098)
(4.71321 2.93806 1.33098)
(4.75545 2.93806 1.33098)
(4.79066 2.93806 1.33098)
(4.82 2.93806 1.33098)
(4.67485 3.18402 1.33181)
(4.72157 3.18251 1.33183)
(4.76051 3.18126 1.33185)
(4.79296 3.18021 1.33187)
(4.82 3.17934 1.33188)
(4.67352 3.18691 1.57125)
(4.72067 3.18539 1.57131)
(4.75997 3.18412 1.57136)
(4.79271 3.18306 1.57139)
(4.82 3.18217 1.57143)
(4.66225 2.93954 1.56974)
(4.71303 2.93954 1.56974)
(4.75535 2.93954 1.56974)
(4.79061 2.93954 1.56974)
(4.82 2.93954 1.56974)
(4.70179 3.40952 1.33265)
(4.73984 3.40076 1.33278)
(4.77155 3.39346 1.3329)
(4.79798 3.38737 1.33299)
(4.82 3.3823 1.33307)
(4.92 3.61641 1.33214)
(4.92 3.60632 1.3323)
(4.92 3.59791 1.33244)
(4.92 3.5909 1.33255)
(4.92 3.58506 1.33265)
(4.92 3.62042 1.56971)
(4.92 3.61024 1.5702)
(4.92 3.60176 1.5706)
(4.92 3.59469 1.57093)
(4.92 3.5888 1.57121)
(4.69995 3.41606 1.57282)
(4.7386 3.40709 1.57321)
(4.7708 3.39962 1.57354)
(4.79764 3.3934 1.57381)
(4.82 3.38821 1.57403)
(4.7725 0.416051 1.80678)
(4.82 0.414902 1.80678)
(4.71598 0.664026 1.80643)
(4.77272 0.664026 1.80643)
(4.82 0.664026 1.80643)
(4.73382 0.66392 2.04431)
(4.78083 0.66392 2.04431)
(4.82 0.66392 2.04431)
(4.78335 0.41559 2.04501)
(4.82 0.414708 2.04501)
(4.68124 0.917614 1.80617)
(4.73614 0.917614 1.80617)
(4.78188 0.917614 1.80617)
(4.82 0.917614 1.80617)
(4.67313 1.17164 1.80603)
(4.73123 1.17164 1.80603)
(4.77965 1.17164 1.80603)
(4.82 1.17164 1.80603)
(4.70055 1.1716 2.04355)
(4.7657 1.1716 2.04355)
(4.82 1.1716 2.04355)
(4.71085 0.917549 2.0438)
(4.77039 0.917549 2.0438)
(4.82 0.917549 2.0438)
(4.67107 1.42575 1.80598)
(4.72999 1.42575 1.80598)
(4.77909 1.42575 1.80598)
(4.82 1.42575 1.80598)
(4.67146 1.67986 1.80598)
(4.73022 1.67986 1.80598)
(4.77919 1.67986 1.80598)
(4.82 1.67986 1.80598)
(4.69899 1.67986 2.04345)
(4.76499 1.67986 2.04345)
(4.82 1.67986 2.04345)
(4.69766 1.42573 2.04346)
(4.76439 1.42573 2.04346)
(4.82 1.42573 2.04346)
(4.67331 1.9339 1.80601)
(4.73134 1.9339 1.80601)
(4.7797 1.9339 1.80601)
(4.82 1.9339 1.80601)
(4.6754 2.18764 1.80612)
(4.7326 2.18764 1.80612)
(4.78027 2.18764 1.80612)
(4.82 2.18764 1.80612)
(4.70922 2.18782 2.04362)
(4.76965 2.18782 2.04362)
(4.82 2.18782 2.04362)
(4.70366 1.93394 2.04349)
(4.76712 1.93394 2.04349)
(4.82 1.93394 2.04349)
(4.67479 2.44063 1.80642)
(4.73223 2.44063 1.80642)
(4.78011 2.44063 1.80642)
(4.82 2.44063 1.80642)
(4.67161 2.69216 1.80711)
(4.73031 2.69216 1.80711)
(4.77923 2.69216 1.80711)
(4.82 2.69216 1.80711)
(4.69586 2.69341 2.04479)
(4.76357 2.69341 2.04479)
(4.82 2.69341 2.04479)
(4.70711 2.44114 2.04397)
(4.76869 2.44114 2.04397)
(4.82 2.44114 2.04397)
(4.67142 2.94172 1.80846)
(4.7302 2.94172 1.80846)
(4.77918 2.94172 1.80846)
(4.82 2.94172 1.80846)
(4.67809 3.19104 1.81085)
(4.73423 3.18937 1.81106)
(4.78101 3.18797 1.81123)
(4.82 3.18681 1.81138)
(4.67628 3.19525 2.04872)
(4.73314 3.19414 2.04928)
(4.78052 3.19321 2.04974)
(4.82 3.19243 2.05013)
(4.68988 2.94427 2.04642)
(4.76086 2.94427 2.04642)
(4.82 2.94427 2.04642)
(4.68882 3.43245 1.81665)
(4.73105 3.42322 1.81799)
(4.76624 3.41554 1.81912)
(4.79556 3.40913 1.82006)
(4.82 3.4038 1.82084)
(4.92 3.63717 1.80302)
(4.92 3.62467 1.80548)
(4.92 3.61425 1.80753)
(4.92 3.60557 1.80924)
(4.92 3.59834 1.81066)
(4.92 3.69788 2.04772)
(4.92 3.69165 2.05434)
(4.92 3.68647 2.05985)
(4.92 3.68214 2.06444)
(4.92 3.67854 2.06826)
(4.68057 3.44673 2.05325)
(4.72545 3.44046 2.05679)
(4.76286 3.43523 2.05974)
(4.79403 3.43088 2.0622)
(4.82 3.42725 2.06425)
(4.79912 0.414433 2.27852)
(4.82 0.414429 2.2791)
(4.78056 0.663779 2.2768)
(4.82 0.663775 2.27792)
(4.76092 0.917478 2.27695)
(4.82 0.917474 2.27707)
(4.72817 1.17155 2.27648)
(4.77826 1.17155 2.27657)
(4.82 1.17155 2.27665)
(4.78455 1.17154 2.48079)
(4.82 1.17153 2.4853)
(4.79418 0.917476 2.48204)
(4.82 0.917463 2.4859)
(4.72435 1.4257 2.27634)
(4.77652 1.4257 2.27643)
(4.82 1.4257 2.27651)
(4.7271 1.67985 2.27633)
(4.77777 1.67985 2.27642)
(4.82 1.67985 2.2765)
(4.78431 1.67985 2.48055)
(4.82 1.67985 2.48505)
(4.78212 1.42567 2.48029)
(4.82 1.42567 2.48508)
(4.75731 1.93398 2.27643)
(4.82 1.93398 2.27654)
(4.76835 2.18753 2.27524)
(4.82 2.18799 2.27666)
(4.79343 1.93383 2.4812)
(4.82 1.93402 2.4851)
(4.76514 2.44113 2.27394)
(4.82 2.44164 2.277)
(4.74015 2.69461 2.2733)
(4.82 2.6946 2.27781)
(4.76235 2.69507 2.45935)
(4.82 2.69556 2.48613)
(4.69759 2.94669 2.27246)
(4.76436 2.94668 2.27626)
(4.82 2.94667 2.27942)
(4.68256 3.19949 2.27396)
(4.73693 3.19869 2.27742)
(4.78224 3.19802 2.28031)
(4.82 3.19746 2.28272)
(4.71517 3.20651 2.44331)
(4.75664 3.20438 2.46171)
(4.7912 3.20261 2.47703)
(4.82 3.20113 2.4898)
(4.71773 2.94949 2.43956)
(4.77351 2.94899 2.46567)
(4.82 2.94858 2.48743)
(4.67009 3.4542 2.27744)
(4.71835 3.45124 2.28174)
(4.75856 3.44878 2.28533)
(4.79207 3.44672 2.28831)
(4.82 3.44501 2.2908)
(4.682 3.70265 2.2845)
(4.72642 3.69956 2.29144)
(4.76344 3.69698 2.29723)
(4.79429 3.69483 2.30205)
(4.82 3.69304 2.30607)
(4.70322 3.709 2.47275)
(4.74081 3.70852 2.481)
(4.77214 3.70812 2.48787)
(4.79825 3.70779 2.49359)
(4.82 3.70752 2.49837)
(4.69171 3.46124 2.45377)
(4.73301 3.4588 2.46658)
(4.76742 3.45677 2.47725)
(4.7961 3.45507 2.48615)
(4.82 3.45366 2.49356)
(4.67599 3.95835 2.28996)
(4.72235 3.95725 2.30099)
(4.76098 3.95633 2.31018)
(4.79317 3.95557 2.31784)
(4.82 3.95493 2.32422)
(4.68558 4.21965 2.29525)
(4.73876 4.22009 2.31027)
(4.78307 4.22046 2.32279)
(4.82 4.22077 2.33321)
(4.70406 4.21529 2.46389)
(4.74993 4.21759 2.48064)
(4.78815 4.2195 2.49459)
(4.82 4.22109 2.50622)
(4.69504 3.96312 2.47305)
(4.73526 3.96332 2.48275)
(4.76879 3.96349 2.49082)
(4.79672 3.96363 2.49756)
(4.82 3.96375 2.50317)
(4.69431 4.47188 2.28839)
(4.76287 4.47755 2.3087)
(4.82 4.48228 2.32562)
(4.71498 4.65476 2.28707)
(4.77226 4.68718 2.29986)
(4.82 4.7142 2.31052)
(4.75498 4.67083 2.47165)
(4.82 4.70041 2.50328)
(4.73088 4.46552 2.46156)
(4.77949 4.47034 2.48591)
(4.82 4.47435 2.5062)
(4.79415 0.917476 0.177965)
(4.82 0.917464 0.174102)
(4.78102 1.42566 0.179839)
(4.82 1.42566 0.174907)
(4.78432 1.17153 0.179233)
(4.82 1.17153 0.174702)
(4.78011 1.6798 0.179964)
(4.82 1.67981 0.174914)
(4.7793 2.94154 0.18005)
(4.82 2.94179 0.173615)
(4.78077 3.18795 0.179557)
(4.82 3.18701 0.172763)
(4.92 4.66014 0.396365)
(4.92 4.72002 0.392171)
(4.92 4.76992 0.388676)
(4.92 4.69572 0.223231)
(4.92 4.76211 0.190292)
(4.58553 4.83963 0.185934)
(4.59529 4.885 0.175874)
(4.57503 4.78233 0.386459)
(4.58451 4.83833 0.385087)
(4.59242 4.885 0.383944)
(4.79476 0.194675 1.09154)
(4.82 0.191414 1.09154)
(4.92 4.62295 1.09396)
(4.92 4.67012 1.09399)
(4.92 4.70943 1.09401)
(4.92 4.74218 1.09403)
(4.92 4.76948 1.09405)
(4.92 4.62341 0.855266)
(4.92 4.6706 0.855313)
(4.92 4.70993 0.855352)
(4.92 4.7427 0.855384)
(4.92 4.77001 0.855411)
(4.56435 4.72995 0.85465)
(4.57221 4.77986 0.854676)
(4.57876 4.82145 0.854697)
(4.58422 4.85612 0.854715)
(4.58877 4.885 0.854729)
(4.56455 4.72815 1.09311)
(4.57257 4.77864 1.09312)
(4.57924 4.82072 1.09313)
(4.58481 4.85578 1.09314)
(4.58945 4.885 1.09314)
(4.92 4.62274 1.33308)
(4.92 4.66971 1.33319)
(4.92 4.70885 1.33329)
(4.92 4.74147 1.33337)
(4.92 4.76865 1.33344)
(4.56666 4.72835 1.33197)
(4.57484 4.77877 1.33202)
(4.58166 4.8208 1.33206)
(4.58734 4.85582 1.3321)
(4.59207 4.885 1.33213)
(4.92 3.96829 2.09088)
(4.92 3.96599 2.10604)
(4.92 3.96408 2.11868)
(4.92 3.96248 2.1292)
(4.92 3.96115 2.13797)
(4.92 4.21799 2.11407)
(4.92 4.21796 2.12582)
(4.92 4.21794 2.13561)
(4.92 4.21793 2.14376)
(4.92 4.45079 2.09962)
(4.92 4.45889 2.12251)
(4.92 4.46564 2.14158)
(4.92 4.62852 2.0548)
(4.92 4.66129 2.06619)
(4.92 4.6886 2.07569)
(4.61006 2.696 2.6001)
(4.63626 2.6965 2.66)
(4.72702 3.46469 2.57583)
(4.75178 3.46219 2.60293)
(4.77242 3.4601 2.6255)
(4.78962 3.45837 2.64432)
(4.80396 3.45692 2.66)
(4.60421 3.46435 2.54293)
(4.61338 3.46238 2.58061)
(4.62102 3.46075 2.61202)
(4.62738 3.45938 2.63819)
(4.63268 3.45824 2.66)
(4.5924 3.20962 2.55519)
(4.60897 3.20753 2.59666)
(4.62278 3.20579 2.63121)
(4.63428 3.20435 2.66)
(4.59003 2.95139 2.55522)
(4.61484 2.95089 2.61237)
(4.63552 2.95047 2.66)
(4.72248 3.7116 2.57493)
(4.74703 3.7114 2.60232)
(4.76749 3.71125 2.62514)
(4.78454 3.71111 2.64415)
(4.79875 3.711 2.66)
(4.70957 4.21277 2.56513)
(4.7421 4.21599 2.60266)
(4.76921 4.21867 2.63394)
(4.79181 4.22091 2.66)
(4.59824 4.46598 2.57664)
(4.6158 4.4688 2.62211)
(4.63043 4.47116 2.66)
(4.60704 4.21649 2.56196)
(4.61947 4.21902 2.61544)
(4.62983 4.22112 2.66)
(4.71894 3.96451 2.57392)
(4.74879 3.96503 2.60797)
(4.77366 3.96546 2.63635)
(4.79438 3.96582 2.66)
(4.58145 4.7884 2.27982)
(4.60192 4.84109 2.28296)
(4.61899 4.885 2.28557)
(4.60824 4.8481 2.48342)
(4.62561 4.885 2.49363)
(4.60858 4.68325 2.61296)
(4.63028 4.6944 2.66)
(0.498375 0.0185325 0.379779)
(0.49837 0 0.379243)
(0.739057 0.0333145 0.38202)
(0.739054 6.93889e-18 0.381029)
(0.738968 0.0786213 0.615039)
(0.738968 0.035737 0.615039)
(0.738968 -2.77556e-17 0.615039)
(0.498825 0.0328535 0.613676)
(0.498 0 0.613978)
(0.499829 0.0399871 0.852716)
(0.497732 2.08167e-17 0.852712)
(0.73891 0.0958251 0.853241)
(0.73891 0.0435569 0.853241)
(0.73891 -1.38778e-17 0.853241)
(0.738881 0.101899 1.09166)
(0.738881 0.0463177 1.09166)
(0.738881 -2.08167e-17 1.09166)
(0.498665 0.04256 1.09185)
(0.497593 3.46945e-17 1.09145)
(0.498633 0.0430958 1.32961)
(0.497545 4.85723e-17 1.33001)
(0.73887 0.103181 1.33001)
(0.73887 0.0469007 1.33001)
(0.73887 1.38778e-17 1.33001)
(0.738875 0.101901 1.56837)
(0.738875 0.0463186 1.56837)
(0.738875 0 1.56837)
(0.499823 0.0425167 1.56816)
(0.497575 5.55112e-17 1.56857)
(0.499828 0.0399869 1.80769)
(0.497714 7.63278e-17 1.80731)
(0.738904 0.0958271 1.80678)
(0.738904 0.0435578 1.80678)
(0.738904 4.16334e-17 1.80678)
(0.738965 0.078622 2.04498)
(0.738965 0.0357373 2.04498)
(0.738965 5.55112e-17 2.04498)
(0.498822 0.032854 2.04634)
(0.497995 7.63278e-17 2.04604)
(0.498381 0.018532 2.28024)
(0.498377 8.32667e-17 2.28077)
(0.739057 0.0333145 2.278)
(0.739055 7.63278e-17 2.27899)
(0.986629 0.0409308 0.382165)
(0.986628 1.38778e-17 0.381998)
(1.23571 0.0447969 0.383363)
(1.23571 0 0.382025)
(1.23622 0.103593 0.615617)
(1.23622 0.0470878 0.615617)
(1.23622 -4.16334e-17 0.615617)
(0.9868 0.0962294 0.615609)
(0.9868 0.0437406 0.615609)
(0.9868 -1.38778e-17 0.615609)
(0.986902 0.131232 0.853526)
(0.986902 0.0793162 0.853526)
(0.986902 0.0360528 0.853526)
(0.986902 7.63278e-17 0.853526)
(1.23651 0.139956 0.853524)
(1.23651 0.0845887 0.853524)
(1.23651 0.0384494 0.853524)
(1.23651 9.71445e-17 0.853524)
(1.23664 0.157496 1.09177)
(1.23664 0.106797 1.09177)
(1.23664 0.0645477 1.09177)
(1.23664 0.0293399 1.09177)
(1.23664 0 1.09177)
(0.986948 0.139359 1.09177)
(0.986948 0.0842277 1.09177)
(0.986948 0.0382853 1.09177)
(0.986948 7.63278e-17 1.09177)
(0.986959 0.141058 1.33002)
(0.986959 0.0852551 1.33002)
(0.986959 0.0387523 1.33002)
(0.986959 9.02056e-17 1.33002)
(1.23668 0.15927 1.33001)
(1.23668 0.108 1.33001)
(1.23668 0.0652748 1.33001)
(1.23668 0.0296704 1.33001)
(1.23668 -2.42861e-17 1.33001)
(1.23664 0.157497 1.56826)
(1.23664 0.106797 1.56826)
(1.23664 0.0645478 1.56826)
(1.23664 0.0293399 1.56826)
(1.23664 -3.1225e-17 1.56826)
(0.986945 0.139359 1.56826)
(0.986945 0.0842281 1.56826)
(0.986945 0.0382855 1.56826)
(0.986945 1.11022e-16 1.56826)
(0.986898 0.131233 1.8065)
(0.986898 0.0793166 1.8065)
(0.986898 0.036053 1.8065)
(0.986898 1.11022e-16 1.8065)
(1.23651 0.139956 1.8065)
(1.23651 0.0845887 1.8065)
(1.23651 0.0384494 1.8065)
(1.23651 7.63278e-17 1.8065)
(1.23621 0.103593 2.04441)
(1.23621 0.0470877 2.04441)
(1.23621 -6.93889e-18 2.04441)
(0.986797 0.0962295 2.04442)
(0.986797 0.0437407 2.04442)
(0.986797 -6.93889e-18 2.04442)
(0.986627 0.0409307 2.27785)
(0.986626 5.55112e-17 2.27802)
(1.2357 0.0447965 2.27666)
(1.2357 4.16334e-17 2.278)
(1.48175 0.0502393 0.382967)
(1.48297 6.93889e-18 0.381478)
(1.68321 0.113656 0.615047)
(1.69774 0.0516617 0.615061)
(1.70985 -6.93889e-18 0.615072)
(1.48129 0.109121 0.615283)
(1.48278 0.0496005 0.615288)
(1.48402 -4.16334e-17 0.615292)
(1.48097 0.143651 0.853349)
(1.48241 0.0868223 0.853353)
(1.48361 0.0394647 0.853356)
(1.48461 6.245e-17 0.853359)
(1.67716 0.142613 0.853209)
(1.69049 0.0861945 0.853235)
(1.70161 0.0391793 0.853257)
(1.71087 4.85723e-17 0.853276)
(1.48079 0.16017 1.09169)
(1.48211 0.10861 1.0917)
(1.4832 0.0656436 1.0917)
(1.48411 0.029838 1.0917)
(1.48487 -4.51028e-17 1.0917)
(1.48082 0.161639 1.33001)
(1.48215 0.109606 1.33001)
(1.48325 0.0662453 1.33001)
(1.48417 0.0301115 1.33001)
(1.48494 -1.73472e-17 1.33001)
(1.48079 0.16017 1.56833)
(1.4821 0.10861 1.56833)
(1.4832 0.0656436 1.56833)
(1.48411 0.029838 1.56832)
(1.48487 1.04083e-17 1.56832)
(1.48096 0.143651 1.80667)
(1.4824 0.0868222 1.80667)
(1.48361 0.0394647 1.80666)
(1.48461 7.63278e-17 1.80666)
(1.68321 0.113655 2.04497)
(1.69774 0.0516616 2.04495)
(1.70985 -3.46945e-17 2.04494)
(1.48128 0.109121 2.04474)
(1.48277 0.0496004 2.04473)
(1.48401 -2.08167e-17 2.04473)
(1.48175 0.0502389 2.27705)
(1.48297 2.08167e-17 2.27854)
(1.6929 0.0627508 2.2771)
(1.70792 1.38778e-17 2.27907)
(1.6972 0.0280832 2.47894)
(1.70457 1.73472e-17 2.48786)
(2.73054 0.0281527 0.181068)
(2.72319 6.93889e-18 0.172128)
(2.43636 0.173914 0.173481)
(2.39077 0.13271 0.139392)
(2.72719 0.20346 0.0289632)
(2.72004 0.194225 0)
(2.73483 0.063172 0.382924)
(2.7198 0 0.380936)
(2.74446 0.114159 0.615053)
(2.72995 0.0518906 0.615068)
(2.71785 -1.38778e-17 0.61508)
(2.49088 0.212981 0.615517)
(2.43628 0.168463 0.615546)
(2.39077 0.131365 0.61557)
(2.48005 0.204206 0.386552)
(2.43135 0.163753 0.382259)
(2.39077 0.130042 0.378682)
(2.75048 0.143106 0.853218)
(2.73718 0.0864926 0.853244)
(2.72609 0.0393148 0.853266)
(2.71685 6.245e-17 0.853284)
(2.75383 0.158487 1.09163)
(2.74179 0.107469 1.09164)
(2.73175 0.0649536 1.09164)
(2.72339 0.0295244 1.09165)
(2.71642 -3.46945e-18 1.09166)
(2.51716 0.235688 1.09177)
(2.47647 0.202635 1.09179)
(2.44257 0.175091 1.0918)
(2.41432 0.152138 1.09181)
(2.39077 0.13301 1.09181)
(2.50785 0.227782 0.853543)
(2.46153 0.190102 0.853579)
(2.42293 0.158701 0.853609)
(2.39077 0.132534 0.853634)
(2.75486 0.163065 1.33)
(2.74245 0.110573 1.33)
(2.73212 0.0668298 1.33)
(2.7235 0.0303772 1.33)
(2.71632 -2.08167e-17 1.33)
(2.75383 0.158487 1.56837)
(2.74179 0.107469 1.56836)
(2.73175 0.0649536 1.56836)
(2.72339 0.0295244 1.56835)
(2.71642 -3.1225e-17 1.56834)
(2.51716 0.235688 1.56823)
(2.47647 0.202636 1.56821)
(2.44257 0.175091 1.5682)
(2.41432 0.152138 1.56819)
(2.39077 0.13301 1.56819)
(2.52198 0.239652 1.33)
(2.47975 0.205352 1.33)
(2.44455 0.176768 1.33)
(2.41521 0.152949 1.33)
(2.39077 0.133099 1.33)
(2.73483 0.0631716 2.27708)
(2.71979 1.38778e-17 2.27907)
(2.73053 0.0281513 2.47894)
(2.72319 1.04083e-17 2.48788)
(2.43636 0.173929 2.48652)
(2.39077 0.132727 2.52061)
(2.48005 0.204214 2.27345)
(2.43135 0.163762 2.27774)
(2.39077 0.130051 2.28132)
(2.94612 0.0518718 0.383068)
(2.94487 6.93889e-18 0.381533)
(3.19219 0.0510497 0.383854)
(3.19219 0 0.382339)
(3.19163 0.110451 0.615808)
(3.19163 0.0502051 0.615808)
(3.19163 -1.38778e-17 0.615808)
(2.94656 0.111012 0.615324)
(2.94506 0.0504602 0.61533)
(2.9438 -4.16334e-17 0.615334)
(2.94686 0.145022 0.853373)
(2.94542 0.0876507 0.853377)
(2.94422 0.0398412 0.853381)
(2.94321 7.63278e-17 0.853383)
(3.19132 0.144642 0.85362)
(3.19132 0.0874211 0.85362)
(3.19132 0.0397369 0.85362)
(3.19132 6.93889e-17 0.85362)
(3.19119 0.161119 1.0918)
(3.19119 0.109253 1.0918)
(3.19119 0.0660323 1.0918)
(3.19119 0.0300147 1.0918)
(3.19119 0 1.0918)
(2.94707 0.162269 1.0917)
(2.94574 0.110034 1.0917)
(2.94464 0.0665038 1.0917)
(2.94373 0.030229 1.0917)
(2.94296 -5.55112e-17 1.09171)
(2.9471 0.165803 1.33)
(2.94575 0.11243 1.33)
(2.94462 0.067952 1.33)
(2.94368 0.0308873 1.33)
(2.9429 -2.08167e-17 1.33)
(3.19116 0.162842 1.33)
(3.19116 0.110422 1.33)
(3.19116 0.0667383 1.33)
(3.19116 0.0303356 1.33)
(3.19116 -6.245e-17 1.33)
(3.19119 0.161119 1.5682)
(3.19119 0.109253 1.5682)
(3.19119 0.0660323 1.5682)
(3.19119 0.0300147 1.5682)
(3.19119 -2.42861e-17 1.5682)
(2.94707 0.162269 1.5683)
(2.94574 0.110034 1.5683)
(2.94464 0.0665038 1.5683)
(2.94372 0.030229 1.5683)
(2.94296 -3.81639e-17 1.5683)
(2.94686 0.145022 1.80663)
(2.94542 0.0876507 1.80662)
(2.94422 0.0398412 1.80662)
(2.94321 6.245e-17 1.80662)
(3.19132 0.144642 1.80638)
(3.19132 0.087421 1.80638)
(3.19132 0.0397368 1.80638)
(3.19132 6.93889e-17 1.80638)
(3.19163 0.110451 2.0442)
(3.19163 0.0502049 2.0442)
(3.19163 -2.08167e-17 2.0442)
(2.94656 0.111012 2.04468)
(2.94506 0.0504601 2.04467)
(2.9438 -4.16334e-17 2.04467)
(2.94612 0.0518714 2.27694)
(2.94487 1.38778e-17 2.27847)
(3.19219 0.051049 2.27615)
(3.19219 2.08167e-17 2.27767)
(3.68892 0.031445 0.17884)
(3.68892 0 0.174555)
(3.44162 0.0254123 0.178278)
(3.44161 3.46945e-18 0.174251)
(3.44121 0.0614564 0.383195)
(3.44121 6.93889e-18 0.382972)
(3.68876 0.0650556 0.383423)
(3.68876 1.38778e-17 0.383193)
(3.68861 0.116648 0.616318)
(3.68861 0.0530218 0.616318)
(3.68861 -1.38778e-17 0.616318)
(3.44093 0.115416 0.616186)
(3.44093 0.0524617 0.616186)
(3.44093 -2.08167e-17 0.616186)
(3.44077 0.146236 0.853812)
(3.44077 0.0883847 0.853812)
(3.44077 0.0401748 0.853812)
(3.44077 6.93889e-17 0.853812)
(3.68851 0.145768 0.853878)
(3.68851 0.0881018 0.853878)
(3.68851 0.0400463 0.853878)
(3.68851 7.63278e-17 0.853878)
(3.68846 0.160315 1.0919)
(3.68846 0.108709 1.0919)
(3.68846 0.065703 1.0919)
(3.68846 0.029865 1.0919)
(3.68846 -1.38778e-17 1.0919)
(3.4407 0.161196 1.09188)
(3.4407 0.109306 1.09188)
(3.4407 0.0660638 1.09188)
(3.4407 0.030029 1.09188)
(3.4407 -1.73472e-17 1.09188)
(3.44068 0.162323 1.33)
(3.44068 0.11007 1.33)
(3.44068 0.0665258 1.33)
(3.44068 0.030239 1.33)
(3.44068 3.46945e-18 1.33)
(3.68844 0.161452 1.33)
(3.68844 0.109479 1.33)
(3.68844 0.0661688 1.33)
(3.68844 0.0300767 1.33)
(3.68844 -3.81639e-17 1.33)
(3.68846 0.160315 1.56809)
(3.68846 0.108709 1.56809)
(3.68846 0.065703 1.56809)
(3.68846 0.029865 1.56809)
(3.68846 -6.93889e-18 1.56809)
(3.4407 0.161196 1.56812)
(3.4407 0.109306 1.56812)
(3.4407 0.0660638 1.56812)
(3.4407 0.030029 1.56812)
(3.4407 0 1.56812)
(3.44077 0.146236 1.80619)
(3.44077 0.0883846 1.80619)
(3.44077 0.0401748 1.80619)
(3.44077 9.02056e-17 1.80619)
(3.68851 0.145768 1.80612)
(3.68851 0.0881018 1.80612)
(3.68851 0.0400463 1.80612)
(3.68851 7.63278e-17 1.80612)
(3.68861 0.116648 2.04368)
(3.68861 0.0530217 2.04368)
(3.68861 -2.08167e-17 2.04368)
(3.44093 0.115416 2.04382)
(3.44093 0.0524616 2.04382)
(3.44093 0 2.04382)
(3.44122 0.0614562 2.27681)
(3.44121 3.46945e-17 2.27703)
(3.68876 0.0650555 2.27658)
(3.68876 2.77556e-17 2.27681)
(3.68892 0.0314454 2.48116)
(3.68892 3.46945e-17 2.48545)
(3.44163 0.0254125 2.48172)
(3.44162 3.1225e-17 2.48575)
(3.93534 0.024708 0.178068)
(3.93535 0 0.174152)
(3.93529 0.0579748 0.383121)
(3.93529 6.93889e-18 0.382911)
(4.18101 0.039316 0.383257)
(4.18101 6.93889e-18 0.382098)
(4.18082 0.0859323 0.615665)
(4.18082 0.0390601 0.615665)
(4.18082 -3.46945e-17 0.615665)
(3.93517 0.108349 0.616147)
(3.93517 0.0492497 0.616147)
(3.93517 -3.46945e-17 0.616147)
(3.93507 0.138347 0.853789)
(3.93507 0.0836161 0.853789)
(3.93507 0.0380073 0.853789)
(3.93507 7.63278e-17 0.853789)
(4.18068 0.103679 0.853544)
(4.18068 0.047127 0.853544)
(4.18068 -4.16334e-17 0.853544)
(4.1806 0.114578 1.09177)
(4.1806 0.052081 1.09177)
(4.1806 -1.38778e-17 1.09177)
(3.93502 0.145445 1.09187)
(3.93502 0.0879065 1.09187)
(3.93502 0.0399575 1.09187)
(3.93502 7.63278e-17 1.09187)
(3.93501 0.147427 1.33)
(3.93501 0.0891043 1.33)
(3.93501 0.040502 1.33)
(3.93501 8.32667e-17 1.33)
(4.18057 0.118288 1.33)
(4.18057 0.0537675 1.33)
(4.18057 -1.38778e-17 1.33)
(4.1806 0.114578 1.56823)
(4.1806 0.052081 1.56823)
(4.1806 6.93889e-18 1.56823)
(3.93502 0.145445 1.56813)
(3.93502 0.0879065 1.56813)
(3.93502 0.0399575 1.56813)
(3.93502 1.17961e-16 1.56813)
(3.93507 0.138347 1.80621)
(3.93507 0.083616 1.80621)
(3.93507 0.0380073 1.80621)
(3.93507 9.02056e-17 1.80621)
(4.18068 0.103679 1.80645)
(4.18068 0.047127 1.80645)
(4.18068 1.38778e-17 1.80645)
(4.18082 0.0859321 2.04433)
(4.18082 0.0390601 2.04433)
(4.18082 1.38778e-17 2.04433)
(3.93517 0.108349 2.04385)
(3.93517 0.0492496 2.04385)
(3.93517 -6.93889e-18 2.04385)
(3.93529 0.0579747 2.27688)
(3.93529 3.46945e-17 2.27709)
(4.18101 0.0393158 2.27674)
(4.18101 4.85723e-17 2.2779)
(3.93534 0.0247087 2.48193)
(3.93535 4.16334e-17 2.48584)
(4.4222 0.0208324 0.381518)
(4.42224 0 0.380911)
(4.42091 0.0364726 0.614973)
(4.42189 6.93889e-18 0.614973)
(4.42036 0.0471993 0.853202)
(4.42163 2.08167e-17 0.853202)
(4.63375 0.0253787 1.09153)
(4.63736 2.42861e-17 1.09153)
(4.4214 0.0609955 1.09164)
(4.4215 4.16334e-17 1.09163)
(4.42136 0.0659793 1.33)
(4.42146 2.77556e-17 1.33)
(4.63349 0.031853 1.33)
(4.6373 3.46945e-17 1.33)
(4.63375 0.0253787 1.56847)
(4.63736 4.16334e-17 1.56847)
(4.4214 0.0609955 1.56836)
(4.4215 4.16334e-17 1.56836)
(4.42036 0.0471993 1.8068)
(4.42163 4.16334e-17 1.8068)
(4.42091 0.0364725 2.04503)
(4.42189 4.85723e-17 2.04503)
(4.4222 0.0208322 2.27848)
(4.42224 5.20417e-17 2.27909)
(0.299882 4.68771 0.0321755)
(0.29292 4.69512 2.35922e-16)
(0.164735 4.68761 0.0403729)
(0.129777 4.69727 2.42861e-16)
(0.140692 4.68689 0.178627)
(0.1 4.69657 0.166574)
(0.312169 4.83471 1.09075)
(0.290074 4.885 1.09122)
(0.498059 4.86453 0.379868)
(0.498054 4.885 0.379277)
(0.498556 4.84875 0.61367)
(0.497645 4.885 0.614003)
(0.737873 4.799 0.615146)
(0.737873 4.84591 0.615146)
(0.737873 4.885 0.615146)
(0.738063 4.84566 0.382364)
(0.738059 4.885 0.381201)
(0.499958 4.8357 0.85226)
(0.497356 4.885 0.852728)
(0.501131 4.81151 1.09145)
(0.497214 4.885 1.09145)
(0.737707 4.76504 1.09168)
(0.737707 4.83047 1.09168)
(0.737707 4.885 1.09168)
(0.73776 4.77988 0.853296)
(0.73776 4.83722 0.853296)
(0.73776 4.885 0.853296)
(0.501598 4.80201 1.33)
(0.497175 4.885 1.33)
(0.501131 4.81151 1.56855)
(0.497214 4.885 1.56855)
(0.737708 4.76504 1.56832)
(0.737708 4.83047 1.56832)
(0.737708 4.885 1.56832)
(0.737694 4.75948 1.33)
(0.737694 4.82795 1.33)
(0.737694 4.885 1.33)
(0.499959 4.8357 1.80774)
(0.497356 4.885 1.80727)
(0.498557 4.84875 2.04633)
(0.497645 4.885 2.046)
(0.737873 4.799 2.04485)
(0.737873 4.84591 2.04485)
(0.737873 4.885 2.04485)
(0.73776 4.77988 1.8067)
(0.73776 4.83722 1.8067)
(0.73776 4.885 1.8067)
(0.498059 4.86453 2.28013)
(0.498054 4.885 2.28072)
(0.738064 4.84566 2.27764)
(0.73806 4.885 2.2788)
(0.984039 4.82583 0.38275)
(0.984035 4.885 0.382525)
(0.983962 4.7758 0.615932)
(0.983962 4.83537 0.615932)
(0.983962 4.885 0.615932)
(1.23006 4.76523 0.616328)
(1.23006 4.83056 0.616328)
(1.23006 4.885 0.616328)
(1.23008 4.79259 0.383524)
(1.23008 4.84299 0.383342)
(1.23008 4.885 0.383191)
(0.983929 4.74593 0.853692)
(0.983929 4.80095 0.853692)
(0.983929 4.84679 0.853692)
(0.983929 4.885 0.853692)
(0.983916 4.73805 1.09184)
(0.983916 4.79618 1.09184)
(0.983916 4.84463 1.09184)
(0.983916 4.885 1.09184)
(1.23006 4.72412 1.09191)
(1.23006 4.77591 1.09191)
(1.23006 4.81907 1.09191)
(1.23006 4.85503 1.09191)
(1.23006 4.885 1.09191)
(1.23006 4.73797 0.853892)
(1.23006 4.79614 0.853892)
(1.23006 4.84461 0.853892)
(1.23006 4.885 0.853892)
(0.983913 4.73562 1.33)
(0.983913 4.79472 1.33)
(0.983913 4.84396 1.33)
(0.983913 4.885 1.33)
(0.983916 4.73805 1.56816)
(0.983916 4.79618 1.56816)
(0.983916 4.84463 1.56816)
(0.983916 4.885 1.56816)
(1.23006 4.72412 1.56809)
(1.23006 4.77591 1.56809)
(1.23006 4.81907 1.56809)
(1.23006 4.85503 1.56809)
(1.23006 4.885 1.56809)
(1.23006 4.7231 1.33)
(1.23006 4.77522 1.33)
(1.23006 4.81865 1.33)
(1.23006 4.85484 1.33)
(1.23006 4.885 1.33)
(0.983929 4.74593 1.80631)
(0.983929 4.80095 1.80631)
(0.983929 4.84679 1.80631)
(0.983929 4.885 1.80631)
(0.983962 4.7758 2.04407)
(0.983962 4.83536 2.04407)
(0.983962 4.885 2.04407)
(1.23006 4.7652 2.04367)
(1.23006 4.83055 2.04367)
(1.23006 4.885 2.04367)
(1.23006 4.73797 1.80611)
(1.23006 4.79613 1.80611)
(1.23006 4.84461 1.80611)
(1.23006 4.885 1.80611)
(0.98404 4.82582 2.27725)
(0.984036 4.885 2.27747)
(0.984201 4.85922 2.48228)
(0.984188 4.885 2.48639)
(1.23014 4.84922 2.48056)
(1.23014 4.885 2.48545)
(1.23008 4.79253 2.27648)
(1.23008 4.84297 2.27666)
(1.23008 4.885 2.27681)
(1.47607 4.78765 0.383767)
(1.47607 4.84075 0.383579)
(1.47607 4.885 0.383423)
(1.47607 4.74667 0.616468)
(1.47607 4.8014 0.616468)
(1.47607 4.847 0.616468)
(1.47607 4.885 0.616468)
(1.72205 4.74639 0.616494)
(1.72205 4.80122 0.616494)
(1.72205 4.84692 0.616494)
(1.72205 4.885 0.616494)
(1.72204 4.78747 0.383804)
(1.72204 4.84067 0.383616)
(1.72204 4.885 0.383459)
(1.47607 4.7357 0.853963)
(1.47607 4.79476 0.853963)
(1.47607 4.84398 0.853963)
(1.47607 4.885 0.853963)
(1.47607 4.72299 1.09194)
(1.47607 4.77514 1.09194)
(1.47607 4.8186 1.09194)
(1.47607 4.85482 1.09194)
(1.47607 4.885 1.09194)
(1.72205 4.72284 1.09195)
(1.72205 4.77504 1.09195)
(1.72205 4.81854 1.09195)
(1.72205 4.85479 1.09195)
(1.72205 4.885 1.09195)
(1.72205 4.73545 0.853979)
(1.72205 4.79461 0.853979)
(1.72205 4.84391 0.853979)
(1.72205 4.885 0.853979)
(1.47608 4.72242 1.33)
(1.47608 4.77476 1.33)
(1.47608 4.81837 1.33)
(1.47608 4.85471 1.33)
(1.47608 4.885 1.33)
(1.47607 4.72298 1.56806)
(1.47607 4.77513 1.56806)
(1.47607 4.8186 1.56806)
(1.47607 4.85482 1.56806)
(1.47607 4.885 1.56806)
(1.72205 4.72277 1.56805)
(1.72205 4.775 1.56805)
(1.72205 4.81851 1.56805)
(1.72205 4.85478 1.56805)
(1.72205 4.885 1.56805)
(1.72206 4.72233 1.33)
(1.72206 4.77469 1.33)
(1.72206 4.81833 1.33)
(1.72206 4.8547 1.33)
(1.72206 4.885 1.33)
(1.47607 4.73565 1.80604)
(1.47607 4.79473 1.80604)
(1.47607 4.84397 1.80604)
(1.47607 4.885 1.80604)
(1.47607 4.74647 2.04353)
(1.47607 4.80128 2.04353)
(1.47607 4.84694 2.04353)
(1.47607 4.885 2.04353)
(1.72205 4.7454 2.04351)
(1.72205 4.80063 2.04351)
(1.72205 4.84665 2.04351)
(1.72205 4.885 2.04351)
(1.72205 4.72558 1.80602)
(1.72205 4.7769 1.80602)
(1.72205 4.81966 1.80602)
(1.72205 4.8553 1.80602)
(1.72205 4.885 1.80602)
(1.47607 4.78729 2.27623)
(1.47607 4.84058 2.27642)
(1.47607 4.885 2.27658)
(1.47609 4.84581 2.4798)
(1.47609 4.885 2.48512)
(1.72204 4.84485 2.47964)
(1.72205 4.885 2.48509)
(1.72204 4.78578 2.27619)
(1.72204 4.8399 2.27638)
(1.72204 4.885 2.27654)
(1.96802 4.84899 0.179771)
(1.96802 4.885 0.174877)
(2.214 4.85843 0.179034)
(2.21401 4.885 0.174847)
(1.96802 4.79143 0.383775)
(1.96802 4.84247 0.383593)
(1.96802 4.885 0.383442)
(1.96803 4.76354 0.616488)
(1.96803 4.82979 0.616488)
(1.96803 4.885 0.616488)
(2.21401 4.76841 0.616482)
(2.21401 4.83201 0.616482)
(2.21401 4.885 0.616482)
(2.21401 4.82215 0.38365)
(2.21401 4.885 0.383426)
(1.96803 4.73625 0.853979)
(1.96803 4.79509 0.853979)
(1.96803 4.84413 0.853979)
(1.96803 4.885 0.853979)
(1.96803 4.72304 1.09195)
(1.96803 4.77517 1.09195)
(1.96803 4.81862 1.09195)
(1.96803 4.85483 1.09195)
(1.96803 4.885 1.09195)
(2.21401 4.72356 1.09195)
(2.21401 4.77553 1.09195)
(2.21401 4.81883 1.09195)
(2.21401 4.85493 1.09195)
(2.21401 4.885 1.09195)
(2.21401 4.73816 0.853977)
(2.21401 4.79625 0.853977)
(2.21401 4.84466 0.853977)
(2.21401 4.885 0.853977)
(1.96803 4.72235 1.33)
(1.96803 4.77471 1.33)
(1.96803 4.81834 1.33)
(1.96803 4.8547 1.33)
(1.96803 4.885 1.33)
(1.96803 4.72275 1.56805)
(1.96803 4.77498 1.56805)
(1.96803 4.8185 1.56805)
(1.96803 4.85478 1.56805)
(1.96803 4.885 1.56805)
(2.21401 4.72276 1.56805)
(2.21401 4.77499 1.56805)
(2.21401 4.81851 1.56805)
(2.21401 4.85478 1.56805)
(2.21401 4.885 1.56805)
(2.21401 4.72245 1.33)
(2.21401 4.77478 1.33)
(2.21401 4.81838 1.33)
(2.21401 4.85472 1.33)
(2.21401 4.885 1.33)
(1.96803 4.72549 1.80602)
(1.96803 4.77684 1.80602)
(1.96803 4.81963 1.80602)
(1.96803 4.85529 1.80602)
(1.96803 4.885 1.80602)
(1.96803 4.74519 2.04351)
(1.96803 4.8005 2.04351)
(1.96803 4.84659 2.04351)
(1.96803 4.885 2.04351)
(2.21401 4.74516 2.04352)
(2.21401 4.80048 2.04352)
(2.21401 4.84658 2.04352)
(2.21401 4.885 2.04352)
(2.21401 4.72548 1.80602)
(2.21401 4.77683 1.80602)
(2.21401 4.81963 1.80602)
(2.21401 4.85528 1.80602)
(2.21401 4.885 1.80602)
(1.96802 4.78545 2.2762)
(1.96802 4.83975 2.2764)
(1.96802 4.885 2.27656)
(1.96802 4.84464 2.47964)
(1.96802 4.885 2.48512)
(2.21401 4.84461 2.47966)
(2.21401 4.885 2.48515)
(2.21401 4.7854 2.27622)
(2.21401 4.83973 2.27641)
(2.21401 4.885 2.27657)
(2.45999 4.83379 0.384927)
(2.45999 4.885 0.383419)
(2.45999 4.77441 0.61648)
(2.45999 4.83473 0.61648)
(2.45999 4.885 0.61648)
(2.70597 4.77441 0.616481)
(2.70597 4.83473 0.616481)
(2.70597 4.885 0.616481)
(2.70597 4.83379 0.384927)
(2.70597 4.885 0.383419)
(2.45999 4.74035 0.853978)
(2.45999 4.79757 0.853978)
(2.45999 4.84526 0.853978)
(2.45999 4.885 0.853978)
(2.45999 4.72416 1.09195)
(2.45999 4.77594 1.09195)
(2.45999 4.81908 1.09195)
(2.45999 4.85504 1.09195)
(2.45999 4.885 1.09195)
(2.70596 4.72416 1.09195)
(2.70596 4.77594 1.09195)
(2.70596 4.81908 1.09195)
(2.70596 4.85504 1.09195)
(2.70596 4.885 1.09195)
(2.70596 4.74035 0.853979)
(2.70596 4.79757 0.853979)
(2.70596 4.84526 0.853979)
(2.70596 4.885 0.853979)
(2.45999 4.72257 1.33)
(2.45999 4.77486 1.33)
(2.45999 4.81843 1.33)
(2.45999 4.85474 1.33)
(2.45999 4.885 1.33)
(2.45999 4.72278 1.56805)
(2.45999 4.775 1.56805)
(2.45999 4.81852 1.56805)
(2.45999 4.85478 1.56805)
(2.45999 4.885 1.56805)
(2.70596 4.72278 1.56805)
(2.70596 4.775 1.56805)
(2.70596 4.81852 1.56805)
(2.70596 4.85478 1.56805)
(2.70596 4.885 1.56805)
(2.70596 4.72257 1.33)
(2.70596 4.77486 1.33)
(2.70596 4.81843 1.33)
(2.70596 4.85474 1.33)
(2.70596 4.885 1.33)
(2.45999 4.72549 1.80602)
(2.45999 4.77684 1.80602)
(2.45999 4.81963 1.80602)
(2.45999 4.85528 1.80602)
(2.45999 4.885 1.80602)
(2.45999 4.74516 2.04352)
(2.45999 4.80048 2.04352)
(2.45999 4.84658 2.04352)
(2.45999 4.885 2.04352)
(2.70597 4.74519 2.04352)
(2.70597 4.8005 2.04352)
(2.70597 4.84659 2.04352)
(2.70597 4.885 2.04352)
(2.70597 4.72549 1.80602)
(2.70597 4.77684 1.80602)
(2.70597 4.81963 1.80602)
(2.70597 4.85529 1.80602)
(2.70597 4.885 1.80602)
(2.45999 4.7854 2.27622)
(2.45999 4.83973 2.27642)
(2.45999 4.885 2.27658)
(2.45999 4.84461 2.47967)
(2.45999 4.885 2.48516)
(2.70598 4.84464 2.47967)
(2.70598 4.885 2.48516)
(2.70598 4.78545 2.27622)
(2.70598 4.83975 2.27641)
(2.70598 4.885 2.27658)
(2.95192 4.85842 0.179025)
(2.95192 4.885 0.174833)
(3.19776 4.84893 0.179746)
(3.19776 4.885 0.17484)
(2.95192 4.82213 0.383647)
(2.95192 4.885 0.383422)
(2.95192 4.7684 0.616484)
(2.95192 4.832 0.616484)
(2.95192 4.885 0.616484)
(3.19777 4.76348 0.616489)
(3.19777 4.82976 0.616489)
(3.19777 4.885 0.616489)
(3.19777 4.79133 0.383764)
(3.19777 4.84242 0.383581)
(3.19777 4.885 0.383429)
(2.95191 4.73815 0.853981)
(2.95191 4.79625 0.853981)
(2.95191 4.84466 0.853981)
(2.95191 4.885 0.853981)
(2.95191 4.72356 1.09196)
(2.95191 4.77553 1.09196)
(2.95191 4.81883 1.09196)
(2.95191 4.85492 1.09196)
(2.95191 4.885 1.09196)
(3.19776 4.72303 1.09196)
(3.19776 4.77517 1.09196)
(3.19776 4.81862 1.09196)
(3.19776 4.85483 1.09196)
(3.19776 4.885 1.09196)
(3.19776 4.73623 0.853986)
(3.19776 4.79508 0.853986)
(3.19776 4.84413 0.853986)
(3.19776 4.885 0.853986)
(2.95191 4.72245 1.33)
(2.95191 4.77478 1.33)
(2.95191 4.81838 1.33)
(2.95191 4.85472 1.33)
(2.95191 4.885 1.33)
(2.95192 4.72277 1.56805)
(2.95192 4.77499 1.56805)
(2.95192 4.81851 1.56805)
(2.95192 4.85478 1.56805)
(2.95192 4.885 1.56805)
(3.19778 4.72281 1.56806)
(3.19778 4.77502 1.56806)
(3.19778 4.81853 1.56806)
(3.19778 4.85479 1.56806)
(3.19778 4.885 1.56806)
(3.19777 4.72236 1.33001)
(3.19777 4.77471 1.33001)
(3.19777 4.81834 1.33001)
(3.19777 4.8547 1.33001)
(3.19777 4.885 1.33001)
(2.95192 4.72554 1.80602)
(2.95192 4.77687 1.80602)
(2.95192 4.81965 1.80602)
(2.95192 4.85529 1.80602)
(2.95192 4.885 1.80602)
(2.95193 4.74535 2.04351)
(2.95193 4.80059 2.04351)
(2.95193 4.84663 2.04351)
(2.95193 4.885 2.04351)
(3.19784 4.74609 2.04351)
(3.19784 4.80104 2.04351)
(3.19784 4.84684 2.04351)
(3.19784 4.885 2.04351)
(3.19781 4.73534 1.80603)
(3.19781 4.79454 1.80603)
(3.19781 4.84388 1.80603)
(3.19781 4.885 1.80603)
(2.95194 4.78574 2.27621)
(2.95194 4.83988 2.2764)
(2.95194 4.885 2.27656)
(2.95195 4.84484 2.47967)
(2.95195 4.885 2.48513)
(3.1979 4.84573 2.47977)
(3.1979 4.885 2.48509)
(3.19788 4.78702 2.2762)
(3.19788 4.84046 2.27639)
(3.19788 4.885 2.27655)
(3.44323 4.84569 0.180174)
(3.44322 4.885 0.174849)
(3.6876 4.84468 0.180252)
(3.68757 4.885 0.174856)
(3.44325 4.78697 0.383785)
(3.44325 4.84044 0.383597)
(3.44325 4.885 0.38344)
(3.44326 4.74607 0.616499)
(3.44326 4.80103 0.616499)
(3.44326 4.84683 0.616499)
(3.44326 4.885 0.616499)
(3.68764 4.74519 0.616513)
(3.68764 4.8005 0.616513)
(3.68764 4.84659 0.616513)
(3.68764 4.885 0.616513)
(3.68763 4.78549 0.383786)
(3.68763 4.83977 0.383604)
(3.68763 4.885 0.383454)
(3.44326 4.73533 0.853994)
(3.44326 4.79454 0.853994)
(3.44326 4.84388 0.853994)
(3.44326 4.885 0.853994)
(3.44327 4.72281 1.09197)
(3.44327 4.77502 1.09197)
(3.44327 4.81853 1.09197)
(3.44327 4.85479 1.09197)
(3.44327 4.885 1.09197)
(3.68769 4.72277 1.092)
(3.68769 4.77499 1.092)
(3.68769 4.81851 1.092)
(3.68769 4.85478 1.092)
(3.68769 4.885 1.092)
(3.68765 4.72549 0.854012)
(3.68765 4.77684 0.854012)
(3.68765 4.81963 0.854012)
(3.68765 4.85529 0.854012)
(3.68765 4.885 0.854012)
(3.44329 4.72236 1.33002)
(3.44329 4.77471 1.33002)
(3.44329 4.81834 1.33002)
(3.44329 4.8547 1.33002)
(3.44329 4.885 1.33002)
(3.44335 4.72301 1.56808)
(3.44335 4.77515 1.56808)
(3.44335 4.81861 1.56808)
(3.44335 4.85482 1.56808)
(3.44335 4.885 1.56808)
(3.68801 4.72345 1.56817)
(3.68801 4.77545 1.56817)
(3.68801 4.81879 1.56817)
(3.68801 4.8549 1.56817)
(3.68801 4.885 1.56817)
(3.6878 4.72244 1.33008)
(3.6878 4.77477 1.33008)
(3.6878 4.81838 1.33008)
(3.6878 4.85472 1.33008)
(3.6878 4.885 1.33008)
(3.44345 4.73613 1.80606)
(3.44345 4.79502 1.80606)
(3.44345 4.8441 1.80606)
(3.44345 4.885 1.80606)
(3.44357 4.76328 2.04355)
(3.44357 4.82967 2.04355)
(3.44357 4.885 2.04355)
(3.68875 4.76757 2.04373)
(3.68875 4.83162 2.04373)
(3.68875 4.885 2.04373)
(3.68834 4.73774 1.8062)
(3.68834 4.796 1.8062)
(3.68834 4.84454 1.8062)
(3.68834 4.885 1.8062)
(3.4437 4.79111 2.27625)
(3.4437 4.84232 2.27643)
(3.4437 4.885 2.27658)
(3.44378 4.84888 2.4802)
(3.44378 4.885 2.4851)
(3.68944 4.85827 2.48113)
(3.68945 4.885 2.48534)
(3.68915 4.82145 2.27657)
(3.68915 4.885 2.27679)
(3.92937 4.84427 0.180153)
(3.9293 4.885 0.17486)
(4.16631 4.84377 0.179959)
(4.16619 4.885 0.174896)
(3.92932 4.7849 0.383764)
(3.92931 4.8395 0.383608)
(3.9293 4.885 0.383479)
(3.92925 4.74488 0.61654)
(3.92925 4.80031 0.61654)
(3.92925 4.8465 0.61654)
(3.92925 4.885 0.61654)
(4.16536 4.74474 0.616608)
(4.16536 4.80023 0.616608)
(4.16536 4.84647 0.616608)
(4.16536 4.885 0.616608)
(4.16577 4.78436 0.383738)
(4.16575 4.83925 0.383633)
(4.16573 4.885 0.383545)
(3.92925 4.72545 0.854053)
(3.92925 4.77681 0.854053)
(3.92925 4.81961 0.854053)
(3.92925 4.85528 0.854053)
(3.92925 4.885 0.854053)
(3.92937 4.72285 1.09207)
(3.92937 4.77505 1.09207)
(3.92937 4.81854 1.09207)
(3.92937 4.85479 1.09207)
(3.92937 4.885 1.09207)
(4.16552 4.72318 1.09225)
(4.16552 4.77527 1.09225)
(4.16552 4.81868 1.09225)
(4.16552 4.85486 1.09225)
(4.16552 4.885 1.09225)
(4.16524 4.72565 0.854149)
(4.16524 4.77695 0.854149)
(4.16524 4.81969 0.854149)
(4.16524 4.85532 0.854149)
(4.16524 4.885 0.854149)
(3.9297 4.72261 1.33022)
(3.9297 4.77489 1.33022)
(3.9297 4.81845 1.33022)
(3.9297 4.85475 1.33022)
(3.9297 4.885 1.33022)
(3.93033 4.72393 1.56843)
(3.93033 4.77578 1.56843)
(3.93033 4.81899 1.56843)
(3.93033 4.85499 1.56843)
(3.93033 4.885 1.56843)
(4.16788 4.72417 1.56901)
(4.16788 4.77594 1.56901)
(4.16788 4.81908 1.56901)
(4.16788 4.85504 1.56901)
(4.16788 4.885 1.56901)
(4.16635 4.72297 1.33055)
(4.16635 4.77513 1.33055)
(4.16635 4.8186 1.33055)
(4.16635 4.85482 1.33055)
(4.16635 4.885 1.33055)
(3.93127 4.73932 1.8066)
(3.93127 4.79695 1.8066)
(3.93127 4.84498 1.8066)
(3.93127 4.885 1.8066)
(3.93244 4.77228 2.04427)
(3.93244 4.83376 2.04427)
(3.93244 4.885 2.04427)
(4.17293 4.77071 2.04549)
(4.17293 4.83305 2.04549)
(4.17293 4.885 2.04549)
(4.17014 4.73897 1.80749)
(4.17014 4.79674 1.80749)
(4.17014 4.84488 1.80749)
(4.17014 4.885 1.80749)
(3.93362 4.83201 2.2759)
(3.93362 4.885 2.27745)
(4.17578 4.83004 2.27731)
(4.17579 4.885 2.27893)
(4.38964 4.78328 0.383861)
(4.3909 4.83876 0.383788)
(4.39195 4.885 0.383726)
(4.38749 4.74485 0.616757)
(4.38879 4.80029 0.616762)
(4.38987 4.8465 0.616766)
(4.39077 4.885 0.616769)
(4.56802 4.74695 0.617093)
(4.57666 4.80157 0.617092)
(4.58386 4.84708 0.617091)
(4.58986 4.885 0.61709)
(4.38658 4.72646 0.854343)
(4.38778 4.7775 0.854347)
(4.38878 4.82003 0.854351)
(4.38961 4.85547 0.854354)
(4.39031 4.885 0.854356)
(4.38699 4.72424 1.09259)
(4.38822 4.77599 1.09259)
(4.38924 4.81912 1.09259)
(4.39009 4.85505 1.09259)
(4.3908 4.885 1.09259)
(4.3886 4.72412 1.33116)
(4.38984 4.77591 1.33117)
(4.39088 4.81906 1.33117)
(4.39174 4.85503 1.33117)
(4.39246 4.885 1.33118)
(4.39148 4.72515 1.56997)
(4.39277 4.7766 1.57)
(4.39384 4.81949 1.57003)
(4.39474 4.85522 1.57005)
(4.39549 4.885 1.57007)
(4.57003 4.73027 1.57064)
(4.57864 4.78008 1.57102)
(4.58582 4.82158 1.57133)
(4.59181 4.85617 1.57159)
(4.59679 4.885 1.57181)
(4.39557 4.73848 1.80843)
(4.39727 4.79644 1.80869)
(4.39869 4.84475 1.80891)
(4.39987 4.885 1.80909)
(4.40076 4.76501 2.04685)
(4.4032 4.83046 2.04727)
(4.40523 4.885 2.04762)
(4.57878 4.77109 2.04581)
(4.59641 4.83322 2.04908)
(4.61111 4.885 2.05181)
(4.57461 4.74494 1.80797)
(4.58597 4.80035 1.80959)
(4.59544 4.84652 1.81094)
(4.60334 4.885 1.81207)
(4.40774 4.8154 2.28094)
(4.41083 4.885 2.28147)
(4.41387 4.85364 2.48483)
(4.41559 4.885 2.49049)
(0.318939 4.81922 1.33)
(0.289996 4.885 1.33)
(0.312164 4.83472 1.56925)
(0.290074 4.885 1.56878)
(0.9842 4.85922 0.177724)
(0.984187 4.885 0.173609)
(1.23014 4.84926 0.179433)
(1.23013 4.885 0.174555)
(1.47609 4.84605 0.180169)
(1.47609 4.885 0.174877)
(1.72204 4.846 0.180208)
(1.72205 4.885 0.174913)
(4.3926 4.84246 0.180637)
(4.39374 4.885 0.175027)
(4.92 4.66326 0.168127)
(4.92 4.71186 0.110859)
(4.61474 4.6906 0.0444867)
(4.62156 4.70601 2.08167e-17)
(4.92 4.63654 0.618512)
(4.92 4.68956 0.618481)
(4.92 4.73374 0.618456)
(4.92 4.77055 0.618435)
(4.92 4.63794 1.80538)
(4.92 4.68422 1.8094)
(4.92 4.72279 1.81275)
(4.92 4.75494 1.81554)
(4.92 4.62464 1.57093)
(4.92 4.67007 1.57176)
(4.92 4.70792 1.57245)
(4.92 4.73947 1.57302)
(4.92 4.76575 1.57349)
(0.164679 0.197399 0.040354)
(0.129736 0.187737 2.08167e-17)
(0.299891 0.197332 0.032124)
(0.292943 0.189935 1.38778e-17)
(0.140668 0.198081 0.178612)
(0.1 0.188411 0.166566)
(0.198812 0.916604 0.0851205)
(0.169366 0.916544 0.0514464)
(0.144828 0.916494 0.0233847)
(0.124379 0.916452 1.07553e-16)
(0.204257 1.17113 0.0917221)
(0.178298 1.1711 0.0621961)
(0.156665 1.17109 0.037591)
(0.138638 1.17107 0.0170868)
(0.123616 1.17106 6.245e-17)
(0.304283 1.17129 0.120924)
(0.30003 1.17129 0.0819975)
(0.296485 1.17128 0.0495589)
(0.293531 1.17128 0.0225268)
(0.29107 1.17128 2.08167e-17)
(0.303356 0.916907 0.111029)
(0.298562 0.916896 0.0671053)
(0.294567 0.916886 0.0305024)
(0.291237 0.916879 1.21431e-16)
(0.204148 1.42548 0.0916412)
(0.178159 1.42547 0.0621412)
(0.156502 1.42547 0.0375579)
(0.138454 1.42546 0.0170718)
(0.123414 1.42546 6.59195e-17)
(0.204147 1.67975 0.09162)
(0.178151 1.67975 0.0621268)
(0.156487 1.67975 0.0375492)
(0.138434 1.67975 0.0170678)
(0.12339 1.67975 5.89806e-17)
(0.304303 1.67983 0.121408)
(0.30003 1.67983 0.0823257)
(0.29647 1.67983 0.0497573)
(0.293503 1.67983 0.022617)
(0.29103 1.67983 3.81639e-17)
(0.304314 1.42559 0.121479)
(0.30004 1.42559 0.0823742)
(0.296478 1.42559 0.0497866)
(0.293509 1.42559 0.0226303)
(0.291036 1.42558 4.51028e-17)
(0.204152 1.93401 0.0916161)
(0.178154 1.93401 0.0621242)
(0.156489 1.93401 0.0375476)
(0.138435 1.93401 0.0170671)
(0.12339 1.93401 1.249e-16)
(0.204153 2.18827 0.0916152)
(0.178154 2.18826 0.0621236)
(0.156489 2.18826 0.0375472)
(0.138435 2.18826 0.0170669)
(0.12339 2.18826 1.04083e-16)
(0.304304 2.18829 0.121408)
(0.300032 2.18829 0.0823257)
(0.296471 2.18829 0.0497573)
(0.293504 2.18829 0.022617)
(0.291032 2.18829 1.14492e-16)
(0.3043 1.93406 0.121408)
(0.300028 1.93406 0.0823257)
(0.296467 1.93406 0.0497573)
(0.2935 1.93406 0.022617)
(0.291028 1.93406 9.36751e-17)
(0.204148 2.44252 0.0916131)
(0.178148 2.44251 0.0621221)
(0.156483 2.44251 0.0375463)
(0.138428 2.44251 0.0170665)
(0.123382 2.44251 1.07553e-16)
(0.204127 2.69676 0.0916073)
(0.178126 2.69676 0.0621182)
(0.156458 2.69676 0.037544)
(0.138402 2.69676 0.0170654)
(0.123355 2.69676 1.42247e-16)
(0.304326 2.69676 0.121408)
(0.300054 2.69676 0.0823258)
(0.296494 2.69676 0.0497573)
(0.293527 2.69676 0.022617)
(0.291055 2.69676 1.45717e-16)
(0.304327 2.44252 0.121514)
(0.300051 2.44252 0.0823977)
(0.296487 2.44252 0.0498008)
(0.293518 2.44252 0.0226367)
(0.291043 2.44252 9.71445e-17)
(0.204092 2.95101 0.0915974)
(0.178087 2.95101 0.0621115)
(0.156417 2.95101 0.0375399)
(0.138358 2.95101 0.0170636)
(0.123309 2.951 1.21431e-16)
(0.204035 3.20526 0.0915851)
(0.178027 3.20526 0.0621032)
(0.156354 3.20526 0.0375349)
(0.138293 3.20526 0.0170613)
(0.123242 3.20526 1.42247e-16)
(0.304324 3.20521 0.1214)
(0.300052 3.20521 0.0823202)
(0.296492 3.20521 0.049754)
(0.293526 3.20521 0.0226154)
(0.291054 3.20521 1.45717e-16)
(0.304332 2.95098 0.121407)
(0.30006 2.95098 0.0823254)
(0.2965 2.95098 0.0497571)
(0.293533 2.95098 0.0226169)
(0.291061 2.95098 1.21431e-16)
(0.203962 3.45954 0.0915674)
(0.177965 3.45954 0.0620912)
(0.156301 3.45955 0.0375276)
(0.138247 3.45955 0.017058)
(0.123203 3.45955 1.49186e-16)
(0.203862 3.71389 0.0914199)
(0.177958 3.71391 0.0619911)
(0.156372 3.71393 0.0374672)
(0.138383 3.71395 0.0170305)
(0.123393 3.71396 1.97758e-16)
(0.304252 3.71373 0.120804)
(0.300003 3.71373 0.081916)
(0.296462 3.71374 0.0495097)
(0.293511 3.71374 0.0225044)
(0.291052 3.71374 1.59595e-16)
(0.304297 3.45944 0.121325)
(0.300028 3.45944 0.0822695)
(0.29647 3.45944 0.0497233)
(0.293506 3.45944 0.0226015)
(0.291035 3.45944 1.45717e-16)
(0.198528 3.96839 0.0849044)
(0.169131 3.96846 0.0513158)
(0.144634 3.96851 0.0233254)
(0.12422 3.96855 2.5327e-16)
(0.188052 4.22304 0.0714963)
(0.154278 4.22315 0.0324983)
(0.126134 4.22325 2.01228e-16)
(0.301522 4.22246 0.0907611)
(0.296145 4.22248 0.041255)
(0.291665 4.2225 2.01228e-16)
(0.303342 3.9681 0.111066)
(0.298546 3.96812 0.0671277)
(0.29455 3.96813 0.0305126)
(0.291219 3.96813 2.39392e-16)
(0.192153 4.47104 0.0741129)
(0.15751 4.47252 0.0336877)
(0.12864 4.47376 2.08167e-16)
(0.300424 4.47152 0.0653666)
(0.292357 4.47267 2.35922e-16)
(0.498377 0.414782 0.0526293)
(0.498375 0.4136 2.77556e-17)
(0.498086 0.663325 0.10489)
(0.498086 0.663325 0.0476771)
(0.498086 0.663325 6.93889e-18)
(0.738436 0.663926 0.106311)
(0.738436 0.663926 0.0483231)
(0.738436 0.663926 1.38778e-17)
(0.738641 0.415738 0.0471313)
(0.738639 0.414629 3.46945e-17)
(0.497923 0.917287 0.134479)
(0.497923 0.917287 0.0812784)
(0.497923 0.917287 0.0369447)
(0.497923 0.917287 1.38778e-16)
(0.497878 1.1715 0.14872)
(0.497878 1.1715 0.100846)
(0.497878 1.1715 0.0609508)
(0.497878 1.1715 0.0277049)
(0.497878 1.1715 4.51028e-17)
(0.738277 1.17166 0.158701)
(0.738277 1.17166 0.107614)
(0.738277 1.17166 0.0650414)
(0.738277 1.17166 0.0295643)
(0.738277 1.17166 3.46945e-17)
(0.738321 0.917589 0.141782)
(0.738321 0.917589 0.0856925)
(0.738321 0.917589 0.0389511)
(0.738321 0.917589 1.04083e-16)
(0.497885 1.42571 0.150038)
(0.497885 1.42571 0.101739)
(0.497885 1.42571 0.0614909)
(0.497885 1.42571 0.0279504)
(0.497885 1.42571 4.16334e-17)
(0.497898 1.6799 0.150152)
(0.497898 1.6799 0.101817)
(0.497898 1.6799 0.0615379)
(0.497898 1.6799 0.0279718)
(0.497898 1.6799 6.59195e-17)
(0.738272 1.67995 0.160897)
(0.738272 1.67995 0.109103)
(0.738272 1.67995 0.0659415)
(0.738272 1.67995 0.0299734)
(0.738272 1.67995 3.81639e-17)
(0.738269 1.42579 0.160591)
(0.738269 1.42579 0.108896)
(0.738269 1.42579 0.0658162)
(0.738269 1.42579 0.0299164)
(0.738269 1.42579 5.55112e-17)
(0.497907 1.9341 0.150157)
(0.497907 1.9341 0.10182)
(0.497907 1.9341 0.0615397)
(0.497907 1.9341 0.0279726)
(0.497907 1.9341 8.32667e-17)
(0.497914 2.18831 0.150156)
(0.497914 2.18831 0.10182)
(0.497914 2.18831 0.0615395)
(0.497914 2.18831 0.0279725)
(0.497914 2.18831 9.71445e-17)
(0.738278 2.18832 0.160937)
(0.738278 2.18832 0.10913)
(0.738278 2.18832 0.0659578)
(0.738278 2.18832 0.0299808)
(0.738278 2.18832 5.55112e-17)
(0.738276 1.93413 0.160934)
(0.738276 1.93413 0.109128)
(0.738276 1.93413 0.0659566)
(0.738276 1.93413 0.0299803)
(0.738276 1.93413 9.02056e-17)
(0.49792 2.44253 0.150156)
(0.49792 2.44253 0.10182)
(0.49792 2.44253 0.0615393)
(0.49792 2.44253 0.0279724)
(0.49792 2.44253 9.02056e-17)
(0.497926 2.69675 0.150155)
(0.497926 2.69675 0.101819)
(0.497926 2.69675 0.0615391)
(0.497926 2.69675 0.0279723)
(0.497926 2.69675 1.31839e-16)
(0.738273 2.69674 0.160937)
(0.738273 2.69674 0.10913)
(0.738273 2.69674 0.0659577)
(0.738273 2.69674 0.0299808)
(0.738273 2.69674 1.04083e-16)
(0.738277 2.44253 0.160937)
(0.738277 2.44253 0.10913)
(0.738277 2.44253 0.0659578)
(0.738277 2.44253 0.0299808)
(0.738277 2.44253 8.67362e-17)
(0.497926 2.95096 0.150153)
(0.497926 2.95096 0.101818)
(0.497926 2.95096 0.0615382)
(0.497926 2.95096 0.0279719)
(0.497926 2.95096 1.249e-16)
(0.497914 3.20515 0.15013)
(0.497914 3.20515 0.101802)
(0.497914 3.20515 0.0615289)
(0.497914 3.20515 0.0279677)
(0.497914 3.20515 1.42247e-16)
(0.73825 3.20511 0.160905)
(0.73825 3.20511 0.109108)
(0.73825 3.20511 0.0659445)
(0.73825 3.20511 0.0299748)
(0.73825 3.20511 1.249e-16)
(0.738265 2.95094 0.160934)
(0.738265 2.95094 0.109128)
(0.738265 2.95094 0.0659566)
(0.738265 2.95094 0.0299803)
(0.738265 2.95094 1.04083e-16)
(0.497887 3.45934 0.149943)
(0.497887 3.45934 0.101675)
(0.497887 3.45934 0.061452)
(0.497887 3.45934 0.0279327)
(0.497887 3.45934 1.14492e-16)
(0.497858 3.71354 0.148805)
(0.497858 3.71354 0.100904)
(0.497858 3.71354 0.0609857)
(0.497858 3.71354 0.0277208)
(0.497858 3.71354 1.83881e-16)
(0.738187 3.71337 0.159282)
(0.738187 3.71337 0.108008)
(0.738187 3.71337 0.0652794)
(0.738187 3.71337 0.0296724)
(0.738187 3.71337 1.66533e-16)
(0.738224 3.45926 0.16067)
(0.738224 3.45926 0.108949)
(0.738224 3.45926 0.0658482)
(0.738224 3.45926 0.029931)
(0.738224 3.45926 1.11022e-16)
(0.497874 3.96774 0.135082)
(0.497874 3.96774 0.081643)
(0.497874 3.96774 0.0371105)
(0.497874 3.96774 2.498e-16)
(0.497997 4.2217 0.106356)
(0.497997 4.2217 0.0483438)
(0.497997 4.2217 1.66533e-16)
(0.738154 4.22106 0.111371)
(0.738154 4.22106 0.0506233)
(0.738154 4.22106 1.80411e-16)
(0.738154 3.96741 0.143947)
(0.738154 3.96741 0.0870008)
(0.738154 3.96741 0.0395458)
(0.738154 3.96741 2.63678e-16)
(0.498242 4.47023 0.0541918)
(0.498239 4.47145 2.15106e-16)
(0.738216 4.46913 0.0528575)
(0.738213 4.47037 2.01228e-16)
(0.985201 0.415132 0.04561)
(0.985201 0.415132 3.46945e-17)
(0.984814 0.664175 0.105681)
(0.984814 0.664175 0.0480367)
(0.984814 0.664175 -1.38778e-17)
(1.23154 0.664058 0.106603)
(1.23154 0.664058 0.0484559)
(1.23154 0.664058 1.38778e-17)
(1.23238 0.416169 0.0465322)
(1.23238 0.415062 4.16334e-17)
(0.984546 0.91769 0.142564)
(0.984546 0.91769 0.0861653)
(0.984546 0.91769 0.0391661)
(0.984546 0.91769 1.249e-16)
(0.984391 1.17169 0.160209)
(0.984391 1.17169 0.108636)
(0.984391 1.17169 0.0656594)
(0.984391 1.17169 0.0298452)
(0.984391 1.17169 3.81639e-17)
(1.23056 1.1716 0.160438)
(1.23056 1.1716 0.108792)
(1.23056 1.1716 0.0657534)
(1.23056 1.1716 0.0298879)
(1.23056 1.1716 3.46945e-17)
(1.23093 0.917568 0.143037)
(1.23093 0.917568 0.086451)
(1.23093 0.917568 0.0392959)
(1.23093 0.917568 1.249e-16)
(0.984316 1.42581 0.162285)
(0.984316 1.42581 0.110044)
(0.984316 1.42581 0.0665104)
(0.984316 1.42581 0.030232)
(0.984316 1.42581 3.46945e-17)
(0.984286 1.67996 0.16265)
(0.984286 1.67996 0.110292)
(0.984286 1.67996 0.0666598)
(0.984286 1.67996 0.0302999)
(0.984286 1.67996 3.46945e-17)
(1.23029 1.67994 0.162792)
(1.23029 1.67994 0.110388)
(1.23029 1.67994 0.0667181)
(1.23029 1.67994 0.0303264)
(1.23029 1.67994 3.1225e-17)
(1.23037 1.42576 0.162439)
(1.23037 1.42576 0.110149)
(1.23037 1.42576 0.0665733)
(1.23037 1.42576 0.0302606)
(1.23037 1.42576 4.85723e-17)
(0.984275 1.93414 0.162696)
(0.984275 1.93414 0.110323)
(0.984275 1.93414 0.0666788)
(0.984275 1.93414 0.0303085)
(0.984275 1.93414 9.02056e-17)
(0.98427 2.18833 0.1627)
(0.98427 2.18833 0.110326)
(0.98427 2.18833 0.0666805)
(0.98427 2.18833 0.0303093)
(0.98427 2.18833 1.35308e-16)
(1.23025 2.18832 0.162841)
(1.23025 2.18832 0.110421)
(1.23025 2.18832 0.0667382)
(1.23025 2.18832 0.0303356)
(1.23025 2.18832 9.36751e-17)
(1.23026 1.93413 0.162837)
(1.23026 1.93413 0.110419)
(1.23026 1.93413 0.0667366)
(1.23026 1.93413 0.0303348)
(1.23026 1.93413 6.59195e-17)
(0.984265 2.44253 0.162701)
(0.984265 2.44253 0.110326)
(0.984265 2.44253 0.0666806)
(0.984265 2.44253 0.0303094)
(0.984265 2.44253 1.04083e-16)
(0.984258 2.69674 0.162701)
(0.984258 2.69674 0.110326)
(0.984258 2.69674 0.0666805)
(0.984258 2.69674 0.0303093)
(0.984258 2.69674 1.14492e-16)
(1.23023 2.69673 0.162842)
(1.23023 2.69673 0.110422)
(1.23023 2.69673 0.0667383)
(1.23023 2.69673 0.0303356)
(1.23023 2.69673 4.85723e-17)
(1.23024 2.44253 0.162842)
(1.23024 2.44253 0.110422)
(1.23024 2.44253 0.0667383)
(1.23024 2.44253 0.0303356)
(1.23024 2.44253 9.36751e-17)
(0.984248 2.95093 0.162699)
(0.984248 2.95093 0.110325)
(0.984248 2.95093 0.06668)
(0.984248 2.95093 0.0303091)
(0.984248 2.95093 1.49186e-16)
(0.984235 3.20509 0.162682)
(0.984235 3.20509 0.110313)
(0.984235 3.20509 0.0666729)
(0.984235 3.20509 0.0303058)
(0.984235 3.20509 1.07553e-16)
(1.23021 3.20507 0.162842)
(1.23021 3.20507 0.110422)
(1.23021 3.20507 0.0667383)
(1.23021 3.20507 0.0303356)
(1.23021 3.20507 1.04083e-16)
(1.23022 2.95092 0.162842)
(1.23022 2.95092 0.110422)
(1.23022 2.95092 0.0667383)
(1.23022 2.95092 0.0303356)
(1.23022 2.95092 1.04083e-16)
(0.984215 3.4592 0.16253)
(0.984215 3.4592 0.110211)
(0.984215 3.4592 0.0666108)
(0.984215 3.4592 0.0302776)
(0.984215 3.4592 1.80411e-16)
(0.984188 3.71326 0.161555)
(0.984188 3.71326 0.109549)
(0.984188 3.71326 0.0662109)
(0.984188 3.71326 0.0300959)
(0.984188 3.71326 1.52656e-16)
(1.23019 3.7132 0.162842)
(1.23019 3.7132 0.110422)
(1.23019 3.7132 0.0667383)
(1.23019 3.7132 0.0303356)
(1.23019 3.7132 1.04083e-16)
(1.2302 3.45917 0.162842)
(1.2302 3.45917 0.110422)
(1.2302 3.45917 0.0667383)
(1.2302 3.45917 0.0303356)
(1.2302 3.45917 1.04083e-16)
(0.984157 3.9672 0.147264)
(0.984157 3.9672 0.0890056)
(0.984157 3.9672 0.0404571)
(0.984157 3.9672 2.42861e-16)
(0.98413 4.22066 0.117411)
(0.98413 4.22066 0.0533687)
(0.98413 4.22066 1.66533e-16)
(1.23014 4.22047 0.122111)
(1.23014 4.22047 0.0555052)
(1.23014 4.22047 1.45717e-16)
(1.23017 3.96709 0.149554)
(1.23017 3.96709 0.0903899)
(1.23017 3.96709 0.0410863)
(1.23017 3.96709 2.42861e-16)
(0.984133 4.46969 0.0635099)
(0.984133 4.46969 2.08167e-16)
(0.984221 4.68983 0.0263793)
(0.984216 4.69324 1.9082e-16)
(1.23016 4.68881 0.0359667)
(1.23015 4.69271 1.80411e-16)
(1.23013 4.46936 0.094152)
(1.23013 4.46936 0.0427964)
(1.23013 4.46936 1.52656e-16)
(1.47818 0.41657 0.0515485)
(1.47881 0.415028 4.16334e-17)
(1.47814 0.663847 0.110616)
(1.47814 0.663847 0.0502801)
(1.47814 0.663847 0)
(1.72126 0.666891 0.119526)
(1.72254 0.66566 0.0543299)
(1.72361 0.664635 0)
(1.47734 0.917287 0.14466)
(1.47734 0.917287 0.0874319)
(1.47734 0.917287 0.0397418)
(1.47734 0.917287 1.66533e-16)
(1.47672 1.17139 0.160874)
(1.47672 1.17139 0.109087)
(1.47672 1.17139 0.065932)
(1.47672 1.17139 0.0299691)
(1.47672 1.17139 3.46945e-17)
(1.72278 1.17111 0.161665)
(1.72278 1.17111 0.109624)
(1.72278 1.17111 0.066256)
(1.72278 1.17111 0.0301164)
(1.72278 1.17111 3.46945e-18)
(1.72343 0.917141 0.147786)
(1.72343 0.917141 0.0893214)
(1.72343 0.917141 0.0406006)
(1.72343 0.917141 1.249e-16)
(1.47639 1.42564 0.162518)
(1.47639 1.42564 0.110202)
(1.47639 1.42564 0.0666057)
(1.47639 1.42564 0.0302753)
(1.47639 1.42564 6.245e-17)
(1.47624 1.67989 0.162802)
(1.47624 1.67989 0.110395)
(1.47624 1.67989 0.0667222)
(1.47624 1.67989 0.0303283)
(1.47624 1.67989 5.20417e-17)
(1.72219 1.67981 0.162821)
(1.72219 1.67981 0.110408)
(1.72219 1.67981 0.0667301)
(1.72219 1.67981 0.0303319)
(1.72219 1.67981 1.38778e-17)
(1.72237 1.42548 0.16266)
(1.72237 1.42548 0.110299)
(1.72237 1.42548 0.066664)
(1.72237 1.42548 0.0303018)
(1.72237 1.42548 0)
(1.47619 1.9341 0.162838)
(1.47619 1.9341 0.110419)
(1.47619 1.9341 0.0667369)
(1.47619 1.9341 0.030335)
(1.47619 1.9341 1.00614e-16)
(1.47617 2.18831 0.162841)
(1.47617 2.18831 0.110421)
(1.47617 2.18831 0.0667382)
(1.47617 2.18831 0.0303356)
(1.47617 2.18831 7.28584e-17)
(1.7221 2.1883 0.162841)
(1.7221 2.1883 0.110422)
(1.7221 2.1883 0.0667383)
(1.7221 2.1883 0.0303356)
(1.7221 2.1883 3.81639e-17)
(1.72212 1.93407 0.16284)
(1.72212 1.93407 0.110421)
(1.72212 1.93407 0.0667377)
(1.72212 1.93407 0.0303353)
(1.72212 1.93407 3.46945e-17)
(1.47616 2.44252 0.162842)
(1.47616 2.44252 0.110422)
(1.47616 2.44252 0.0667383)
(1.47616 2.44252 0.0303356)
(1.47616 2.44252 4.85723e-17)
(1.47616 2.69673 0.167041)
(1.47616 2.69673 0.113269)
(1.47616 2.69673 0.0684593)
(1.47616 2.69673 0.0311179)
(1.47616 2.69673 5.20417e-17)
(1.72209 2.69672 0.162842)
(1.72209 2.69672 0.110422)
(1.72209 2.69672 0.0667383)
(1.72209 2.69672 0.0303356)
(1.72209 2.69672 4.85723e-17)
(1.72209 2.44251 0.162842)
(1.72209 2.44251 0.110422)
(1.72209 2.44251 0.0667383)
(1.72209 2.44251 0.0303356)
(1.72209 2.44251 8.67362e-17)
(1.47615 2.95091 0.171722)
(1.47615 2.95091 0.116443)
(1.47615 2.95091 0.0703777)
(1.47615 2.95091 0.0319899)
(1.47615 2.95091 4.85723e-17)
(1.47614 3.20506 0.178425)
(1.47614 3.20506 0.120989)
(1.47614 3.20506 0.073125)
(1.47614 3.20506 0.0332386)
(1.47614 3.20506 1.11022e-16)
(1.72208 3.20505 0.178835)
(1.72208 3.20505 0.121266)
(1.72208 3.20505 0.0732929)
(1.72208 3.20505 0.0333149)
(1.72208 3.20505 8.32667e-17)
(1.72209 2.95091 0.162842)
(1.72209 2.95091 0.110422)
(1.72209 2.95091 0.0667383)
(1.72209 2.95091 0.0303356)
(1.72209 2.95091 4.85723e-17)
(1.47614 3.45915 0.173836)
(1.47614 3.45915 0.117877)
(1.47614 3.45915 0.0712441)
(1.47614 3.45915 0.0323837)
(1.47614 3.45915 1.11022e-16)
(1.47613 3.71317 0.172078)
(1.47613 3.71317 0.116685)
(1.47613 3.71317 0.0705238)
(1.47613 3.71317 0.0320563)
(1.47613 3.71317 1.31839e-16)
(1.72207 3.71316 0.17161)
(1.72207 3.71316 0.116368)
(1.72207 3.71316 0.070332)
(1.72207 3.71316 0.0319691)
(1.72207 3.71316 1.04083e-16)
(1.72208 3.45914 0.162842)
(1.72208 3.45914 0.110422)
(1.72208 3.45914 0.0667383)
(1.72208 3.45914 0.0303356)
(1.72208 3.45914 4.85723e-17)
(1.47612 3.96704 0.152782)
(1.47612 3.96704 0.0923409)
(1.47612 3.96704 0.0419731)
(1.47612 3.96704 2.22045e-16)
(1.47611 4.22038 0.139693)
(1.47611 4.22038 0.0844301)
(1.47611 4.22038 0.0383773)
(1.47611 4.22038 2.28983e-16)
(1.72206 4.22035 0.139753)
(1.72206 4.22035 0.0844658)
(1.72206 4.22035 0.0383936)
(1.72206 4.22035 2.08167e-16)
(1.72207 3.96702 0.153063)
(1.72207 3.96702 0.0925106)
(1.72207 3.96702 0.0420503)
(1.72207 3.96702 2.01228e-16)
(1.4761 4.46922 0.0982077)
(1.4761 4.46922 0.0446399)
(1.4761 4.46922 1.52656e-16)
(1.4761 4.68827 0.0390973)
(1.4761 4.69251 1.73472e-16)
(1.72205 4.68821 0.0391077)
(1.72205 4.69245 1.52656e-16)
(1.72206 4.46918 0.0982166)
(1.72206 4.46918 0.0446439)
(1.72206 4.46918 1.11022e-16)
(1.96072 0.682884 0.12862)
(1.9646 0.675821 0.0584638)
(1.96782 0.669936 -3.46945e-17)
(2.21392 0.703623 0.130152)
(2.2139 0.688154 0.05916)
(2.21389 0.675264 -1.38778e-17)
(2.21385 0.458852 0.227831)
(2.21374 0.402206 0.185621)
(2.21365 0.355 0.150446)
(1.96784 0.919261 0.150875)
(1.96827 0.918518 0.091188)
(1.96863 0.917899 0.0414491)
(1.96893 0.917383 1.249e-16)
(1.96856 1.17084 0.162388)
(1.96856 1.17084 0.110114)
(1.96856 1.17084 0.0665526)
(1.96856 1.17084 0.0302512)
(1.96856 1.17084 -1.04083e-17)
(2.21398 1.17072 0.162643)
(2.21398 1.17072 0.110287)
(2.21398 1.17072 0.0666569)
(2.21398 1.17072 0.0302986)
(2.21398 1.17072 2.42861e-17)
(2.21395 0.921479 0.151988)
(2.21395 0.919939 0.091861)
(2.21395 0.918655 0.041755)
(2.21395 0.917586 9.71445e-17)
(1.96824 1.42533 0.16278)
(1.96824 1.42533 0.11038)
(1.96824 1.42533 0.0667131)
(1.96824 1.42533 0.0303241)
(1.96824 1.42533 3.46945e-18)
(1.96811 1.67973 0.162836)
(1.96811 1.67973 0.110418)
(1.96811 1.67973 0.066736)
(1.96811 1.67973 0.0303346)
(1.96811 1.67973 6.93889e-18)
(2.21401 1.6797 0.16284)
(2.21401 1.6797 0.110421)
(2.21401 1.6797 0.0667377)
(2.21401 1.6797 0.0303353)
(2.21401 1.6797 -6.93889e-18)
(2.214 1.42526 0.162819)
(2.214 1.42526 0.110406)
(2.214 1.42526 0.0667291)
(2.214 1.42526 0.0303314)
(2.214 1.42526 1.73472e-17)
(1.96807 1.93404 0.162841)
(1.96807 1.93404 0.110421)
(1.96807 1.93404 0.0667382)
(1.96807 1.93404 0.0303355)
(1.96807 1.93404 4.51028e-17)
(1.96805 2.18828 0.162842)
(1.96805 2.18828 0.110422)
(1.96805 2.18828 0.0667383)
(1.96805 2.18828 0.0303356)
(1.96805 2.18828 3.46945e-17)
(2.21401 2.18827 0.162842)
(2.21401 2.18827 0.110422)
(2.21401 2.18827 0.0667383)
(2.21401 2.18827 0.0303356)
(2.21401 2.18827 -6.93889e-18)
(2.21401 1.93402 0.162841)
(2.21401 1.93402 0.110422)
(2.21401 1.93402 0.0667383)
(2.21401 1.93402 0.0303356)
(2.21401 1.93402 1.73472e-17)
(1.96804 2.44251 0.162842)
(1.96804 2.44251 0.110422)
(1.96804 2.44251 0.0667383)
(1.96804 2.44251 0.0303356)
(1.96804 2.44251 4.85723e-17)
(1.96804 2.69672 0.162842)
(1.96804 2.69672 0.110422)
(1.96804 2.69672 0.0667383)
(1.96804 2.69672 0.0303356)
(1.96804 2.69672 4.85723e-17)
(2.21401 2.69671 0.176292)
(2.21401 2.69671 0.119542)
(2.21401 2.69671 0.0722508)
(2.21401 2.69671 0.0328413)
(2.21401 2.69671 1.38778e-17)
(2.21401 2.4425 0.162842)
(2.21401 2.4425 0.110422)
(2.21401 2.4425 0.0667383)
(2.21401 2.4425 0.0303356)
(2.21401 2.4425 -6.93889e-18)
(1.96804 2.9509 0.180328)
(1.96804 2.9509 0.122279)
(1.96804 2.9509 0.0739049)
(1.96804 2.9509 0.0335931)
(1.96804 2.9509 5.55112e-17)
(1.96804 3.20505 0.185852)
(1.96804 3.20505 0.126025)
(1.96804 3.20505 0.0761687)
(1.96804 3.20505 0.0346222)
(1.96804 3.20505 1.17961e-16)
(2.21401 3.20504 0.187848)
(2.21401 3.20504 0.127378)
(2.21401 3.20504 0.076987)
(2.21401 3.20504 0.0349941)
(2.21401 3.20504 9.71445e-17)
(2.21401 2.9509 0.18462)
(2.21401 2.9509 0.125189)
(2.21401 2.9509 0.075664)
(2.21401 2.9509 0.0343927)
(2.21401 2.9509 7.63278e-17)
(1.96804 3.45914 0.162842)
(1.96804 3.45914 0.110422)
(1.96804 3.45914 0.0667383)
(1.96804 3.45914 0.0303356)
(1.96804 3.45914 4.85723e-17)
(1.96804 3.71315 0.1715)
(1.96804 3.71315 0.116293)
(1.96804 3.71315 0.0702868)
(1.96804 3.71315 0.0319485)
(1.96804 3.71315 5.55112e-17)
(2.21401 3.71314 0.171474)
(2.21401 3.71314 0.116276)
(2.21401 3.71314 0.0702764)
(2.21401 3.71314 0.0319438)
(2.21401 3.71314 8.32667e-17)
(2.21401 3.45913 0.162842)
(2.21401 3.45913 0.110422)
(2.21401 3.45913 0.0667383)
(2.21401 3.45913 0.0303356)
(2.21401 3.45913 4.85723e-17)
(1.96803 3.96701 0.152793)
(1.96803 3.96701 0.0923472)
(1.96803 3.96701 0.041976)
(1.96803 3.96701 2.01228e-16)
(1.96803 4.22034 0.122635)
(1.96803 4.22034 0.0557434)
(1.96803 4.22034 9.71445e-17)
(2.21401 4.22033 0.118307)
(2.21401 4.22033 0.0537757)
(2.21401 4.22033 7.63278e-17)
(2.21401 3.967 0.152056)
(2.21401 3.967 0.0919022)
(2.21401 3.967 0.0417737)
(2.21401 3.967 1.80411e-16)
(1.96803 4.46916 0.0941905)
(1.96803 4.46916 0.0428139)
(1.96803 4.46916 1.17961e-16)
(1.96802 4.68854 0.0360073)
(1.96802 4.69244 1.45717e-16)
(2.21401 4.68902 0.026434)
(2.21401 4.69244 1.31839e-16)
(2.21401 4.46916 0.063438)
(2.21401 4.46916 1.38778e-16)
(2.49018 0.445404 0.111741)
(2.47388 0.429859 0.0507912)
(2.46029 0.416905 -2.08167e-17)
(2.4671 0.682834 0.128697)
(2.46322 0.675792 0.0584985)
(2.45999 0.669924 -2.77556e-17)
(2.70664 0.666839 0.119921)
(2.70536 0.665611 0.0545094)
(2.70429 0.664587 -6.93889e-18)
(2.71591 0.42249 0.0678946)
(2.70866 0.417193 0)
(2.46009 0.919235 0.150903)
(2.45965 0.918494 0.0912048)
(2.45929 0.917878 0.0414567)
(2.45899 0.917364 1.04083e-16)
(2.45942 1.17082 0.162397)
(2.45942 1.17082 0.11012)
(2.45942 1.17082 0.0665561)
(2.45942 1.17082 0.0302528)
(2.45942 1.17082 -5.55112e-17)
(2.70522 1.17106 0.161741)
(2.70522 1.17106 0.109675)
(2.70522 1.17106 0.0662873)
(2.70522 1.17106 0.0301306)
(2.70522 1.17106 -1.73472e-17)
(2.70453 0.917096 0.14797)
(2.70453 0.917096 0.0894324)
(2.70453 0.917096 0.0406511)
(2.70453 0.917096 4.16334e-17)
(2.45977 1.42531 0.162784)
(2.45977 1.42531 0.110382)
(2.45977 1.42531 0.0667147)
(2.45977 1.42531 0.0303249)
(2.45977 1.42531 -3.46945e-17)
(2.45991 1.67971 0.162837)
(2.45991 1.67971 0.110419)
(2.45991 1.67971 0.0667367)
(2.45991 1.67971 0.0303349)
(2.45991 1.67971 2.08167e-17)
(2.70585 1.67977 0.162842)
(2.70585 1.67977 0.110422)
(2.70585 1.67977 0.0667383)
(2.70585 1.67977 0.0303356)
(2.70585 1.67977 -6.245e-17)
(2.70566 1.42544 0.162702)
(2.70566 1.42544 0.110327)
(2.70566 1.42544 0.0666813)
(2.70566 1.42544 0.0303097)
(2.70566 1.42544 -6.93889e-18)
(2.45996 1.93402 0.162841)
(2.45996 1.93402 0.110421)
(2.45996 1.93402 0.0667383)
(2.45996 1.93402 0.0303356)
(2.45996 1.93402 1.38778e-17)
(2.45998 2.18827 0.162842)
(2.45998 2.18827 0.110422)
(2.45998 2.18827 0.0667383)
(2.45998 2.18827 0.0303356)
(2.45998 2.18827 -6.93889e-18)
(2.70594 2.18827 0.192773)
(2.70594 2.18827 0.130718)
(2.70594 2.18827 0.0790055)
(2.70594 2.18827 0.0359116)
(2.70594 2.18827 -3.46945e-17)
(2.70592 1.93404 0.162842)
(2.70592 1.93404 0.110422)
(2.70592 1.93404 0.0667383)
(2.70592 1.93404 0.0303356)
(2.70592 1.93404 -6.93889e-18)
(2.45998 2.4425 0.179846)
(2.45998 2.4425 0.121952)
(2.45998 2.4425 0.0737074)
(2.45998 2.4425 0.0335033)
(2.45998 2.4425 3.46945e-17)
(2.45998 2.69671 0.174744)
(2.45998 2.69671 0.118492)
(2.45998 2.69671 0.0716162)
(2.45998 2.69671 0.0325528)
(2.45998 2.69671 2.08167e-17)
(2.70595 2.69671 0.162842)
(2.70595 2.69671 0.110422)
(2.70595 2.69671 0.0667383)
(2.70595 2.69671 0.0303356)
(2.70595 2.69671 -6.93889e-18)
(2.70594 2.4425 0.198549)
(2.70594 2.4425 0.134635)
(2.70594 2.4425 0.0813725)
(2.70594 2.4425 0.0369875)
(2.70594 2.4425 -6.93889e-18)
(2.45998 2.9509 0.162842)
(2.45998 2.9509 0.110422)
(2.45998 2.9509 0.0667383)
(2.45998 2.9509 0.0303356)
(2.45998 2.9509 -6.93889e-18)
(2.45998 3.20504 0.182866)
(2.45998 3.20504 0.124)
(2.45998 3.20504 0.0749451)
(2.45998 3.20504 0.0340659)
(2.45998 3.20504 2.08167e-17)
(2.70595 3.20504 0.191454)
(2.70595 3.20504 0.129824)
(2.70595 3.20504 0.0784648)
(2.70595 3.20504 0.0356658)
(2.70595 3.20504 4.16334e-17)
(2.70595 2.95089 0.189384)
(2.70595 2.95089 0.12842)
(2.70595 2.95089 0.0776166)
(2.70595 2.95089 0.0352803)
(2.70595 2.95089 2.77556e-17)
(2.45998 3.45913 0.162842)
(2.45998 3.45913 0.110422)
(2.45998 3.45913 0.0667383)
(2.45998 3.45913 0.0303356)
(2.45998 3.45913 4.85723e-17)
(2.45999 3.71314 0.171378)
(2.45999 3.71314 0.11621)
(2.45999 3.71314 0.0702368)
(2.45999 3.71314 0.0319258)
(2.45999 3.71314 6.93889e-17)
(2.70595 3.71314 0.17139)
(2.70595 3.71314 0.116218)
(2.70595 3.71314 0.0702418)
(2.70595 3.71314 0.0319281)
(2.70595 3.71314 4.85723e-17)
(2.70595 3.45913 0.162842)
(2.70595 3.45913 0.110422)
(2.70595 3.45913 0.0667383)
(2.70595 3.45913 0.0303356)
(2.70595 3.45913 -6.93889e-18)
(2.45999 3.967 0.150916)
(2.45999 3.967 0.0912132)
(2.45999 3.967 0.0414605)
(2.45999 3.967 1.38778e-16)
(2.45999 4.22032 0.11302)
(2.45999 4.22032 0.0513727)
(2.45999 4.22032 8.32667e-17)
(2.70596 4.22032 0.113022)
(2.70596 4.22032 0.0513738)
(2.70596 4.22032 4.16334e-17)
(2.70596 3.96699 0.150919)
(2.70596 3.96699 0.091215)
(2.70596 3.96699 0.0414614)
(2.70596 3.96699 1.45717e-16)
(2.45999 4.46791 0.0522661)
(2.45999 4.46915 1.17961e-16)
(2.70597 4.4679 0.052269)
(2.70597 4.46915 1.11022e-16)
(2.94976 0.416515 0.0531251)
(2.94911 0.414927 0)
(2.94982 0.663767 0.112261)
(2.94982 0.663767 0.0510279)
(2.94982 0.663767 -3.46945e-17)
(3.19642 0.663992 0.111703)
(3.19642 0.663992 0.050774)
(3.19642 0.663992 -4.16334e-17)
(3.19558 0.416236 0.0519993)
(3.19557 0.414996 6.93889e-18)
(2.95066 0.917219 0.145534)
(2.95066 0.917219 0.0879603)
(2.95066 0.917219 0.039982)
(2.95066 0.917219 6.245e-17)
(2.95131 1.17133 0.161363)
(2.95131 1.17133 0.109419)
(2.95131 1.17133 0.0661325)
(2.95131 1.17133 0.0300602)
(2.95131 1.17133 -3.1225e-17)
(3.19744 1.17154 0.16252)
(3.19744 1.17154 0.110203)
(3.19744 1.17154 0.0666064)
(3.19744 1.17154 0.0302757)
(3.19744 1.17154 3.46945e-18)
(3.19705 0.917503 0.146016)
(3.19705 0.917503 0.0882516)
(3.19705 0.917503 0.0401144)
(3.19705 0.917503 7.63278e-17)
(2.95165 1.42558 0.162842)
(2.95165 1.42558 0.110422)
(2.95165 1.42558 0.0667383)
(2.95165 1.42558 0.0303356)
(2.95165 1.42558 -6.245e-17)
(2.95181 1.67983 0.181365)
(2.95181 1.67983 0.122982)
(2.95181 1.67983 0.07433)
(2.95181 1.67983 0.0337863)
(2.95181 1.67983 0)
(3.19774 1.67988 0.180698)
(3.19774 1.67988 0.12253)
(3.19774 1.67988 0.0740565)
(3.19774 1.67988 0.033662)
(3.19774 1.67988 -4.16334e-17)
(3.19765 1.4257 0.162842)
(3.19765 1.4257 0.110422)
(3.19765 1.4257 0.0667383)
(3.19765 1.4257 0.0303356)
(3.19765 1.4257 -6.245e-17)
(2.95186 1.93406 0.198383)
(2.95186 1.93406 0.134522)
(2.95186 1.93406 0.0813046)
(2.95186 1.93406 0.0369567)
(2.95186 1.93406 -1.38778e-17)
(2.95188 2.18828 0.218104)
(2.95188 2.18828 0.147894)
(2.95188 2.18828 0.0893867)
(2.95188 2.18828 0.0406303)
(2.95188 2.18828 -1.38778e-17)
(3.19778 2.18828 0.206788)
(3.19778 2.18828 0.140221)
(3.19778 2.18828 0.0847493)
(3.19778 2.18828 0.0385224)
(3.19778 2.18828 -1.38778e-17)
(3.19777 1.93407 0.195524)
(3.19777 1.93407 0.132584)
(3.19777 1.93407 0.0801329)
(3.19777 1.93407 0.0364241)
(3.19777 1.93407 -4.85723e-17)
(2.95188 2.4425 0.223194)
(2.95188 2.4425 0.151346)
(2.95188 2.4425 0.091473)
(2.95188 2.4425 0.0415786)
(2.95188 2.4425 -2.08167e-17)
(2.95188 2.69671 0.211891)
(2.95188 2.69671 0.143682)
(2.95188 2.69671 0.0868407)
(2.95188 2.69671 0.039473)
(2.95188 2.69671 -6.93889e-18)
(3.19777 2.6967 0.206078)
(3.19777 2.6967 0.13974)
(3.19777 2.6967 0.084458)
(3.19777 2.6967 0.03839)
(3.19777 2.6967 6.93889e-18)
(3.19778 2.44249 0.210086)
(3.19778 2.44249 0.142458)
(3.19778 2.44249 0.0861008)
(3.19778 2.44249 0.0391367)
(3.19778 2.44249 6.93889e-18)
(2.95188 2.95089 0.212108)
(2.95188 2.95089 0.143829)
(2.95188 2.95089 0.0869294)
(2.95188 2.95089 0.0395133)
(2.95188 2.95089 -6.93889e-18)
(2.95188 3.20504 0.197707)
(2.95188 3.20504 0.134064)
(2.95188 3.20504 0.0810274)
(2.95188 3.20504 0.0368306)
(2.95188 3.20504 2.77556e-17)
(3.19773 3.20502 0.187507)
(3.19773 3.20502 0.127147)
(3.19773 3.20502 0.076847)
(3.19773 3.20502 0.0349305)
(3.19773 3.20502 1.38778e-17)
(3.19775 2.95088 0.201323)
(3.19775 2.95088 0.136515)
(3.19775 2.95088 0.0825093)
(3.19775 2.95088 0.0375042)
(3.19775 2.95088 -4.16334e-17)
(2.95188 3.45912 0.162842)
(2.95188 3.45912 0.110422)
(2.95188 3.45912 0.0667383)
(2.95188 3.45912 0.0303356)
(2.95188 3.45912 -6.93889e-18)
(2.95188 3.71313 0.171536)
(2.95188 3.71313 0.116317)
(2.95188 3.71313 0.0703015)
(2.95188 3.71313 0.0319552)
(2.95188 3.71313 5.55112e-17)
(3.1977 3.71311 0.171687)
(3.1977 3.71311 0.11642)
(3.1977 3.71311 0.0703636)
(3.1977 3.71311 0.0319834)
(3.1977 3.71311 4.85723e-17)
(3.19771 3.4591 0.162842)
(3.19771 3.4591 0.110422)
(3.19771 3.4591 0.0667383)
(3.19771 3.4591 0.0303356)
(3.19771 3.4591 -6.93889e-18)
(2.95189 3.96699 0.152069)
(2.95189 3.96699 0.0919096)
(2.95189 3.96699 0.0417771)
(2.95189 3.96699 2.08167e-16)
(2.9519 4.22032 0.118318)
(2.9519 4.22032 0.0537811)
(2.9519 4.22032 4.85723e-17)
(3.19773 4.22031 0.122685)
(3.19773 4.22031 0.0557659)
(3.19773 4.22031 2.77556e-17)
(3.19771 3.96697 0.152824)
(3.19771 3.96697 0.0923659)
(3.19771 3.96697 0.0419845)
(3.19771 3.96697 1.66533e-16)
(2.95191 4.46914 0.0634546)
(2.95191 4.46914 9.71445e-17)
(2.95192 4.689 0.0264467)
(2.95192 4.69242 1.04083e-16)
(3.19774 4.68851 0.0360737)
(3.19774 4.69242 8.32667e-17)
(3.19773 4.46914 0.0942952)
(3.19773 4.46914 0.0428614)
(3.19773 4.46914 6.93889e-17)
(3.4427 0.415313 0.0619239)
(3.4427 0.415313 0)
(3.44305 0.664244 0.116741)
(3.44305 0.664244 0.0530639)
(3.44305 0.664244 -2.77556e-17)
(3.68929 0.664338 0.118075)
(3.68929 0.664338 0.0536703)
(3.68929 0.664338 -2.77556e-17)
(3.68922 0.415413 0.0653991)
(3.68922 0.415413 0)
(3.44331 0.917693 0.149238)
(3.44331 0.917693 0.090199)
(3.44331 0.917693 0.0409996)
(3.44331 0.917693 7.63278e-17)
(3.44348 1.17166 0.165834)
(3.44348 1.17166 0.112451)
(3.44348 1.17166 0.0679649)
(3.44348 1.17166 0.0308931)
(3.44348 1.17166 -2.77556e-17)
(3.68937 1.17171 0.168249)
(3.68937 1.17171 0.114088)
(3.68937 1.17171 0.0689543)
(3.68937 1.17171 0.0313429)
(3.68937 1.17171 -2.77556e-17)
(3.68934 0.91777 0.149853)
(3.68934 0.91777 0.0905704)
(3.68934 0.91777 0.0411683)
(3.68934 0.91777 9.02056e-17)
(3.44357 1.42576 0.162842)
(3.44357 1.42576 0.110422)
(3.44357 1.42576 0.0667383)
(3.44357 1.42576 0.0303356)
(3.44357 1.42576 -6.245e-17)
(3.44361 1.67991 0.162842)
(3.44361 1.67991 0.110422)
(3.44361 1.67991 0.0667383)
(3.44361 1.67991 0.0303356)
(3.44361 1.67991 -6.245e-17)
(3.68939 1.67992 0.170377)
(3.68939 1.67992 0.115531)
(3.68939 1.67992 0.0698265)
(3.68939 1.67992 0.0317393)
(3.68939 1.67992 -3.46945e-17)
(3.68939 1.42579 0.169844)
(3.68939 1.42579 0.11517)
(3.68939 1.42579 0.069608)
(3.68939 1.42579 0.03164)
(3.68939 1.42579 -4.16334e-17)
(3.44362 1.93408 0.162842)
(3.44362 1.93408 0.110422)
(3.44362 1.93408 0.0667383)
(3.44362 1.93408 0.0303356)
(3.44362 1.93408 -6.245e-17)
(3.44362 2.18828 0.162842)
(3.44362 2.18828 0.110422)
(3.44362 2.18828 0.0667383)
(3.44362 2.18828 0.0303356)
(3.44362 2.18828 -6.245e-17)
(3.68937 2.18827 0.170525)
(3.68937 2.18827 0.115632)
(3.68937 2.18827 0.0698875)
(3.68937 2.18827 0.031767)
(3.68937 2.18827 -6.245e-17)
(3.68939 1.93408 0.170535)
(3.68939 1.93408 0.115638)
(3.68939 1.93408 0.0698913)
(3.68939 1.93408 0.0317688)
(3.68939 1.93408 1.38778e-17)
(3.4436 2.44249 0.162842)
(3.4436 2.44249 0.110422)
(3.4436 2.44249 0.0667383)
(3.4436 2.44249 0.0303356)
(3.4436 2.44249 -6.245e-17)
(3.44357 2.69668 0.162842)
(3.44357 2.69668 0.110422)
(3.44357 2.69668 0.0667383)
(3.44357 2.69668 0.0303356)
(3.44357 2.69668 -6.245e-17)
(3.68918 2.69663 0.16975)
(3.68918 2.69663 0.115106)
(3.68918 2.69663 0.0695697)
(3.68918 2.69663 0.0316226)
(3.68918 2.69663 -2.08167e-17)
(3.68932 2.44247 0.170339)
(3.68932 2.44247 0.115505)
(3.68932 2.44247 0.0698109)
(3.68932 2.44247 0.0317322)
(3.68932 2.44247 -6.93889e-18)
(3.44349 2.95085 0.162842)
(3.44349 2.95085 0.110422)
(3.44349 2.95085 0.0667383)
(3.44349 2.95085 0.0303356)
(3.44349 2.95085 -6.93889e-18)
(3.44338 3.20496 0.162842)
(3.44338 3.20496 0.110422)
(3.44338 3.20496 0.0667383)
(3.44338 3.20496 0.0303356)
(3.44338 3.20496 -6.93889e-18)
(3.68856 3.20476 0.166001)
(3.68856 3.20476 0.112564)
(3.68856 3.20476 0.068033)
(3.68856 3.20476 0.0309241)
(3.68856 3.20476 -1.73472e-17)
(3.68893 2.95073 0.168387)
(3.68893 2.95073 0.114182)
(3.68893 2.95073 0.0690112)
(3.68893 2.95073 0.0313687)
(3.68893 2.95073 -4.16334e-17)
(3.44327 3.45901 0.162842)
(3.44327 3.45901 0.110422)
(3.44327 3.45901 0.0667383)
(3.44327 3.45901 0.0303356)
(3.44327 3.45901 -6.93889e-18)
(3.44321 3.71302 0.172007)
(3.44321 3.71302 0.116637)
(3.44321 3.71302 0.0704947)
(3.44321 3.71302 0.032043)
(3.44321 3.71302 2.08167e-17)
(3.68793 3.71276 0.172455)
(3.68793 3.71276 0.11694)
(3.68793 3.71276 0.0706781)
(3.68793 3.71276 0.0321264)
(3.68793 3.71276 0)
(3.68818 3.45875 0.162842)
(3.68818 3.45875 0.110422)
(3.68818 3.45875 0.0667383)
(3.68818 3.45875 0.0303356)
(3.68818 3.45875 -6.93889e-18)
(3.4432 3.96691 0.153076)
(3.4432 3.96691 0.0925186)
(3.4432 3.96691 0.0420539)
(3.4432 3.96691 1.45717e-16)
(3.4432 4.22029 0.140022)
(3.4432 4.22029 0.0846288)
(3.4432 4.22029 0.0384676)
(3.4432 4.22029 1.59595e-16)
(3.68776 4.22027 0.140847)
(3.68776 4.22027 0.0851273)
(3.68776 4.22027 0.0386942)
(3.68776 4.22027 1.17961e-16)
(3.68783 3.96673 0.162842)
(3.68783 3.96673 0.110422)
(3.68783 3.96673 0.0667383)
(3.68783 3.96673 0.0303356)
(3.68783 3.96673 -6.93889e-18)
(3.44318 4.46917 0.0987139)
(3.44318 4.46917 0.0448699)
(3.44318 4.46917 4.85723e-17)
(3.44317 4.68821 0.0394373)
(3.44317 4.69247 8.32667e-17)
(3.68754 4.6884 0.0404901)
(3.68753 4.69277 6.245e-17)
(3.68765 4.46932 0.100234)
(3.68765 4.46932 0.045561)
(3.68765 4.46932 2.08167e-17)
(3.93528 0.415334 0.0584737)
(3.93528 0.415334 2.08167e-17)
(3.93517 0.664309 0.110126)
(3.93517 0.664309 0.0500571)
(3.93517 0.664309 -2.08167e-17)
(4.18048 0.664172 0.0895323)
(4.18048 0.664172 0.0406965)
(4.18048 0.664172 -1.38778e-17)
(4.18075 0.416035 0.0404585)
(4.18075 0.41508 1.38778e-17)
(3.9351 0.917764 0.142301)
(3.9351 0.917764 0.0860063)
(3.9351 0.917764 0.0390938)
(3.9351 0.917764 9.02056e-17)
(3.93506 1.17171 0.15066)
(3.93506 1.17171 0.0910584)
(3.93506 1.17171 0.0413902)
(3.93506 1.17171 4.85723e-17)
(4.18019 1.17167 0.120747)
(4.18019 1.17167 0.054885)
(4.18019 1.17167 -2.08167e-17)
(4.18029 0.917692 0.110751)
(4.18029 0.917692 0.0503414)
(4.18029 0.917692 -1.38778e-17)
(3.93504 1.42579 0.152638)
(3.93504 1.42579 0.0922538)
(3.93504 1.42579 0.0419335)
(3.93504 1.42579 8.32667e-17)
(3.93502 1.67991 0.162677)
(3.93502 1.67991 0.11031)
(3.93502 1.67991 0.0666707)
(3.93502 1.67991 0.0303049)
(3.93502 1.67991 -5.20417e-17)
(4.18012 1.67989 0.1401)
(4.18012 1.67989 0.0846758)
(4.18012 1.67989 0.038489)
(4.18012 1.67989 6.245e-17)
(4.18014 1.42576 0.139165)
(4.18014 1.42576 0.0841106)
(4.18014 1.42576 0.0382321)
(4.18014 1.42576 6.245e-17)
(3.93501 1.93407 0.162714)
(3.93501 1.93407 0.110335)
(3.93501 1.93407 0.0666861)
(3.93501 1.93407 0.0303118)
(3.93501 1.93407 -5.20417e-17)
(3.93496 2.18825 0.162713)
(3.93496 2.18825 0.110335)
(3.93496 2.18825 0.0666858)
(3.93496 2.18825 0.0303117)
(3.93496 2.18825 -4.51028e-17)
(4.17997 2.1882 0.140301)
(4.17997 2.1882 0.0847974)
(4.17997 2.1882 0.0385443)
(4.17997 2.1882 8.32667e-17)
(4.18009 1.93405 0.140284)
(4.18009 1.93405 0.0847868)
(4.18009 1.93405 0.0385395)
(4.18009 1.93405 1.04083e-16)
(3.9348 2.44241 0.162685)
(3.9348 2.44241 0.110315)
(3.9348 2.44241 0.0666742)
(3.9348 2.44241 0.0303065)
(3.9348 2.44241 -5.89806e-17)
(3.93442 2.69649 0.162593)
(3.93442 2.69649 0.110253)
(3.93442 2.69649 0.0666365)
(3.93442 2.69649 0.0302893)
(3.93442 2.69649 -2.08167e-17)
(4.17871 2.69617 0.140286)
(4.17871 2.69617 0.084788)
(4.17871 2.69617 0.03854)
(4.17871 2.69617 6.93889e-17)
(4.1796 2.44228 0.140285)
(4.1796 2.44228 0.0847875)
(4.1796 2.44228 0.0385398)
(4.1796 2.44228 6.93889e-17)
(3.93371 2.95043 0.162392)
(3.93371 2.95043 0.110117)
(3.93371 2.95043 0.0665542)
(3.93371 2.95043 0.0302519)
(3.93371 2.95043 -2.42861e-17)
(3.93271 3.20426 0.162842)
(3.93271 3.20426 0.110422)
(3.93271 3.20426 0.0667383)
(3.93271 3.20426 0.0303356)
(3.93271 3.20426 -6.245e-17)
(4.17489 3.20318 0.142226)
(4.17489 3.20318 0.0859606)
(4.17489 3.20318 0.039073)
(4.17489 3.20318 8.32667e-17)
(4.17711 2.94978 0.140563)
(4.17711 2.94978 0.0849556)
(4.17711 2.94978 0.0386162)
(4.17711 2.94978 9.71445e-17)
(3.93168 3.45809 0.167302)
(3.93168 3.45809 0.113446)
(3.93168 3.45809 0.0685664)
(3.93168 3.45809 0.0311666)
(3.93168 3.45809 -3.46945e-18)
(3.93097 3.7121 0.172293)
(3.93097 3.7121 0.11683)
(3.93097 3.7121 0.0706118)
(3.93097 3.7121 0.0320963)
(3.93097 3.7121 0)
(4.17114 3.71076 0.153387)
(4.17114 3.71076 0.0927065)
(4.17114 3.71076 0.0421393)
(4.17114 3.71076 8.32667e-17)
(4.17265 3.45669 0.147723)
(4.17265 3.45669 0.0892831)
(4.17265 3.45669 0.0405832)
(4.17265 3.45669 7.63278e-17)
(3.93065 3.96633 0.162842)
(3.93065 3.96633 0.110422)
(3.93065 3.96633 0.0667383)
(3.93065 3.96633 0.0303356)
(3.93065 3.96633 -6.93889e-18)
(3.9304 4.22027 0.141038)
(3.9304 4.22027 0.0852427)
(3.9304 4.22027 0.0387467)
(3.9304 4.22027 9.02056e-17)
(4.16987 4.22031 0.140349)
(4.16987 4.22031 0.0848265)
(4.16987 4.22031 0.0385575)
(4.16987 4.22031 6.93889e-17)
(4.17047 3.96552 0.150045)
(4.17047 3.96552 0.0906863)
(4.17047 3.96552 0.041221)
(4.17047 3.96552 6.93889e-17)
(3.93 4.46977 0.100755)
(3.93 4.46977 0.0457979)
(3.93 4.46977 6.93889e-18)
(3.92959 4.68925 0.040855)
(3.92957 4.69365 4.85723e-17)
(4.16761 4.69112 0.0412239)
(4.16759 4.69556 2.77556e-17)
(4.16883 4.47075 0.101025)
(4.16883 4.47075 0.0459203)
(4.16883 4.47075 2.08167e-17)
(4.42129 0.4152 0.0220176)
(4.42183 0.414695 3.46945e-18)
(4.42033 0.663957 0.0404198)
(4.42135 0.663955 0)
(4.42102 0.917581 0.0595631)
(4.42102 0.917581 1.38778e-17)
(4.42085 1.17161 0.0925712)
(4.42085 1.17161 0.0420778)
(4.42085 1.17161 -2.77556e-17)
(4.63253 1.17156 0.0356868)
(4.63655 1.17155 6.93889e-18)
(4.63336 0.917518 0.0258266)
(4.63681 0.917514 0)
(4.42078 1.42572 0.0976471)
(4.42078 1.42572 0.0443851)
(4.42078 1.42572 -2.77556e-17)
(4.42075 1.67987 0.0991134)
(4.42075 1.67987 0.0450515)
(4.42075 1.67987 -6.93889e-18)
(4.63189 1.67984 0.0399865)
(4.6364 1.67984 0)
(4.63203 1.42568 0.0390439)
(4.63643 1.42568 0)
(4.4207 1.93402 0.0994273)
(4.4207 1.93402 0.0451942)
(4.4207 1.93402 -2.77556e-17)
(4.42048 2.18812 0.0994615)
(4.42048 2.18812 0.0452098)
(4.42048 2.18812 -3.46945e-17)
(4.63151 2.18798 0.0401992)
(4.63602 2.18799 6.93889e-18)
(4.63182 1.93398 0.0401841)
(4.63635 1.93398 0)
(4.41975 2.44203 0.0994307)
(4.41975 2.44203 0.0451958)
(4.41975 2.44203 -1.38778e-17)
(4.41807 2.69557 0.0993989)
(4.41807 2.69557 0.0451813)
(4.41807 2.69557 -3.46945e-17)
(4.62774 2.69458 0.0401572)
(4.63218 2.69463 6.93889e-18)
(4.6304 2.44162 0.0401755)
(4.63489 2.44164 0)
(4.41505 2.94858 0.0996182)
(4.41505 2.94858 0.045281)
(4.41505 2.94858 -2.77556e-17)
(4.41107 3.20125 0.101176)
(4.41107 3.20125 0.0459891)
(4.41107 3.20125 -2.77556e-17)
(4.61683 3.19776 0.041176)
(4.62153 3.19798 0)
(4.623 2.94666 0.0402844)
(4.62737 2.94672 6.93889e-18)
(4.40674 3.4536 0.106659)
(4.40728 3.45392 0.0484816)
(4.40773 3.45419 -6.93889e-18)
(4.40508 3.70873 0.116902)
(4.40587 3.70845 0.0531371)
(4.40652 3.70821 -2.08167e-17)
(4.62682 3.70174 0.0597258)
(4.63314 3.69914 2.08167e-17)
(4.61494 3.44789 0.0449574)
(4.62195 3.4481 0)
(4.40703 3.96516 0.124185)
(4.40685 3.96449 0.0564479)
(4.4067 3.96393 -4.85723e-17)
(4.40736 4.22038 0.12192)
(4.40658 4.22036 0.055418)
(4.40594 4.22035 -2.77556e-17)
(4.65078 4.22026 0.115324)
(4.6463 4.22029 0.0524198)
(4.64257 4.22031 -2.77556e-17)
(4.64361 3.96437 0.0794581)
(4.64245 3.95959 1.38778e-17)
(4.40373 4.47138 0.101259)
(4.40359 4.472 0.0460269)
(4.40347 4.47252 0)
(4.39857 4.69255 0.0422194)
(4.39948 4.69865 3.46945e-17)
(4.63828 4.46589 0.102389)
(4.63797 4.4715 0.0465403)
(4.63771 4.47617 -2.08167e-17)
(0.300392 0.413502 0.0650053)
(0.29237 0.412359 2.77556e-17)
(0.301504 0.662547 0.0904893)
(0.296144 0.662527 0.0411315)
(0.291677 0.66251 6.93889e-18)
(2.45363 0.42066 0.238293)
(2.41934 0.380619 0.197428)
(2.39077 0.347251 0.163374)
(3.44235 0.195189 0.0251718)
(3.44235 0.191924 6.93889e-18)
(3.68915 0.195415 0.0312154)
(3.68915 0.192023 3.46945e-18)
(3.93534 0.195043 0.0245003)
(3.93534 0.191869 3.46945e-18)
(4.92 3.95913 0.0121782)
(4.92 3.95174 -0.0471799)
(4.92 4.46231 0.0598894)
(4.92 4.47406 0.000296427)
(4.92 4.48384 -0.0493644)
(4.92 4.21979 0.0534986)
(4.92 4.21992 -0.00472635)
(4.92 4.22003 -0.0532471)
(0.296217 1.93421 2.62244)
(0.292135 1.93421 2.66)
(0.296039 2.18842 2.62241)
(0.29195 2.18842 2.66)
(0.294367 3.45947 2.63408)
(0.291031 3.45947 2.66)
(0.294798 3.71375 2.6255)
(0.291029 3.71375 2.66)
(0.499006 0.414158 2.64139)
(0.498557 0.413738 2.66)
(0.738732 0.415602 2.62638)
(0.738731 0.414812 2.66)
(0.738602 0.66417 2.58094)
(0.738602 0.66417 2.62406)
(0.738602 0.66417 2.66)
(0.499241 0.663528 2.62698)
(0.498424 0.663526 2.66)
(0.499466 0.917544 2.61887)
(0.498441 0.917544 2.66)
(0.738572 0.917881 2.56301)
(0.738572 0.917881 2.61591)
(0.738572 0.917881 2.66)
(0.738595 1.17197 2.55358)
(0.738595 1.17197 2.61163)
(0.738595 1.17197 2.66)
(0.499718 1.17179 2.61234)
(0.498529 1.17179 2.66)
(0.498566 1.42598 2.59891)
(0.498566 1.42598 2.66)
(0.738616 1.42609 2.54483)
(0.738616 1.42609 2.60765)
(0.738616 1.42609 2.66)
(0.738611 1.6802 2.53936)
(0.738611 1.6802 2.60516)
(0.738611 1.6802 2.66)
(0.498523 1.68013 2.56839)
(0.498523 1.68013 2.61836)
(0.498523 1.68013 2.66)
(0.498443 1.93427 2.5644)
(0.498443 1.93427 2.61655)
(0.498443 1.93427 2.66)
(0.738586 1.93432 2.52218)
(0.738586 1.93432 2.5767)
(0.738586 1.93432 2.62214)
(0.738586 1.93432 2.66)
(0.73855 2.18846 2.52212)
(0.73855 2.18846 2.57667)
(0.73855 2.18846 2.62212)
(0.73855 2.18846 2.66)
(0.498359 2.18844 2.56436)
(0.498359 2.18844 2.61653)
(0.498359 2.18844 2.66)
(0.498269 2.44262 2.56817)
(0.498269 2.44262 2.61826)
(0.498269 2.44262 2.66)
(0.738502 2.44262 2.539)
(0.738502 2.44262 2.605)
(0.738502 2.44262 2.66)
(0.738442 2.6968 2.54331)
(0.738442 2.6968 2.60696)
(0.738442 2.6968 2.66)
(0.498163 2.69681 2.59826)
(0.498163 2.69681 2.66)
(0.499318 2.951 2.60995)
(0.498061 2.951 2.66)
(0.738379 2.95098 2.54988)
(0.738379 2.95098 2.60995)
(0.738379 2.95098 2.66)
(0.738319 3.20513 2.55008)
(0.738319 3.20513 2.61004)
(0.738319 3.20513 2.66)
(0.499233 3.20518 2.60998)
(0.497977 3.20518 2.66)
(0.49791 3.45936 2.59845)
(0.49791 3.45936 2.66)
(0.738262 3.45927 2.54428)
(0.738262 3.45927 2.6074)
(0.738262 3.45927 2.66)
(0.738207 3.71338 2.54061)
(0.738207 3.71338 2.60573)
(0.738207 3.71338 2.66)
(0.497863 3.71355 2.56937)
(0.497863 3.71355 2.6188)
(0.497863 3.71355 2.66)
(0.497874 3.96775 2.56996)
(0.497874 3.96775 2.61907)
(0.497874 3.96775 2.66)
(0.738165 3.96741 2.54365)
(0.738165 3.96741 2.60711)
(0.738165 3.96741 2.66)
(0.73816 4.22106 2.55971)
(0.73816 4.22106 2.61441)
(0.73816 4.22106 2.66)
(0.497997 4.2217 2.5833)
(0.497997 4.2217 2.62514)
(0.497997 4.2217 2.66)
(0.498242 4.47069 2.62613)
(0.49824 4.47145 2.66)
(0.738219 4.46928 2.61353)
(0.738217 4.47037 2.66)
(0.985252 0.415333 2.61851)
(0.985252 0.415333 2.66)
(1.23241 0.416336 2.61442)
(1.23241 0.415252 2.66)
(1.23159 0.664297 2.55546)
(1.23159 0.664297 2.61248)
(1.23159 0.664297 2.66)
(0.984901 0.664433 2.56303)
(0.984901 0.664433 2.61592)
(0.984901 0.664433 2.66)
(0.984676 0.917992 2.52798)
(0.984676 0.917992 2.58021)
(0.984676 0.917992 2.62373)
(0.984676 0.917992 2.66)
(1.231 0.917844 2.51944)
(1.231 0.917844 2.57505)
(1.231 0.917844 2.62139)
(1.231 0.917844 2.66)
(1.23066 1.17189 2.50181)
(1.23066 1.17189 2.55273)
(1.23066 1.17189 2.59517)
(1.23066 1.17189 2.63053)
(1.23066 1.17189 2.66)
(0.984559 1.17201 2.51865)
(0.984559 1.17201 2.57457)
(0.984559 1.17201 2.62117)
(0.984559 1.17201 2.66)
(0.984509 1.42612 2.51394)
(0.984509 1.42612 2.57172)
(0.984509 1.42612 2.61987)
(0.984509 1.42612 2.66)
(1.23048 1.42604 2.49904)
(1.23048 1.42604 2.55086)
(1.23048 1.42604 2.59403)
(1.23048 1.42604 2.63002)
(1.23048 1.42604 2.66)
(1.23041 1.68018 2.49813)
(1.23041 1.68018 2.55023)
(1.23041 1.68018 2.59366)
(1.23041 1.68018 2.62984)
(1.23041 1.68018 2.66)
(0.984487 1.68022 2.51153)
(0.984487 1.68022 2.57026)
(0.984487 1.68022 2.61921)
(0.984487 1.68022 2.66)
(0.984472 1.93433 2.51061)
(0.984472 1.93433 2.56971)
(0.984472 1.93433 2.61896)
(0.984472 1.93433 2.66)
(1.23038 1.93431 2.49785)
(1.23038 1.93431 2.55005)
(1.23038 1.93431 2.59355)
(1.23038 1.93431 2.62979)
(1.23038 1.93431 2.66)
(1.23036 2.18845 2.49775)
(1.23036 2.18845 2.54998)
(1.23036 2.18845 2.5935)
(1.23036 2.18845 2.62977)
(1.23036 2.18845 2.66)
(0.984452 2.18847 2.51048)
(0.984452 2.18847 2.56963)
(0.984452 2.18847 2.61892)
(0.984452 2.18847 2.66)
(0.984422 2.44262 2.51053)
(0.984422 2.44262 2.56966)
(0.984422 2.44262 2.61894)
(0.984422 2.44262 2.66)
(1.23034 2.44261 2.49716)
(1.23034 2.44261 2.54958)
(1.23034 2.44261 2.59326)
(1.23034 2.44261 2.62966)
(1.23034 2.44261 2.66)
(1.23032 2.69678 2.4865)
(1.23032 2.69678 2.54235)
(1.23032 2.69678 2.58889)
(1.23032 2.69678 2.62768)
(1.23032 2.69678 2.66)
(0.984383 2.69679 2.50956)
(0.984383 2.69679 2.56908)
(0.984383 2.69679 2.61867)
(0.984383 2.69679 2.66)
(0.984339 2.95096 2.51445)
(0.984339 2.95096 2.57203)
(0.984339 2.95096 2.62001)
(0.984339 2.95096 2.66)
(1.23029 2.95095 2.49716)
(1.23029 2.95095 2.54958)
(1.23029 2.95095 2.59326)
(1.23029 2.95095 2.62966)
(1.23029 2.95095 2.66)
(1.23026 3.20508 2.49716)
(1.23026 3.20508 2.54958)
(1.23026 3.20508 2.59326)
(1.23026 3.20508 2.62966)
(1.23026 3.20508 2.66)
(0.984296 3.2051 2.51515)
(0.984296 3.2051 2.57246)
(0.984296 3.2051 2.62021)
(0.984296 3.2051 2.66)
(0.984253 3.45921 2.5133)
(0.984253 3.45921 2.57133)
(0.984253 3.45921 2.6197)
(0.984253 3.45921 2.66)
(1.23023 3.45918 2.49716)
(1.23023 3.45918 2.54958)
(1.23023 3.45918 2.59326)
(1.23023 3.45918 2.62966)
(1.23023 3.45918 2.66)
(1.2302 3.71321 2.49716)
(1.2302 3.71321 2.54958)
(1.2302 3.71321 2.59326)
(1.2302 3.71321 2.62966)
(1.2302 3.71321 2.66)
(0.984211 3.71327 2.51241)
(0.984211 3.71327 2.5708)
(0.984211 3.71327 2.61945)
(0.984211 3.71327 2.66)
(0.984169 3.9672 2.51626)
(0.984169 3.9672 2.57312)
(0.984169 3.9672 2.62051)
(0.984169 3.9672 2.66)
(1.23018 3.96709 2.511)
(1.23018 3.96709 2.56994)
(1.23018 3.96709 2.61907)
(1.23018 3.96709 2.66)
(1.23015 4.22047 2.53838)
(1.23015 4.22047 2.60472)
(1.23015 4.22047 2.66)
(0.984137 4.22066 2.54543)
(0.984137 4.22066 2.60792)
(0.984137 4.22066 2.66)
(0.984137 4.46969 2.59804)
(0.984137 4.46969 2.66)
(1.23014 4.46936 2.56616)
(1.23014 4.46936 2.61734)
(1.23014 4.46936 2.66)
(1.23016 4.68881 2.62405)
(1.23016 4.69271 2.66)
(0.984222 4.68986 2.63385)
(0.984218 4.69324 2.66)
(1.70059 0.203604 2.6311)
(1.70776 0.194388 2.66)
(1.4782 0.416722 2.60862)
(1.47883 0.415186 2.66)
(1.71192 0.42265 2.59251)
(1.71917 0.417362 2.66)
(1.72128 0.667031 2.54052)
(1.72256 0.665801 2.60569)
(1.72362 0.664776 2.66)
(1.47817 0.664043 2.54974)
(1.47817 0.664043 2.60988)
(1.47817 0.664043 2.66)
(1.47737 0.917512 2.51577)
(1.47737 0.917512 2.57283)
(1.47737 0.917512 2.62038)
(1.47737 0.917512 2.66)
(1.72345 0.917304 2.51227)
(1.72345 0.917304 2.57071)
(1.72345 0.917304 2.61941)
(1.72345 0.917304 2.66)
(1.72281 1.17128 2.49838)
(1.72281 1.17128 2.55041)
(1.72281 1.17128 2.59376)
(1.72281 1.17128 2.62989)
(1.72281 1.17128 2.66)
(1.47677 1.17163 2.49951)
(1.47677 1.17163 2.55117)
(1.47677 1.17163 2.59422)
(1.47677 1.17163 2.6301)
(1.47677 1.17163 2.66)
(1.47645 1.42587 2.49771)
(1.47645 1.42587 2.54995)
(1.47645 1.42587 2.59349)
(1.47645 1.42587 2.62977)
(1.47645 1.42587 2.66)
(1.7224 1.42565 2.49737)
(1.7224 1.42565 2.54972)
(1.7224 1.42565 2.59335)
(1.7224 1.42565 2.6297)
(1.7224 1.42565 2.66)
(1.72223 1.67995 2.49719)
(1.72223 1.67995 2.5496)
(1.72223 1.67995 2.59327)
(1.72223 1.67995 2.62967)
(1.72223 1.67995 2.66)
(1.47631 1.68008 2.49732)
(1.47631 1.68008 2.54969)
(1.47631 1.68008 2.59333)
(1.47631 1.68008 2.6297)
(1.47631 1.68008 2.66)
(1.47626 1.93425 2.49725)
(1.47626 1.93425 2.54964)
(1.47626 1.93425 2.5933)
(1.47626 1.93425 2.62968)
(1.47626 1.93425 2.66)
(1.72216 1.93418 2.49717)
(1.72216 1.93418 2.54958)
(1.72216 1.93418 2.59327)
(1.72216 1.93418 2.62967)
(1.72216 1.93418 2.66)
(1.72214 2.18837 2.49716)
(1.72214 2.18837 2.54958)
(1.72214 2.18837 2.59326)
(1.72214 2.18837 2.62966)
(1.72214 2.18837 2.66)
(1.47624 2.18841 2.49723)
(1.47624 2.18841 2.54963)
(1.47624 2.18841 2.59329)
(1.47624 2.18841 2.62968)
(1.47624 2.18841 2.66)
(1.47622 2.44259 2.49716)
(1.47622 2.44259 2.54958)
(1.47622 2.44259 2.59326)
(1.47622 2.44259 2.62966)
(1.47622 2.44259 2.66)
(1.72213 2.44256 2.49716)
(1.72213 2.44256 2.54958)
(1.72213 2.44256 2.59326)
(1.72213 2.44256 2.62966)
(1.72213 2.44256 2.66)
(1.72212 2.69675 2.45694)
(1.72212 2.69675 2.52231)
(1.72212 2.69675 2.57678)
(1.72212 2.69675 2.62217)
(1.72212 2.69675 2.66)
(1.47621 2.69677 2.46639)
(1.47621 2.69677 2.52871)
(1.47621 2.69677 2.58065)
(1.47621 2.69677 2.62393)
(1.47621 2.69677 2.66)
(1.47619 2.95093 2.45766)
(1.47619 2.95093 2.52279)
(1.47619 2.95093 2.57707)
(1.47619 2.95093 2.62231)
(1.47619 2.95093 2.66)
(1.72211 2.95092 2.44329)
(1.72211 2.95092 2.51305)
(1.72211 2.95092 2.57119)
(1.72211 2.95092 2.61963)
(1.72211 2.95092 2.66)
(1.7221 3.20506 2.45654)
(1.7221 3.20506 2.52204)
(1.7221 3.20506 2.57662)
(1.7221 3.20506 2.6221)
(1.7221 3.20506 2.66)
(1.47617 3.20507 2.46442)
(1.47617 3.20507 2.52738)
(1.47617 3.20507 2.57984)
(1.47617 3.20507 2.62357)
(1.47617 3.20507 2.66)
(1.47616 3.45916 2.48154)
(1.47616 3.45916 2.53899)
(1.47616 3.45916 2.58686)
(1.47616 3.45916 2.62676)
(1.47616 3.45916 2.66)
(1.72209 3.45915 2.49716)
(1.72209 3.45915 2.54958)
(1.72209 3.45915 2.59326)
(1.72209 3.45915 2.62966)
(1.72209 3.45915 2.66)
(1.72208 3.71316 2.48819)
(1.72208 3.71316 2.5435)
(1.72208 3.71316 2.58959)
(1.72208 3.71316 2.62799)
(1.72208 3.71316 2.66)
(1.47614 3.71318 2.48687)
(1.47614 3.71318 2.5426)
(1.47614 3.71318 2.58904)
(1.47614 3.71318 2.62775)
(1.47614 3.71318 2.66)
(1.47613 3.96704 2.50714)
(1.47613 3.96704 2.56761)
(1.47613 3.96704 2.61801)
(1.47613 3.96704 2.66)
(1.72207 3.96702 2.49716)
(1.72207 3.96702 2.54958)
(1.72207 3.96702 2.59326)
(1.72207 3.96702 2.62966)
(1.72207 3.96702 2.66)
(1.72207 4.22035 2.51929)
(1.72207 4.22035 2.57496)
(1.72207 4.22035 2.62134)
(1.72207 4.22035 2.66)
(1.47611 4.22038 2.52017)
(1.47611 4.22038 2.57549)
(1.47611 4.22038 2.62159)
(1.47611 4.22038 2.66)
(1.4761 4.46922 2.56145)
(1.4761 4.46922 2.6152)
(1.4761 4.46922 2.66)
(1.72206 4.46918 2.55999)
(1.72206 4.46918 2.61454)
(1.72206 4.46918 2.66)
(1.72205 4.68808 2.61964)
(1.72205 4.69245 2.66)
(1.4761 4.68824 2.62064)
(1.4761 4.69251 2.66)
(1.96785 0.919368 2.50913)
(1.96828 0.918625 2.56881)
(1.96864 0.918006 2.61855)
(1.96894 0.91749 2.66)
(2.21396 0.921544 2.50801)
(2.21396 0.920004 2.56814)
(2.21396 0.91872 2.61825)
(2.21396 0.917651 2.66)
(2.21399 1.17079 2.49736)
(2.21399 1.17079 2.54971)
(2.21399 1.17079 2.59334)
(2.21399 1.17079 2.6297)
(2.21399 1.17079 2.66)
(1.96857 1.17096 2.49762)
(1.96857 1.17096 2.54989)
(1.96857 1.17096 2.59345)
(1.96857 1.17096 2.62975)
(1.96857 1.17096 2.66)
(1.96826 1.42544 2.49722)
(1.96826 1.42544 2.54962)
(1.96826 1.42544 2.59329)
(1.96826 1.42544 2.62968)
(1.96826 1.42544 2.66)
(2.21401 1.42533 2.49716)
(2.21401 1.42533 2.54958)
(2.21401 1.42533 2.59326)
(2.21401 1.42533 2.62966)
(2.21401 1.42533 2.66)
(2.21402 1.67976 2.4916)
(2.21402 1.67976 2.54581)
(2.21402 1.67976 2.59099)
(2.21402 1.67976 2.62863)
(2.21402 1.67976 2.66)
(1.96813 1.67983 2.49716)
(1.96813 1.67983 2.54958)
(1.96813 1.67983 2.59326)
(1.96813 1.67983 2.62966)
(1.96813 1.67983 2.66)
(1.96809 1.93411 2.49716)
(1.96809 1.93411 2.54958)
(1.96809 1.93411 2.59326)
(1.96809 1.93411 2.62966)
(1.96809 1.93411 2.66)
(2.21402 1.93406 2.48351)
(2.21402 1.93406 2.54032)
(2.21402 1.93406 2.58767)
(2.21402 1.93406 2.62712)
(2.21402 1.93406 2.66)
(2.21402 2.18831 2.46752)
(2.21402 2.18831 2.52948)
(2.21402 2.18831 2.58112)
(2.21402 2.18831 2.62414)
(2.21402 2.18831 2.66)
(1.96807 2.18833 2.48559)
(1.96807 2.18833 2.54174)
(1.96807 2.18833 2.58852)
(1.96807 2.18833 2.62751)
(1.96807 2.18833 2.66)
(1.96806 2.44254 2.49716)
(1.96806 2.44254 2.54958)
(1.96806 2.44254 2.59326)
(1.96806 2.44254 2.62966)
(1.96806 2.44254 2.66)
(2.21402 2.44252 2.47093)
(2.21402 2.44252 2.53179)
(2.21402 2.44252 2.58251)
(2.21402 2.44252 2.62478)
(2.21402 2.44252 2.66)
(2.21402 2.69672 2.47547)
(2.21402 2.69672 2.53487)
(2.21402 2.69672 2.58437)
(2.21402 2.69672 2.62562)
(2.21402 2.69672 2.66)
(1.96806 2.69674 2.46219)
(1.96806 2.69674 2.52587)
(1.96806 2.69674 2.57893)
(1.96806 2.69674 2.62315)
(1.96806 2.69674 2.66)
(1.96805 2.95091 2.45614)
(1.96805 2.95091 2.52177)
(1.96805 2.95091 2.57645)
(1.96805 2.95091 2.62202)
(1.96805 2.95091 2.66)
(2.21401 2.95091 2.49716)
(2.21401 2.95091 2.54958)
(2.21401 2.95091 2.59326)
(2.21401 2.95091 2.62966)
(2.21401 2.95091 2.66)
(2.21401 3.20505 2.48019)
(2.21401 3.20505 2.53807)
(2.21401 3.20505 2.58631)
(2.21401 3.20505 2.6265)
(2.21401 3.20505 2.66)
(1.96805 3.20505 2.46345)
(1.96805 3.20505 2.52672)
(1.96805 3.20505 2.57945)
(1.96805 3.20505 2.62338)
(1.96805 3.20505 2.66)
(1.96804 3.45914 2.49716)
(1.96804 3.45914 2.54958)
(1.96804 3.45914 2.59326)
(1.96804 3.45914 2.62966)
(1.96804 3.45914 2.66)
(2.21401 3.45913 2.49716)
(2.21401 3.45913 2.54958)
(2.21401 3.45913 2.59326)
(2.21401 3.45913 2.62966)
(2.21401 3.45913 2.66)
(2.21401 3.71315 2.48851)
(2.21401 3.71315 2.54371)
(2.21401 3.71315 2.58972)
(2.21401 3.71315 2.62805)
(2.21401 3.71315 2.66)
(1.96804 3.71315 2.48847)
(1.96804 3.71315 2.54369)
(1.96804 3.71315 2.5897)
(1.96804 3.71315 2.62805)
(1.96804 3.71315 2.66)
(1.96804 3.96701 2.49716)
(1.96804 3.96701 2.54958)
(1.96804 3.96701 2.59326)
(1.96804 3.96701 2.62966)
(1.96804 3.96701 2.66)
(2.21401 3.967 2.49716)
(2.21401 3.967 2.54958)
(2.21401 3.967 2.59326)
(2.21401 3.967 2.62966)
(2.21401 3.967 2.66)
(2.21401 4.22033 2.51908)
(2.21401 4.22033 2.57483)
(2.21401 4.22033 2.62129)
(2.21401 4.22033 2.66)
(1.96803 4.22034 2.51911)
(1.96803 4.22034 2.57484)
(1.96803 4.22034 2.62129)
(1.96803 4.22034 2.66)
(1.96803 4.46917 2.55966)
(1.96803 4.46917 2.61439)
(1.96803 4.46917 2.66)
(2.21401 4.46916 2.5596)
(2.21401 4.46916 2.61437)
(2.21401 4.46916 2.66)
(2.21401 4.68804 2.61938)
(2.21401 4.69244 2.66)
(1.96802 4.68804 2.61941)
(1.96803 4.69244 2.66)
(2.49018 0.445428 2.54826)
(2.47388 0.429884 2.60921)
(2.46029 0.416931 2.66)
(2.71592 0.422514 2.59211)
(2.70866 0.417217 2.66)
(2.70664 0.666862 2.54008)
(2.70536 0.665634 2.60549)
(2.70429 0.664611 2.66)
(2.4671 0.682865 2.5313)
(2.46322 0.675824 2.6015)
(2.45999 0.669957 2.66)
(2.46009 0.919273 2.5091)
(2.45966 0.918533 2.5688)
(2.45929 0.917916 2.61854)
(2.45899 0.917402 2.66)
(2.70453 0.917119 2.51203)
(2.70453 0.917119 2.57057)
(2.70453 0.917119 2.61935)
(2.70453 0.917119 2.66)
(2.70522 1.17108 2.49826)
(2.70522 1.17108 2.55033)
(2.70522 1.17108 2.59371)
(2.70522 1.17108 2.62987)
(2.70522 1.17108 2.66)
(2.45943 1.17086 2.4976)
(2.45943 1.17086 2.54988)
(2.45943 1.17086 2.59344)
(2.45943 1.17086 2.62975)
(2.45943 1.17086 2.66)
(2.45977 1.42535 2.49722)
(2.45977 1.42535 2.54962)
(2.45977 1.42535 2.59329)
(2.45977 1.42535 2.62968)
(2.45977 1.42535 2.66)
(2.70566 1.42546 2.49733)
(2.70566 1.42546 2.54969)
(2.70566 1.42546 2.59333)
(2.70566 1.42546 2.6297)
(2.70566 1.42546 2.66)
(2.70585 1.67979 2.49718)
(2.70585 1.67979 2.54959)
(2.70585 1.67979 2.59327)
(2.70585 1.67979 2.62967)
(2.70585 1.67979 2.66)
(2.45992 1.67975 2.49716)
(2.45992 1.67975 2.54958)
(2.45992 1.67975 2.59326)
(2.45992 1.67975 2.62966)
(2.45992 1.67975 2.66)
(2.45997 1.93405 2.49716)
(2.45997 1.93405 2.54958)
(2.45997 1.93405 2.59326)
(2.45997 1.93405 2.62966)
(2.45997 1.93405 2.66)
(2.70592 1.93405 2.49716)
(2.70592 1.93405 2.54958)
(2.70592 1.93405 2.59326)
(2.70592 1.93405 2.62966)
(2.70592 1.93405 2.66)
(2.70594 2.18828 2.47736)
(2.70594 2.18828 2.53615)
(2.70594 2.18828 2.58515)
(2.70594 2.18828 2.62598)
(2.70594 2.18828 2.66)
(2.45998 2.18829 2.47092)
(2.45998 2.18829 2.53178)
(2.45998 2.18829 2.58251)
(2.45998 2.18829 2.62478)
(2.45998 2.18829 2.66)
(2.45999 2.44251 2.4775)
(2.45999 2.44251 2.53625)
(2.45999 2.44251 2.5852)
(2.45999 2.44251 2.626)
(2.45999 2.44251 2.66)
(2.70595 2.4425 2.49716)
(2.70595 2.4425 2.54958)
(2.70595 2.4425 2.59326)
(2.70595 2.4425 2.62966)
(2.70595 2.4425 2.66)
(2.70595 2.69671 2.49716)
(2.70595 2.69671 2.54958)
(2.70595 2.69671 2.59326)
(2.70595 2.69671 2.62966)
(2.70595 2.69671 2.66)
(2.45999 2.69672 2.49716)
(2.45999 2.69672 2.54958)
(2.45999 2.69672 2.59326)
(2.45999 2.69672 2.62966)
(2.45999 2.69672 2.66)
(2.45999 2.9509 2.49716)
(2.45999 2.9509 2.54958)
(2.45999 2.9509 2.59326)
(2.45999 2.9509 2.62966)
(2.45999 2.9509 2.66)
(2.70595 2.9509 2.49716)
(2.70595 2.9509 2.54958)
(2.70595 2.9509 2.59326)
(2.70595 2.9509 2.62966)
(2.70595 2.9509 2.66)
(2.70595 3.20504 2.48261)
(2.70595 3.20504 2.53971)
(2.70595 3.20504 2.5873)
(2.70595 3.20504 2.62695)
(2.70595 3.20504 2.66)
(2.45998 3.20504 2.4847)
(2.45998 3.20504 2.54113)
(2.45998 3.20504 2.58816)
(2.45998 3.20504 2.62734)
(2.45998 3.20504 2.66)
(2.45999 3.45913 2.49716)
(2.45999 3.45913 2.54958)
(2.45999 3.45913 2.59326)
(2.45999 3.45913 2.62966)
(2.45999 3.45913 2.66)
(2.70595 3.45913 2.49716)
(2.70595 3.45913 2.54958)
(2.70595 3.45913 2.59326)
(2.70595 3.45913 2.62966)
(2.70595 3.45913 2.66)
(2.70595 3.71314 2.48852)
(2.70595 3.71314 2.54372)
(2.70595 3.71314 2.58972)
(2.70595 3.71314 2.62806)
(2.70595 3.71314 2.66)
(2.45999 3.71314 2.48851)
(2.45999 3.71314 2.54372)
(2.45999 3.71314 2.58972)
(2.45999 3.71314 2.62805)
(2.45999 3.71314 2.66)
(2.45999 3.967 2.49716)
(2.45999 3.967 2.54958)
(2.45999 3.967 2.59326)
(2.45999 3.967 2.62966)
(2.45999 3.967 2.66)
(2.70596 3.967 2.49716)
(2.70596 3.967 2.54958)
(2.70596 3.967 2.59326)
(2.70596 3.967 2.62966)
(2.70596 3.967 2.66)
(2.70596 4.22033 2.5191)
(2.70596 4.22033 2.57484)
(2.70596 4.22033 2.62129)
(2.70596 4.22033 2.66)
(2.45999 4.22033 2.51908)
(2.45999 4.22033 2.57483)
(2.45999 4.22033 2.62129)
(2.45999 4.22033 2.66)
(2.45999 4.46916 2.5596)
(2.45999 4.46916 2.61437)
(2.45999 4.46916 2.66)
(2.70597 4.46916 2.55966)
(2.70597 4.46916 2.61439)
(2.70597 4.46916 2.66)
(2.70597 4.68805 2.61942)
(2.70597 4.69245 2.66)
(2.45999 4.68804 2.61938)
(2.45999 4.69244 2.66)
(2.94976 0.416534 2.60688)
(2.94911 0.414946 2.66)
(3.19558 0.416241 2.608)
(3.19557 0.415002 2.66)
(3.19642 0.663997 2.5483)
(3.19642 0.663997 2.60923)
(3.19642 0.663997 2.66)
(2.94982 0.663782 2.54774)
(2.94982 0.663782 2.60897)
(2.94982 0.663782 2.66)
(2.95066 0.917233 2.51447)
(2.95066 0.917233 2.57204)
(2.95066 0.917233 2.62002)
(2.95066 0.917233 2.66)
(3.19705 0.917509 2.51398)
(3.19705 0.917509 2.57175)
(3.19705 0.917509 2.61989)
(3.19705 0.917509 2.66)
(3.19744 1.17154 2.49749)
(3.19744 1.17154 2.5498)
(3.19744 1.17154 2.5934)
(3.19744 1.17154 2.62973)
(3.19744 1.17154 2.66)
(2.95131 1.17134 2.49866)
(2.95131 1.17134 2.5506)
(2.95131 1.17134 2.59388)
(2.95131 1.17134 2.62994)
(2.95131 1.17134 2.66)
(2.95166 1.42559 2.49739)
(2.95166 1.42559 2.54974)
(2.95166 1.42559 2.59336)
(2.95166 1.42559 2.62971)
(2.95166 1.42559 2.66)
(3.19765 1.4257 2.49719)
(3.19765 1.4257 2.5496)
(3.19765 1.4257 2.59327)
(3.19765 1.4257 2.62967)
(3.19765 1.4257 2.66)
(3.19774 1.67988 2.49716)
(3.19774 1.67988 2.54958)
(3.19774 1.67988 2.59326)
(3.19774 1.67988 2.62967)
(3.19774 1.67988 2.66)
(2.95181 1.67984 2.49719)
(2.95181 1.67984 2.5496)
(2.95181 1.67984 2.59327)
(2.95181 1.67984 2.62967)
(2.95181 1.67984 2.66)
(2.95186 1.93406 2.49716)
(2.95186 1.93406 2.54958)
(2.95186 1.93406 2.59326)
(2.95186 1.93406 2.62966)
(2.95186 1.93406 2.66)
(3.19777 1.93408 2.49716)
(3.19777 1.93408 2.54958)
(3.19777 1.93408 2.59326)
(3.19777 1.93408 2.62966)
(3.19777 1.93408 2.66)
(3.19778 2.18828 2.4768)
(3.19778 2.18828 2.53577)
(3.19778 2.18828 2.58492)
(3.19778 2.18828 2.62587)
(3.19778 2.18828 2.66)
(2.95188 2.18828 2.47091)
(2.95188 2.18828 2.53178)
(2.95188 2.18828 2.5825)
(2.95188 2.18828 2.62477)
(2.95188 2.18828 2.66)
(2.95189 2.4425 2.46507)
(2.95189 2.4425 2.52782)
(2.95189 2.4425 2.58011)
(2.95189 2.4425 2.62369)
(2.95189 2.4425 2.66)
(3.19778 2.4425 2.46684)
(3.19778 2.4425 2.52902)
(3.19778 2.4425 2.58084)
(3.19778 2.4425 2.62402)
(3.19778 2.4425 2.66)
(3.19778 2.69671 2.46391)
(3.19778 2.69671 2.52703)
(3.19778 2.69671 2.57964)
(3.19778 2.69671 2.62347)
(3.19778 2.69671 2.66)
(2.95189 2.69671 2.46306)
(2.95189 2.69671 2.52645)
(2.95189 2.69671 2.57929)
(2.95189 2.69671 2.62331)
(2.95189 2.69671 2.66)
(2.95189 2.9509 2.46552)
(2.95189 2.9509 2.52813)
(2.95189 2.9509 2.5803)
(2.95189 2.9509 2.62377)
(2.95189 2.9509 2.66)
(3.19778 2.9509 2.46702)
(3.19778 2.9509 2.52914)
(3.19778 2.9509 2.58091)
(3.19778 2.9509 2.62405)
(3.19778 2.9509 2.66)
(3.19779 3.20504 2.47726)
(3.19779 3.20504 2.53609)
(3.19779 3.20504 2.58511)
(3.19779 3.20504 2.62596)
(3.19779 3.20504 2.66)
(2.95189 3.20504 2.47268)
(2.95189 3.20504 2.53298)
(2.95189 3.20504 2.58323)
(2.95189 3.20504 2.6251)
(2.95189 3.20504 2.66)
(2.95189 3.45913 2.49716)
(2.95189 3.45913 2.54958)
(2.95189 3.45913 2.59326)
(2.95189 3.45913 2.62966)
(2.95189 3.45913 2.66)
(3.19779 3.45914 2.49716)
(3.19779 3.45914 2.54958)
(3.19779 3.45914 2.59326)
(3.19779 3.45914 2.62966)
(3.19779 3.45914 2.66)
(3.1978 3.71315 2.48879)
(3.1978 3.71315 2.54391)
(3.1978 3.71315 2.58983)
(3.1978 3.71315 2.62811)
(3.1978 3.71315 2.66)
(2.9519 3.71315 2.48857)
(2.9519 3.71315 2.54376)
(2.9519 3.71315 2.58974)
(2.9519 3.71315 2.62807)
(2.9519 3.71315 2.66)
(2.9519 3.967 2.49716)
(2.9519 3.967 2.54958)
(2.9519 3.967 2.59326)
(2.9519 3.967 2.62966)
(2.9519 3.967 2.66)
(3.19781 3.96702 2.50696)
(3.19781 3.96702 2.5675)
(3.19781 3.96702 2.61796)
(3.19781 3.96702 2.66)
(3.19783 4.22035 2.51996)
(3.19783 4.22035 2.57536)
(3.19783 4.22035 2.62153)
(3.19783 4.22035 2.66)
(2.95191 4.22034 2.51927)
(2.95191 4.22034 2.57494)
(2.95191 4.22034 2.62134)
(2.95191 4.22034 2.66)
(2.95193 4.46917 2.55997)
(2.95193 4.46917 2.61453)
(2.95193 4.46917 2.66)
(3.19785 4.46919 2.56129)
(3.19785 4.46919 2.61513)
(3.19785 4.46919 2.66)
(3.19788 4.68821 2.62059)
(3.19788 4.69248 2.66)
(2.95194 4.68808 2.61964)
(2.95194 4.69246 2.66)
(3.68915 0.195369 2.62879)
(3.68915 0.191977 2.66)
(3.44236 0.195171 2.63483)
(3.44235 0.191906 2.66)
(3.4427 0.415299 2.59808)
(3.4427 0.415299 2.66)
(3.68922 0.415381 2.5946)
(3.68922 0.415381 2.66)
(3.68929 0.664319 2.54193)
(3.68929 0.664319 2.60633)
(3.68929 0.664319 2.66)
(3.44305 0.664236 2.54326)
(3.44305 0.664236 2.60694)
(3.44305 0.664236 2.66)
(3.44331 0.91769 2.51076)
(3.44331 0.91769 2.5698)
(3.44331 0.91769 2.619)
(3.44331 0.91769 2.66)
(3.68934 0.917761 2.51016)
(3.68934 0.917761 2.56944)
(3.68934 0.917761 2.61883)
(3.68934 0.917761 2.66)
(3.68937 1.17171 2.49181)
(3.68937 1.17171 2.54595)
(3.68937 1.17171 2.59107)
(3.68937 1.17171 2.62867)
(3.68937 1.17171 2.66)
(3.44348 1.17166 2.49418)
(3.44348 1.17166 2.54756)
(3.44348 1.17166 2.59204)
(3.44348 1.17166 2.62911)
(3.44348 1.17166 2.66)
(3.44357 1.42576 2.49716)
(3.44357 1.42576 2.54958)
(3.44357 1.42576 2.59326)
(3.44357 1.42576 2.62966)
(3.44357 1.42576 2.66)
(3.68939 1.42579 2.4904)
(3.68939 1.42579 2.545)
(3.68939 1.42579 2.59049)
(3.68939 1.42579 2.62841)
(3.68939 1.42579 2.66)
(3.6894 1.67992 2.49045)
(3.6894 1.67992 2.54503)
(3.6894 1.67992 2.59051)
(3.6894 1.67992 2.62842)
(3.6894 1.67992 2.66)
(3.44361 1.67991 2.49716)
(3.44361 1.67991 2.54958)
(3.44361 1.67991 2.59326)
(3.44361 1.67991 2.62966)
(3.44361 1.67991 2.66)
(3.44362 1.93408 2.49716)
(3.44362 1.93408 2.54958)
(3.44362 1.93408 2.59326)
(3.44362 1.93408 2.62966)
(3.44362 1.93408 2.66)
(3.6894 1.93408 2.49175)
(3.6894 1.93408 2.54591)
(3.6894 1.93408 2.59105)
(3.6894 1.93408 2.62866)
(3.6894 1.93408 2.66)
(3.68941 2.18828 2.49434)
(3.68941 2.18828 2.54767)
(3.68941 2.18828 2.59211)
(3.68941 2.18828 2.62914)
(3.68941 2.18828 2.66)
(3.44363 2.18828 2.49716)
(3.44363 2.18828 2.54958)
(3.44363 2.18828 2.59326)
(3.44363 2.18828 2.62966)
(3.44363 2.18828 2.66)
(3.44363 2.4425 2.49716)
(3.44363 2.4425 2.54958)
(3.44363 2.4425 2.59326)
(3.44363 2.4425 2.62966)
(3.44363 2.4425 2.66)
(3.68941 2.4425 2.49716)
(3.68941 2.4425 2.54958)
(3.68941 2.4425 2.59326)
(3.68941 2.4425 2.62966)
(3.68941 2.4425 2.66)
(3.6894 2.69671 2.49718)
(3.6894 2.69671 2.54959)
(3.6894 2.69671 2.59327)
(3.6894 2.69671 2.62967)
(3.6894 2.69671 2.66)
(3.44363 2.69671 2.49716)
(3.44363 2.69671 2.54958)
(3.44363 2.69671 2.59326)
(3.44363 2.69671 2.62966)
(3.44363 2.69671 2.66)
(3.44362 2.9509 2.49716)
(3.44362 2.9509 2.54958)
(3.44362 2.9509 2.59326)
(3.44362 2.9509 2.62966)
(3.44362 2.9509 2.66)
(3.68938 2.9509 2.49716)
(3.68938 2.9509 2.54958)
(3.68938 2.9509 2.59326)
(3.68938 2.9509 2.62966)
(3.68938 2.9509 2.66)
(3.68936 3.20505 2.49716)
(3.68936 3.20505 2.54958)
(3.68936 3.20505 2.59326)
(3.68936 3.20505 2.62966)
(3.68936 3.20505 2.66)
(3.44362 3.20505 2.49716)
(3.44362 3.20505 2.54958)
(3.44362 3.20505 2.59326)
(3.44362 3.20505 2.62966)
(3.44362 3.20505 2.66)
(3.44362 3.45914 2.49716)
(3.44362 3.45914 2.54958)
(3.44362 3.45914 2.59326)
(3.44362 3.45914 2.62966)
(3.44362 3.45914 2.66)
(3.68934 3.45915 2.49716)
(3.68934 3.45915 2.54958)
(3.68934 3.45915 2.59326)
(3.68934 3.45915 2.62966)
(3.68934 3.45915 2.66)
(3.68934 3.71318 2.49104)
(3.68934 3.71318 2.54543)
(3.68934 3.71318 2.59075)
(3.68934 3.71318 2.62852)
(3.68934 3.71318 2.66)
(3.44362 3.71316 2.48946)
(3.44362 3.71316 2.54436)
(3.44362 3.71316 2.59011)
(3.44362 3.71316 2.62823)
(3.44362 3.71316 2.66)
(3.44364 3.96703 2.50732)
(3.44364 3.96703 2.56772)
(3.44364 3.96703 2.61806)
(3.44364 3.96703 2.66)
(3.68936 3.96706 2.50812)
(3.68936 3.96706 2.5682)
(3.68936 3.96706 2.61827)
(3.68936 3.96706 2.66)
(3.68942 4.22044 2.53997)
(3.68942 4.22044 2.60544)
(3.68942 4.22044 2.66)
(3.44368 4.22038 2.53695)
(3.44368 4.22038 2.60407)
(3.44368 4.22038 2.66)
(3.44373 4.46924 2.56526)
(3.44373 4.46924 2.61694)
(3.44373 4.46924 2.66)
(3.68952 4.46932 2.59504)
(3.68952 4.46932 2.66)
(3.68959 4.68922 2.63326)
(3.68959 4.69267 2.66)
(3.44378 4.68862 2.62384)
(3.44378 4.69254 2.66)
(3.93534 0.194988 2.6355)
(3.93534 0.191814 2.66)
(3.93528 0.415295 2.60153)
(3.93528 0.415295 2.66)
(4.18075 0.416 2.61954)
(4.18075 0.415045 2.66)
(4.18048 0.664151 2.57047)
(4.18048 0.664151 2.6193)
(4.18048 0.664151 2.66)
(3.93518 0.664285 2.54987)
(3.93518 0.664285 2.60994)
(3.93518 0.664285 2.66)
(3.9351 0.917752 2.5177)
(3.9351 0.917752 2.574)
(3.9351 0.917752 2.62091)
(3.9351 0.917752 2.66)
(4.18029 0.917682 2.54927)
(4.18029 0.917682 2.60967)
(4.18029 0.917682 2.66)
(4.18019 1.17167 2.53942)
(4.18019 1.17167 2.60519)
(4.18019 1.17167 2.66)
(3.93506 1.17171 2.50937)
(3.93506 1.17171 2.56896)
(3.93506 1.17171 2.61862)
(3.93506 1.17171 2.66)
(3.93504 1.42579 2.50748)
(3.93504 1.42579 2.56782)
(3.93504 1.42579 2.6181)
(3.93504 1.42579 2.66)
(4.18015 1.42576 2.53673)
(4.18015 1.42576 2.60397)
(4.18015 1.42576 2.66)
(4.18014 1.6799 2.53774)
(4.18014 1.6799 2.60443)
(4.18014 1.6799 2.66)
(3.93504 1.67991 2.5076)
(3.93504 1.67991 2.56789)
(3.93504 1.67991 2.61813)
(3.93504 1.67991 2.66)
(3.93504 1.93408 2.50881)
(3.93504 1.93408 2.56862)
(3.93504 1.93408 2.61846)
(3.93504 1.93408 2.66)
(4.18016 1.93407 2.54125)
(4.18016 1.93407 2.60602)
(4.18016 1.93407 2.66)
(4.18017 2.18827 2.54468)
(4.18017 2.18827 2.60758)
(4.18017 2.18827 2.66)
(3.93505 2.18828 2.51048)
(3.93505 2.18828 2.56963)
(3.93505 2.18828 2.61892)
(3.93505 2.18828 2.66)
(3.93504 2.44249 2.51028)
(3.93504 2.44249 2.56951)
(3.93504 2.44249 2.61887)
(3.93504 2.44249 2.66)
(4.18017 2.44249 2.54056)
(4.18017 2.44249 2.60571)
(4.18017 2.44249 2.66)
(4.18012 2.69669 2.52951)
(4.18012 2.69669 2.60068)
(4.18012 2.69669 2.66)
(3.93502 2.6967 2.50773)
(3.93502 2.6967 2.56797)
(3.93502 2.6967 2.61817)
(3.93502 2.6967 2.66)
(3.93497 2.95089 2.50723)
(3.93497 2.95089 2.56767)
(3.93497 2.95089 2.61803)
(3.93497 2.95089 2.66)
(4.17999 2.95086 2.52583)
(4.17999 2.95086 2.59901)
(4.17999 2.95086 2.66)
(4.1798 3.20499 2.51056)
(4.1798 3.20499 2.56968)
(4.1798 3.20499 2.61894)
(4.1798 3.20499 2.66)
(3.93491 3.20504 2.50758)
(3.93491 3.20504 2.56788)
(3.93491 3.20504 2.61813)
(3.93491 3.20504 2.66)
(3.93483 3.45914 2.4981)
(3.93483 3.45914 2.55022)
(3.93483 3.45914 2.59365)
(3.93483 3.45914 2.62984)
(3.93483 3.45914 2.66)
(4.17955 3.45909 2.50223)
(4.17955 3.45909 2.55301)
(4.17955 3.45909 2.59534)
(4.17955 3.45909 2.63061)
(4.17955 3.45909 2.66)
(4.17934 3.71316 2.5037)
(4.17934 3.71316 2.55402)
(4.17934 3.71316 2.59594)
(4.17934 3.71316 2.63088)
(4.17934 3.71316 2.66)
(3.93477 3.71319 2.49481)
(3.93477 3.71319 2.54799)
(3.93477 3.71319 2.5923)
(3.93477 3.71319 2.62923)
(3.93477 3.71319 2.66)
(3.93478 3.96711 2.50884)
(3.93478 3.96711 2.56864)
(3.93478 3.96711 2.61847)
(3.93478 3.96711 2.66)
(4.17924 3.96715 2.50878)
(4.17924 3.96715 2.5686)
(4.17924 3.96715 2.61846)
(4.17924 3.96715 2.66)
(4.17936 4.22071 2.53285)
(4.17936 4.22071 2.6022)
(4.17936 4.22071 2.66)
(3.93487 4.22054 2.54121)
(3.93487 4.22054 2.606)
(3.93487 4.22054 2.66)
(3.93503 4.46815 2.60295)
(3.93503 4.4695 2.66)
(4.17963 4.46833 2.59542)
(4.17963 4.46985 2.66)
(4.42129 0.415176 2.63798)
(4.42183 0.414671 2.66)
(4.42033 0.663943 2.61958)
(4.42135 0.663941 2.66)
(4.42102 0.917574 2.60048)
(4.42102 0.917574 2.66)
(4.63336 0.917515 2.63421)
(4.63681 0.917511 2.66)
(4.63256 1.17156 2.62455)
(4.63655 1.17155 2.66)
(4.42085 1.17161 2.56778)
(4.42085 1.17161 2.61808)
(4.42085 1.17161 2.66)
(4.42079 1.42572 2.56396)
(4.42079 1.42572 2.61635)
(4.42079 1.42572 2.66)
(4.63217 1.42568 2.62208)
(4.63644 1.42568 2.66)
(4.63241 1.67986 2.62424)
(4.63643 1.67986 2.66)
(4.42078 1.67988 2.56646)
(4.42078 1.67988 2.61748)
(4.42078 1.67988 2.66)
(4.42082 1.93406 2.59613)
(4.42082 1.93406 2.66)
(4.63295 1.93387 2.63329)
(4.63651 1.93406 2.66)
(4.41951 2.18779 2.60562)
(4.42086 2.18826 2.66)
(4.41778 2.44194 2.60063)
(4.42085 2.44247 2.66)
(4.41631 2.69665 2.57511)
(4.42072 2.69664 2.66)
(4.4139 2.95078 2.53383)
(4.41745 2.95077 2.60265)
(4.42041 2.95076 2.66)
(4.41292 3.206 2.52165)
(4.41568 3.20553 2.57638)
(4.41798 3.20515 2.62199)
(4.4199 3.20483 2.66)
(4.41576 3.46005 2.5158)
(4.41688 3.45967 2.56222)
(4.41781 3.45936 2.6009)
(4.41859 3.45909 2.63314)
(4.41923 3.45887 2.66)
(4.61806 3.71293 2.55967)
(4.62226 3.71275 2.59196)
(4.62575 3.7126 2.61888)
(4.62866 3.71247 2.64131)
(4.63109 3.71237 2.66)
(4.41859 3.71297 2.52384)
(4.41859 3.71297 2.56767)
(4.41859 3.71297 2.6042)
(4.41859 3.71297 2.63464)
(4.41859 3.71297 2.66)
(4.4182 3.96712 2.5236)
(4.4182 3.96712 2.57756)
(4.4182 3.96712 2.62253)
(4.4182 3.96712 2.66)
(4.61908 3.96625 2.57459)
(4.6234 3.96646 2.60838)
(4.627 3.96664 2.63654)
(4.63001 3.96679 2.66)
(4.41527 4.21999 2.52825)
(4.4169 4.22051 2.60011)
(4.41826 4.22095 2.66)
(4.41493 4.4698 2.5773)
(4.4187 4.47041 2.66)
(4.41691 4.68853 2.61902)
(4.41907 4.69436 2.66)
(0.295778 1.42586 2.63423)
(0.292487 1.42586 2.66)
(0.296114 1.68004 2.62525)
(0.292341 1.68003 2.66)
(0.295549 2.44264 2.62515)
(0.291752 2.44263 2.66)
(0.294827 2.69685 2.63407)
(0.291497 2.69685 2.66)
(0.295076 3.96813 2.62448)
(0.291199 3.96814 2.66)
(0.294948 4.22249 2.62966)
(0.291653 4.2225 2.66)
(0.294521 4.47236 2.64243)
(0.292352 4.47267 2.66)
(1.93749 0.44553 2.54842)
(1.9538 0.429935 2.60928)
(1.96739 0.416939 2.66)
(1.96073 0.682971 2.53138)
(1.96461 0.675909 2.60154)
(1.96783 0.670025 2.66)
(2.21393 0.703673 2.52985)
(2.21391 0.688206 2.60084)
(2.21389 0.675317 2.66)
(2.72719 0.203486 2.63104)
(2.72005 0.194252 2.66)
(-0.308288 -0.1 -0.1)
(-0.208982 -0.1 -0.1)
(-0.126228 -0.1 -0.1)
(-0.0572655 -0.1 -0.1)
(0.000202938 -0.1 -0.1)
(0.245989 1.32482 1.33341)
(0.248972 1.29 1.34584)
(0.238029 1.34547 1.5685)
(0.251431 1.29 1.56849)
(0.496861 1.31738 1.56846)
(0.497381 1.29 1.56846)
(0.496612 1.30557 1.35525)
(0.496692 1.29 1.36253)
(0.246006 1.32482 1.80366)
(0.248993 1.29 1.79122)
(0.496606 1.30557 1.78171)
(0.496683 1.29 1.77443)
(0.129231 0.192664 0.376517)
(0.1 0.187452 0.375885)
(0.211481 0.916069 0.190042)
(0.167378 0.916019 0.182059)
(0.130627 0.915978 0.175407)
(0.1 0.915943 0.169864)
(0.222507 1.17091 0.19211)
(0.183071 1.17089 0.185083)
(0.150208 1.17088 0.179227)
(0.122822 1.17087 0.174348)
(0.1 1.17085 0.170282)
(0.224962 1.42541 0.19248)
(0.184735 1.4254 0.185354)
(0.151214 1.4254 0.179415)
(0.123279 1.42539 0.174467)
(0.1 1.42539 0.170343)
(0.225051 1.67973 0.192413)
(0.184796 1.67973 0.185291)
(0.151251 1.67973 0.179355)
(0.123296 1.67973 0.174409)
(0.1 1.67973 0.170287)
(0.226273 1.93401 0.192584)
(0.185625 1.93401 0.185392)
(0.151751 1.93401 0.179398)
(0.123523 1.93401 0.174404)
(0.1 1.93401 0.170242)
(0.229744 2.18828 0.193199)
(0.187979 2.18828 0.18581)
(0.153174 2.18828 0.179652)
(0.12417 2.18828 0.174521)
(0.1 2.18828 0.170244)
(0.228525 2.44254 0.193023)
(0.187152 2.44254 0.185706)
(0.152674 2.44254 0.179608)
(0.123943 2.44254 0.174526)
(0.1 2.44254 0.170292)
(0.220267 2.69679 0.191626)
(0.181552 2.69679 0.184784)
(0.14929 2.69679 0.179083)
(0.122405 2.69679 0.174331)
(0.1 2.69679 0.170372)
(0.220271 2.95104 0.191698)
(0.181555 2.95104 0.184863)
(0.149292 2.95104 0.179167)
(0.122405 2.95104 0.174421)
(0.1 2.95104 0.170465)
(0.220271 3.20532 0.191771)
(0.181555 3.20532 0.184943)
(0.149292 3.20532 0.179253)
(0.122405 3.20532 0.174512)
(0.1 3.20532 0.17056)
(0.220227 3.45967 0.191832)
(0.181525 3.45968 0.185003)
(0.149273 3.45968 0.179312)
(0.122397 3.45968 0.17457)
(0.1 3.45968 0.170618)
(0.219863 3.71419 0.191791)
(0.181278 3.71421 0.184943)
(0.149124 3.71422 0.179236)
(0.122329 3.71424 0.17448)
(0.1 3.71425 0.170517)
(0.210802 3.96899 0.190029)
(0.166968 3.96904 0.182118)
(0.13044 3.96908 0.175526)
(0.1 3.96912 0.170032)
(0.192225 4.22406 0.18606)
(0.141921 4.22415 0.176735)
(0.1 4.22423 0.168964)
(0.193379 4.47244 0.186627)
(0.142445 4.47358 0.176161)
(0.1 4.47454 0.16744)
(2.47561 0.442435 0.392836)
(2.42933 0.389398 0.387201)
(2.39077 0.3452 0.382504)
(2.48977 0.459302 0.616559)
(2.45061 0.414489 0.616612)
(2.41797 0.377145 0.616656)
(2.39077 0.346024 0.616693)
(2.49098 0.46163 0.853914)
(2.45134 0.416173 0.85396)
(2.4183 0.378292 0.853999)
(2.39077 0.346724 0.85403)
(2.49773 0.469773 1.09188)
(2.4633 0.430246 1.09189)
(2.43461 0.397307 1.09191)
(2.4107 0.369858 1.09192)
(2.39077 0.346983 1.09192)
(2.50186 0.474617 1.33)
(2.4661 0.433548 1.33)
(2.4363 0.399323 1.33)
(2.41147 0.370803 1.33)
(2.39077 0.347036 1.33)
(2.49773 0.469773 1.56812)
(2.4633 0.430246 1.56811)
(2.43461 0.397307 1.56809)
(2.4107 0.369858 1.56808)
(2.39077 0.346983 1.56808)
(2.49098 0.46163 1.80609)
(2.45134 0.416173 1.80604)
(2.4183 0.378292 1.806)
(2.39077 0.346724 1.80597)
(2.48977 0.459305 2.04344)
(2.45061 0.414491 2.04339)
(2.41797 0.377147 2.04334)
(2.39077 0.346026 2.04331)
(2.4756 0.442442 2.26716)
(2.42933 0.389405 2.2728)
(2.39077 0.345207 2.2775)
(2.45362 0.420673 2.42171)
(2.41934 0.380633 2.46257)
(2.39077 0.347266 2.49663)
)


// ************************************************************************* //
