/*--------------------------------*- C++ -*----------------------------------*\
  =========                 |
  \\      /  F ield         | OpenFOAM: The Open Source CFD Toolbox
   \\    /   O peration     | Website:  https://openfoam.org
    \\  /    A nd           | Version:  13
     \\/     M anipulation  |
\*---------------------------------------------------------------------------*/
FoamFile
{
    format      ascii;
    class       faceSet;
    location    "constant/polyMesh/sets";
    object      layerFaces;
}
// * * * * * * * * * * * * * * * * * * * * * * * * * * * * * * * * * * * * * //


62255
(
524289 
655362 
524291 
655365 
524293 
524295 
655368 
524298 
524300 
655373 
524302 
655376 
524304 
655379 
524307 
524309 
655382 
524311 
524313 
655387 
655388 
524316 
655389 
655390 
524318 
655391 
524320 
524322 
655395 
524325 
655399 
524327 
524329 
655403 
524331 
524334 
524336 
655410 
524338 
655412 
524340 
655414 
524343 
655416 
524345 
655419 
524347 
655421 
524349 
655423 
524352 
655425 
524354 
655428 
524356 
655430 
524358 
655432 
524361 
655434 
524363 
655437 
524365 
524367 
655441 
524370 
524372 
655445 
524374 
524376 
655449 
524379 
524381 
524383 
655456 
524385 
655459 
524388 
655462 
524390 
524392 
655465 
524394 
524397 
655470 
655471 
524399 
655472 
655473 
524401 
655474 
524403 
655476 
655478 
524406 
655480 
524408 
524410 
655483 
524412 
655486 
524415 
655489 
524417 
524419 
655492 
524421 
524424 
655497 
524426 
524428 
655501 
524430 
655505 
524433 
524435 
655509 
524437 
524439 
524442 
655516 
524444 
655517 
655518 
524446 
655519 
655520 
524448 
655522 
524451 
655524 
524453 
655526 
524455 
655529 
524457 
655532 
524460 
524462 
655535 
524464 
655538 
524466 
524469 
655543 
524471 
524473 
524475 
655548 
524478 
524480 
655553 
524482 
524484 
655558 
524487 
524489 
524491 
524493 
655567 
524496 
655569 
524498 
655571 
524500 
655573 
524502 
655576 
524505 
655578 
524507 
655580 
524509 
655582 
524511 
655585 
524514 
524516 
655589 
524518 
524520 
655593 
524523 
655597 
524525 
524527 
524529 
655604 
524532 
524534 
655607 
524536 
655610 
524538 
655613 
524541 
524543 
524545 
655618 
655619 
524547 
655620 
655621 
655622 
524550 
655624 
524552 
655626 
524554 
655628 
524556 
655631 
524559 
524561 
655635 
524563 
524565 
655639 
524568 
524570 
655643 
524572 
524574 
524577 
655650 
524579 
655653 
524581 
524583 
655656 
524586 
655659 
524588 
524590 
655664 
524592 
655665 
655666 
655667 
524595 
655668 
524597 
655670 
524599 
655672 
524601 
655674 
524604 
655677 
524606 
655680 
524608 
524610 
655683 
524613 
655686 
524615 
524617 
655691 
524619 
524622 
655696 
524624 
524626 
524628 
655701 
524631 
524633 
655706 
524635 
524637 
524640 
524642 
655715 
524644 
655717 
524646 
655719 
655721 
524649 
524651 
655724 
524653 
655726 
524655 
655728 
655730 
524658 
524660 
655733 
524662 
524664 
655737 
524667 
655741 
524669 
524671 
655745 
524673 
524676 
524678 
655752 
524680 
524682 
655755 
524685 
655758 
524687 
655761 
524689 
524691 
655766 
524694 
655767 
524695 
655768 
524696 
655769 
524697 
655770 
524698 
655772 
524700 
655774 
524702 
655776 
524704 
655779 
524707 
524709 
655783 
524711 
524713 
655787 
524716 
655791 
524719 
524722 
524725 
655798 
655801 
524730 
655804 
524732 
524734 
655807 
524736 
524739 
655812 
655813 
524741 
655814 
655815 
524743 
655816 
524745 
655818 
655820 
524748 
655822 
524751 
655825 
524754 
655828 
524757 
655831 
655834 
524762 
524764 
524766 
655839 
524768 
655843 
524771 
524773 
655847 
524775 
524777 
655851 
524780 
524783 
655858 
524786 
655859 
655860 
655861 
524789 
655862 
655864 
655866 
524794 
655868 
524796 
524798 
655871 
524800 
655875 
524803 
524805 
655879 
524807 
524809 
655883 
524812 
524815 
655890 
524818 
655893 
524821 
655896 
524826 
655899 
524829 
655904 
524832 
655905 
655906 
655907 
524835 
655908 
655910 
655912 
524840 
655914 
524842 
524844 
655917 
524846 
655921 
524849 
524852 
655925 
524855 
655929 
524858 
524863 
655936 
524866 
655939 
524869 
655942 
524872 
655945 
524877 
655950 
524879 
655953 
524881 
524883 
655956 
524886 
655959 
524889 
655964 
524892 
655966 
524895 
655968 
655970 
524900 
655973 
524902 
524904 
655978 
524906 
524909 
655983 
524911 
524913 
524915 
655988 
524918 
524921 
524924 
655997 
524927 
656000 
656003 
524932 
656006 
524934 
524937 
656011 
524939 
656013 
524941 
656015 
524944 
656017 
524947 
656020 
656022 
656024 
524953 
656026 
656029 
524957 
524959 
656032 
524962 
656035 
656038 
524966 
524970 
656043 
656046 
524975 
656049 
524977 
524979 
656052 
524981 
524984 
656057 
524987 
656060 
524989 
656063 
524992 
656066 
524995 
524998 
656071 
656072 
656073 
525001 
656074 
656075 
656078 
525006 
525008 
656081 
525010 
656084 
525012 
525015 
656089 
525017 
525019 
656092 
525021 
656095 
525024 
656098 
525027 
525030 
656103 
525033 
656106 
656109 
525038 
656112 
525041 
525044 
656117 
656118 
656119 
525047 
656120 
656121 
656124 
525052 
525054 
656127 
525056 
656130 
525058 
525061 
656135 
525064 
656137 
656139 
525067 
656141 
525070 
656144 
656146 
525075 
656148 
525077 
656150 
525079 
656153 
525081 
656154 
656155 
656156 
525084 
656157 
525086 
525088 
656161 
525090 
656165 
525093 
525096 
656169 
525099 
525102 
656176 
656179 
525107 
525109 
656182 
525111 
656185 
525113 
525116 
656190 
525118 
656191 
656192 
525120 
656193 
656194 
525122 
656196 
525125 
656198 
656200 
525128 
656203 
525131 
656206 
525134 
656209 
525139 
656212 
525141 
525143 
656217 
525145 
656220 
525148 
525150 
656223 
525152 
656226 
525154 
525157 
656231 
525160 
656233 
656235 
525163 
656237 
525166 
656240 
656242 
525171 
656244 
525173 
656246 
525175 
656249 
525177 
525180 
656253 
525182 
525184 
656257 
525186 
656261 
525189 
525192 
525195 
656268 
656270 
525198 
656272 
656274 
525203 
656277 
525205 
656279 
525207 
656281 
525209 
656283 
525212 
656286 
525214 
656288 
525216 
656290 
525218 
656292 
525221 
656295 
525224 
656299 
525227 
525230 
656303 
656307 
525235 
525237 
525239 
525241 
656314 
525244 
656317 
525246 
656320 
525248 
525250 
656323 
525253 
656328 
525256 
656329 
656330 
656331 
525259 
656332 
656334 
525262 
656336 
656338 
525267 
656341 
525269 
525271 
656344 
525273 
656347 
525276 
656350 
525278 
525280 
525282 
656355 
525285 
656359 
525287 
525289 
656363 
525291 
525294 
656367 
525296 
525298 
525300 
656374 
656375 
525303 
656376 
656377 
525305 
656378 
525307 
656380 
525309 
656382 
656384 
525312 
656387 
525315 
656390 
525318 
656393 
525321 
656396 
525326 
525328 
656401 
525330 
525332 
656406 
525335 
525337 
656411 
525339 
525341 
656416 
525344 
525347 
525350 
656425 
525353 
656427 
656429 
525358 
656431 
525360 
656434 
525362 
656436 
525364 
656438 
525367 
656440 
525369 
656443 
525371 
525373 
656447 
525376 
656451 
525379 
525382 
656455 
525385 
656462 
525390 
525392 
656465 
525394 
656468 
525396 
656471 
525399 
525401 
525403 
656476 
656477 
525405 
656478 
656479 
656480 
525408 
656482 
525411 
656484 
656486 
525414 
656489 
525417 
656493 
525422 
525424 
656497 
525426 
525428 
656501 
525431 
525433 
525435 
656508 
525437 
656511 
525440 
656514 
525443 
656517 
525446 
525449 
656522 
656523 
656524 
656525 
656526 
525454 
656528 
525456 
656530 
525458 
656532 
525460 
656535 
525463 
525465 
656538 
525467 
656541 
525469 
656544 
525472 
525475 
656549 
525478 
656553 
525481 
656557 
525486 
525488 
656561 
525490 
525492 
525495 
656568 
656569 
525497 
656570 
656571 
525499 
656572 
525501 
656574 
656576 
525504 
656578 
525507 
656581 
525510 
656584 
525513 
656587 
656590 
525518 
525520 
656595 
525523 
525525 
656598 
525527 
656601 
525530 
656604 
525533 
656609 
656612 
525540 
656615 
525543 
656618 
525546 
525548 
656623 
525551 
656624 
656625 
656626 
656627 
525555 
656631 
525559 
656635 
525564 
525566 
656639 
525568 
525570 
525573 
656646 
525576 
656649 
525578 
656652 
525581 
656655 
525584 
525587 
656660 
525590 
656664 
525595 
656668 
525597 
525599 
656672 
525601 
525604 
525606 
656679 
525608 
656681 
525610 
656683 
656685 
525613 
656688 
525616 
656690 
525619 
656692 
656694 
525622 
656697 
656699 
525627 
656701 
525629 
656703 
525631 
525633 
656706 
525636 
656710 
525638 
525640 
656714 
525642 
525645 
656718 
525648 
525651 
656725 
525654 
656728 
656731 
525659 
525661 
656734 
525663 
525665 
656739 
656740 
525668 
656741 
656742 
525670 
656743 
525672 
656745 
525674 
656747 
656749 
525677 
656752 
525680 
656755 
525683 
656758 
525686 
656761 
525691 
525693 
656766 
525695 
656768 
525697 
656770 
656772 
525700 
525702 
656775 
525704 
656778 
525706 
656781 
525709 
656784 
525712 
525715 
656789 
525718 
656791 
656793 
656795 
525723 
525725 
656798 
525727 
656801 
525729 
656804 
525732 
525734 
656807 
525736 
525738 
656812 
525741 
525744 
656817 
525747 
656822 
525750 
656827 
525755 
525757 
525759 
525761 
656836 
525764 
656838 
525766 
656840 
525768 
656842 
525770 
656845 
525773 
656847 
525776 
656849 
656851 
525779 
656854 
525782 
656858 
525787 
525789 
656862 
525791 
525793 
656866 
525796 
525798 
525800 
656873 
525802 
656876 
525805 
656879 
525808 
656882 
525811 
525814 
656887 
656888 
656889 
656890 
656891 
525819 
656893 
525821 
656895 
525823 
656897 
525825 
656900 
525828 
525830 
656904 
525832 
525834 
656908 
525837 
656912 
525840 
525843 
525846 
656919 
656922 
525851 
656925 
525853 
525855 
656928 
525857 
525860 
656933 
656934 
525862 
656935 
656936 
525864 
656937 
525866 
656939 
656941 
525869 
656943 
525871 
525873 
656946 
525875 
656949 
525878 
656952 
525880 
525882 
656955 
525884 
525887 
656960 
525889 
525891 
656964 
525893 
656968 
525896 
525899 
656972 
525902 
525905 
656979 
656980 
656981 
656982 
525910 
656983 
525912 
656985 
525914 
656987 
525916 
656989 
525919 
656992 
525921 
656995 
525923 
525925 
656998 
525928 
657001 
525931 
657006 
525934 
657009 
525937 
657012 
525942 
657015 
525944 
525946 
657020 
525948 
657023 
525951 
525953 
657026 
525955 
657029 
525957 
525960 
657034 
657035 
525963 
657036 
657037 
657038 
525966 
525969 
657042 
657046 
525974 
525976 
657050 
525978 
525980 
525983 
657057 
525985 
657059 
525987 
657061 
525989 
657063 
525992 
657066 
525995 
657069 
525998 
657072 
526001 
657075 
526006 
657080 
526008 
657082 
526010 
657084 
526012 
657086 
526015 
657089 
526017 
526019 
657093 
526021 
526024 
657097 
526027 
657101 
526030 
526033 
657108 
657110 
526038 
657112 
526040 
657114 
526042 
526044 
657117 
657119 
526047 
657121 
526049 
657123 
526051 
526053 
657126 
657128 
526056 
657130 
526059 
657132 
526062 
657135 
526065 
657139 
526070 
657143 
526072 
526074 
657147 
526076 
526079 
526081 
657154 
526083 
657157 
526085 
657160 
526088 
657163 
526091 
526094 
657168 
657169 
526097 
657170 
657171 
657172 
657174 
526102 
657176 
526105 
657178 
526108 
657181 
526110 
657184 
526112 
657187 
526115 
657190 
526118 
526121 
657195 
657197 
526126 
657199 
657201 
526130 
657204 
526132 
657207 
526135 
657210 
526139 
657213 
526144 
657218 
657220 
526148 
657222 
526150 
657224 
526153 
657227 
526157 
657230 
657233 
526162 
657236 
526166 
526168 
657241 
526171 
657246 
526175 
657251 
526180 
657256 
526184 
526186 
526189 
657265 
526193 
657267 
657269 
526198 
657271 
526201 
657274 
657276 
526204 
657278 
526207 
657280 
526210 
657283 
526213 
657287 
526216 
657291 
526221 
657295 
526223 
526225 
526227 
657302 
526230 
657305 
526233 
526235 
657308 
526238 
657311 
526241 
657316 
526244 
657317 
657318 
657319 
526247 
657320 
657322 
657324 
526252 
657326 
526254 
526256 
657329 
526258 
657333 
526261 
526263 
657337 
526265 
526267 
657341 
526270 
526273 
657348 
526276 
657351 
526279 
657354 
526284 
657357 
526286 
526288 
657362 
526290 
657363 
657364 
657365 
526293 
657366 
526295 
657368 
526297 
657370 
526299 
657372 
526302 
657375 
526305 
657378 
526308 
657381 
526311 
657384 
526316 
657389 
526318 
526320 
657393 
526322 
657397 
526325 
526327 
657401 
526329 
526331 
526334 
657408 
657409 
526337 
657410 
657411 
657412 
526340 
657414 
526343 
657416 
657418 
526348 
657421 
526350 
657424 
526352 
526354 
657427 
526357 
657430 
526359 
526361 
657435 
526363 
657438 
526366 
657441 
526369 
657444 
526372 
526375 
657449 
657452 
526380 
526382 
657455 
526384 
657458 
526386 
526389 
657463 
526391 
657464 
657465 
526393 
657466 
657467 
526395 
526398 
657471 
526401 
657475 
526404 
657479 
526407 
526412 
657486 
526414 
526416 
657490 
526418 
526421 
657494 
526423 
526425 
657498 
526427 
526430 
657505 
526433 
657508 
526436 
657511 
526439 
657514 
526444 
526446 
657519 
526448 
657521 
526450 
657523 
657525 
526453 
526455 
657528 
526457 
526459 
657532 
526462 
657536 
526465 
657540 
526468 
526471 
657547 
526476 
657549 
526478 
657551 
526480 
657553 
526482 
657556 
526485 
657558 
526487 
657560 
526489 
657562 
526491 
657565 
526494 
657567 
657569 
526497 
657571 
526500 
657574 
657575 
526503 
657576 
657577 
657578 
657580 
526508 
657582 
526510 
657584 
526512 
526514 
657587 
657589 
526517 
657591 
526519 
657593 
526521 
526523 
657596 
657597 
657598 
526526 
657599 
657600 
526528 
657602 
526530 
657604 
526532 
657606 
526535 
657609 
526537 
657610 
657611 
526539 
657612 
657613 
526541 
657614 
657615 
657616 
526544 
657617 
526546 
657619 
526548 
657621 
526550 
657623 
526553 
657626 
657627 
657628 
526556 
657629 
657630 
526559 
657632 
657634 
526562 
657636 
657639 
526567 
657641 
526569 
657643 
526571 
657645 
526573 
657648 
526576 
657650 
526578 
657652 
526580 
657654 
526582 
657657 
526585 
657658 
657659 
657660 
526588 
657661 
526591 
657665 
526594 
657669 
526599 
657673 
526601 
526603 
526605 
657680 
526608 
526610 
657683 
526612 
657686 
526614 
657689 
526617 
526620 
657694 
657695 
526623 
657696 
657697 
657698 
526626 
657700 
657702 
526631 
657704 
526633 
657707 
526635 
526637 
657710 
526640 
657713 
526642 
657716 
526644 
526646 
657721 
526649 
657723 
526652 
657725 
657727 
526655 
657730 
526658 
657733 
526663 
657736 
526665 
657739 
526667 
526669 
657744 
526672 
657746 
526674 
657748 
526676 
657750 
526678 
657753 
526681 
657756 
526684 
657759 
526687 
657762 
526690 
657767 
526695 
526697 
526699 
657772 
526701 
526704 
657777 
526706 
526708 
657782 
526710 
526713 
526716 
657791 
526719 
657793 
526722 
657795 
657797 
526727 
657800 
526729 
657802 
526731 
657804 
526733 
657806 
526736 
657809 
526738 
526740 
657813 
526742 
657817 
526745 
526748 
657821 
526751 
526754 
657828 
657831 
526759 
657834 
526762 
526764 
657837 
526767 
526769 
657842 
657843 
526771 
657844 
657845 
526773 
657846 
657848 
526776 
657850 
526779 
657852 
526782 
657855 
526785 
657859 
526790 
657863 
526793 
657867 
526795 
526798 
526800 
657874 
526802 
526804 
657877 
526807 
657880 
526810 
657883 
526813 
657888 
526816 
657889 
657890 
657891 
657892 
526821 
657894 
657896 
526824 
657898 
526826 
657901 
526829 
526831 
657904 
526833 
657907 
526835 
657910 
526838 
526841 
657915 
526844 
657919 
526847 
657923 
526852 
657927 
526855 
526857 
526860 
657934 
526862 
657935 
657936 
526864 
657937 
657938 
526866 
657940 
526869 
657942 
657944 
526872 
657947 
526875 
657950 
526878 
657953 
526883 
657956 
526886 
526888 
657961 
526891 
657964 
526893 
657967 
526895 
526897 
657970 
526900 
657975 
526903 
657978 
526906 
657981 
526909 
657984 
526914 
657989 
526917 
657990 
657991 
526919 
657992 
657993 
526922 
657996 
526924 
526926 
657999 
526928 
658002 
526931 
526934 
658007 
658009 
526937 
658011 
526940 
658013 
658016 
526945 
658019 
526947 
526949 
658022 
526951 
658025 
526954 
526956 
658030 
526958 
658032 
526960 
658034 
526963 
658036 
526966 
658039 
526969 
658043 
526972 
658047 
526977 
658051 
526979 
526981 
526983 
658058 
526986 
658060 
526988 
658062 
526990 
658064 
526992 
658067 
526995 
658069 
526998 
658071 
658073 
527001 
658076 
527004 
658078 
658080 
527009 
658082 
527011 
658085 
527013 
658086 
658087 
527015 
658088 
658089 
527018 
658091 
527020 
658093 
527022 
658095 
527024 
658098 
527027 
658100 
658102 
527030 
658104 
527033 
658107 
527036 
658109 
658111 
658113 
527041 
527043 
658116 
527045 
658118 
527047 
658120 
658122 
527050 
527052 
658125 
527054 
658127 
527056 
658129 
658131 
527059 
658134 
527062 
658135 
658136 
658137 
527065 
658138 
658139 
658140 
527068 
658141 
658142 
658144 
527073 
658146 
527075 
658148 
527077 
658151 
527079 
658153 
527082 
658155 
527084 
658157 
527086 
658160 
527088 
658161 
658162 
658163 
527091 
658164 
527094 
658168 
527097 
658172 
527100 
658176 
527105 
527107 
527109 
658183 
527111 
658186 
527114 
527116 
658189 
527118 
658192 
527120 
527123 
658197 
658198 
527126 
658199 
658200 
658201 
527129 
658203 
527132 
658205 
658207 
527137 
658210 
527139 
658213 
527141 
527143 
658216 
527146 
658219 
527148 
527150 
658224 
527152 
658226 
527155 
658228 
658230 
527158 
658233 
527161 
658236 
527164 
658239 
527169 
658242 
527171 
527173 
658247 
527175 
658249 
527178 
658251 
527180 
658253 
527182 
658256 
527184 
658259 
527187 
658262 
527190 
658265 
527193 
527196 
658270 
527201 
658275 
527203 
527205 
527207 
658280 
527210 
527212 
658285 
527214 
527216 
527219 
658294 
527222 
658296 
527225 
658298 
658300 
527228 
658303 
658305 
527233 
658307 
527235 
658309 
527237 
527239 
658312 
527242 
658316 
527244 
527246 
658320 
527248 
527251 
658324 
527253 
527255 
527257 
658331 
527260 
658334 
527262 
527264 
658337 
527266 
658340 
527269 
527271 
658345 
527273 
658346 
658347 
527275 
658348 
658349 
527278 
658351 
658353 
527281 
658355 
527284 
658358 
527287 
658362 
527292 
658366 
527294 
527296 
658370 
527298 
527301 
527303 
658377 
527305 
527307 
658380 
527310 
658383 
527313 
658386 
527316 
658391 
527319 
658392 
658393 
658394 
658395 
527324 
658397 
527326 
658399 
527328 
658401 
527330 
658404 
527333 
658407 
527335 
527337 
658410 
527339 
658413 
527342 
527345 
658418 
527348 
658422 
527351 
658426 
527356 
658430 
527358 
527360 
527362 
658437 
527365 
658438 
658439 
527367 
658440 
658441 
527369 
658443 
527371 
658445 
527374 
658447 
527377 
658450 
527380 
658453 
527383 
658456 
658459 
527388 
527390 
658464 
527392 
527394 
658467 
527397 
658470 
527399 
658473 
527401 
527403 
658478 
527406 
658481 
527409 
658484 
527412 
658487 
527415 
658492 
527420 
658493 
658494 
527422 
658495 
658496 
527424 
527426 
658500 
527429 
527431 
658504 
527433 
527435 
658508 
527438 
527441 
658515 
527444 
658518 
527447 
658521 
658524 
527452 
527454 
527456 
658529 
658530 
527458 
658531 
658532 
658533 
527461 
658535 
527463 
658537 
527465 
658539 
527467 
658542 
527470 
527473 
658546 
527476 
658550 
527479 
658554 
527484 
527486 
527488 
658561 
527490 
658563 
658565 
527493 
658567 
527495 
527497 
658570 
527499 
658572 
658574 
527502 
658576 
527505 
658579 
527508 
658581 
658583 
527511 
658585 
658588 
527516 
527518 
658592 
527520 
527522 
658596 
527525 
527527 
658600 
527529 
527531 
527534 
658607 
527537 
658610 
527540 
658613 
527543 
658616 
527548 
658621 
658622 
527550 
658623 
658624 
527552 
658625 
527554 
658627 
658629 
527557 
658631 
527559 
527561 
658634 
527563 
658637 
527566 
658640 
527569 
658643 
527572 
527575 
658648 
658650 
658652 
527580 
658654 
527582 
527584 
658657 
527586 
658660 
527589 
658663 
527591 
527593 
658666 
527595 
527598 
658671 
658673 
527601 
658675 
527604 
658677 
527607 
658680 
658683 
527612 
658686 
527614 
527616 
658689 
527618 
527621 
658694 
527623 
527625 
658699 
527627 
527630 
658704 
527633 
527636 
658709 
527639 
527644 
658718 
527646 
658720 
527648 
658722 
527650 
658724 
527653 
658727 
527655 
658729 
527657 
658731 
527659 
658733 
527662 
658736 
527665 
658740 
527668 
527671 
658744 
658748 
527676 
527678 
527680 
527682 
658755 
527685 
658758 
527687 
658761 
527689 
527691 
658764 
527694 
658769 
527697 
658770 
658771 
658772 
527700 
658773 
658775 
527703 
658777 
658779 
527708 
658782 
527710 
527712 
658786 
527714 
527717 
658790 
527719 
527721 
658794 
527723 
527726 
658801 
527729 
658804 
527732 
658807 
527735 
658810 
527740 
527742 
658815 
658816 
527744 
658817 
658818 
527746 
658819 
658821 
527749 
658823 
527751 
658825 
527753 
527755 
658828 
527758 
658831 
527761 
658834 
527764 
658837 
527767 
658842 
527772 
658846 
527774 
527776 
658850 
527778 
527781 
658854 
527783 
527785 
527787 
658861 
658862 
527790 
658863 
658864 
658865 
527793 
658867 
527796 
658869 
658871 
527799 
658874 
527804 
658877 
527806 
658880 
527808 
527810 
658883 
527813 
527815 
658888 
527817 
527819 
658892 
527822 
658896 
527825 
658900 
527828 
527831 
658907 
658908 
527836 
658909 
658910 
527838 
658911 
527840 
658913 
527842 
658915 
658917 
527845 
527847 
658920 
527849 
527851 
658924 
527854 
658928 
527857 
658932 
527860 
527863 
658939 
527868 
658942 
527870 
527872 
658945 
527874 
658948 
527877 
527879 
658953 
527881 
658954 
658955 
527883 
658956 
658957 
527886 
658959 
658961 
527889 
658963 
527892 
658966 
527895 
658969 
658972 
527900 
527902 
658975 
527904 
527906 
658980 
527909 
527911 
658985 
527913 
527915 
658990 
527918 
527921 
658995 
527924 
527927 
659004 
527932 
659006 
527934 
659008 
527936 
659010 
527938 
659013 
527941 
659015 
527943 
659017 
527945 
659019 
527947 
659022 
527950 
527953 
659026 
527956 
659029 
527959 
659034 
527964 
659038 
527966 
527968 
659041 
527970 
527973 
659046 
527975 
659048 
527977 
659050 
527979 
659052 
527982 
659055 
659057 
527985 
659059 
527988 
659061 
527991 
659064 
659068 
527996 
527998 
659072 
528000 
528002 
659076 
528005 
528008 
659083 
528011 
659086 
528014 
659089 
528019 
659092 
528022 
659097 
528025 
659098 
659099 
659100 
528028 
659101 
659103 
659105 
528033 
659107 
528035 
528037 
659110 
528039 
528042 
659116 
528044 
528046 
659120 
528048 
528051 
528054 
659127 
528057 
659130 
659132 
528060 
659135 
659137 
528065 
659139 
528067 
659141 
528069 
528071 
659144 
659146 
528074 
659148 
528076 
659150 
528078 
528080 
659153 
528083 
659157 
528086 
659161 
528089 
528092 
659165 
528097 
528099 
659172 
528101 
659175 
528103 
659178 
528106 
528108 
659181 
528110 
528112 
659186 
659187 
528115 
659188 
659189 
659190 
528118 
659192 
528121 
659194 
659196 
528124 
659199 
528129 
659202 
528131 
659205 
528133 
528135 
659208 
528138 
528140 
659213 
528142 
659215 
528144 
659217 
659219 
528147 
659222 
528150 
659225 
528153 
659228 
528156 
659231 
528161 
528163 
659236 
528165 
659238 
528167 
659240 
659242 
528170 
528172 
659245 
528174 
659248 
528176 
659251 
528179 
659254 
528182 
528185 
659259 
528188 
659264 
528193 
528195 
659269 
528197 
528199 
659274 
528202 
528204 
528206 
528208 
659283 
528211 
659285 
528214 
659287 
659289 
528217 
659292 
528220 
659294 
659296 
528225 
659298 
528227 
659301 
528229 
528231 
659305 
528234 
528236 
659309 
528238 
528240 
659313 
528243 
528246 
659320 
528249 
659323 
528252 
659326 
659329 
528257 
528259 
528261 
659334 
659335 
528263 
659336 
659337 
659338 
528266 
659340 
528268 
659342 
528270 
659344 
528272 
659347 
528275 
528278 
659351 
528281 
659355 
528284 
659359 
528289 
528291 
528293 
659366 
528295 
659369 
528298 
659372 
528300 
528302 
659375 
528304 
528307 
659380 
659381 
659382 
528310 
659383 
659384 
528313 
659386 
659388 
528316 
659390 
659393 
528321 
528323 
659396 
528325 
659399 
528327 
659402 
528330 
528332 
528334 
659407 
528336 
659411 
528339 
528342 
659415 
528345 
659419 
528348 
528353 
659426 
659427 
528355 
659428 
659429 
528357 
659430 
528359 
659432 
659434 
528362 
659436 
528364 
528366 
659439 
528368 
659443 
528371 
528374 
659447 
528377 
659451 
528380 
528385 
659458 
528387 
659461 
528389 
528391 
659464 
528394 
659467 
528396 
528398 
659472 
528400 
659473 
659474 
659475 
528403 
659476 
659478 
528406 
659480 
528409 
659482 
528412 
659485 
659489 
528417 
528419 
659493 
528421 
528423 
659497 
528426 
528428 
528430 
659504 
528432 
659507 
528435 
659510 
528438 
659513 
528441 
528444 
659518 
659519 
659520 
659521 
528449 
659522 
528451 
659524 
528453 
659526 
528455 
659528 
528458 
659531 
528460 
659534 
528462 
528464 
659537 
528467 
659540 
528470 
659545 
528473 
528476 
659549 
659553 
528481 
528483 
659557 
528485 
528487 
528490 
659564 
528492 
659566 
528494 
659568 
528496 
659570 
528499 
659573 
659574 
528502 
659575 
659576 
659577 
528505 
659580 
528508 
659583 
528513 
659586 
528515 
528517 
659591 
528519 
528522 
659595 
528524 
528526 
659599 
528528 
659603 
528531 
528534 
528537 
659610 
659611 
659612 
528540 
659613 
659614 
659616 
528545 
659618 
528547 
659620 
528549 
659623 
528551 
528554 
659627 
528556 
528558 
659631 
528560 
659635 
528563 
528566 
528569 
659642 
528572 
659645 
659648 
528577 
659651 
528579 
528581 
528583 
659656 
659657 
659658 
528586 
659659 
659660 
528588 
659662 
528590 
659664 
528592 
659666 
528595 
659669 
528598 
659672 
528601 
659675 
528604 
659678 
528609 
659683 
528611 
528613 
659687 
528615 
528618 
659691 
528620 
528622 
659695 
528624 
528627 
659702 
528630 
659704 
528633 
659706 
659708 
528636 
659711 
659712 
659713 
528641 
659714 
659715 
528643 
528645 
659718 
528647 
659721 
528650 
659724 
528652 
528654 
528656 
659729 
659731 
528659 
659733 
528662 
659735 
528665 
659738 
528668 
659741 
659744 
528673 
659747 
528675 
528677 
528679 
659752 
659754 
528682 
659756 
528684 
659758 
528686 
528688 
659761 
528691 
659765 
528694 
659769 
528697 
528700 
659773 
528705 
528707 
659780 
528709 
659783 
528711 
659786 
528714 
528716 
659789 
528718 
528720 
659794 
659795 
528723 
659796 
659797 
659798 
528726 
659800 
528729 
659802 
659804 
528732 
659807 
528737 
659810 
528739 
659813 
528741 
528743 
659816 
528746 
528748 
659821 
528750 
528752 
659825 
528755 
659829 
528758 
659833 
528761 
528764 
659840 
528769 
659842 
528771 
659844 
528773 
659846 
528775 
659849 
659850 
528778 
659851 
659852 
528780 
659853 
528782 
659856 
528784 
659859 
528787 
659862 
528790 
528793 
659867 
528796 
659869 
659871 
659873 
528801 
528803 
659876 
528805 
659879 
528807 
659882 
528810 
528812 
659885 
528814 
528816 
659890 
528819 
659892 
659894 
528822 
659896 
528825 
659899 
528828 
659903 
528833 
659907 
528835 
528837 
659911 
528839 
528842 
528844 
659918 
528846 
528848 
659921 
528851 
659924 
528854 
659927 
528857 
659932 
528860 
659933 
659934 
659935 
659936 
528865 
659938 
528867 
659940 
528869 
659942 
528871 
659945 
528874 
659948 
528876 
528878 
659951 
528880 
659954 
528883 
528886 
659959 
528889 
659963 
528892 
659967 
528897 
659971 
528899 
528901 
528903 
659978 
528906 
659980 
528908 
659982 
528910 
659984 
528912 
659987 
528915 
659988 
659989 
659990 
528918 
659991 
528921 
659994 
528924 
659997 
660000 
528929 
528931 
660005 
528933 
660007 
528935 
660009 
528938 
660011 
528940 
660014 
528942 
528944 
660017 
528947 
660020 
528950 
660023 
528953 
660028 
528956 
660030 
660032 
528961 
660034 
528963 
660037 
528965 
528967 
660041 
528970 
528972 
660045 
528974 
528976 
660049 
528979 
528982 
660056 
528985 
660059 
528988 
660062 
660065 
528993 
528995 
528997 
660070 
660071 
528999 
660072 
660073 
660074 
529002 
660076 
529004 
660078 
529006 
660080 
529008 
660083 
529011 
660086 
529014 
660089 
529017 
660092 
529020 
660097 
529025 
529027 
660101 
529029 
529031 
660105 
529034 
529036 
660109 
529038 
529040 
529043 
660116 
660118 
529046 
660120 
529049 
660122 
529052 
660125 
660126 
660127 
660128 
660129 
529057 
529059 
660132 
529061 
660135 
529063 
660138 
529066 
529068 
529070 
660143 
529072 
660145 
660147 
529075 
660149 
529078 
660152 
529081 
660155 
529084 
660158 
660161 
529089 
529091 
529093 
660166 
529095 
660168 
660170 
529098 
660172 
529100 
529102 
660175 
529104 
660179 
529107 
529110 
660183 
529113 
660187 
529116 
529121 
660194 
529123 
660197 
529125 
529127 
660200 
529130 
660203 
529132 
529134 
660208 
529136 
660209 
660210 
660211 
529139 
660212 
660214 
529142 
660216 
529145 
660218 
529148 
660221 
660224 
529153 
660227 
529155 
529157 
660230 
529159 
529162 
660235 
529164 
529166 
660239 
529168 
660243 
529171 
529174 
660247 
529177 
529180 
660254 
660256 
529185 
660258 
529187 
660260 
529189 
660263 
529191 
660264 
660265 
660266 
529194 
660267 
529196 
660270 
529198 
529200 
660273 
529203 
660276 
529206 
660281 
529209 
660283 
529212 
660285 
660287 
529217 
660290 
529219 
660293 
529221 
529223 
660296 
529226 
660299 
529228 
529230 
660304 
529232 
660306 
529235 
660308 
660310 
529238 
660313 
529241 
529244 
660317 
660321 
529249 
529251 
660325 
529253 
529255 
529258 
660332 
529260 
529262 
660335 
529264 
660338 
529267 
660341 
529270 
529273 
660346 
660347 
660348 
529276 
660349 
660350 
660352 
529281 
660354 
529283 
660356 
529285 
660359 
529287 
660362 
529290 
529292 
660365 
529294 
660368 
529296 
529299 
660373 
529302 
660377 
529305 
529308 
660381 
660385 
529313 
529315 
529317 
529319 
660392 
660394 
529322 
660396 
529324 
660398 
529326 
529328 
660401 
660402 
660403 
529331 
660404 
660405 
529334 
660408 
529337 
660411 
529340 
660414 
529345 
660419 
529347 
660421 
529349 
660423 
529351 
660425 
529354 
660428 
529356 
529358 
660431 
529360 
660434 
529363 
660437 
529366 
529369 
660442 
660444 
529372 
660446 
660448 
529377 
660451 
529379 
529381 
660455 
529383 
529386 
660459 
529388 
529390 
660463 
529392 
529395 
660470 
529398 
660473 
529401 
660476 
529404 
660479 
529409 
529411 
660484 
660485 
529413 
660486 
660487 
529415 
660488 
660490 
529418 
660492 
529420 
660494 
529422 
529424 
660497 
529427 
660500 
529430 
660503 
529433 
660506 
529436 
660511 
529441 
660515 
529444 
660519 
529447 
529450 
660523 
529455 
529457 
660530 
529459 
660532 
529461 
660534 
660536 
529464 
660539 
529467 
660540 
660541 
660542 
529470 
660543 
529473 
660546 
660549 
529478 
660552 
529480 
529482 
529484 
660557 
660559 
529487 
660561 
529490 
660563 
529493 
660566 
529496 
660569 
660572 
529501 
660575 
529504 
529507 
660580 
660582 
529510 
660584 
660586 
529515 
660589 
529517 
529519 
660593 
529521 
529524 
660597 
529526 
529528 
660601 
529530 
529533 
660608 
529536 
660611 
529539 
660614 
529542 
660617 
529547 
529549 
660622 
660623 
529551 
660624 
660625 
529553 
660626 
660628 
529556 
660630 
529558 
660632 
529560 
529562 
660635 
529565 
660638 
529568 
660641 
529571 
660644 
529574 
660649 
529579 
660653 
529581 
529583 
660657 
529585 
529588 
660661 
529590 
529592 
529594 
660668 
529597 
660670 
660672 
529600 
660674 
529603 
660677 
660678 
529606 
660679 
660680 
660681 
529611 
660685 
529613 
529615 
660689 
529617 
529620 
660693 
529622 
529624 
529626 
660700 
529629 
660703 
529632 
660706 
529635 
660709 
529638 
660714 
660715 
529643 
660716 
660717 
529645 
660718 
529647 
660720 
529649 
660722 
660724 
529652 
529654 
660727 
529656 
529658 
660731 
529661 
660735 
529664 
660739 
529667 
529670 
660746 
529675 
660749 
529677 
529679 
660752 
529681 
660755 
529684 
529686 
660760 
529688 
660761 
660762 
529690 
660763 
660764 
529693 
660766 
660768 
529696 
660770 
529699 
660773 
529702 
660776 
660779 
529707 
529709 
660782 
529711 
529713 
660787 
529716 
529718 
660791 
529720 
529722 
660795 
529725 
660799 
529728 
529731 
660806 
529734 
660808 
660810 
529739 
660812 
529741 
660815 
529743 
660816 
660817 
529745 
660818 
660819 
529748 
529750 
660823 
529752 
529754 
660827 
529757 
660831 
529760 
529763 
660838 
529766 
660841 
529771 
660844 
529773 
660847 
529775 
529777 
660852 
529780 
660853 
660854 
529782 
660855 
660856 
529784 
660858 
529786 
660860 
529789 
660862 
529792 
660865 
529795 
660869 
529798 
660873 
529803 
660877 
529805 
529807 
529809 
660884 
529812 
529814 
660887 
529816 
660890 
529818 
660893 
529821 
529824 
660898 
660899 
529827 
660900 
660901 
660902 
529830 
660904 
660906 
529835 
660908 
529837 
660911 
529839 
529841 
660914 
529844 
660917 
529846 
660920 
529848 
529850 
660925 
529853 
660928 
529856 
660931 
529859 
660934 
529862 
660939 
529867 
660940 
660941 
529869 
660942 
660943 
529871 
660944 
660945 
529873 
660946 
660947 
529876 
660950 
529878 
529880 
660953 
529882 
660956 
529885 
529888 
660961 
660963 
529891 
660965 
529894 
660967 
660970 
529899 
660972 
529901 
660974 
529903 
660976 
529905 
660979 
529908 
660981 
529910 
660983 
529912 
660985 
529914 
660988 
529917 
660990 
660992 
529920 
660994 
529923 
660997 
660998 
529926 
660999 
661000 
661001 
529931 
661005 
529933 
529935 
661008 
529937 
529940 
661013 
529942 
661016 
529944 
529946 
661019 
661021 
529949 
661023 
529952 
661026 
529955 
661029 
529958 
661031 
661034 
529963 
529965 
661038 
529967 
661041 
529969 
529972 
661046 
529974 
661048 
529976 
529978 
661051 
661053 
529981 
661056 
529984 
661057 
661058 
661059 
529987 
661060 
661061 
529990 
661064 
661066 
529995 
661069 
529997 
529999 
661072 
530001 
661075 
530004 
661078 
530006 
530008 
530010 
661083 
530013 
661086 
530016 
661089 
530019 
661092 
530022 
661097 
661099 
530027 
661101 
530029 
661103 
530031 
530033 
661106 
661108 
530036 
661110 
530038 
661112 
530040 
530042 
661115 
661116 
661117 
530045 
661120 
530048 
661122 
530051 
661125 
661126 
530054 
661127 
661128 
661130 
530059 
661132 
530061 
661134 
530063 
661137 
530065 
661138 
661139 
661140 
530068 
661141 
661142 
530070 
661143 
661144 
530072 
661146 
530074 
661148 
530077 
661150 
530080 
661153 
661154 
661155 
530083 
661156 
661157 
661158 
530086 
661159 
661160 
661161 
661162 
661163 
530091 
661164 
661165 
530093 
661166 
661167 
530095 
661168 
661169 
530097 
661170 
661171 
530100 
661174 
530102 
661176 
530104 
530106 
661179 
530109 
661182 
661184 
530112 
661187 
530115 
661188 
530118 
661192 
530123 
661196 
661197 
530125 
661198 
530127 
661200 
530129 
661202 
661204 
530132 
530134 
661207 
530136 
661209 
530138 
661211 
661213 
530141 
661216 
530144 
661217 
661218 
661219 
530147 
661220 
661222 
530150 
661224 
661226 
530155 
661229 
530157 
661231 
530159 
661233 
530161 
661235 
530164 
661238 
530166 
661239 
661240 
530168 
661241 
661242 
530170 
661243 
661244 
661245 
530173 
661246 
661248 
530176 
661250 
530179 
661252 
530182 
661255 
661256 
661257 
661258 
661259 
530187 
661261 
530190 
661263 
661265 
530193 
661268 
530196 
661269 
661270 
661271 
661272 
530201 
661274 
530203 
661276 
530205 
661278 
530207 
661281 
661282 
530210 
661283 
661284 
661285 
530213 
661286 
661287 
661288 
530216 
661289 
661291 
530219 
661293 
661295 
530224 
661298 
530226 
661299 
661300 
530228 
661301 
661302 
530230 
661304 
530233 
661306 
530235 
661308 
530237 
661311 
530239 
661313 
530242 
661315 
661317 
530245 
661320 
530248 
661322 
530251 
661324 
661326 
530256 
661329 
661330 
530258 
661331 
661332 
530260 
661333 
661334 
530262 
661335 
661336 
661337 
530265 
661339 
530267 
530269 
661342 
530271 
661346 
530274 
661347 
661348 
530277 
661350 
661352 
530280 
661354 
530283 
661357 
661359 
530288 
661361 
530290 
661363 
530292 
661366 
530294 
661367 
661368 
661369 
530297 
661370 
530299 
661372 
530301 
661374 
530303 
661377 
661378 
530306 
661379 
661380 
661381 
530309 
661383 
530312 
661385 
661387 
530315 
661390 
661391 
661392 
530320 
661393 
530322 
661395 
530324 
661397 
530326 
661399 
530329 
661402 
661403 
530331 
661404 
661405 
530333 
661406 
661407 
530335 
661408 
661409 
661410 
530338 
661411 
661412 
661413 
530341 
661414 
661416 
530344 
661418 
530347 
661420 
661423 
661424 
530352 
661425 
661426 
530354 
661427 
661428 
530356 
661429 
661430 
530358 
661431 
661433 
530361 
661435 
530363 
661437 
530365 
530367 
661440 
661441 
661442 
530370 
661443 
661444 
530373 
661446 
661448 
530376 
661450 
530379 
661453 
661454 
661455 
661456 
530384 
661457 
661458 
530386 
661459 
661460 
530388 
661461 
661462 
530390 
661463 
661464 
661465 
530393 
661467 
530395 
661469 
530397 
661471 
530399 
661474 
530402 
661475 
661476 
661477 
530405 
661478 
661479 
661480 
530408 
661481 
661482 
661483 
530411 
661484 
661485 
661486 
661487 
661488 
530416 
661489 
661490 
530418 
661491 
661492 
530420 
661493 
661494 
530422 
661496 
530425 
661498 
530427 
661500 
530429 
661503 
530431 
661506 
530434 
661509 
530437 
661512 
530440 
530443 
661517 
661519 
530448 
661521 
530450 
661523 
530452 
661526 
530454 
661528 
530457 
661530 
530459 
661532 
530461 
661535 
530463 
661536 
661537 
661538 
530466 
661539 
661540 
661541 
530469 
661542 
661543 
530472 
661545 
661547 
530475 
661549 
661552 
530480 
530482 
661555 
530484 
661558 
530486 
661561 
530489 
530491 
530493 
661566 
530495 
661569 
530498 
661572 
530501 
661575 
530504 
530507 
661580 
661582 
661584 
530512 
661586 
530514 
530516 
661589 
530518 
661591 
661593 
530521 
661595 
530523 
530525 
661598 
530527 
661601 
530530 
661604 
530533 
661607 
530536 
530539 
661612 
661613 
661614 
661615 
661616 
530544 
661618 
530546 
661620 
530548 
661622 
530550 
661625 
530553 
530555 
661628 
530557 
661631 
530559 
661634 
530562 
530565 
661639 
661640 
530568 
661641 
661642 
530571 
661644 
661646 
661648 
530576 
530578 
661651 
530580 
661654 
530582 
661657 
530585 
530587 
661660 
530589 
530591 
661665 
530594 
661667 
661669 
530597 
661671 
530600 
661674 
530603 
661676 
661678 
661680 
530608 
530610 
661683 
661684 
530612 
661685 
661686 
530614 
661687 
661688 
661689 
530617 
661690 
661691 
530619 
661693 
530621 
661695 
530623 
661697 
530626 
661700 
530629 
661703 
530632 
661706 
530635 
661709 
530640 
661714 
530642 
530644 
661717 
530646 
661720 
530649 
661723 
530651 
530653 
530655 
661728 
661730 
530658 
661732 
530661 
661734 
530664 
661737 
530667 
661740 
661743 
530672 
661746 
530674 
530676 
530678 
661751 
661753 
530681 
661755 
530683 
661757 
530685 
530687 
661760 
661762 
530690 
661764 
530693 
661766 
530696 
661769 
661771 
530699 
661773 
661775 
530704 
661778 
530706 
661780 
530708 
661782 
530710 
661784 
530713 
661787 
530715 
661788 
661789 
530717 
661790 
661791 
530719 
661794 
530722 
661797 
530725 
661800 
530728 
530731 
661805 
661807 
530736 
661809 
530738 
661811 
530740 
661814 
530742 
661816 
530745 
661818 
530747 
661820 
530749 
661823 
530751 
661825 
530754 
661827 
661829 
530757 
661832 
530760 
661834 
530763 
661836 
661838 
530768 
661841 
661842 
530770 
661843 
661844 
530772 
661845 
530774 
661847 
661849 
530777 
661851 
530779 
530781 
661854 
661855 
530783 
661856 
661857 
661858 
530786 
661859 
661860 
661861 
530789 
661862 
661864 
530792 
661866 
530795 
661868 
661871 
530800 
661873 
530802 
661875 
530804 
661877 
530806 
661880 
530809 
661883 
530811 
530813 
661886 
530815 
661889 
530818 
530821 
661894 
661895 
661896 
530824 
661897 
661898 
530827 
661900 
661902 
661904 
530832 
530834 
661907 
530836 
661909 
530838 
661911 
661913 
530841 
530843 
661916 
661917 
530845 
661918 
661919 
530847 
661920 
661921 
661922 
530850 
661923 
661924 
530853 
661926 
661928 
530856 
661930 
530859 
661933 
661936 
530864 
530866 
661939 
530868 
661942 
530870 
530873 
661947 
530875 
530877 
661950 
530879 
661953 
530882 
661956 
530885 
530888 
661961 
661963 
530891 
661965 
661967 
530896 
661970 
530898 
661972 
530900 
661974 
530902 
661976 
530905 
661979 
530907 
530909 
661982 
530911 
661985 
530914 
661988 
530917 
530920 
661993 
661995 
530923 
661997 
661999 
530928 
662002 
530931 
662004 
662006 
530934 
662008 
530937 
662011 
662012 
662013 
662014 
530942 
662015 
662016 
530944 
662017 
662018 
530946 
662019 
530948 
662021 
662023 
530951 
662025 
530954 
662028 
662029 
530957 
662030 
662031 
662032 
530960 
662034 
662036 
530965 
662038 
530967 
662041 
530969 
530971 
662044 
530974 
662047 
530976 
662050 
530978 
530980 
662055 
530983 
662057 
530986 
662059 
662061 
530989 
662064 
530992 
662066 
662068 
530997 
662070 
530999 
662073 
531001 
662074 
662075 
531003 
662076 
662077 
662078 
531006 
662079 
662080 
531008 
662081 
531010 
662083 
531012 
662085 
662087 
531015 
662090 
531018 
662093 
531021 
662096 
531024 
662099 
531029 
531031 
662104 
531033 
662107 
531035 
662110 
531038 
531040 
662113 
531042 
531044 
662118 
531047 
662120 
662122 
531050 
662124 
531053 
662127 
531056 
662129 
662131 
662133 
531061 
531063 
662136 
662137 
531065 
662138 
662139 
531067 
662140 
662141 
662142 
531070 
662143 
662144 
531072 
662145 
662146 
531074 
662147 
662148 
531076 
662150 
531079 
662152 
662154 
531082 
662157 
531085 
662160 
531088 
662163 
531093 
662166 
531095 
531097 
662171 
531099 
662173 
531102 
662175 
531104 
662177 
531106 
662180 
531108 
662182 
531111 
662184 
662186 
531114 
662189 
531117 
662190 
662191 
662192 
531120 
662193 
662194 
662195 
662196 
662197 
531125 
662199 
531127 
662201 
531129 
662203 
531131 
662206 
531134 
531136 
662209 
531138 
662212 
531140 
662215 
531143 
531146 
662220 
531149 
662223 
531152 
662226 
662229 
531157 
531159 
531161 
662234 
531163 
662236 
662238 
531166 
662240 
531168 
531170 
662243 
662244 
531172 
662245 
662246 
662247 
531175 
662249 
531178 
662251 
662253 
531181 
662256 
531184 
662258 
662260 
531189 
662262 
531191 
662265 
531193 
531195 
662268 
531198 
662271 
531200 
662274 
531202 
531204 
662279 
531207 
662281 
531210 
662283 
662285 
531213 
662288 
531216 
662290 
662292 
531221 
662294 
531223 
662297 
531225 
662298 
662299 
531227 
662300 
662301 
662302 
531230 
662303 
662304 
531232 
662305 
531234 
662307 
531236 
662309 
662311 
531239 
662314 
531242 
662317 
531245 
662320 
531248 
662323 
531253 
531255 
662328 
531257 
662331 
531259 
662334 
531262 
531264 
662337 
531266 
531268 
662342 
531271 
662344 
662346 
531274 
662348 
531277 
662351 
531280 
662353 
662355 
662357 
531285 
531287 
662360 
662361 
531289 
662362 
662363 
531291 
662364 
662365 
662366 
531294 
662367 
662368 
531296 
662370 
531298 
662372 
531300 
662374 
531303 
662377 
662378 
531306 
662379 
662380 
662381 
531309 
662383 
531312 
662385 
662387 
531317 
662390 
531319 
662393 
531321 
531323 
662396 
531326 
662399 
531328 
531330 
662404 
531332 
662407 
531335 
662410 
531338 
662413 
531341 
531344 
662418 
662420 
531349 
662422 
531351 
662424 
531353 
662427 
531355 
662429 
531358 
662431 
531360 
662433 
531362 
662436 
531364 
662439 
531367 
662442 
531370 
662445 
531373 
531376 
662450 
662452 
531381 
662454 
531383 
662456 
531385 
662459 
531387 
662461 
531390 
662463 
531392 
662465 
531394 
662468 
531396 
662469 
662470 
662471 
531399 
662472 
662473 
662474 
531402 
662475 
662476 
531405 
662478 
662480 
531408 
662482 
662485 
531413 
662486 
662487 
531415 
662488 
662489 
531417 
662490 
662491 
531419 
662492 
662493 
531422 
662495 
531424 
662497 
531426 
662499 
531428 
662502 
531431 
662504 
662506 
531434 
662508 
531437 
662511 
531440 
662513 
662515 
662517 
531445 
531447 
662520 
662521 
531449 
662522 
662523 
531451 
662524 
662526 
531454 
662528 
531456 
662530 
531458 
531460 
662533 
662534 
662535 
531463 
662536 
662537 
531466 
662539 
662541 
531469 
662543 
531472 
662546 
662547 
662548 
662549 
531477 
662550 
662551 
531479 
662552 
662553 
531481 
662554 
662555 
531483 
662556 
662557 
662558 
531486 
662559 
662560 
531488 
662561 
662562 
531490 
662563 
662564 
531492 
662565 
662566 
662567 
531495 
662568 
662569 
662570 
531498 
662571 
662572 
662573 
531501 
662574 
662575 
662576 
531504 
662577 
662578 
662579 
662580 
662581 
531509 
662582 
662583 
531511 
662584 
662585 
531513 
662586 
531515 
662588 
662590 
531518 
662592 
531520 
531522 
662595 
662596 
531524 
662597 
662598 
662599 
531527 
662601 
531530 
662603 
662605 
531533 
662608 
531536 
662610 
662612 
531541 
662614 
531543 
662617 
531545 
662618 
662619 
531547 
662620 
662621 
662622 
531550 
662623 
662624 
531552 
662625 
531554 
662628 
531556 
662631 
531559 
662634 
531562 
531565 
662639 
662640 
531568 
662641 
662642 
662643 
662644 
662645 
531573 
662646 
662647 
531575 
662649 
531577 
662651 
531579 
662653 
531582 
662656 
531584 
662657 
662658 
531586 
662659 
662660 
531588 
662662 
531591 
662664 
662666 
531594 
662669 
531597 
662670 
662671 
662672 
531600 
662673 
662674 
662675 
662676 
662677 
531605 
531607 
662680 
531609 
662683 
531611 
662686 
531614 
531616 
531618 
662691 
662692 
531620 
662693 
662694 
662695 
531623 
662697 
531626 
662699 
662701 
531629 
662704 
531632 
662707 
531637 
662710 
531639 
662713 
531641 
531643 
662718 
531646 
531648 
662721 
531650 
662724 
531652 
662727 
531655 
531658 
662732 
531661 
662735 
531664 
662738 
662741 
531669 
531672 
662746 
531675 
662749 
531678 
662752 
662755 
531683 
531685 
531687 
662760 
531689 
662763 
531692 
662766 
531695 
662769 
531698 
531701 
662774 
662777 
531706 
662780 
531708 
531710 
662783 
531712 
531715 
662788 
531718 
662791 
531721 
662794 
531724 
662797 
531729 
662802 
662804 
531732 
662806 
531735 
662808 
531738 
662811 
662814 
531743 
662817 
531745 
531747 
662820 
531749 
531752 
662825 
531754 
662828 
531756 
531758 
662831 
531761 
662834 
531764 
662839 
531767 
662842 
531770 
662845 
531775 
662848 
531777 
531779 
662853 
531781 
662856 
531784 
531786 
662859 
531788 
662862 
531790 
531793 
662867 
531796 
662870 
531799 
662873 
531802 
662876 
531807 
662881 
531809 
531811 
662884 
531813 
662887 
531816 
662890 
531818 
531820 
531822 
662895 
531825 
662898 
531828 
662901 
531831 
662904 
531834 
662909 
531839 
662912 
531841 
662915 
531843 
531845 
662918 
531848 
531850 
662923 
531852 
662926 
531854 
662929 
531857 
662932 
531860 
531863 
662937 
531866 
662940 
662943 
531871 
531873 
662946 
531875 
531877 
662951 
531880 
662954 
531882 
531884 
662957 
531886 
662960 
531889 
531892 
662965 
531895 
662968 
531898 
662971 
662974 
531903 
531905 
662979 
531907 
531909 
662982 
531912 
662985 
531914 
662988 
531916 
531918 
662993 
531921 
662996 
531924 
662999 
531927 
663002 
531930 
663007 
531935 
663009 
531937 
663011 
531939 
663013 
531941 
663016 
531944 
663017 
663018 
531946 
663019 
663020 
531948 
663021 
663022 
531950 
663023 
663024 
663025 
531953 
663026 
663027 
663028 
531956 
663029 
663030 
663031 
531959 
663032 
663033 
663034 
531962 
663035 
663036 
663038 
531967 
663040 
531969 
663042 
531971 
663045 
531973 
663046 
663047 
663048 
531976 
663049 
531978 
663051 
531980 
663053 
531982 
663055 
531985 
663058 
663059 
663060 
531988 
663061 
663062 
531991 
663064 
663066 
531994 
663068 
663071 
531999 
663072 
663073 
532001 
663074 
663075 
532003 
663076 
663077 
532005 
663078 
663079 
532008 
663081 
532010 
663083 
532012 
663085 
532014 
663088 
663089 
532017 
663090 
663091 
663092 
532020 
663094 
532023 
663096 
532026 
663099 
663101 
532031 
663104 
663105 
532033 
663107 
532035 
663109 
532037 
663111 
532040 
663114 
532042 
663115 
663116 
532044 
663117 
663118 
532046 
663120 
532049 
663122 
663124 
532052 
663127 
532055 
663128 
663129 
663130 
532058 
663131 
663132 
663133 
663134 
663135 
532063 
663136 
663137 
532065 
663138 
663139 
532067 
663140 
663141 
532069 
663142 
663143 
663144 
532072 
663145 
663146 
532074 
663147 
532076 
663149 
532078 
663151 
663153 
532081 
663156 
532084 
663157 
663158 
663159 
532087 
663160 
663162 
532090 
663164 
663166 
532095 
663169 
532097 
663171 
532099 
663173 
532101 
663175 
532104 
663178 
532106 
663179 
663180 
532108 
663181 
663182 
532110 
663183 
663184 
663185 
532113 
663186 
663187 
663188 
532116 
663189 
663190 
663191 
532119 
663192 
663193 
663194 
532122 
663195 
663196 
663197 
663198 
532127 
663200 
532129 
663202 
532131 
663204 
532133 
663207 
663208 
532136 
663209 
663210 
532138 
663211 
663212 
532140 
663213 
663214 
532142 
663215 
663216 
663217 
532145 
663218 
663219 
663220 
532148 
663221 
663222 
663223 
532151 
663224 
663225 
663226 
532154 
663227 
663228 
663229 
663230 
663231 
532159 
663232 
663233 
532161 
663234 
663235 
532163 
663236 
663237 
532165 
663238 
663239 
663240 
532168 
663241 
663242 
532170 
663243 
532172 
663245 
532174 
663247 
663249 
532177 
663252 
532180 
663253 
663254 
663255 
532183 
663256 
663257 
663258 
532186 
663259 
663260 
663261 
663262 
663263 
532191 
663264 
532193 
663266 
532195 
663268 
532197 
663270 
532200 
663273 
663274 
532202 
663275 
663276 
532204 
663277 
663278 
532206 
663279 
663280 
663281 
532209 
663282 
663283 
663284 
532212 
663285 
663286 
663287 
532215 
663288 
663289 
532218 
663291 
663293 
663295 
532223 
532225 
663298 
663299 
532227 
663300 
663301 
532229 
663302 
663303 
663304 
532232 
663305 
663306 
532234 
663307 
663308 
532236 
663309 
663310 
532238 
663311 
663312 
663313 
532241 
663314 
663315 
663316 
532244 
663317 
663318 
663319 
532247 
663320 
663321 
663322 
532250 
663323 
663324 
663325 
663326 
532255 
663328 
532257 
663330 
532259 
663332 
532261 
663335 
663336 
532264 
663337 
663338 
532266 
663339 
532268 
663341 
532270 
663343 
663345 
532273 
663348 
532276 
663349 
663350 
663351 
532279 
663352 
663353 
663354 
532282 
663355 
663356 
663357 
663358 
663359 
532287 
663360 
663361 
532289 
663362 
663363 
532291 
663364 
532293 
663366 
663368 
532296 
663370 
532298 
532300 
663373 
663374 
532302 
663375 
663376 
663377 
532305 
663378 
663379 
663380 
532308 
663381 
663382 
663383 
532311 
663384 
663385 
663386 
532314 
663387 
663388 
663389 
663390 
663391 
532319 
663392 
663393 
532321 
663394 
663395 
532323 
663396 
663397 
532325 
663398 
663399 
663400 
532328 
663401 
663402 
532330 
663403 
663404 
532332 
663405 
663406 
532334 
663407 
663408 
663409 
532337 
663410 
663411 
663412 
532340 
663413 
663414 
663415 
532343 
663416 
663417 
663418 
532346 
663419 
663420 
663421 
663422 
663423 
532351 
663424 
663425 
532353 
663426 
663427 
532355 
663428 
663429 
532357 
663430 
663431 
663432 
532360 
663433 
663434 
532362 
663435 
663436 
532364 
663437 
663438 
532366 
663439 
663440 
663441 
532369 
663442 
663443 
663444 
532372 
663445 
663446 
663447 
532375 
663448 
663449 
663450 
532378 
663451 
663452 
663453 
663454 
663455 
532383 
663456 
663457 
532385 
663458 
663459 
532387 
663460 
663461 
532389 
663462 
663463 
663464 
532392 
663465 
663466 
532394 
663467 
663468 
532396 
663469 
663470 
532398 
663471 
663472 
663473 
532401 
663474 
663475 
663476 
532404 
663477 
663478 
663479 
532407 
663480 
663481 
663482 
532410 
663483 
663484 
663485 
663486 
663487 
532415 
663488 
663489 
663490 
532418 
663491 
663492 
663493 
532421 
663494 
663495 
663496 
532424 
663497 
532429 
532431 
532433 
532435 
532438 
532441 
532444 
532447 
532452 
532454 
532456 
532458 
532461 
532464 
532467 
532470 
532475 
532478 
532481 
532484 
532489 
532491 
532493 
532495 
532498 
532500 
532502 
532504 
532507 
532510 
532513 
532516 
532521 
532523 
532525 
532527 
532530 
532532 
532534 
532536 
532539 
532542 
532545 
532548 
532553 
532555 
532557 
532559 
532562 
532564 
532566 
532568 
532571 
532574 
532577 
532580 
532585 
532587 
532589 
532591 
532594 
532596 
532598 
532600 
532603 
532606 
532609 
532612 
532617 
532619 
532621 
532623 
532626 
532628 
532630 
532632 
532635 
532638 
532641 
532644 
532649 
532651 
532653 
532655 
532658 
532660 
532662 
532664 
532667 
532670 
532673 
532676 
532681 
532683 
532685 
532687 
532690 
532692 
532694 
532696 
532699 
532702 
532705 
532708 
532713 
532715 
532717 
532719 
532722 
532724 
532726 
532728 
532731 
532734 
532737 
532740 
532745 
532747 
532749 
532751 
532754 
532756 
532758 
532760 
532763 
532766 
532769 
532772 
532777 
532779 
532781 
532783 
532786 
532788 
532790 
532792 
532795 
532798 
532801 
532804 
532809 
532811 
532813 
532815 
532818 
532820 
532822 
532824 
532827 
532830 
532833 
532836 
532841 
532843 
532845 
532847 
532850 
532852 
532854 
532856 
532859 
532862 
532865 
532868 
532873 
532875 
532877 
532879 
532882 
532884 
532886 
532888 
532891 
532894 
532897 
532900 
532905 
532907 
532909 
532911 
532914 
532916 
532918 
532920 
532923 
532926 
532929 
532932 
532937 
532939 
532941 
532943 
532946 
532948 
532950 
532952 
532955 
532958 
532961 
532964 
532969 
532971 
532973 
532975 
532978 
532980 
532982 
532984 
532987 
532990 
532993 
532996 
533001 
533003 
533005 
533007 
533010 
533012 
533014 
533016 
533019 
533022 
533025 
533028 
533033 
533035 
533037 
533039 
533042 
533044 
533046 
533048 
533051 
533054 
533057 
533060 
533065 
533067 
533069 
533071 
533074 
533076 
533078 
533080 
533083 
533086 
533089 
533092 
533097 
533099 
533101 
533103 
533106 
533108 
533110 
533112 
533115 
533118 
533121 
533124 
533129 
533131 
533133 
533135 
533138 
533140 
533142 
533144 
533147 
533150 
533153 
533156 
533161 
533164 
533167 
533170 
533175 
533177 
533179 
533181 
533184 
533187 
533190 
533193 
533198 
533200 
533202 
533204 
533207 
533209 
533211 
533213 
533216 
533219 
533222 
533225 
533230 
533232 
533234 
533236 
533239 
533241 
533243 
533245 
533248 
533251 
533254 
533257 
533262 
533264 
533266 
533268 
533271 
533273 
533275 
533277 
533280 
533283 
533286 
533289 
533294 
533296 
533298 
533300 
533303 
533305 
533307 
533309 
533312 
533315 
533318 
533321 
533326 
533328 
533330 
533332 
533335 
533337 
533339 
533341 
533344 
533347 
533350 
533353 
533358 
533360 
533362 
533364 
533367 
533369 
533371 
533373 
533376 
533379 
533382 
533385 
533390 
533392 
533394 
533396 
533399 
533401 
533403 
533405 
533408 
533411 
533414 
533417 
533422 
533424 
533426 
533428 
533431 
533433 
533435 
533437 
533440 
533443 
533446 
533449 
533454 
533456 
533458 
533460 
533463 
533465 
533467 
533469 
533472 
533475 
533478 
533481 
533486 
533488 
533490 
533492 
533495 
533497 
533499 
533501 
533504 
533507 
533510 
533513 
533518 
533520 
533522 
533524 
533527 
533529 
533531 
533533 
533536 
533539 
533542 
533545 
533550 
533552 
533554 
533556 
533559 
533561 
533563 
533565 
533568 
533571 
533574 
533577 
533582 
533584 
533586 
533588 
533591 
533593 
533595 
533597 
533600 
533603 
533606 
533609 
533614 
533616 
533618 
533620 
533623 
533625 
533627 
533629 
533632 
533635 
533638 
533641 
533646 
533648 
533650 
533652 
533655 
533657 
533659 
533661 
533664 
533667 
533670 
533673 
533678 
533680 
533682 
533684 
533687 
533689 
533691 
533693 
533696 
533699 
533702 
533705 
533710 
533712 
533714 
533716 
533719 
533721 
533723 
533725 
533728 
533731 
533734 
533737 
533742 
533744 
533746 
533748 
533751 
533753 
533755 
533757 
533760 
533763 
533766 
533769 
533774 
533776 
533778 
533780 
533783 
533785 
533787 
533789 
533792 
533795 
533798 
533801 
533806 
533808 
533810 
533812 
533815 
533817 
533819 
533821 
533824 
533827 
533830 
533833 
533838 
533840 
533842 
533844 
533847 
533849 
533851 
533853 
533856 
533859 
533862 
533865 
533870 
533872 
533874 
533876 
533879 
533881 
533883 
533885 
533888 
533891 
533894 
533897 
533902 
533905 
533908 
533911 
533916 
533918 
533920 
533922 
533925 
533928 
533931 
533934 
533939 
533941 
533943 
533945 
533948 
533950 
533952 
533954 
533957 
533960 
533963 
533966 
533971 
533973 
533975 
533977 
533980 
533982 
533984 
533986 
533989 
533992 
533995 
533998 
534003 
534005 
534007 
534009 
534012 
534014 
534016 
534018 
534021 
534024 
534027 
534030 
534035 
534037 
534039 
534041 
534044 
534046 
534048 
534050 
534053 
534056 
534059 
534062 
534067 
534069 
534071 
534073 
534076 
534078 
534080 
534082 
534085 
534088 
534091 
534094 
534099 
534101 
534103 
534105 
534108 
534110 
534112 
534114 
534117 
534120 
534123 
534126 
534131 
534133 
534135 
534137 
534140 
534142 
534144 
534146 
534149 
534152 
534155 
534158 
534163 
534165 
534167 
534169 
534172 
534174 
534176 
534178 
534181 
534184 
534187 
534190 
534195 
534197 
534199 
534201 
534204 
534206 
534208 
534210 
534213 
534216 
534219 
534222 
534227 
534229 
534231 
534233 
534236 
534238 
534240 
534242 
534245 
534248 
534251 
534254 
534259 
534261 
534263 
534265 
534268 
534270 
534272 
534274 
534277 
534280 
534283 
534286 
534291 
534293 
534295 
534297 
534300 
534302 
534304 
534306 
534309 
534312 
534315 
534318 
534323 
534325 
534327 
534329 
534332 
534334 
534336 
534338 
534341 
534344 
534347 
534350 
534355 
534357 
534359 
534361 
534364 
534366 
534368 
534370 
534373 
534376 
534379 
534382 
534387 
534389 
534391 
534393 
534396 
534398 
534400 
534402 
534405 
534408 
534411 
534414 
534419 
534421 
534423 
534425 
534428 
534430 
534432 
534434 
534437 
534440 
534443 
534446 
534451 
534453 
534455 
534457 
534460 
534462 
534464 
534466 
534469 
534472 
534475 
534478 
534483 
534485 
534487 
534489 
534492 
534494 
534496 
534498 
534501 
534504 
534507 
534510 
534515 
534517 
534519 
534521 
534524 
534526 
534528 
534530 
534533 
534536 
534539 
534542 
534547 
534549 
534551 
534553 
534556 
534558 
534560 
534562 
534565 
534568 
534571 
534574 
534579 
534581 
534583 
534585 
534588 
534590 
534592 
534594 
534597 
534600 
534603 
534606 
534611 
534613 
534615 
534617 
534620 
534622 
534624 
534626 
534629 
534632 
534635 
534638 
534643 
534645 
534647 
534649 
534652 
534654 
534656 
534658 
534661 
534664 
534667 
534670 
534675 
534677 
534679 
534681 
534684 
534686 
534688 
534690 
534693 
534696 
534699 
534702 
534707 
534709 
534711 
534713 
534716 
534718 
534720 
534722 
534725 
534728 
534731 
534734 
534739 
534741 
534743 
534745 
534748 
534750 
534752 
534754 
534757 
534760 
534763 
534766 
534771 
534773 
534775 
534777 
534780 
534782 
534784 
534786 
534789 
534792 
534795 
534798 
534803 
534805 
534807 
534809 
534812 
534814 
534816 
534818 
534821 
534824 
534827 
534830 
534835 
534837 
534839 
534841 
534844 
534846 
534848 
534850 
534853 
534856 
534859 
534862 
534867 
534869 
534871 
534873 
534876 
534878 
534880 
534882 
534885 
534888 
534891 
534894 
534899 
534901 
534903 
534905 
534908 
534910 
534912 
534914 
534917 
534920 
534923 
534926 
534931 
534933 
534935 
534937 
534940 
534942 
534944 
534946 
534949 
534952 
534955 
534958 
534963 
534965 
534967 
534969 
534972 
534974 
534976 
534978 
534981 
534984 
534987 
534990 
534995 
534997 
534999 
535001 
535004 
535006 
535008 
535010 
535013 
535016 
535019 
535022 
535027 
535029 
535031 
535033 
535036 
535038 
535040 
535042 
535045 
535048 
535051 
535054 
535059 
535061 
535063 
535065 
535068 
535070 
535072 
535074 
535077 
535080 
535083 
535086 
535091 
535093 
535095 
535097 
535100 
535102 
535104 
535106 
535109 
535112 
535115 
535118 
535123 
535125 
535127 
535129 
535132 
535134 
535136 
535138 
535141 
535144 
535147 
535150 
535155 
535157 
535159 
535161 
535164 
535166 
535168 
535170 
535173 
535176 
535179 
535182 
535187 
535189 
535191 
535193 
535196 
535198 
535200 
535202 
535205 
535208 
535211 
535214 
535219 
535221 
535223 
535225 
535228 
535230 
535232 
535234 
535237 
535240 
535243 
535246 
535251 
535253 
535255 
535257 
535260 
535262 
535264 
535266 
535269 
535272 
535275 
535278 
535283 
535285 
535287 
535289 
535292 
535294 
535296 
535298 
535301 
535304 
535307 
535310 
535315 
535317 
535319 
535321 
535324 
535326 
535328 
535330 
535333 
535336 
535339 
535342 
535347 
535349 
535351 
535353 
535356 
535358 
535360 
535362 
535365 
535368 
535371 
535374 
535379 
535382 
535385 
535388 
535393 
535395 
535397 
535399 
535402 
535404 
535406 
535408 
535411 
535413 
535415 
535417 
535420 
535423 
535426 
535429 
535434 
535437 
535440 
535443 
535448 
535450 
535452 
535454 
535457 
535459 
535461 
535463 
535466 
535469 
535472 
535475 
535480 
535482 
535484 
535486 
535489 
535491 
535493 
535495 
535498 
535501 
535504 
535507 
535512 
535514 
535516 
535518 
535521 
535523 
535525 
535527 
535530 
535533 
535536 
535539 
535544 
535546 
535548 
535550 
535553 
535555 
535557 
535559 
535562 
535565 
535568 
535571 
535576 
535578 
535580 
535582 
535585 
535587 
535589 
535591 
535594 
535597 
535600 
535603 
535608 
535610 
535612 
535614 
535617 
535619 
535621 
535623 
535626 
535629 
535632 
535635 
535640 
535642 
535644 
535646 
535649 
535651 
535653 
535655 
535658 
535661 
535664 
535667 
535672 
535674 
535676 
535678 
535681 
535683 
535685 
535687 
535690 
535693 
535696 
535699 
535704 
535706 
535708 
535710 
535713 
535715 
535717 
535719 
535722 
535725 
535728 
535731 
535736 
535738 
535740 
535742 
535745 
535747 
535749 
535751 
535754 
535757 
535760 
535763 
535768 
535770 
535772 
535774 
535777 
535779 
535781 
535783 
535786 
535789 
535792 
535795 
535800 
535802 
535804 
535806 
535809 
535811 
535813 
535815 
535818 
535821 
535824 
535827 
535832 
535834 
535836 
535838 
535841 
535843 
535845 
535847 
535850 
535853 
535856 
535859 
535864 
535866 
535868 
535870 
535873 
535875 
535877 
535879 
535882 
535885 
535888 
535891 
535896 
535898 
535900 
535902 
535905 
535907 
535909 
535911 
535914 
535917 
535920 
535923 
535928 
535930 
535932 
535934 
535937 
535939 
535941 
535943 
535946 
535949 
535952 
535955 
535960 
535962 
535964 
535966 
535969 
535971 
535973 
535975 
535978 
535981 
535984 
535987 
535992 
535994 
535996 
535998 
536001 
536003 
536005 
536007 
536010 
536013 
536016 
536019 
536024 
536026 
536028 
536030 
536033 
536035 
536037 
536039 
536042 
536045 
536048 
536051 
536056 
536058 
536060 
536062 
536065 
536067 
536069 
536071 
536074 
536077 
536080 
536083 
536088 
536090 
536092 
536094 
536097 
536099 
536101 
536103 
536106 
536109 
536112 
536115 
536120 
536122 
536124 
536126 
536129 
536131 
536133 
536135 
536138 
536140 
536142 
536144 
536147 
536149 
536151 
536153 
536156 
536158 
536160 
536162 
536165 
536168 
536171 
536174 
536179 
536181 
536183 
536185 
536188 
536190 
536192 
536194 
536197 
536200 
536203 
536206 
536211 
536213 
536215 
536217 
536220 
536222 
536224 
536226 
536229 
536232 
536235 
536238 
536243 
536245 
536247 
536249 
536252 
536254 
536256 
536258 
536261 
536264 
536267 
536270 
536275 
536277 
536279 
536281 
536284 
536286 
536288 
536290 
536293 
536296 
536299 
536302 
536307 
536309 
536311 
536313 
536316 
536318 
536320 
536322 
536325 
536328 
536331 
536334 
536339 
536341 
536343 
536345 
536348 
536350 
536352 
536354 
536357 
536360 
536363 
536366 
536371 
536373 
536375 
536377 
536380 
536382 
536384 
536386 
536389 
536392 
536395 
536398 
536403 
536405 
536407 
536409 
536412 
536414 
536416 
536418 
536421 
536424 
536427 
536430 
536435 
536437 
536439 
536441 
536444 
536446 
536448 
536450 
536453 
536456 
536459 
536462 
536467 
536469 
536471 
536473 
536476 
536478 
536480 
536482 
536485 
536488 
536491 
536494 
536499 
536501 
536503 
536505 
536508 
536510 
536512 
536514 
536517 
536520 
536523 
536526 
536531 
536533 
536535 
536537 
536540 
536542 
536544 
536546 
536549 
536552 
536555 
536558 
536563 
536565 
536567 
536569 
536572 
536574 
536576 
536578 
536581 
536584 
536587 
536590 
536595 
536597 
536599 
536601 
536604 
536606 
536608 
536610 
536613 
536616 
536619 
536622 
536627 
536629 
536631 
536633 
536636 
536638 
536640 
536642 
536645 
536648 
536651 
536654 
536659 
536661 
536663 
536665 
536668 
536670 
536672 
536674 
536677 
536680 
536683 
536686 
536691 
536693 
536695 
536697 
536700 
536702 
536704 
536706 
536709 
536712 
536715 
536718 
536723 
536725 
536727 
536729 
536732 
536734 
536736 
536738 
536741 
536744 
536747 
536750 
536755 
536757 
536759 
536761 
536764 
536766 
536768 
536770 
536773 
536776 
536779 
536782 
536787 
536789 
536791 
536793 
536796 
536798 
536800 
536802 
536805 
536808 
536811 
536814 
536819 
536821 
536823 
536825 
536828 
536830 
536832 
536834 
536837 
536840 
536843 
536846 
536851 
536853 
536855 
536857 
536860 
536862 
536864 
536866 
536869 
536871 
536873 
536875 
536878 
536880 
536882 
536884 
536887 
536889 
536891 
536893 
536896 
536899 
536902 
536905 
536910 
536912 
536914 
536916 
536919 
536921 
536923 
536925 
536928 
536931 
536934 
536937 
536942 
536944 
536946 
536948 
536951 
536953 
536955 
536957 
536960 
536963 
536966 
536969 
536974 
536976 
536978 
536980 
536983 
536985 
536987 
536989 
536992 
536995 
536998 
537001 
537006 
537008 
537010 
537012 
537015 
537017 
537019 
537021 
537024 
537027 
537030 
537033 
537038 
537040 
537042 
537044 
537047 
537049 
537051 
537053 
537056 
537059 
537062 
537065 
537070 
537072 
537074 
537076 
537079 
537081 
537083 
537085 
537088 
537091 
537094 
537097 
537102 
537104 
537106 
537108 
537111 
537113 
537115 
537117 
537120 
537123 
537126 
537129 
537134 
537136 
537138 
537140 
537143 
537145 
537147 
537149 
537152 
537155 
537158 
537161 
537166 
537168 
537170 
537172 
537175 
537177 
537179 
537181 
537184 
537187 
537190 
537193 
537198 
537200 
537202 
537204 
537207 
537209 
537211 
537213 
537216 
537219 
537222 
537225 
537230 
537232 
537234 
537236 
537239 
537241 
537243 
537245 
537248 
537251 
537254 
537257 
537262 
537264 
537266 
537268 
537271 
537273 
537275 
537277 
537280 
537283 
537286 
537289 
537294 
537296 
537298 
537300 
537303 
537305 
537307 
537309 
537312 
537315 
537318 
537321 
537326 
537328 
537330 
537332 
537335 
537337 
537339 
537341 
537344 
537347 
537350 
537353 
537358 
537360 
537362 
537364 
537367 
537369 
537371 
537373 
537376 
537379 
537382 
537385 
537390 
537392 
537394 
537396 
537399 
537401 
537403 
537405 
537408 
537411 
537414 
537417 
537422 
537424 
537426 
537428 
537431 
537433 
537435 
537437 
537440 
537443 
537446 
537449 
537454 
537456 
537458 
537460 
537463 
537465 
537467 
537469 
537472 
537475 
537478 
537481 
537486 
537488 
537490 
537492 
537495 
537497 
537499 
537501 
537504 
537507 
537510 
537513 
537518 
537520 
537522 
537524 
537527 
537529 
537531 
537533 
537536 
537539 
537542 
537545 
537550 
537552 
537554 
537556 
537559 
537561 
537563 
537565 
537568 
537571 
537574 
537577 
537582 
537584 
537586 
537588 
537591 
537593 
537595 
537597 
537600 
537602 
537604 
537606 
537609 
537611 
537613 
537615 
537618 
537621 
537624 
537627 
537632 
537635 
537638 
537641 
537646 
537648 
537650 
537652 
537655 
537657 
537659 
537661 
537664 
537667 
537670 
537673 
537678 
537680 
537682 
537684 
537687 
537689 
537691 
537693 
537696 
537699 
537702 
537705 
537710 
537712 
537714 
537716 
537719 
537721 
537723 
537725 
537728 
537731 
537734 
537737 
537742 
537744 
537746 
537748 
537751 
537753 
537755 
537757 
537760 
537763 
537766 
537769 
537774 
537776 
537778 
537780 
537783 
537785 
537787 
537789 
537792 
537795 
537798 
537801 
537806 
537808 
537810 
537812 
537815 
537817 
537819 
537821 
537824 
537827 
537830 
537833 
537838 
537840 
537842 
537844 
537847 
537849 
537851 
537853 
537856 
537859 
537862 
537865 
537870 
537872 
537874 
537876 
537879 
537881 
537883 
537885 
537888 
537891 
537894 
537897 
537902 
537904 
537906 
537908 
537911 
537913 
537915 
537917 
537920 
537923 
537926 
537929 
537934 
537936 
537938 
537940 
537943 
537945 
537947 
537949 
537952 
537955 
537958 
537961 
537966 
537968 
537970 
537972 
537975 
537977 
537979 
537981 
537984 
537987 
537990 
537993 
537998 
538000 
538002 
538004 
538007 
538009 
538011 
538013 
538016 
538019 
538022 
538025 
538030 
538032 
538034 
538036 
538039 
538041 
538043 
538045 
538048 
538051 
538054 
538057 
538062 
538064 
538066 
538068 
538071 
538073 
538075 
538077 
538080 
538083 
538086 
538089 
538094 
538096 
538098 
538100 
538103 
538105 
538107 
538109 
538112 
538115 
538118 
538121 
538126 
538128 
538130 
538132 
538135 
538137 
538139 
538141 
538144 
538147 
538150 
538153 
538158 
538160 
538162 
538164 
538167 
538169 
538171 
538173 
538176 
538179 
538182 
538185 
538190 
538192 
538194 
538196 
538199 
538201 
538203 
538205 
538208 
538211 
538214 
538217 
538222 
538224 
538226 
538228 
538231 
538233 
538235 
538237 
538240 
538243 
538246 
538249 
538254 
538256 
538258 
538260 
538263 
538265 
538267 
538269 
538272 
538275 
538278 
538281 
538286 
538288 
538290 
538292 
538295 
538297 
538299 
538301 
538304 
538307 
538310 
538313 
538318 
538320 
538322 
538324 
538327 
538329 
538331 
538333 
538336 
538338 
538340 
538342 
538345 
538347 
538349 
538351 
538354 
538356 
538358 
538360 
538363 
538366 
538369 
538372 
538377 
538379 
538381 
538383 
538386 
538388 
538390 
538392 
538395 
538398 
538401 
538404 
538409 
538411 
538413 
538415 
538418 
538420 
538422 
538424 
538427 
538430 
538433 
538436 
538441 
538443 
538445 
538447 
538450 
538452 
538454 
538456 
538459 
538462 
538465 
538468 
538473 
538475 
538477 
538479 
538482 
538484 
538486 
538488 
538491 
538494 
538497 
538500 
538505 
538507 
538509 
538511 
538514 
538516 
538518 
538520 
538523 
538526 
538529 
538532 
538537 
538539 
538541 
538543 
538546 
538548 
538550 
538552 
538555 
538558 
538561 
538564 
538569 
538571 
538573 
538575 
538578 
538580 
538582 
538584 
538587 
538590 
538593 
538596 
538601 
538603 
538605 
538607 
538610 
538612 
538614 
538616 
538619 
538622 
538625 
538628 
538633 
538635 
538637 
538639 
538642 
538644 
538646 
538648 
538651 
538654 
538657 
538660 
538665 
538667 
538669 
538671 
538674 
538676 
538678 
538680 
538683 
538686 
538689 
538692 
538697 
538699 
538701 
538703 
538706 
538708 
538710 
538712 
538715 
538718 
538721 
538724 
538729 
538731 
538733 
538735 
538738 
538740 
538742 
538744 
538747 
538750 
538753 
538756 
538761 
538763 
538765 
538767 
538770 
538772 
538774 
538776 
538779 
538782 
538785 
538788 
538793 
538795 
538797 
538799 
538802 
538804 
538806 
538808 
538811 
538814 
538817 
538820 
538825 
538827 
538829 
538831 
538834 
538836 
538838 
538840 
538843 
538846 
538849 
538852 
538857 
538859 
538861 
538863 
538866 
538868 
538870 
538872 
538875 
538878 
538881 
538884 
538889 
538891 
538893 
538895 
538898 
538900 
538902 
538904 
538907 
538910 
538913 
538916 
538921 
538923 
538925 
538927 
538930 
538932 
538934 
538936 
538939 
538942 
538945 
538948 
538953 
538955 
538957 
538959 
538962 
538964 
538966 
538968 
538971 
538974 
538977 
538980 
538985 
538987 
538989 
538991 
538994 
538996 
538998 
539000 
539003 
539006 
539009 
539012 
539017 
539019 
539021 
539023 
539026 
539028 
539030 
539032 
539035 
539038 
539041 
539044 
539049 
539051 
539053 
539055 
539058 
539060 
539062 
539064 
539067 
539069 
539071 
539073 
539076 
539078 
539080 
539082 
539085 
539087 
539089 
539091 
539094 
539097 
539100 
539103 
539108 
539110 
539112 
539114 
539117 
539119 
539121 
539123 
539126 
539129 
539132 
539135 
539140 
539142 
539144 
539146 
539149 
539151 
539153 
539155 
539158 
539161 
539164 
539167 
539172 
539174 
539176 
539178 
539181 
539183 
539185 
539187 
539190 
539193 
539196 
539199 
539204 
539206 
539208 
539210 
539213 
539215 
539217 
539219 
539222 
539225 
539228 
539231 
539236 
539238 
539240 
539242 
539245 
539247 
539249 
539251 
539254 
539257 
539260 
539263 
539268 
539270 
539272 
539274 
539277 
539279 
539281 
539283 
539286 
539289 
539292 
539295 
539300 
539302 
539304 
539306 
539309 
539311 
539313 
539315 
539318 
539321 
539324 
539327 
539332 
539334 
539336 
539338 
539341 
539343 
539345 
539347 
539350 
539353 
539356 
539359 
539364 
539366 
539368 
539370 
539373 
539375 
539377 
539379 
539382 
539385 
539388 
539391 
539396 
539398 
539400 
539402 
539405 
539407 
539409 
539411 
539414 
539417 
539420 
539423 
539428 
539430 
539432 
539434 
539437 
539439 
539441 
539443 
539446 
539449 
539452 
539455 
539460 
539462 
539464 
539466 
539469 
539471 
539473 
539475 
539478 
539481 
539484 
539487 
539492 
539494 
539496 
539498 
539501 
539503 
539505 
539507 
539510 
539513 
539516 
539519 
539524 
539526 
539528 
539530 
539533 
539535 
539537 
539539 
539542 
539545 
539548 
539551 
539556 
539558 
539560 
539562 
539565 
539567 
539569 
539571 
539574 
539577 
539580 
539583 
539588 
539590 
539592 
539594 
539597 
539599 
539601 
539603 
539606 
539609 
539612 
539615 
539620 
539622 
539624 
539626 
539629 
539631 
539633 
539635 
539638 
539641 
539644 
539647 
539652 
539654 
539656 
539658 
539661 
539663 
539665 
539667 
539670 
539673 
539676 
539679 
539684 
539686 
539688 
539690 
539693 
539695 
539697 
539699 
539702 
539705 
539708 
539711 
539716 
539718 
539720 
539722 
539725 
539727 
539729 
539731 
539734 
539737 
539740 
539743 
539748 
539750 
539752 
539754 
539757 
539759 
539761 
539763 
539766 
539769 
539772 
539775 
539780 
539782 
539784 
539786 
539789 
539791 
539793 
539795 
539798 
539800 
539802 
539804 
539807 
539809 
539811 
539813 
539816 
539818 
539820 
539822 
539825 
539828 
539831 
539834 
539839 
539841 
539843 
539845 
539848 
539850 
539852 
539854 
539857 
539860 
539863 
539866 
539871 
539873 
539875 
539877 
539880 
539882 
539884 
539886 
539889 
539892 
539895 
539898 
539903 
539905 
539907 
539909 
539912 
539914 
539916 
539918 
539921 
539924 
539927 
539930 
539935 
539937 
539939 
539941 
539944 
539946 
539948 
539950 
539953 
539956 
539959 
539962 
539967 
539969 
539971 
539973 
539976 
539978 
539980 
539982 
539985 
539988 
539991 
539994 
539999 
540001 
540003 
540005 
540008 
540010 
540012 
540014 
540017 
540020 
540023 
540026 
540031 
540033 
540035 
540037 
540040 
540042 
540044 
540046 
540049 
540052 
540055 
540058 
540063 
540065 
540067 
540069 
540072 
540074 
540076 
540078 
540081 
540084 
540087 
540090 
540095 
540097 
540099 
540101 
540104 
540106 
540108 
540110 
540113 
540116 
540119 
540122 
540127 
540129 
540131 
540133 
540136 
540138 
540140 
540142 
540145 
540148 
540151 
540154 
540159 
540161 
540163 
540165 
540168 
540170 
540172 
540174 
540177 
540180 
540183 
540186 
540191 
540193 
540195 
540197 
540200 
540202 
540204 
540206 
540209 
540212 
540215 
540218 
540223 
540225 
540227 
540229 
540232 
540234 
540236 
540238 
540241 
540244 
540247 
540250 
540255 
540257 
540259 
540261 
540264 
540266 
540268 
540270 
540273 
540276 
540279 
540282 
540287 
540289 
540291 
540293 
540296 
540298 
540300 
540302 
540305 
540308 
540311 
540314 
540319 
540321 
540323 
540325 
540328 
540330 
540332 
540334 
540337 
540340 
540343 
540346 
540351 
540353 
540355 
540357 
540360 
540362 
540364 
540366 
540369 
540372 
540375 
540378 
540383 
540385 
540387 
540389 
540392 
540394 
540396 
540398 
540401 
540404 
540407 
540410 
540415 
540417 
540419 
540421 
540424 
540426 
540428 
540430 
540433 
540436 
540439 
540442 
540447 
540449 
540451 
540453 
540456 
540458 
540460 
540462 
540465 
540468 
540471 
540474 
540479 
540481 
540483 
540485 
540488 
540490 
540492 
540494 
540497 
540500 
540503 
540506 
540511 
540513 
540515 
540517 
540520 
540522 
540524 
540526 
540529 
540531 
540533 
540535 
540538 
540540 
540542 
540544 
540547 
540549 
540551 
540553 
540556 
540558 
540560 
540562 
540565 
540567 
540569 
540571 
540574 
540576 
540578 
540580 
540583 
540585 
540587 
540589 
540592 
540594 
540596 
540598 
540601 
540603 
540605 
540607 
540610 
540612 
540614 
540616 
540619 
540621 
540623 
540625 
540628 
540630 
540632 
540634 
540637 
540639 
540641 
540643 
540646 
540648 
540650 
540652 
540655 
540657 
540659 
540661 
540664 
540667 
540670 
540673 
540678 
540680 
540682 
540684 
540687 
540690 
540693 
540696 
540701 
540704 
540707 
540710 
540715 
540717 
540719 
540721 
540724 
540727 
540730 
540733 
540738 
540741 
540744 
540747 
540752 
540754 
540756 
540758 
540761 
540764 
540767 
540770 
540775 
540778 
540781 
540784 
540789 
540791 
540793 
540795 
540798 
540801 
540804 
540807 
540812 
540815 
540818 
540821 
540826 
540828 
540830 
540832 
540835 
540838 
540841 
540844 
540849 
540852 
540855 
540858 
540863 
540865 
540867 
540869 
540872 
540875 
540878 
540881 
540886 
540889 
540892 
540895 
540900 
540902 
540904 
540906 
540909 
540912 
540915 
540918 
540923 
540926 
540929 
540932 
540937 
540939 
540941 
540943 
540946 
540949 
540952 
540955 
540960 
540963 
540966 
540969 
540974 
540976 
540978 
540980 
540983 
540986 
540989 
540992 
540997 
541000 
541003 
541006 
541011 
541013 
541015 
541017 
541020 
541023 
541026 
541029 
541034 
541037 
541040 
541043 
541048 
541050 
541052 
541054 
541057 
541060 
541063 
541066 
541071 
541074 
541077 
541080 
541085 
541087 
541089 
541091 
541094 
541097 
541100 
541103 
541108 
541111 
541114 
541117 
541122 
541124 
541126 
541128 
541131 
541134 
541137 
541140 
541145 
541148 
541151 
541154 
541159 
541161 
541163 
541165 
541168 
541171 
541174 
541177 
541182 
541185 
541188 
541191 
541196 
541198 
541200 
541202 
541205 
541208 
541211 
541214 
541219 
541221 
541223 
541225 
541228 
541230 
541232 
541234 
541237 
541239 
541241 
541243 
541246 
541248 
541250 
541252 
541255 
541257 
541259 
541261 
541264 
541266 
541268 
541270 
541273 
541275 
541277 
541279 
541282 
541284 
541286 
541288 
541291 
541293 
541295 
541297 
541300 
541301 
541302 
541303 
541304 
541310 
541316 
541322 
541333 
541339 
541345 
541351 
541362 
541368 
541374 
541380 
541391 
541397 
541403 
541409 
541420 
541425 
541430 
541435 
541444 
541449 
541454 
541459 
541468 
541474 
541479 
541488 
541494 
541500 
541506 
541517 
541521 
541525 
541529 
541536 
541540 
541544 
541548 
541555 
541558 
541561 
541564 
541569 
541573 
541577 
541581 
541588 
541593 
541598 
541603 
541612 
541616 
541620 
541627 
541632 
541637 
541642 
541651 
541656 
541661 
541666 
541675 
541681 
541686 
541695 
541700 
541707 
541711 
541715 
541719 
541726 
541730 
541734 
541738 
541745 
541750 
541755 
541760 
541769 
541772 
541775 
541778 
541783 
541787 
541791 
541795 
541802 
541808 
541812 
541819 
541824 
541828 
541835 
541841 
541846 
541855 
541859 
541863 
541867 
541874 
541879 
541884 
541889 
541898 
541902 
541906 
541910 
541917 
541921 
541925 
541929 
541936 
541941 
541946 
541951 
541960 
541965 
541970 
541975 
541984 
541989 
541994 
541999 
542008 
542016 
542024 
542032 
542047 
542050 
542053 
542056 
542061 
542066 
542071 
542076 
542085 
542089 
542093 
542097 
542104 
542110 
542116 
542122 
542133 
542137 
542141 
542145 
542152 
542155 
542158 
542161 
542166 
542170 
542174 
542178 
542185 
542189 
542193 
542197 
542204 
542207 
542210 
542213 
542218 
542221 
542224 
542227 
542232 
542235 
542238 
542241 
542246 
542248 
542250 
542252 
542255 
542258 
542261 
542264 
542269 
542272 
542275 
542278 
542283 
542284 
542285 
542286 
542287 
542298 
542311 
542317 
542323 
542329 
542340 
542345 
542349 
542356 
542362 
542368 
542374 
542385 
542391 
542397 
542403 
542414 
542418 
542422 
542426 
542433 
542438 
542443 
542448 
542457 
542462 
542467 
542472 
542481 
542487 
542493 
542499 
542510 
542515 
542520 
542525 
542534 
542539 
542544 
542549 
542558 
542563 
542568 
542573 
542582 
542585 
542588 
542593 
542597 
542601 
542605 
542612 
542614 
542616 
542619 
542627 
542633 
542644 
542650 
542657 
542660 
542663 
542666 
542671 
542675 
542678 
542683 
542684 
542685 
542686 
542692 
542698 
542704 
542715 
542721 
542727 
542733 
542744 
542750 
542756 
542762 
542773 
542778 
542783 
542788 
542797 
542803 
542809 
542815 
542826 
542832 
542838 
542844 
542855 
542860 
542865 
542870 
542879 
542885 
542891 
542897 
542908 
542913 
542918 
542923 
542932 
542938 
542944 
542950 
542961 
542965 
542969 
542973 
542980 
542987 
542994 
543001 
543014 
543020 
543026 
543032 
543043 
543048 
543053 
543058 
543067 
543073 
543079 
543085 
543096 
543101 
543106 
543111 
543120 
543125 
543130 
543135 
543144 
543149 
543154 
543159 
543168 
543171 
543174 
543177 
543182 
543186 
543190 
543194 
543201 
543206 
543211 
543216 
543225 
543230 
543235 
543240 
543249 
543255 
543261 
543267 
543278 
543283 
543288 
543293 
543302 
543308 
543314 
543320 
543331 
543335 
543339 
543343 
543350 
543354 
543358 
543362 
543369 
543374 
543379 
543384 
543393 
543398 
543403 
543408 
543417 
543421 
543425 
543429 
543436 
543441 
543446 
543451 
543460 
543466 
543472 
543478 
543489 
543496 
543503 
543510 
543523 
543528 
543533 
543538 
543547 
543551 
543555 
543559 
543566 
543570 
543574 
543578 
543585 
543590 
543595 
543600 
543609 
543613 
543617 
543621 
543628 
543634 
543643 
543647 
543651 
543655 
543662 
543667 
543672 
543677 
543686 
543691 
543696 
543701 
543710 
543718 
543723 
543728 
543733 
543742 
543746 
543750 
543754 
543761 
543765 
543769 
543773 
543780 
543785 
543790 
543795 
543804 
543808 
543812 
543816 
543823 
543829 
543834 
543843 
543847 
543851 
543855 
543862 
543865 
543868 
543871 
543876 
543879 
543882 
543885 
543890 
543893 
543896 
543899 
543904 
543906 
543908 
543910 
543913 
543914 
543915 
543916 
543917 
543925 
543930 
543937 
543942 
543946 
543951 
543959 
543962 
543966 
543971 
543979 
543982 
543988 
543991 
543994 
543999 
544004 
544009 
544014 
544023 
544027 
544031 
544035 
544042 
544045 
544048 
544051 
544056 
544059 
544062 
544065 
544070 
544073 
544076 
544079 
544084 
544087 
544090 
544093 
544098 
544103 
544108 
544113 
544122 
544126 
544130 
544134 
544141 
544143 
544145 
544147 
544150 
544154 
544158 
544162 
544169 
544173 
544177 
544181 
544188 
544192 
544196 
544200 
544207 
544209 
544211 
544213 
544216 
544220 
544224 
544228 
544235 
544238 
544241 
544244 
544249 
544253 
544257 
544261 
544268 
544270 
544272 
544274 
544277 
544281 
544285 
544289 
544296 
544300 
544304 
544308 
544315 
544317 
544319 
544321 
544324 
544328 
544332 
544336 
544343 
544346 
544349 
544352 
544357 
544362 
544367 
544372 
544381 
544385 
544389 
544393 
544400 
544403 
544406 
544409 
544414 
544417 
544420 
544423 
544428 
544430 
544432 
544434 
544437 
544440 
544443 
544446 
544451 
544455 
544459 
544463 
544470 
544472 
544474 
544476 
544479 
544483 
544487 
544491 
544498 
544501 
544504 
544507 
544512 
544516 
544520 
544524 
544531 
544532 
544533 
544534 
544535 
544538 
544541 
544544 
544549 
544553 
544557 
544561 
544568 
544572 
544577 
544580 
544583 
544586 
544591 
544594 
544597 
544600 
544605 
544610 
544615 
544620 
544629 
544632 
544635 
544638 
544643 
544645 
544647 
544649 
544652 
544655 
544658 
544661 
544666 
544670 
544674 
544678 
544685 
544689 
544693 
544697 
544704 
544707 
544710 
544713 
544718 
544721 
544724 
544727 
544732 
544736 
544740 
544744 
544751 
544754 
544757 
544760 
544765 
544767 
544769 
544771 
544774 
544777 
544780 
544783 
544788 
544792 
544796 
544800 
544807 
544813 
544822 
544831 
544834 
544839 
544843 
544850 
544853 
544856 
544859 
544864 
544867 
544870 
544875 
544877 
544879 
544882 
544885 
544890 
544894 
544896 
544899 
544900 
544901 
544904 
544907 
544910 
544915 
544918 
544921 
544924 
544929 
544932 
544935 
544940 
544948 
544952 
544957 
544964 
544967 
544970 
544974 
544979 
544983 
544986 
544991 
544994 
544997 
545002 
545003 
545004 
545005 
545009 
545013 
545017 
545024 
545027 
545030 
545033 
545038 
545041 
545044 
545047 
545052 
545054 
545056 
545058 
545061 
545064 
545067 
545070 
545075 
545077 
545079 
545081 
545084 
545087 
545090 
545093 
545098 
545099 
545100 
545101 
545102 
545111 
545114 
545119 
545123 
545128 
545133 
545138 
545143 
545152 
545155 
545157 
545160 
545165 
545170 
545175 
545184 
545188 
545192 
545196 
545203 
545207 
545211 
545215 
545222 
545226 
545230 
545234 
545241 
545244 
545247 
545250 
545255 
545260 
545265 
545270 
545279 
545282 
545285 
545288 
545293 
545297 
545301 
545305 
545312 
545314 
545316 
545318 
545321 
545325 
545329 
545333 
545340 
545342 
545344 
545346 
545349 
545352 
545355 
545358 
545363 
545366 
545369 
545372 
545377 
545380 
545383 
545386 
545391 
545392 
545393 
545394 
545395 
545399 
545403 
545407 
545414 
545417 
545420 
545423 
545428 
545431 
545434 
545437 
545442 
545444 
545446 
545448 
545451 
545454 
545457 
545460 
545465 
545467 
545469 
545471 
545474 
545476 
545478 
545480 
545483 
545484 
545485 
545486 
545487 
545491 
545495 
545499 
545506 
545511 
545516 
545521 
545530 
545533 
545536 
545539 
545544 
545547 
545550 
545553 
545558 
545562 
545566 
545570 
545577 
545580 
545583 
545586 
545591 
545594 
545597 
545600 
545605 
545609 
545613 
545617 
545624 
545626 
545628 
545630 
545633 
545636 
545639 
545642 
545647 
545649 
545651 
545653 
545656 
545659 
545662 
545665 
545670 
545673 
545676 
545679 
545684 
545686 
545688 
545690 
545693 
545695 
545697 
545699 
545702 
545706 
545710 
545714 
545721 
545725 
545729 
545733 
545740 
545744 
545748 
545752 
545759 
545761 
545763 
545765 
545768 
545771 
545774 
545777 
545782 
545784 
545786 
545788 
545791 
545794 
545797 
545800 
545805 
545806 
545807 
545808 
545809 
545813 
545817 
545821 
545828 
545832 
545836 
545840 
545847 
545849 
545851 
545853 
545856 
545861 
545866 
545871 
545880 
545882 
545884 
545886 
545889 
545893 
545897 
545901 
545908 
545912 
545916 
545920 
545927 
545931 
545935 
545939 
545946 
545950 
545954 
545958 
545965 
545968 
545971 
545974 
545979 
545983 
545987 
545991 
545998 
546001 
546004 
546007 
546012 
546016 
546020 
546024 
546031 
546033 
546035 
546037 
546040 
546043 
546046 
546049 
546054 
546056 
546058 
546060 
546063 
546066 
546069 
546072 
546077 
546081 
546085 
546089 
546096 
546099 
546102 
546105 
546110 
546111 
546112 
546113 
546114 
546118 
546122 
546126 
546133 
546136 
546139 
546142 
546147 
546150 
546153 
546156 
546161 
546163 
546165 
546167 
546170 
546173 
546176 
546179 
546184 
546186 
546188 
546190 
546193 
546195 
546197 
546199 
546202 
546203 
546204 
546205 
546206 
546211 
546215 
546222 
546226 
546230 
546234 
546241 
546243 
546245 
546247 
546250 
546254 
546258 
546262 
546269 
546271 
546273 
546275 
546278 
546281 
546284 
546287 
546292 
546295 
546298 
546301 
546306 
546309 
546312 
546315 
546320 
546321 
546322 
546323 
546324 
546328 
546332 
546336 
546343 
546345 
546347 
546349 
546352 
546356 
546360 
546364 
546371 
546373 
546375 
546377 
546380 
546383 
546386 
546389 
546394 
546397 
546400 
546403 
546408 
546410 
546412 
546414 
546417 
546418 
546419 
546420 
546421 
546424 
546427 
546430 
546435 
546437 
546439 
546441 
546444 
546447 
546450 
546453 
546458 
546459 
546460 
546461 
546462 
546464 
546466 
546468 
546471 
546474 
546477 
546480 
546485 
546486 
546487 
546488 
546489 
546493 
546497 
546501 
546508 
546512 
546516 
546520 
546527 
546530 
546533 
546536 
546541 
546545 
546549 
546553 
546560 
546564 
546568 
546572 
546579 
546582 
546585 
546588 
546593 
546595 
546597 
546599 
546602 
546605 
546608 
546611 
546616 
546617 
546618 
546619 
546620 
546624 
546628 
546632 
546639 
546643 
546647 
546651 
546658 
546661 
546664 
546667 
546672 
546675 
546678 
546681 
546686 
546689 
546692 
546695 
546700 
546703 
546706 
546709 
546714 
546716 
546718 
546720 
546723 
546726 
546729 
546732 
546737 
546738 
546739 
546740 
546741 
546745 
546749 
546753 
546760 
546764 
546768 
546772 
546779 
546782 
546785 
546788 
546793 
546796 
546799 
546802 
546807 
546810 
546813 
546816 
546821 
546824 
546827 
546830 
546835 
546837 
546839 
546841 
546844 
546847 
546850 
546853 
546858 
546859 
546860 
546861 
546862 
546866 
546870 
546874 
546881 
546885 
546889 
546893 
546900 
546903 
546906 
546909 
546914 
546917 
546920 
546923 
546928 
546931 
546934 
546937 
546942 
546945 
546948 
546951 
546956 
546958 
546960 
546962 
546965 
546968 
546971 
546974 
546979 
546980 
546981 
546982 
546983 
546987 
546991 
546995 
547002 
547006 
547010 
547014 
547021 
547024 
547027 
547030 
547035 
547038 
547041 
547044 
547049 
547052 
547055 
547058 
547063 
547066 
547069 
547072 
547077 
547079 
547081 
547083 
547086 
547089 
547092 
547095 
547100 
547101 
547102 
547103 
547104 
547108 
547112 
547116 
547123 
547127 
547131 
547135 
547142 
547145 
547148 
547151 
547156 
547159 
547162 
547165 
547170 
547173 
547176 
547179 
547184 
547187 
547190 
547193 
547198 
547200 
547202 
547204 
547207 
547210 
547213 
547216 
547221 
547222 
547223 
547224 
547225 
547230 
547235 
547240 
547249 
547254 
547259 
547264 
547273 
547279 
547285 
547291 
547302 
547310 
547319 
547326 
547331 
547340 
547345 
547350 
547355 
547364 
547369 
547374 
547379 
547388 
547393 
547398 
547403 
547412 
547419 
547426 
547433 
547446 
547452 
547458 
547464 
547475 
547480 
547485 
547490 
547499 
547504 
547509 
547514 
547523 
547528 
547533 
547538 
547547 
547553 
547559 
547565 
547576 
547580 
547584 
547588 
547595 
547600 
547605 
547610 
547619 
547624 
547629 
547634 
547643 
547649 
547655 
547661 
547672 
547678 
547684 
547690 
547701 
547705 
547709 
547713 
547720 
547725 
547730 
547735 
547744 
547749 
547754 
547759 
547768 
547774 
547780 
547786 
547797 
547801 
547805 
547809 
547816 
547819 
547822 
547825 
547830 
547834 
547838 
547842 
547849 
547855 
547861 
547867 
547878 
547883 
547888 
547893 
547902 
547906 
547910 
547914 
547921 
547924 
547927 
547930 
547935 
547939 
547943 
547947 
547954 
547957 
547960 
547963 
547968 
547973 
547978 
547983 
547992 
547996 
548000 
548004 
548011 
548014 
548017 
548020 
548025 
548029 
548033 
548037 
548044 
548049 
548054 
548059 
548068 
548072 
548076 
548080 
548087 
548091 
548095 
548099 
548106 
548111 
548116 
548121 
548130 
548133 
548136 
548139 
548144 
548148 
548152 
548156 
548163 
548169 
548175 
548181 
548192 
548195 
548198 
548201 
548206 
548209 
548212 
548215 
548220 
548223 
548226 
548229 
548234 
548237 
548240 
548243 
548248 
548254 
548260 
548266 
548277 
548280 
548283 
548286 
548291 
548295 
548299 
548303 
548310 
548314 
548318 
548322 
548329 
548334 
548339 
548344 
548353 
548357 
548361 
548365 
548372 
548376 
548380 
548384 
548391 
548395 
548399 
548403 
548410 
548414 
548418 
548422 
548429 
548433 
548437 
548441 
548448 
548452 
548456 
548460 
548467 
548470 
548473 
548476 
548481 
548484 
548487 
548490 
548495 
548498 
548501 
548504 
548509 
548513 
548520 
548523 
548526 
548529 
548534 
548537 
548540 
548543 
548548 
548550 
548552 
548554 
548557 
548559 
548561 
548563 
548566 
548569 
548572 
548575 
548580 
548581 
548582 
548583 
548584 
548586 
548588 
548590 
548593 
548596 
548599 
548602 
548607 
548609 
548611 
548613 
548616 
548619 
548622 
548625 
548630 
548633 
548636 
548639 
548644 
548646 
548648 
548650 
548653 
548655 
548657 
548659 
548662 
548664 
548666 
548668 
548671 
548672 
548673 
548674 
548678 
548683 
548686 
548693 
548702 
548707 
548714 
548716 
548719 
548725 
548726 
548727 
548731 
548738 
548742 
548746 
548750 
548757 
548760 
548765 
548769 
548772 
548777 
548779 
548782 
548786 
548789 
548794 
548795 
548796 
548801 
548806 
548811 
548820 
548823 
548826 
548829 
548834 
548837 
548840 
548843 
548848 
548851 
548854 
548857 
548862 
548863 
548864 
548865 
548866 
548870 
548874 
548878 
548885 
548890 
548895 
548900 
548909 
548913 
548917 
548921 
548928 
548932 
548936 
548940 
548947 
548950 
548953 
548956 
548961 
548965 
548969 
548973 
548980 
548983 
548986 
548989 
548994 
548997 
549000 
549003 
549008 
549009 
549010 
549011 
549012 
549015 
549018 
549021 
549026 
549030 
549034 
549038 
549045 
549048 
549051 
549054 
549059 
549062 
549065 
549068 
549073 
549076 
549079 
549082 
549087 
549088 
549089 
549090 
549091 
549094 
549097 
549100 
549105 
549109 
549113 
549117 
549124 
549127 
549130 
549133 
549138 
549141 
549144 
549147 
549152 
549155 
549158 
549161 
549166 
549167 
549168 
549169 
549170 
549173 
549176 
549179 
549184 
549188 
549192 
549196 
549203 
549206 
549209 
549212 
549217 
549220 
549223 
549226 
549231 
549234 
549237 
549240 
549245 
549246 
549247 
549248 
549249 
549252 
549255 
549258 
549263 
549267 
549271 
549275 
549282 
549285 
549288 
549291 
549296 
549299 
549302 
549305 
549310 
549313 
549316 
549319 
549324 
549325 
549326 
549327 
549328 
549331 
549334 
549337 
549342 
549346 
549350 
549354 
549361 
549364 
549367 
549370 
549375 
549378 
549381 
549384 
549389 
549392 
549395 
549398 
549403 
549404 
549405 
549406 
549407 
549410 
549413 
549416 
549421 
549425 
549429 
549433 
549440 
549443 
549446 
549449 
549454 
549457 
549460 
549463 
549468 
549471 
549474 
549477 
549482 
549483 
549484 
549485 
549486 
549489 
549492 
549495 
549500 
549504 
549508 
549512 
549519 
549522 
549525 
549528 
549533 
549536 
549539 
549542 
549547 
549550 
549553 
549556 
549561 
549562 
549563 
549564 
549565 
549568 
549571 
549574 
549579 
549583 
549587 
549591 
549598 
549601 
549604 
549607 
549612 
549615 
549618 
549621 
549626 
549629 
549632 
549635 
549640 
549641 
549642 
549643 
549644 
549647 
549650 
549653 
549658 
549662 
549666 
549670 
549677 
549680 
549683 
549686 
549691 
549694 
549697 
549700 
549705 
549708 
549711 
549714 
549719 
549720 
549721 
549722 
549723 
549726 
549729 
549732 
549737 
549740 
549743 
549746 
549751 
549753 
549755 
549757 
549760 
549763 
549766 
549769 
549774 
549778 
549782 
549786 
549793 
549796 
549799 
549802 
549807 
549811 
549815 
549819 
549826 
549830 
549834 
549838 
549845 
549848 
549851 
549854 
549859 
549862 
549865 
549868 
549873 
549876 
549879 
549882 
549887 
549888 
549889 
549890 
549891 
549894 
549897 
549900 
549905 
549909 
549913 
549917 
549924 
549927 
549930 
549933 
549938 
549941 
549944 
549947 
549952 
549956 
549960 
549964 
549971 
549974 
549977 
549980 
549985 
549988 
549991 
549994 
549999 
550002 
550005 
550008 
550013 
550014 
550015 
550016 
550017 
550020 
550023 
550026 
550031 
550035 
550039 
550043 
550050 
550053 
550056 
550059 
550064 
550068 
550072 
550076 
550083 
550086 
550089 
550092 
550097 
550100 
550103 
550106 
550111 
550113 
550115 
550117 
550120 
550123 
550126 
550129 
550134 
550135 
550136 
550137 
550138 
550141 
550144 
550147 
550152 
550156 
550160 
550164 
550171 
550174 
550177 
550180 
550185 
550189 
550193 
550197 
550204 
550207 
550210 
550213 
550218 
550221 
550224 
550227 
550232 
550234 
550236 
550238 
550241 
550244 
550247 
550250 
550255 
550256 
550257 
550258 
550259 
550262 
550265 
550268 
550273 
550277 
550281 
550285 
550292 
550295 
550298 
550301 
550306 
550310 
550314 
550318 
550325 
550328 
550331 
550334 
550339 
550342 
550345 
550348 
550353 
550355 
550357 
550359 
550362 
550365 
550368 
550371 
550376 
550377 
550378 
550379 
550380 
550383 
550386 
550389 
550394 
550398 
550402 
550406 
550413 
550416 
550419 
550422 
550427 
550431 
550435 
550439 
550446 
550449 
550452 
550455 
550460 
550463 
550466 
550469 
550474 
550476 
550478 
550480 
550483 
550486 
550489 
550492 
550497 
550498 
550499 
550500 
550501 
550504 
550507 
550510 
550515 
550519 
550523 
550527 
550534 
550537 
550540 
550543 
550548 
550552 
550556 
550560 
550567 
550570 
550573 
550576 
550581 
550584 
550587 
550590 
550595 
550597 
550599 
550601 
550604 
550607 
550610 
550613 
550618 
550619 
550620 
550621 
550622 
550625 
550628 
550631 
550636 
550640 
550644 
550648 
550655 
550658 
550661 
550664 
550669 
550673 
550677 
550681 
550688 
550691 
550694 
550697 
550702 
550705 
550708 
550711 
550716 
550718 
550720 
550722 
550725 
550728 
550731 
550734 
550739 
550740 
550741 
550742 
550743 
550746 
550749 
550752 
550757 
550761 
550765 
550769 
550776 
550779 
550782 
550785 
550790 
550793 
550796 
550799 
550804 
550808 
550812 
550816 
550823 
550826 
550829 
550832 
550837 
550840 
550843 
550846 
550851 
550854 
550857 
550860 
550865 
550866 
550867 
550868 
550869 
550872 
550875 
550878 
550883 
550887 
550891 
550895 
550902 
550905 
550908 
550911 
550916 
550919 
550922 
550925 
550930 
550934 
550938 
550942 
550949 
550952 
550955 
550958 
550963 
550966 
550969 
550972 
550977 
550980 
550983 
550986 
550991 
550992 
550993 
550994 
550995 
550998 
551001 
551004 
551009 
551013 
551017 
551021 
551028 
551031 
551034 
551037 
551042 
551045 
551048 
551051 
551056 
551060 
551064 
551068 
551075 
551078 
551081 
551084 
551089 
551091 
551093 
551095 
551098 
551101 
551104 
551107 
551112 
551113 
551114 
551115 
551116 
551119 
551122 
551125 
551130 
551134 
551138 
551142 
551149 
551152 
551155 
551158 
551163 
551167 
551171 
551175 
551182 
551186 
551190 
551194 
551201 
551204 
551207 
551210 
551215 
551218 
551221 
551224 
551229 
551232 
551235 
551238 
551243 
551244 
551245 
551246 
551247 
551251 
551255 
551259 
551266 
551269 
551272 
551275 
551280 
551283 
551286 
551289 
551294 
551298 
551302 
551306 
551313 
551316 
551319 
551322 
551327 
551330 
551333 
551336 
551341 
551343 
551345 
551347 
551350 
551353 
551356 
551359 
551364 
551365 
551366 
551367 
551368 
551371 
551374 
551377 
551382 
551386 
551390 
551394 
551401 
551404 
551407 
551410 
551415 
551419 
551423 
551427 
551434 
551437 
551440 
551443 
551448 
551451 
551454 
551457 
551462 
551464 
551466 
551468 
551471 
551474 
551477 
551480 
551485 
551486 
551487 
551488 
551489 
551492 
551495 
551498 
551503 
551507 
551511 
551515 
551522 
551525 
551528 
551531 
551536 
551539 
551542 
551545 
551550 
551554 
551558 
551562 
551569 
551572 
551575 
551578 
551583 
551586 
551589 
551592 
551597 
551600 
551603 
551606 
551611 
551612 
551613 
551614 
551615 
551618 
551621 
551624 
551629 
551633 
551637 
551641 
551648 
551651 
551654 
551657 
551662 
551665 
551668 
551671 
551676 
551680 
551684 
551688 
551695 
551698 
551701 
551704 
551709 
551711 
551713 
551715 
551718 
551721 
551724 
551727 
551732 
551733 
551734 
551735 
551736 
551740 
551744 
551748 
551755 
551758 
551761 
551764 
551769 
551772 
551775 
551778 
551783 
551787 
551791 
551795 
551802 
551806 
551810 
551814 
551821 
551824 
551827 
551830 
551835 
551838 
551841 
551844 
551849 
551852 
551855 
551858 
551863 
551864 
551865 
551866 
551867 
551870 
551873 
551876 
551881 
551885 
551889 
551893 
551900 
551903 
551906 
551909 
551914 
551917 
551920 
551923 
551928 
551932 
551936 
551940 
551947 
551950 
551953 
551956 
551961 
551964 
551967 
551970 
551975 
551978 
551981 
551984 
551989 
551990 
551991 
551992 
551993 
551996 
551999 
552002 
552007 
552011 
552015 
552019 
552026 
552029 
552032 
552035 
552040 
552043 
552046 
552049 
552054 
552058 
552062 
552066 
552073 
552076 
552079 
552082 
552087 
552089 
552091 
552093 
552096 
552099 
552102 
552105 
552110 
552111 
552112 
552113 
552114 
552118 
552122 
552126 
552133 
552136 
552139 
552142 
552147 
552150 
552153 
552156 
552161 
552165 
552169 
552173 
552180 
552184 
552188 
552192 
552199 
552202 
552205 
552208 
552213 
552216 
552219 
552222 
552227 
552230 
552233 
552236 
552241 
552242 
552243 
552244 
552245 
552248 
552251 
552254 
552259 
552263 
552267 
552271 
552278 
552281 
552284 
552287 
552292 
552296 
552300 
552304 
552311 
552315 
552319 
552323 
552330 
552333 
552336 
552339 
552344 
552347 
552350 
552353 
552358 
552361 
552364 
552367 
552372 
552373 
552374 
552375 
552376 
552379 
552382 
552385 
552390 
552394 
552398 
552402 
552409 
552412 
552415 
552418 
552423 
552426 
552429 
552432 
552437 
552441 
552445 
552449 
552456 
552459 
552462 
552465 
552470 
552472 
552474 
552476 
552479 
552482 
552485 
552488 
552493 
552494 
552495 
552496 
552497 
552501 
552505 
552509 
552516 
552519 
552522 
552525 
552530 
552533 
552536 
552539 
552544 
552548 
552552 
552556 
552563 
552567 
552571 
552575 
552582 
552585 
552588 
552591 
552596 
552599 
552602 
552605 
552610 
552613 
552616 
552619 
552624 
552625 
552626 
552627 
552628 
552631 
552634 
552637 
552642 
552646 
552650 
552654 
552661 
552664 
552667 
552670 
552675 
552679 
552683 
552687 
552694 
552698 
552702 
552706 
552713 
552716 
552719 
552722 
552727 
552730 
552733 
552736 
552741 
552744 
552747 
552750 
552755 
552756 
552757 
552758 
552759 
552762 
552765 
552768 
552773 
552777 
552781 
552785 
552792 
552795 
552798 
552801 
552806 
552809 
552812 
552815 
552820 
552824 
552828 
552832 
552839 
552842 
552845 
552848 
552853 
552855 
552857 
552859 
552862 
552865 
552868 
552871 
552876 
552877 
552878 
552879 
552880 
552884 
552888 
552892 
552899 
552902 
552905 
552908 
552913 
552916 
552919 
552922 
552927 
552931 
552935 
552939 
552946 
552950 
552954 
552958 
552965 
552968 
552971 
552974 
552979 
552982 
552985 
552988 
552993 
552996 
552999 
553002 
553007 
553008 
553009 
553010 
553011 
553014 
553017 
553020 
553025 
553029 
553033 
553037 
553044 
553047 
553050 
553053 
553058 
553061 
553064 
553067 
553072 
553076 
553080 
553084 
553091 
553094 
553097 
553100 
553105 
553108 
553111 
553114 
553119 
553122 
553125 
553128 
553133 
553134 
553135 
553136 
553137 
553140 
553143 
553146 
553151 
553155 
553159 
553163 
553170 
553173 
553176 
553179 
553184 
553187 
553190 
553193 
553198 
553202 
553206 
553210 
553217 
553220 
553223 
553226 
553231 
553233 
553235 
553237 
553240 
553243 
553246 
553249 
553254 
553255 
553256 
553257 
553258 
553262 
553266 
553270 
553277 
553280 
553283 
553286 
553291 
553294 
553297 
553300 
553305 
553308 
553311 
553314 
553319 
553323 
553327 
553331 
553338 
553341 
553344 
553347 
553352 
553355 
553358 
553361 
553366 
553369 
553372 
553375 
553380 
553381 
553382 
553383 
553384 
553387 
553390 
553393 
553398 
553402 
553406 
553410 
553417 
553420 
553423 
553426 
553431 
553435 
553439 
553443 
553450 
553454 
553458 
553462 
553469 
553472 
553475 
553478 
553483 
553486 
553489 
553492 
553497 
553500 
553503 
553506 
553511 
553512 
553513 
553514 
553515 
553518 
553521 
553524 
553529 
553533 
553537 
553541 
553548 
553551 
553554 
553557 
553562 
553565 
553568 
553571 
553576 
553580 
553584 
553588 
553595 
553598 
553601 
553604 
553609 
553611 
553613 
553615 
553618 
553621 
553624 
553627 
553632 
553633 
553634 
553635 
553636 
553639 
553642 
553645 
553650 
553654 
553658 
553662 
553669 
553672 
553675 
553678 
553683 
553686 
553689 
553692 
553697 
553701 
553705 
553709 
553716 
553719 
553722 
553725 
553730 
553733 
553736 
553739 
553744 
553747 
553750 
553753 
553758 
553759 
553760 
553761 
553762 
553766 
553770 
553774 
553781 
553785 
553789 
553793 
553800 
553803 
553806 
553809 
553814 
553817 
553820 
553823 
553828 
553832 
553836 
553840 
553847 
553850 
553853 
553856 
553861 
553864 
553867 
553870 
553875 
553878 
553881 
553884 
553889 
553890 
553891 
553892 
553893 
553896 
553899 
553902 
553907 
553911 
553915 
553919 
553926 
553929 
553932 
553935 
553940 
553944 
553948 
553952 
553959 
553963 
553967 
553971 
553978 
553981 
553984 
553987 
553992 
553995 
553998 
554001 
554006 
554009 
554012 
554015 
554020 
554021 
554022 
554023 
554024 
554027 
554030 
554033 
554038 
554042 
554046 
554050 
554057 
554060 
554063 
554066 
554071 
554074 
554077 
554080 
554085 
554089 
554093 
554097 
554104 
554107 
554110 
554113 
554118 
554120 
554122 
554124 
554127 
554130 
554133 
554136 
554141 
554142 
554143 
554144 
554145 
554148 
554151 
554154 
554159 
554163 
554167 
554171 
554178 
554181 
554184 
554187 
554192 
554195 
554198 
554201 
554206 
554208 
554210 
554212 
554215 
554216 
554217 
554218 
554219 
554222 
554225 
554228 
554233 
554237 
554241 
554245 
554252 
554255 
554258 
554261 
554266 
554269 
554272 
554275 
554280 
554284 
554288 
554292 
554299 
554302 
554305 
554308 
554313 
554316 
554319 
554322 
554327 
554329 
554331 
554333 
554336 
554337 
554338 
554339 
554340 
554344 
554348 
554352 
554359 
554363 
554367 
554371 
554378 
554381 
554384 
554387 
554392 
554395 
554398 
554401 
554406 
554410 
554414 
554418 
554425 
554428 
554431 
554434 
554439 
554442 
554445 
554448 
554453 
554455 
554457 
554459 
554462 
554463 
554464 
554465 
554466 
554470 
554474 
554478 
554485 
554489 
554493 
554497 
554504 
554507 
554510 
554513 
554518 
554521 
554524 
554527 
554532 
554536 
554540 
554544 
554551 
554554 
554557 
554560 
554565 
554568 
554571 
554574 
554579 
554581 
554583 
554585 
554588 
554589 
554590 
554591 
554592 
554596 
554600 
554604 
554611 
554615 
554619 
554623 
554630 
554633 
554636 
554639 
554644 
554647 
554650 
554653 
554658 
554662 
554666 
554670 
554677 
554680 
554683 
554686 
554691 
554694 
554697 
554700 
554705 
554707 
554709 
554711 
554714 
554715 
554716 
554717 
554718 
554722 
554726 
554730 
554737 
554741 
554745 
554749 
554756 
554759 
554762 
554765 
554770 
554773 
554776 
554779 
554784 
554788 
554792 
554796 
554803 
554806 
554809 
554812 
554817 
554820 
554823 
554826 
554831 
554833 
554835 
554837 
554840 
554841 
554842 
554843 
554844 
554848 
554852 
554856 
554863 
554867 
554871 
554875 
554882 
554885 
554888 
554891 
554896 
554899 
554902 
554905 
554910 
554914 
554918 
554922 
554929 
554932 
554935 
554938 
554943 
554946 
554949 
554952 
554957 
554959 
554961 
554963 
554966 
554967 
554968 
554969 
554970 
554974 
554978 
554982 
554989 
554993 
554997 
555001 
555008 
555011 
555014 
555017 
555022 
555025 
555028 
555031 
555036 
555040 
555044 
555048 
555055 
555058 
555061 
555064 
555069 
555072 
555075 
555078 
555083 
555085 
555087 
555089 
555092 
555093 
555094 
555095 
555096 
555100 
555104 
555108 
555115 
555119 
555123 
555127 
555134 
555137 
555140 
555143 
555148 
555151 
555154 
555157 
555162 
555166 
555170 
555174 
555181 
555184 
555187 
555190 
555195 
555198 
555201 
555204 
555209 
555211 
555213 
555215 
555218 
555219 
555220 
555221 
555222 
555225 
555228 
555231 
555236 
555240 
555244 
555248 
555255 
555258 
555261 
555264 
555269 
555272 
555275 
555278 
555283 
555287 
555291 
555295 
555302 
555305 
555308 
555311 
555316 
555319 
555322 
555325 
555330 
555332 
555334 
555336 
555339 
555340 
555341 
555342 
555343 
555346 
555349 
555352 
555357 
555360 
555363 
555366 
555371 
555373 
555375 
555377 
555380 
555383 
555386 
555389 
555394 
555397 
555400 
555403 
555408 
555410 
555412 
555414 
555417 
555422 
555427 
555432 
555441 
555445 
555449 
555453 
555460 
555464 
555468 
555472 
555479 
555483 
555487 
555491 
555498 
555503 
555508 
555513 
555522 
555527 
555532 
555537 
555546 
555549 
555552 
555555 
555560 
555565 
555570 
555575 
555584 
555589 
555594 
555599 
555608 
555611 
555614 
555617 
555622 
555626 
555630 
555634 
555641 
555646 
555651 
555656 
555665 
555668 
555671 
555674 
555679 
555682 
555685 
555688 
555693 
555698 
555703 
555708 
555717 
555721 
555726 
555730 
555734 
555738 
555745 
555747 
555749 
555751 
555754 
555758 
555762 
555766 
555773 
555775 
555777 
555779 
555782 
555785 
555788 
555792 
555796 
555803 
555806 
555808 
555811 
555816 
555820 
555827 
555831 
555836 
555841 
555845 
555852 
555856 
555859 
555864 
555868 
555872 
555876 
555883 
555886 
555889 
555892 
555897 
555902 
555906 
555913 
555917 
555922 
555927 
555932 
555937 
555946 
555950 
555954 
555958 
555965 
555969 
555973 
555977 
555984 
555987 
555990 
555993 
555998 
556003 
556008 
556013 
556022 
556026 
556030 
556034 
556041 
556047 
556053 
556059 
556070 
556075 
556080 
556085 
556094 
556097 
556100 
556103 
556108 
556113 
556118 
556123 
556132 
556137 
556142 
556147 
556156 
556161 
556166 
556171 
556180 
556185 
556190 
556195 
556204 
556209 
556214 
556219 
556228 
556232 
556236 
556240 
556247 
556250 
556253 
556256 
556261 
556263 
556265 
556267 
556270 
556273 
556276 
556279 
556284 
556287 
556290 
556293 
556298 
556301 
556304 
556307 
556312 
556313 
556314 
556315 
556316 
556319 
556322 
556325 
556330 
556334 
556337 
556342 
556343 
556344 
556345 
556346 
556350 
556354 
556358 
556365 
556368 
556371 
556374 
556379 
556383 
556387 
556391 
556398 
556403 
556408 
556413 
556422 
556426 
556430 
556434 
556441 
556444 
556447 
556450 
556455 
556459 
556463 
556467 
556474 
556476 
556478 
556480 
556483 
556485 
556487 
556489 
556492 
556496 
556500 
556504 
556511 
556513 
556515 
556517 
556520 
556523 
556526 
556529 
556534 
556537 
556540 
556543 
556548 
556552 
556556 
556560 
556567 
556572 
556577 
556582 
556591 
556594 
556597 
556600 
556605 
556609 
556613 
556617 
556624 
556629 
556634 
556639 
556648 
556651 
556654 
556657 
556662 
556666 
556670 
556674 
556681 
556686 
556691 
556696 
556705 
556709 
556713 
556717 
556724 
556727 
556730 
556733 
556738 
556741 
556744 
556747 
556752 
556757 
556762 
556767 
556776 
556777 
556778 
556779 
556780 
556781 
556782 
556783 
556784 
556789 
556794 
556799 
556808 
556813 
556818 
556823 
556832 
556837 
556842 
556847 
556856 
556861 
556866 
556871 
556880 
556886 
556891 
556900 
556914 
556924 
556930 
556935 
556944 
556949 
556954 
556959 
556968 
556973 
556978 
556983 
556992 
556997 
557002 
557007 
557016 
557021 
557026 
557031 
557040 
557045 
557050 
557055 
557064 
557069 
557074 
557079 
557088 
557092 
557096 
557100 
557107 
557108 
557109 
557110 
557111 
557116 
557121 
557126 
557135 
557140 
557145 
557150 
557159 
557164 
557169 
557174 
557183 
557188 
557193 
557198 
557207 
557213 
557218 
557227 
557241 
557251 
557257 
557262 
557271 
557276 
557281 
557286 
557295 
557300 
557305 
557310 
557319 
557324 
557329 
557334 
557343 
557348 
557353 
557358 
557367 
557372 
557377 
557382 
557391 
557396 
557401 
557406 
557415 
557419 
557423 
557427 
557434 
557435 
557436 
557437 
557438 
557443 
557448 
557453 
557462 
557467 
557472 
557477 
557486 
557491 
557496 
557501 
557510 
557515 
557520 
557525 
557534 
557540 
557545 
557554 
557559 
557568 
557578 
557588 
557598 
557603 
557612 
557618 
557623 
557632 
557637 
557642 
557647 
557656 
557661 
557666 
557671 
557680 
557685 
557690 
557695 
557704 
557709 
557714 
557719 
557728 
557733 
557738 
557743 
557752 
557757 
557762 
557767 
557776 
557780 
557784 
557788 
557795 
557796 
557797 
557798 
557799 
557804 
557809 
557814 
557823 
557828 
557833 
557838 
557847 
557852 
557857 
557862 
557871 
557876 
557881 
557886 
557895 
557900 
557905 
557910 
557919 
557924 
557929 
557934 
557943 
557948 
557953 
557958 
557967 
557972 
557977 
557982 
557991 
557997 
558002 
558011 
558017 
558022 
558031 
558037 
558042 
558051 
558057 
558062 
558071 
558077 
558082 
558091 
558096 
558101 
558106 
558115 
558120 
558125 
558130 
558139 
558144 
558149 
558154 
558163 
558168 
558173 
558178 
558187 
558192 
558197 
558202 
558211 
558216 
558221 
558226 
558235 
558240 
558245 
558250 
558259 
558263 
558267 
558271 
558278 
558279 
558280 
558281 
558282 
558287 
558292 
558297 
558306 
558311 
558316 
558321 
558330 
558335 
558340 
558345 
558354 
558359 
558364 
558369 
558378 
558383 
558388 
558393 
558402 
558407 
558412 
558417 
558426 
558431 
558436 
558441 
558450 
558455 
558460 
558465 
558474 
558479 
558484 
558489 
558498 
558503 
558508 
558513 
558522 
558527 
558532 
558537 
558546 
558551 
558556 
558561 
558570 
558575 
558580 
558585 
558594 
558599 
558604 
558609 
558618 
558623 
558628 
558633 
558642 
558647 
558652 
558657 
558666 
558671 
558676 
558681 
558690 
558695 
558700 
558705 
558714 
558719 
558724 
558729 
558738 
558743 
558748 
558753 
558762 
558766 
558770 
558774 
558781 
558782 
558783 
558784 
558785 
558790 
558795 
558800 
558809 
558814 
558819 
558824 
558833 
558838 
558843 
558848 
558857 
558862 
558867 
558872 
558881 
558886 
558891 
558896 
558905 
558910 
558915 
558920 
558929 
558934 
558939 
558944 
558953 
558958 
558963 
558968 
558977 
558982 
558987 
558992 
559001 
559006 
559011 
559016 
559025 
559030 
559035 
559040 
559049 
559054 
559059 
559064 
559073 
559078 
559083 
559088 
559097 
559102 
559107 
559112 
559121 
559126 
559131 
559136 
559145 
559150 
559155 
559160 
559169 
559174 
559179 
559184 
559193 
559198 
559203 
559208 
559217 
559222 
559227 
559232 
559241 
559246 
559251 
559256 
559265 
559266 
559267 
559268 
559269 
559274 
559279 
559284 
559293 
559298 
559303 
559308 
559317 
559322 
559327 
559332 
559341 
559346 
559351 
559356 
559365 
559370 
559375 
559380 
559389 
559394 
559399 
559404 
559413 
559418 
559423 
559428 
559437 
559442 
559447 
559452 
559461 
559466 
559471 
559476 
559485 
559490 
559495 
559500 
559509 
559514 
559519 
559524 
559533 
559538 
559543 
559548 
559557 
559562 
559567 
559572 
559581 
559586 
559591 
559596 
559605 
559610 
559615 
559620 
559629 
559634 
559639 
559644 
559653 
559658 
559663 
559668 
559677 
559682 
559687 
559692 
559701 
559706 
559711 
559716 
559725 
559730 
559735 
559740 
559749 
559754 
559759 
559764 
559773 
559774 
559775 
559776 
559777 
559782 
559787 
559792 
559801 
559806 
559811 
559816 
559825 
559830 
559835 
559840 
559849 
559854 
559859 
559864 
559873 
559878 
559883 
559888 
559897 
559902 
559907 
559912 
559921 
559926 
559931 
559936 
559945 
559950 
559955 
559960 
559969 
559974 
559979 
559984 
559993 
559998 
560003 
560008 
560017 
560022 
560027 
560032 
560041 
560046 
560051 
560056 
560065 
560070 
560075 
560080 
560089 
560094 
560099 
560104 
560113 
560118 
560123 
560128 
560137 
560142 
560147 
560152 
560161 
560166 
560171 
560176 
560185 
560190 
560195 
560200 
560209 
560214 
560219 
560224 
560233 
560238 
560243 
560248 
560257 
560258 
560259 
560260 
560261 
560266 
560271 
560276 
560285 
560290 
560295 
560300 
560309 
560314 
560319 
560324 
560333 
560338 
560343 
560348 
560357 
560362 
560367 
560372 
560381 
560386 
560391 
560396 
560405 
560410 
560415 
560420 
560429 
560434 
560439 
560444 
560453 
560458 
560463 
560468 
560477 
560482 
560487 
560492 
560501 
560506 
560511 
560516 
560525 
560530 
560535 
560540 
560549 
560554 
560559 
560564 
560573 
560578 
560583 
560588 
560597 
560602 
560607 
560612 
560621 
560626 
560631 
560636 
560645 
560650 
560655 
560660 
560669 
560674 
560679 
560684 
560693 
560698 
560703 
560708 
560717 
560722 
560727 
560732 
560741 
560746 
560751 
560756 
560765 
560766 
560767 
560768 
560769 
560774 
560779 
560784 
560793 
560798 
560803 
560808 
560817 
560822 
560827 
560832 
560841 
560846 
560851 
560856 
560865 
560870 
560875 
560880 
560889 
560894 
560899 
560904 
560913 
560918 
560923 
560928 
560937 
560942 
560947 
560952 
560961 
560966 
560971 
560976 
560985 
560990 
560995 
561000 
561009 
561014 
561019 
561024 
561033 
561038 
561043 
561048 
561057 
561062 
561067 
561072 
561081 
561086 
561091 
561096 
561105 
561110 
561115 
561120 
561129 
561134 
561139 
561144 
561153 
561158 
561163 
561168 
561177 
561182 
561187 
561192 
561201 
561206 
561211 
561216 
561225 
561230 
561235 
561240 
561249 
561250 
561251 
561252 
561253 
561258 
561263 
561268 
561277 
561282 
561287 
561292 
561301 
561306 
561311 
561316 
561325 
561330 
561335 
561340 
561349 
561354 
561359 
561364 
561373 
561378 
561383 
561388 
561397 
561402 
561407 
561412 
561421 
561426 
561431 
561436 
561445 
561450 
561455 
561460 
561469 
561474 
561479 
561484 
561493 
561498 
561503 
561508 
561517 
561522 
561527 
561532 
561541 
561546 
561551 
561556 
561565 
561570 
561575 
561580 
561589 
561594 
561599 
561604 
561613 
561618 
561623 
561628 
561637 
561642 
561647 
561652 
561661 
561666 
561671 
561676 
561685 
561690 
561695 
561700 
561709 
561714 
561719 
561724 
561733 
561738 
561743 
561748 
561757 
561758 
561759 
561760 
561761 
561766 
561771 
561776 
561785 
561790 
561795 
561800 
561809 
561814 
561819 
561824 
561833 
561838 
561843 
561848 
561857 
561862 
561867 
561872 
561881 
561886 
561891 
561896 
561905 
561910 
561915 
561920 
561929 
561934 
561939 
561944 
561953 
561958 
561963 
561968 
561977 
561982 
561987 
561992 
562001 
562006 
562011 
562016 
562025 
562030 
562035 
562040 
562049 
562054 
562059 
562064 
562073 
562078 
562083 
562088 
562097 
562102 
562107 
562112 
562121 
562126 
562131 
562136 
562145 
562150 
562155 
562160 
562169 
562174 
562179 
562184 
562193 
562199 
562204 
562213 
562219 
562228 
562229 
562230 
562231 
562232 
562237 
562242 
562247 
562256 
562261 
562266 
562271 
562280 
562285 
562290 
562295 
562304 
562309 
562314 
562319 
562328 
562333 
562338 
562343 
562352 
562357 
562362 
562367 
562376 
562381 
562386 
562391 
562400 
562405 
562410 
562415 
562424 
562429 
562434 
562439 
562448 
562453 
562458 
562463 
562472 
562477 
562482 
562487 
562496 
562501 
562506 
562511 
562520 
562525 
562530 
562535 
562544 
562549 
562554 
562559 
562568 
562573 
562578 
562583 
562592 
562597 
562602 
562607 
562616 
562621 
562626 
562631 
562640 
562645 
562650 
562655 
562664 
562670 
562675 
562684 
562698 
562699 
562700 
562701 
562702 
562707 
562712 
562717 
562726 
562731 
562736 
562741 
562750 
562755 
562760 
562765 
562774 
562779 
562784 
562789 
562798 
562803 
562808 
562813 
562822 
562827 
562832 
562837 
562846 
562851 
562856 
562861 
562870 
562875 
562880 
562885 
562894 
562899 
562904 
562909 
562918 
562923 
562928 
562933 
562942 
562947 
562952 
562957 
562966 
562971 
562976 
562981 
562990 
562995 
563000 
563005 
563014 
563019 
563024 
563029 
563038 
563043 
563048 
563053 
563062 
563067 
563072 
563077 
563086 
563091 
563096 
563101 
563110 
563115 
563120 
563125 
563134 
563141 
563150 
563160 
563161 
563162 
563163 
563164 
563169 
563174 
563179 
563188 
563193 
563198 
563203 
563212 
563217 
563222 
563227 
563236 
563241 
563246 
563251 
563260 
563265 
563270 
563275 
563284 
563289 
563294 
563299 
563308 
563313 
563318 
563323 
563332 
563337 
563342 
563347 
563356 
563361 
563366 
563371 
563380 
563385 
563390 
563395 
563404 
563409 
563414 
563419 
563428 
563433 
563438 
563443 
563452 
563457 
563462 
563467 
563476 
563481 
563486 
563491 
563500 
563505 
563510 
563515 
563524 
563529 
563534 
563539 
563548 
563553 
563558 
563563 
563572 
563577 
563582 
563587 
563596 
563602 
563617 
563618 
563619 
563620 
563621 
563626 
563631 
563636 
563645 
563650 
563655 
563660 
563669 
563674 
563679 
563684 
563693 
563698 
563703 
563708 
563717 
563722 
563727 
563732 
563741 
563746 
563751 
563756 
563765 
563770 
563775 
563780 
563789 
563794 
563799 
563804 
563813 
563818 
563823 
563828 
563837 
563842 
563847 
563852 
563861 
563866 
563871 
563876 
563885 
563890 
563895 
563900 
563909 
563914 
563919 
563924 
563933 
563938 
563943 
563948 
563957 
563962 
563967 
563972 
563981 
563986 
563991 
563996 
564005 
564010 
564015 
564020 
564029 
564034 
564039 
564044 
564053 
564059 
564074 
564075 
564076 
564077 
564078 
564083 
564088 
564093 
564102 
564107 
564112 
564117 
564126 
564131 
564136 
564141 
564150 
564155 
564160 
564165 
564174 
564179 
564184 
564189 
564198 
564203 
564208 
564213 
564222 
564227 
564232 
564237 
564246 
564251 
564256 
564261 
564270 
564275 
564280 
564285 
564294 
564299 
564304 
564309 
564318 
564323 
564328 
564333 
564342 
564347 
564352 
564357 
564366 
564371 
564376 
564381 
564390 
564395 
564400 
564405 
564414 
564419 
564424 
564429 
564438 
564443 
564448 
564453 
564462 
564467 
564472 
564477 
564486 
564491 
564496 
564501 
564510 
564517 
564526 
564532 
564541 
564542 
564543 
564544 
564545 
564550 
564555 
564560 
564569 
564574 
564579 
564584 
564593 
564598 
564603 
564608 
564617 
564622 
564627 
564632 
564641 
564646 
564651 
564656 
564665 
564670 
564675 
564680 
564689 
564694 
564699 
564704 
564713 
564718 
564723 
564728 
564737 
564742 
564747 
564752 
564761 
564766 
564771 
564776 
564785 
564790 
564795 
564800 
564809 
564814 
564819 
564824 
564833 
564838 
564843 
564848 
564857 
564862 
564867 
564872 
564881 
564886 
564891 
564896 
564905 
564910 
564915 
564920 
564929 
564934 
564939 
564944 
564953 
564958 
564963 
564968 
564977 
564982 
564987 
564992 
565001 
565006 
565011 
565016 
565025 
565026 
565027 
565028 
565029 
565034 
565039 
565044 
565053 
565058 
565063 
565068 
565077 
565082 
565087 
565092 
565101 
565106 
565111 
565116 
565125 
565130 
565135 
565140 
565149 
565154 
565159 
565164 
565173 
565178 
565183 
565188 
565197 
565202 
565207 
565212 
565221 
565226 
565231 
565236 
565245 
565250 
565255 
565260 
565269 
565274 
565279 
565284 
565293 
565298 
565303 
565308 
565317 
565322 
565327 
565332 
565341 
565346 
565351 
565356 
565365 
565370 
565375 
565380 
565389 
565394 
565399 
565404 
565413 
565418 
565423 
565428 
565437 
565442 
565447 
565452 
565461 
565466 
565471 
565476 
565485 
565490 
565495 
565500 
565509 
565514 
565519 
565524 
565533 
565538 
565543 
565548 
565557 
565562 
565567 
565572 
565581 
565585 
565589 
565593 
565600 
565601 
565602 
565603 
565604 
565609 
565614 
565619 
565628 
565633 
565638 
565643 
565652 
565657 
565662 
565667 
565676 
565681 
565686 
565691 
565700 
565705 
565710 
565715 
565724 
565729 
565734 
565739 
565748 
565753 
565758 
565763 
565772 
565777 
565782 
565787 
565796 
565801 
565806 
565811 
565820 
565825 
565830 
565835 
565844 
565849 
565854 
565859 
565868 
565873 
565878 
565883 
565892 
565897 
565902 
565907 
565916 
565921 
565926 
565931 
565940 
565945 
565950 
565955 
565964 
565969 
565974 
565979 
565988 
565993 
565998 
566003 
566012 
566017 
566022 
566027 
566036 
566041 
566046 
566051 
566060 
566065 
566070 
566075 
566084 
566089 
566094 
566099 
566108 
566113 
566118 
566123 
566132 
566137 
566142 
566147 
566156 
566161 
566166 
566171 
566180 
566181 
566182 
566183 
566184 
566189 
566194 
566199 
566208 
566213 
566218 
566223 
566232 
566237 
566242 
566247 
566256 
566261 
566266 
566271 
566280 
566285 
566290 
566295 
566304 
566309 
566314 
566319 
566328 
566333 
566338 
566343 
566352 
566357 
566362 
566367 
566376 
566381 
566386 
566391 
566400 
566405 
566410 
566415 
566424 
566429 
566434 
566439 
566448 
566453 
566458 
566463 
566472 
566477 
566482 
566487 
566496 
566501 
566506 
566511 
566520 
566525 
566530 
566535 
566544 
566549 
566554 
566559 
566568 
566573 
566578 
566583 
566592 
566597 
566602 
566607 
566616 
566621 
566626 
566631 
566640 
566645 
566650 
566655 
566664 
566669 
566674 
566679 
566688 
566693 
566698 
566703 
566712 
566717 
566722 
566727 
566736 
566741 
566746 
566751 
566760 
566761 
566762 
566763 
566764 
566769 
566774 
566779 
566788 
566793 
566798 
566803 
566812 
566817 
566822 
566827 
566836 
566841 
566846 
566851 
566860 
566865 
566870 
566875 
566884 
566889 
566894 
566899 
566908 
566913 
566918 
566923 
566932 
566937 
566942 
566947 
566956 
566961 
566966 
566971 
566980 
566985 
566990 
566995 
567004 
567009 
567014 
567019 
567028 
567033 
567038 
567043 
567052 
567057 
567062 
567067 
567076 
567081 
567086 
567091 
567100 
567105 
567110 
567115 
567124 
567129 
567134 
567139 
567148 
567153 
567158 
567163 
567172 
567177 
567182 
567187 
567196 
567201 
567206 
567211 
567220 
567225 
567230 
567235 
567244 
567249 
567254 
567259 
567268 
567273 
567278 
567283 
567292 
567297 
567302 
567307 
567316 
567321 
567326 
567331 
567340 
567341 
567342 
567343 
567344 
567349 
567354 
567359 
567368 
567373 
567378 
567383 
567392 
567397 
567402 
567407 
567416 
567421 
567426 
567431 
567440 
567445 
567450 
567455 
567464 
567469 
567474 
567479 
567488 
567493 
567498 
567503 
567512 
567517 
567522 
567527 
567536 
567541 
567546 
567551 
567560 
567565 
567570 
567575 
567584 
567589 
567594 
567599 
567608 
567613 
567618 
567623 
567632 
567637 
567642 
567647 
567656 
567661 
567666 
567671 
567680 
567685 
567690 
567695 
567704 
567709 
567714 
567719 
567728 
567733 
567738 
567743 
567752 
567757 
567762 
567767 
567776 
567781 
567786 
567791 
567800 
567805 
567810 
567815 
567824 
567829 
567834 
567839 
567848 
567853 
567858 
567863 
567872 
567877 
567882 
567887 
567896 
567901 
567906 
567911 
567920 
567921 
567922 
567923 
567924 
567928 
567932 
567936 
567943 
567947 
567951 
567955 
567962 
567966 
567970 
567974 
567981 
567985 
567989 
567993 
568000 
568004 
568008 
568012 
568019 
568023 
568027 
568031 
568038 
568042 
568046 
568050 
568057 
568061 
568065 
568069 
568076 
568080 
568084 
568088 
568095 
568099 
568103 
568107 
568114 
568118 
568122 
568126 
568133 
568137 
568141 
568145 
568152 
568156 
568160 
568164 
568171 
568175 
568179 
568183 
568190 
568194 
568198 
568202 
568209 
568213 
568217 
568221 
568228 
568232 
568236 
568240 
568247 
568251 
568255 
568259 
568266 
568270 
568274 
568278 
568285 
568289 
568293 
568297 
568304 
568308 
568312 
568316 
568323 
568326 
568329 
568332 
568337 
568338 
568339 
568340 
568341 
568346 
568351 
568356 
568365 
568370 
568375 
568380 
568389 
568394 
568399 
568404 
568413 
568418 
568423 
568428 
568437 
568444 
568449 
568458 
568463 
568468 
568477 
568480 
568485 
568489 
568496 
568501 
568506 
568515 
568522 
568527 
568536 
568541 
568546 
568551 
568560 
568565 
568570 
568575 
568584 
568589 
568594 
568599 
568608 
568613 
568618 
568623 
568632 
568637 
568642 
568647 
568656 
568661 
568666 
568671 
568680 
568684 
568688 
568692 
568699 
568700 
568701 
568702 
568703 
568708 
568713 
568718 
568727 
568728 
568729 
568730 
568731 
568736 
568741 
568746 
568755 
568758 
568761 
568764 
568769 
568774 
568779 
568784 
568793 
568795 
568797 
568799 
568802 
568807 
568812 
568817 
568826 
568827 
568828 
568829 
568830 
568835 
568840 
568845 
568854 
568855 
568856 
568857 
568858 
568863 
568868 
568873 
568882 
568883 
568884 
568885 
568886 
568891 
568896 
568901 
568910 
568911 
568912 
568913 
568914 
568919 
568924 
568929 
568938 
568939 
568940 
568941 
568942 
568947 
568952 
568957 
568966 
568967 
568968 
568969 
568970 
568975 
568980 
568985 
568994 
568995 
568996 
568997 
568998 
569003 
569008 
569013 
569022 
569023 
569024 
569025 
569026 
569031 
569036 
569041 
569050 
569051 
569052 
569053 
569054 
569059 
569064 
569069 
569078 
569079 
569080 
569081 
569082 
569087 
569092 
569097 
569106 
569107 
569108 
569109 
569110 
569115 
569120 
569125 
569134 
569140 
569141 
569142 
569143 
569144 
569149 
569154 
569159 
569169 
569170 
569171 
569172 
569173 
569178 
569183 
569188 
569197 
569199 
569202 
569203 
569204 
569205 
569206 
569211 
569216 
569221 
569230 
569235 
569240 
569245 
569254 
569257 
569260 
569263 
569268 
569273 
569278 
569283 
569292 
569297 
569302 
569307 
569316 
569317 
569318 
569319 
569320 
569325 
569330 
569335 
569344 
569345 
569346 
569347 
569348 
569353 
569358 
569363 
569372 
569373 
569374 
569375 
569376 
569381 
569386 
569391 
569400 
569401 
569402 
569403 
569404 
569409 
569414 
569419 
569428 
569429 
569430 
569431 
569432 
569437 
569442 
569447 
569456 
569457 
569458 
569459 
569460 
569464 
569468 
569472 
569479 
569480 
569481 
569482 
569483 
569488 
569493 
569498 
569507 
569512 
569517 
569522 
569531 
569536 
569541 
569546 
569555 
569560 
569565 
569570 
569579 
569584 
569589 
569594 
569603 
569608 
569613 
569618 
569627 
569633 
569640 
569646 
569653 
569658 
569663 
569668 
569677 
569682 
569687 
569692 
569701 
569706 
569711 
569716 
569725 
569730 
569735 
569740 
569749 
569754 
569759 
569764 
569773 
569778 
569783 
569788 
569797 
569802 
569807 
569812 
569821 
569826 
569831 
569836 
569845 
569849 
569853 
569857 
569864 
569865 
569866 
569867 
569868 
569873 
569878 
569883 
569892 
569893 
569894 
569895 
569896 
569901 
569906 
569911 
569920 
569924 
569928 
569932 
569939 
569944 
569949 
569954 
569963 
569965 
569967 
569969 
569972 
569978 
569984 
569990 
570001 
570002 
570003 
570004 
570005 
570011 
570017 
570023 
570034 
570035 
570036 
570037 
570038 
570044 
570050 
570056 
570067 
570068 
570069 
570070 
570071 
570077 
570083 
570089 
570100 
570101 
570102 
570103 
570104 
570110 
570116 
570122 
570133 
570134 
570135 
570136 
570137 
570143 
570149 
570155 
570166 
570167 
570168 
570169 
570170 
570176 
570182 
570188 
570199 
570200 
570201 
570202 
570203 
570209 
570215 
570221 
570232 
570233 
570234 
570235 
570236 
570242 
570248 
570254 
570265 
570266 
570267 
570268 
570269 
570275 
570281 
570287 
570298 
570299 
570300 
570301 
570302 
570308 
570314 
570320 
570331 
570332 
570333 
570334 
570335 
570340 
570345 
570350 
570359 
570361 
570364 
570365 
570366 
570367 
570368 
570369 
570370 
570375 
570380 
570385 
570394 
570395 
570396 
570397 
570398 
570399 
570400 
570405 
570410 
570415 
570424 
570425 
570426 
570427 
570428 
570429 
570430 
570435 
570440 
570445 
570454 
570459 
570464 
570469 
570478 
570481 
570484 
570487 
570492 
570497 
570502 
570507 
570516 
570521 
570526 
570531 
570540 
570544 
570548 
570552 
570559 
570560 
570561 
570562 
570563 
570568 
570573 
570578 
570587 
570588 
570589 
570590 
570591 
570596 
570601 
570606 
570615 
570616 
570617 
570618 
570619 
570624 
570629 
570634 
570643 
570644 
570645 
570646 
570647 
570652 
570657 
570662 
570671 
570672 
570673 
570674 
570675 
570680 
570685 
570690 
570699 
570700 
570701 
570702 
570703 
570707 
570711 
570715 
570722 
570723 
570724 
570725 
570726 
570731 
570736 
570741 
570750 
570755 
570760 
570765 
570774 
570779 
570784 
570789 
570798 
570803 
570808 
570813 
570822 
570827 
570832 
570837 
570846 
570851 
570856 
570861 
570870 
570874 
570878 
570882 
570889 
570893 
570897 
570901 
570908 
570913 
570918 
570923 
570932 
570937 
570942 
570947 
570956 
570961 
570966 
570971 
570980 
570985 
570990 
570995 
571004 
571009 
571014 
571019 
571028 
571033 
571038 
571043 
571052 
571057 
571062 
571067 
571076 
571081 
571086 
571091 
571100 
571104 
571108 
571112 
571119 
571120 
571121 
571122 
571123 
571128 
571133 
571138 
571147 
571148 
571149 
571150 
571151 
571156 
571161 
571166 
571175 
571179 
571183 
571187 
571194 
571199 
571204 
571209 
571218 
571222 
571226 
571230 
571237 
571240 
571243 
571246 
571251 
571254 
571257 
571260 
571265 
571268 
571271 
571274 
571279 
571282 
571285 
571288 
571293 
571296 
571299 
571302 
571307 
571310 
571313 
571316 
571321 
571324 
571327 
571330 
571335 
571338 
571341 
571344 
571349 
571352 
571355 
571358 
571363 
571366 
571369 
571372 
571377 
571378 
571379 
571380 
571381 
571387 
571393 
571399 
571410 
571412 
571414 
571416 
571419 
571420 
571421 
571422 
571423 
571424 
571425 
571426 
571427 
571432 
571437 
571442 
571451 
571452 
571453 
571454 
571455 
571456 
571457 
571458 
571459 
571464 
571469 
571474 
571483 
571484 
571485 
571486 
571487 
571488 
571489 
571490 
571491 
571496 
571501 
571506 
571515 
571520 
571525 
571530 
571539 
571542 
571545 
571548 
571553 
571558 
571563 
571568 
571577 
571582 
571587 
571592 
571601 
571606 
571611 
571616 
571625 
571626 
571627 
571628 
571629 
571634 
571639 
571644 
571653 
571654 
571655 
571656 
571657 
571662 
571667 
571672 
571681 
571682 
571683 
571684 
571685 
571690 
571695 
571700 
571709 
571710 
571711 
571712 
571713 
571718 
571723 
571728 
571737 
571738 
571739 
571740 
571741 
571746 
571751 
571756 
571765 
571766 
571767 
571768 
571769 
571773 
571777 
571781 
571788 
571789 
571790 
571791 
571792 
571797 
571802 
571807 
571816 
571821 
571826 
571831 
571840 
571845 
571850 
571855 
571864 
571869 
571874 
571879 
571888 
571893 
571898 
571903 
571912 
571917 
571922 
571927 
571936 
571940 
571944 
571948 
571955 
571959 
571963 
571967 
571974 
571979 
571984 
571989 
571998 
572003 
572008 
572013 
572022 
572027 
572032 
572037 
572046 
572051 
572056 
572061 
572070 
572075 
572080 
572085 
572094 
572099 
572104 
572109 
572118 
572123 
572128 
572133 
572142 
572147 
572152 
572157 
572166 
572171 
572176 
572181 
572190 
572191 
572192 
572193 
572194 
572199 
572204 
572209 
572218 
572219 
572220 
572221 
572222 
572227 
572232 
572237 
572246 
572250 
572254 
572258 
572265 
572270 
572275 
572280 
572289 
572293 
572297 
572301 
572308 
572311 
572314 
572317 
572322 
572325 
572328 
572331 
572336 
572339 
572342 
572345 
572350 
572353 
572356 
572359 
572364 
572367 
572370 
572373 
572378 
572381 
572384 
572387 
572392 
572395 
572398 
572401 
572406 
572409 
572412 
572415 
572420 
572423 
572426 
572429 
572434 
572437 
572440 
572443 
572448 
572449 
572450 
572451 
572452 
572458 
572464 
572470 
572481 
572484 
572487 
572490 
572495 
572496 
572497 
572498 
572499 
572500 
572501 
572502 
572503 
572508 
572513 
572518 
572527 
572528 
572529 
572530 
572531 
572532 
572533 
572534 
572535 
572540 
572545 
572550 
572559 
572560 
572561 
572562 
572563 
572564 
572565 
572566 
572567 
572572 
572577 
572582 
572591 
572596 
572601 
572606 
572615 
572618 
572621 
572624 
572629 
572634 
572639 
572644 
572653 
572658 
572663 
572668 
572677 
572678 
572679 
572680 
572681 
572686 
572691 
572696 
572705 
572706 
572707 
572708 
572709 
572714 
572719 
572724 
572733 
572734 
572735 
572736 
572737 
572742 
572747 
572752 
572761 
572762 
572763 
572764 
572765 
572770 
572775 
572780 
572789 
572790 
572791 
572792 
572793 
572798 
572803 
572808 
572817 
572821 
572825 
572829 
572836 
572839 
572842 
572845 
572850 
572851 
572852 
572853 
572854 
572859 
572864 
572869 
572878 
572883 
572888 
572893 
572902 
572907 
572912 
572917 
572926 
572931 
572936 
572941 
572950 
572955 
572960 
572965 
572974 
572979 
572984 
572989 
572998 
573002 
573006 
573010 
573017 
573021 
573025 
573029 
573036 
573041 
573046 
573051 
573060 
573065 
573070 
573075 
573084 
573089 
573094 
573099 
573108 
573113 
573118 
573123 
573132 
573137 
573142 
573147 
573156 
573161 
573166 
573171 
573180 
573185 
573190 
573195 
573204 
573209 
573214 
573219 
573228 
573233 
573238 
573243 
573252 
573257 
573262 
573267 
573276 
573281 
573286 
573291 
573300 
573304 
573308 
573312 
573319 
573320 
573321 
573322 
573323 
573328 
573333 
573338 
573347 
573348 
573349 
573350 
573351 
573356 
573361 
573366 
573375 
573379 
573383 
573387 
573394 
573399 
573404 
573409 
573418 
573422 
573426 
573430 
573437 
573440 
573443 
573446 
573451 
573455 
573459 
573463 
573470 
573471 
573472 
573473 
573474 
573475 
573476 
573477 
573478 
573479 
573480 
573481 
573482 
573483 
573484 
573485 
573486 
573487 
573488 
573489 
573490 
573494 
573498 
573502 
573509 
573512 
573515 
573518 
573523 
573526 
573529 
573532 
573537 
573538 
573539 
573540 
573541 
573547 
573553 
442487 
573559 
442497 
573570 
573573 
442502 
573576 
442507 
573579 
442512 
573584 
573585 
573586 
573587 
573588 
573592 
442521 
573596 
442526 
573600 
442531 
573607 
442536 
573610 
573613 
573616 
442545 
442549 
573621 
573622 
573623 
573624 
442553 
573625 
442557 
573630 
573635 
442564 
573640 
442569 
442574 
573649 
573650 
442579 
573651 
573652 
573653 
573654 
573655 
573656 
573657 
442588 
573662 
442593 
573667 
442598 
573672 
442603 
573681 
573682 
573683 
442612 
573684 
573685 
573686 
573687 
573688 
442617 
573689 
442622 
573694 
442627 
573699 
573704 
442636 
573713 
573718 
442648 
573723 
442653 
573728 
442658 
442663 
573737 
573740 
573743 
442672 
573746 
442677 
573751 
442682 
573756 
442687 
573761 
573766 
442696 
442700 
573775 
442704 
442708 
573780 
573785 
442715 
573790 
442720 
442725 
573799 
442730 
573804 
573809 
442739 
573814 
442743 
442747 
442751 
573823 
573824 
573825 
573826 
573827 
442758 
573832 
442762 
573837 
442766 
442770 
573842 
442777 
573851 
573852 
573853 
442782 
573854 
573855 
573860 
573865 
573870 
442801 
442806 
573879 
573880 
573881 
573882 
442811 
573883 
442816 
573888 
573893 
573898 
442829 
442834 
573907 
573908 
573909 
573910 
442839 
573911 
442844 
573916 
573921 
442853 
573926 
442858 
442863 
573935 
573936 
573937 
573938 
573939 
442868 
573944 
442877 
573949 
442882 
573954 
442887 
573963 
442892 
573967 
573971 
442901 
573975 
442906 
573982 
442911 
573986 
442916 
573990 
573994 
442925 
574001 
442930 
574002 
574003 
574004 
574005 
442935 
574010 
442940 
574015 
574020 
442949 
442954 
574029 
442959 
574034 
442964 
574039 
574044 
442973 
442978 
574053 
442983 
574058 
442988 
574063 
574068 
442997 
443002 
574077 
443007 
574082 
443012 
574087 
574092 
443021 
443026 
574101 
443031 
574106 
443036 
574111 
574116 
443045 
443050 
574125 
443055 
574130 
443060 
574135 
574140 
443069 
443074 
574149 
443079 
574154 
443084 
574159 
574164 
443093 
443098 
574173 
443103 
574177 
443108 
574181 
574185 
443117 
574192 
443122 
574197 
443127 
574202 
443132 
574207 
443141 
574216 
443147 
574221 
574226 
574231 
443168 
574240 
443173 
574245 
443178 
574250 
443183 
574255 
443192 
574264 
443197 
574269 
443202 
574274 
443207 
574279 
443216 
574288 
443221 
574293 
443226 
574298 
443231 
574303 
443240 
574312 
443245 
574317 
443250 
574322 
443255 
574327 
443264 
574336 
443269 
574341 
443274 
574346 
443279 
574351 
443288 
574360 
443293 
574365 
443298 
574370 
443303 
574375 
443312 
574384 
443317 
574389 
443322 
574394 
443327 
574399 
443336 
574408 
443341 
574413 
443346 
574418 
443351 
574423 
443360 
574432 
443365 
574437 
443370 
574442 
443375 
574447 
443384 
574456 
574460 
443389 
574464 
443394 
574468 
443399 
574475 
574476 
574477 
574478 
574479 
443408 
574484 
443413 
574489 
443418 
574494 
443423 
574503 
443432 
574504 
574505 
574506 
574507 
443437 
574512 
443442 
574517 
443447 
574522 
443456 
574531 
443461 
574535 
443466 
574539 
443471 
574543 
574550 
443480 
574555 
443485 
574560 
443490 
574565 
443495 
574574 
443504 
574578 
443509 
574582 
443514 
574586 
443519 
574593 
574597 
443528 
574601 
443533 
574605 
443538 
574612 
443543 
574616 
574620 
443552 
574624 
443557 
574631 
443562 
574636 
443567 
574641 
574646 
443576 
443581 
574655 
443586 
574658 
574661 
443591 
574664 
574669 
574671 
443600 
574673 
574675 
443605 
574678 
574681 
443610 
574684 
443615 
574687 
574692 
443624 
574696 
574700 
443629 
574704 
443634 
443639 
574711 
574714 
574717 
443648 
574720 
443653 
574725 
574726 
574727 
574728 
574729 
443658 
443663 
574735 
574741 
443672 
574747 
443677 
443682 
574758 
443687 
574760 
574762 
574764 
574767 
443696 
574768 
574769 
574770 
574771 
574772 
443701 
574773 
574774 
574775 
574776 
574777 
443706 
574778 
574779 
574780 
574781 
574782 
443711 
574783 
574784 
574785 
574786 
574787 
443720 
574792 
443725 
574797 
443730 
574802 
443735 
574811 
574812 
574813 
574814 
574815 
443744 
574816 
574817 
574818 
574819 
443748 
443752 
574824 
443756 
574829 
574834 
443763 
443769 
574843 
574844 
574845 
574846 
574847 
574848 
574849 
443778 
574850 
574851 
443784 
574856 
574861 
443793 
574866 
443798 
443803 
574875 
443808 
574880 
574885 
443817 
574890 
443823 
574899 
574902 
443832 
574905 
574908 
443837 
574913 
443842 
574918 
443847 
574923 
443856 
574928 
443861 
574937 
443866 
574942 
443871 
574947 
443880 
574952 
443885 
574961 
443890 
574962 
574963 
574964 
574965 
443895 
574970 
574975 
443904 
574980 
443909 
443914 
574989 
574990 
443919 
574991 
574992 
574993 
574998 
443928 
575003 
443933 
575008 
443938 
443943 
575017 
575018 
575019 
575020 
575021 
443952 
575026 
443957 
575031 
443962 
575036 
443967 
575045 
575046 
575047 
443976 
575048 
575049 
443981 
575054 
443986 
575059 
443991 
575064 
444000 
575073 
575074 
575075 
575076 
444005 
575077 
444010 
575082 
444015 
575087 
575092 
444024 
444029 
575101 
575105 
444034 
575109 
444039 
575113 
444048 
575120 
575121 
575122 
575123 
575124 
444053 
575129 
444058 
575134 
444063 
575139 
444072 
575148 
444077 
575153 
444082 
575158 
444087 
575163 
444096 
575172 
444101 
575177 
444106 
575182 
444111 
575187 
444120 
575196 
444125 
575201 
444130 
575206 
444135 
575211 
444144 
575220 
444151 
575225 
575230 
444160 
575235 
444166 
575244 
444175 
575249 
444181 
575254 
575259 
444190 
444195 
575268 
444200 
575273 
444205 
575278 
575283 
444214 
444219 
575292 
444224 
575296 
575300 
444229 
575304 
444238 
575311 
444243 
575316 
444248 
575321 
444253 
575326 
444262 
575335 
444267 
575340 
444272 
575345 
444277 
575350 
444286 
575359 
444291 
575364 
444296 
575369 
444301 
575374 
444310 
575383 
444315 
575388 
444320 
575393 
444325 
575398 
444334 
575407 
444339 
575412 
444344 
575417 
444349 
575422 
444358 
575431 
444363 
575436 
444368 
575441 
444373 
575446 
444382 
575455 
444387 
575460 
444392 
575465 
444397 
575470 
444406 
575479 
444411 
575484 
444416 
575489 
444421 
575494 
444430 
575503 
444435 
575508 
444440 
575513 
444445 
575518 
444454 
575527 
444459 
575532 
444464 
575537 
444469 
575542 
444478 
575551 
444483 
575556 
444488 
575561 
444493 
575566 
444502 
575575 
444507 
575579 
575583 
444512 
575587 
444517 
575594 
575595 
575596 
575597 
444526 
575598 
444531 
575603 
444536 
575608 
444541 
575613 
444550 
575622 
575623 
575624 
575625 
575626 
444555 
575631 
444560 
575636 
444565 
575641 
444574 
575650 
444579 
575654 
444584 
575658 
444589 
575662 
575669 
444598 
575674 
444603 
575679 
444608 
575684 
444613 
575693 
444622 
575697 
444627 
575701 
444632 
575705 
444637 
575712 
575716 
444646 
575720 
444651 
575724 
444656 
575731 
444661 
575736 
575741 
444670 
575746 
444675 
444680 
575755 
444685 
575759 
575763 
444694 
575767 
444699 
575774 
444704 
575778 
444709 
575782 
575786 
444718 
575793 
444723 
575797 
444728 
575801 
444733 
575805 
575812 
444742 
575816 
444747 
575820 
444752 
575824 
444757 
575831 
575833 
575835 
575837 
444766 
575840 
444770 
575844 
444774 
575848 
444778 
575852 
444785 
575859 
444790 
575863 
444795 
575867 
575871 
444800 
575878 
444809 
575881 
575884 
444814 
575887 
444819 
575892 
575893 
575894 
575895 
444824 
575896 
575902 
444833 
575908 
444838 
575914 
444843 
444848 
575925 
575927 
444857 
575929 
575931 
444862 
575934 
575935 
575936 
575937 
575938 
444867 
575939 
575940 
575941 
575942 
575943 
444872 
575944 
575945 
575946 
575947 
575948 
575949 
575950 
575951 
575952 
444881 
575953 
575954 
444886 
575959 
444891 
575964 
444896 
575969 
444905 
575978 
575979 
575980 
575981 
444910 
575982 
575983 
575984 
575985 
575986 
444915 
575991 
444920 
575996 
444929 
576001 
444934 
576010 
444939 
576011 
576012 
576013 
576014 
576015 
444944 
576016 
576017 
576018 
576023 
444953 
576028 
444958 
576033 
444963 
444968 
576042 
576047 
444977 
576052 
444982 
576057 
444987 
444992 
576066 
576069 
576072 
445001 
576075 
445006 
576080 
445011 
576085 
445016 
576090 
576095 
445025 
445030 
576104 
445035 
576109 
445040 
576114 
576119 
445049 
445054 
576128 
445059 
576132 
445064 
576136 
576140 
445073 
576147 
576148 
576149 
445078 
576150 
576151 
445083 
576156 
445088 
576161 
576166 
445097 
445102 
576175 
576176 
576177 
576178 
445107 
576179 
445112 
576184 
576189 
445121 
576194 
445126 
445131 
576203 
576204 
576205 
576206 
576207 
445136 
576212 
445145 
576217 
445150 
576222 
445155 
576231 
445160 
576232 
576233 
576234 
576235 
576240 
445169 
576245 
445174 
576250 
445179 
445184 
576259 
576260 
576261 
576262 
576263 
445193 
576268 
445198 
576273 
445203 
576278 
445208 
576287 
445217 
576291 
445222 
576295 
445227 
576299 
445232 
576306 
576310 
445241 
576314 
445246 
576318 
445251 
576325 
576326 
576327 
445256 
576328 
576329 
576334 
445265 
576339 
445270 
576344 
445275 
445280 
576353 
576358 
445289 
576363 
445294 
576368 
445299 
445304 
576377 
576382 
445313 
576387 
445318 
576392 
445323 
445328 
576401 
576406 
445337 
576411 
445342 
576416 
445347 
445352 
576425 
576430 
445361 
576435 
445366 
576440 
445371 
445376 
576449 
576454 
445385 
576459 
445390 
576464 
445395 
445400 
576473 
576478 
445409 
576483 
445414 
576488 
445419 
445424 
576497 
576501 
445433 
576505 
576509 
445438 
445443 
576516 
445448 
576521 
576526 
445457 
576531 
445462 
445467 
576540 
445472 
576545 
576550 
445481 
576555 
445486 
445491 
576564 
445496 
576569 
576574 
445505 
576579 
445510 
445515 
576588 
445520 
576593 
576598 
445529 
576603 
445534 
445539 
576612 
445544 
576617 
576622 
445553 
576627 
445558 
445563 
576636 
445568 
576641 
576646 
445577 
576651 
445582 
445587 
576660 
445592 
576665 
576670 
445601 
576675 
445606 
445611 
576684 
445616 
576689 
576694 
445625 
576699 
445630 
445635 
576708 
445640 
576713 
576718 
445649 
576723 
445654 
445659 
576732 
445664 
576737 
576742 
445673 
576747 
445678 
445683 
576756 
445688 
576761 
576766 
445697 
576771 
445702 
445707 
576780 
445712 
576784 
576788 
576792 
445721 
445726 
576799 
576802 
445731 
576805 
445736 
576808 
576813 
445745 
576818 
445750 
576823 
445755 
576828 
445760 
576837 
445769 
576842 
445774 
576847 
445779 
576852 
445784 
576861 
445793 
576866 
445798 
576871 
445803 
576876 
445808 
576885 
445817 
576889 
576893 
445822 
576897 
445827 
445832 
576904 
576908 
576912 
445841 
576916 
445845 
445849 
576923 
445853 
576928 
445860 
576933 
445865 
576938 
445870 
445875 
576947 
576952 
445884 
576957 
445889 
576962 
445894 
445899 
576971 
576976 
445908 
576981 
445913 
576986 
445918 
445923 
576995 
576999 
577003 
445932 
577007 
445937 
445942 
577014 
445947 
577019 
577024 
445956 
577029 
445961 
445966 
577038 
445971 
577043 
577048 
445980 
577053 
445985 
445990 
577062 
445995 
577067 
577072 
446004 
577077 
446009 
446014 
577086 
446019 
577091 
577096 
446028 
577101 
446033 
446038 
577110 
577114 
446043 
577118 
577122 
446052 
446057 
577129 
577133 
446062 
577137 
446067 
577141 
446076 
577148 
577152 
446081 
577156 
446086 
577160 
446091 
577167 
446100 
577172 
446105 
577177 
446110 
577182 
446115 
577191 
446124 
577196 
446129 
577201 
446134 
577206 
446139 
577215 
577219 
446148 
577223 
446153 
577227 
446158 
577234 
446163 
577237 
577240 
577243 
446172 
577248 
446177 
577253 
446182 
446187 
577261 
577264 
577267 
446196 
577270 
446201 
577275 
446206 
577278 
577281 
446211 
577284 
577289 
577290 
577291 
446220 
577292 
577293 
446225 
577299 
446230 
577305 
446235 
577311 
446244 
446249 
577322 
577324 
446254 
577326 
577328 
446259 
577331 
577332 
577333 
577334 
577335 
577336 
577337 
577338 
577339 
446268 
577340 
577341 
577342 
577343 
577344 
446273 
577345 
577346 
577347 
577348 
577349 
446278 
577350 
577351 
446283 
577356 
577361 
446292 
577366 
446297 
446302 
577375 
577376 
577377 
577378 
446307 
577379 
577380 
577381 
577382 
577383 
446316 
577388 
446321 
577393 
446326 
577398 
446331 
577407 
577408 
577409 
577410 
577411 
446340 
577412 
577413 
577414 
577415 
446345 
577420 
446350 
577425 
446355 
577430 
446364 
577439 
446369 
577444 
446374 
577449 
446379 
577454 
446388 
577463 
446393 
577466 
577469 
446398 
577472 
446403 
577477 
577482 
446412 
577487 
446417 
577492 
446422 
446427 
577501 
577506 
446436 
577511 
446441 
577516 
446446 
446451 
577525 
577530 
446460 
577535 
446465 
577540 
446470 
446475 
577549 
577550 
577551 
577552 
577553 
446484 
577558 
446489 
577563 
446494 
577568 
446499 
577577 
577578 
577579 
446508 
577580 
577581 
446513 
577586 
446518 
577591 
446523 
577596 
446532 
577605 
577606 
577607 
577608 
446537 
577609 
446542 
577614 
446547 
577619 
577624 
446556 
446561 
577633 
577634 
577635 
577636 
577637 
446566 
577642 
446571 
577647 
446580 
577652 
446585 
577661 
446590 
577662 
577663 
577664 
577665 
446595 
577670 
577675 
446604 
577680 
446609 
446614 
577689 
446619 
577693 
577697 
446628 
577701 
446633 
577708 
446638 
577712 
446643 
577716 
577720 
446652 
577727 
577728 
446657 
577729 
577730 
577731 
446662 
577736 
446667 
577741 
577746 
446676 
446681 
577755 
446686 
577760 
446691 
577765 
577770 
446700 
446705 
577779 
446710 
577784 
446715 
577789 
577794 
446724 
446729 
577803 
446734 
577808 
446739 
577813 
577818 
446748 
446753 
577827 
446758 
577832 
446763 
577837 
577842 
446772 
446777 
577851 
446782 
577856 
446787 
577861 
577866 
446796 
446801 
577875 
446806 
577880 
446811 
577885 
577890 
446820 
446825 
577899 
446830 
577904 
446835 
577909 
577914 
446844 
446849 
577923 
446854 
577928 
446859 
577933 
577938 
446868 
446873 
577947 
446878 
577951 
446883 
577955 
577959 
446892 
577966 
446897 
577970 
446902 
577974 
577978 
446907 
577985 
446916 
577990 
446920 
577995 
446924 
446928 
578000 
446935 
578009 
446940 
578014 
446945 
578019 
446950 
578024 
446959 
578033 
446964 
578038 
446969 
578043 
446974 
578048 
446983 
578057 
446988 
578062 
446993 
578067 
446998 
578072 
447007 
578081 
447012 
578086 
447017 
578091 
447022 
578096 
447031 
578105 
447036 
578110 
447041 
578115 
447046 
578120 
447055 
578129 
447059 
578134 
447063 
447067 
578139 
578144 
447074 
447079 
578153 
447084 
578158 
447089 
578163 
578168 
447098 
447103 
578177 
447108 
578182 
447113 
578187 
578192 
447122 
447127 
578201 
447132 
578206 
447137 
578211 
578216 
447146 
447151 
578225 
447156 
578230 
447161 
578235 
578240 
447170 
447174 
578249 
447178 
578253 
447182 
578257 
447189 
578261 
447194 
578268 
578270 
447199 
578272 
578274 
447204 
578277 
578282 
447213 
578287 
447218 
578292 
447223 
447228 
578301 
578303 
578305 
578307 
447237 
578310 
447242 
578315 
447247 
578320 
447252 
578325 
447261 
578334 
578336 
447265 
578338 
578340 
447269 
578343 
447273 
578348 
447280 
578353 
447285 
578358 
447290 
447295 
578367 
578370 
578373 
447304 
578376 
447309 
578381 
578385 
447314 
578389 
447319 
578393 
447328 
578400 
578404 
447333 
578408 
447338 
578412 
447343 
578419 
447352 
578424 
447357 
578429 
447362 
578434 
447367 
578443 
447376 
578448 
447381 
578453 
447386 
578458 
447391 
578467 
447400 
578472 
447405 
578477 
447410 
578482 
447415 
578491 
578495 
447424 
578499 
447428 
578503 
447432 
447436 
578510 
447443 
578515 
447448 
578520 
447453 
578525 
447458 
578534 
447467 
578539 
447472 
578544 
447477 
578549 
447482 
578558 
578561 
447491 
578564 
578567 
447496 
578572 
447501 
578577 
447506 
578582 
447515 
578587 
447519 
447523 
578596 
447527 
578600 
578604 
447534 
578608 
447539 
578615 
447544 
447549 
578621 
578627 
447558 
578633 
447563 
447568 
578644 
447573 
578648 
578652 
447582 
578656 
447587 
578663 
447592 
578666 
447597 
578669 
578672 
578677 
447606 
578681 
447610 
578685 
447614 
578689 
447618 
578696 
447625 
578701 
447630 
578706 
447635 
578711 
447640 
578720 
447649 
578723 
447654 
578726 
578729 
447659 
578734 
447664 
578738 
578742 
447673 
578746 
447678 
578753 
447683 
578758 
447688 
578763 
578768 
447697 
447701 
447705 
578777 
578780 
447709 
578783 
578786 
447716 
578791 
447721 
578795 
447726 
578799 
447731 
578803 
578810 
447740 
578814 
447745 
578818 
447750 
578822 
447755 
578829 
578832 
578835 
447764 
578838 
447769 
578843 
578844 
578845 
447774 
578846 
578847 
447779 
578853 
578859 
447788 
447792 
578865 
447796 
447800 
578876 
578877 
578878 
447807 
578879 
578880 
447812 
578885 
447817 
578890 
447822 
578895 
447831 
578904 
578905 
578906 
578907 
447836 
578908 
447841 
578913 
447846 
578918 
578923 
447855 
447860 
578932 
578933 
578934 
578935 
578936 
447865 
578941 
447870 
578946 
447879 
578951 
447883 
447887 
578960 
578961 
578962 
447891 
578963 
578964 
578969 
447898 
578974 
447903 
578979 
447908 
447913 
578988 
578989 
578990 
578991 
578992 
447922 
578997 
447927 
579002 
447932 
579007 
447937 
579016 
579017 
447946 
579018 
579019 
579020 
447951 
579025 
447956 
579030 
447961 
579035 
447970 
579044 
579045 
447974 
579046 
579047 
579048 
447978 
579053 
447982 
579058 
447989 
579063 
447994 
447999 
579072 
579073 
579074 
579075 
448004 
579076 
579081 
448013 
579086 
448018 
579091 
448023 
448028 
579100 
579104 
579108 
448037 
579112 
448042 
448047 
579119 
579123 
448052 
579127 
579131 
448061 
448065 
579138 
579139 
579140 
448069 
579141 
579142 
448073 
579147 
448080 
579152 
448085 
579157 
448090 
579166 
448095 
579171 
448104 
579176 
448109 
579181 
448114 
579190 
448119 
579195 
448128 
579200 
448133 
579205 
448138 
579214 
448143 
579219 
448152 
579224 
448156 
579229 
448160 
448164 
579238 
448171 
579243 
448176 
579248 
448181 
579253 
448186 
579262 
448195 
579267 
448200 
579272 
448205 
579277 
448210 
579286 
448219 
579291 
448224 
579296 
448229 
579301 
448234 
579310 
448243 
579315 
448247 
579320 
448251 
579325 
448255 
448262 
579334 
448267 
579339 
448272 
579344 
448277 
579349 
448286 
579358 
579362 
448291 
579366 
448296 
579370 
448301 
579377 
579381 
448310 
579385 
448315 
579389 
448320 
579396 
448325 
579401 
448334 
579406 
448338 
579411 
448342 
448346 
579420 
448353 
579425 
448358 
579430 
448363 
579435 
448368 
579444 
448377 
579449 
448382 
579454 
448387 
579459 
448392 
579468 
448401 
579473 
448406 
579478 
448411 
579483 
448416 
579492 
448425 
579497 
448430 
579502 
448435 
579507 
448440 
579516 
448449 
579521 
448454 
579526 
448459 
579531 
448464 
579540 
448473 
579545 
448478 
579550 
448483 
579555 
448488 
579564 
448497 
579569 
448502 
579574 
448507 
579579 
448512 
579588 
448521 
579593 
448526 
579598 
448531 
579603 
448536 
579612 
448545 
579617 
448550 
579622 
448555 
579627 
448560 
579636 
448569 
579641 
448574 
579646 
448579 
579651 
448584 
579660 
579664 
448593 
579668 
448598 
579672 
448603 
579679 
448608 
579680 
579681 
579682 
579683 
579688 
448617 
579693 
448622 
579698 
448627 
448632 
579707 
579708 
579709 
579710 
579711 
448641 
579716 
448646 
579721 
448651 
579726 
448656 
579735 
579736 
448665 
579737 
579738 
579739 
448670 
579744 
448675 
579749 
448680 
579754 
448689 
579763 
448694 
579766 
579769 
448699 
579772 
448704 
579777 
579781 
448713 
579785 
579789 
448718 
448723 
579796 
448728 
579800 
579804 
579808 
448737 
448742 
579815 
448747 
579820 
448752 
579825 
579830 
448761 
448766 
579839 
448771 
579844 
448776 
579849 
579854 
448785 
448790 
579863 
448795 
579868 
448800 
579873 
579878 
448809 
448814 
579887 
448819 
579892 
448824 
579897 
579902 
448833 
448838 
579911 
448843 
579916 
448848 
579921 
579926 
448857 
448862 
579935 
448867 
579940 
448872 
579945 
579950 
448881 
448886 
579959 
448891 
579963 
579967 
448896 
579971 
448905 
579978 
579981 
448910 
579984 
448915 
579987 
448920 
579992 
579993 
579994 
579995 
579996 
448929 
580002 
448933 
580008 
448937 
448941 
580014 
448948 
448953 
580025 
580026 
580027 
580028 
580029 
448958 
580034 
448963 
580039 
448972 
580044 
448977 
580053 
448982 
580054 
580055 
580056 
580057 
448987 
580062 
580067 
448996 
580072 
449001 
449006 
580081 
580082 
449011 
580083 
580084 
580085 
580090 
449020 
580095 
449025 
580100 
449030 
449035 
580109 
580110 
580111 
580112 
580113 
449044 
580118 
449049 
580123 
449054 
580128 
449059 
580137 
580138 
580139 
449068 
580140 
580141 
449073 
580146 
449078 
580151 
449083 
580156 
449092 
580165 
580166 
580167 
580168 
449097 
580169 
449102 
580174 
449107 
580179 
580184 
449116 
449121 
580193 
580194 
580195 
580196 
580197 
449126 
580202 
449131 
580207 
449140 
580212 
449145 
580221 
449150 
580222 
580223 
580224 
580225 
449155 
580230 
580235 
449164 
580240 
449169 
449174 
580249 
449179 
580253 
580257 
449188 
580261 
449193 
580268 
449198 
580272 
449203 
580276 
580280 
449212 
580287 
580288 
449217 
580289 
580290 
580291 
449222 
580296 
449227 
580301 
580306 
449236 
449241 
580315 
449246 
580320 
449251 
580325 
580330 
449260 
449265 
580339 
449270 
580344 
449275 
580349 
580354 
449284 
449289 
580363 
449294 
580368 
449299 
580373 
580378 
449308 
449313 
580387 
449318 
580392 
449323 
580397 
580402 
449332 
449337 
580411 
449342 
580416 
449347 
580421 
580426 
449356 
449361 
580435 
449366 
580440 
449371 
580445 
580450 
449380 
449385 
580459 
449390 
580464 
449395 
580469 
580474 
449404 
449409 
580483 
449414 
580488 
449419 
580493 
580498 
449428 
449433 
580507 
449438 
580512 
449443 
580516 
580523 
449452 
580528 
449457 
580532 
449462 
449467 
580539 
580544 
449476 
580549 
449481 
580554 
449486 
449491 
580563 
580568 
449500 
580573 
449505 
580578 
449510 
449515 
580587 
580592 
449524 
580597 
449529 
580602 
449534 
449539 
580611 
580616 
449548 
580621 
449553 
580626 
449558 
449563 
580635 
580640 
449572 
580645 
449577 
580650 
449582 
449587 
580659 
580664 
449596 
580669 
449601 
580674 
449606 
449611 
580683 
580688 
449620 
580693 
449625 
580698 
449630 
449635 
580707 
580712 
449644 
580717 
449649 
580722 
449654 
449659 
580731 
580736 
449668 
580741 
449673 
580746 
449678 
449683 
580755 
580760 
449692 
580765 
449697 
580770 
449702 
449707 
580779 
580784 
449716 
580789 
449721 
580794 
449726 
449731 
580803 
580807 
580811 
449740 
580815 
449745 
449750 
580822 
580823 
580824 
580825 
580826 
449755 
580831 
449764 
580836 
449769 
580841 
449774 
580850 
449779 
580851 
580852 
580853 
580854 
580859 
449788 
580864 
449793 
580869 
449798 
449803 
580878 
580879 
580880 
580881 
580882 
449812 
580887 
449817 
580892 
449822 
580897 
449827 
580906 
449836 
580909 
580912 
449841 
580915 
449846 
580920 
449851 
580923 
580926 
580929 
449860 
580934 
449865 
580938 
449870 
580942 
580946 
449875 
580953 
449884 
580957 
449889 
580961 
580965 
449894 
449899 
580972 
580976 
449908 
580980 
580984 
449913 
449918 
580991 
449923 
580995 
580999 
581003 
449932 
449937 
581010 
449942 
581014 
581018 
449947 
581022 
449956 
581029 
449961 
581033 
581037 
449966 
581041 
449971 
581048 
449980 
581052 
581056 
449985 
581060 
449990 
449995 
581067 
581070 
581073 
450004 
581076 
450009 
581081 
581084 
450014 
581087 
581090 
450019 
581095 
581096 
581097 
581098 
581099 
450028 
450033 
581105 
450038 
581111 
450043 
581117 
450052 
581128 
450057 
581129 
581130 
581131 
581132 
450062 
581137 
450067 
581142 
581147 
450076 
450081 
581156 
581157 
450086 
581158 
581159 
581160 
450091 
581165 
581170 
450100 
581175 
450105 
450110 
581184 
581185 
581186 
450115 
581187 
581188 
581193 
450124 
581198 
450129 
581203 
450134 
450139 
581212 
581213 
581214 
581215 
581216 
450148 
581221 
450153 
581226 
450158 
581231 
450163 
581240 
581241 
581242 
581243 
450172 
581244 
450177 
581249 
450182 
581254 
450187 
581259 
450196 
581268 
581269 
581270 
581271 
581272 
450201 
581277 
450206 
581282 
450211 
581287 
450220 
581296 
450225 
581297 
581298 
581299 
581300 
450230 
581305 
450235 
581310 
581315 
450244 
450249 
581324 
581325 
450254 
581326 
581327 
581328 
450259 
581333 
581338 
450268 
581343 
450273 
450278 
581352 
450283 
581356 
581360 
450292 
581364 
450297 
581371 
450302 
581375 
450307 
581379 
581383 
450316 
581390 
581391 
581392 
450321 
581393 
581394 
450326 
581399 
450331 
581404 
581409 
450340 
450345 
581418 
450350 
581423 
450355 
581428 
581433 
450364 
450369 
581442 
450374 
581447 
450379 
581452 
581457 
450388 
450393 
581466 
450398 
581471 
450403 
581476 
581481 
450412 
450417 
581490 
450422 
581495 
450427 
581500 
581505 
450436 
450441 
581514 
450446 
581519 
450451 
581524 
581529 
450460 
450465 
581538 
450470 
581543 
450475 
581548 
581553 
450484 
450489 
581562 
450494 
581567 
450499 
581572 
581577 
450508 
450513 
581586 
450518 
581593 
450523 
581598 
450532 
581607 
450537 
581612 
450542 
450547 
581619 
581624 
450556 
581631 
450561 
450566 
581638 
450571 
581643 
450580 
581652 
450585 
581657 
450590 
581662 
450595 
581667 
450604 
581676 
450609 
581681 
450614 
581686 
450619 
581691 
450628 
581700 
450633 
581705 
450638 
581710 
450643 
581715 
450652 
581724 
450657 
581729 
450662 
581734 
450667 
581739 
450676 
581748 
450681 
581753 
450686 
581758 
450691 
581763 
450700 
581772 
450705 
581777 
450710 
581782 
450715 
581787 
450724 
581796 
450729 
581801 
450734 
581806 
450739 
581811 
450748 
581820 
450753 
581825 
450758 
581830 
450763 
581835 
450772 
581844 
450777 
581849 
450782 
581854 
450787 
581859 
450796 
581868 
450801 
581873 
450806 
581878 
450811 
581883 
450820 
581892 
581896 
450825 
581900 
450830 
581904 
450835 
581911 
581912 
581913 
581914 
581915 
450844 
581920 
450849 
581925 
450854 
581930 
450859 
581939 
450868 
581940 
581941 
581942 
581943 
450873 
581948 
450878 
581953 
450883 
581958 
450892 
581967 
581968 
450897 
581969 
581970 
581971 
450902 
581976 
450907 
581981 
581986 
450916 
450921 
581995 
581996 
581997 
450926 
581998 
581999 
450931 
582005 
582011 
450940 
450945 
582017 
450950 
450955 
582028 
582029 
582030 
582031 
582032 
450964 
582038 
450969 
582044 
450974 
582050 
450979 
450988 
582061 
582062 
582063 
582064 
450993 
582065 
450998 
582071 
451003 
582077 
582083 
451012 
451017 
451022 
582094 
582095 
582096 
582097 
582098 
451027 
582104 
451036 
582110 
451041 
582116 
451046 
451051 
582127 
582128 
582129 
582130 
582131 
451060 
451064 
582137 
451068 
582143 
451072 
582149 
451079 
451084 
582160 
451089 
582161 
582162 
582163 
582164 
451094 
582170 
451103 
582176 
451108 
582182 
451113 
451118 
582193 
582194 
582195 
582196 
582197 
451127 
582203 
451132 
451137 
582209 
451142 
582215 
451151 
582226 
582227 
451156 
582228 
582229 
582230 
451161 
582236 
451166 
582242 
451175 
582248 
451180 
451185 
582259 
582260 
582261 
451190 
582262 
582263 
582269 
451199 
582275 
451204 
451209 
582281 
451214 
582292 
582293 
582294 
451223 
582295 
582296 
451228 
582302 
451233 
582308 
451238 
582314 
451247 
451252 
582325 
582326 
582327 
582328 
451257 
582329 
451262 
582335 
582341 
451271 
582347 
451276 
451281 
451286 
582358 
582359 
582360 
582361 
582362 
451295 
582367 
451300 
582372 
451305 
582377 
451310 
582386 
582387 
582388 
582389 
582390 
451319 
582395 
451324 
582400 
451329 
582405 
451334 
582414 
451343 
582415 
582416 
582417 
582418 
451348 
582423 
451353 
582428 
451358 
582433 
451367 
582442 
582443 
451372 
582444 
582445 
582446 
451377 
582451 
451382 
582456 
582461 
451391 
451396 
582470 
582471 
582472 
451401 
582473 
582474 
451406 
582479 
582484 
451415 
582489 
451420 
451425 
582498 
582499 
582500 
582501 
451430 
582502 
582507 
451439 
582512 
451444 
582517 
451449 
451454 
582526 
582527 
582528 
582529 
582530 
451463 
582535 
451468 
582540 
451473 
582545 
451478 
582554 
582555 
582556 
582557 
582558 
451487 
582563 
451492 
582568 
451497 
582573 
451502 
582582 
451511 
582583 
582584 
582585 
582586 
451516 
582591 
451521 
582596 
451526 
582601 
451535 
582610 
451540 
582614 
451545 
582618 
451550 
582622 
582629 
451559 
582633 
451564 
582637 
451569 
582641 
451574 
582648 
582649 
582650 
582651 
582652 
451583 
582655 
582658 
451588 
582661 
451593 
582666 
451598 
582670 
582674 
582678 
451607 
451612 
582685 
451617 
582689 
582693 
451622 
582697 
451631 
582704 
451636 
582708 
582712 
451641 
582716 
451646 
582723 
451655 
582727 
582731 
451660 
582735 
451665 
451670 
582742 
582747 
451679 
582752 
451684 
582757 
451689 
451694 
582766 
582771 
451703 
582775 
451708 
582782 
451713 
582787 
451718 
582794 
451727 
582801 
451732 
582806 
451737 
582813 
451742 
582818 
582822 
451751 
451756 
582829 
451761 
582833 
582837 
451766 
582841 
451775 
582848 
451780 
582852 
582856 
451785 
582860 
451790 
582867 
451799 
582871 
582875 
451804 
582879 
451809 
451814 
582886 
582890 
582894 
451823 
582898 
451828 
451833 
582905 
582909 
451838 
582913 
582917 
451847 
451852 
582924 
582928 
451857 
582932 
451862 
582936 
451871 
582943 
582947 
451876 
582951 
451881 
582955 
451886 
582962 
582966 
451895 
582970 
451900 
582974 
451905 
582981 
451910 
582985 
582989 
451919 
582993 
451924 
583000 
451929 
583003 
451934 
583006 
583009 
583014 
451943 
583015 
583016 
583017 
583018 
451948 
583021 
583024 
451953 
583027 
451958 
583032 
583033 
583034 
583035 
583036 
451967 
583040 
451972 
583044 
583048 
451977 
451982 
583055 
583056 
583057 
583058 
583059 
451991 
583063 
583067 
451996 
583071 
452001 
452006 
583078 
583079 
583080 
583081 
583082 
583086 
452015 
583090 
452020 
583094 
452025 
583101 
452030 
583102 
583103 
583104 
583105 
583109 
452039 
583113 
452044 
583117 
452049 
583124 
583125 
452054 
583126 
583127 
583128 
583133 
452063 
583138 
452068 
583143 
452073 
452078 
583152 
583153 
583154 
583155 
583156 
452087 
583160 
452092 
583164 
583168 
452097 
452102 
583175 
583176 
583177 
583178 
583179 
452111 
583184 
452116 
583189 
452121 
583194 
452126 
583203 
583204 
583205 
583206 
452135 
583207 
452139 
583211 
452143 
583215 
452147 
583219 
452154 
583226 
583227 
583228 
583229 
583230 
452159 
583235 
452164 
583240 
452169 
583245 
452178 
583254 
452183 
583255 
583256 
583257 
583258 
452188 
583262 
452193 
583266 
583270 
452202 
583277 
583278 
452207 
583279 
583280 
583281 
452212 
583286 
452217 
583291 
583296 
452226 
452231 
583305 
583306 
583307 
452236 
583308 
583309 
452241 
583313 
583317 
583321 
452250 
452255 
583328 
583329 
583330 
583331 
452260 
583332 
583336 
452265 
583340 
583344 
452274 
452279 
583351 
583352 
583353 
583354 
583355 
452284 
583359 
452289 
583363 
583367 
452298 
583374 
452303 
583375 
583376 
583377 
583378 
452308 
583383 
452313 
583388 
583393 
452322 
452327 
583402 
583403 
452332 
583404 
583405 
583406 
452337 
583410 
583414 
452346 
583418 
452351 
583425 
583426 
583427 
452356 
583428 
583429 
452361 
583434 
583439 
452370 
583444 
452375 
452380 
583453 
583454 
583455 
583456 
452385 
583457 
583461 
583465 
452394 
583469 
452399 
452404 
583476 
583477 
583478 
583479 
583480 
452409 
583484 
583488 
452418 
583492 
452423 
583499 
452428 
583500 
583501 
583502 
583503 
452433 
583507 
583511 
452442 
583515 
452447 
583522 
583523 
452452 
583524 
583525 
583526 
452457 
583530 
583534 
452466 
583538 
452471 
583545 
452476 
583549 
452481 
583553 
583557 
452490 
583564 
452495 
583567 
583570 
452500 
583573 
452505 
583578 
583583 
452514 
583588 
452519 
583593 
452524 
452529 
583602 
583609 
452538 
452543 
583616 
452548 
583623 
452553 
452562 
583636 
452567 
583639 
583642 
452572 
583645 
452577 
583650 
583654 
452586 
583658 
583662 
452591 
452596 
583669 
583671 
452601 
583673 
583675 
583678 
583681 
452610 
583684 
452615 
583687 
452620 
583692 
583695 
452625 
583698 
583701 
452634 
583706 
583710 
452641 
583714 
583718 
452648 
583725 
452655 
583727 
583729 
583731 
583734 
583737 
452668 
583740 
583743 
452673 
583748 
452678 
583751 
583754 
452683 
583757 
583762 
452692 
583766 
452697 
583770 
452702 
583774 
452707 
583781 
583783 
583785 
583787 
452716 
583790 
452721 
583793 
583796 
452726 
583799 
452731 
583804 
583807 
583810 
452740 
583813 
452745 
583818 
452750 
583822 
583826 
452755 
583830 
452764 
583837 
583839 
452768 
583841 
583843 
452772 
583846 
452776 
583849 
583852 
452783 
583855 
452788 
583860 
583863 
452793 
583866 
452798 
583871 
583875 
452807 
583882 
452812 
583884 
583886 
452817 
583889 
583893 
452822 
583898 
452831 
583904 
452836 
583910 
583912 
452841 
583915 
583917 
452846 
583920 
452855 
583930 
452860 
583934 
452865 
583937 
452870 
583942 
583949 
452879 
583954 
452884 
452889 
583961 
583963 
452894 
583966 
583971 
452903 
583976 
452908 
583980 
583983 
452913 
583988 
452918 
583992 
583996 
452927 
584000 
452932 
584007 
452937 
584010 
584012 
452942 
584015 
584018 
584021 
452951 
584024 
452956 
584029 
584032 
452961 
584035 
452966 
584038 
584043 
452975 
584047 
452979 
584051 
452983 
584055 
452987 
584062 
584064 
452994 
584066 
584068 
452999 
584071 
584074 
453004 
584077 
584080 
453009 
584085 
584089 
453018 
584093 
453023 
584097 
453028 
584104 
453033 
584107 
584110 
584113 
453042 
584118 
453047 
584121 
453052 
584124 
584127 
453057 
584132 
584135 
453066 
584138 
584141 
453071 
584146 
453076 
584150 
453081 
584154 
584158 
453090 
584165 
453095 
584167 
584169 
584171 
453100 
584174 
453105 
584177 
584180 
584183 
453114 
584188 
453119 
584192 
453124 
584196 
584200 
453129 
584207 
453138 
584210 
584213 
453143 
584216 
453148 
584221 
584224 
453153 
584227 
584230 
453162 
584235 
584238 
453167 
584241 
453172 
584244 
453177 
584249 
584253 
584257 
453186 
584261 
453191 
453196 
584268 
584270 
584272 
453201 
584274 
584277 
584280 
453210 
584283 
584286 
453215 
584291 
453220 
584294 
453225 
584297 
584300 
584305 
453234 
584309 
453239 
584313 
453244 
584317 
453249 
584324 
584326 
584328 
453258 
584330 
584333 
453263 
584336 
584339 
453268 
584342 
453273 
584347 
584348 
584349 
584350 
584351 
453282 
584354 
584357 
453287 
584360 
453292 
584365 
453297 
584369 
584373 
584377 
453306 
453311 
584384 
584386 
453316 
584388 
584390 
453321 
584393 
584396 
584399 
453330 
584402 
453335 
584411 
453340 
584413 
584415 
453345 
584417 
584420 
584423 
453354 
584426 
584429 
453359 
584434 
453364 
584438 
453369 
584442 
584446 
453378 
584453 
453383 
584455 
584457 
584459 
453388 
453393 
453402 
584476 
453407 
584481 
584483 
453412 
584485 
584487 
453417 
584490 
584493 
584496 
453426 
584499 
453431 
584504 
453436 
584508 
584512 
453441 
584516 
453450 
584523 
584525 
453455 
584527 
584529 
453460 
584532 
584536 
453465 
584540 
584544 
453474 
453479 
584551 
584555 
453484 
584559 
453489 
584563 
453498 
584570 
584574 
453503 
584578 
453508 
584582 
453513 
584589 
584592 
453522 
584595 
584598 
453527 
584603 
453532 
584605 
584607 
453537 
584609 
584612 
584616 
453546 
584620 
453551 
584624 
453556 
584631 
453561 
584635 
584639 
453570 
584643 
453575 
584650 
453580 
584653 
584656 
453585 
584659 
584664 
453594 
584666 
584668 
584670 
453599 
584673 
453604 
584676 
584679 
453609 
584682 
584687 
453618 
584691 
453623 
584695 
584699 
453628 
453633 
584706 
584708 
584710 
584712 
453642 
584715 
584718 
453647 
584721 
453652 
584724 
453657 
584729 
584733 
584737 
453666 
584741 
453671 
453676 
584748 
584751 
453681 
584754 
584757 
453690 
584762 
584766 
453695 
584770 
453700 
584774 
453705 
584781 
584783 
584785 
453714 
584787 
584790 
453719 
584793 
453724 
584796 
584799 
453729 
584804 
584808 
453738 
584812 
453743 
584816 
453748 
584823 
453753 
584826 
584829 
584832 
453762 
584837 
453767 
584841 
453772 
584845 
453777 
584849 
584856 
453786 
584858 
584860 
584862 
453792 
584865 
584868 
453797 
584871 
584874 
453806 
584879 
584882 
453811 
584885 
453816 
584888 
453821 
584893 
584897 
584901 
453830 
584905 
453835 
453840 
584912 
584914 
584916 
453845 
584918 
584921 
584924 
453854 
584927 
584930 
453859 
584935 
453864 
584939 
453869 
584943 
584947 
453878 
584954 
453883 
584957 
453888 
584960 
584963 
453893 
584968 
584972 
453902 
584976 
453907 
584980 
453912 
584987 
453917 
584989 
584991 
584993 
584996 
453926 
584999 
585002 
453932 
585005 
585010 
453941 
585013 
585016 
453946 
585019 
453951 
585024 
585027 
453956 
585030 
585033 
453965 
585038 
453970 
585042 
585046 
453975 
585050 
453980 
585057 
585059 
453989 
585061 
585063 
453994 
585066 
585069 
453999 
585072 
585075 
454004 
585080 
585084 
454013 
585088 
454018 
585092 
454023 
585099 
454028 
585102 
585105 
585108 
454037 
585113 
454042 
585117 
454047 
585121 
454052 
585125 
585132 
454061 
585134 
585136 
454066 
585138 
585141 
454071 
585144 
585147 
454076 
585150 
585155 
454085 
585158 
585161 
454090 
585164 
454095 
585169 
454100 
585173 
585177 
454109 
585181 
454114 
585188 
585190 
454119 
585192 
585194 
454124 
585197 
585200 
585203 
454133 
585206 
454138 
585211 
585214 
454143 
585217 
454148 
585220 
585225 
454157 
585229 
585233 
454162 
585237 
454167 
454172 
585244 
585246 
585248 
585250 
454181 
585253 
585256 
454186 
585259 
585262 
454191 
585267 
454196 
585270 
585273 
585276 
454205 
585281 
454210 
585285 
454215 
585289 
454220 
585293 
585300 
454229 
585302 
585304 
454234 
585306 
585309 
454239 
585312 
585315 
454244 
585318 
585323 
454253 
454258 
585330 
585333 
454263 
585336 
585339 
454268 
585344 
585348 
454277 
585352 
454282 
585356 
454287 
585363 
454292 
585365 
585367 
585369 
585372 
454301 
585375 
454306 
585378 
585381 
454311 
585386 
454316 
585389 
585392 
585395 
454325 
585400 
454330 
585404 
454335 
585408 
454340 
585412 
585419 
454349 
585421 
585423 
585425 
454354 
585428 
454359 
585431 
585434 
454364 
585437 
454373 
585445 
454378 
585451 
585454 
454383 
585457 
454388 
585460 
585465 
454397 
585469 
585473 
454402 
585477 
454407 
454412 
585484 
585486 
585488 
585490 
454421 
585493 
585496 
454426 
585499 
585502 
454431 
585507 
454436 
585511 
585516 
454445 
585520 
454450 
585523 
454455 
585528 
585531 
454460 
585534 
585537 
454469 
585542 
454474 
585546 
585550 
454479 
585554 
454484 
585561 
585563 
454493 
585565 
585567 
454498 
585570 
585573 
454503 
585576 
585579 
454508 
585584 
585588 
454517 
585592 
454522 
585596 
454527 
585603 
454532 
585607 
585611 
454541 
585615 
454546 
585622 
454551 
585625 
454556 
585628 
585631 
585636 
454565 
585638 
585640 
454570 
585642 
585645 
454575 
585648 
585651 
454580 
585654 
585659 
454589 
585662 
585665 
454594 
585668 
454599 
585673 
454604 
585677 
585681 
454613 
585685 
454618 
585692 
454623 
585696 
454628 
585700 
585704 
454637 
585711 
454642 
585714 
585717 
454647 
585720 
454652 
585725 
585728 
585731 
454661 
585734 
454666 
585739 
454671 
585743 
585747 
454676 
585751 
454685 
585758 
585760 
454690 
585762 
585764 
454695 
585767 
585770 
454700 
585773 
585776 
454709 
585781 
585784 
454714 
585787 
585790 
454719 
585795 
454724 
585798 
585801 
585804 
454733 
585809 
454739 
585811 
585813 
585815 
454744 
585818 
585821 
585824 
454753 
585827 
454759 
585832 
454764 
585836 
585840 
585844 
454773 
454778 
585851 
585853 
454783 
585855 
585857 
454788 
585860 
585863 
585866 
454797 
585869 
585874 
454803 
585876 
585878 
454808 
585880 
585883 
585886 
454817 
585889 
585892 
454822 
585897 
454827 
585899 
585901 
585903 
454832 
585906 
585909 
585912 
454841 
585915 
454846 
585920 
454851 
585924 
454856 
585928 
585932 
454865 
585939 
585941 
454870 
585943 
585945 
454875 
585948 
585951 
454880 
585954 
585957 
454889 
585962 
585964 
454894 
585966 
585968 
454899 
585971 
585974 
454904 
585977 
585980 
454913 
585985 
585987 
585989 
454918 
585991 
585994 
454923 
585997 
454928 
586000 
586003 
586008 
454937 
586012 
454942 
586016 
454947 
586020 
454952 
586027 
586029 
586031 
454961 
586033 
586036 
454966 
586039 
586042 
454971 
586045 
454976 
586050 
586052 
586054 
586056 
454985 
586059 
454990 
586062 
586065 
454995 
586068 
455000 
586073 
586075 
586077 
586079 
455009 
586082 
586085 
455014 
586088 
455019 
586091 
455024 
586096 
586100 
586104 
455033 
586108 
455038 
455043 
586115 
586117 
586119 
455048 
586121 
586124 
586127 
455057 
586130 
586133 
455062 
586138 
455067 
586139 
586140 
586141 
586142 
455072 
586144 
586146 
586148 
586151 
586152 
455081 
586153 
586154 
586155 
586157 
455086 
586159 
586161 
455091 
586164 
586166 
455096 
586168 
586170 
586173 
586175 
455105 
586177 
586179 
455110 
586182 
586184 
586186 
455115 
586188 
586191 
455120 
586193 
586195 
586197 
586200 
455129 
586202 
586204 
455134 
586206 
586209 
455139 
586211 
586213 
586215 
455144 
586218 
586220 
586222 
586224 
455153 
586227 
586229 
455158 
586231 
586233 
455163 
586236 
586238 
455168 
586240 
586242 
586245 
586248 
455177 
586251 
455182 
586254 
455187 
586259 
586262 
455192 
586265 
586268 
455201 
586273 
586276 
455206 
586279 
586282 
455211 
586287 
455216 
586290 
586293 
586296 
455225 
586301 
455230 
586303 
586305 
455235 
586307 
586310 
455240 
586312 
586314 
586316 
586319 
455249 
586321 
586323 
586325 
455254 
586328 
586330 
455259 
586332 
586334 
455264 
586337 
586339 
586341 
586343 
455273 
586346 
586348 
455278 
586350 
586352 
455283 
586355 
586357 
586359 
455288 
586361 
586364 
586366 
586368 
455297 
586370 
586373 
455302 
586375 
586377 
455307 
586379 
586382 
455312 
586385 
586388 
586391 
455321 
586396 
455326 
586398 
586400 
586402 
455331 
586405 
455336 
586409 
586413 
455345 
586417 
455350 
586424 
455355 
586427 
586430 
455360 
586433 
586438 
455369 
586441 
586444 
455374 
586447 
586450 
455379 
586453 
455384 
586456 
586459 
586462 
455393 
586467 
586469 
455398 
586471 
586473 
455403 
586476 
586478 
455408 
586480 
586482 
586485 
586487 
455417 
586489 
586491 
455422 
586494 
586496 
586498 
455427 
586500 
586503 
455432 
586505 
586507 
586509 
586512 
455441 
586516 
455446 
586520 
455451 
586524 
455456 
586531 
586533 
586535 
455465 
586537 
586540 
455470 
586543 
586546 
455475 
586549 
455480 
586554 
586557 
586560 
455489 
586563 
455494 
586568 
586570 
455499 
586572 
586574 
455504 
586577 
586579 
586581 
586583 
455513 
586586 
586589 
455518 
586592 
455523 
586595 
455528 
586600 
586601 
586602 
586603 
586604 
586607 
455537 
586610 
586613 
455542 
586618 
455547 
586620 
586622 
455552 
586624 
586627 
586629 
586631 
455561 
586633 
586636 
455566 
586638 
586640 
586642 
455571 
586645 
455576 
586648 
586651 
586654 
455585 
586659 
586661 
455590 
586663 
586665 
455595 
586668 
455600 
586672 
586676 
586680 
455609 
455614 
586687 
586690 
455619 
586693 
455624 
586696 
586701 
586703 
455633 
586705 
586708 
455638 
586710 
586712 
455643 
586715 
586717 
586719 
455648 
586722 
586727 
455657 
586730 
455662 
586735 
586737 
455667 
586739 
586741 
455672 
586744 
586746 
586748 
586750 
455681 
586753 
586755 
586757 
455686 
586759 
586762 
455691 
586764 
586766 
455696 
586768 
586771 
586774 
455705 
586777 
586780 
455710 
586785 
455715 
586790 
455720 
586795 
586800 
455729 
455734 
586809 
455739 
586812 
586815 
455744 
586818 
586823 
455753 
586826 
586829 
455758 
586832 
455763 
586837 
586839 
455768 
586841 
586843 
586846 
455777 
586849 
586852 
455782 
586855 
455787 
586860 
586863 
455792 
586866 
586869 
455801 
586874 
586876 
455806 
586878 
586880 
455811 
586883 
586885 
586887 
455816 
586889 
586892 
586895 
455825 
586898 
586901 
455830 
586906 
455835 
586907 
586908 
586909 
586910 
455840 
586913 
586916 
586919 
455849 
586924 
455854 
586926 
586928 
586930 
455859 
586933 
455864 
586936 
586939 
586942 
455873 
586947 
586949 
455878 
586951 
586953 
455883 
586956 
586958 
455888 
586960 
586962 
586965 
586968 
455897 
586971 
455902 
586974 
455907 
586979 
586981 
586983 
455912 
586985 
586988 
586992 
455921 
586996 
455925 
587000 
455929 
455933 
587007 
587010 
455940 
587013 
587016 
587021 
455950 
587023 
587025 
587027 
587030 
455960 
587032 
587034 
587036 
455965 
587039 
587041 
455970 
587043 
587045 
455975 
587048 
587051 
587054 
455984 
587057 
587062 
587064 
455994 
587066 
587068 
455999 
587071 
587074 
456004 
587077 
587080 
456009 
587085 
587087 
587089 
456018 
587091 
587094 
456023 
587096 
587098 
456028 
587100 
587103 
456033 
587106 
587109 
587112 
456042 
587117 
456047 
587121 
456052 
587125 
456057 
587129 
587136 
456066 
587141 
456071 
587146 
456076 
587151 
456081 
587160 
456090 
587164 
456095 
587168 
456100 
587172 
456105 
587179 
587182 
587185 
456114 
587188 
456119 
587193 
456124 
587196 
587199 
456129 
587202 
587207 
587209 
456138 
587211 
587213 
456143 
587216 
587219 
456148 
587222 
456153 
587225 
587230 
587233 
456162 
587236 
456167 
587239 
456172 
587244 
587246 
587248 
456177 
587250 
587253 
587255 
587257 
456186 
587259 
587262 
456191 
587265 
456196 
587268 
587271 
456201 
587276 
587277 
587278 
587279 
587280 
456210 
587283 
587286 
456215 
587289 
456220 
587294 
587296 
456225 
587298 
587300 
587303 
456234 
587306 
587309 
456239 
587312 
456244 
587317 
587319 
456249 
587321 
587323 
587326 
587328 
456258 
587330 
587332 
456263 
587335 
587338 
456268 
587341 
587344 
456273 
587349 
587351 
587353 
456282 
587355 
587358 
456287 
587362 
456292 
587366 
456297 
587370 
587377 
456306 
587380 
456311 
587383 
587386 
456316 
587391 
456321 
587393 
587395 
587397 
587400 
456330 
587402 
587404 
587406 
456335 
587409 
587411 
456340 
587413 
587415 
456345 
587418 
587421 
587424 
456354 
587427 
456359 
587432 
587434 
456364 
587436 
587438 
456369 
587441 
587445 
587449 
456378 
587453 
456383 
456388 
587460 
587462 
587464 
456393 
587466 
587469 
587473 
456402 
587477 
456407 
587481 
456412 
587488 
456417 
587490 
587492 
587494 
587497 
456426 
587500 
456431 
587503 
587506 
456436 
587511 
456441 
587513 
587515 
587517 
587520 
456450 
587523 
587526 
456455 
587529 
456460 
587534 
587536 
456465 
587538 
587540 
587543 
587545 
456474 
587547 
587549 
456479 
587552 
587555 
456484 
587558 
456489 
587561 
587566 
587568 
456498 
587570 
587572 
456503 
587575 
587578 
456508 
587581 
587584 
456513 
587589 
587591 
587593 
456522 
587595 
587598 
456527 
587600 
587602 
456532 
587604 
587607 
456537 
587610 
587613 
587616 
456546 
587621 
456551 
587624 
587627 
456556 
587630 
456561 
587635 
587639 
456570 
587643 
456575 
587647 
456580 
587654 
456585 
587659 
587664 
456594 
587669 
456599 
456604 
587678 
456609 
587681 
587684 
587687 
456618 
587692 
587694 
456623 
587696 
587698 
456628 
587701 
587704 
456633 
587707 
587710 
456642 
587715 
587718 
456647 
587721 
456652 
587724 
456657 
587729 
587731 
587733 
587735 
456666 
587738 
587740 
587742 
456671 
587744 
587747 
456676 
587750 
456681 
587753 
587756 
587761 
456690 
587763 
587765 
456695 
587767 
587770 
456700 
587772 
587774 
587776 
456705 
587779 
587782 
587785 
456714 
587788 
456719 
587793 
587795 
456724 
587797 
587799 
456729 
587802 
587804 
587806 
587808 
456738 
587811 
587814 
456743 
587817 
456748 
587820 
456753 
587825 
587827 
587829 
587831 
456762 
587834 
587837 
456767 
587840 
587843 
456772 
587848 
456777 
587850 
587852 
587854 
587857 
456786 
587860 
456791 
587863 
587866 
456796 
587871 
456801 
587873 
587875 
587877 
587880 
456810 
587883 
587886 
456815 
587889 
456820 
587894 
587896 
456825 
587898 
587900 
587903 
456834 
587906 
587909 
456839 
587912 
456844 
587917 
587919 
456849 
587921 
587923 
587926 
587929 
456858 
587932 
456863 
587935 
456868 
587940 
587942 
587944 
456873 
587946 
587949 
587952 
456882 
587955 
587958 
456887 
587963 
456892 
587965 
587967 
456897 
587969 
587972 
587974 
587976 
456906 
587978 
587981 
456911 
587984 
587987 
456916 
587990 
456921 
587995 
587997 
587999 
588001 
456930 
588004 
588006 
456935 
588008 
588010 
456940 
588013 
588016 
456945 
588019 
588022 
456954 
588027 
588029 
456959 
588031 
588033 
456964 
588036 
588038 
588040 
456969 
588042 
588045 
588047 
588049 
456978 
588051 
588054 
456983 
588057 
456988 
588060 
588063 
456993 
588068 
588070 
588072 
457002 
588074 
588077 
457007 
588080 
588083 
457012 
588086 
457017 
588091 
588094 
588097 
457026 
588100 
457031 
588105 
588107 
457036 
588109 
588111 
457041 
588114 
588115 
588116 
588117 
588118 
588120 
457050 
588122 
588124 
457055 
588127 
588130 
457060 
588133 
588136 
457065 
588141 
588142 
588143 
588144 
588145 
457074 
588148 
457079 
588151 
588154 
457084 
588159 
457089 
588161 
588163 
588165 
588168 
457098 
588171 
457102 
588174 
588177 
457106 
457110 
588182 
588184 
588186 
588188 
457117 
588191 
588193 
457122 
588195 
588197 
457127 
588200 
588202 
457132 
588204 
588206 
588209 
588211 
457141 
588213 
588215 
457146 
588218 
588220 
588222 
457151 
588224 
588227 
457156 
588230 
588233 
588236 
457165 
588241 
457170 
588243 
588245 
457175 
588247 
588250 
457180 
588254 
588258 
457189 
588262 
457194 
588269 
457199 
588272 
588275 
457204 
588278 
588283 
457213 
588286 
588289 
457218 
588292 
457223 
588297 
588299 
457228 
588301 
588303 
588306 
588308 
457237 
588310 
588312 
457242 
588315 
588318 
457247 
588321 
457252 
588324 
588329 
588331 
457261 
588333 
588335 
457266 
588338 
588341 
457271 
588344 
588347 
457276 
588352 
588354 
588356 
457285 
588358 
588361 
457291 
588363 
588365 
588367 
457296 
588370 
588373 
588376 
457305 
588379 
588384 
588388 
588392 
588396 
457329 
588403 
588407 
457339 
588411 
588415 
457345 
457350 
588422 
588427 
457359 
588432 
457364 
588437 
457369 
457374 
588446 
588450 
588454 
457383 
588458 
457388 
457393 
588465 
588468 
457398 
588471 
588474 
457407 
588479 
588482 
457412 
588485 
588488 
457417 
588493 
457422 
588495 
588497 
588499 
588502 
457431 
588505 
457436 
588508 
588511 
457441 
588516 
457446 
588519 
588522 
588525 
457455 
588530 
457460 
588532 
588534 
588536 
457465 
588539 
457470 
588545 
588550 
457479 
457484 
588559 
457489 
588564 
457494 
588569 
588574 
457503 
457508 
588583 
457513 
588586 
588589 
457518 
588592 
588597 
457527 
588600 
588603 
457532 
588606 
457537 
588611 
588613 
457542 
588615 
588617 
588620 
457551 
588623 
588626 
457556 
588629 
457561 
588634 
588635 
588636 
588637 
457566 
588638 
588641 
588644 
457575 
588647 
457580 
588652 
588654 
588656 
457585 
588658 
588661 
457590 
588664 
588667 
588670 
457599 
457603 
588675 
588677 
457607 
588679 
588681 
457611 
588684 
588686 
588688 
457618 
588690 
588693 
457623 
588696 
588699 
457628 
588702 
457633 
588707 
588709 
588711 
588713 
457642 
588716 
588718 
457647 
588720 
588722 
457652 
588725 
588728 
457657 
588731 
588734 
457666 
588739 
588741 
457671 
588743 
588745 
457676 
588748 
588752 
457681 
588756 
588760 
457690 
457695 
588767 
588770 
457700 
588773 
588776 
457705 
588781 
588784 
457714 
588787 
588790 
457719 
588795 
457724 
588797 
588799 
457729 
588801 
588804 
588806 
588808 
457738 
588810 
588813 
457743 
588816 
588819 
457748 
588822 
457753 
588827 
588829 
588831 
588833 
457762 
588836 
457767 
588839 
588842 
457772 
588845 
457777 
588850 
588852 
588854 
588856 
457786 
588859 
588861 
588863 
457792 
588865 
588868 
457797 
588871 
588874 
588877 
457806 
588882 
588885 
588888 
588891 
457820 
588896 
588900 
457830 
588904 
457836 
588908 
457841 
588915 
588918 
588921 
457850 
588924 
457855 
588929 
457860 
588934 
457865 
588939 
588944 
457874 
457879 
588953 
457884 
588957 
457889 
588961 
588965 
457898 
588972 
457903 
588975 
588978 
457908 
588981 
457913 
588986 
588988 
588990 
588992 
457922 
588995 
588997 
457927 
588999 
589001 
457932 
589004 
589007 
457937 
589010 
589013 
457946 
589018 
589021 
457951 
589024 
589027 
457956 
589032 
457961 
589034 
589036 
589038 
589041 
457970 
589045 
457975 
589049 
457980 
589053 
457985 
589060 
589062 
589064 
457994 
589066 
589069 
457999 
589072 
589075 
458004 
589078 
458009 
589083 
589084 
589085 
589086 
589087 
458018 
589090 
589093 
458023 
589096 
458028 
589101 
589103 
458033 
589105 
589107 
589110 
589112 
458042 
589114 
589116 
458047 
589119 
589121 
589123 
458052 
589125 
589128 
458057 
589131 
589134 
589137 
458066 
589142 
458071 
589144 
589146 
458076 
589148 
589151 
458081 
589153 
589155 
589157 
589160 
458090 
589163 
458094 
589166 
589169 
458098 
458102 
589174 
589176 
589178 
589180 
458109 
589183 
458114 
589187 
458119 
589191 
589195 
458124 
589202 
458133 
589205 
589208 
458138 
589211 
458143 
589216 
589218 
458148 
589220 
589222 
589225 
589227 
458157 
589229 
589231 
458162 
589234 
589237 
458167 
589240 
589243 
458172 
589248 
589250 
589252 
458181 
589254 
589257 
458186 
589260 
458191 
589263 
589266 
458196 
589271 
589273 
589275 
458205 
589277 
589280 
458210 
589282 
589284 
589286 
458215 
589289 
458220 
589292 
589295 
589298 
458229 
589303 
458234 
589306 
589309 
458239 
589312 
458244 
589317 
589321 
458253 
589325 
589329 
458258 
458263 
589336 
589339 
458268 
589342 
589345 
458277 
589350 
458283 
589355 
458288 
589360 
589365 
458297 
458302 
589374 
589377 
589380 
458311 
589383 
589388 
589390 
589392 
458321 
589394 
589397 
589400 
458331 
589403 
589406 
589411 
458341 
589414 
589417 
458346 
589420 
589425 
458355 
589427 
589429 
589431 
458361 
589434 
458366 
589438 
589442 
589446 
458375 
458380 
589453 
589455 
458385 
589457 
589459 
458390 
589462 
589465 
589468 
458399 
589471 
458404 
589476 
589477 
589478 
589479 
589480 
458409 
589483 
458414 
589486 
589489 
589494 
458423 
589496 
589498 
458428 
589500 
589503 
458433 
589506 
589509 
458438 
589512 
589517 
458447 
589519 
589521 
589523 
458452 
589526 
589528 
458457 
589530 
589532 
458462 
589535 
589537 
589539 
589541 
458471 
589544 
589546 
458476 
589548 
589550 
458481 
589553 
458486 
589560 
458495 
589567 
458500 
589574 
458505 
458510 
589587 
589590 
458519 
589593 
458524 
589596 
458529 
589601 
589605 
458534 
589609 
589613 
458543 
458548 
589620 
589622 
589624 
458553 
589626 
589629 
458558 
589632 
589635 
589638 
458567 
589643 
458572 
589646 
458577 
589649 
589652 
458582 
589657 
458591 
589663 
458596 
589669 
458601 
589675 
458606 
589686 
458615 
589689 
458619 
589692 
458623 
589695 
458627 
589700 
589702 
589704 
458634 
589706 
589709 
458639 
589711 
589713 
589715 
458644 
589718 
589720 
458649 
589722 
589724 
589727 
458658 
589730 
589733 
458663 
589736 
458668 
589741 
589744 
458673 
589747 
589750 
458682 
589755 
589757 
458687 
589759 
589761 
458692 
589764 
589766 
589768 
458697 
589770 
589773 
589776 
458706 
589779 
589782 
458711 
589787 
458716 
589789 
589791 
458721 
589793 
589796 
589798 
589800 
458730 
589802 
589805 
458735 
589808 
589811 
458740 
589814 
458745 
589819 
589821 
589823 
589825 
458754 
589828 
458759 
589832 
458764 
589836 
589840 
458769 
589847 
589849 
458778 
589851 
589853 
458783 
589856 
589858 
458788 
589860 
589862 
458793 
589865 
589868 
589871 
458802 
589874 
458807 
589879 
589882 
458812 
589885 
589888 
458817 
589893 
589895 
589897 
458826 
589899 
589902 
458832 
589904 
589906 
589908 
458837 
589911 
589914 
589917 
458846 
589920 
458852 
589925 
589927 
458857 
589929 
589931 
589934 
458866 
589938 
589942 
458872 
589946 
458877 
589953 
589955 
589957 
458886 
589959 
589962 
458892 
589964 
589966 
589968 
458897 
589971 
589974 
589977 
458906 
589980 
458912 
589985 
589988 
458917 
589991 
589994 
458926 
589999 
590001 
458931 
590003 
590005 
458936 
590008 
590011 
458941 
590014 
590017 
458950 
590022 
590025 
458955 
590028 
590031 
458960 
590036 
458965 
590038 
590040 
590042 
590045 
458974 
590050 
458979 
590055 
458984 
590060 
458989 
590069 
458998 
590070 
590071 
590072 
590073 
459003 
590075 
590077 
590079 
459008 
590082 
459013 
590085 
590088 
590091 
459022 
590096 
459027 
590100 
459032 
590104 
590108 
459037 
590115 
459046 
590119 
459051 
590123 
590127 
459056 
459061 
590134 
590137 
590140 
459070 
590143 
459075 
590148 
459080 
590153 
459085 
590158 
590163 
459094 
459099 
590172 
459104 
590176 
590180 
459109 
590184 
459118 
590191 
590193 
459123 
590195 
590197 
459128 
590200 
590202 
590204 
459133 
590206 
590209 
590212 
459142 
590215 
590218 
459147 
590223 
459152 
590225 
590227 
459157 
590229 
590232 
590235 
459166 
590238 
590241 
459171 
590246 
459176 
590248 
590250 
590252 
459181 
590255 
590258 
590261 
459190 
590264 
459194 
590269 
459198 
590271 
590273 
459202 
590275 
590278 
590280 
459209 
590282 
590284 
459214 
590287 
590288 
590289 
590290 
459219 
590291 
590295 
459224 
590299 
590303 
459233 
459238 
590310 
590313 
459243 
590316 
590319 
459248 
590324 
590327 
459257 
590330 
590333 
459262 
590338 
459267 
590342 
459272 
590346 
590350 
459281 
590357 
459286 
459291 
590363 
459296 
590369 
590375 
459305 
459310 
590386 
459315 
590389 
459320 
590392 
590395 
590400 
459329 
590403 
459334 
590406 
590409 
459339 
590414 
459344 
590417 
590420 
590423 
459353 
590428 
459358 
590432 
459363 
590436 
459368 
590440 
590447 
459377 
590450 
590453 
459382 
590456 
459387 
590461 
459392 
590465 
590469 
459401 
590473 
459406 
590480 
459411 
590486 
459416 
590492 
459425 
590498 
459430 
459435 
590509 
459440 
590512 
590515 
590518 
459449 
590523 
459454 
590526 
590529 
459459 
590532 
459464 
590537 
590539 
590541 
590543 
459473 
590546 
590549 
459478 
590552 
459483 
590555 
459488 
590560 
590562 
590564 
590566 
459497 
590569 
590573 
459502 
590577 
459507 
590581 
459512 
590588 
459521 
590594 
459526 
590600 
459531 
590606 
459536 
459545 
590617 
590621 
459550 
590625 
459555 
590629 
459560 
590636 
590638 
590640 
459569 
590642 
590645 
459574 
590649 
459579 
590653 
459584 
590657 
590664 
459593 
590668 
459598 
590672 
459603 
590676 
459608 
590683 
590686 
459617 
590689 
590692 
459622 
590697 
459627 
590703 
459632 
590709 
459641 
590715 
459646 
459651 
590726 
459656 
590729 
590732 
590735 
459665 
590740 
459670 
590745 
459675 
590750 
459680 
590755 
459689 
590764 
459694 
590768 
459699 
590772 
459704 
590776 
590783 
459713 
590786 
590789 
459718 
590792 
459723 
590797 
459728 
590801 
590805 
459737 
590809 
459742 
590816 
590818 
459747 
590820 
590822 
459752 
590825 
590828 
590831 
459761 
590834 
459766 
590839 
590840 
590841 
590842 
459771 
590843 
590846 
459776 
590849 
590852 
459785 
590857 
590858 
590859 
590860 
459789 
590861 
590863 
459793 
590865 
590867 
459797 
590870 
590873 
459804 
590876 
590879 
459809 
590884 
459814 
590886 
590888 
590890 
459819 
590893 
590895 
590897 
590899 
459828 
590902 
459833 
590905 
590908 
459838 
590911 
459843 
590916 
590918 
590920 
590922 
459852 
590925 
590927 
459857 
590929 
590931 
459862 
590934 
590937 
459867 
590940 
590943 
459876 
590948 
590952 
459881 
590956 
459886 
590960 
459891 
590967 
590969 
590971 
459900 
590973 
590976 
459905 
590979 
459910 
590982 
590985 
459915 
590990 
590992 
590994 
459924 
590996 
590999 
459929 
591001 
591003 
591005 
459934 
591008 
591010 
459939 
591012 
591014 
591017 
459948 
591020 
591023 
459953 
591026 
459958 
591031 
591033 
459963 
591035 
591037 
591040 
591043 
459972 
591046 
459977 
591049 
459982 
591054 
591056 
591058 
459987 
591060 
591063 
591066 
459996 
591069 
591072 
460001 
591077 
460006 
591082 
460011 
591087 
460020 
591092 
460025 
591101 
460030 
460035 
591107 
460044 
591116 
591119 
460049 
591122 
591125 
460054 
591130 
460059 
591132 
591134 
591137 
591139 
460068 
591141 
591143 
460073 
591146 
460078 
591150 
591154 
460083 
591158 
460092 
591165 
591168 
460097 
591171 
460102 
591174 
460107 
591179 
591181 
591183 
591185 
460116 
591188 
591191 
460121 
591194 
591197 
460126 
591202 
460131 
591207 
460140 
591212 
460145 
591217 
460150 
591222 
460155 
591231 
591235 
460164 
591239 
460169 
591243 
460174 
591250 
460179 
591253 
591258 
460188 
591262 
460193 
591266 
460198 
591270 
460203 
591277 
591281 
460212 
591285 
460217 
591289 
460222 
591296 
460227 
591301 
591306 
460236 
591311 
460241 
460246 
591320 
460251 
591323 
591326 
591329 
460260 
591334 
460265 
591337 
591340 
460270 
591343 
460275 
591348 
591351 
591354 
460284 
591357 
460289 
591362 
460294 
591366 
591370 
460299 
591374 
460308 
591381 
591384 
460313 
591387 
460318 
591390 
460323 
591395 
591397 
591399 
591401 
460332 
591404 
591407 
460337 
591410 
591413 
460342 
591418 
460347 
591423 
460356 
591428 
460361 
591433 
460366 
591442 
460371 
591446 
591450 
460380 
591454 
460384 
460388 
591461 
460392 
591464 
591467 
591470 
460399 
591475 
460404 
591479 
460409 
591483 
460414 
591487 
591494 
460423 
591497 
460428 
591500 
591503 
460433 
591508 
460438 
591513 
591518 
460447 
591523 
460452 
460457 
591532 
460462 
591534 
591536 
591538 
591541 
460471 
591544 
591547 
460476 
591550 
460481 
591555 
460486 
591559 
591563 
460495 
591567 
460500 
591574 
460505 
591577 
591580 
460510 
591583 
591588 
460519 
591591 
591594 
460524 
591597 
460529 
591602 
591605 
460534 
591608 
591611 
460543 
591616 
460548 
591621 
460553 
591626 
460558 
591631 
460567 
591640 
460572 
591645 
460577 
591650 
460582 
591655 
460591 
591664 
460596 
591668 
591672 
460601 
591676 
460606 
591683 
591686 
460615 
591689 
460620 
591692 
460625 
591697 
460630 
591703 
591708 
460639 
460644 
591717 
591720 
460649 
591723 
460654 
591726 
591731 
460663 
591735 
591738 
460668 
591743 
460673 
591748 
460678 
591752 
460687 
591759 
591761 
591763 
460692 
591765 
591768 
460697 
591772 
460702 
591776 
591780 
460711 
591787 
460716 
591791 
460721 
591795 
460726 
591799 
591806 
460735 
591809 
460740 
591812 
591815 
460745 
591820 
460750 
591825 
591830 
460759 
591835 
460764 
460769 
591844 
460774 
591848 
591852 
460783 
591856 
460788 
591863 
460793 
591867 
460798 
591872 
591875 
591878 
460807 
591881 
460812 
591886 
460817 
591889 
591892 
460822 
591895 
591900 
460831 
591903 
591906 
460836 
591909 
460841 
591914 
591917 
460846 
591920 
591923 
460855 
591928 
460860 
591933 
460865 
591938 
460870 
591943 
460879 
591952 
591954 
460884 
591956 
591958 
460889 
591961 
591962 
591963 
591964 
591965 
460894 
591967 
591969 
591971 
591974 
460903 
591976 
591978 
460908 
591980 
591983 
460913 
591985 
591987 
591989 
460918 
591992 
591994 
591996 
591998 
460927 
592001 
460932 
592004 
592007 
460937 
592010 
460942 
592015 
592019 
460951 
592023 
592027 
460956 
460961 
592034 
592036 
460966 
592038 
592040 
592043 
592046 
460975 
592049 
460980 
592052 
460985 
592057 
592059 
592061 
460990 
592063 
592066 
592068 
592070 
460999 
592072 
592075 
461004 
592077 
592079 
461009 
592081 
592084 
461014 
592087 
592090 
592093 
461023 
592098 
461028 
592100 
592102 
592104 
461033 
592107 
592109 
461038 
592111 
592113 
592116 
592118 
461047 
592120 
592122 
461052 
592125 
592127 
461057 
592129 
592131 
461062 
592134 
592136 
592138 
592140 
461071 
592143 
592146 
461076 
592149 
592152 
461081 
592157 
461086 
592161 
592165 
461095 
592169 
461100 
592176 
461105 
592178 
592180 
461110 
592182 
592185 
592188 
461119 
592191 
592194 
461124 
592199 
461129 
592202 
592205 
461134 
592207 
592209 
592212 
461143 
592215 
592218 
461148 
592222 
461153 
592225 
461158 
592230 
592232 
592234 
592236 
461167 
592239 
592241 
592243 
461172 
592245 
592248 
461177 
592250 
592252 
461182 
592254 
592257 
592259 
592261 
461191 
592263 
592266 
461196 
592268 
592270 
592272 
461201 
592275 
461206 
592278 
592281 
592284 
461215 
592289 
461220 
592292 
592295 
461225 
592298 
461230 
592303 
592305 
592307 
592309 
461239 
592312 
592314 
461244 
592316 
592318 
461249 
592321 
592323 
461254 
592326 
592328 
592330 
592333 
461263 
592336 
461268 
592341 
461273 
592345 
461278 
592350 
592352 
592354 
592356 
461287 
592359 
592361 
592363 
461292 
592365 
592368 
461297 
592370 
592372 
461302 
592374 
592377 
592379 
592381 
461311 
592383 
592386 
461316 
592388 
592390 
592392 
461321 
592395 
592397 
461326 
592399 
592401 
592404 
592406 
461335 
592408 
592410 
461340 
592413 
592415 
461345 
592417 
592419 
461350 
592422 
592424 
592426 
592428 
461359 
592431 
592435 
461364 
592439 
461369 
592443 
461374 
592450 
592454 
461383 
592458 
461388 
592462 
461393 
592469 
461398 
592471 
592473 
592475 
592478 
461407 
592481 
461412 
592484 
592486 
461417 
592489 
592493 
461422 
592494 
592495 
592498 
592501 
461431 
592503 
592505 
592507 
461436 
592510 
592512 
461441 
592514 
592516 
461446 
592519 
592522 
592525 
461455 
592528 
461460 
592533 
592535 
461465 
592537 
592539 
461470 
592542 
592544 
592546 
592548 
461479 
592551 
592553 
592555 
461484 
592557 
592560 
461489 
592562 
592564 
461494 
592566 
592569 
592571 
592573 
461503 
592575 
592578 
461508 
592580 
592582 
592584 
461513 
592587 
592589 
461518 
592591 
592593 
592596 
592598 
461527 
592600 
592602 
461532 
592605 
592607 
461537 
592609 
592611 
461542 
592614 
592616 
592618 
592620 
461551 
592623 
592625 
592627 
461556 
592629 
592632 
461561 
592634 
592636 
461566 
592638 
592641 
592644 
461575 
592647 
592650 
461580 
592655 
461585 
592658 
592661 
461590 
592664 
592669 
461599 
592672 
592675 
461604 
592678 
461609 
592683 
461614 
592686 
592689 
592692 
461623 
592697 
592699 
461628 
592701 
592703 
461633 
592706 
592708 
461638 
592710 
592712 
592715 
592717 
461647 
592719 
592721 
461652 
592724 
592727 
461657 
592730 
592733 
461662 
592738 
592741 
461671 
592744 
592747 
461676 
592752 
461681 
592754 
592756 
461686 
592758 
592761 
592763 
592765 
461695 
592767 
592770 
461700 
592772 
592774 
592776 
461705 
592779 
592781 
461710 
592783 
592785 
592788 
592790 
461719 
592792 
592794 
461724 
592797 
592799 
461729 
592801 
592803 
461734 
592806 
592808 
592810 
592812 
461743 
592815 
592817 
592819 
461748 
592821 
592824 
461753 
592826 
592828 
461758 
592830 
592833 
592834 
592835 
592836 
592837 
461767 
592841 
461772 
592845 
461777 
592852 
461782 
592855 
592857 
592860 
461791 
592864 
461796 
592868 
592872 
461801 
461806 
592879 
592882 
592885 
461815 
592888 
461820 
592893 
592896 
461825 
592899 
461830 
592902 
592907 
461839 
592911 
592915 
461844 
592919 
461849 
461854 
592926 
592929 
592932 
461863 
592935 
461868 
592940 
461873 
592945 
461878 
592950 
592955 
461887 
461892 
592964 
592968 
461897 
592972 
461902 
592976 
461911 
592983 
592987 
461916 
592991 
461921 
592995 
461926 
593002 
593004 
593006 
461935 
593008 
593011 
461940 
593013 
593015 
461945 
593017 
593020 
461950 
593024 
593028 
461959 
593032 
461964 
593039 
461969 
593042 
593045 
461974 
593048 
593053 
461983 
593056 
593059 
461988 
593062 
461993 
593067 
461998 
593071 
593075 
462007 
593079 
462012 
593086 
593088 
462017 
593090 
593092 
462022 
593095 
593099 
462031 
593103 
593107 
462036 
462041 
593114 
593117 
462046 
593120 
593123 
462055 
593128 
462060 
593132 
593136 
462065 
593140 
462070 
593147 
593149 
462079 
593151 
593153 
462084 
593156 
593160 
462089 
593164 
462094 
593168 
462103 
593175 
593178 
462108 
593181 
593184 
462113 
593189 
462118 
593193 
593198 
462127 
593201 
462132 
593204 
593207 
462137 
593212 
462142 
593215 
593218 
593221 
462151 
593226 
462156 
462161 
462166 
593240 
593244 
462175 
593248 
462180 
593255 
462185 
593261 
462190 
593266 
462199 
593275 
462204 
593280 
462209 
593285 
462214 
593290 
462223 
593299 
462228 
593304 
462233 
593309 
462238 
593314 
462247 
593323 
462252 
593327 
462257 
593331 
462262 
593335 
593342 
462271 
593347 
462276 
593352 
462281 
593357 
462286 
593366 
462295 
593370 
462300 
593374 
462305 
593378 
462310 
593385 
593390 
462319 
593395 
462324 
593400 
462329 
462334 
593409 
593413 
462343 
593417 
462348 
593421 
462353 
593428 
462358 
593433 
593438 
462367 
593443 
462372 
462377 
593452 
462382 
593456 
593460 
462391 
593464 
462396 
593471 
593472 
462401 
593473 
593474 
593475 
462406 
593479 
593483 
462415 
593487 
462420 
593494 
462425 
593499 
462430 
593504 
593509 
462439 
462444 
593518 
462449 
593522 
462454 
593526 
593530 
462463 
593537 
462468 
593542 
462473 
593547 
462478 
593552 
462487 
593561 
462492 
593565 
462497 
593569 
593573 
462502 
593580 
462511 
593585 
462516 
593590 
462521 
593595 
462526 
593604 
462535 
593608 
593611 
462540 
593616 
462545 
462550 
593622 
593627 
462559 
462564 
593636 
593639 
462569 
593642 
593645 
462574 
593650 
593653 
462583 
593656 
593659 
462588 
593664 
462593 
593668 
462598 
593672 
593676 
462607 
593683 
462612 
593686 
462617 
593689 
593692 
462622 
593697 
593700 
462631 
593703 
593706 
462636 
593711 
462641 
593715 
462646 
593719 
593723 
462655 
593730 
462660 
593733 
593736 
462665 
593739 
462670 
593744 
593747 
593750 
462679 
593753 
462684 
593758 
462689 
593762 
462694 
593766 
593770 
462703 
593777 
462708 
593780 
593783 
462713 
593786 
462718 
593791 
593794 
593797 
462727 
593800 
462732 
593805 
462737 
593809 
593813 
462742 
593817 
462751 
593824 
593827 
462756 
593830 
462761 
593833 
462766 
593838 
593841 
593844 
462775 
593847 
462780 
593852 
593856 
462785 
593860 
462790 
593864 
462799 
593871 
593874 
462804 
593877 
593880 
462809 
593885 
462814 
593888 
593891 
593894 
462823 
593899 
462828 
593903 
462833 
593907 
462838 
593911 
593918 
462847 
593921 
462852 
593924 
593927 
462857 
593932 
462862 
593935 
593938 
593941 
462871 
593946 
462876 
593950 
462881 
593954 
462886 
593958 
593966 
462895 
593969 
462900 
593972 
462905 
462910 
593984 
593987 
593990 
462919 
593993 
462924 
593998 
594000 
462929 
594002 
594004 
462934 
594007 
594010 
594013 
462943 
594016 
462948 
594021 
594024 
462953 
594027 
462958 
594030 
594035 
594037 
462967 
594039 
594041 
462972 
594044 
594046 
594048 
462977 
594050 
594053 
462982 
594056 
594059 
594062 
462991 
594067 
462996 
594071 
463001 
594075 
463006 
594079 
594086 
463015 
594090 
463020 
594094 
463025 
594098 
463030 
594105 
594109 
463039 
594113 
463044 
594117 
463049 
594124 
463054 
594129 
594134 
463063 
594139 
463068 
463073 
594148 
463078 
594152 
594156 
463087 
594160 
463092 
594167 
463097 
594169 
594171 
594173 
463102 
594176 
594180 
463111 
594184 
463116 
594188 
463121 
594195 
463126 
594200 
594205 
463135 
594210 
463140 
463145 
594219 
463150 
594222 
594225 
594227 
594229 
463159 
594231 
594234 
463164 
594239 
463169 
594244 
463174 
594249 
463183 
594258 
463188 
594262 
463193 
594266 
463198 
594270 
594277 
463207 
594281 
463212 
594285 
463217 
594289 
463222 
594296 
594301 
463231 
594306 
463236 
594311 
463241 
463246 
594320 
594321 
594322 
594323 
594324 
463255 
594330 
463260 
463265 
594337 
594341 
463270 
594345 
594349 
463279 
463284 
594356 
594358 
594360 
463289 
594362 
594365 
463294 
594366 
594367 
594368 
594371 
594372 
594373 
594374 
463303 
594375 
463308 
594380 
463313 
594387 
463318 
594393 
594397 
463327 
594401 
463332 
594405 
463337 
594412 
463342 
594416 
594421 
463351 
594424 
594427 
463356 
594430 
463361 
594435 
463366 
594439 
594443 
463375 
594447 
463380 
594454 
463385 
594459 
463390 
594462 
594467 
463399 
594471 
594475 
463404 
594479 
463409 
463414 
594486 
594489 
594492 
463423 
594495 
463428 
594500 
594504 
463433 
594508 
463438 
594512 
463447 
594519 
594522 
463452 
594525 
594528 
463457 
594533 
463462 
594537 
594541 
463471 
594545 
463476 
594552 
463481 
594555 
463486 
594558 
594561 
594566 
463495 
594570 
463500 
594574 
463505 
594578 
463510 
594585 
594589 
463519 
594593 
463524 
594597 
463529 
594604 
463534 
594608 
594612 
463543 
594616 
463548 
594623 
463553 
594626 
594629 
463558 
594632 
594637 
463567 
594641 
463572 
594645 
463577 
594649 
463582 
594656 
594660 
463591 
594664 
463596 
594668 
463601 
594675 
463606 
594679 
594683 
463615 
594687 
463620 
463625 
594697 
594701 
463630 
594708 
463639 
594713 
463644 
594720 
463649 
463654 
594726 
594730 
594734 
463663 
594738 
463668 
463673 
594745 
463678 
594750 
594755 
463687 
594760 
463692 
463697 
594769 
594773 
463702 
594778 
463711 
594783 
463716 
594790 
463721 
594794 
463726 
594798 
594802 
463735 
594809 
463740 
594814 
463745 
594819 
463750 
594824 
463759 
594833 
463764 
463769 
594841 
463774 
594846 
594851 
463783 
594856 
463788 
463793 
594865 
594867 
594869 
463798 
594871 
594874 
594875 
594876 
594877 
463807 
594881 
463812 
594885 
463817 
594889 
463822 
594897 
594900 
463831 
594903 
594906 
463836 
594911 
463841 
594915 
463846 
594919 
594923 
463855 
463860 
594932 
463865 
594937 
463870 
594942 
594947 
463879 
463884 
594956 
594960 
463889 
594964 
463894 
594968 
463903 
463908 
594980 
463913 
594985 
463918 
594990 
594995 
463927 
463932 
595004 
463937 
595009 
595013 
463942 
595020 
463951 
595025 
463956 
595030 
463961 
595035 
463966 
595044 
463975 
595050 
463980 
595055 
463985 
463990 
595064 
595068 
463999 
595072 
464004 
595076 
464009 
595083 
464014 
595088 
595093 
464023 
595098 
464028 
464033 
595107 
464038 
595111 
595115 
464047 
595119 
464052 
595126 
464057 
595129 
595132 
464062 
595135 
595140 
464071 
595143 
595146 
464076 
595149 
464081 
595154 
464086 
595158 
595162 
595166 
464095 
464100 
595173 
464105 
595178 
464110 
595183 
595188 
464119 
464124 
595197 
595200 
464129 
595203 
464134 
595206 
595211 
464143 
595215 
595219 
464148 
595223 
464153 
464158 
595230 
595233 
595236 
464167 
595239 
464172 
595244 
595248 
464177 
595252 
464182 
595256 
464191 
595263 
595267 
464196 
595271 
464201 
595275 
464206 
595282 
595286 
464215 
595290 
464220 
595294 
464225 
595301 
464230 
595306 
464239 
595311 
464244 
595316 
464249 
595325 
464254 
595330 
464263 
595335 
464268 
595340 
464273 
595349 
464278 
595354 
464287 
595359 
464292 
595364 
464297 
595373 
464302 
595378 
464311 
595383 
464316 
595388 
464321 
595397 
464326 
595402 
464335 
595407 
464340 
595412 
464345 
595421 
464350 
595425 
595429 
464359 
595433 
464364 
595440 
464369 
595444 
464374 
595448 
595452 
464383 
595459 
464388 
595462 
464393 
595465 
595468 
464398 
595473 
595477 
464407 
595481 
464412 
595485 
464417 
595492 
464422 
595497 
595502 
464431 
595507 
464436 
464441 
595516 
464446 
595522 
464455 
595528 
464460 
595534 
464465 
464470 
595545 
595549 
464479 
595553 
464484 
595557 
464489 
595564 
464494 
595567 
595570 
595573 
464503 
595578 
464508 
595582 
464513 
595586 
464518 
595590 
595597 
464527 
595600 
595603 
464532 
595606 
464537 
595611 
464542 
595616 
595621 
464551 
595626 
464556 
464561 
595635 
464566 
595639 
595643 
464575 
595647 
464580 
595654 
464585 
595657 
595660 
464590 
595663 
595668 
464599 
595672 
464604 
595676 
595680 
464609 
464614 
595687 
595692 
464623 
595697 
464628 
595702 
464633 
464638 
595711 
595715 
464647 
595719 
595723 
464652 
464657 
595730 
464662 
595734 
595738 
595742 
464671 
464676 
595749 
464681 
595754 
464686 
595759 
595764 
464695 
464700 
595773 
464705 
595778 
464710 
595783 
595788 
464719 
464724 
595797 
464729 
595802 
464734 
595807 
595812 
464743 
464748 
595821 
464753 
595825 
595829 
464758 
595833 
464767 
595840 
595843 
464772 
595846 
464777 
595849 
464782 
595854 
595858 
595862 
464791 
595866 
464796 
464801 
595873 
595877 
464806 
595881 
595885 
464815 
464820 
595892 
464825 
595897 
464830 
595902 
595907 
464839 
464844 
595916 
595919 
464849 
595922 
595925 
464854 
595930 
595934 
464863 
595938 
464868 
595942 
464873 
595949 
464878 
595952 
595955 
595958 
464887 
595963 
464892 
595966 
464897 
595969 
595972 
464902 
595977 
595980 
464911 
595983 
595986 
464916 
595991 
464921 
595995 
464926 
595999 
596003 
464935 
596010 
464940 
596015 
464945 
596020 
464950 
596025 
464959 
596034 
464964 
596039 
464969 
596044 
464974 
596049 
464983 
596058 
464988 
596062 
464993 
596066 
464998 
596070 
596077 
465007 
596082 
465011 
465015 
596087 
465019 
596092 
465026 
596101 
465031 
596105 
465036 
596109 
465041 
596113 
596120 
465050 
596125 
465055 
596130 
465060 
596135 
465065 
596144 
465074 
596148 
465079 
596152 
465084 
596156 
465089 
596163 
596166 
596169 
465098 
596172 
465103 
596177 
465108 
596180 
596183 
465113 
596186 
596191 
465122 
596195 
465127 
596199 
596203 
465132 
465137 
596210 
596214 
465146 
596218 
596222 
465151 
465156 
596229 
465161 
596233 
596237 
596241 
465170 
465175 
596248 
465180 
596253 
465185 
596258 
596263 
465194 
465199 
596272 
465204 
596276 
596280 
465209 
596284 
465218 
596291 
465223 
596295 
596299 
465228 
596303 
465233 
596310 
465242 
596315 
465247 
596320 
465252 
596325 
465257 
596334 
465266 
596338 
596342 
465271 
596346 
465276 
465281 
596353 
596357 
596361 
465290 
596365 
465295 
465300 
596372 
465305 
596377 
596382 
465314 
596387 
465319 
465324 
596396 
596400 
465329 
596404 
596408 
465338 
465343 
596415 
596419 
465348 
596423 
465353 
596427 
465362 
596434 
465367 
596439 
465372 
596444 
465377 
596449 
465386 
596458 
596462 
465391 
596466 
465396 
596470 
465401 
596477 
596480 
465410 
596483 
596486 
465415 
596491 
465420 
596495 
465425 
596499 
596503 
465434 
596510 
465439 
596513 
465444 
596516 
596519 
465449 
596524 
596527 
465458 
596530 
596533 
465463 
596538 
465468 
596541 
596544 
465473 
596547 
596552 
465482 
596555 
596558 
465487 
596561 
465492 
596566 
465497 
596569 
596572 
596575 
465506 
596580 
465511 
596584 
465516 
596588 
596592 
465521 
596599 
465530 
596602 
596605 
465535 
596608 
465540 
596613 
596616 
465545 
596619 
596622 
465554 
596627 
465559 
596631 
596635 
465564 
596639 
465569 
596646 
465578 
596650 
596654 
465583 
596658 
465588 
465593 
596665 
596670 
465602 
596675 
465607 
596680 
465612 
465617 
596689 
596691 
596693 
596695 
465626 
596698 
596702 
465631 
596706 
465636 
596710 
465641 
596717 
596720 
465650 
596723 
596726 
465655 
596731 
465660 
596734 
465665 
596737 
596740 
596745 
465674 
596748 
465679 
596751 
596754 
465684 
596759 
465689 
596763 
596767 
465698 
596771 
465703 
596778 
465708 
596781 
596784 
465713 
596787 
596792 
465722 
596794 
596796 
596798 
465727 
596801 
596803 
465732 
596805 
596807 
465737 
596810 
596815 
465746 
596820 
465751 
596825 
465756 
465761 
596834 
596837 
596840 
465770 
596843 
465775 
596848 
465780 
596852 
596856 
465785 
596860 
465794 
596867 
465799 
596871 
596875 
465804 
596879 
465809 
596886 
465818 
596890 
596894 
465823 
596898 
465828 
465833 
596905 
596909 
596913 
465842 
596917 
465847 
465852 
596924 
596928 
465857 
596932 
596936 
465866 
465871 
596943 
465876 
596948 
465881 
596953 
596958 
465890 
465895 
596967 
596971 
465900 
596975 
465905 
596979 
465914 
596986 
596989 
465919 
596992 
596995 
465924 
597000 
465929 
597003 
597006 
597009 
465938 
597014 
465943 
597017 
465948 
597020 
597023 
465953 
597028 
597032 
465962 
597036 
465967 
597040 
465972 
597047 
465977 
597050 
597053 
597056 
465986 
597061 
465991 
597064 
597067 
465996 
597070 
466001 
597075 
597079 
466010 
597083 
466015 
597087 
466020 
597094 
597096 
466025 
597098 
597100 
597103 
466034 
597106 
597109 
466039 
597112 
466044 
597117 
597120 
466049 
597123 
597126 
466058 
597131 
466063 
597139 
466068 
597143 
466073 
597148 
597153 
466082 
597157 
466087 
466092 
597164 
597168 
466097 
597171 
597176 
466106 
597179 
597182 
466111 
597185 
466116 
597190 
466121 
597193 
597196 
597199 
466130 
597204 
466135 
597207 
597210 
466140 
597213 
466145 
597218 
597223 
466154 
597228 
466159 
597233 
466164 
466169 
597242 
597245 
597248 
466178 
597251 
466182 
597256 
466186 
466190 
597262 
597266 
466197 
597270 
466202 
597274 
466207 
597281 
466212 
597286 
597290 
466221 
597297 
466226 
597301 
466231 
597305 
466236 
597309 
597316 
466245 
597319 
466250 
597322 
597325 
466255 
597330 
466260 
597334 
597338 
466269 
597342 
466274 
597349 
466279 
597353 
466284 
597357 
597361 
466293 
597368 
466298 
597371 
597374 
466303 
597377 
466308 
597382 
597386 
466317 
597390 
466322 
597394 
466327 
597401 
466332 
597409 
466341 
597413 
597417 
466346 
466351 
597424 
466356 
597432 
466365 
466370 
597443 
466375 
597449 
466380 
597455 
466389 
597461 
466394 
466399 
597472 
466404 
597476 
597480 
597484 
466413 
466418 
597491 
466423 
466428 
597505 
466437 
597509 
597513 
466442 
597517 
466447 
466452 
597524 
597527 
597530 
466461 
597533 
466466 
597538 
597540 
597542 
466471 
597544 
597547 
466476 
597551 
597555 
466485 
597559 
466490 
597566 
466495 
597569 
466500 
597572 
597575 
597580 
466509 
597584 
466514 
597588 
466519 
597592 
466524 
597599 
597603 
466533 
597607 
466538 
597611 
466543 
597618 
466548 
597621 
597624 
597627 
466557 
597632 
466562 
597636 
466567 
597640 
466572 
597644 
597651 
466581 
597653 
597655 
597657 
466586 
597660 
466591 
597664 
466596 
597668 
597672 
466605 
597679 
466610 
597684 
466615 
597689 
466620 
597694 
466629 
597703 
466634 
597706 
597709 
466639 
597712 
466644 
597717 
597721 
466653 
597725 
597729 
466658 
466663 
597736 
597738 
466668 
597740 
597742 
597745 
466677 
597749 
597753 
466682 
597757 
466687 
466692 
597764 
597767 
597770 
466701 
597773 
466706 
597778 
597781 
466711 
597784 
597787 
466716 
597792 
597795 
466725 
597798 
597801 
466730 
597806 
466735 
597809 
466740 
597812 
597815 
466749 
597825 
466754 
466759 
597831 
466764 
597840 
466773 
597846 
466777 
466781 
466785 
597858 
597861 
466792 
597866 
466797 
597869 
597872 
466802 
597875 
466807 
597880 
597881 
597882 
597883 
597884 
597887 
466816 
597890 
466821 
597893 
466826 
597898 
597901 
466831 
597904 
597909 
466840 
597912 
597915 
466845 
597918 
466850 
597923 
466855 
597929 
597932 
597935 
466864 
597938 
466869 
597943 
466874 
597949 
466879 
597955 
466888 
597961 
466893 
466898 
597972 
466903 
597976 
597980 
466912 
597984 
466917 
597991 
466922 
597995 
466927 
597999 
598003 
466936 
598010 
466941 
598013 
598016 
466946 
598019 
466951 
598024 
598027 
598030 
466960 
598033 
466965 
598038 
598041 
466970 
598044 
466975 
598047 
598052 
598055 
466984 
598058 
466989 
598061 
466994 
598066 
598069 
466999 
598072 
598075 
467008 
598080 
598083 
467013 
598086 
598089 
467018 
598094 
467023 
598098 
598102 
467032 
598106 
467037 
598113 
467042 
598116 
467047 
598119 
598122 
598127 
467056 
598130 
467061 
598133 
598136 
467066 
598141 
467071 
598144 
598147 
598150 
467080 
598155 
467085 
598158 
598161 
467090 
598164 
467095 
598169 
598173 
467104 
598176 
467109 
598181 
467114 
598186 
467119 
598193 
598197 
467128 
598200 
467133 
598206 
467138 
598210 
598214 
467143 
598218 
467152 
598225 
598228 
467157 
598231 
467162 
598236 
467167 
598240 
598244 
467176 
598248 
467181 
598255 
467186 
598259 
467191 
598263 
598267 
467200 
598274 
467205 
598277 
598280 
467210 
598283 
467215 
598288 
598292 
467224 
598297 
467229 
598303 
467234 
598308 
467239 
598312 
598319 
467248 
598323 
467253 
598327 
467258 
598331 
467263 
598338 
598343 
467272 
598347 
467277 
467282 
598354 
598356 
598358 
467287 
598361 
598365 
467296 
598369 
467301 
598373 
467306 
598380 
467311 
598383 
598386 
598389 
467320 
598394 
467325 
598398 
467330 
598402 
598406 
467335 
598413 
467344 
598416 
598419 
467349 
598422 
467354 
598427 
467359 
598431 
598435 
467368 
598442 
467372 
598445 
467376 
598448 
598451 
467380 
598456 
467387 
598459 
598462 
467392 
598467 
467397 
598471 
467402 
598475 
598479 
467411 
598486 
467416 
598489 
598492 
467421 
598495 
467426 
598503 
467435 
598507 
598511 
467440 
598515 
467445 
467450 
598522 
598526 
598530 
467459 
598534 
467464 
467469 
598541 
598544 
467474 
598547 
598550 
467483 
598555 
467488 
598562 
467493 
598566 
467498 
598570 
598577 
467507 
598581 
467512 
598588 
467517 
598590 
598593 
467522 
598598 
598602 
467531 
598607 
467536 
598611 
467541 
598615 
467546 
598619 
598626 
467555 
598629 
467560 
598632 
598635 
467565 
598640 
467570 
598642 
598644 
598648 
467579 
598651 
598654 
467584 
598657 
467589 
598662 
467594 
598666 
598670 
598674 
467603 
598678 
467608 
467613 
598685 
598688 
467618 
598691 
598694 
467627 
598699 
598702 
467632 
598705 
598708 
467637 
598713 
467642 
598717 
598721 
467651 
598725 
467656 
598732 
467661 
598734 
598736 
467666 
598738 
598741 
598745 
467675 
598749 
467680 
598753 
467685 
598760 
467690 
598763 
598766 
598769 
467699 
467704 
598780 
467709 
598783 
467714 
598790 
467723 
598795 
467728 
598802 
467733 
598805 
598808 
598809 
467738 
598810 
598812 
598814 
598816 
467747 
598819 
598823 
467752 
598826 
467757 
598831 
467762 
598834 
598837 
598840 
467771 
598845 
598847 
467776 
598849 
598851 
467781 
598854 
598857 
467786 
598860 
598863 
467795 
598868 
598870 
467800 
598872 
598874 
467805 
598877 
598881 
467810 
598885 
598889 
467819 
467824 
598896 
598899 
467829 
598902 
598905 
467834 
598910 
598913 
467843 
598916 
598919 
467848 
598924 
467853 
598927 
467858 
598930 
598933 
598938 
467867 
598941 
467872 
598944 
598947 
467877 
598952 
467882 
598955 
598958 
598961 
467891 
598966 
467896 
598970 
467901 
598974 
467906 
598978 
598985 
467915 
598988 
598991 
467920 
598994 
467925 
598999 
467930 
599002 
599005 
599008 
467939 
599013 
467944 
599017 
467949 
599021 
599025 
467954 
599032 
599034 
467963 
599036 
599038 
467967 
599041 
467971 
599045 
467975 
599049 
599053 
467982 
467987 
599060 
599063 
467992 
599066 
467997 
599069 
599074 
468006 
599079 
468011 
599084 
468016 
599089 
468021 
599098 
599100 
468030 
599102 
599104 
468035 
599107 
599110 
468040 
599113 
599116 
468045 
599121 
599124 
468054 
599127 
599130 
468059 
599135 
468064 
599137 
599139 
468069 
599141 
599144 
599146 
599148 
468078 
599150 
599153 
468083 
599155 
599157 
599159 
468088 
599162 
468093 
599165 
599168 
599171 
468102 
599176 
468107 
599179 
599182 
468112 
599185 
468117 
599190 
599192 
599194 
599196 
468126 
599199 
468131 
599203 
599207 
468136 
599211 
468141 
599218 
468150 
599222 
599226 
468155 
599230 
468160 
468165 
599237 
599239 
599241 
599243 
468174 
599246 
599250 
468179 
599254 
468184 
599258 
468189 
599265 
599268 
468198 
599271 
599274 
468203 
599279 
468208 
599282 
468213 
599285 
599288 
599293 
468222 
599295 
599297 
468227 
599299 
599302 
468232 
599305 
599308 
468237 
599311 
599316 
468246 
599318 
599320 
599322 
468251 
599325 
468256 
599329 
468261 
599333 
599337 
468270 
599344 
468275 
599347 
599350 
468280 
599353 
468285 
599358 
599361 
599364 
468294 
599367 
468299 
599372 
468304 
599376 
599380 
468309 
599384 
468318 
599391 
599393 
468323 
599395 
599397 
468328 
599400 
599404 
468333 
599408 
599412 
468342 
468347 
599419 
599422 
468352 
599425 
599428 
468357 
599433 
468366 
599438 
468371 
599443 
468376 
599448 
468381 
599457 
599459 
599461 
468390 
599463 
599466 
468395 
599468 
599470 
468400 
599472 
599475 
468405 
599477 
599479 
599481 
599484 
468414 
599486 
599488 
599490 
468419 
599493 
599495 
468424 
599497 
599499 
468429 
599502 
599505 
599508 
468438 
599511 
468443 
599516 
599519 
468448 
599522 
468453 
599525 
599530 
599533 
468462 
599536 
468467 
599539 
468472 
599544 
599547 
468477 
599550 
599553 
468486 
599558 
599560 
599562 
468491 
599564 
599567 
468496 
468501 
599573 
599577 
468510 
599584 
468515 
599587 
599590 
468520 
599593 
468525 
599598 
599601 
599604 
468534 
599607 
468539 
599612 
599615 
468544 
599618 
468549 
599621 
599626 
599629 
468558 
599632 
468562 
599635 
468566 
599640 
468570 
599643 
599646 
468577 
599649 
468582 
599654 
599658 
468587 
599662 
468592 
599666 
468601 
599673 
599676 
468606 
599679 
599682 
468611 
599687 
468616 
599690 
599693 
599696 
468625 
599701 
468630 
599705 
468635 
599709 
468640 
599713 
599720 
468649 
599722 
599724 
468654 
599726 
599729 
468659 
599733 
468664 
599737 
599741 
468673 
599748 
468678 
599751 
599754 
468683 
599757 
468688 
599762 
599767 
468697 
599771 
468702 
599778 
468707 
599782 
468712 
599786 
599790 
468721 
599797 
468726 
599798 
599799 
599800 
599802 
468731 
599805 
599807 
468736 
599810 
599815 
468745 
468750 
599822 
599824 
468755 
599827 
468760 
599832 
599837 
599839 
468769 
599841 
599843 
468774 
599846 
599849 
468779 
599852 
599855 
468784 
599860 
599862 
599864 
468793 
599866 
599869 
468798 
599873 
468803 
599877 
468808 
599881 
599888 
468817 
599891 
468822 
599894 
599897 
468827 
599902 
468832 
599904 
599906 
599908 
599911 
468841 
599914 
599917 
468846 
599920 
468851 
599925 
599927 
468856 
599929 
599931 
599934 
468865 
599938 
468870 
599942 
599946 
468875 
468880 
599953 
599956 
599959 
468889 
599962 
468894 
599967 
599969 
468899 
599971 
599973 
468904 
599976 
599980 
599984 
468913 
599988 
468918 
468923 
599995 
599997 
599999 
468928 
600001 
600004 
600008 
468937 
600012 
468942 
600016 
468947 
600023 
468952 
600026 
600029 
600032 
468961 
600037 
468966 
600040 
468971 
600043 
600046 
468976 
600051 
600055 
468985 
600059 
468990 
600063 
468995 
600070 
469000 
600076 
469009 
600082 
469014 
600088 
469019 
469024 
600099 
600103 
469033 
600107 
469038 
600111 
469043 
600118 
469048 
600122 
600126 
469057 
600130 
469062 
600137 
469067 
600141 
469072 
600145 
600149 
469081 
600156 
469086 
600160 
469091 
600164 
469096 
600168 
600175 
469105 
600178 
600181 
469110 
600184 
469115 
600189 
469120 
600193 
600198 
469129 
600203 
469134 
600207 
469139 
600214 
469144 
600217 
600219 
600222 
469153 
600226 
469157 
600231 
469161 
600234 
600236 
469165 
600239 
600241 
600243 
469172 
600245 
600248 
469177 
600252 
469182 
600256 
469187 
600260 
600267 
469196 
600270 
469201 
600273 
600276 
469206 
600281 
469211 
600283 
600285 
600287 
600290 
469220 
600292 
600294 
600296 
469225 
600299 
469230 
600302 
600305 
469235 
600308 
600313 
469244 
600317 
469249 
600321 
600325 
469254 
469259 
600332 
600335 
600338 
469268 
600341 
469273 
600346 
600349 
469278 
600352 
469283 
600355 
600360 
600362 
469292 
600364 
600366 
469297 
600369 
600372 
469302 
600375 
600378 
469307 
600383 
600387 
469316 
600391 
469321 
600395 
469326 
600402 
469331 
600404 
600406 
600408 
600411 
469340 
600415 
469345 
600419 
469350 
600423 
469355 
600430 
600434 
469364 
600438 
469369 
600442 
469374 
600449 
469379 
600453 
600457 
469388 
600461 
469393 
600468 
469398 
600470 
600472 
600474 
469403 
600477 
600482 
469412 
600487 
469417 
600492 
469422 
469427 
600501 
600504 
600507 
469436 
600510 
469441 
600515 
469446 
600518 
600521 
469451 
600524 
600529 
469460 
600533 
469465 
600537 
600541 
469470 
469475 
600548 
600551 
600554 
469484 
600557 
469489 
600562 
600564 
469494 
600566 
600568 
469499 
600571 
600574 
600577 
469508 
600580 
469513 
600585 
600587 
600589 
469518 
600591 
600594 
469523 
600596 
600598 
600600 
600603 
469532 
600605 
600607 
469537 
600609 
600612 
469542 
600616 
469547 
600620 
600624 
469556 
600631 
469561 
600633 
600635 
600637 
469566 
600640 
469571 
600643 
600646 
600649 
469580 
600654 
469585 
600657 
600660 
469590 
600663 
469595 
600668 
600673 
469604 
600678 
600680 
469609 
600682 
600685 
469614 
600689 
469619 
600692 
600697 
469628 
600700 
600702 
469633 
600705 
600709 
469638 
600713 
469643 
600717 
469652 
600724 
600727 
469657 
600730 
600733 
469662 
600738 
469667 
600742 
600746 
469676 
600750 
469681 
600757 
469686 
600759 
600761 
469691 
600763 
600766 
600769 
469700 
600772 
600775 
469705 
600780 
469710 
600783 
600786 
469715 
600789 
600794 
469724 
600798 
469729 
600802 
469734 
600806 
469739 
600813 
600816 
600819 
469748 
600822 
469752 
600827 
469756 
600830 
469760 
600833 
600836 
469767 
600841 
600843 
469772 
600845 
600847 
469777 
600850 
600852 
469782 
600854 
600856 
600859 
600862 
469791 
600865 
469796 
600868 
469801 
600873 
600877 
469806 
600881 
600885 
469815 
469820 
600892 
600893 
600894 
600895 
600896 
469825 
600899 
469830 
600902 
600905 
600910 
469839 
600914 
469844 
600919 
469849 
600923 
469854 
600926 
600931 
600934 
469863 
600936 
600939 
469868 
600941 
600943 
469873 
600945 
600948 
469878 
600953 
600958 
469887 
600963 
469892 
469897 
600972 
469902 
600975 
600978 
600981 
469911 
600986 
469916 
600989 
600992 
469921 
600995 
469926 
601000 
601004 
469935 
601008 
469940 
601012 
469945 
601019 
469950 
601022 
601025 
601028 
469959 
601033 
469964 
601037 
601040 
469969 
601045 
469974 
601047 
601049 
601051 
601054 
469983 
601056 
601058 
469988 
601060 
601063 
469993 
601067 
469998 
601070 
601075 
470007 
601080 
470012 
601084 
470017 
601091 
470022 
601094 
601097 
601100 
470031 
601105 
470036 
601108 
601111 
470041 
601114 
470046 
601119 
601123 
470055 
601127 
601131 
470060 
470065 
601138 
601141 
470070 
601144 
601147 
470079 
601152 
470084 
601156 
601160 
470089 
601164 
470094 
601171 
470103 
601176 
470108 
601181 
470113 
601186 
470118 
470127 
601199 
470132 
601204 
470137 
601213 
470142 
601220 
470151 
601224 
470156 
601231 
470161 
601236 
470166 
601241 
601246 
470175 
601251 
470180 
470185 
601260 
470190 
601263 
601266 
601269 
470199 
601274 
470204 
601278 
470209 
601285 
470214 
601288 
601291 
601294 
470223 
601299 
470228 
601302 
470233 
601305 
470238 
601310 
601314 
601317 
470247 
601322 
470252 
601324 
601326 
601328 
470257 
601331 
470262 
601334 
601337 
601340 
470271 
601345 
470276 
601348 
601351 
470281 
601354 
470286 
601359 
601361 
601363 
601365 
470295 
601368 
601371 
470300 
601374 
470305 
601377 
470310 
601382 
601385 
601388 
470319 
601391 
470324 
601396 
601398 
601400 
470329 
601402 
601405 
470334 
601408 
601411 
601414 
470343 
470347 
601419 
470351 
601424 
470355 
601429 
470362 
601434 
470367 
601443 
470372 
601447 
470377 
601451 
601455 
470386 
470390 
601462 
601464 
470394 
601466 
601468 
470398 
601471 
601474 
470405 
601477 
601480 
470410 
601485 
470415 
601488 
601491 
470420 
601494 
601499 
470429 
601501 
601503 
470433 
601505 
601508 
470437 
601511 
470441 
601514 
601517 
470448 
601522 
470453 
601527 
470458 
601532 
470463 
601537 
470472 
601546 
470476 
601549 
470480 
601552 
601555 
470484 
601560 
470491 
601564 
470496 
601568 
601572 
470501 
470506 
601579 
601582 
470515 
601587 
601590 
470519 
470523 
601595 
601598 
470527 
601605 
470534 
601610 
470539 
470544 
601619 
470549 
601629 
470558 
601633 
470562 
601636 
470566 
601638 
601641 
470570 
601643 
601645 
601648 
470577 
601651 
470582 
601654 
601657 
470587 
601662 
470592 
601667 
601670 
470601 
601675 
470606 
601679 
470611 
601683 
601687 
470616 
601694 
601696 
470625 
601698 
601700 
470630 
601703 
601705 
470635 
601707 
601709 
470640 
601712 
601713 
601714 
601715 
601716 
601718 
601720 
470649 
601722 
601725 
470654 
601727 
601729 
470659 
601731 
601734 
470664 
601737 
601740 
601743 
470673 
601748 
470678 
601751 
601754 
470683 
601757 
470688 
601762 
601765 
601768 
470697 
601771 
470702 
601776 
470707 
601780 
470712 
601784 
601788 
470721 
601795 
601796 
601797 
470726 
601798 
601799 
601800 
601801 
601802 
470731 
601803 
601805 
601807 
470736 
601809 
601812 
601814 
601816 
470745 
601818 
601821 
470750 
601822 
601823 
601824 
601825 
470755 
601828 
601831 
470760 
601834 
601839 
470769 
601842 
601845 
470774 
601848 
470779 
601853 
470784 
601857 
601861 
470793 
601865 
470798 
601872 
601874 
470803 
601876 
601878 
470808 
601881 
601883 
601885 
601887 
470817 
601890 
601891 
601892 
601893 
470822 
601894 
601897 
470827 
601900 
601903 
470832 
601908 
601911 
470841 
601914 
601917 
470846 
601922 
470851 
601923 
601924 
601925 
601926 
601927 
470856 
601928 
601929 
601930 
601933 
601936 
470865 
601939 
470870 
601944 
470875 
601947 
601950 
470880 
601953 
601958 
470889 
601961 
601964 
470894 
601967 
470899 
601972 
601974 
470904 
601976 
601978 
601981 
601984 
470913 
601987 
470918 
601990 
470923 
601995 
601996 
601997 
601998 
601999 
470928 
602001 
602003 
602005 
602008 
470937 
602010 
602012 
470942 
602014 
602017 
470947 
602019 
602021 
602023 
470952 
602026 
602029 
602032 
470961 
602035 
470965 
602040 
470969 
602043 
470973 
602046 
602049 
470980 
602054 
470985 
602058 
470990 
602062 
602066 
470995 
602073 
602075 
471004 
602077 
602079 
471008 
602082 
471012 
602085 
471016 
602088 
602091 
471023 
602096 
602097 
602098 
602099 
471028 
602100 
602101 
602102 
602103 
602104 
471033 
602106 
602108 
471038 
602110 
602113 
602116 
471047 
602119 
602122 
471051 
471055 
602127 
602130 
471059 
602133 
602136 
471066 
602141 
602144 
471073 
602147 
602150 
471080 
602155 
471087 
602159 
602163 
602167 
471100 
602174 
602175 
471104 
602176 
602177 
602178 
602179 
471108 
602180 
602181 
602182 
471112 
602184 
602186 
602188 
471119 
602191 
602193 
471123 
602195 
602197 
471127 
602200 
602202 
471131 
471138 
602211 
471141 
471144 
471147 
602220 
471152 
602225 
471156 
602229 
471160 
602234 
602235 
471164 
602236 
602237 
471171 
602245 
471175 
602247 
602250 
471179 
471183 
602256 
602258 
471190 
602263 
471193 
602266 
602267 
471196 
602268 
602270 
471199 
602272 
602274 
471204 
602276 
602279 
471208 
602281 
602283 
471212 
602285 
471216 
602288 
602291 
602294 
471223 
602297 
471227 
602302 
471231 
602304 
602306 
471235 
602308 
602311 
602312 
602313 
471242 
602314 
602315 
471245 
602317 
602319 
471248 
602321 
471251 
602324 
471256 
602328 
471260 
602332 
471264 
602336 
471268 
602343 
602345 
471275 
602347 
602349 
471279 
602352 
602354 
471283 
602356 
602358 
471287 
602361 
602362 
602363 
602364 
602365 
471294 
602367 
471297 
602369 
602371 
471300 
602374 
471303 
602377 
471308 
602380 
602383 
471312 
471316 
602388 
602390 
471320 
602392 
602394 
602397 
471327 
602399 
602401 
471331 
602403 
602406 
471335 
602407 
602408 
602409 
602410 
471339 
602414 
602417 
471346 
471349 
602422 
471352 
602425 
471355 
602428 
602431 
471360 
471364 
602436 
471368 
602440 
602443 
471372 
602448 
602450 
471379 
602452 
602454 
471383 
602457 
471387 
602461 
471391 
602465 
602469 
471398 
471401 
471404 
602476 
471407 
602479 
602482 
471412 
602485 
471416 
602490 
471420 
602493 
471424 
602496 
602499 
471431 
602504 
602506 
471435 
602508 
602510 
471439 
602513 
471443 
602516 
602519 
471450 
602522 
471453 
602527 
471456 
602530 
471459 
602533 
471464 
602536 
471468 
602541 
471472 
602545 
471476 
602549 
602553 
471483 
471487 
602560 
602562 
471491 
602564 
602566 
471495 
602569 
602572 
471502 
602575 
471505 
602578 
471508 
471511 
602583 
602585 
602587 
471516 
602589 
471520 
602592 
471524 
602596 
471528 
602600 
602604 
471535 
471539 
602611 
602613 
471543 
602615 
602617 
471547 
602620 
602622 
602624 
471554 
602626 
471557 
602629 
602631 
471560 
602633 
471563 
602635 
602638 
471568 
602640 
602642 
471572 
602644 
602647 
471576 
602649 
602651 
471580 
602653 
602656 
471587 
602659 
602662 
471591 
602665 
471595 
602670 
471599 
602672 
602674 
602676 
471606 
602679 
471609 
602682 
471612 
602685 
471615 
602688 
471620 
602693 
602695 
471624 
602697 
602699 
471628 
602702 
471632 
602706 
602710 
471639 
602714 
471643 
471647 
602721 
471651 
602723 
602725 
602727 
471658 
602730 
602732 
471661 
602734 
471664 
602736 
471667 
602739 
602740 
602741 
602742 
602743 
471672 
602745 
602747 
471676 
602749 
471680 
602752 
602755 
471684 
602758 
602761 
471691 
602766 
471695 
602768 
602770 
471699 
602772 
471703 
602775 
602778 
602780 
471710 
602783 
602784 
471713 
602785 
602786 
602787 
471716 
602790 
471719 
602793 
471724 
602796 
471728 
602801 
471732 
602805 
471736 
602809 
602813 
471743 
471747 
602820 
471751 
602823 
602826 
471755 
602829 
471762 
602834 
471765 
602837 
471768 
602840 
471771 
602843 
471776 
602848 
602850 
471780 
602852 
602854 
471784 
602857 
471788 
602861 
602865 
471795 
602869 
471799 
471803 
602876 
471807 
602882 
471814 
602886 
471817 
471820 
602893 
471823 
602896 
602899 
471828 
602902 
471832 
602907 
471836 
602910 
471840 
602913 
602916 
471847 
602921 
471851 
602923 
602925 
471855 
602927 
602930 
471859 
602933 
602936 
471866 
602939 
471869 
471872 
602944 
602946 
471875 
602948 
602950 
471880 
602953 
471884 
602957 
471888 
602961 
471892 
602965 
471899 
602972 
602974 
471903 
602976 
602978 
471907 
602981 
471911 
602983 
602985 
602987 
471918 
602990 
602992 
471921 
602994 
471924 
602996 
471927 
602999 
603001 
603003 
471932 
603005 
471936 
603008 
603011 
471940 
603014 
471944 
603017 
603022 
471951 
603025 
471955 
603028 
471959 
603031 
471963 
603036 
603039 
471970 
603042 
471973 
603045 
471976 
471979 
603052 
471984 
603059 
471988 
603062 
471992 
603067 
471996 
603069 
603072 
472003 
603075 
603078 
472007 
472011 
603083 
472015 
603087 
603092 
472022 
603094 
603096 
472025 
603099 
472028 
603101 
472031 
603103 
603106 
603107 
472036 
603108 
472040 
603113 
472044 
603117 
472048 
603124 
472055 
603128 
472059 
603131 
472063 
603136 
472067 
603139 
603142 
603145 
472074 
472077 
603150 
472080 
603153 
472083 
603156 
603159 
472088 
472092 
603164 
603166 
472096 
603168 
603170 
472100 
603173 
603175 
603177 
472107 
603180 
472111 
603184 
472115 
603188 
472119 
603192 
472126 
603199 
472129 
603202 
472132 
603205 
472135 
603208 
472140 
603213 
472144 
603216 
603219 
472148 
603222 
472152 
603227 
603229 
472159 
603231 
603233 
472163 
603236 
472167 
603241 
472171 
603245 
472178 
603252 
472181 
472184 
603256 
472187 
603260 
472192 
603264 
472196 
603271 
472200 
603273 
603275 
472204 
603277 
603280 
472211 
603284 
472215 
603288 
472219 
603292 
472223 
603299 
603301 
472230 
603303 
472233 
603305 
472236 
603308 
603310 
472239 
603312 
603314 
472244 
603317 
603319 
472248 
603321 
603323 
472252 
603326 
472256 
603328 
603330 
603332 
472263 
603335 
603337 
472267 
603339 
603341 
472271 
603344 
603346 
472275 
603348 
603350 
472282 
472285 
603359 
472288 
472291 
603365 
603366 
603367 
472296 
603370 
472300 
603373 
472304 
603378 
472308 
603381 
603385 
472315 
603390 
472319 
603392 
603394 
472323 
603397 
472327 
603400 
603405 
472334 
603407 
472337 
603410 
472340 
603413 
472343 
603416 
603419 
472348 
472351 
603424 
472354 
603428 
472357 
603432 
472362 
603436 
472366 
472370 
603443 
603445 
472374 
603447 
603449 
603452 
472381 
603454 
472383 
603456 
472385 
472387 
603459 
603460 
603461 
472390 
603464 
472394 
603467 
472398 
603470 
472402 
603475 
603478 
472409 
603481 
603484 
472413 
472417 
603489 
603491 
472421 
603493 
603495 
603499 
472428 
603502 
472431 
603505 
472434 
603508 
472437 
603513 
472442 
472445 
603517 
472448 
603521 
472451 
603525 
472456 
603532 
472461 
603534 
603536 
472466 
603538 
603541 
472471 
603543 
603545 
603547 
603550 
472480 
472482 
603554 
472484 
472486 
603558 
472489 
472493 
472497 
603569 
472501 
603575 
603578 
472508 
603580 
603583 
472512 
603587 
472516 
603591 
472520 
603592 
603593 
603596 
472527 
603599 
472530 
603602 
472533 
603607 
472536 
603611 
472541 
603614 
472544 
472547 
603619 
472550 
603623 
472555 
603627 
603631 
472560 
472565 
603638 
603640 
472570 
603642 
603644 
603647 
603648 
603649 
603650 
472579 
603651 
472581 
603654 
472583 
472585 
603657 
472588 
603660 
472592 
603665 
603667 
472596 
603669 
603671 
472600 
603674 
603677 
472607 
603680 
472611 
603683 
472615 
603688 
603690 
472619 
603692 
603694 
603697 
472626 
603699 
472629 
603701 
603703 
472632 
603706 
472635 
603709 
603711 
472640 
603714 
472643 
603717 
472646 
603720 
472649 
603723 
472654 
603728 
603730 
472659 
603732 
603734 
472664 
603737 
603740 
472669 
603743 
603746 
472678 
603751 
472680 
603753 
472682 
603755 
472684 
603757 
472687 
603760 
472691 
603763 
603766 
472695 
603769 
472699 
603774 
603775 
603776 
603777 
472706 
603778 
603781 
472710 
603784 
472714 
603787 
472718 
603792 
603794 
603796 
472725 
603798 
472728 
603801 
472731 
603804 
472734 
603807 
603810 
472739 
472743 
603815 
603816 
603817 
603818 
472747 
603819 
603821 
472751 
603823 
603825 
603828 
472758 
603831 
472762 
603834 
603837 
472766 
472770 
603842 
603844 
603846 
603848 
472777 
603851 
472780 
603853 
472783 
603855 
603857 
472786 
603860 
603862 
472791 
603864 
603866 
472797 
603869 
603872 
472803 
603875 
603878 
472809 
603883 
603885 
603887 
603889 
472820 
603892 
603894 
603896 
472825 
603898 
603901 
472830 
603903 
603905 
472835 
603907 
603910 
603911 
603912 
603913 
603914 
472844 
603916 
603918 
603920 
472849 
603923 
472854 
603926 
603929 
472859 
603932 
603937 
472868 
603941 
472873 
603945 
603949 
472878 
472883 
603956 
603960 
472892 
603964 
603968 
472897 
472902 
603975 
603977 
472907 
603979 
603981 
603984 
603987 
472916 
603990 
472921 
603993 
472926 
603998 
604000 
604002 
472931 
604004 
604007 
604010 
472940 
604013 
604016 
472946 
604021 
604023 
472952 
604025 
604027 
472958 
604030 
604032 
604034 
604036 
604039 
472969 
604041 
604043 
472973 
604045 
604048 
472977 
472981 
604053 
604058 
472988 
604063 
472992 
472996 
473000 
604072 
604075 
604078 
473007 
604081 
473010 
473013 
604086 
473016 
604088 
604090 
604092 
473021 
604095 
473025 
604097 
604099 
473029 
604101 
604104 
473033 
604107 
604110 
473040 
604113 
473044 
604118 
473048 
604120 
604122 
473052 
604124 
604127 
604130 
473059 
604133 
473062 
604136 
473065 
473068 
604141 
604142 
604143 
604144 
473073 
604145 
604148 
473077 
604151 
473081 
604154 
473085 
604159 
604162 
473092 
604165 
473096 
604168 
473100 
604173 
473104 
604176 
604179 
604182 
473111 
473114 
604187 
604188 
473117 
604189 
604190 
604191 
473120 
604193 
604195 
473125 
604197 
604200 
473130 
604203 
604206 
473135 
604209 
473140 
604214 
604216 
604218 
604220 
473149 
604223 
604225 
473154 
604227 
604229 
473159 
604232 
604234 
473164 
604236 
604238 
604241 
604244 
473173 
604247 
473178 
604250 
473183 
604255 
604257 
604259 
473188 
604261 
604264 
604266 
604268 
473197 
604270 
604273 
473202 
604275 
604277 
473207 
604279 
604282 
604283 
473212 
604284 
604285 
604286 
604288 
604290 
604292 
473221 
604295 
473225 
604298 
473229 
604301 
604304 
473233 
604309 
473240 
604312 
604315 
473244 
604318 
473248 
604323 
473252 
604327 
473259 
604331 
473262 
604335 
473265 
473268 
604342 
604344 
473273 
604346 
604348 
473277 
604351 
604352 
473281 
604353 
604354 
604355 
473285 
604358 
604361 
473292 
604364 
473296 
604369 
604371 
473300 
604373 
604375 
473304 
604378 
604381 
473311 
604384 
473314 
604387 
473317 
473320 
604392 
604394 
604396 
473325 
604398 
473329 
604401 
604404 
473333 
604407 
473337 
604410 
604415 
473344 
604417 
604419 
473348 
604421 
473352 
604424 
604426 
473356 
604428 
604430 
604433 
473363 
473366 
604438 
473369 
604443 
473372 
604448 
473377 
473381 
473385 
604457 
604460 
473389 
604463 
604466 
473396 
604471 
473400 
604473 
604475 
473404 
604477 
473408 
604480 
604482 
604484 
604486 
473415 
604489 
473418 
604492 
473421 
604495 
473424 
604498 
473429 
604503 
473433 
604505 
604507 
473437 
604509 
604512 
473441 
604515 
604518 
473448 
604521 
473451 
473454 
604526 
604527 
604528 
473457 
604529 
604530 
604533 
473462 
473464 
604536 
473466 
604539 
473468 
473471 
604544 
604546 
473476 
604548 
604550 
473481 
604553 
604556 
473486 
604559 
604562 
473495 
604567 
604568 
604569 
473498 
604570 
604571 
473501 
604573 
604575 
473504 
604577 
604580 
473509 
473511 
604583 
473513 
604586 
473515 
604589 
473518 
604594 
473523 
604596 
604598 
473528 
604600 
604603 
473533 
604605 
604607 
604609 
604612 
473542 
604614 
604616 
473545 
604618 
473548 
604621 
473551 
604624 
604627 
473556 
473558 
604630 
473560 
473562 
604635 
473565 
604637 
604639 
604641 
473570 
604644 
604646 
473575 
604648 
604650 
473580 
604653 
604655 
604657 
604659 
473589 
604662 
473592 
604664 
604666 
473595 
604668 
473598 
604671 
604672 
604673 
604674 
473603 
604675 
604676 
473605 
604677 
604678 
473607 
604679 
473609 
604682 
473612 
604685 
604688 
473617 
604693 
473622 
604696 
473627 
604699 
604702 
604707 
473636 
473639 
604711 
473642 
604715 
473645 
604719 
473650 
473652 
473654 
604726 
473656 
604728 
604730 
473659 
604732 
604735 
473664 
604738 
473669 
604741 
604744 
473674 
604749 
604751 
604753 
473683 
604755 
473686 
604758 
473689 
604761 
473692 
604764 
604767 
473697 
473699 
604772 
473701 
604774 
473703 
604776 
473706 
604778 
604781 
473711 
604783 
604785 
473716 
604788 
473721 
604793 
604796 
473730 
604804 
473733 
473736 
604810 
473739 
473744 
604816 
604817 
473746 
604818 
604819 
473748 
473750 
604823 
473753 
473758 
604830 
604832 
473763 
604835 
473768 
604840 
604841 
604844 
604846 
473777 
604849 
473780 
604853 
473783 
473786 
604858 
604859 
604860 
604861 
604862 
473791 
604863 
604864 
473793 
473795 
604867 
473797 
604870 
473800 
604873 
473805 
604878 
604881 
473810 
604884 
473815 
604887 
604892 
473824 
604896 
473827 
604900 
473830 
604904 
473833 
473838 
604911 
473840 
604913 
473842 
604915 
473844 
604917 
473847 
604920 
604921 
604922 
604923 
473852 
604924 
604927 
473857 
604930 
604933 
473862 
604938 
604941 
473871 
604944 
473874 
604947 
473877 
473880 
604952 
604956 
473885 
473887 
604960 
473889 
473891 
604964 
473894 
473899 
604971 
604973 
604975 
473904 
604977 
604980 
473909 
604981 
604982 
604983 
604984 
604987 
473918 
604990 
473921 
604993 
473924 
604998 
473927 
605000 
605002 
473932 
605004 
473934 
605007 
473936 
473938 
605010 
473941 
605013 
605016 
473946 
605021 
473951 
605023 
605025 
605027 
473956 
605030 
605031 
605032 
605033 
605034 
473965 
605037 
473968 
605040 
473971 
605043 
473974 
605048 
605050 
473979 
605052 
473981 
605054 
473983 
473985 
605057 
473988 
605060 
605063 
473993 
605066 
473998 
605071 
605073 
474003 
605075 
605077 
605080 
605082 
474012 
605084 
605086 
474015 
605089 
474018 
605091 
474021 
605093 
605095 
474026 
605098 
474028 
605101 
474030 
474032 
605104 
474035 
605107 
474040 
605112 
605114 
605116 
474045 
605118 
605121 
474050 
605123 
605125 
605127 
605130 
474059 
605133 
474062 
605136 
474065 
605139 
474068 
605144 
474073 
605146 
474075 
605148 
474077 
605150 
474079 
605153 
474082 
605155 
605157 
474087 
605159 
605162 
474092 
605165 
605168 
474097 
605171 
605176 
474106 
605178 
605180 
474109 
605182 
474112 
605185 
474115 
605187 
605189 
605191 
474120 
474122 
605194 
474124 
605197 
474126 
605200 
474129 
605203 
474134 
605208 
605210 
474139 
605213 
605215 
474144 
605217 
605220 
605223 
474153 
474156 
605229 
474159 
605233 
474162 
605235 
605238 
474167 
474169 
605242 
474171 
474173 
605246 
474176 
605251 
474181 
605253 
605255 
605257 
474186 
605260 
474191 
605263 
605265 
605268 
605271 
474200 
605274 
474203 
605277 
474206 
474209 
605282 
605284 
474214 
605286 
474216 
605288 
474218 
605291 
474220 
605293 
474223 
605295 
605297 
474228 
605300 
605303 
474233 
605306 
605309 
474238 
605314 
605316 
605318 
474247 
605320 
474250 
605323 
474253 
605325 
605327 
474256 
605329 
605332 
474261 
474263 
605335 
474265 
605338 
474267 
605341 
474270 
605346 
474275 
605348 
605350 
474280 
605352 
605355 
474285 
605357 
605359 
605361 
605364 
474294 
605367 
474297 
605370 
474300 
605373 
474303 
605378 
474308 
605380 
474310 
605382 
474312 
605384 
474314 
605387 
474317 
605389 
605391 
605393 
474322 
605396 
474327 
605399 
605402 
474332 
605405 
605410 
605412 
474341 
605414 
474344 
605416 
474347 
605419 
605421 
474350 
605423 
605425 
474355 
605428 
474357 
474359 
605431 
474361 
605434 
474364 
605437 
474369 
605442 
605444 
474374 
605446 
605448 
474379 
605451 
605453 
605455 
605457 
474388 
605460 
605462 
474391 
605464 
474394 
605466 
474397 
605469 
605471 
605473 
474402 
605475 
474404 
474406 
605478 
474408 
605480 
605482 
474411 
605484 
605487 
474416 
605490 
474421 
605493 
605496 
474426 
605501 
605503 
605505 
474435 
605507 
474438 
605510 
605512 
474441 
605514 
474444 
605516 
605519 
474449 
605522 
474451 
474453 
605525 
474455 
605528 
474458 
605533 
474463 
605535 
605537 
605539 
474468 
605542 
605544 
474473 
605546 
605548 
605551 
474482 
605554 
474485 
605557 
474488 
605560 
474491 
605565 
605567 
474496 
605569 
474498 
605571 
474500 
474502 
605574 
605576 
474505 
605578 
605580 
605583 
605586 
605589 
605592 
474524 
605597 
605599 
474528 
605602 
474532 
605604 
605606 
474536 
605609 
605612 
474543 
474547 
605619 
605622 
474551 
605625 
474555 
605627 
605630 
474562 
605634 
474565 
605638 
474568 
474571 
605643 
605645 
605647 
474576 
605649 
474580 
605652 
605655 
474584 
605657 
474588 
605660 
605663 
605666 
474595 
605669 
474598 
474601 
605674 
474604 
605676 
605678 
605680 
474609 
605683 
474613 
605685 
605687 
474617 
605689 
605692 
474621 
605695 
605698 
474628 
605701 
474631 
474634 
605706 
605708 
474637 
605710 
605712 
474642 
605715 
605717 
474646 
605719 
605721 
474650 
605724 
474654 
605727 
605730 
474661 
605733 
474664 
605738 
474667 
605740 
474670 
605742 
605744 
474675 
605747 
605749 
474679 
605751 
605753 
474683 
605756 
474687 
605759 
605762 
605765 
474694 
605770 
474699 
605772 
605774 
474704 
605776 
605779 
474709 
605781 
605783 
605785 
605788 
474718 
605791 
474721 
605794 
474724 
605797 
474727 
605802 
474732 
605804 
605806 
605808 
474737 
605811 
605813 
474742 
605815 
605817 
474747 
605820 
605823 
605826 
474756 
605829 
474759 
474762 
605834 
605836 
474765 
605838 
605840 
474770 
605843 
605845 
605847 
474776 
605849 
605852 
474781 
605854 
605856 
605858 
605861 
474790 
605863 
474793 
605865 
605867 
474798 
605870 
605872 
605874 
605876 
605879 
474808 
605882 
605885 
474814 
605888 
474820 
605893 
605895 
605897 
474826 
605899 
605902 
605904 
605906 
605908 
474837 
605911 
474841 
605914 
474845 
605917 
605920 
474849 
605925 
605927 
474856 
605929 
605931 
474860 
605934 
474864 
605936 
605938 
474868 
605940 
605943 
605946 
474875 
605949 
474879 
605952 
474883 
605957 
474887 
605959 
605961 
605963 
474894 
605966 
605968 
474898 
605970 
605972 
474902 
605975 
474906 
605978 
605981 
605984 
474913 
474916 
605989 
474919 
605992 
474922 
605995 
605997 
474927 
605999 
606002 
474931 
606005 
474935 
606008 
474939 
606013 
606017 
474946 
606019 
474949 
606022 
474952 
606026 
474955 
606031 
474960 
606035 
474964 
606037 
474968 
606040 
474972 
606044 
606049 
474979 
606053 
474982 
606055 
474985 
606058 
474988 
606062 
474993 
606067 
474997 
606071 
475001 
606073 
606076 
475005 
606080 
475012 
606085 
475015 
606088 
475018 
606091 
475021 
606094 
606097 
475026 
606100 
475030 
606103 
475034 
606108 
475038 
606110 
606112 
606114 
475045 
606117 
475048 
606120 
606122 
475051 
606125 
475054 
606128 
475059 
606131 
606134 
475063 
475067 
606139 
606141 
475071 
606143 
606145 
606148 
475078 
606150 
606152 
475081 
606154 
475084 
606157 
475087 
606160 
606163 
475092 
606166 
475096 
606171 
475100 
606173 
606175 
475104 
606177 
606180 
606182 
475111 
606184 
475114 
606186 
475117 
606189 
475120 
606192 
606195 
475125 
606198 
475129 
606203 
475133 
606205 
606207 
475137 
606209 
606212 
606214 
475144 
606216 
606218 
475147 
606221 
475150 
606224 
475153 
606227 
475158 
606230 
475162 
606235 
606237 
475166 
606239 
606241 
475170 
606244 
606246 
606248 
475177 
606250 
475180 
606253 
475183 
606256 
475186 
606259 
606262 
475191 
475195 
606267 
606269 
475199 
606271 
606273 
475203 
606276 
606278 
606280 
475210 
606282 
475213 
606285 
475216 
606288 
475219 
606291 
606294 
475224 
606299 
475228 
606301 
606303 
475232 
606305 
475236 
606308 
606310 
606312 
606314 
475243 
606317 
475246 
606319 
475249 
606321 
606323 
475252 
606326 
606328 
475257 
606330 
606332 
475261 
606335 
475265 
606337 
606339 
475269 
606341 
606344 
606347 
475276 
606350 
475279 
606353 
475282 
475285 
606358 
606360 
475290 
606362 
606364 
475294 
606367 
475298 
606370 
606373 
475302 
606376 
475309 
606381 
606383 
475312 
606385 
475315 
606387 
475318 
606390 
606392 
606394 
475323 
606396 
475327 
606399 
606402 
475331 
606405 
475335 
606408 
606413 
475342 
606415 
475345 
606417 
606419 
475348 
606422 
475351 
606424 
606426 
475356 
606428 
606431 
475360 
606434 
475364 
606437 
475368 
606440 
606445 
475375 
606447 
606449 
475378 
606451 
475381 
606454 
475384 
606456 
606458 
606460 
475389 
606463 
475393 
606466 
475397 
606469 
606472 
475401 
606477 
606479 
475408 
606481 
475411 
606483 
475414 
606486 
606488 
475417 
606490 
606492 
475422 
606495 
475426 
606498 
606501 
475430 
606504 
475434 
606509 
606511 
475441 
606513 
606515 
475444 
606518 
475447 
606520 
475450 
606522 
606524 
475455 
606527 
606530 
475459 
606533 
475463 
606536 
475467 
606541 
606544 
475474 
606546 
475477 
606549 
606551 
475480 
606553 
475483 
606555 
606558 
475488 
606561 
475492 
606564 
606567 
475496 
475500 
606572 
606575 
606577 
475507 
606580 
475510 
606582 
606584 
475513 
606586 
475516 
606589 
606592 
475521 
606595 
475525 
606598 
475529 
606603 
475533 
606606 
606608 
606611 
475540 
606613 
475543 
606615 
606617 
475546 
606620 
475549 
606623 
475554 
606626 
606629 
475558 
475562 
606634 
606637 
475566 
606639 
606642 
606644 
475573 
606646 
475576 
606648 
475579 
606651 
475582 
606654 
606657 
475587 
606660 
475591 
606665 
475595 
606668 
606670 
475599 
606673 
606675 
606677 
475606 
606679 
475609 
606682 
475612 
606685 
475615 
606688 
606691 
475620 
475624 
606696 
606699 
475628 
606701 
475632 
606704 
606706 
606708 
606710 
475639 
606713 
606716 
475645 
606719 
606722 
475654 
606727 
606729 
606731 
606733 
475662 
606736 
606738 
606740 
606742 
475671 
606745 
475675 
606748 
475679 
606751 
606754 
475683 
606759 
606761 
475690 
606763 
606765 
475694 
606768 
475698 
606770 
606772 
475702 
606774 
606777 
606780 
606783 
475712 
606786 
606791 
475720 
606793 
606795 
606797 
475727 
606800 
606802 
475732 
606804 
606806 
606809 
606812 
475743 
606815 
606818 
475747 
475751 
606823 
606825 
475755 
606827 
606829 
606832 
475762 
606834 
606836 
475766 
606838 
606841 
475770 
606844 
475774 
606847 
606850 
475781 
606855 
475784 
606857 
475787 
606859 
606861 
475790 
606864 
606866 
475795 
606868 
475797 
606870 
475799 
475801 
606873 
475804 
606876 
475807 
606879 
475810 
606882 
475813 
606887 
606889 
475818 
606891 
475821 
606893 
475824 
606896 
606898 
475827 
606900 
606902 
475832 
606905 
475836 
606908 
606911 
475840 
606914 
475844 
606919 
606921 
475851 
606923 
606925 
475855 
606928 
606930 
475859 
606932 
606934 
475863 
606937 
606939 
606941 
475870 
606943 
475872 
475874 
606946 
475876 
606948 
606950 
475879 
606952 
475881 
475883 
606955 
475885 
606957 
606959 
475888 
606961 
475892 
606964 
606967 
475897 
606970 
606973 
475902 
475906 
606978 
606980 
606982 
606984 
475913 
606987 
475917 
606989 
606991 
606993 
475922 
606996 
475927 
606999 
607002 
475931 
607005 
475938 
607010 
607012 
475941 
607014 
475944 
607016 
475947 
607019 
607021 
607023 
475952 
607025 
475956 
607028 
607031 
475960 
607034 
475964 
607037 
607042 
475971 
607044 
607046 
475975 
607048 
607051 
475980 
607053 
607055 
475985 
607057 
607060 
475989 
607063 
607066 
475996 
607069 
476000 
607074 
607076 
476005 
607078 
476008 
607080 
476011 
607083 
607085 
607087 
476016 
607089 
476020 
607092 
476023 
607095 
607098 
476028 
607101 
476033 
607106 
607108 
476037 
607110 
607112 
607115 
476044 
607117 
476047 
607119 
607121 
476050 
607124 
476053 
607127 
476058 
607130 
476060 
607133 
476062 
476064 
607138 
476067 
607140 
476070 
607142 
607144 
476073 
607147 
476076 
607149 
607151 
476081 
607153 
476084 
607156 
476087 
607159 
476090 
607162 
607165 
476095 
476098 
607170 
607172 
476101 
607174 
476104 
607176 
607179 
476109 
607181 
607183 
476113 
607185 
607188 
476117 
607191 
476121 
607194 
607197 
476128 
476130 
607202 
476132 
607204 
476134 
607206 
607208 
476137 
476139 
607211 
476141 
607213 
476143 
607215 
607217 
476146 
607220 
476149 
607223 
476152 
607226 
476155 
607229 
476160 
607234 
476164 
607236 
607238 
476168 
607240 
607243 
476172 
607245 
607247 
607249 
476179 
607252 
476182 
607255 
476185 
607258 
476188 
607261 
476193 
607266 
607268 
476197 
607270 
607272 
476201 
607275 
476205 
607277 
607279 
607281 
476212 
607284 
476215 
607287 
476218 
607290 
476221 
607293 
476226 
607298 
607300 
476230 
607302 
607304 
476234 
607307 
607309 
476238 
607311 
607313 
607316 
476245 
607319 
476248 
607322 
476251 
607325 
476254 
607330 
476259 
607332 
607334 
476263 
607336 
476267 
607339 
607341 
476271 
607343 
607345 
607348 
476278 
607351 
476281 
607354 
476284 
607357 
476287 
607362 
476292 
607364 
607366 
476295 
607368 
476298 
607371 
476301 
607373 
607375 
607377 
476306 
607380 
476309 
607383 
476312 
607386 
476315 
607389 
476320 
607394 
476324 
607396 
607398 
476328 
607400 
607403 
476332 
607405 
607407 
607409 
476339 
607412 
476342 
607415 
476345 
607418 
476348 
607421 
476353 
607426 
476355 
607428 
476357 
607430 
476359 
607432 
476362 
607435 
476365 
607437 
607439 
476368 
607441 
476371 
607444 
607447 
476376 
607450 
476379 
607453 
476382 
476385 
607458 
607460 
476390 
607462 
607464 
476393 
607467 
476396 
607469 
476399 
607471 
607473 
476404 
607476 
607479 
476408 
607482 
476412 
607485 
476416 
607490 
607492 
607494 
476423 
607496 
476425 
476427 
607499 
476429 
607501 
607503 
476432 
607505 
476434 
476436 
607508 
476438 
607511 
476441 
607514 
476444 
607517 
476447 
476450 
607522 
607524 
607526 
476455 
607528 
476459 
607531 
607533 
476463 
607535 
607537 
476467 
607540 
607543 
476474 
607546 
476477 
607549 
476480 
607554 
476483 
607556 
607558 
476488 
607560 
607563 
476492 
607565 
607567 
476496 
607569 
476500 
607572 
607574 
607576 
607578 
476507 
607581 
607583 
476512 
607585 
607587 
476517 
607590 
607592 
476522 
607594 
607596 
607599 
607602 
476531 
607605 
476534 
607608 
476537 
476540 
607613 
607615 
476545 
607617 
607619 
476548 
607622 
476551 
607624 
476554 
607626 
607628 
476559 
607631 
476562 
607634 
476565 
607637 
476568 
607640 
476573 
607645 
607647 
476576 
607649 
476579 
607651 
476582 
607654 
607656 
607658 
476587 
607660 
476591 
607663 
607666 
476595 
607669 
476599 
607672 
607677 
476606 
607679 
476609 
607681 
607683 
476612 
607686 
476615 
607688 
607690 
476620 
607692 
476623 
607695 
476626 
607698 
476629 
607701 
607704 
476634 
476637 
607709 
607711 
476640 
607713 
476643 
607715 
607718 
476648 
607720 
607722 
476651 
607724 
476654 
607727 
476657 
607730 
607733 
476662 
607736 
476665 
476668 
607741 
476671 
607743 
607745 
607747 
476676 
607750 
476679 
607752 
476682 
607754 
607756 
476685 
607759 
476690 
607762 
476693 
607765 
476696 
607768 
476699 
607773 
607775 
476704 
607777 
476707 
607779 
476710 
607782 
607784 
476713 
607786 
607788 
476718 
607791 
476721 
607794 
476724 
607797 
476727 
607800 
476732 
607805 
476735 
607807 
607809 
476738 
607811 
476741 
607814 
607816 
476746 
607818 
607820 
476749 
607823 
476752 
607826 
476755 
607829 
476760 
607832 
476763 
607837 
476766 
607839 
476769 
607841 
607843 
476774 
607846 
607848 
476777 
607850 
476780 
607852 
476783 
607855 
607858 
476788 
607861 
476791 
607864 
476794 
476797 
607869 
607871 
607873 
476802 
607875 
476805 
607878 
476808 
607880 
607882 
476811 
607884 
607887 
476816 
607890 
476819 
607893 
476822 
607896 
476825 
607901 
476830 
607903 
476833 
607905 
607907 
476836 
607910 
476839 
607912 
607914 
476844 
607916 
476847 
607919 
476850 
607922 
476853 
607925 
607928 
476858 
476861 
607933 
607935 
476864 
607937 
476867 
607939 
607942 
476872 
607944 
607946 
476875 
607948 
476878 
607951 
476881 
607954 
607957 
476886 
607960 
476889 
476892 
607965 
476895 
607967 
607969 
607971 
476900 
607974 
476903 
607976 
476906 
607978 
607980 
476909 
607983 
476914 
607986 
476917 
607989 
476920 
607992 
476923 
607997 
607999 
476928 
608001 
476931 
608003 
476934 
608006 
608008 
476937 
608010 
608012 
476942 
608015 
476945 
608018 
476948 
608021 
476951 
608024 
476956 
608029 
476959 
608031 
608033 
476962 
608035 
476965 
608038 
608040 
476970 
608042 
608044 
476973 
608047 
476976 
608050 
476979 
608053 
476984 
608056 
476987 
608061 
476990 
608063 
476993 
608065 
608067 
476998 
608070 
608072 
477001 
608074 
477004 
608076 
477007 
608079 
608082 
477012 
608085 
477015 
608088 
477018 
477021 
608093 
608095 
608097 
477026 
608099 
477029 
608102 
477032 
608104 
608106 
477035 
608108 
608111 
477040 
608114 
477043 
608117 
477046 
608120 
477049 
608125 
477054 
608127 
477057 
608129 
608131 
477060 
608134 
477063 
608136 
608138 
477068 
608140 
477071 
608143 
477074 
608146 
477077 
608149 
608152 
477082 
477085 
608157 
608159 
477088 
608161 
477091 
608163 
608166 
477096 
608168 
608170 
477099 
608172 
477102 
608175 
477105 
608178 
608181 
477110 
608184 
477113 
477116 
608189 
477119 
608192 
608195 
477124 
608198 
477128 
608203 
477132 
608205 
608207 
477136 
608209 
608212 
608214 
477143 
608216 
608218 
477147 
608221 
477151 
608223 
608225 
477155 
608227 
608230 
608232 
477162 
608234 
608236 
477167 
608239 
608242 
477172 
608245 
608248 
477177 
608253 
608255 
608257 
477186 
608259 
477189 
608262 
477192 
608264 
608266 
477195 
608268 
608271 
477200 
477202 
608274 
477204 
608277 
477206 
608280 
477209 
477212 
608285 
477215 
608287 
608289 
477218 
608291 
608294 
477223 
608296 
477226 
608298 
608300 
477229 
608303 
477232 
608306 
477237 
608309 
477240 
608312 
477243 
608317 
477246 
608319 
608321 
477251 
608323 
608326 
477255 
608328 
608330 
477259 
608332 
477263 
608335 
608338 
608341 
477270 
477272 
608344 
477274 
477276 
608349 
477279 
608351 
477281 
608353 
477283 
608355 
477285 
608358 
477288 
608360 
608362 
477291 
608364 
477294 
608367 
477297 
608370 
608373 
477302 
608376 
477305 
477308 
608381 
477311 
608383 
608385 
608387 
477316 
608390 
477320 
608392 
608394 
477324 
608396 
608399 
477328 
608402 
608405 
477335 
608408 
477340 
608413 
608415 
477345 
608417 
608419 
477350 
608422 
608424 
608426 
608428 
477359 
608431 
477362 
608434 
477365 
608437 
477368 
608440 
477373 
608445 
608447 
477377 
608449 
608451 
477381 
608454 
608456 
477385 
608458 
608460 
608463 
477392 
608466 
608469 
477398 
608472 
477403 
608477 
608479 
608481 
608483 
477412 
608486 
608488 
477417 
608490 
608492 
477422 
608495 
608498 
477427 
608501 
608504 
477436 
608509 
608511 
477441 
608513 
608515 
477446 
608518 
608520 
608522 
477451 
608524 
608527 
608530 
477460 
608533 
477464 
608536 
477468 
608541 
608543 
477472 
608545 
608547 
608550 
477479 
608552 
608554 
477484 
608556 
608559 
477489 
608562 
608565 
477494 
608568 
608573 
477503 
608575 
608577 
477506 
608579 
477509 
608582 
477512 
608584 
608586 
608588 
477517 
608591 
477520 
608594 
477523 
608597 
477526 
608600 
477531 
608605 
477534 
608607 
477537 
608609 
608611 
477540 
608614 
608616 
477545 
608618 
477548 
608620 
477551 
608623 
477554 
608626 
608629 
477559 
608632 
477561 
477563 
477565 
608637 
608639 
477568 
608641 
477571 
608643 
477574 
608646 
608648 
477577 
608650 
608652 
477582 
608655 
477585 
608658 
477588 
608661 
477591 
608664 
477596 
608669 
477599 
608671 
608673 
477602 
608675 
477605 
608678 
608680 
477610 
608682 
608684 
477614 
608687 
477618 
608690 
608693 
477622 
608696 
477629 
608701 
608703 
477632 
608705 
477635 
608707 
477638 
608710 
608712 
608714 
477643 
608716 
477646 
608719 
477649 
608722 
477652 
608725 
608728 
477657 
477661 
608733 
608735 
477665 
608737 
608739 
477669 
608742 
608744 
608746 
477676 
608748 
477679 
608751 
477682 
608754 
477685 
608757 
608760 
477690 
608765 
477694 
608767 
608769 
477698 
608771 
477702 
608774 
608776 
608778 
608780 
477709 
608783 
477712 
608786 
477715 
608789 
477718 
608792 
477723 
608797 
477727 
608799 
608801 
477731 
608803 
608806 
477735 
608808 
608810 
608812 
477742 
608815 
608818 
477748 
608821 
477752 
608824 
608829 
477759 
608831 
608833 
608835 
477764 
608838 
608840 
477769 
608842 
608844 
477774 
608847 
608850 
608853 
477783 
608856 
477788 
608861 
608863 
477793 
608865 
608867 
477798 
608870 
608872 
608874 
608876 
477807 
608879 
608882 
477811 
608885 
477815 
608888 
477819 
608893 
608895 
608897 
477826 
608899 
608902 
477831 
608904 
608906 
477836 
608908 
608911 
477841 
608914 
608917 
608920 
477850 
477853 
608925 
608927 
477856 
608929 
477859 
608931 
608934 
477864 
608936 
608938 
477867 
608940 
477870 
608943 
477873 
608946 
608949 
477878 
608952 
477881 
477884 
608957 
477887 
608959 
608961 
608963 
477892 
608966 
477895 
608968 
477898 
608970 
608972 
477901 
608975 
477906 
608978 
608981 
477910 
608984 
477914 
608989 
477918 
608991 
608993 
608995 
477925 
608998 
609000 
477930 
609002 
609004 
477935 
609007 
609010 
477940 
609013 
609016 
477949 
609021 
609023 
477953 
609025 
609027 
477957 
609030 
609032 
477961 
609034 
609036 
609039 
477968 
609042 
477971 
609045 
477974 
609048 
477977 
609053 
477982 
609055 
477985 
609057 
609059 
477988 
609062 
477991 
609064 
609066 
477996 
609068 
477999 
609071 
478002 
609074 
478005 
609077 
609080 
478010 
478013 
609085 
609087 
478016 
609089 
478019 
609091 
609094 
478024 
609096 
609098 
478027 
609100 
478030 
609103 
478033 
609106 
609109 
478038 
609112 
478042 
609117 
478046 
609119 
609121 
478050 
609123 
609126 
609128 
478057 
609130 
478060 
609132 
478063 
609135 
478066 
609138 
609141 
478071 
609144 
478073 
478075 
478077 
609149 
609151 
478080 
609153 
609155 
478085 
609158 
609160 
478090 
609162 
609164 
478095 
609167 
609170 
609173 
478104 
609176 
478107 
609181 
478110 
609183 
478113 
609185 
609187 
478118 
609190 
609192 
478122 
609194 
609196 
478126 
609199 
478130 
609202 
609205 
609208 
478137 
478140 
609213 
478143 
609215 
609217 
478146 
609219 
609222 
478151 
609224 
609226 
478155 
609228 
478159 
609231 
609234 
478163 
609237 
609240 
478170 
478173 
609245 
609247 
478176 
609249 
478179 
609251 
609254 
478184 
609256 
609258 
478188 
609260 
609263 
478192 
609266 
478196 
609269 
609272 
478203 
609277 
478207 
609279 
609281 
478211 
609283 
609286 
478215 
609288 
609290 
609292 
478222 
609295 
609298 
478228 
609301 
609304 
478237 
609309 
609311 
609313 
478243 
609315 
609318 
609320 
609322 
478252 
609324 
609327 
478256 
609330 
478260 
609333 
478264 
609336 
609341 
478271 
609343 
609345 
609347 
478276 
609350 
609352 
478281 
609354 
609356 
478286 
609359 
609362 
609365 
478295 
609368 
478298 
478301 
609373 
609375 
478304 
609377 
609379 
478309 
609382 
478312 
609384 
609386 
478315 
609388 
478318 
609391 
609394 
478323 
609397 
478326 
609400 
478329 
478332 
609405 
609407 
478337 
609409 
609411 
478340 
609414 
478343 
609416 
478346 
609418 
609420 
478351 
609423 
609426 
478355 
609429 
478359 
609432 
478363 
609437 
609439 
609441 
478370 
609443 
478373 
609446 
478376 
609448 
609450 
478379 
609452 
609455 
478384 
478386 
609458 
478388 
609461 
478390 
609464 
478393 
478396 
609469 
478399 
609472 
478402 
609475 
609478 
478407 
478410 
609483 
478413 
609485 
609487 
478416 
609489 
609492 
478421 
609494 
478424 
609496 
609498 
478427 
609501 
478430 
609503 
609505 
478435 
609507 
609510 
478439 
609512 
609514 
478443 
609516 
478447 
609519 
609522 
609525 
478454 
478456 
609528 
478458 
478460 
609533 
478463 
609535 
478465 
609537 
478467 
609539 
478469 
609542 
478472 
609544 
609546 
478475 
609548 
478478 
609551 
478481 
609554 
609557 
478486 
609560 
478490 
609565 
478494 
609567 
609569 
478498 
609571 
609574 
609576 
478505 
609578 
478508 
609580 
478511 
609583 
478514 
609586 
609589 
478519 
609592 
478523 
609597 
478527 
609599 
609601 
478531 
609603 
609606 
609608 
478538 
609610 
609612 
478541 
609615 
478544 
609618 
478547 
609621 
478552 
609624 
478556 
609629 
609631 
478560 
609633 
609635 
478564 
609638 
609640 
609642 
478571 
609644 
609647 
478578 
609650 
609653 
478582 
609656 
478586 
609661 
478590 
609663 
609665 
609667 
478597 
609670 
609672 
478601 
609674 
609676 
478605 
609679 
478609 
609682 
609685 
478616 
609688 
478619 
609693 
478622 
609695 
478625 
609697 
609699 
478630 
609702 
609704 
478633 
609706 
478636 
609708 
478639 
609711 
609714 
478644 
609717 
478647 
609720 
478650 
478653 
609725 
609727 
609729 
478658 
609731 
478662 
609734 
609736 
478666 
609738 
609740 
478670 
609743 
609746 
478677 
609749 
478680 
609752 
478683 
609757 
478686 
609759 
609761 
478691 
609763 
478693 
609766 
478695 
609768 
478697 
609770 
478700 
609772 
478703 
609775 
478706 
609778 
478709 
609781 
609784 
478714 
478717 
609789 
609791 
478720 
609793 
478723 
609795 
609798 
478728 
609800 
609802 
478731 
609804 
478734 
609807 
478737 
609810 
609813 
478742 
609816 
478745 
478748 
609821 
478751 
609823 
609825 
609827 
478756 
609830 
478760 
609832 
609834 
478764 
609836 
609839 
478768 
609842 
609845 
478775 
609848 
478779 
609853 
478783 
609855 
609857 
478787 
609859 
609862 
609864 
478794 
609866 
609868 
478797 
609871 
478800 
609874 
478803 
609877 
478808 
609880 
478812 
609885 
609887 
478816 
609889 
609891 
478820 
609894 
609896 
609898 
478827 
609900 
478830 
609903 
478833 
609906 
478836 
609909 
609912 
478841 
478845 
609917 
609919 
478849 
609921 
609923 
478853 
609926 
609928 
609930 
478860 
609932 
478863 
609935 
478866 
609938 
478869 
609941 
609944 
478874 
609949 
478878 
609951 
609953 
478882 
609955 
478886 
609958 
609960 
609962 
609964 
478893 
478895 
609967 
478897 
609970 
478899 
609973 
478902 
609976 
478905 
478908 
609981 
478911 
609983 
609985 
609987 
478916 
609990 
478919 
609992 
478922 
609994 
609996 
478925 
609999 
478930 
610002 
478932 
610005 
478934 
478936 
610008 
478939 
610013 
478942 
610015 
478945 
610017 
610019 
478948 
610022 
610024 
478953 
610026 
478956 
610028 
478959 
610031 
478962 
610034 
610037 
478967 
610040 
478970 
478973 
610045 
610047 
478976 
610049 
610051 
478981 
610054 
478983 
610056 
478985 
610058 
478987 
610060 
478990 
610063 
478992 
478994 
610066 
478996 
610069 
478999 
610072 
479002 
479005 
610077 
610079 
479008 
610081 
610083 
479013 
610086 
479015 
610088 
479017 
610090 
479019 
610092 
479022 
610095 
479025 
610098 
479028 
610101 
479031 
610104 
479036 
610109 
479039 
610111 
610113 
479042 
610115 
479045 
610118 
610120 
479050 
610122 
610124 
479053 
610127 
479056 
610129 
479059 
610131 
610133 
479064 
610136 
479066 
610138 
479068 
610140 
479070 
610142 
479073 
610145 
610147 
479076 
610149 
479079 
610151 
479082 
610154 
610157 
479087 
610160 
479089 
479091 
610163 
479093 
479096 
610168 
610170 
479099 
610172 
479102 
610174 
479105 
610177 
610179 
610181 
479110 
610183 
479113 
610186 
479116 
610189 
479119 
610192 
610195 
479124 
479127 
610200 
479130 
610202 
610204 
479133 
610206 
610209 
479138 
610211 
479140 
610213 
479142 
610215 
479144 
610218 
479147 
610221 
479150 
610224 
479153 
610227 
479156 
610232 
479161 
610234 
479164 
610236 
610238 
479167 
610241 
479170 
610243 
610245 
479175 
610247 
479178 
610250 
479181 
610253 
479184 
610256 
610259 
479189 
610264 
479193 
610266 
610268 
479197 
610270 
479201 
610273 
610275 
610277 
610279 
479208 
479210 
610282 
479212 
610285 
479214 
610288 
479217 
610291 
479220 
479223 
610296 
479226 
610298 
610300 
610302 
479231 
610305 
479234 
610307 
479237 
610309 
610311 
479240 
610314 
479245 
610317 
479248 
610320 
479251 
610323 
479254 
610328 
610330 
479259 
610332 
479262 
610334 
479265 
610337 
610339 
479268 
610341 
610343 
479273 
610346 
479276 
610349 
479279 
610352 
479282 
610355 
479287 
610360 
610362 
479291 
610364 
610366 
479295 
610369 
479299 
610371 
610373 
610375 
479306 
610378 
610381 
479310 
610384 
479314 
610387 
479318 
610392 
610394 
610396 
479325 
610398 
479328 
610401 
479331 
610403 
610405 
479334 
610407 
610410 
479339 
610413 
479342 
610416 
479345 
610419 
479348 
610424 
479353 
610426 
610428 
479357 
610430 
479361 
610433 
610435 
479365 
610437 
610439 
610442 
479372 
610445 
479375 
610448 
479378 
610451 
479381 
610456 
479386 
610458 
610460 
479390 
610462 
610465 
479394 
610467 
610469 
479398 
610471 
610474 
479405 
610477 
479408 
610480 
479411 
610483 
479414 
610488 
610490 
479419 
610492 
610494 
479423 
610497 
479427 
610499 
610501 
479431 
610503 
610506 
610509 
479438 
610512 
479441 
610515 
479444 
479447 
610520 
610522 
479452 
610524 
610526 
479456 
610529 
610531 
479460 
610533 
610535 
479464 
610538 
610541 
479471 
610544 
479474 
610547 
479477 
479480 
610552 
610554 
610556 
479485 
610558 
479488 
610561 
479491 
610563 
610565 
479494 
610567 
610570 
479499 
610573 
479502 
610576 
479505 
610579 
479508 
610584 
479513 
610586 
610588 
479517 
610590 
479521 
610593 
610595 
479525 
610597 
610599 
610602 
479532 
610605 
479535 
610608 
479538 
610611 
479541 
610616 
479546 
610618 
479548 
610620 
479550 
610622 
479552 
610625 
479555 
610627 
610629 
479558 
610631 
479561 
610634 
479564 
610637 
610640 
479569 
610643 
479572 
479575 
610648 
479578 
610650 
610652 
610654 
479583 
610657 
479586 
610659 
479589 
610661 
610663 
479592 
610666 
479597 
610669 
479599 
610672 
479601 
479603 
610675 
479606 
610680 
479609 
610682 
479612 
610684 
610686 
479615 
610689 
610691 
479620 
610693 
479623 
610695 
479626 
610698 
479629 
610701 
610704 
479634 
610707 
479637 
479640 
610712 
610714 
479643 
610716 
610718 
479648 
610721 
479650 
610723 
479652 
610725 
479654 
610727 
479657 
610730 
479660 
610733 
479663 
610736 
479666 
610739 
479671 
610744 
479674 
610747 
479677 
610750 
479680 
610753 
479685 
610758 
479688 
610760 
610762 
479691 
610764 
479694 
610767 
610769 
479699 
610771 
479701 
610773 
479703 
610776 
479705 
610778 
479708 
610780 
610782 
479711 
610785 
479714 
610787 
479717 
610789 
610791 
479722 
610794 
479725 
610797 
479728 
610800 
479731 
610803 
479736 
610808 
479738 
610810 
479740 
610812 
479742 
610814 
479745 
610817 
479747 
610819 
479749 
610821 
479751 
610823 
479754 
610826 
479756 
610829 
479758 
479760 
610832 
479763 
610835 
479766 
610840 
479769 
610842 
479772 
610844 
610846 
479777 
610849 
610851 
479780 
610853 
479783 
610855 
479786 
610858 
610861 
479791 
610864 
479795 
610867 
479799 
610872 
610874 
479803 
610876 
610878 
610881 
479810 
610883 
479812 
610885 
479814 
610887 
479816 
610890 
479819 
610893 
479822 
610896 
479825 
610899 
479828 
610904 
479833 
610906 
479836 
610908 
610910 
479839 
610913 
610915 
479844 
610917 
610919 
479848 
610922 
610925 
479855 
610928 
479858 
610931 
479861 
610936 
479866 
610938 
610940 
479870 
610942 
610945 
610947 
479877 
610949 
610951 
479880 
610954 
479883 
610957 
479886 
610960 
479891 
610963 
479895 
610968 
610970 
479899 
610972 
610974 
479903 
610977 
610979 
610981 
479910 
610983 
479913 
610986 
479916 
610989 
610992 
479921 
610995 
479925 
611000 
611002 
479932 
611004 
611006 
479935 
611009 
479938 
611011 
479941 
611013 
611015 
479946 
611018 
611021 
479950 
611024 
479954 
611027 
479958 
611032 
611034 
611036 
479965 
611038 
479968 
611041 
479971 
611043 
611045 
479974 
611047 
611050 
479979 
479981 
611053 
479983 
611056 
479985 
611059 
479988 
611064 
479994 
611066 
611068 
611070 
611073 
480002 
611075 
611077 
611079 
480008 
611082 
611085 
480016 
611088 
480019 
611091 
480022 
611096 
480025 
611098 
611100 
480030 
611102 
611105 
480034 
611107 
611109 
480038 
611111 
480042 
611114 
611117 
611120 
480049 
611123 
480056 
611128 
611130 
480059 
611132 
480062 
611134 
480065 
611137 
611139 
611141 
480070 
611143 
480074 
611146 
611149 
480078 
611152 
480082 
611155 
611160 
480089 
611162 
480092 
611164 
611166 
480095 
611169 
480098 
611171 
611173 
480103 
611175 
480105 
611178 
480107 
480109 
611181 
480112 
611184 
611187 
480119 
611192 
611194 
611196 
480126 
611198 
611201 
611203 
480133 
611205 
611207 
611210 
611213 
611216 
480146 
611219 
480149 
480152 
611224 
611226 
480155 
611228 
611230 
480160 
611233 
611235 
480164 
611237 
611239 
480168 
611242 
480172 
611245 
611248 
480179 
611251 
480182 
611256 
480185 
611258 
480188 
611260 
611262 
480193 
611265 
611267 
480197 
611269 
611271 
480201 
611274 
480205 
611277 
611280 
611283 
480212 
480215 
611288 
480218 
611290 
611292 
480221 
611294 
611297 
480226 
611299 
611301 
480230 
611303 
480234 
611306 
611309 
480238 
611312 
611315 
480245 
480248 
611320 
611322 
480251 
611324 
480254 
611326 
611329 
480259 
611331 
611333 
480263 
611335 
611338 
480267 
611341 
480271 
611344 
611347 
480278 
611352 
480281 
611354 
480284 
611356 
611358 
480287 
611361 
611363 
480292 
611365 
480296 
611368 
611371 
480300 
611374 
480304 
611379 
611381 
480311 
611383 
611385 
480316 
611388 
611390 
611392 
480321 
611395 
480326 
611398 
611401 
611406 
480335 
611408 
480338 
611410 
611412 
480341 
611415 
611417 
480346 
611419 
611421 
480350 
611424 
611427 
480357 
611430 
611433 
480363 
611438 
611440 
611442 
480371 
611444 
611447 
611449 
611451 
480381 
611453 
611456 
611459 
480388 
611462 
480393 
611465 
611470 
480400 
611472 
611474 
480404 
611476 
480407 
611479 
611481 
611483 
480412 
611485 
480416 
611488 
611491 
480420 
611494 
480424 
611497 
611502 
480431 
611504 
480434 
611506 
611508 
480437 
611511 
480440 
611513 
611515 
480445 
611517 
611520 
480449 
611523 
480453 
611526 
480457 
611529 
611534 
480464 
611536 
611538 
480467 
611540 
480470 
611543 
480473 
611545 
611547 
611549 
480478 
611552 
480482 
611555 
480486 
611558 
611561 
480490 
611566 
611568 
480497 
611570 
611572 
480501 
611575 
480505 
611577 
611579 
480509 
611581 
611584 
611587 
480516 
611590 
480519 
611593 
480522 
480525 
611598 
611600 
480530 
611602 
611604 
480534 
611607 
611609 
480538 
611611 
611613 
480542 
611616 
611619 
480549 
611622 
480552 
611625 
480555 
480558 
611630 
611632 
611634 
480563 
611636 
480567 
611639 
611641 
480571 
611643 
611645 
480575 
611648 
611651 
480582 
611654 
480585 
611657 
480588 
611662 
480591 
611664 
611666 
480596 
611668 
611671 
480600 
611673 
611675 
480604 
611677 
480608 
611680 
611683 
611686 
480615 
611689 
480618 
480621 
611694 
480624 
611696 
611698 
611700 
480629 
611703 
480633 
611705 
611707 
480637 
611709 
611712 
480641 
611715 
611718 
480648 
611721 
480651 
480654 
611726 
611728 
480657 
611730 
611732 
480662 
611735 
611737 
480666 
611739 
611741 
480670 
611744 
480674 
611747 
611750 
480681 
611753 
480684 
611758 
480687 
611760 
480690 
611762 
611764 
480695 
611767 
611769 
480699 
611771 
611773 
480703 
611776 
480707 
611779 
611782 
611785 
480714 
480717 
611790 
480720 
611792 
611794 
480723 
611796 
611799 
480728 
611801 
611803 
480732 
611805 
480736 
611808 
611811 
480740 
611814 
611817 
611822 
480751 
611824 
480754 
611826 
611828 
480757 
611831 
480760 
611833 
611835 
480765 
611837 
480767 
611840 
480769 
480771 
611843 
480774 
611846 
480777 
611849 
480780 
611854 
480783 
611856 
611858 
480788 
611860 
611863 
480792 
611865 
611867 
480796 
611869 
480800 
611872 
611875 
611878 
611881 
611886 
611888 
611890 
611892 
480821 
611895 
611897 
480826 
611899 
480829 
611901 
480832 
611904 
480835 
611907 
611910 
480840 
611913 
480842 
480844 
480846 
611918 
611920 
480849 
611922 
480852 
611924 
480855 
611927 
611929 
480858 
611931 
611933 
480863 
611936 
480867 
611939 
611942 
480871 
611945 
480875 
611950 
611952 
480882 
611954 
611956 
480885 
611959 
480888 
611961 
480891 
611963 
611965 
480896 
611968 
480898 
611971 
480900 
480902 
611974 
480905 
611977 
480908 
611982 
480911 
611984 
480914 
611987 
611989 
480919 
611991 
611994 
480923 
611997 
480927 
612002 
480931 
612005 
480938 
612010 
480941 
612013 
480944 
612018 
480947 
612020 
612022 
480952 
612024 
480954 
612027 
480956 
612029 
480958 
612031 
480961 
612033 
480964 
612036 
480967 
612039 
480970 
612042 
612045 
480975 
612050 
480979 
612052 
612054 
480983 
612056 
480987 
612059 
612061 
612063 
612065 
480994 
612068 
480997 
612071 
481000 
612074 
481003 
612077 
481008 
612082 
481011 
612084 
481014 
612086 
612088 
481017 
612091 
612093 
481022 
612095 
612097 
481026 
612100 
481030 
612103 
481034 
612106 
612109 
481041 
612114 
612116 
481045 
612118 
612120 
481049 
612123 
481053 
612125 
612127 
612129 
481060 
612132 
481063 
612135 
481066 
612138 
481069 
612141 
481074 
612146 
612148 
481077 
612150 
481080 
612152 
481083 
612155 
612157 
612159 
481088 
612161 
481092 
612164 
612167 
481096 
612170 
481100 
612173 
612178 
481107 
612180 
612182 
481111 
612184 
481115 
612187 
612189 
481119 
612191 
612193 
612196 
481126 
612199 
481129 
612202 
481132 
612205 
481135 
612210 
481140 
612212 
612214 
612216 
481145 
612219 
612221 
481150 
612223 
612225 
481155 
612228 
612231 
612234 
481164 
612237 
481167 
481170 
612242 
612244 
481173 
612246 
612248 
481178 
612251 
481181 
612253 
612255 
481184 
612257 
481187 
612260 
612263 
481192 
612266 
481195 
612269 
481198 
481201 
612274 
612276 
481206 
612278 
612280 
481209 
612283 
481212 
612285 
481215 
612287 
612289 
481220 
612292 
612295 
481224 
612298 
481228 
612301 
481232 
612306 
612308 
612310 
481239 
612312 
481243 
612315 
612317 
481247 
612319 
612321 
481251 
612324 
612327 
481258 
612330 
481261 
612333 
481264 
612338 
481267 
612340 
612342 
481272 
612344 
481275 
612347 
612349 
481278 
612351 
481281 
612353 
612356 
481286 
612359 
481290 
612362 
612365 
481294 
481298 
612370 
612372 
612374 
612376 
481305 
612379 
481308 
612381 
481311 
612383 
612385 
481314 
612388 
481319 
612391 
481322 
612394 
481325 
612397 
481328 
612402 
612404 
481333 
612406 
612408 
481337 
612411 
481341 
612413 
612415 
481345 
612417 
612420 
612423 
481352 
612426 
481355 
612429 
481358 
481361 
612434 
612436 
481366 
612438 
612440 
481369 
612443 
481372 
612445 
481375 
612447 
612449 
481380 
612452 
481383 
612455 
481386 
612458 
481389 
612461 
481394 
612466 
481396 
612468 
481398 
612470 
481400 
612472 
481403 
612475 
612477 
481407 
612479 
612481 
481411 
612484 
481415 
612487 
612490 
612493 
481422 
481426 
612498 
612500 
481430 
612502 
612504 
481434 
612507 
612509 
612511 
481441 
612513 
481444 
612516 
481447 
612519 
481450 
612522 
612525 
481455 
481457 
612530 
481459 
612532 
481461 
612534 
481464 
612536 
612539 
481469 
612541 
612543 
612545 
481474 
612548 
481479 
612551 
612554 
612557 
481488 
612562 
481491 
612564 
481494 
612566 
612568 
481497 
612571 
612573 
481502 
612575 
481504 
612577 
481506 
481508 
612580 
481511 
612583 
481514 
612586 
481517 
612591 
481520 
612593 
612596 
481525 
612598 
481528 
612600 
481531 
612603 
481534 
612606 
481539 
612612 
481541 
481543 
612616 
481545 
612618 
481548 
612620 
612622 
481552 
612625 
612627 
481556 
612629 
612631 
481560 
612634 
612637 
481567 
612640 
481571 
612643 
481575 
612648 
612650 
481579 
612652 
612654 
612657 
481586 
612659 
481589 
612661 
612663 
481592 
612666 
481595 
612669 
481600 
612672 
481602 
612675 
481604 
481606 
612680 
481609 
612682 
481612 
612684 
612686 
481615 
612689 
481618 
612691 
612693 
481623 
612695 
612698 
481627 
612701 
481631 
612704 
481635 
612707 
612712 
481642 
612714 
612716 
481645 
612718 
481648 
612721 
481651 
612723 
612725 
612727 
481656 
481658 
612730 
481660 
612733 
481662 
612736 
481665 
612739 
481668 
481671 
612744 
481674 
612746 
612748 
612750 
481679 
612753 
481683 
612755 
612757 
481687 
612759 
612762 
481691 
612765 
612768 
481698 
612771 
481701 
481704 
612776 
612778 
481707 
612780 
612782 
481712 
612785 
481714 
612787 
481716 
612789 
481718 
612791 
481721 
612794 
481724 
612797 
481727 
612800 
481730 
612803 
481735 
612808 
612810 
481739 
612812 
612814 
481743 
612817 
481747 
612819 
612821 
612823 
481754 
612826 
481757 
612829 
481760 
612832 
481763 
612835 
481768 
612840 
481770 
612842 
481772 
612844 
481774 
612846 
481777 
612849 
612851 
481780 
612853 
481783 
612855 
481786 
612858 
612861 
481791 
612864 
481794 
612867 
481797 
481800 
612872 
612874 
612876 
481805 
612878 
481807 
481809 
612881 
481811 
612883 
612885 
481814 
612887 
481817 
612890 
481820 
612893 
481823 
612896 
612899 
481828 
481830 
481832 
612904 
481834 
612906 
612908 
481837 
612910 
481840 
612913 
481843 
612915 
612917 
481846 
612919 
612922 
481851 
481853 
612925 
481855 
612928 
481857 
612931 
481860 
481863 
612936 
481866 
612938 
612940 
481869 
612942 
612945 
481874 
612947 
481876 
612949 
481878 
612951 
481880 
612954 
481883 
612957 
481886 
612960 
481889 
612963 
481892 
612968 
481897 
612970 
481900 
612972 
612974 
481903 
612977 
481906 
612979 
612981 
481911 
612983 
481914 
612986 
481917 
612989 
481920 
612992 
612995 
481925 
481928 
613000 
613002 
481931 
613004 
481934 
613006 
613009 
481939 
613011 
613013 
481942 
613015 
481945 
613018 
481948 
613021 
613024 
481953 
613027 
481956 
481959 
613032 
481962 
613034 
613036 
613038 
481967 
613041 
481970 
613043 
481973 
613045 
613047 
481976 
613050 
481981 
613053 
481984 
613056 
481987 
613059 
481990 
613064 
613066 
481995 
613068 
481998 
613070 
482001 
613073 
613075 
482004 
613077 
613079 
482009 
613082 
482012 
613085 
482015 
613088 
482018 
613091 
482023 
613096 
482026 
613098 
613100 
482029 
613102 
482032 
613105 
613107 
482037 
613109 
613111 
482040 
613114 
482043 
613117 
482046 
613120 
482051 
613123 
482054 
613128 
482057 
613130 
482060 
613132 
613134 
482065 
613137 
613139 
482068 
613141 
482071 
613143 
482074 
613146 
613149 
482079 
613152 
482082 
613155 
482085 
482088 
613160 
613162 
613164 
482093 
613167 
482096 
613169 
482099 
613171 
613173 
482102 
613176 
482107 
613179 
482110 
613182 
482113 
613187 
482116 
613189 
613192 
482121 
613194 
482124 
613197 
482127 
482130 
613205 
482135 
613208 
482137 
482139 
613211 
482141 
613213 
613215 
482144 
613217 
482147 
613220 
482150 
613222 
613224 
482153 
613226 
613229 
482158 
482160 
613232 
482162 
613235 
482164 
613238 
482167 
482170 
613243 
482173 
613245 
613247 
482176 
613249 
613252 
482181 
613254 
482183 
613256 
482185 
613258 
482187 
613261 
482190 
613264 
482195 
613267 
613270 
482200 
613275 
482205 
613277 
613279 
613281 
613284 
482214 
613286 
613288 
482218 
613290 
613293 
482222 
613296 
482226 
613299 
613302 
482233 
613307 
613309 
482238 
613311 
613313 
482243 
613316 
613318 
482248 
613320 
613322 
613325 
613328 
482257 
613331 
482262 
613334 
482267 
613339 
613341 
613343 
482272 
613345 
613348 
613350 
613352 
482281 
613354 
482285 
613357 
613360 
482289 
613363 
482293 
613366 
613371 
482300 
613373 
613375 
482305 
613377 
613380 
482310 
613382 
613384 
613386 
482315 
613389 
613392 
613395 
482324 
613398 
482329 
613403 
613405 
482334 
613407 
613409 
482339 
613412 
613414 
613416 
613418 
482348 
613421 
613424 
482353 
613427 
482358 
613430 
482363 
613435 
613437 
613439 
613441 
482372 
613444 
613446 
613448 
482378 
613450 
613453 
482383 
613456 
613459 
613462 
482392 
613467 
613469 
482398 
613471 
613473 
613476 
613478 
482407 
613480 
613482 
482412 
613485 
613488 
482417 
613491 
482422 
613494 
613499 
613501 
482431 
613503 
613505 
482436 
613508 
613510 
613512 
482441 
613514 
613517 
482446 
613520 
613523 
613526 
482455 
613531 
482460 
613533 
613535 
482465 
613537 
613540 
482470 
613542 
613544 
613546 
613549 
482479 
613552 
613555 
482484 
613558 
482489 
613563 
613565 
482494 
613567 
613569 
613572 
613574 
482503 
613576 
613578 
482508 
613581 
613584 
482513 
613587 
482518 
613590 
613595 
613597 
482527 
613599 
613601 
482532 
613604 
613606 
613608 
482537 
613610 
613613 
482542 
613616 
613619 
613622 
482551 
613627 
482556 
613629 
613631 
482561 
613633 
613636 
482566 
613638 
613640 
613642 
613645 
482575 
613648 
613651 
482580 
613654 
482585 
613659 
613661 
482590 
613663 
613665 
613668 
613670 
482599 
613672 
613674 
482604 
613677 
613680 
482609 
613683 
482614 
613686 
613691 
613693 
482623 
613695 
613697 
482628 
613700 
613702 
613704 
482633 
613706 
613709 
482638 
613712 
613715 
613718 
482647 
613723 
482652 
613725 
613727 
482657 
613729 
613732 
482662 
613734 
613736 
613738 
613741 
482671 
613744 
613747 
482676 
613750 
482681 
613755 
613757 
482686 
613759 
613762 
613764 
613766 
482695 
613768 
613771 
482701 
613774 
613777 
482706 
613782 
613785 
482715 
613787 
613790 
482721 
613796 
482726 
613798 
613800 
613802 
613805 
482735 
613807 
613809 
613811 
482740 
613814 
482745 
613817 
613820 
482750 
613823 
613828 
613830 
482759 
613832 
613834 
482764 
613837 
613839 
482769 
613841 
613843 
482774 
613846 
613849 
613852 
482783 
613855 
482788 
613860 
613862 
613864 
482793 
613866 
613869 
482798 
613871 
613873 
613875 
613878 
482807 
613881 
482811 
613884 
482815 
613887 
482819 
613892 
613894 
613896 
482826 
613898 
613901 
482831 
613903 
613905 
613907 
482836 
613910 
482841 
613913 
613916 
613919 
482850 
613924 
613926 
482855 
613928 
613930 
482860 
613933 
613935 
482865 
613937 
613939 
613942 
613945 
482874 
613948 
482879 
613951 
482884 
613956 
613958 
613960 
482889 
613962 
613965 
613967 
613969 
482898 
613971 
482902 
613974 
613977 
482906 
613980 
482910 
613983 
613988 
482917 
613990 
613992 
613994 
482923 
613997 
613999 
614001 
614003 
482932 
614006 
614009 
614012 
482942 
614015 
482948 
614020 
614022 
614024 
614026 
482957 
614029 
614031 
614033 
614035 
614038 
482967 
614041 
614044 
482973 
614047 
614052 
482982 
614054 
614056 
614058 
482988 
614061 
614063 
614065 
614067 
482997 
614070 
614073 
483002 
614076 
614079 
483009 
614084 
614086 
614088 
614090 
483020 
614093 
614095 
483025 
614097 
614099 
614102 
483032 
614105 
614108 
483037 
614111 
483042 
614116 
614118 
483047 
614120 
614122 
614125 
614127 
483056 
614129 
614131 
483060 
614134 
614137 
483067 
614140 
614143 
614148 
483077 
614150 
614152 
483082 
614154 
614157 
483087 
614159 
614161 
614163 
483092 
614166 
614169 
614172 
483101 
614175 
483106 
614180 
614182 
483111 
614184 
614186 
483117 
614189 
614191 
614193 
483123 
614195 
614198 
483129 
614201 
614204 
614207 
483140 
614212 
614214 
483144 
614216 
614218 
483148 
614221 
614223 
483152 
614225 
614227 
614230 
483159 
614233 
483163 
614236 
483167 
614239 
483171 
614244 
614246 
614248 
483178 
614250 
483181 
614253 
614255 
483184 
614257 
483187 
614259 
614262 
483192 
614265 
614268 
483197 
614271 
483202 
614276 
614278 
483207 
614280 
614282 
614285 
614287 
483216 
614289 
614291 
483222 
614294 
614297 
483228 
614300 
614303 
483234 
614308 
614310 
614312 
614314 
483245 
614317 
614319 
483249 
614321 
614323 
483253 
614326 
483257 
614329 
614332 
614335 
483264 
483268 
614340 
614342 
483272 
614344 
614347 
483276 
614349 
614351 
614353 
483283 
614356 
614359 
483288 
614362 
483293 
614367 
483298 
614370 
614372 
614375 
483307 
614381 
483310 
614384 
483313 
483316 
614390 
614392 
483321 
614394 
614396 
483327 
614399 
614401 
614403 
483333 
614405 
614408 
483339 
614411 
614414 
614417 
483350 
614422 
614424 
483354 
614426 
614428 
483358 
614431 
614433 
483362 
614435 
614437 
614440 
483369 
614443 
483373 
614446 
483377 
614449 
483381 
614454 
614456 
614458 
483388 
614460 
483391 
614463 
614465 
483394 
614467 
483397 
614469 
614472 
483402 
614475 
614478 
483407 
614481 
483412 
614486 
614488 
483417 
614490 
614492 
614495 
614497 
483426 
614499 
614501 
483432 
614504 
614507 
483438 
614510 
614513 
483444 
614518 
614520 
614522 
614524 
483455 
614527 
614529 
483459 
614531 
614533 
483463 
614536 
483467 
614539 
614542 
614545 
483474 
483478 
614550 
614552 
483482 
614554 
614556 
483486 
614559 
614561 
614563 
483493 
614565 
614568 
483498 
614571 
614574 
483503 
614577 
483508 
614582 
614584 
614586 
614588 
483517 
614591 
483520 
614593 
483523 
614595 
614597 
483526 
614600 
483531 
614603 
614606 
483537 
614609 
614614 
483543 
614616 
614618 
614620 
483549 
614623 
614625 
614627 
614629 
483560 
614632 
614635 
483564 
614638 
483568 
614641 
483572 
614646 
614648 
614650 
483579 
614652 
483583 
614655 
614657 
483587 
614659 
614661 
483591 
614664 
614667 
483598 
614670 
483601 
614673 
483604 
614678 
483607 
614680 
614682 
483612 
614684 
614687 
614689 
483618 
614691 
614693 
483623 
614696 
614699 
614702 
483632 
614705 
483638 
614710 
614712 
614714 
483644 
614716 
614719 
614721 
483650 
614723 
614725 
614728 
614731 
483661 
614734 
614737 
483666 
483670 
614742 
614744 
614746 
614748 
483677 
614751 
614753 
483682 
614755 
614757 
614760 
483689 
614763 
483692 
614766 
483697 
614769 
483702 
614774 
614776 
483706 
614778 
614780 
614783 
483713 
614785 
614787 
614789 
614792 
483721 
614795 
483726 
614798 
614801 
483731 
614806 
483736 
614808 
614810 
614812 
614815 
483745 
614817 
614819 
614821 
483750 
614824 
483755 
614827 
614830 
483760 
614833 
614838 
614840 
483769 
614842 
614844 
483774 
614847 
614849 
483779 
614851 
614853 
483784 
614856 
614859 
614862 
483793 
614865 
483798 
614870 
614872 
483802 
614874 
614876 
614879 
483809 
614881 
614883 
614885 
483814 
614888 
483819 
614891 
614894 
483824 
614897 
614902 
614904 
483833 
614906 
614908 
483837 
614911 
483841 
614913 
614915 
483845 
614917 
614920 
614923 
483852 
614926 
483857 
614929 
483862 
614934 
614936 
614938 
483867 
614941 
614943 
614945 
614947 
483876 
614950 
483880 
614954 
483884 
614957 
483888 
614962 
614965 
483895 
614968 
614970 
483899 
614972 
483902 
614975 
483907 
614979 
614982 
483911 
483915 
614987 
614990 
483919 
614993 
614995 
614997 
483926 
615000 
483930 
615003 
615005 
483934 
615008 
483938 
615010 
615012 
615014 
483945 
615017 
615019 
483948 
615021 
483951 
615023 
483954 
615026 
615029 
483959 
615032 
483963 
615035 
483967 
615040 
615042 
483971 
615044 
615046 
615049 
483978 
615051 
615053 
483982 
615055 
483986 
615058 
615061 
483990 
615064 
615067 
483997 
615072 
484001 
615074 
615076 
484005 
615078 
484009 
615081 
615083 
615085 
615087 
484016 
615090 
484020 
615093 
484024 
615096 
615099 
484028 
615104 
615106 
484035 
615108 
615110 
484040 
615113 
615115 
484045 
615117 
615119 
484050 
615122 
615125 
615128 
484059 
615131 
484063 
615136 
615138 
484067 
615140 
615142 
484071 
615145 
615147 
615149 
484078 
615151 
615154 
484083 
615157 
484088 
615160 
615163 
484093 
615168 
615170 
615172 
484102 
615174 
615177 
484106 
615179 
615181 
484110 
615183 
484114 
615186 
615189 
615192 
484121 
615195 
484126 
615200 
615202 
484131 
615204 
615206 
484136 
615209 
615211 
615213 
615215 
484145 
615218 
484149 
615221 
615224 
484153 
615227 
484157 
615232 
615234 
484164 
615236 
615238 
484169 
615241 
615243 
615245 
484174 
615247 
615250 
484179 
615253 
615256 
615259 
484188 
484192 
615264 
615266 
484196 
615268 
615270 
484200 
615273 
615275 
615277 
484207 
615279 
615282 
484212 
615285 
615288 
484217 
615291 
484222 
615296 
615298 
615300 
615302 
484231 
615305 
484235 
615307 
615309 
484239 
615311 
615314 
484243 
615317 
615320 
484250 
615323 
484256 
615328 
615330 
615332 
615334 
484265 
615337 
615339 
484269 
615341 
615343 
484273 
615346 
484277 
615349 
615352 
615355 
484284 
484287 
615360 
484290 
615362 
615364 
484293 
615366 
615369 
484298 
615371 
615373 
484302 
615375 
484306 
615378 
615381 
484310 
615384 
615387 
484317 
615392 
615394 
484323 
615396 
615398 
615401 
484330 
615403 
484333 
615405 
615407 
484336 
615410 
484339 
615413 
484344 
615416 
615419 
484348 
484352 
615424 
615426 
484356 
615428 
615430 
615433 
484363 
615435 
615437 
484367 
615439 
615442 
484371 
615445 
484375 
615448 
615451 
484382 
615456 
484386 
615458 
615460 
484390 
615462 
615465 
484394 
615467 
615469 
615471 
484401 
615474 
484405 
615477 
615480 
484409 
615483 
484413 
615488 
615490 
484420 
615492 
615494 
484425 
615497 
615499 
615501 
484430 
615503 
615506 
484435 
615509 
615512 
615515 
484444 
484448 
615520 
615522 
484452 
615524 
615526 
484456 
615529 
615531 
615533 
484463 
615535 
615538 
484468 
615541 
615544 
484473 
615547 
484478 
615552 
615554 
615556 
615558 
484487 
615561 
484491 
615563 
615565 
484495 
615567 
615570 
484499 
615573 
615576 
484506 
615579 
484512 
615584 
615586 
615588 
615590 
484521 
615593 
615595 
484525 
615597 
615599 
484529 
615602 
484533 
615605 
615608 
615611 
484540 
615616 
615618 
484548 
615620 
615622 
615625 
615627 
615629 
484558 
615631 
615634 
484563 
615636 
615638 
484568 
615640 
615643 
484573 
615645 
615647 
615649 
615652 
484582 
615654 
615656 
615658 
615661 
484591 
615664 
484595 
615667 
615670 
484600 
615675 
484605 
615677 
615679 
615681 
484612 
615684 
615686 
484616 
615688 
615690 
484620 
615693 
484624 
615696 
615699 
615702 
484631 
484635 
615707 
615709 
615711 
484640 
615713 
484644 
615716 
615718 
484648 
615720 
615722 
484652 
615725 
615728 
484659 
615731 
615734 
484663 
484667 
615739 
615741 
484671 
615743 
615745 
615748 
484678 
615750 
615752 
484682 
615754 
615757 
484686 
615760 
484690 
615763 
615766 
484697 
615771 
484701 
615773 
615775 
484705 
615777 
615780 
484709 
615782 
615784 
615786 
484716 
615789 
615792 
615795 
484724 
615798 
615803 
615805 
484734 
615807 
615809 
484739 
615812 
615814 
484744 
615816 
615818 
484749 
615821 
615824 
615827 
484758 
615830 
615835 
615837 
484767 
615839 
615841 
484771 
615844 
615846 
484775 
615848 
615850 
484779 
615853 
615856 
484786 
615859 
615862 
615867 
615869 
615871 
615873 
615876 
484806 
615878 
615880 
615882 
615885 
484814 
615888 
484817 
615891 
484820 
615894 
484823 
615899 
484828 
615901 
615903 
484833 
615905 
615908 
615910 
484840 
615912 
615914 
484843 
615917 
484848 
615920 
615923 
615926 
484856 
615931 
484861 
615933 
615935 
615937 
484866 
615940 
615942 
484871 
615944 
615946 
615949 
484880 
615952 
615955 
484885 
615958 
484890 
615963 
615965 
484895 
615967 
615969 
615972 
615974 
484904 
615976 
615978 
484908 
615981 
484912 
615984 
615987 
484916 
615990 
484923 
615995 
615997 
615999 
616001 
484931 
616004 
616006 
616008 
484937 
616010 
616013 
616016 
616019 
484948 
616022 
616027 
484956 
616029 
616031 
616033 
484962 
616036 
616038 
616040 
616042 
484973 
616045 
616048 
484979 
616051 
616054 
484985 
616059 
616061 
484991 
616063 
616065 
616068 
616070 
616072 
485002 
616074 
616077 
485008 
616080 
616083 
485014 
616086 
616091 
485020 
616093 
616095 
616097 
616100 
616102 
485031 
616104 
616106 
485035 
616109 
485039 
616112 
485043 
616115 
616118 
485050 
616123 
616125 
485055 
616127 
616129 
485060 
616132 
616134 
616136 
485065 
616138 
616141 
616144 
485074 
616147 
616150 
485079 
616155 
485084 
616157 
616159 
485089 
616161 
616164 
616166 
616168 
485098 
616170 
616173 
485102 
616176 
485106 
616179 
485110 
616182 
616187 
485117 
616189 
616191 
616193 
485123 
616196 
616198 
616200 
485129 
616202 
616205 
485135 
616208 
616211 
616214 
485146 
616219 
616221 
616223 
485152 
616225 
616228 
485158 
616230 
616232 
616234 
485164 
616237 
616240 
616243 
616246 
485175 
616251 
485181 
616253 
616255 
616257 
485187 
616260 
616262 
616264 
485193 
616266 
616269 
616272 
616275 
485204 
616278 
485210 
616283 
616285 
616287 
485216 
616289 
616292 
485222 
616294 
616296 
616298 
616301 
616304 
485233 
616307 
485237 
616310 
485241 
616315 
485245 
616317 
616319 
616321 
485252 
616324 
616326 
616328 
485257 
616330 
616333 
485262 
616336 
485267 
616339 
616342 
616347 
485276 
616350 
485281 
616353 
616356 
485286 
616361 
485291 
616363 
616365 
616367 
616370 
485300 
616372 
616374 
485304 
616376 
616379 
485308 
616381 
616383 
485312 
616385 
616388 
616390 
485319 
616392 
616394 
485325 
616397 
616400 
485331 
616403 
616406 
485337 
616411 
616413 
616415 
616417 
485348 
616420 
616422 
616424 
485354 
616426 
616429 
485360 
616432 
616435 
485366 
616438 
616443 
616445 
616447 
485377 
616449 
616452 
616454 
485383 
616456 
616458 
485389 
616461 
616464 
485395 
616467 
616470 
616475 
616477 
485406 
616479 
616481 
485412 
616484 
616486 
616488 
485418 
616490 
616493 
485424 
616496 
616499 
616502 
485435 
616507 
616509 
485439 
616511 
616513 
485443 
616516 
616518 
485447 
616520 
616522 
616525 
485454 
616528 
485459 
616531 
616534 
485464 
616539 
485469 
616541 
616543 
616545 
616548 
485478 
616550 
616552 
616554 
485483 
616557 
485488 
616560 
616563 
485493 
616566 
616571 
616573 
485502 
616575 
616577 
485506 
616580 
485510 
616582 
616584 
485514 
616586 
616589 
616592 
485521 
616595 
485526 
616598 
616603 
616605 
485535 
616607 
616609 
616612 
616614 
616616 
485545 
616618 
616621 
485550 
616624 
616627 
485557 
616630 
485561 
616635 
616637 
616639 
485568 
616641 
485572 
616644 
616646 
485576 
616648 
616650 
485580 
616653 
616656 
485587 
616659 
616662 
485592 
616667 
485597 
616669 
616671 
616673 
485602 
616676 
616678 
616680 
616682 
485611 
616685 
485615 
616688 
485619 
616691 
616694 
485623 
616699 
616701 
485630 
616703 
616705 
485635 
616708 
616710 
485640 
616712 
616714 
485645 
616717 
616720 
616723 
485654 
616726 
485659 
616731 
616733 
616735 
485664 
616737 
616740 
485669 
616742 
616744 
616746 
616749 
485678 
616752 
485682 
616755 
485686 
616758 
485690 
616763 
616765 
616767 
485697 
616769 
616772 
485701 
616774 
616776 
485705 
616778 
485709 
616781 
616784 
616787 
485716 
616790 
485721 
616795 
616797 
485726 
616799 
616801 
485731 
616804 
616806 
616808 
616810 
485740 
616813 
616816 
485745 
616819 
485750 
616822 
485755 
616827 
616829 
616831 
616833 
485764 
616836 
616838 
485768 
616840 
616842 
485772 
616845 
485776 
616848 
616851 
616854 
485783 
616859 
485788 
616861 
616863 
485793 
616865 
616868 
485798 
616870 
616872 
616874 
616877 
485807 
616880 
485811 
616883 
616886 
485815 
485819 
616891 
616893 
616895 
616897 
485826 
616900 
485830 
616902 
616904 
485834 
616906 
616909 
485838 
616912 
616915 
485845 
616918 
485850 
616923 
616925 
485855 
616927 
616929 
485860 
616932 
616934 
616936 
616938 
485869 
616941 
616944 
485873 
616947 
485877 
616950 
485881 
616955 
616957 
616959 
485888 
616961 
485892 
616964 
616966 
485896 
616968 
616970 
485900 
616973 
616976 
485907 
616979 
616982 
485912 
616987 
485917 
616989 
616991 
616993 
485922 
616996 
616998 
617000 
617002 
485931 
617005 
485935 
617008 
485939 
617011 
617014 
485943 
617019 
617021 
485950 
617023 
617025 
485954 
617028 
485958 
617030 
617032 
485962 
617034 
617037 
617040 
485969 
617043 
485974 
617046 
485979 
617051 
617053 
617055 
485984 
617057 
617060 
617062 
617064 
485993 
617066 
485997 
617069 
617072 
486001 
617075 
486005 
617078 
617083 
486012 
617085 
617087 
486016 
617089 
486020 
617092 
617094 
486024 
617096 
617098 
617101 
486031 
617103 
617105 
617107 
486036 
617110 
617112 
486041 
617114 
617116 
486046 
617119 
617121 
617123 
617125 
486055 
617128 
486059 
617131 
617134 
486063 
617137 
486067 
617142 
617144 
486074 
617146 
617148 
486078 
617151 
617153 
486082 
617155 
617157 
486086 
617160 
617163 
617166 
486097 
617169 
617174 
617176 
486105 
617178 
617180 
486110 
617183 
617185 
486115 
617187 
617189 
486120 
617192 
617195 
617198 
486129 
617201 
486133 
617206 
617208 
486137 
617210 
617212 
486141 
617215 
617217 
617219 
486148 
617221 
617224 
486153 
617227 
486158 
617230 
617233 
486163 
617238 
617240 
617242 
486172 
617244 
617247 
486176 
617249 
617251 
486180 
617253 
486184 
617256 
617259 
617262 
486191 
617265 
486196 
617270 
617272 
486201 
617274 
617276 
486206 
617279 
617281 
617283 
617285 
486215 
617288 
486219 
617291 
617294 
486223 
617297 
486227 
617302 
617304 
486234 
617306 
617308 
486239 
617311 
617313 
617315 
486244 
617317 
617320 
486249 
617323 
617326 
617329 
486258 
486262 
617334 
617336 
486266 
617338 
617340 
486270 
617343 
617345 
617347 
486277 
617349 
617352 
486282 
617355 
617358 
486287 
617361 
486292 
617366 
617368 
617370 
617372 
486301 
617375 
486305 
617377 
617379 
486309 
617381 
617384 
486313 
617387 
617390 
486320 
617393 
486324 
617398 
486328 
617400 
617402 
486332 
617404 
617407 
617409 
486339 
617411 
617413 
486344 
617416 
617419 
486349 
617422 
617425 
486354 
617430 
617432 
617434 
486363 
617436 
486366 
617439 
486369 
617441 
617443 
486372 
617445 
617448 
486377 
617451 
486382 
617454 
617457 
486387 
617462 
486392 
617464 
617466 
617468 
617471 
486401 
617473 
617475 
486404 
617477 
486407 
617480 
486410 
617483 
617486 
486415 
617489 
486419 
617494 
486423 
617496 
617498 
486427 
617500 
617503 
617505 
486434 
617507 
486436 
617509 
486438 
486440 
617512 
486443 
617515 
617518 
486448 
617521 
486453 
617526 
617528 
486458 
617530 
617532 
617535 
617537 
486467 
617539 
617541 
486471 
617544 
486475 
617547 
617550 
486479 
617553 
486486 
617558 
617560 
486489 
617562 
486492 
617564 
486495 
617567 
617569 
617571 
486500 
617573 
486503 
617576 
486506 
617579 
486509 
617582 
617585 
486514 
486518 
617590 
617592 
486522 
617594 
617596 
486526 
617599 
617601 
617603 
486533 
617605 
486535 
617608 
486537 
486539 
617611 
486542 
617614 
617617 
486547 
617622 
486552 
617624 
617626 
617628 
486557 
617631 
617633 
617635 
617637 
486566 
617640 
486570 
617643 
486574 
617646 
617649 
486578 
617654 
617656 
486585 
617658 
486588 
617660 
486591 
617663 
617665 
486594 
617667 
617669 
486599 
617672 
486602 
617675 
486605 
617678 
486608 
617681 
486613 
617686 
617688 
486617 
617690 
617692 
486621 
617695 
486625 
617697 
617699 
617701 
486632 
617704 
486634 
617707 
486636 
486638 
617710 
486641 
617713 
486646 
617718 
617720 
617722 
486651 
617724 
617727 
486656 
617729 
617731 
617733 
617736 
486665 
617739 
486669 
617742 
486673 
617745 
486677 
617750 
617752 
617754 
486684 
617756 
486687 
617759 
617761 
486690 
617763 
486693 
617765 
617768 
486698 
617771 
486701 
617774 
486704 
617777 
486707 
617782 
486712 
617784 
617786 
486716 
617788 
617791 
486720 
617793 
617795 
486724 
617797 
617800 
486731 
617803 
486733 
617806 
486735 
486737 
617809 
486740 
617814 
617816 
486745 
617818 
617820 
486750 
617823 
617825 
486755 
617827 
617829 
617832 
617834 
486764 
617836 
617838 
486768 
617841 
617843 
486772 
617845 
617847 
486776 
617850 
617852 
617854 
486783 
617856 
486787 
617859 
617862 
486791 
617865 
486795 
617868 
617873 
486802 
617875 
617877 
486806 
617879 
486810 
617882 
617884 
486814 
617886 
617888 
617891 
486821 
617894 
486825 
617897 
617900 
486829 
486833 
617905 
617907 
617909 
617911 
486840 
617914 
486843 
617916 
486846 
617918 
617920 
486849 
617923 
486854 
617926 
617929 
486859 
617932 
486863 
617937 
617939 
617941 
486870 
617943 
617946 
486875 
617948 
617950 
617952 
617955 
617958 
486888 
617961 
617964 
486895 
617969 
617971 
617973 
617975 
486906 
617978 
617980 
617982 
486912 
617984 
617987 
617990 
486921 
617993 
617996 
486929 
618001 
618003 
618005 
486935 
618007 
618010 
618012 
486941 
618014 
618016 
486947 
618019 
618022 
618025 
618028 
486958 
618033 
486962 
618035 
618037 
486966 
618039 
486970 
618042 
618044 
618046 
618048 
486977 
618051 
486980 
618054 
486983 
618057 
486986 
618060 
486991 
618065 
486994 
618067 
486997 
618069 
618071 
487000 
618074 
618076 
487005 
618078 
618080 
618083 
487012 
618086 
618089 
487018 
618092 
618097 
618099 
487029 
618101 
618103 
618106 
618108 
487037 
618110 
618112 
618115 
618118 
487048 
618121 
487052 
618124 
487055 
618129 
618131 
487060 
618133 
618135 
618138 
487068 
618140 
618142 
487071 
618144 
487074 
618147 
487077 
618150 
618153 
487082 
618156 
487087 
618161 
618163 
487092 
618165 
618167 
487097 
618170 
618172 
618174 
618176 
487106 
618179 
487108 
487110 
618182 
487112 
618185 
487115 
618188 
487117 
487119 
487121 
618193 
618195 
487124 
618197 
618199 
487129 
618202 
618204 
487134 
618206 
618208 
487139 
618211 
618214 
618217 
487148 
618220 
487151 
618225 
487154 
618227 
487157 
618229 
618231 
487162 
618234 
487164 
618236 
487166 
618238 
487168 
618240 
487171 
618243 
487173 
618246 
487175 
487177 
618249 
487180 
618252 
487184 
618257 
618259 
487188 
618261 
618263 
487192 
618266 
618268 
618270 
487199 
618272 
487203 
618275 
618278 
487207 
618281 
487211 
618284 
618289 
487218 
487219 
618291 
487220 
487221 
618293 
487222 
618295 
487225 
618298 
487228 
618300 
618302 
487231 
618304 
618307 
487236 
618310 
487240 
618313 
487244 
618316 
487248 
618321 
618323 
618325 
487255 
618327 
618330 
487259 
618332 
618334 
487263 
618336 
487267 
618339 
618342 
618345 
487274 
618348 
487277 
487280 
618353 
487283 
618355 
618357 
618359 
487288 
487289 
487290 
618362 
487291 
487292 
618364 
618366 
487295 
618368 
487298 
618371 
487301 
618374 
618377 
487306 
618380 
487311 
618385 
618387 
487316 
618389 
618391 
487321 
618394 
618396 
618398 
618400 
487330 
618403 
487332 
487334 
618406 
487336 
618409 
487339 
618412 
487341 
487343 
487345 
618417 
618419 
487348 
618421 
618423 
487353 
618426 
618428 
487358 
618430 
618432 
487363 
618435 
618438 
618441 
487372 
618444 
487375 
618449 
487378 
618451 
487381 
618453 
618455 
487386 
618458 
487388 
618460 
487390 
618462 
487392 
618464 
487395 
618467 
487397 
618470 
487399 
487401 
618473 
487404 
618476 
487408 
618481 
618483 
487412 
618485 
618487 
487416 
618490 
618492 
618494 
487423 
618496 
487427 
618499 
618502 
487431 
618505 
487435 
618508 
618513 
487442 
487443 
618515 
487444 
487445 
618517 
487446 
618519 
487449 
618522 
487452 
618524 
618526 
487455 
618528 
618531 
487460 
618534 
487464 
618537 
487468 
618540 
487472 
618545 
618547 
618549 
487479 
618551 
618554 
487483 
618556 
618558 
487487 
618560 
487491 
618563 
618565 
618567 
618569 
487498 
618572 
487501 
618574 
487504 
618576 
618578 
487507 
618581 
618583 
487512 
487513 
618585 
487514 
487515 
618587 
487516 
618590 
487519 
618592 
487522 
618594 
618596 
487525 
618599 
618601 
487530 
618603 
618605 
487535 
618608 
618610 
487540 
618612 
618614 
487545 
618617 
618619 
618621 
618623 
487554 
618626 
487556 
618628 
487558 
618630 
487560 
618632 
487563 
618635 
487565 
618637 
487567 
618639 
487569 
618641 
487572 
618644 
618646 
618648 
487577 
618650 
618653 
487582 
618655 
618657 
487587 
618659 
618662 
618664 
618666 
487596 
618668 
487599 
618671 
618673 
487602 
618675 
487605 
618677 
618680 
487610 
618682 
487612 
618684 
487614 
618686 
487616 
618689 
487619 
618691 
487621 
618693 
487623 
618695 
487625 
618698 
487628 
618700 
618702 
487632 
618704 
618707 
487636 
618709 
618711 
487640 
618713 
618716 
618718 
487647 
618720 
618722 
487651 
618725 
487655 
618727 
618729 
487659 
618731 
618734 
618736 
487666 
618738 
487667 
487668 
618740 
487669 
487670 
618743 
487673 
618745 
618747 
487676 
618749 
487679 
618752 
618754 
487684 
618756 
618758 
487688 
618761 
618763 
487692 
618765 
618767 
487696 
618770 
618772 
618774 
487703 
618776 
487707 
618779 
618781 
487711 
618783 
618785 
487715 
618788 
618790 
618792 
487722 
618794 
487725 
618797 
618799 
487728 
618801 
487731 
618803 
618806 
487736 
618808 
487737 
487738 
618810 
487739 
487740 
618812 
487743 
618815 
618817 
487746 
618819 
487749 
618821 
618824 
487754 
618826 
618828 
618830 
487759 
618833 
618835 
487764 
618837 
618839 
487769 
618842 
618844 
618846 
618848 
487778 
618851 
487780 
618853 
487782 
618855 
487784 
618857 
487787 
618860 
487789 
618862 
487791 
618864 
487793 
618866 
487796 
618869 
618871 
487801 
618873 
618875 
487806 
618878 
618881 
487811 
618884 
618887 
487820 
618892 
618894 
618896 
487825 
618898 
618901 
487830 
618903 
618905 
487835 
618907 
618910 
618912 
618914 
487844 
618916 
618919 
487848 
618921 
618923 
487852 
618925 
487856 
618928 
618930 
618932 
618934 
487863 
618937 
487867 
618940 
487871 
618943 
618946 
487875 
618951 
618953 
487882 
618955 
487885 
618957 
487888 
618960 
618962 
487891 
618964 
618966 
487896 
618969 
618971 
618973 
487902 
618975 
618978 
487908 
618980 
618982 
618984 
487914 
618987 
618989 
618991 
618993 
618996 
487925 
618998 
619000 
487929 
619002 
487933 
619005 
619007 
487937 
619009 
619011 
619014 
487944 
619016 
619018 
487947 
619020 
487950 
619023 
487953 
619025 
619027 
619029 
487958 
487959 
487960 
619032 
487961 
487962 
619034 
619036 
487966 
619038 
619041 
487970 
619043 
619045 
487974 
619047 
619050 
619052 
487981 
619054 
619056 
487985 
619059 
487988 
619061 
619063 
487993 
619065 
619068 
487997 
619070 
619072 
488001 
619074 
488005 
619077 
619079 
619081 
619083 
488012 
619086 
488016 
619088 
619090 
488020 
619092 
619095 
488024 
619097 
619099 
619101 
488031 
619104 
619106 
488036 
619108 
619110 
488041 
619113 
619115 
619117 
488046 
619119 
619122 
619124 
619126 
488055 
619128 
619131 
619133 
488063 
619135 
619137 
619140 
619142 
488072 
619144 
619146 
488077 
619149 
619151 
619153 
619155 
488084 
619158 
619160 
619162 
488091 
619164 
619167 
488096 
619169 
619171 
619173 
619176 
488105 
619178 
619180 
488109 
619182 
488113 
619185 
619187 
488117 
619189 
619191 
619194 
619195 
488124 
619196 
619197 
619198 
619200 
488130 
619202 
619204 
619207 
488136 
619209 
619211 
619213 
488142 
619216 
619219 
619222 
488153 
619225 
488157 
619230 
619232 
488161 
619234 
619236 
488165 
619239 
619241 
619243 
488172 
619245 
488176 
619248 
619251 
488180 
619254 
488184 
619257 
619262 
488191 
619264 
619266 
488196 
619268 
619271 
488201 
619273 
619275 
619277 
488206 
619280 
619283 
619286 
488215 
619289 
488219 
619294 
488223 
619296 
619298 
488227 
619300 
619303 
619305 
488234 
619307 
488237 
619309 
488240 
619312 
488243 
619315 
619318 
488248 
619321 
488252 
619326 
488256 
619329 
619331 
488260 
619334 
619336 
619338 
488267 
619340 
488271 
619343 
619346 
488275 
619349 
488279 
619352 
619357 
488286 
619360 
488289 
619363 
488292 
619365 
488295 
619367 
619370 
488300 
619372 
619374 
488304 
619377 
488308 
619380 
619382 
488312 
619385 
619388 
619390 
488319 
619393 
488322 
619396 
488325 
619399 
488328 
619402 
488333 
619407 
619409 
488338 
619411 
619413 
488342 
619416 
619418 
619420 
488349 
619422 
619425 
488354 
619428 
619431 
488361 
619434 
488365 
619439 
488369 
619442 
488373 
619445 
619448 
488380 
619453 
619455 
488385 
619457 
619459 
488390 
619462 
619465 
488395 
619468 
619471 
488404 
619476 
619478 
488407 
619480 
488410 
619482 
488413 
619485 
619487 
619489 
488418 
619491 
619494 
488423 
619497 
488428 
619500 
619503 
488433 
619508 
619511 
488442 
619514 
619517 
488446 
488450 
619522 
619524 
488454 
619526 
619528 
619531 
488461 
619534 
619537 
488467 
619540 
488473 
619545 
619547 
619549 
488479 
619551 
619554 
619556 
619558 
619560 
488490 
619563 
488494 
619566 
619569 
488498 
619572 
488502 
619577 
619579 
488509 
619581 
619583 
488514 
619586 
619588 
619590 
488519 
619592 
619595 
488524 
619598 
619601 
619604 
488533 
619609 
488538 
619611 
619613 
488543 
619615 
619618 
488548 
619620 
619622 
619624 
619627 
488557 
619629 
619631 
488561 
619633 
619636 
488565 
619638 
619640 
488569 
619642 
619645 
619647 
488576 
619649 
488579 
619651 
488582 
619654 
488585 
619657 
619660 
488590 
619663 
488595 
488599 
619673 
619676 
488606 
619679 
488611 
619685 
619689 
488618 
619692 
488622 
619695 
488625 
619698 
619703 
488632 
619705 
619707 
488637 
619709 
619712 
488642 
619714 
619716 
619718 
488647 
619721 
619723 
488652 
619725 
619727 
619730 
619732 
488661 
619734 
619736 
488666 
619739 
619742 
488671 
619745 
488676 
619748 
619753 
619755 
488685 
619757 
619759 
488690 
619762 
619764 
619766 
488695 
619768 
619771 
488700 
619773 
619775 
619777 
619780 
488709 
619782 
619784 
488713 
619786 
488717 
619789 
619791 
488721 
619793 
619795 
619798 
488728 
619801 
619804 
488733 
619807 
488738 
619812 
619814 
488743 
619816 
619818 
619821 
619823 
488752 
619825 
488755 
619827 
488758 
619830 
488761 
619833 
619836 
488766 
619839 
488772 
619844 
619846 
619848 
488778 
619850 
619853 
619855 
488784 
619857 
619859 
619862 
619865 
488795 
619868 
488799 
619871 
488803 
619876 
619878 
488807 
619880 
619882 
619885 
488814 
619887 
619889 
488818 
619891 
488822 
619894 
619897 
488826 
619900 
619903 
488833 
619908 
488837 
619910 
619912 
488841 
619914 
488845 
619917 
619919 
619921 
619923 
488852 
619926 
488856 
619929 
488860 
619932 
619935 
488864 
619940 
619942 
488871 
619944 
619946 
488877 
619949 
619951 
619953 
488883 
619955 
619958 
488889 
619961 
619964 
619967 
488900 
619972 
619974 
619976 
488905 
619978 
619981 
488910 
619983 
619985 
488915 
619987 
619990 
619993 
488924 
619996 
619999 
488930 
620004 
620006 
488936 
620008 
620010 
620013 
488942 
620015 
620017 
620019 
620022 
488953 
620025 
620028 
488957 
620031 
488961 
620036 
488965 
620038 
620040 
620042 
488972 
620045 
620047 
488976 
620049 
620051 
488980 
620054 
488984 
620057 
620060 
488991 
620063 
488995 
620068 
620070 
488999 
620072 
620074 
489003 
620077 
620079 
620081 
489010 
620083 
489014 
620086 
620089 
489018 
620092 
489022 
620095 
620100 
489029 
620102 
620104 
489033 
620106 
489037 
620109 
620111 
489041 
620113 
620115 
620118 
489048 
620121 
489052 
620124 
620127 
489056 
489060 
620132 
620134 
620136 
620138 
489067 
620141 
489071 
620143 
620145 
489075 
620147 
620150 
489079 
620153 
620156 
489086 
620159 
620164 
620166 
620168 
620170 
489099 
620173 
620175 
489105 
620177 
620179 
489110 
620182 
620185 
620188 
489119 
620191 
489124 
620196 
620198 
620200 
489129 
620202 
620205 
489134 
620207 
620209 
620211 
620214 
489143 
620217 
489147 
620220 
489151 
620223 
620228 
489158 
620230 
620232 
489162 
620234 
620237 
489166 
620239 
620241 
489170 
620243 
620246 
489177 
620249 
620252 
620255 
620260 
489191 
620263 
620266 
489195 
620269 
489199 
620274 
489203 
620276 
620278 
620280 
489210 
620283 
620286 
489215 
620289 
489220 
620292 
489225 
620297 
620299 
620301 
620303 
489234 
620306 
620308 
489238 
620310 
620312 
489242 
620315 
620317 
489246 
620319 
620321 
620324 
489253 
620326 
620328 
489258 
620330 
620333 
489263 
620335 
620337 
620339 
489268 
620342 
620345 
620348 
489277 
620351 
489281 
620356 
489285 
620358 
620360 
620362 
489292 
620365 
620367 
620369 
489298 
620371 
620374 
489304 
620377 
620380 
620383 
489315 
620388 
620390 
489320 
620392 
620394 
489324 
620397 
620399 
620401 
489331 
620403 
620406 
620409 
620412 
489341 
620415 
489347 
620420 
620422 
620424 
489353 
620426 
620429 
489359 
620431 
620433 
620435 
620438 
620441 
489370 
620444 
489374 
620447 
489378 
620452 
489382 
620454 
620456 
620458 
489389 
620461 
620463 
620465 
620467 
620470 
489399 
620472 
620474 
489403 
620476 
620479 
620481 
489410 
620483 
620485 
489414 
620488 
620490 
620492 
489421 
620494 
620497 
489426 
620500 
489431 
620503 
620506 
489436 
620511 
620513 
620515 
489445 
620517 
620520 
489450 
620522 
620524 
620526 
489455 
620529 
489460 
620532 
620535 
620538 
489469 
620543 
489473 
620545 
620547 
489477 
620549 
620552 
489481 
620554 
620556 
620558 
489488 
620561 
620564 
489493 
620567 
489498 
620570 
489503 
620575 
620577 
620579 
620581 
489512 
620584 
620586 
620588 
620590 
489519 
620593 
489524 
620596 
620599 
620602 
489533 
620607 
620609 
620611 
620613 
489543 
620616 
620618 
489548 
620620 
620622 
489553 
620625 
620628 
489558 
620631 
620634 
489567 
620639 
620641 
620643 
489572 
620646 
620648 
489577 
620650 
620652 
489582 
620655 
620658 
620660 
489591 
620663 
620665 
489595 
620667 
620669 
489599 
620672 
620674 
489603 
620676 
620678 
620681 
489610 
620684 
489614 
620687 
489618 
620690 
489622 
620695 
620697 
620699 
489629 
620701 
620704 
489634 
620706 
620708 
620710 
489639 
620713 
489644 
620716 
620719 
620722 
489653 
620727 
620729 
489658 
620731 
620733 
489663 
620736 
620738 
489668 
620740 
620742 
620745 
620748 
489677 
620751 
489681 
620754 
489685 
620759 
489689 
620761 
620763 
620765 
489696 
620768 
620770 
620772 
489701 
620774 
620777 
489706 
620780 
489711 
620783 
620786 
620791 
489720 
620793 
620795 
620797 
489726 
620800 
620802 
489732 
620804 
620806 
620809 
489738 
620812 
620815 
620818 
489749 
620823 
489753 
620825 
620827 
489757 
620829 
620832 
489761 
620834 
620836 
620838 
489768 
620841 
620844 
489773 
620847 
489778 
620850 
489783 
620855 
620857 
620859 
620861 
489792 
620864 
620866 
489796 
620868 
620870 
489800 
620873 
489804 
620876 
620879 
620882 
489811 
489815 
620887 
620889 
489819 
620891 
620893 
489823 
620896 
620898 
620900 
489830 
620902 
620905 
489835 
620907 
620909 
620911 
489840 
620914 
620916 
489845 
620918 
620920 
620923 
620925 
489854 
620927 
620929 
489859 
620932 
620935 
489864 
620938 
489869 
620941 
620946 
489878 
620950 
489883 
620955 
620958 
489888 
620961 
620963 
489893 
620965 
620968 
620970 
620972 
489902 
620975 
620979 
489909 
620982 
489914 
620987 
620990 
620992 
489923 
620995 
620997 
620999 
489928 
621001 
621004 
489933 
621006 
621008 
489938 
621010 
621013 
621015 
621017 
489947 
621019 
621022 
489952 
621024 
621026 
621028 
489957 
621031 
489962 
621034 
621037 
621040 
489971 
621045 
489975 
621048 
489979 
621051 
621054 
489983 
621059 
621061 
489990 
621063 
621065 
489995 
621068 
621070 
490000 
621072 
621074 
490005 
621077 
621079 
621081 
621083 
490014 
621086 
621089 
490019 
621092 
621095 
490024 
621100 
490029 
621103 
621106 
621109 
490038 
490042 
621114 
621117 
490046 
621120 
490050 
621123 
621128 
490057 
621131 
490062 
621134 
621137 
490067 
621142 
490072 
621145 
621148 
621151 
490081 
621156 
490085 
621159 
490089 
621162 
490093 
621165 
621170 
490100 
621173 
621176 
490106 
621179 
490111 
621184 
621187 
621190 
490120 
621193 
490125 
621198 
621201 
490130 
621204 
490135 
621207 
621212 
621215 
490144 
621218 
490148 
621221 
490152 
621226 
490156 
621229 
621232 
490163 
621235 
490167 
621240 
621242 
490171 
621244 
621246 
490175 
621249 
621253 
490182 
621257 
490187 
621261 
490192 
621268 
490197 
621271 
621274 
621277 
490206 
490210 
621282 
621284 
490214 
621286 
621288 
490218 
621291 
621293 
621295 
490225 
621297 
621300 
490229 
621303 
490233 
621306 
490237 
621309 
621314 
490244 
621316 
621318 
621320 
490249 
621323 
621325 
490254 
621327 
621329 
490259 
621332 
621335 
621338 
490268 
621341 
621346 
490275 
621348 
621350 
621352 
490282 
621355 
621357 
621359 
490289 
621361 
621364 
621367 
621370 
621373 
490302 
490306 
621378 
621380 
490310 
621382 
621384 
490314 
621387 
621389 
621391 
490321 
621393 
621396 
490325 
621399 
490329 
621402 
490333 
621405 
621410 
490340 
621412 
621414 
490344 
621416 
621419 
490348 
621421 
621423 
490352 
621425 
621428 
621430 
490359 
621432 
621434 
490365 
621437 
621439 
621441 
490371 
621443 
621446 
621448 
490377 
621450 
621452 
621455 
621458 
490388 
621461 
621464 
490393 
621469 
490398 
621471 
621473 
490403 
621475 
621478 
621480 
621482 
490412 
621484 
621487 
621490 
490421 
621493 
621496 
490427 
621501 
621503 
621505 
621507 
490438 
621510 
621512 
621514 
490443 
621516 
621519 
490448 
621522 
490453 
621525 
621528 
621533 
490462 
621535 
621537 
621539 
490468 
621542 
621544 
490474 
621546 
621548 
621551 
490480 
621554 
621557 
621560 
490491 
621565 
490495 
621567 
621569 
490499 
621571 
621574 
490503 
621576 
621578 
621580 
490510 
621583 
621585 
490514 
621587 
621589 
490518 
621592 
490522 
621594 
621596 
621598 
490529 
621601 
621603 
621605 
490534 
621607 
621610 
490539 
621613 
490544 
621616 
621619 
621624 
490553 
621626 
621628 
490558 
621630 
621633 
490563 
621635 
621637 
621639 
490568 
621642 
621645 
621648 
490577 
621651 
490581 
621656 
490585 
621658 
621660 
490589 
621662 
621665 
621667 
490596 
621669 
621671 
490600 
621674 
490604 
621677 
490608 
621680 
621683 
490615 
621688 
621690 
621692 
490621 
621694 
490625 
621697 
621699 
621701 
621703 
490632 
621706 
490637 
621709 
621712 
621715 
490644 
621720 
490649 
621722 
621724 
490653 
621726 
621729 
621731 
490660 
621733 
621735 
490664 
621738 
490667 
621741 
490672 
621744 
490675 
621747 
490678 
621752 
490681 
621754 
621756 
490686 
621758 
621761 
490690 
621763 
621765 
490694 
621767 
490698 
621770 
621772 
621774 
621776 
490705 
621779 
490709 
621781 
621783 
490713 
621785 
621788 
490717 
621790 
621792 
621794 
490724 
621797 
490727 
621800 
490730 
621803 
490733 
621806 
490738 
621811 
621813 
490743 
621815 
621817 
490748 
621820 
621822 
621824 
490753 
621826 
621829 
621832 
490762 
621835 
621838 
490767 
621843 
490772 
621845 
621847 
490777 
621849 
621852 
621854 
621856 
490786 
621858 
621861 
490791 
621864 
621867 
490796 
621870 
490801 
621875 
621877 
621879 
621881 
490810 
621884 
621886 
490815 
621888 
621890 
490820 
621893 
621896 
490825 
621899 
621902 
490834 
621907 
621909 
490838 
621911 
621913 
490842 
621916 
490846 
621918 
621920 
621922 
490853 
621925 
621928 
490857 
621931 
490861 
621934 
490865 
621939 
621941 
621943 
490872 
621945 
621948 
490877 
621950 
621952 
490882 
621954 
621957 
490887 
621960 
621963 
621966 
490896 
621971 
490901 
621973 
621975 
621977 
490906 
621980 
621982 
490911 
621984 
621986 
621989 
490920 
621992 
621995 
490924 
621998 
490928 
622003 
490932 
622005 
622007 
622009 
490939 
622012 
622014 
490943 
622016 
622018 
490947 
622021 
490951 
622023 
622025 
622027 
490958 
622030 
622032 
490962 
622034 
622036 
490966 
622039 
622041 
490970 
622043 
622045 
622048 
490977 
622051 
490980 
622054 
490983 
622057 
490986 
622062 
490991 
622065 
490995 
622068 
490999 
622071 
491003 
622076 
622078 
622080 
491010 
622082 
622085 
491014 
622087 
622089 
491018 
622091 
491022 
622094 
622096 
622098 
622100 
491029 
622103 
491032 
622106 
491035 
622109 
491038 
622112 
491043 
622117 
491046 
622119 
491049 
622121 
622123 
491052 
622126 
622128 
491057 
622130 
622132 
491061 
622135 
491065 
622137 
622139 
491069 
622141 
622144 
622146 
491076 
622148 
491078 
622150 
491080 
622153 
491082 
622156 
491085 
622159 
491089 
622162 
491093 
622167 
491097 
622170 
622173 
491104 
622176 
491107 
622181 
491110 
622184 
491113 
622187 
491118 
622190 
622195 
491124 
622197 
622199 
491129 
622201 
622204 
622207 
491138 
622210 
491141 
622213 
491146 
622218 
622220 
622222 
491151 
622224 
622227 
491156 
622231 
491161 
622235 
622239 
491170 
491173 
622246 
491176 
622248 
622250 
491179 
622252 
622255 
491184 
622258 
491189 
622261 
622264 
491194 
622269 
491199 
622271 
622273 
622275 
622278 
491208 
622280 
622282 
491211 
622284 
491214 
622287 
491217 
622289 
622291 
622293 
491222 
622296 
622298 
491227 
622300 
622302 
491232 
622305 
491237 
622309 
622313 
622317 
491246 
491249 
491252 
622324 
491255 
622327 
622330 
491260 
622333 
491264 
622338 
491268 
622340 
622342 
491272 
622344 
622347 
622349 
491279 
622351 
622353 
491284 
622356 
622359 
491289 
622362 
622365 
491294 
622370 
622372 
622374 
491303 
622376 
491307 
622379 
622381 
491311 
622383 
622385 
491315 
622388 
622391 
491322 
622394 
622397 
491326 
491330 
622402 
622404 
491334 
622406 
622408 
622411 
491341 
622413 
622415 
491345 
622417 
622420 
491349 
622423 
491353 
622426 
622429 
491360 
622434 
491364 
622436 
622438 
491368 
622440 
622443 
491372 
622445 
622447 
622449 
491379 
622452 
491383 
622455 
622458 
491387 
622461 
491391 
622466 
622468 
491398 
622470 
622472 
491402 
622475 
622477 
491406 
622479 
622481 
491410 
622484 
622486 
622488 
491417 
622490 
491420 
622493 
491423 
622495 
622497 
491426 
622499 
622502 
491431 
622504 
622506 
491435 
622508 
491439 
622511 
622514 
491443 
622517 
622520 
491450 
622525 
491454 
622527 
622529 
491458 
622531 
491462 
622534 
622536 
622538 
622540 
491469 
622543 
491472 
622546 
491475 
622549 
491478 
622552 
491483 
622557 
491486 
622559 
491489 
622561 
622563 
491492 
622566 
622568 
491497 
622570 
622572 
491503 
622575 
622578 
491508 
622581 
622584 
491517 
622589 
622591 
491520 
622593 
491523 
622595 
491526 
622598 
622600 
622602 
491531 
622604 
622607 
491537 
622610 
622613 
622616 
491546 
622621 
622623 
491552 
622625 
622627 
491557 
622630 
622632 
622634 
622636 
491566 
622639 
622641 
491570 
622643 
622645 
491575 
622648 
622650 
491579 
622652 
622654 
491583 
622657 
491587 
622659 
622661 
622663 
491594 
622666 
622669 
491598 
622672 
491602 
622675 
491606 
622680 
622682 
622684 
491613 
622686 
491617 
622689 
622691 
491621 
622693 
622695 
491625 
622698 
622701 
491632 
622704 
622707 
491636 
491640 
622712 
622714 
491644 
622716 
622718 
622721 
491651 
622723 
622725 
491654 
622727 
491657 
622730 
491660 
622733 
622736 
491665 
622739 
491668 
491671 
622744 
491674 
622746 
622748 
622750 
491679 
622753 
622755 
491685 
622757 
622759 
491689 
622762 
622765 
491696 
622768 
491699 
622771 
491702 
622776 
491705 
622778 
622780 
491710 
622782 
622785 
491715 
622787 
622789 
491719 
622791 
622794 
622797 
491726 
622800 
491729 
622803 
491732 
491735 
622808 
622810 
491740 
622812 
622814 
622817 
491746 
622819 
622821 
622823 
491752 
622826 
622828 
491758 
622830 
622832 
622835 
622837 
622839 
491769 
622841 
622844 
491774 
622846 
622848 
622850 
491779 
622853 
491784 
622856 
622859 
622862 
491793 
622867 
622869 
491798 
622871 
622873 
491803 
622876 
622878 
491808 
622880 
622882 
622885 
622888 
491817 
622891 
491821 
622894 
491825 
622899 
491829 
622901 
622903 
622905 
491836 
622908 
622910 
491840 
622912 
622914 
491844 
622917 
491848 
622920 
622923 
622926 
491855 
491859 
622931 
622933 
491863 
622935 
622937 
491867 
622940 
622942 
622944 
491874 
622946 
622949 
491879 
622952 
622955 
491884 
622958 
491889 
622963 
622965 
622967 
622969 
491898 
622972 
622974 
491903 
622976 
622978 
491908 
622981 
622984 
491913 
622987 
622990 
491922 
622995 
622997 
491926 
622999 
623001 
491930 
623004 
491934 
623006 
623008 
623010 
491941 
623013 
623016 
491947 
623019 
623022 
491953 
623027 
623029 
491959 
623031 
623033 
623036 
623038 
623040 
491970 
623042 
623045 
491976 
623048 
623051 
491982 
623054 
623059 
491988 
623061 
623063 
623065 
623068 
623070 
491999 
623072 
623074 
492003 
623077 
492007 
623079 
623081 
492011 
623083 
623086 
623088 
492018 
623090 
623092 
492022 
623095 
623097 
492026 
623099 
623101 
492030 
623104 
623107 
492037 
623110 
492041 
623113 
492045 
623118 
492049 
623121 
623124 
623127 
492056 
492058 
492060 
623132 
492062 
623134 
623136 
492065 
623138 
492067 
492069 
623141 
492071 
623143 
623145 
492074 
623147 
492078 
623150 
623152 
492082 
623154 
623156 
492086 
623159 
623162 
492093 
623165 
492096 
623168 
492099 
623173 
492102 
623175 
623177 
492107 
623179 
492110 
623182 
623184 
492113 
623186 
623188 
492118 
623191 
623193 
492122 
623195 
623197 
492127 
623200 
623203 
492134 
623206 
623209 
492139 
623214 
623216 
623218 
492147 
623220 
623223 
623225 
492154 
623227 
623229 
492159 
623232 
623234 
623236 
623238 
492168 
623241 
623243 
623245 
623247 
492176 
623250 
623252 
623254 
623256 
623259 
623261 
492191 
623263 
623265 
623268 
492197 
623270 
623272 
492202 
623274 
623277 
623279 
623281 
492211 
623283 
492214 
623286 
492217 
623289 
623292 
492222 
623295 
623300 
492229 
623302 
623304 
623306 
623309 
623311 
492240 
623313 
492243 
623315 
623318 
492248 
623320 
623322 
623324 
492253 
623327 
492256 
623330 
492261 
623333 
623336 
492265 
492269 
623341 
623344 
492273 
623347 
623350 
492280 
623355 
492284 
623358 
492288 
623361 
492292 
623364 
623369 
492299 
623371 
623373 
492303 
623375 
492306 
623378 
623381 
492311 
623384 
492314 
623387 
492317 
623392 
492322 
623394 
623396 
492326 
623398 
623401 
492330 
623405 
492334 
623409 
492341 
623413 
492347 
623420 
623422 
492351 
623424 
623426 
623429 
492358 
623432 
492362 
623435 
492366 
623438 
492370 
623443 
623445 
623447 
492377 
623449 
623452 
492382 
623454 
623456 
623458 
492387 
623461 
623463 
492392 
623465 
623467 
623470 
623472 
492401 
623474 
623476 
492407 
623479 
623481 
623483 
492413 
623485 
623488 
492419 
623491 
623494 
623497 
492430 
623502 
492432 
623504 
492434 
623506 
492436 
623508 
492439 
623511 
623513 
492442 
623515 
492445 
623517 
492448 
623520 
623522 
623524 
492453 
623526 
492457 
623529 
623531 
492461 
623533 
623535 
492465 
623538 
623540 
623542 
492472 
623544 
492475 
623547 
492478 
623550 
492481 
623553 
623556 
492486 
492489 
623561 
623563 
492492 
623565 
492495 
623567 
623570 
492500 
623572 
623574 
492504 
623576 
623579 
492508 
623581 
623583 
492512 
623585 
623588 
623590 
492519 
623592 
623594 
492523 
623597 
492527 
623599 
623601 
492531 
623603 
623606 
623609 
492538 
623612 
492541 
623615 
492544 
492547 
623620 
623622 
492552 
623624 
623626 
492556 
623629 
623631 
492560 
623633 
623635 
492564 
623638 
623641 
492571 
623644 
492574 
623647 
492577 
492580 
623652 
623654 
623656 
492585 
623658 
623661 
492590 
623663 
623665 
492595 
623667 
623670 
492600 
623673 
623676 
623679 
492609 
623684 
623686 
492615 
623688 
623690 
492621 
623693 
623695 
623697 
492627 
623699 
623702 
623705 
623708 
492638 
623711 
492640 
492642 
492644 
623716 
623718 
492647 
623720 
492650 
623722 
492653 
623725 
623727 
492656 
623729 
623731 
492661 
623734 
492665 
623737 
623740 
492669 
623743 
492673 
623748 
623750 
492680 
623752 
623754 
492684 
623757 
623759 
492688 
623761 
623763 
492692 
623766 
623769 
492699 
623772 
492702 
623775 
492705 
492708 
623780 
623782 
623784 
492713 
623786 
492716 
623789 
492719 
623791 
623793 
492722 
623795 
623798 
492727 
623801 
492731 
623804 
492735 
623807 
492739 
623812 
623814 
623816 
492746 
623818 
623821 
492750 
623823 
623825 
492754 
623827 
492758 
623830 
623833 
623836 
492765 
623839 
492769 
623844 
492773 
623846 
623848 
492777 
623850 
623853 
623855 
492784 
623857 
623859 
492790 
623862 
623865 
492796 
623868 
623871 
492802 
623876 
623878 
623880 
623882 
492813 
623885 
492815 
623887 
492817 
623889 
492819 
623891 
492822 
623894 
492825 
623897 
492828 
623900 
492831 
623903 
492836 
623908 
623910 
492840 
623912 
623914 
492844 
623917 
623919 
492848 
623921 
623923 
623926 
492855 
623929 
492858 
623932 
492861 
623935 
492864 
623940 
492869 
623942 
623944 
492873 
623946 
492877 
623949 
623951 
492881 
623953 
623955 
623958 
492888 
623961 
492892 
623964 
623967 
492896 
492900 
623972 
623974 
623976 
623978 
492907 
623981 
492911 
623983 
623985 
492915 
623987 
623990 
492919 
623993 
623996 
492926 
623999 
492930 
624004 
492934 
624006 
624008 
492938 
624010 
624013 
624015 
492945 
624017 
624019 
492949 
624022 
624024 
492953 
624026 
624028 
492957 
624031 
624033 
624035 
492964 
624037 
624040 
492969 
624042 
624044 
492974 
624046 
624049 
492979 
624052 
624055 
624058 
492988 
624063 
624065 
492994 
624067 
624069 
493000 
624072 
624074 
624076 
493006 
624078 
624081 
624083 
624085 
624087 
493017 
624090 
493019 
624092 
493021 
624094 
493023 
624096 
493026 
624099 
493029 
624101 
624103 
493032 
624105 
493035 
624108 
624110 
493040 
624112 
624114 
493044 
624117 
624119 
493048 
624121 
624123 
493052 
624126 
624128 
624130 
493059 
624132 
493063 
624135 
624136 
624137 
624138 
493067 
624139 
624141 
493071 
624143 
624145 
624148 
493078 
624152 
493081 
493084 
624156 
493087 
624160 
493092 
493095 
624167 
493098 
624170 
493101 
624173 
624176 
493106 
624181 
493110 
624183 
624185 
493114 
624187 
493118 
624190 
624192 
624194 
624196 
493125 
624199 
493129 
624202 
493133 
624205 
624208 
493137 
624213 
624215 
493144 
624217 
624219 
493148 
624222 
493152 
624224 
624226 
493156 
624228 
624231 
624234 
493163 
624237 
493168 
624240 
493173 
624245 
624247 
624249 
493178 
624251 
624254 
624256 
624258 
493187 
624260 
624263 
493193 
624266 
624269 
493199 
624272 
493205 
624277 
624279 
624281 
624283 
624286 
493216 
624288 
493218 
624290 
493220 
624292 
493222 
624295 
493225 
624298 
493228 
624301 
493231 
624304 
493234 
624309 
493239 
624311 
624313 
493243 
624315 
624318 
493247 
624320 
624322 
493251 
624324 
624327 
624329 
493258 
624331 
493261 
624333 
493264 
624336 
624338 
493267 
624340 
624342 
493272 
624345 
493275 
624347 
624349 
493278 
624351 
493281 
624354 
624357 
493286 
624360 
493290 
624363 
493294 
624368 
493298 
624370 
624372 
624374 
493305 
624377 
624379 
624381 
493311 
624383 
624386 
493315 
624389 
624392 
493322 
624395 
493325 
493328 
624400 
624402 
493331 
624404 
624406 
493336 
624409 
624411 
493340 
624413 
624415 
493344 
624418 
493348 
624421 
624424 
493355 
624427 
493358 
624432 
493361 
624434 
493364 
624436 
624438 
493369 
624441 
624443 
624445 
493375 
624447 
624450 
493380 
624453 
624456 
624459 
493389 
624464 
624466 
493396 
624468 
624470 
624473 
493402 
624475 
624477 
624479 
624482 
624484 
493413 
624486 
493416 
624488 
493418 
624491 
493421 
624493 
624495 
493424 
624497 
624500 
493429 
624502 
493432 
624504 
624506 
493437 
624509 
624512 
493442 
624515 
493445 
624518 
493448 
493451 
624523 
624525 
624527 
493456 
624529 
493460 
624532 
624534 
493464 
624536 
624538 
624541 
493471 
624544 
624547 
624550 
493479 
624555 
493484 
624557 
624559 
624561 
624564 
624566 
493495 
624568 
493498 
624570 
624573 
493503 
624576 
624579 
624582 
493511 
624587 
493517 
624589 
624591 
624593 
493522 
624596 
624598 
493527 
624600 
624602 
493532 
624605 
624608 
624611 
493541 
624614 
493545 
624619 
493549 
624621 
624623 
493553 
624625 
624628 
624630 
493560 
624632 
624634 
493564 
624637 
493568 
624640 
624643 
493572 
624646 
493579 
624651 
624653 
493583 
624655 
624657 
493587 
624660 
624662 
493591 
624664 
624666 
624669 
493598 
624671 
493600 
624673 
493602 
624675 
493604 
624678 
493607 
624680 
624682 
493612 
624684 
624687 
493617 
624689 
624691 
624693 
493622 
624696 
624699 
624702 
493631 
624705 
493634 
493637 
624710 
493640 
624712 
624714 
624716 
493645 
624719 
493649 
624721 
624723 
493653 
624725 
624728 
493657 
624731 
624734 
493664 
624737 
493667 
493669 
624742 
493672 
624744 
624746 
493676 
624748 
624751 
493680 
624753 
624755 
493684 
624757 
624760 
493691 
624763 
493694 
624766 
493697 
624769 
493700 
624774 
624776 
493705 
624778 
493708 
624780 
493711 
624783 
624785 
493714 
624787 
624789 
493719 
624792 
493722 
624795 
493725 
624798 
493728 
624801 
493733 
624806 
493736 
624808 
624810 
493739 
624812 
493742 
624815 
624817 
493747 
624819 
624821 
493750 
624824 
493753 
624827 
493756 
624830 
493761 
624833 
493765 
624838 
624840 
493769 
624842 
624844 
493773 
624847 
624849 
624851 
493780 
624853 
493782 
493784 
624856 
493786 
624859 
493789 
624862 
493792 
624865 
493795 
493798 
624870 
624872 
624874 
493803 
624876 
493806 
624879 
493809 
624881 
624883 
493812 
624885 
624888 
493817 
624891 
624894 
493823 
624897 
493830 
624902 
624904 
493834 
624906 
624908 
493839 
624911 
624913 
624915 
493844 
624917 
493848 
624920 
624923 
624926 
493855 
624929 
493860 
624934 
624936 
493865 
624938 
624940 
493870 
624943 
624946 
624949 
493879 
624952 
493883 
624957 
493887 
624959 
624961 
493891 
624963 
624966 
624968 
493898 
624970 
624972 
493901 
624975 
493904 
624978 
493907 
624981 
493912 
624984 
493914 
493916 
624989 
493918 
624991 
493921 
624993 
624995 
493924 
624998 
493927 
625000 
493930 
625002 
625004 
493935 
625007 
625009 
625011 
493940 
625013 
625016 
493945 
625018 
625020 
493950 
625022 
625025 
625027 
625029 
493959 
625031 
625034 
493963 
625037 
493967 
625040 
493971 
625043 
625048 
493978 
625051 
493982 
625054 
625057 
493986 
493990 
625062 
625064 
625066 
625068 
493997 
625071 
494000 
625073 
494003 
625075 
625077 
494006 
625080 
625082 
494011 
625084 
625086 
494015 
625089 
494019 
625092 
494023 
625095 
625098 
494030 
625103 
494032 
625105 
494034 
625107 
494036 
625109 
494039 
625112 
494042 
625114 
625116 
494045 
625118 
494048 
625121 
625123 
494053 
625125 
625127 
494057 
625130 
625132 
494061 
625134 
625136 
494065 
625139 
625142 
494072 
625145 
494076 
625148 
494080 
625153 
494084 
625156 
625159 
625162 
494091 
494094 
625167 
494097 
625170 
494100 
625173 
625176 
494105 
494108 
625181 
494111 
625183 
625185 
494114 
625187 
625190 
494119 
625193 
494122 
625196 
494125 
625199 
494128 
625204 
494133 
625206 
494136 
625208 
625210 
494139 
625213 
494142 
625217 
494147 
625221 
494150 
494153 
625225 
494156 
625232 
494161 
625234 
494164 
625236 
625238 
494167 
625241 
494170 
625244 
494175 
625247 
494178 
625250 
494181 
625255 
494184 
625257 
625259 
494189 
625261 
625264 
494193 
625266 
625268 
494197 
625270 
494201 
625273 
625275 
625277 
625279 
494208 
494210 
625282 
494212 
625284 
494214 
625286 
625288 
494217 
625291 
494220 
494223 
625295 
494226 
625299 
494231 
625303 
494234 
494237 
625310 
494240 
625313 
625316 
494245 
494247 
625319 
494249 
494251 
625324 
494254 
625326 
625328 
494257 
625330 
494260 
625333 
494263 
625335 
625337 
625339 
494268 
625342 
494272 
625345 
494276 
625348 
625351 
494280 
625356 
625358 
494287 
625360 
494289 
625362 
494291 
494293 
625365 
625367 
494296 
625369 
625371 
494300 
625374 
494304 
625377 
494308 
625380 
625383 
494315 
625388 
494318 
625390 
625392 
494321 
625394 
494324 
625397 
625399 
494329 
625401 
625403 
494332 
625406 
494335 
625409 
494338 
625412 
494343 
625415 
494346 
625420 
494349 
625422 
494352 
625424 
625426 
494357 
625429 
625431 
494360 
625433 
494363 
625435 
494366 
625438 
625441 
494371 
625444 
494375 
625447 
494380 
625452 
625454 
625456 
494385 
625458 
494389 
625461 
625463 
625465 
625467 
494396 
494398 
625470 
494400 
625472 
494402 
625474 
625476 
494405 
625479 
494408 
625481 
494411 
625483 
625485 
494414 
625488 
625490 
494419 
625492 
494422 
625494 
494425 
625497 
494428 
625500 
625503 
494433 
625506 
494437 
625511 
494441 
625513 
625515 
494445 
625517 
625520 
625522 
494452 
625524 
625526 
494455 
625529 
494458 
625532 
494461 
625535 
494466 
625538 
494471 
625543 
625545 
625547 
494476 
625549 
625552 
494481 
625554 
625556 
625558 
625561 
494490 
625564 
494494 
625567 
494498 
625570 
494502 
625575 
625577 
625579 
494509 
625581 
494511 
625584 
494513 
625586 
494515 
625588 
494518 
625590 
625593 
494522 
625596 
494525 
625599 
494530 
625602 
494535 
625607 
625609 
625611 
494540 
625613 
625616 
494545 
625618 
625620 
625622 
625625 
494554 
625627 
625629 
494558 
625631 
494562 
625634 
625636 
494566 
625638 
625640 
625643 
494573 
625645 
625647 
494577 
625649 
625652 
494581 
625655 
494585 
625658 
625661 
494592 
625666 
494595 
625668 
494598 
625670 
625672 
494601 
625675 
625677 
494606 
625679 
625681 
494610 
625684 
494614 
625687 
494618 
625690 
625693 
494625 
625698 
494627 
625700 
494629 
625702 
494631 
625704 
494634 
625707 
494637 
625709 
625711 
494640 
625713 
494643 
625716 
625719 
494648 
625722 
494652 
625725 
494656 
625730 
494660 
625732 
625734 
625736 
494667 
625739 
625741 
494670 
625743 
494673 
625745 
494676 
625748 
625751 
494681 
625754 
494685 
625757 
494689 
625762 
625764 
494693 
625766 
625768 
625771 
494700 
625773 
494703 
625775 
625777 
494706 
625780 
494709 
625783 
494714 
625786 
494717 
625789 
494720 
625794 
494723 
625796 
625798 
494728 
625800 
494731 
625803 
625805 
494734 
625807 
494737 
625809 
625812 
494742 
625814 
494744 
625816 
494746 
625818 
494748 
625821 
494751 
625823 
625825 
494754 
625827 
494757 
625830 
494760 
625832 
625834 
625836 
494765 
625839 
494768 
625842 
494771 
625845 
494774 
625848 
494779 
625853 
494782 
625855 
494785 
625857 
625859 
494788 
625862 
625864 
494793 
625866 
494796 
625868 
494799 
625871 
494802 
625874 
625877 
494807 
625880 
494811 
625885 
494815 
625887 
625889 
494819 
625891 
625894 
625896 
494826 
625898 
494828 
625900 
494830 
625903 
494832 
625906 
494835 
625909 
494838 
625912 
494841 
494844 
625917 
625919 
494849 
625921 
625923 
494852 
625926 
494855 
625928 
494858 
625930 
625932 
494863 
625935 
494865 
625938 
494867 
494869 
625941 
625944 
494876 
625949 
494879 
625951 
625953 
625955 
625958 
625960 
494890 
625962 
625964 
625967 
494896 
625970 
625973 
494904 
625976 
494907 
625981 
494910 
625983 
494913 
625985 
625987 
494918 
625990 
625992 
494922 
625994 
625996 
494926 
625999 
626002 
494933 
626005 
626008 
494937 
494940 
626013 
626015 
494945 
626017 
626019 
494949 
626022 
626024 
494954 
626026 
626028 
494958 
626031 
494962 
626034 
626037 
494966 
626040 
494973 
626045 
626047 
494976 
626049 
494979 
626051 
494982 
626054 
626056 
626058 
494987 
626060 
494991 
626063 
626066 
494995 
626069 
494999 
626072 
626077 
495006 
626079 
626081 
495011 
626083 
626086 
495016 
626088 
626090 
626092 
495021 
626095 
626098 
626101 
495030 
626104 
495034 
626109 
495038 
626111 
626113 
495042 
626115 
626118 
626120 
495049 
626122 
495052 
626124 
495055 
626127 
495058 
626130 
495061 
626133 
626136 
495066 
626141 
495071 
626143 
626145 
626147 
495076 
626150 
626152 
495081 
626154 
626156 
626159 
626161 
495090 
626163 
626165 
495094 
626168 
495098 
626170 
626172 
495102 
626174 
626177 
626179 
495109 
626181 
626183 
495113 
626186 
495117 
626189 
626192 
495121 
626195 
495128 
626200 
495131 
626203 
495134 
626206 
495137 
626209 
495142 
626214 
626216 
495146 
626218 
626220 
495150 
626223 
626225 
495154 
626227 
626229 
626232 
495161 
626234 
495164 
626236 
626238 
495167 
626241 
495171 
626244 
495175 
626247 
626250 
495179 
626255 
626257 
495186 
626259 
495189 
626261 
495192 
626264 
626266 
495195 
626268 
626270 
495200 
626273 
626275 
495204 
626277 
626279 
495208 
626282 
495212 
626284 
626286 
626288 
495219 
626291 
495222 
626294 
495225 
626297 
495228 
626300 
495233 
626305 
626308 
495237 
626311 
495241 
626314 
495245 
626319 
626322 
495252 
626325 
495255 
626328 
495258 
495261 
626333 
626335 
626337 
495266 
626339 
495270 
626342 
626345 
495274 
626348 
495278 
626351 
626356 
495285 
626358 
495288 
626360 
626362 
495291 
626365 
495294 
626369 
495299 
626373 
495302 
495305 
626377 
495308 
626384 
495313 
626386 
626388 
495317 
626390 
495321 
626393 
626396 
495325 
626399 
626402 
495332 
495335 
626407 
626409 
495338 
626411 
495341 
626413 
626416 
495346 
626418 
626420 
495350 
626422 
626425 
495354 
626427 
626429 
495358 
626431 
626434 
626436 
495365 
626438 
495368 
626440 
495371 
626443 
495374 
626447 
495379 
626451 
495382 
626455 
495385 
495388 
626462 
495393 
626465 
495396 
626468 
495399 
626471 
495402 
626476 
626478 
495407 
626480 
495410 
626482 
495413 
626485 
626487 
495416 
626489 
626491 
495421 
626494 
495423 
495425 
626497 
495427 
626500 
495430 
626503 
495433 
495436 
626508 
626510 
495439 
626512 
626514 
495444 
626517 
495447 
626519 
626521 
495450 
626523 
495453 
626526 
626529 
495458 
626532 
495462 
626535 
626540 
495469 
626542 
626544 
626546 
626549 
626551 
495481 
626553 
626555 
495485 
626558 
626561 
495492 
626564 
626567 
495500 
626572 
626574 
495503 
626576 
626578 
495508 
626581 
626583 
626585 
626587 
495518 
626590 
495520 
626593 
495522 
495524 
626596 
495527 
626599 
495531 
626604 
626606 
495535 
626608 
626610 
626613 
495542 
626615 
626617 
626619 
495548 
626622 
495551 
626624 
626626 
626628 
495558 
626631 
626633 
495563 
626635 
626637 
626640 
626642 
495571 
626644 
626646 
495576 
626649 
495579 
626652 
495582 
626655 
626658 
495587 
495591 
626663 
626665 
495595 
626667 
626669 
495599 
626672 
626674 
626676 
495606 
626678 
495609 
626681 
495612 
626684 
495615 
626687 
626690 
495620 
626695 
495625 
626697 
626699 
626701 
495630 
626704 
626706 
495635 
626708 
626710 
626713 
495644 
626716 
626719 
495648 
626722 
495652 
626727 
495656 
626729 
626731 
626733 
495663 
626736 
626738 
495667 
626740 
626742 
495671 
626745 
495675 
626748 
626751 
495682 
626754 
495685 
626759 
626762 
495691 
626765 
626768 
495701 
626773 
626775 
495705 
626777 
626779 
495709 
626782 
626784 
626786 
495716 
626788 
495719 
626791 
626793 
495722 
626795 
626797 
495727 
626800 
626802 
495732 
626804 
626806 
626809 
495739 
626812 
626815 
495746 
626818 
495751 
626823 
626825 
626827 
626829 
495758 
626832 
626834 
495764 
626836 
626838 
495769 
626841 
626844 
626847 
495778 
626850 
495782 
626855 
626857 
495787 
626859 
626861 
495791 
626864 
626866 
495795 
626868 
626870 
495799 
626873 
626876 
495806 
626879 
495810 
626882 
495814 
626887 
626889 
495818 
626891 
626893 
626896 
495825 
626898 
495828 
626900 
626902 
495831 
626905 
495834 
626908 
495839 
626911 
626914 
495844 
626919 
495849 
626921 
626923 
626925 
495854 
626928 
626930 
626932 
626934 
495863 
626937 
495868 
626940 
626943 
495873 
626946 
495878 
626951 
626953 
626955 
626957 
495887 
626960 
626962 
495891 
626964 
626966 
495895 
626969 
495899 
626972 
626975 
495906 
626978 
495911 
626983 
626985 
495915 
626987 
626989 
626992 
495922 
626994 
626996 
626998 
495928 
627001 
627004 
495934 
627007 
627010 
495940 
627015 
627017 
627019 
627021 
495951 
627024 
627026 
495956 
627028 
627030 
495961 
627033 
627036 
495966 
627039 
627042 
495975 
627047 
627049 
495978 
627051 
495981 
627053 
495984 
627056 
627058 
627060 
495989 
627062 
627065 
495994 
627068 
495999 
627071 
627074 
496004 
627079 
627081 
627083 
496013 
627085 
627088 
496017 
627090 
627092 
496021 
627094 
496025 
627097 
627100 
627103 
496032 
627106 
496035 
496038 
627111 
496041 
627113 
627115 
627117 
496046 
627120 
627122 
496052 
627124 
627126 
627129 
496058 
627132 
627135 
496064 
627138 
627143 
627145 
496075 
627147 
627149 
496079 
627152 
627154 
496083 
627156 
627158 
496087 
627161 
627164 
496094 
627167 
496097 
627170 
496100 
496103 
627175 
627177 
627179 
496108 
627181 
496112 
627184 
627186 
496116 
627188 
627190 
496120 
627193 
627196 
496127 
627199 
627202 
496132 
627207 
496137 
627209 
627211 
627213 
496142 
627216 
627218 
627220 
627222 
496151 
627225 
496154 
627228 
496157 
627231 
496160 
627234 
496165 
627239 
496169 
627241 
627243 
496173 
627245 
627248 
496177 
627250 
627252 
627254 
496184 
627257 
496188 
627260 
627263 
496192 
627266 
496196 
627271 
627273 
496203 
627275 
627277 
496206 
627280 
496209 
627282 
496212 
627284 
627286 
496217 
627289 
627292 
496221 
627295 
496225 
627298 
496229 
627303 
627305 
627307 
496236 
627309 
627312 
496242 
627314 
627316 
627318 
496248 
627321 
627323 
627325 
496254 
627327 
627330 
627332 
627334 
627336 
496265 
627339 
627341 
496270 
627343 
627345 
496275 
627348 
627350 
496280 
627352 
627354 
627357 
627360 
496289 
627363 
496293 
627366 
496297 
627371 
496301 
627373 
627375 
627377 
496308 
627380 
627382 
496311 
627384 
496314 
627386 
496317 
627389 
627391 
627393 
496322 
627395 
627398 
496328 
627401 
627404 
496334 
627407 
496340 
627412 
627414 
627416 
627418 
627421 
496351 
627423 
627425 
627427 
496356 
627430 
627432 
496361 
627434 
627436 
496366 
627439 
627440 
627441 
627442 
627443 
627446 
496375 
627449 
496379 
627452 
496383 
627457 
496387 
627460 
627463 
496394 
627466 
496398 
627471 
496402 
627474 
627477 
496406 
627480 
496413 
627485 
627487 
627489 
496418 
627491 
627494 
496423 
627497 
496428 
627500 
627503 
627508 
496437 
627510 
496440 
627512 
627514 
496443 
627517 
496446 
627520 
496451 
627523 
627526 
496455 
496459 
627531 
627533 
496463 
627535 
627537 
627540 
496470 
627542 
627544 
627546 
496475 
627549 
627551 
496480 
627553 
627555 
496485 
627558 
627560 
627562 
627564 
496494 
627567 
627568 
627569 
496498 
627570 
627571 
496502 
627574 
627577 
496506 
627580 
496513 
627585 
627588 
496517 
627591 
496521 
627594 
496525 
627599 
627602 
496532 
627605 
496535 
627608 
496538 
496541 
627613 
627615 
627617 
496546 
627619 
627622 
496551 
627626 
496556 
627630 
496561 
627634 
627641 
496570 
627644 
496573 
627647 
496576 
627650 
496579 
627655 
496584 
627657 
627659 
496589 
627661 
627664 
496594 
627666 
627668 
627670 
496599 
627673 
627676 
627679 
496608 
627682 
496613 
627687 
627689 
496618 
627691 
627693 
496623 
627696 
627698 
627700 
627702 
496632 
627705 
496635 
627708 
496638 
627711 
496641 
627714 
496646 
627719 
627721 
627723 
496652 
627725 
627728 
496658 
627730 
627732 
627734 
496664 
627737 
627740 
627743 
627746 
496675 
627751 
496680 
627753 
627755 
496685 
627757 
627760 
496690 
627762 
627764 
627766 
627769 
496699 
627772 
496703 
627775 
627778 
496707 
496711 
627783 
627785 
627787 
627789 
496718 
627792 
496722 
627794 
627796 
496726 
627798 
627801 
496730 
627803 
627805 
627807 
496737 
627810 
627812 
627814 
496743 
627816 
627819 
496749 
627821 
627823 
627825 
496755 
627828 
627831 
627834 
627837 
496766 
496770 
627842 
627844 
496774 
627846 
627848 
496778 
627851 
627853 
627855 
496785 
627857 
496788 
627860 
496791 
627863 
496794 
627866 
627869 
496799 
627874 
496803 
627876 
627878 
496807 
627880 
496811 
627883 
627885 
627887 
627889 
496818 
627892 
496822 
627895 
496826 
627898 
627901 
496830 
627906 
627908 
496837 
627910 
627912 
496841 
627915 
496845 
627917 
627919 
496849 
627921 
627924 
627927 
496856 
627930 
496861 
627933 
496866 
627938 
627940 
627942 
496871 
627944 
627947 
627949 
627951 
496880 
627953 
496883 
627956 
496886 
627959 
496889 
627962 
627965 
496894 
627970 
496900 
627972 
627974 
627976 
627979 
496909 
627981 
627983 
627985 
496914 
627988 
627991 
496921 
627994 
627997 
628002 
496931 
628004 
628006 
496935 
628008 
496938 
628011 
628013 
496943 
628015 
628017 
496947 
628020 
628023 
496952 
628026 
496955 
628029 
496960 
628034 
628036 
628038 
628040 
628043 
496972 
628045 
628047 
496976 
628049 
496980 
628052 
628055 
496984 
628058 
628061 
496991 
628066 
496996 
628068 
628070 
628072 
497001 
628075 
628077 
497006 
628079 
628081 
628084 
497015 
628087 
497018 
628090 
497021 
628093 
497024 
628098 
628100 
497029 
628102 
628104 
497033 
628107 
497037 
628109 
628111 
497041 
628113 
628116 
628119 
497048 
628122 
497053 
628125 
497058 
628130 
628132 
628134 
497063 
628136 
628139 
628141 
628143 
497072 
628145 
497075 
628148 
497078 
628150 
628152 
497081 
628154 
628157 
497086 
628159 
628161 
497090 
628163 
497094 
628166 
628168 
497098 
628170 
628172 
628175 
497105 
628178 
497109 
628181 
628184 
497113 
497117 
628189 
628191 
628193 
628195 
497124 
628198 
497127 
628200 
497130 
628202 
628204 
497133 
628207 
497138 
628210 
628213 
497142 
628216 
497146 
628221 
497150 
628223 
628225 
628227 
497157 
628230 
628232 
497161 
628234 
628236 
497165 
628239 
497169 
628242 
628245 
497176 
628248 
497179 
628253 
497182 
628255 
497185 
628257 
628259 
497190 
628262 
628264 
497193 
628266 
497196 
628268 
497199 
628271 
628274 
497204 
628277 
497207 
628280 
497210 
497213 
628285 
628287 
628289 
497218 
628291 
497222 
628294 
628296 
497226 
628298 
628300 
497230 
628303 
628306 
497237 
628309 
628312 
497242 
628317 
497247 
628319 
628321 
628323 
497252 
628326 
628328 
628330 
628332 
497261 
497263 
628335 
497265 
628338 
497267 
628341 
497270 
497272 
628344 
497274 
497276 
628349 
497279 
628351 
628353 
628355 
497286 
628358 
628360 
628362 
628364 
628367 
497297 
628370 
628373 
497303 
628376 
628381 
628383 
497312 
628385 
628387 
497316 
628390 
497320 
628392 
628394 
497324 
628396 
628399 
628402 
497331 
628405 
497335 
628408 
497339 
628413 
497343 
628415 
628417 
628419 
497350 
628422 
628424 
497353 
628426 
497356 
628428 
497359 
628431 
628434 
497364 
628437 
497368 
628440 
497372 
628445 
628447 
497376 
628449 
628451 
628454 
497383 
628456 
628458 
497387 
628460 
497391 
628463 
628466 
497395 
628469 
628472 
497402 
497405 
628477 
628479 
497408 
628481 
497411 
628483 
628486 
497416 
628488 
628490 
497420 
628492 
628495 
497424 
628497 
628499 
497428 
628501 
628504 
628506 
497435 
628508 
628510 
497440 
628513 
628515 
497445 
628517 
628519 
497450 
628522 
628525 
628528 
497459 
628531 
497462 
628536 
497465 
628538 
497468 
628540 
628542 
497473 
628545 
628547 
497477 
628549 
628551 
497481 
628554 
628556 
497485 
628558 
628560 
628563 
497492 
628566 
497496 
628569 
497500 
628572 
497504 
628577 
628579 
628581 
497511 
628583 
497514 
628586 
628588 
497517 
628590 
497520 
628592 
628595 
497525 
628597 
628599 
497529 
628601 
628604 
497533 
628607 
497537 
628610 
628613 
497544 
628618 
497548 
628620 
628622 
497552 
628624 
628627 
497556 
628629 
628631 
628633 
497563 
628636 
497566 
628638 
628640 
497569 
628642 
497572 
628645 
628647 
497577 
628649 
628651 
497581 
628654 
628656 
497585 
628658 
628660 
497589 
628663 
628665 
628667 
497596 
628669 
497600 
628672 
628673 
628674 
628675 
497604 
628676 
497608 
628680 
628684 
497615 
628688 
497618 
497621 
628695 
497624 
628698 
497629 
628701 
628704 
497633 
497637 
628709 
628712 
497641 
628715 
628718 
497648 
628723 
497652 
628726 
497656 
628729 
497660 
628732 
628737 
497667 
628740 
497670 
628743 
497673 
628746 
497676 
628751 
497681 
628755 
497685 
628759 
497689 
628763 
497693 
628770 
497700 
628773 
497704 
628776 
628779 
497708 
497712 
628784 
628788 
497719 
628792 
497722 
628796 
497725 
497728 
628803 
497733 
628805 
628807 
497737 
628809 
628812 
497741 
628816 
497745 
628820 
497752 
628824 
497756 
628831 
497760 
628834 
497764 
628837 
628840 
497771 
628845 
497774 
628847 
497777 
628849 
628851 
497780 
628854 
628856 
497785 
628858 
628860 
497789 
628863 
497793 
628866 
497797 
628869 
628872 
497804 
628877 
628879 
497808 
628881 
628883 
497812 
628886 
497816 
628888 
628890 
628892 
497823 
628895 
628897 
497826 
628899 
497829 
628901 
497832 
628904 
628906 
628908 
497837 
628910 
497841 
628913 
628915 
497845 
628917 
628919 
497849 
628922 
628925 
497856 
628928 
628931 
497860 
497864 
628936 
628938 
497868 
628940 
628942 
628945 
497875 
628947 
628949 
497878 
628951 
497881 
628954 
497884 
628957 
628960 
497889 
628963 
497893 
628968 
497897 
628970 
628972 
497901 
628974 
628977 
628979 
497908 
628981 
628983 
497912 
628986 
497916 
628989 
497920 
628992 
628995 
497927 
629000 
497930 
629002 
629004 
497933 
629006 
497936 
629009 
629011 
497941 
629013 
629015 
497945 
629018 
497949 
629021 
629024 
497953 
629027 
497960 
629032 
629034 
497964 
629036 
629038 
497968 
629041 
629043 
497972 
629045 
629047 
629050 
497979 
629052 
497982 
629054 
629056 
497985 
629059 
497988 
629062 
497993 
629065 
629068 
497997 
498001 
629073 
629075 
498005 
629077 
629079 
629082 
498012 
629084 
629086 
498016 
629088 
629091 
498020 
629093 
629095 
498024 
629097 
629100 
629102 
498031 
629104 
498034 
629106 
498037 
629109 
498040 
629112 
629115 
498045 
629118 
498049 
629123 
498053 
629125 
629127 
498057 
629129 
629132 
629134 
498064 
629136 
629138 
498068 
629141 
629143 
498072 
629145 
629147 
498076 
629150 
629152 
629154 
498083 
629156 
498086 
629159 
498089 
629161 
629163 
498092 
629165 
629168 
498097 
629169 
629170 
629171 
629172 
498101 
629174 
629176 
498105 
629178 
498109 
629181 
629183 
629185 
629187 
498116 
629190 
498120 
629193 
498124 
629196 
629199 
498128 
629204 
629206 
498135 
629208 
498138 
629210 
498141 
629213 
629215 
498144 
629217 
629219 
498149 
629222 
498153 
629225 
629228 
498157 
629231 
498161 
629236 
629238 
498168 
629240 
629242 
498172 
629245 
629247 
498176 
629249 
629251 
498180 
629254 
629257 
498187 
629260 
498190 
629263 
498193 
498196 
629268 
629270 
629272 
498201 
629274 
498205 
629277 
629279 
498209 
629281 
629283 
498213 
629286 
629289 
498220 
629292 
629295 
498224 
498228 
629300 
629302 
498232 
629304 
629306 
629309 
498239 
629311 
629313 
498242 
629315 
498245 
629318 
498248 
629320 
629322 
629324 
498253 
629327 
498257 
629329 
629331 
498261 
629333 
629336 
498265 
629338 
629340 
629342 
498272 
629345 
498276 
629348 
629351 
498280 
629354 
498284 
629359 
629361 
498291 
629363 
629365 
498294 
629368 
498297 
629370 
498300 
629372 
629374 
498305 
629377 
629380 
498309 
629383 
498313 
629386 
498317 
629391 
629393 
629395 
498324 
629397 
498328 
629400 
629402 
498332 
629404 
629406 
498336 
629409 
629412 
498343 
629415 
498346 
629418 
498349 
629423 
498352 
629425 
629427 
498357 
629429 
629432 
498361 
629434 
629436 
498365 
629438 
498369 
629441 
629444 
629447 
498376 
629450 
498380 
629455 
498384 
629457 
629459 
498388 
629461 
629464 
629466 
498395 
629468 
498398 
629470 
498401 
629473 
498404 
629476 
629479 
498409 
629482 
498413 
629487 
498417 
629489 
629491 
498421 
629493 
629496 
629498 
498428 
629500 
629502 
498432 
629505 
498436 
629508 
629511 
498440 
629514 
498447 
629519 
498449 
629521 
498451 
629523 
498453 
629525 
498456 
629528 
629530 
498460 
629532 
629534 
498464 
629537 
498468 
629540 
629543 
629546 
498475 
498479 
629551 
629553 
498483 
629555 
629557 
498487 
629560 
629562 
629564 
498494 
629566 
498497 
629569 
498500 
629572 
498503 
629575 
629578 
498508 
629583 
498512 
629585 
629587 
498516 
629589 
498520 
629592 
629594 
629596 
629598 
498527 
629601 
498531 
629603 
629605 
498535 
629607 
629610 
498539 
629612 
629614 
629616 
498546 
629619 
498549 
629621 
629623 
498552 
629625 
498555 
629628 
629631 
498560 
629634 
498565 
629637 
498570 
629642 
629644 
629646 
498575 
629648 
629651 
629653 
629655 
498584 
629657 
629660 
498591 
629663 
629666 
629669 
498598 
629674 
629676 
498605 
629678 
629680 
629683 
629685 
629687 
629689 
498618 
629692 
498623 
629695 
629698 
498628 
629701 
498633 
629706 
629708 
629710 
629712 
498642 
629715 
629717 
498647 
629719 
629721 
498652 
629724 
629727 
498657 
629730 
629733 
498666 
629738 
629740 
498670 
629742 
629744 
498674 
629747 
629749 
498678 
629751 
629753 
629756 
498685 
629759 
498690 
629762 
629765 
498695 
629770 
498700 
629772 
629774 
629776 
629779 
498709 
629781 
629783 
629785 
498714 
629788 
498719 
629791 
629794 
498724 
629797 
629802 
629804 
498733 
629806 
629808 
498737 
629811 
498741 
629813 
629815 
498745 
629817 
629820 
629823 
498752 
629826 
498757 
629829 
498762 
629834 
629836 
629838 
498767 
629840 
629843 
629845 
629847 
498776 
629849 
629852 
498781 
629855 
498786 
629858 
629861 
498791 
629866 
629868 
629870 
498800 
629872 
629875 
498804 
629877 
629879 
498808 
629881 
498812 
629884 
629887 
629890 
498819 
629893 
498824 
629898 
629900 
498829 
629902 
629904 
498834 
629907 
629909 
629911 
629913 
498843 
629916 
629919 
498848 
629922 
498853 
629925 
498858 
629930 
629932 
629934 
629936 
498867 
629939 
629941 
498871 
629943 
629945 
498875 
629948 
629950 
498879 
629952 
629954 
629957 
498886 
629959 
629961 
498891 
629963 
629966 
498896 
629968 
629970 
629972 
498901 
629975 
629978 
629981 
498910 
629984 
498915 
629989 
498920 
629992 
629995 
498925 
629998 
630003 
630005 
498934 
630007 
630009 
498938 
630012 
498942 
630014 
630016 
498946 
630018 
630021 
630023 
498953 
630025 
630027 
498958 
630030 
630033 
498963 
630036 
630039 
498968 
630044 
630046 
630048 
498977 
630050 
630053 
498982 
630055 
630057 
498987 
630059 
630062 
498992 
630064 
630066 
630068 
630071 
499001 
630074 
499005 
630077 
630080 
499009 
499013 
630085 
630089 
499020 
630093 
499025 
630097 
499030 
630104 
630106 
499035 
630108 
630110 
630113 
499044 
630117 
499049 
630121 
630125 
499054 
499059 
630132 
630134 
630136 
630138 
499068 
630141 
499072 
630145 
499076 
630149 
499080 
630153 
499087 
630160 
630163 
499092 
630166 
499097 
630169 
499102 
630174 
630176 
630178 
630180 
499111 
630183 
630185 
630187 
499116 
630189 
630192 
499121 
630195 
499126 
630198 
630201 
630206 
499135 
630208 
630210 
499139 
630212 
499143 
630215 
630217 
499147 
630219 
630221 
630224 
499154 
630227 
630230 
499159 
630233 
499164 
630238 
630240 
499169 
630242 
630244 
630247 
630249 
499178 
630251 
630253 
499183 
630256 
630259 
499188 
630262 
499193 
630265 
630270 
630272 
499202 
630274 
630276 
499206 
630279 
630281 
499210 
630283 
630285 
499214 
630288 
630291 
499221 
630294 
630297 
499226 
630302 
499231 
630304 
630306 
499236 
630308 
630311 
630313 
630315 
499245 
630317 
630320 
499249 
630323 
499253 
630326 
499257 
630329 
630334 
499264 
630336 
630338 
499268 
630340 
630343 
499272 
630345 
630347 
499276 
630349 
630352 
499283 
630355 
630358 
499289 
630361 
630366 
499295 
630368 
630370 
630372 
499301 
630375 
630377 
630379 
630381 
499312 
630384 
630387 
499316 
630390 
499320 
630393 
499324 
630398 
630400 
630402 
499331 
630404 
499335 
630407 
630409 
499339 
630411 
630413 
499343 
630416 
630418 
630420 
499350 
630422 
499353 
630425 
630427 
499356 
630429 
499359 
630431 
630434 
499364 
630436 
630438 
499368 
630440 
630443 
499372 
630446 
499376 
630449 
630452 
499383 
630457 
499387 
630459 
630461 
499391 
630463 
630466 
499395 
630468 
630470 
630472 
499402 
630475 
499405 
630478 
499408 
630481 
499411 
630484 
499416 
630489 
630491 
499420 
630493 
630495 
499424 
630498 
499428 
630500 
630502 
630504 
499435 
630507 
630510 
499439 
630513 
499443 
630516 
499447 
630521 
630523 
630525 
499454 
630527 
499457 
630530 
499460 
630532 
630534 
499463 
630536 
630539 
499468 
630542 
499472 
630545 
499476 
630548 
499480 
630553 
630555 
630557 
499487 
630559 
630562 
499491 
630564 
630566 
499495 
630568 
499499 
630571 
630574 
630577 
499506 
630580 
499509 
499512 
630585 
499515 
630587 
630589 
630591 
499520 
630594 
499524 
630596 
630598 
499528 
630600 
630603 
499532 
630606 
630609 
499539 
630612 
499543 
630617 
499547 
630619 
630621 
499551 
630623 
630626 
630628 
499558 
630630 
630632 
499561 
630635 
499564 
630638 
499567 
630641 
499572 
630644 
499576 
630649 
630651 
499580 
630653 
630655 
499584 
630658 
630660 
630662 
499591 
630664 
499595 
630667 
630670 
499599 
630673 
499603 
630676 
630681 
499610 
630683 
499613 
630685 
630687 
499616 
630690 
499619 
630692 
630694 
499624 
630696 
630699 
499628 
630701 
630703 
499632 
630705 
499636 
630708 
630710 
630712 
630714 
499643 
630717 
499647 
630719 
630721 
499651 
630723 
630726 
499655 
630729 
630732 
499662 
630735 
499665 
499668 
630740 
630742 
499671 
630744 
630746 
499676 
630749 
630751 
499680 
630753 
630755 
499684 
630758 
499688 
630761 
630764 
499695 
630767 
499699 
630772 
630774 
499703 
630776 
630778 
499707 
630781 
630783 
630785 
499714 
630787 
499717 
630790 
499720 
630793 
499723 
630796 
630799 
499728 
499732 
630804 
630806 
499736 
630808 
630810 
499740 
630813 
630815 
630817 
499747 
630819 
630822 
499751 
630825 
499755 
630828 
499759 
630831 
630836 
499766 
630838 
499768 
630840 
499770 
630842 
499772 
630845 
499775 
630847 
630849 
499779 
630851 
630854 
499783 
630857 
499787 
630860 
630863 
499794 
630868 
499798 
630870 
630872 
499802 
630874 
630877 
499806 
630879 
630881 
630883 
499813 
630886 
499816 
630889 
499819 
630892 
499822 
630895 
499827 
630900 
630902 
499831 
630904 
630906 
499835 
630909 
499839 
630911 
630913 
630915 
499846 
630918 
630921 
499850 
630924 
499854 
630927 
499858 
630932 
630934 
630936 
499865 
630938 
499868 
630941 
499871 
630943 
630945 
499874 
630947 
630950 
499879 
630953 
499883 
630956 
499887 
630959 
499891 
630964 
630966 
630968 
499898 
630970 
630973 
499903 
630975 
630977 
630979 
499908 
630982 
499913 
630985 
630988 
630991 
499922 
630996 
630998 
499927 
631000 
631002 
499932 
631005 
631007 
499937 
631009 
631011 
631014 
631017 
499946 
631020 
499950 
631023 
499954 
631028 
499958 
631030 
631032 
631034 
499965 
631037 
631039 
499969 
631041 
631043 
499973 
631046 
631048 
499977 
631050 
631052 
631055 
499984 
631057 
631059 
499989 
631061 
631064 
499994 
631066 
631068 
631070 
499999 
631073 
631076 
631079 
500008 
631082 
500012 
631087 
500016 
631090 
500020 
631093 
631096 
500027 
631101 
500031 
631103 
631105 
500035 
631107 
631110 
500039 
631112 
631114 
631116 
500046 
631119 
631121 
500050 
631123 
631125 
500054 
631128 
500058 
631131 
631134 
500065 
631137 
500069 
631142 
631144 
500073 
631146 
631148 
500077 
631151 
631153 
631155 
500084 
631157 
500088 
631160 
631162 
500092 
631164 
631166 
500096 
631169 
631172 
500103 
631175 
631178 
500107 
500111 
631183 
500115 
631187 
631191 
500122 
631195 
500126 
500130 
631202 
631204 
500134 
631206 
631208 
631211 
500141 
631215 
500145 
631219 
500149 
631223 
500153 
631230 
500160 
631232 
631234 
500164 
631236 
631239 
500168 
631243 
500172 
631247 
500179 
631251 
500183 
631258 
500187 
631261 
500191 
631264 
631267 
500198 
631272 
500202 
631274 
631276 
500206 
631278 
631281 
500210 
631283 
631285 
631287 
500217 
631290 
500221 
631293 
631296 
500225 
631299 
500229 
631304 
631306 
500236 
631308 
631310 
500240 
631313 
631315 
500244 
631317 
631319 
500248 
631322 
631325 
500255 
631328 
500259 
631331 
500263 
631336 
631338 
500267 
631340 
631342 
631345 
500274 
631347 
631349 
500278 
631351 
500282 
631354 
631357 
500286 
631360 
631363 
500293 
631368 
500297 
631370 
631372 
500301 
631374 
500305 
631377 
631379 
631381 
631383 
500312 
631386 
500316 
631389 
500320 
631392 
631395 
500324 
631400 
631402 
500331 
631404 
631406 
500335 
631409 
500339 
631411 
631413 
500343 
631415 
631418 
631421 
500350 
631424 
500354 
631427 
500358 
631432 
500362 
631434 
631436 
631438 
500369 
631441 
631443 
500373 
631445 
631447 
500377 
631450 
500381 
631453 
631456 
631459 
500388 
631464 
500393 
631466 
631468 
500398 
631470 
631473 
500403 
631475 
631477 
631479 
631482 
500412 
631485 
500416 
631488 
631491 
500420 
500424 
631496 
631498 
631500 
631502 
500431 
631505 
500435 
631507 
631509 
500439 
631511 
631514 
500443 
631516 
631518 
631520 
500450 
631523 
631525 
500455 
631527 
631529 
500460 
631532 
631534 
631536 
500465 
631538 
631541 
631544 
500474 
631547 
500478 
631550 
500482 
631555 
631557 
500486 
631559 
631561 
631564 
500493 
631566 
631568 
500497 
631570 
500501 
631573 
631576 
500505 
631579 
631582 
500512 
631587 
500517 
631589 
631591 
631593 
500522 
631596 
631598 
500527 
631600 
631602 
631605 
500536 
631608 
631611 
500540 
631614 
500544 
631619 
500548 
631621 
631623 
631625 
500555 
631628 
631630 
500560 
631632 
631634 
500565 
631637 
631640 
500570 
631643 
631646 
500579 
631651 
631653 
500582 
631655 
500585 
631657 
500588 
631660 
631662 
631664 
500593 
631666 
500597 
631669 
631672 
500601 
631675 
500605 
631678 
631683 
500612 
631685 
631687 
500616 
631689 
500620 
631692 
631694 
500624 
631696 
631698 
631701 
500631 
631704 
500634 
631707 
500637 
631710 
500640 
631715 
500645 
631717 
631719 
500649 
631721 
631724 
500653 
631726 
631728 
500657 
631730 
631733 
500664 
631736 
631739 
500668 
631742 
500672 
631747 
500676 
631749 
631751 
631753 
500683 
631756 
500686 
631758 
631760 
500689 
631762 
500692 
631765 
631768 
500697 
631771 
500701 
631774 
500705 
631779 
500709 
631781 
631783 
631786 
500716 
631788 
631790 
500720 
631792 
631795 
500724 
631797 
631799 
500728 
631802 
631804 
631806 
500735 
631808 
500738 
631811 
500741 
631813 
631815 
500744 
631817 
631820 
500749 
631823 
500753 
631826 
500757 
631829 
500761 
631834 
631836 
631838 
500768 
631840 
631843 
500772 
631845 
631847 
500776 
631849 
500780 
631852 
631855 
631858 
500787 
631861 
500790 
500793 
631866 
500796 
631868 
631870 
631872 
500801 
631875 
500805 
631877 
631879 
500809 
631881 
631884 
500813 
631887 
631890 
500820 
631893 
500824 
631898 
500828 
631900 
631902 
500832 
631904 
631907 
631909 
500839 
631911 
631913 
500842 
631916 
500845 
631919 
500848 
631922 
500853 
631925 
500857 
631930 
631932 
500861 
631934 
631936 
500865 
631939 
631941 
631943 
500872 
631945 
500876 
631948 
631951 
500880 
631954 
500884 
631957 
631962 
500891 
631964 
500894 
631966 
631968 
500897 
631971 
500900 
631973 
631975 
500905 
631977 
631980 
500909 
631983 
500913 
631986 
500917 
631989 
631994 
500924 
631996 
631998 
500928 
632000 
632003 
500932 
632005 
632007 
500936 
632009 
632012 
500943 
632015 
500946 
632018 
500949 
632021 
500952 
632026 
632028 
500957 
632030 
632032 
500961 
632035 
500965 
632037 
632039 
500969 
632041 
632044 
632047 
500976 
632050 
500980 
632053 
500984 
632058 
500988 
632060 
632062 
632064 
500995 
632067 
500997 
632069 
500999 
632071 
501001 
632073 
501004 
632076 
632079 
501008 
632082 
501012 
632085 
501016 
632090 
632092 
632094 
501023 
632096 
501027 
632099 
632101 
501031 
632103 
632105 
501035 
632108 
632111 
501042 
632114 
501045 
632117 
501048 
632122 
501051 
632124 
632126 
501056 
632128 
632131 
501060 
632133 
632135 
501064 
632137 
501068 
632140 
632142 
632144 
632146 
501075 
632149 
501079 
632151 
632153 
501083 
632155 
632158 
501087 
632160 
632162 
632164 
501094 
632167 
501097 
632170 
501100 
632173 
501103 
632176 
501108 
632181 
501112 
632184 
632187 
501116 
501120 
632192 
632194 
632196 
501127 
632199 
632201 
501132 
632204 
632206 
501137 
632209 
632212 
501142 
632217 
632219 
632222 
501151 
632224 
632226 
501156 
632228 
632231 
501161 
632233 
632235 
632237 
501166 
632240 
632243 
632246 
501175 
632249 
501179 
632254 
501183 
632258 
501187 
632262 
501194 
632266 
501198 
632273 
501202 
632275 
632277 
501206 
632279 
632282 
501213 
632286 
501217 
632290 
501221 
632294 
501225 
632301 
632303 
501232 
632305 
632307 
501236 
632310 
501240 
632314 
501244 
632318 
632322 
501251 
501255 
632329 
501259 
632332 
501263 
632335 
632338 
501270 
632343 
632345 
501274 
632347 
632349 
501278 
632352 
501282 
632354 
632356 
632358 
501289 
632361 
632364 
501293 
632367 
501297 
632370 
501301 
632375 
632377 
632379 
501308 
632381 
501312 
632384 
632386 
501316 
632388 
632390 
501320 
632393 
632396 
501327 
632399 
632402 
501332 
632407 
501337 
632409 
632411 
632413 
501342 
632416 
632418 
632420 
632422 
501351 
632425 
501355 
632428 
501359 
632431 
632434 
501363 
632439 
632441 
501370 
632443 
632445 
501374 
632448 
501378 
632450 
632452 
501382 
632454 
632457 
632460 
501389 
632463 
501394 
632466 
501399 
632471 
632473 
632475 
501404 
632477 
632480 
632482 
632484 
501413 
632486 
501417 
632489 
632492 
501421 
632495 
501425 
632498 
632503 
501432 
632505 
632507 
501437 
632509 
632512 
501442 
632514 
632516 
632518 
501447 
632521 
632524 
632527 
501456 
632530 
501459 
501462 
632535 
501465 
632537 
632539 
632541 
501470 
632544 
501474 
632546 
632548 
501478 
632550 
632553 
501482 
632556 
632559 
501489 
632562 
501493 
632567 
501497 
632569 
632571 
501501 
632573 
632576 
632578 
501508 
632580 
632582 
501511 
632585 
501514 
632587 
501517 
632589 
632591 
501522 
632594 
632596 
501526 
632598 
632600 
501530 
632603 
632605 
501534 
632607 
632609 
632612 
501541 
632614 
632616 
501545 
632618 
501549 
632621 
632623 
501553 
632625 
632627 
632630 
501560 
632632 
632634 
501563 
632636 
501566 
632639 
501569 
632641 
632643 
632645 
501574 
632648 
501578 
632650 
632652 
501582 
632654 
632657 
501586 
632659 
632661 
632663 
501593 
632666 
632668 
501597 
632670 
632672 
501601 
632675 
501605 
632677 
632679 
632681 
501612 
632684 
632686 
501615 
632688 
501618 
632690 
501621 
632693 
632695 
632697 
501626 
632699 
501630 
632702 
632704 
501634 
632706 
632708 
501638 
632711 
632713 
632715 
501645 
632717 
632720 
501649 
632722 
632724 
501653 
632726 
501657 
632729 
632731 
632733 
632735 
501664 
632738 
501667 
632741 
501670 
632744 
501673 
632747 
501678 
632752 
501682 
632754 
632756 
501686 
632758 
632761 
501690 
632763 
632765 
632767 
501697 
632770 
632772 
501701 
632774 
632776 
501705 
632779 
501709 
632781 
632783 
632785 
501716 
632788 
632790 
501719 
632792 
501722 
632794 
501725 
632797 
632799 
632801 
501730 
632804 
501734 
632806 
632808 
501738 
632811 
632813 
501742 
632815 
632818 
632820 
501749 
632822 
501753 
632825 
632826 
632827 
501757 
632829 
632831 
501761 
632833 
632836 
632838 
501768 
632840 
501771 
632843 
632845 
501774 
632847 
501777 
632850 
632852 
501782 
632854 
632856 
501786 
632859 
501790 
632862 
632864 
501794 
632867 
632869 
632871 
501801 
632873 
632876 
501805 
632878 
632880 
501809 
632882 
501813 
632885 
632887 
632889 
632891 
501820 
632894 
501823 
632896 
501826 
632898 
632900 
501829 
632903 
632905 
501834 
632907 
632909 
501838 
632912 
501842 
632914 
632916 
501846 
632918 
632921 
632923 
501853 
632925 
632927 
501857 
632930 
632932 
501861 
632934 
632936 
501865 
632939 
632941 
632943 
501872 
632945 
501875 
632948 
501878 
632950 
632952 
501881 
632954 
632957 
501886 
632959 
632961 
501890 
632963 
501894 
632966 
632968 
501898 
632970 
632972 
632975 
501905 
632977 
632979 
501909 
632981 
632984 
501913 
632986 
632988 
501917 
632990 
632993 
632995 
501924 
632997 
501927 
632999 
501930 
633002 
633004 
501933 
633006 
633008 
501938 
633011 
633013 
501942 
633015 
633017 
501946 
633020 
501950 
633022 
633024 
633026 
501957 
633029 
633031 
501961 
633033 
633035 
501965 
633038 
633040 
501969 
633042 
633044 
633047 
501976 
633049 
501979 
633051 
633053 
501982 
633056 
501985 
633058 
633060 
501990 
633062 
633065 
501994 
633067 
633069 
501998 
633071 
502002 
633074 
633076 
633078 
633080 
502009 
633083 
633085 
502014 
633087 
633089 
502019 
633092 
633094 
502024 
633096 
633098 
633101 
633103 
502033 
633105 
633107 
502038 
633110 
633111 
633112 
633113 
633114 
502043 
633116 
633118 
502048 
633120 
633123 
633125 
633127 
502057 
633129 
633132 
502061 
633134 
633136 
502065 
633138 
502069 
633141 
633146 
502076 
502080 
633152 
633154 
502084 
633156 
633158 
502088 
633161 
633163 
633165 
502095 
633167 
633170 
502100 
633172 
633174 
633176 
502105 
633179 
633181 
502110 
633183 
633185 
633188 
633190 
502119 
633192 
633194 
502123 
633197 
502127 
633199 
633201 
502131 
633203 
633206 
502138 
633210 
502142 
633214 
502146 
633218 
502150 
633225 
633227 
502157 
633229 
633231 
502162 
633234 
633236 
633238 
502167 
633240 
633243 
502172 
633247 
633251 
502181 
633255 
502185 
502189 
633262 
633264 
502193 
633266 
633268 
633271 
502200 
633273 
633275 
502205 
633277 
633280 
502210 
633284 
502215 
633288 
633292 
502224 
502227 
633299 
633301 
502230 
633303 
502233 
633305 
633308 
502238 
633310 
633312 
502242 
633314 
633317 
502246 
633321 
502250 
633325 
502257 
633329 
502261 
633336 
502265 
633338 
633340 
502269 
633342 
633345 
502276 
633348 
502279 
633351 
502282 
633354 
502285 
633359 
502290 
633363 
502294 
633367 
502298 
633371 
502302 
633378 
633380 
502309 
633382 
633384 
502313 
633387 
502317 
633389 
633391 
502321 
633393 
633396 
502328 
633400 
502331 
633404 
502334 
633408 
502337 
502342 
633415 
633417 
502346 
633419 
633421 
502350 
633424 
502354 
633427 
633430 
502361 
633433 
502365 
633438 
502369 
633442 
502373 
633446 
633450 
502380 
502383 
633457 
502386 
633459 
502389 
633461 
633463 
502394 
633466 
633469 
502398 
633472 
502402 
633475 
502406 
633480 
633484 
502413 
633488 
502417 
633492 
502421 
502425 
633499 
633501 
633503 
502432 
633505 
502435 
633508 
502438 
633510 
633512 
502441 
633514 
633517 
502446 
633521 
502450 
633525 
502454 
633529 
502458 
633536 
502465 
633538 
633540 
502469 
633542 
502473 
633545 
633547 
502477 
633549 
633551 
633554 
502484 
633558 
502487 
502490 
633562 
502493 
633566 
502498 
633573 
502502 
633575 
633577 
502506 
633579 
502510 
633582 
633584 
633586 
633588 
502517 
633591 
502521 
633595 
502525 
633599 
502529 
633603 
502536 
633610 
502539 
633612 
502542 
633614 
633616 
502545 
633619 
633621 
502550 
633623 
633625 
502554 
633628 
502558 
633630 
633632 
502562 
633634 
633637 
633639 
502569 
633641 
633643 
502573 
633646 
633648 
502577 
633650 
633652 
502581 
633655 
633657 
633659 
502588 
633661 
502591 
633664 
502594 
633666 
633668 
502597 
633670 
633673 
502602 
633675 
633677 
502606 
633679 
502610 
633682 
633684 
502614 
633686 
633688 
633691 
502621 
633693 
633695 
502625 
633697 
633700 
502629 
633703 
502633 
633706 
633709 
502640 
633714 
502643 
633716 
502646 
633718 
633720 
502649 
633723 
633725 
502654 
633727 
633729 
502658 
633732 
502662 
633735 
502666 
633738 
633741 
502673 
633746 
633748 
502677 
633750 
633752 
502681 
633755 
502685 
633757 
633759 
633761 
502692 
633764 
633766 
502695 
633768 
502698 
633770 
502701 
633773 
633775 
633777 
502706 
633779 
502710 
633782 
633784 
502714 
633786 
633788 
502718 
633791 
633793 
633795 
502725 
633797 
633800 
502729 
633802 
633804 
502733 
633806 
502737 
633809 
633811 
633813 
633815 
502744 
633818 
502747 
633820 
502750 
633822 
633824 
502753 
633827 
633829 
502758 
633831 
633833 
502762 
633836 
502766 
633838 
633840 
502770 
633842 
633845 
633847 
502777 
633849 
633851 
502782 
633854 
633856 
633858 
502787 
633860 
633863 
502792 
633865 
633867 
633869 
633872 
502801 
633873 
633874 
633875 
633876 
502806 
633878 
633880 
633882 
502811 
633885 
502816 
633890 
633895 
502825 
633900 
502829 
502833 
502837 
633909 
633913 
502844 
633917 
502849 
633921 
502854 
633928 
502859 
633932 
633936 
502868 
633940 
502873 
633947 
633949 
502878 
633951 
633953 
502883 
633956 
633957 
633958 
633959 
633960 
633963 
502892 
633966 
502896 
633969 
502900 
633974 
502904 
633979 
502911 
633984 
502915 
633989 
502919 
502923 
633998 
634000 
502930 
634002 
634004 
502935 
634007 
634009 
634011 
502940 
634013 
634016 
502945 
634021 
502954 
634026 
502958 
634031 
502962 
502966 
634040 
634041 
634042 
634043 
634044 
502973 
634047 
502978 
634050 
634053 
502983 
634058 
502988 
634061 
634064 
634067 
502997 
503000 
634072 
503003 
634077 
503006 
634082 
503011 
503015 
634087 
503019 
503023 
634096 
634098 
634100 
503030 
634102 
634105 
503034 
634107 
634109 
503038 
634111 
503042 
634114 
634119 
503049 
503052 
634124 
503055 
634129 
503058 
503063 
634138 
503067 
634139 
634140 
634141 
634142 
503071 
634145 
503075 
634148 
634151 
503082 
634156 
503086 
634159 
503090 
634162 
634165 
503094 
634170 
503101 
634175 
503104 
503107 
634180 
503110 
634185 
503115 
503119 
634194 
503123 
634196 
634198 
503127 
634200 
634203 
634205 
503134 
634207 
634209 
503138 
634212 
503142 
634217 
503146 
634222 
503153 
634227 
503156 
503159 
503162 
634236 
634237 
634238 
503167 
634239 
634240 
503171 
634243 
634246 
503175 
634249 
503179 
634254 
634257 
503186 
634260 
503190 
634263 
503194 
634268 
503198 
634273 
503205 
634278 
503208 
503211 
634283 
503214 
503219 
634292 
634294 
503223 
634296 
634298 
503227 
634301 
503231 
634303 
634305 
634307 
503238 
634310 
503242 
634315 
503246 
634320 
503250 
634325 
503257 
503260 
634334 
503263 
634335 
634336 
634337 
503266 
634338 
634341 
503271 
634344 
503275 
634347 
503279 
634352 
503283 
634355 
634358 
634361 
503290 
503294 
634366 
503298 
634371 
503302 
634376 
503309 
634381 
503312 
503315 
503318 
634390 
634392 
634394 
503323 
634396 
503327 
634399 
634401 
503331 
634403 
634405 
503335 
634408 
634413 
503342 
503346 
634418 
503350 
634423 
503354 
634432 
503361 
634433 
634434 
634435 
503364 
634436 
503367 
634439 
503370 
634442 
634445 
503375 
634450 
503379 
634453 
503383 
634456 
503387 
634459 
634464 
503394 
634469 
503398 
503402 
634474 
503406 
634479 
503413 
503416 
634488 
634490 
503419 
634492 
503422 
634494 
634497 
503427 
634499 
634501 
503431 
634503 
634506 
503435 
503439 
634511 
634516 
503446 
634521 
503450 
503454 
503458 
634530 
634531 
634532 
634533 
634534 
503465 
634537 
503468 
634540 
503471 
634543 
503474 
634548 
503479 
634551 
634554 
503483 
634557 
503487 
634562 
503491 
634567 
503498 
634572 
503502 
634577 
503506 
503510 
634586 
634588 
503517 
634590 
503520 
634592 
503523 
634595 
634597 
503526 
634599 
634601 
503531 
634604 
503535 
634609 
503539 
634614 
503543 
634619 
503550 
503555 
634628 
634629 
634630 
634631 
503560 
634632 
634635 
503565 
634638 
634641 
503574 
634646 
634649 
503579 
634652 
634655 
503584 
634660 
503589 
634665 
503598 
634670 
503602 
634675 
503606 
503610 
634684 
634686 
634688 
503617 
634690 
634693 
503622 
634695 
634697 
503627 
634699 
634702 
503632 
634707 
634712 
503641 
634717 
503646 
503651 
634726 
634727 
503656 
634728 
634729 
634730 
634733 
634736 
503665 
634739 
503669 
634744 
503673 
634747 
503677 
634750 
634753 
503684 
634758 
503688 
634763 
503692 
503696 
634768 
634773 
503703 
503708 
634782 
634784 
503713 
634786 
634788 
503718 
634791 
634793 
634795 
634797 
503727 
634800 
503731 
634805 
503735 
634810 
503739 
634815 
503746 
503751 
634824 
634825 
634826 
634827 
503756 
634828 
634831 
503761 
634834 
634837 
503770 
634842 
503773 
634845 
503776 
634848 
503779 
634851 
503784 
634856 
503788 
634861 
503792 
634866 
503796 
634871 
503803 
503807 
634880 
634882 
503811 
634884 
634886 
503815 
634889 
634891 
634893 
503822 
634895 
503825 
634898 
503828 
503831 
634903 
503836 
634908 
503840 
634913 
503844 
503848 
634922 
634923 
634924 
634925 
634926 
503855 
634929 
503859 
634932 
503863 
634935 
503867 
634940 
634943 
503874 
634946 
503877 
634949 
503880 
634954 
503883 
634956 
634958 
503888 
634960 
634963 
503892 
634967 
503896 
634971 
503900 
634975 
503907 
634982 
503911 
634986 
503915 
634990 
503919 
634994 
503926 
503929 
635001 
503932 
635005 
503935 
635009 
503940 
635013 
503944 
503948 
635020 
635022 
503952 
635024 
635026 
635029 
635030 
503959 
635031 
635032 
635033 
503963 
635036 
503967 
635039 
635042 
503971 
635047 
503978 
635052 
503981 
503984 
635057 
503987 
635062 
503992 
503996 
635071 
504000 
635073 
635075 
504004 
635077 
635080 
635082 
504011 
635084 
635086 
504015 
635089 
504019 
635094 
504023 
635099 
504030 
635104 
504033 
504036 
504039 
635113 
635114 
635115 
504044 
635116 
635117 
504048 
635120 
635123 
504052 
635126 
504056 
635131 
635134 
504063 
635137 
504067 
635140 
504071 
635145 
504075 
635150 
504082 
635155 
504085 
504088 
635160 
504091 
504096 
635169 
635171 
504100 
635173 
635175 
504104 
635178 
504108 
635180 
635182 
635184 
504115 
635187 
504119 
635192 
504123 
635197 
504127 
635202 
504134 
504137 
635211 
504140 
635212 
635213 
635214 
504143 
635215 
635218 
504148 
635221 
504152 
635224 
504156 
635229 
504160 
635232 
635235 
635238 
504167 
504171 
635243 
504175 
635248 
504179 
635253 
504186 
635258 
504189 
504192 
504195 
635267 
635269 
635271 
504200 
635273 
504204 
635276 
635278 
504208 
635280 
635282 
504212 
635285 
635290 
504219 
635295 
504224 
635300 
504229 
504234 
635309 
635310 
635311 
635312 
635313 
504243 
635316 
635319 
504248 
635322 
504253 
635327 
504258 
635330 
635333 
635336 
504267 
635341 
504271 
635346 
504275 
504279 
635351 
635356 
504286 
504290 
635365 
504294 
635367 
635369 
504298 
635371 
635374 
635376 
504305 
635378 
635380 
504310 
635383 
504315 
635388 
504320 
635393 
635398 
504329 
504333 
635407 
635408 
504337 
635409 
635410 
635411 
504341 
635414 
635417 
504348 
635420 
504352 
635425 
504356 
635428 
635431 
504360 
635434 
504367 
635439 
504372 
635444 
504377 
635449 
504382 
635454 
504391 
635463 
635465 
504395 
635467 
635469 
504399 
635472 
635474 
504403 
635476 
635478 
635481 
504410 
635486 
504415 
635491 
504420 
635496 
504425 
635505 
504434 
635506 
635507 
635508 
504437 
635509 
504440 
635512 
504443 
635515 
635518 
504448 
635523 
504452 
635526 
504456 
635529 
504460 
635532 
635537 
504467 
635542 
504471 
504475 
635547 
504479 
635552 
504486 
504489 
635561 
635563 
504492 
635565 
504495 
635567 
635570 
504500 
635572 
635574 
504504 
635576 
635579 
504508 
504512 
635584 
635589 
504519 
635594 
504523 
504527 
504531 
635603 
635604 
635605 
635606 
635607 
504538 
635610 
504541 
635613 
504544 
635616 
504547 
635621 
504552 
635624 
635627 
504556 
635630 
504560 
635635 
504564 
635640 
504571 
635645 
504575 
635650 
504579 
504583 
635659 
635661 
504590 
635663 
504593 
635665 
504596 
635668 
635670 
504599 
635672 
635674 
504604 
635677 
504608 
635682 
504612 
635687 
504616 
635692 
504623 
504627 
635701 
635702 
504631 
635703 
635704 
635705 
504635 
635708 
635711 
504642 
635714 
504645 
635719 
504648 
635722 
504651 
635725 
504656 
635728 
504660 
635733 
635735 
504664 
635737 
635739 
504668 
635742 
504675 
635747 
504679 
635752 
504683 
635757 
504687 
504694 
635766 
504697 
635770 
504700 
635774 
504703 
635778 
504708 
504712 
635785 
504716 
635789 
504720 
635793 
635797 
504727 
504731 
635804 
635806 
504735 
635808 
635810 
504739 
635813 
635814 
635815 
635816 
635817 
504746 
635820 
504749 
635823 
504752 
635826 
504755 
635831 
504760 
504764 
635836 
504768 
635841 
504772 
635846 
504779 
504783 
635855 
635857 
504787 
635859 
635861 
504791 
635864 
635866 
635868 
504798 
635870 
504801 
635873 
504804 
635878 
504807 
635883 
504812 
504816 
635888 
504820 
504824 
635897 
635898 
635899 
635900 
635901 
504831 
635904 
504835 
635907 
635910 
504839 
504843 
635915 
635918 
635921 
504850 
635924 
504853 
504856 
635929 
504859 
635934 
504864 
635939 
504869 
635944 
504874 
504879 
635953 
635955 
635957 
635959 
504888 
635962 
504892 
635964 
635966 
504896 
635968 
635971 
504900 
635976 
504907 
635981 
504910 
504913 
635986 
504916 
504921 
635995 
635996 
635997 
504926 
635998 
635999 
636002 
504931 
636005 
504936 
636008 
636013 
636016 
504945 
636019 
504949 
636022 
504953 
636027 
504957 
636029 
636031 
636033 
504964 
636036 
504967 
636040 
504970 
636044 
504973 
636048 
504978 
636055 
504984 
636059 
504990 
636063 
636067 
504996 
636074 
636078 
505007 
636082 
505011 
636086 
505015 
505019 
636093 
636095 
636097 
505026 
636099 
505030 
636102 
636103 
636104 
636105 
505034 
636106 
636109 
505038 
636112 
636115 
505045 
636120 
505049 
505053 
636125 
505057 
636130 
636135 
505064 
505068 
505072 
636144 
636147 
505076 
636150 
636153 
505083 
636158 
505088 
636161 
636164 
505093 
636167 
505098 
636172 
636177 
505107 
636182 
505111 
505115 
636187 
505119 
636196 
505126 
636199 
636202 
505131 
636205 
505136 
636210 
505141 
636213 
636216 
636219 
505150 
636224 
505155 
636227 
636230 
505160 
636233 
505165 
636238 
636243 
636245 
505174 
636247 
636249 
505178 
636252 
505182 
636255 
505186 
636258 
636261 
505193 
636266 
505197 
636271 
505201 
636276 
505205 
505212 
636285 
636286 
636287 
636288 
505217 
636289 
505222 
636294 
505227 
636301 
636306 
505236 
505240 
636313 
505244 
636316 
636319 
505248 
636322 
505255 
636327 
505260 
636332 
505265 
636337 
505270 
636342 
505279 
636351 
505282 
636354 
505285 
636357 
505288 
636360 
505293 
636365 
505297 
636370 
505301 
636375 
505305 
636380 
505312 
505316 
636389 
636391 
505320 
636393 
636395 
505324 
636398 
636401 
505331 
636404 
505334 
636407 
505337 
505340 
636412 
636415 
505345 
636418 
505349 
636421 
505353 
636426 
636428 
505357 
636430 
636432 
636435 
505364 
505368 
636440 
505372 
636445 
505376 
636450 
505383 
505386 
636459 
505389 
636463 
505392 
636467 
505397 
636471 
505401 
505405 
636478 
505409 
636482 
636486 
505416 
636490 
505420 
505424 
636497 
636499 
505428 
636501 
636503 
636506 
505435 
636507 
636508 
636509 
505438 
636510 
505441 
636513 
505444 
636516 
636519 
505449 
636524 
505453 
505457 
636529 
505461 
636534 
636539 
505468 
505472 
505476 
636548 
636550 
505480 
636552 
636554 
636557 
505487 
636559 
636561 
505490 
636563 
505493 
636566 
505496 
636571 
505501 
636576 
505505 
505509 
636581 
505513 
636590 
636591 
505520 
636592 
636593 
636594 
505524 
636597 
505528 
636600 
636603 
505532 
636608 
505539 
636611 
636614 
505542 
636617 
505545 
505548 
636622 
636624 
505553 
636626 
636628 
505557 
636631 
505561 
636635 
505565 
636639 
636643 
505572 
505576 
636650 
505580 
636654 
505584 
636658 
636662 
505591 
505594 
636669 
505597 
636671 
505600 
636673 
636675 
505605 
636678 
636679 
636680 
636681 
505609 
636682 
505613 
636686 
505617 
636690 
636694 
505624 
505628 
636701 
505632 
636706 
505636 
636711 
505643 
636716 
505646 
505649 
505652 
636725 
636729 
505657 
636733 
505661 
636737 
505665 
505669 
636744 
636747 
505676 
636750 
505680 
636753 
505684 
636758 
505688 
636763 
505695 
636768 
505698 
636773 
505701 
505704 
505709 
636782 
636785 
505713 
636788 
505717 
636791 
505721 
636796 
636799 
505728 
636802 
505732 
636805 
505736 
636810 
505740 
636813 
636816 
636819 
505747 
505750 
636824 
505753 
636827 
505756 
636830 
636833 
505761 
505765 
636838 
636841 
505769 
636844 
505773 
636847 
636852 
505780 
636854 
636856 
505784 
636859 
505788 
636862 
505792 
636865 
636868 
505799 
636873 
505802 
636877 
505805 
505808 
636881 
636885 
505813 
505818 
636892 
636895 
505823 
636898 
505828 
636901 
636906 
636909 
505837 
636912 
505841 
636917 
505845 
636921 
505849 
636926 
636927 
636928 
505856 
636929 
505860 
636933 
505864 
636937 
505868 
636941 
505875 
636948 
636951 
505879 
636954 
505883 
636957 
505887 
636962 
636965 
505894 
636968 
505898 
636971 
505902 
636976 
505906 
636981 
505913 
636986 
505918 
636991 
505923 
637000 
505928 
637005 
505937 
637010 
505942 
637015 
505947 
637024 
505952 
637027 
637030 
637033 
505961 
505965 
637038 
637040 
505969 
637042 
637044 
505973 
637047 
637050 
505980 
637053 
637056 
505985 
637061 
505990 
637064 
637067 
505995 
637070 
637075 
506004 
506008 
637081 
506012 
637087 
506016 
637093 
506023 
506028 
637104 
506033 
637109 
506038 
637114 
637119 
506047 
506052 
637128 
506057 
637131 
637134 
506062 
637137 
637142 
506071 
637145 
506075 
637148 
637151 
506079 
506083 
637156 
637159 
637162 
506090 
637165 
506094 
637170 
506098 
637174 
506102 
637178 
506109 
637182 
506114 
637189 
506119 
637192 
637195 
506124 
637198 
637203 
506133 
637208 
506137 
637213 
506141 
506145 
637218 
506152 
637227 
506157 
637231 
506162 
637235 
637239 
506167 
637246 
506176 
637250 
506179 
637254 
506182 
506185 
637258 
506190 
637265 
506194 
637267 
637269 
506198 
637271 
637274 
506202 
637275 
637276 
637277 
637278 
637281 
506209 
637284 
506213 
637287 
506217 
637292 
506221 
637297 
506228 
637302 
506231 
506234 
637307 
506237 
506242 
637316 
637318 
506246 
637320 
637322 
506250 
637325 
506254 
637327 
637329 
637331 
506261 
637334 
506265 
637339 
506269 
637344 
506273 
637349 
506280 
506283 
637358 
506286 
637359 
637360 
637361 
506289 
637362 
637365 
506294 
637368 
506298 
637371 
506302 
637376 
506306 
637379 
637382 
637385 
506313 
506317 
637390 
637392 
506321 
637394 
637396 
506325 
637399 
637404 
506332 
506335 
637409 
506338 
506341 
637414 
506346 
506350 
637423 
637425 
506354 
637427 
637429 
506358 
637432 
637433 
637434 
637435 
637436 
506365 
637440 
506369 
637444 
506373 
637448 
506377 
637455 
506384 
506387 
637460 
506390 
637465 
506393 
637470 
506398 
506402 
506406 
637479 
506410 
637483 
637487 
506417 
637491 
506421 
506425 
637498 
637501 
506429 
637504 
637507 
506436 
506439 
637512 
506442 
637517 
506445 
637522 
506450 
506454 
637527 
506458 
506462 
637536 
637539 
506469 
637542 
637545 
506473 
506477 
637550 
637553 
506481 
637556 
637559 
506488 
506491 
637564 
506494 
637567 
506497 
637570 
637573 
506502 
637578 
506506 
637582 
506510 
637586 
506514 
637590 
506521 
637597 
506525 
637600 
506529 
637603 
506533 
637606 
637611 
506540 
637613 
637615 
506543 
637617 
506546 
637620 
506549 
637624 
506554 
637628 
506558 
637632 
506562 
506566 
637639 
637643 
506573 
637647 
506577 
637651 
506581 
506585 
637658 
637661 
637664 
506592 
637667 
506595 
506598 
637672 
506601 
637675 
637678 
506606 
637681 
506610 
637686 
506614 
637689 
506618 
637692 
637695 
506625 
637700 
637701 
506629 
637702 
637703 
637704 
506633 
637707 
506637 
637710 
637713 
506644 
637718 
506647 
637721 
506650 
637724 
506653 
637727 
506658 
637732 
637734 
506662 
637736 
637738 
506666 
637741 
506670 
637744 
637747 
506677 
637750 
506681 
637755 
506685 
637759 
506689 
637763 
637767 
506696 
506699 
637774 
506702 
637777 
506705 
637780 
506710 
637783 
506715 
637788 
637791 
506720 
637794 
637797 
506725 
637802 
637806 
506734 
637810 
506738 
637814 
506742 
506746 
637821 
637823 
637825 
506753 
637827 
506756 
637830 
506759 
637833 
506762 
637836 
637839 
506767 
506771 
637844 
637846 
506775 
637848 
637850 
506779 
637853 
637856 
506786 
637859 
637862 
506792 
637867 
637868 
637869 
637870 
506798 
637871 
637874 
506804 
637877 
637880 
637885 
506815 
637888 
637891 
506820 
637894 
506825 
637899 
637902 
506830 
637905 
637908 
506839 
637913 
506843 
637916 
637919 
506847 
637922 
506851 
637927 
506858 
637932 
506862 
637937 
506866 
637942 
506870 
506877 
637951 
506882 
637955 
637959 
506887 
637963 
506892 
637970 
506901 
637974 
637978 
506906 
637982 
506911 
506916 
637989 
637991 
637993 
637995 
506925 
637998 
637999 
638000 
638001 
506929 
638002 
638005 
506933 
638008 
506937 
638011 
638016 
506944 
638021 
506949 
638026 
506954 
638031 
506959 
638040 
506968 
638042 
638044 
506973 
638046 
638049 
506978 
638051 
638053 
638055 
506983 
638058 
638063 
506992 
638068 
506996 
507000 
638073 
507004 
638082 
638083 
507011 
638084 
638085 
638086 
507016 
638089 
638092 
507021 
638095 
507026 
638100 
638103 
638106 
507035 
638109 
507040 
638114 
638116 
507045 
638118 
638120 
507050 
638123 
638128 
507059 
638133 
507063 
638138 
507067 
507071 
638147 
638150 
507078 
638153 
507083 
638156 
507088 
638161 
638165 
507093 
638169 
638173 
507102 
507107 
638180 
638182 
638184 
507112 
638186 
638189 
507117 
638190 
638191 
638192 
638193 
638196 
507126 
638199 
638202 
507130 
507134 
638207 
507138 
638212 
638217 
507145 
638222 
507150 
507155 
638231 
507160 
638235 
638239 
507169 
638243 
507174 
638250 
507179 
638253 
638256 
507184 
638259 
638264 
507193 
638269 
507197 
507201 
638274 
507205 
638279 
507212 
638288 
507217 
638291 
638294 
507222 
638297 
507227 
638302 
638305 
638308 
507236 
638311 
507241 
638316 
507246 
638319 
638322 
507251 
638325 
638330 
507260 
638333 
638336 
507264 
638339 
507268 
638344 
507272 
638347 
638350 
507279 
638353 
507284 
638358 
638360 
507289 
638362 
638364 
507294 
638367 
638370 
638373 
507303 
638378 
507308 
638381 
638384 
507313 
638387 
507318 
638392 
638393 
638394 
638395 
638397 
638399 
507327 
638401 
507331 
638404 
638407 
507335 
638410 
507339 
638413 
638418 
507346 
638419 
638420 
638421 
638422 
507351 
638425 
638428 
507356 
638431 
507361 
638436 
638437 
638438 
638439 
638440 
507370 
638444 
507374 
638448 
507378 
638452 
507382 
638459 
507389 
638462 
638465 
507393 
638468 
507397 
638473 
507401 
638477 
507408 
638481 
638485 
507413 
507418 
638492 
638495 
507423 
638498 
638501 
507432 
638506 
638508 
507436 
638510 
638512 
507440 
638515 
507444 
638519 
638523 
507451 
638527 
507455 
507459 
638534 
507463 
638536 
638538 
638540 
507470 
638543 
638546 
638549 
507477 
638552 
507484 
638557 
638560 
638563 
507491 
638566 
638571 
638574 
507504 
638577 
638580 
507508 
507512 
638585 
638588 
507516 
638591 
638594 
507523 
638599 
507527 
638601 
638603 
507531 
638605 
507535 
638608 
638611 
638614 
507542 
638617 
507545 
507548 
507551 
638626 
507556 
638632 
507560 
638635 
507564 
638637 
638639 
507568 
638641 
638644 
507575 
638649 
507579 
638654 
507583 
638659 
507587 
507594 
638668 
507597 
638672 
507600 
507603 
638676 
638680 
507608 
507612 
638687 
507616 
638691 
507620 
638695 
638699 
507627 
507631 
638706 
507635 
638708 
638710 
507639 
638712 
638715 
638716 
638717 
638718 
507646 
638719 
507649 
638722 
507652 
638725 
507655 
638728 
507660 
638733 
507664 
638738 
507668 
638743 
507672 
638748 
507679 
507683 
638757 
638759 
507687 
638761 
638763 
507691 
638766 
638768 
638770 
507698 
638772 
507701 
638775 
507704 
507707 
638780 
507712 
638785 
507716 
638790 
507720 
507724 
638799 
638800 
638801 
638802 
638803 
507731 
638806 
507735 
638809 
507739 
638812 
507743 
638817 
638820 
507750 
638823 
507753 
638826 
507756 
638831 
507759 
638835 
507764 
638839 
507768 
638843 
507772 
507776 
638850 
638855 
507783 
507787 
638860 
507791 
638865 
507795 
638874 
507802 
638876 
507805 
638878 
638880 
507808 
638883 
507811 
638885 
638887 
507816 
638889 
638892 
507820 
638893 
638894 
638895 
638896 
507824 
638899 
507828 
638902 
638905 
507835 
638910 
507839 
638912 
638914 
507843 
638916 
638919 
507847 
638924 
507854 
638929 
507857 
507860 
638934 
507863 
507868 
638943 
507872 
638947 
507876 
638951 
507880 
638955 
507887 
638962 
507891 
638965 
507895 
638968 
638971 
507899 
638976 
507906 
638981 
507909 
507912 
638986 
507915 
638991 
507920 
507924 
639000 
507928 
639003 
507932 
639006 
639009 
507939 
639014 
507943 
639017 
507947 
639020 
639023 
507951 
639028 
507958 
639031 
507961 
639034 
507964 
639037 
507967 
639042 
507972 
639046 
507976 
639050 
507980 
639054 
507984 
639061 
639063 
507991 
639065 
639067 
507995 
639070 
507999 
639072 
639074 
508003 
639076 
639079 
639082 
508010 
508012 
639085 
508014 
639088 
508016 
508019 
639093 
508023 
639097 
508027 
639101 
508031 
639105 
508038 
639112 
508042 
639115 
639118 
508046 
639121 
508050 
639126 
639129 
508057 
508059 
639132 
508061 
639135 
508063 
508066 
639140 
508070 
639143 
639146 
508074 
639149 
508078 
639154 
639155 
639156 
639157 
508085 
639158 
639160 
508089 
639162 
639165 
508093 
639168 
508097 
639171 
639174 
508104 
508106 
639179 
508108 
639182 
508110 
639185 
508113 
639188 
508118 
639193 
508123 
639196 
639199 
508128 
639202 
639207 
639209 
508137 
639211 
639213 
508141 
639216 
508145 
639221 
508149 
639226 
508156 
508158 
639231 
508160 
508162 
508165 
639240 
508170 
639243 
639246 
508175 
639249 
508180 
639254 
639257 
639260 
508189 
639263 
508193 
639268 
508197 
639271 
508201 
639274 
639277 
508208 
639282 
508210 
639284 
508212 
639286 
508214 
639288 
508217 
639291 
508222 
639295 
639299 
508227 
639303 
508232 
639310 
508241 
639314 
508245 
639318 
508249 
639322 
508253 
639329 
639332 
508260 
508262 
639335 
508264 
639338 
508266 
508269 
639343 
639346 
508274 
639349 
508279 
639352 
508284 
639357 
639360 
639363 
508293 
639366 
508297 
639371 
639373 
508301 
639375 
639377 
508305 
639380 
639383 
508312 
639386 
508314 
508316 
639389 
508318 
508321 
639394 
639398 
508326 
639402 
508331 
639406 
508336 
639413 
639415 
639417 
508345 
639419 
508349 
639422 
639425 
508353 
639428 
508357 
639431 
639436 
508364 
508366 
508368 
639441 
508370 
508373 
639446 
508378 
639451 
508383 
639460 
508388 
639463 
639466 
639469 
508397 
508401 
639474 
639477 
508405 
639480 
508409 
639483 
639488 
508416 
508418 
639491 
508420 
639494 
508422 
639497 
508425 
639502 
508430 
639505 
508435 
639508 
639511 
508440 
639516 
639519 
508449 
639522 
639525 
508453 
508457 
639530 
639532 
508461 
639534 
639536 
639539 
508468 
639541 
508470 
639543 
508472 
639545 
508474 
639548 
508477 
639552 
508482 
639556 
508487 
639560 
508492 
639567 
639572 
508501 
639577 
508505 
508509 
639582 
508513 
639591 
508520 
508522 
639595 
508524 
508526 
639599 
508529 
639603 
508534 
639610 
508539 
639613 
639616 
508544 
639619 
639624 
508553 
639627 
508557 
639630 
639633 
508561 
508565 
639638 
639641 
639644 
508572 
508574 
639647 
508576 
508578 
639652 
508581 
639655 
639658 
508586 
639661 
508591 
639666 
639668 
508596 
639670 
639672 
639675 
639677 
508605 
639679 
639681 
508609 
639684 
508613 
639687 
508617 
639690 
639693 
508624 
639698 
508626 
639700 
508628 
639702 
508630 
639704 
508633 
639707 
508637 
639711 
508641 
639715 
508645 
639719 
508652 
639726 
508656 
639729 
639732 
508660 
639735 
508664 
639740 
639743 
508671 
508673 
639746 
508675 
639749 
508677 
508680 
639754 
508684 
639757 
639760 
508688 
639763 
508692 
639768 
639770 
508699 
639772 
639774 
508703 
639777 
508707 
639780 
639783 
508711 
639786 
508718 
639791 
508720 
508722 
639796 
508724 
508727 
639801 
508731 
639806 
508735 
508739 
639815 
508746 
639819 
508750 
639823 
508754 
639827 
508758 
639834 
508765 
639838 
508767 
508769 
639842 
508771 
639846 
508774 
508778 
639853 
508782 
639855 
639857 
508786 
639859 
639862 
639863 
639864 
639865 
508793 
639866 
639869 
508797 
639872 
508801 
639875 
508805 
639880 
508812 
639885 
508814 
508816 
639890 
508818 
508821 
639895 
508825 
508829 
639904 
508833 
639906 
639908 
639910 
508840 
639913 
639915 
508844 
639917 
639919 
508848 
639922 
508852 
639927 
508859 
639932 
508861 
508863 
639937 
508865 
508868 
508872 
639946 
639947 
639948 
508876 
639949 
639950 
508880 
639953 
639956 
639959 
508887 
508891 
639964 
639967 
508895 
639970 
508899 
639973 
639978 
508906 
508908 
508910 
639983 
508912 
508915 
639988 
508919 
639993 
508923 
508927 
640002 
640004 
640006 
508934 
640008 
508938 
640011 
640013 
508942 
640015 
640017 
508946 
640020 
640024 
508953 
508955 
640028 
508957 
508959 
640032 
508962 
508966 
640039 
640040 
640041 
640042 
508970 
640043 
640046 
508974 
640049 
640052 
508981 
640057 
508985 
640059 
640061 
508989 
640063 
508993 
640066 
640069 
640072 
509000 
509002 
640075 
509004 
509006 
640080 
509009 
640085 
509013 
509017 
640090 
509021 
640095 
509028 
640104 
509032 
640108 
509036 
640112 
509040 
640116 
509047 
509049 
640123 
509051 
509053 
640127 
509056 
640131 
509060 
640135 
509064 
509068 
640142 
640144 
640146 
509075 
640148 
640151 
509079 
640152 
640153 
640154 
640155 
509083 
640158 
509087 
640161 
640164 
509094 
640169 
509097 
640171 
509100 
640173 
640175 
509103 
640178 
509110 
640184 
509113 
509117 
509119 
640193 
509121 
509123 
509126 
640199 
509128 
509130 
509132 
509135 
509138 
640211 
509141 
640214 
509144 
640217 
640220 
509149 
509151 
640225 
509153 
640227 
509155 
640229 
509158 
640231 
509160 
640234 
509162 
509164 
640238 
509167 
509170 
640243 
509173 
640246 
509176 
640249 
640252 
509181 
509183 
640257 
509185 
509187 
640260 
509190 
640263 
509192 
640266 
509194 
509196 
640271 
509199 
640273 
509202 
640275 
640277 
509205 
640280 
509208 
640283 
509213 
640286 
509215 
640289 
509217 
509219 
640294 
509222 
509224 
640297 
509226 
640300 
509228 
640303 
509231 
509234 
640308 
509237 
640310 
640312 
509240 
640314 
640317 
509245 
640320 
509248 
640323 
509251 
640326 
509254 
640331 
509259 
509261 
640334 
509263 
640337 
509265 
640340 
509268 
509271 
640345 
509274 
640347 
640349 
509277 
640351 
640354 
509282 
640357 
509285 
640360 
509288 
640363 
509291 
640368 
509296 
509298 
640371 
509300 
640374 
509302 
640377 
509305 
509308 
640382 
509311 
640384 
640386 
509314 
640388 
640391 
509319 
509321 
640394 
509323 
640397 
509325 
640400 
509328 
509330 
509332 
640405 
509334 
640408 
509337 
640411 
509340 
640414 
509343 
509346 
640419 
640421 
640423 
509351 
640425 
509354 
640428 
509357 
640431 
509360 
640434 
640437 
509365 
509367 
509369 
640442 
509371 
509374 
640447 
509377 
640452 
509380 
509383 
640457 
509388 
509390 
509392 
640466 
509394 
509397 
640471 
509399 
509401 
509403 
640476 
509406 
640481 
509409 
509412 
509415 
640490 
509420 
640495 
509423 
509426 
640500 
509429 
640505 
509434 
509436 
509438 
509440 
640514 
509443 
509446 
640519 
509449 
640524 
509452 
640529 
509457 
509459 
509461 
509464 
640538 
509466 
509468 
640541 
509470 
640544 
509473 
640547 
509476 
509479 
640552 
640555 
509484 
640558 
509487 
640561 
509489 
509492 
640566 
640571 
509500 
509503 
640576 
640581 
509511 
640590 
509519 
640593 
640596 
509525 
640599 
640604 
509535 
640608 
640612 
509543 
640616 
509550 
640623 
640627 
509556 
640631 
509561 
640635 
640642 
509570 
640644 
640646 
509575 
640648 
640651 
640652 
640653 
640654 
509582 
640655 
640658 
509586 
640661 
509589 
640664 
509594 
509596 
640669 
509598 
509600 
640674 
509603 
509605 
640679 
509607 
509609 
640684 
509612 
509615 
509618 
640693 
509621 
640695 
640697 
509626 
640699 
509628 
640702 
509630 
640704 
509632 
640706 
509635 
640708 
509637 
640711 
509639 
509641 
640716 
509644 
509647 
640721 
509650 
509653 
640726 
509658 
509660 
509662 
640735 
640736 
509664 
640737 
640738 
640739 
509667 
509669 
640742 
509671 
640745 
509673 
640748 
509676 
509679 
640753 
509682 
640756 
509685 
640759 
640762 
509690 
509692 
509694 
640767 
509696 
509699 
640772 
509701 
509703 
640777 
509705 
509708 
640782 
509711 
509714 
509717 
640791 
640793 
509722 
640795 
509724 
640797 
509726 
640800 
509728 
640802 
509731 
640804 
509733 
640806 
509735 
640809 
509737 
509740 
640813 
509743 
640817 
509746 
640821 
509749 
509754 
640828 
509756 
640829 
640830 
509758 
640831 
640832 
509760 
640835 
509763 
509765 
640838 
509767 
640841 
509769 
509772 
640846 
509775 
640848 
640850 
509778 
640852 
509781 
640855 
509786 
640860 
509788 
509790 
509792 
640865 
509795 
509797 
640870 
509799 
509801 
509804 
640879 
509807 
640881 
509810 
640883 
640885 
509813 
640888 
640890 
509818 
640892 
509820 
640894 
509822 
509824 
640897 
509827 
509829 
640902 
509831 
509833 
640907 
509836 
509839 
640912 
509842 
509845 
640921 
640922 
509850 
640923 
640924 
509852 
640925 
509854 
640928 
509856 
640931 
509859 
509861 
640934 
509863 
509865 
640939 
509868 
640942 
509871 
640945 
509874 
640948 
509877 
640953 
509882 
640956 
509884 
509886 
640959 
509888 
640962 
509891 
509893 
640967 
509895 
509897 
640972 
509900 
509903 
640977 
509906 
509909 
640982 
509914 
509916 
509918 
640991 
509920 
640995 
509923 
509925 
640999 
509927 
509929 
641003 
509932 
509935 
641010 
509938 
509941 
641014 
641018 
509946 
509948 
641022 
509950 
509952 
509955 
641029 
509957 
641031 
509959 
641033 
509961 
641035 
509964 
641038 
641039 
509967 
641040 
641041 
641042 
509970 
641045 
509973 
641048 
509978 
641051 
509980 
509982 
641056 
509984 
641059 
509987 
509989 
641062 
509991 
641065 
509993 
509996 
641070 
509999 
510002 
641075 
510005 
641080 
510010 
510012 
641085 
510014 
510016 
510019 
510021 
641094 
510023 
510025 
641098 
510028 
641102 
510031 
641106 
510034 
510037 
641113 
510042 
510044 
641117 
510046 
510048 
641121 
510051 
641125 
510053 
510055 
510057 
641132 
510060 
641134 
510063 
641136 
641138 
510066 
641141 
510069 
641142 
641143 
641144 
641145 
510074 
641148 
510076 
510078 
641151 
510080 
641154 
510083 
510085 
641159 
510087 
510089 
641162 
510092 
641165 
510095 
641168 
510098 
641173 
510101 
641178 
510106 
510108 
510110 
641183 
510112 
510115 
641188 
510117 
510119 
510121 
510124 
641197 
510127 
641201 
510130 
641205 
510133 
641209 
510138 
510140 
510142 
641216 
510144 
510147 
641220 
510149 
510151 
641224 
510153 
641228 
510156 
510159 
510162 
641235 
641237 
510165 
641239 
641241 
510170 
641244 
510172 
641245 
641246 
510174 
641247 
641248 
510176 
641251 
510179 
510181 
641254 
510183 
641257 
510185 
510188 
641262 
510191 
641265 
510194 
641268 
510197 
641271 
510202 
641276 
510204 
510206 
510208 
641281 
510211 
510213 
641286 
510215 
510217 
641291 
510220 
510223 
510226 
641300 
510229 
641304 
510234 
641308 
510236 
510238 
641312 
510240 
510243 
510245 
641319 
510247 
510249 
641323 
510252 
641327 
510255 
510258 
641331 
510261 
641338 
510266 
641340 
510268 
641342 
510270 
641344 
510272 
641347 
510275 
641348 
641349 
510277 
641350 
641351 
510279 
510281 
641354 
510284 
641357 
510287 
641360 
510290 
641365 
510293 
641368 
510298 
641371 
510300 
641374 
510302 
510304 
641379 
510307 
510309 
510311 
641384 
510313 
510316 
641389 
510318 
510320 
641394 
510322 
510325 
510328 
641403 
510331 
510333 
641407 
510335 
510338 
641411 
510341 
641415 
510343 
510346 
510348 
641422 
510350 
510352 
641426 
510355 
510357 
641430 
510359 
510361 
641434 
510364 
510367 
641441 
510370 
641443 
641445 
510373 
641447 
641450 
510378 
641451 
641452 
510380 
641453 
641454 
510382 
510384 
641457 
510387 
641460 
510389 
641463 
510391 
510393 
641468 
510396 
641471 
510399 
641474 
510402 
641477 
510405 
641482 
510410 
510412 
510414 
641487 
510416 
510419 
641492 
510421 
510423 
641497 
510425 
510428 
510431 
641506 
510434 
510437 
641510 
641514 
510442 
510444 
641518 
510446 
510448 
510451 
641525 
510453 
510455 
641529 
510457 
510460 
641533 
510463 
641537 
510466 
510469 
641544 
641546 
510474 
641548 
510476 
641550 
510478 
510480 
641553 
641554 
641555 
510483 
641556 
641557 
510485 
510487 
641560 
510489 
641563 
510492 
641566 
510495 
510498 
641571 
510501 
641576 
510506 
510508 
641581 
510510 
510512 
641586 
510515 
510517 
510519 
510521 
641595 
510524 
641598 
510527 
641601 
510530 
641604 
510533 
641609 
510538 
510540 
641613 
510542 
510544 
641617 
510547 
641621 
510549 
510551 
510553 
641628 
510556 
510559 
641632 
510562 
641636 
510565 
641640 
510570 
510572 
510574 
641647 
510576 
641649 
641651 
510579 
641653 
510581 
510583 
641656 
641657 
510585 
641658 
641659 
641660 
510588 
641663 
510591 
641666 
510594 
641669 
510597 
641674 
510602 
510604 
510606 
641679 
510608 
510611 
641684 
510613 
510615 
641689 
510617 
510620 
510623 
641698 
510626 
510629 
641703 
510634 
641708 
510636 
510638 
510640 
641713 
510643 
510645 
510647 
510649 
641722 
641724 
510652 
641726 
510655 
641728 
510658 
641731 
641733 
510661 
641735 
641737 
510666 
641740 
510668 
641741 
641742 
510670 
641743 
641744 
510673 
641747 
510675 
510677 
641750 
510679 
641753 
510682 
641758 
510686 
641761 
510689 
641764 
510694 
641767 
510697 
641772 
510700 
510702 
510704 
641777 
510707 
641782 
510711 
510714 
641787 
510719 
510722 
641796 
510725 
641798 
510727 
641800 
510729 
641802 
510732 
641805 
641807 
510735 
641809 
510737 
641811 
510740 
641814 
510745 
641819 
641824 
510752 
641829 
510757 
510761 
641838 
641839 
641840 
510768 
641841 
641842 
510772 
641845 
510775 
641848 
641851 
510780 
641856 
510785 
641859 
641862 
510792 
641865 
510797 
641873 
510801 
641876 
641877 
641879 
510808 
641882 
510812 
641885 
510815 
641888 
641891 
510820 
641893 
641896 
510825 
641899 
510829 
641902 
641903 
641904 
641905 
641906 
641908 
510836 
641910 
641912 
510841 
641915 
641916 
641917 
510845 
641918 
641919 
641921 
641923 
510852 
641925 
641928 
510857 
641930 
641932 
510860 
641934 
641937 
510865 
510867 
641940 
510869 
641943 
510871 
641946 
510874 
510876 
510878 
641951 
641952 
510880 
641953 
641954 
641955 
510883 
641957 
510886 
641959 
641961 
510889 
641964 
510892 
641965 
641966 
641967 
641968 
510897 
641971 
510899 
510901 
641974 
510903 
641977 
510906 
510908 
641982 
510910 
641984 
510912 
641986 
510915 
641988 
510918 
641991 
641993 
510921 
641995 
510924 
641997 
642000 
642001 
510929 
642002 
642003 
510931 
642004 
510933 
510935 
642008 
510938 
642012 
510940 
510942 
642016 
510944 
510947 
510950 
642023 
510953 
642026 
510956 
642029 
642032 
510961 
510963 
642037 
510965 
642039 
510967 
642041 
510970 
642043 
510972 
642046 
510974 
642047 
642048 
510976 
642049 
642050 
510979 
642052 
642054 
510982 
642056 
510985 
642059 
510988 
642062 
642065 
510993 
510995 
642068 
510997 
510999 
642073 
511002 
642075 
511004 
642077 
511006 
642079 
511008 
642082 
511011 
642084 
642086 
511014 
642088 
511017 
642091 
642092 
511020 
642093 
642094 
642095 
511025 
511027 
642100 
511029 
511031 
642104 
511034 
511036 
511038 
642111 
511040 
642114 
511043 
511046 
642119 
642121 
511049 
642123 
511052 
642125 
642128 
642129 
511057 
642130 
511059 
511061 
642134 
511063 
642138 
511066 
511068 
642142 
511070 
511072 
511075 
642149 
511078 
642151 
642153 
511081 
642155 
511084 
642158 
642160 
511089 
642162 
511091 
642164 
511093 
642167 
511095 
642170 
511098 
511100 
642173 
511102 
642176 
511104 
511107 
642181 
511110 
642184 
511113 
642187 
511116 
642190 
511121 
642195 
511123 
642197 
511125 
642199 
511127 
642201 
511130 
642204 
511132 
511134 
642207 
511136 
642210 
511139 
642213 
511142 
511145 
642218 
642220 
511148 
642222 
642224 
511153 
642227 
511155 
642228 
642229 
511157 
642230 
642231 
511159 
642234 
511162 
511164 
642237 
511166 
642240 
511168 
511171 
642245 
511174 
642247 
642249 
511177 
642251 
511180 
642254 
642257 
511185 
511187 
642260 
511189 
642263 
511191 
511194 
642268 
511196 
642270 
511198 
642272 
511200 
642274 
511203 
642277 
511206 
642279 
642281 
511209 
642283 
511212 
642286 
642289 
511217 
511219 
642292 
511221 
642295 
511223 
511226 
642300 
511228 
511230 
642304 
511232 
642307 
511235 
511238 
642312 
511241 
642314 
642316 
511244 
642318 
642321 
511249 
642323 
511251 
642325 
511253 
642327 
511255 
642330 
511258 
642332 
511260 
642334 
511262 
642336 
511264 
642339 
511267 
642340 
642341 
642342 
511270 
642343 
642345 
511273 
642347 
511276 
642349 
642352 
511281 
642354 
511283 
642356 
511285 
642358 
511287 
642361 
511290 
642363 
511292 
642365 
511294 
642367 
511296 
642370 
511299 
642373 
511302 
642376 
511305 
642379 
511308 
642384 
511313 
511315 
642388 
511317 
511319 
642392 
511322 
642396 
511324 
511326 
511328 
642403 
511331 
642405 
511334 
642407 
642409 
511337 
642412 
511340 
642414 
642416 
511345 
642418 
511347 
642421 
511349 
642423 
511351 
642425 
511354 
642427 
511356 
642430 
511358 
642432 
511360 
642434 
511363 
642436 
511366 
642439 
642440 
642441 
511369 
642442 
642443 
511372 
642445 
642447 
642449 
511377 
511379 
642452 
511381 
642454 
511383 
642456 
642458 
511386 
511388 
642461 
511390 
642464 
511392 
642467 
511395 
642470 
511398 
511401 
642475 
511404 
642478 
642481 
511409 
511411 
642484 
511413 
511415 
642489 
511418 
642491 
511420 
642493 
511422 
642496 
511424 
642499 
511427 
642502 
511430 
642505 
511433 
511436 
642510 
642512 
511441 
642514 
511443 
642516 
511445 
642519 
511447 
642521 
511450 
642523 
511452 
642525 
511454 
642528 
511456 
642530 
511459 
642532 
511462 
642535 
511465 
642538 
511468 
642541 
642544 
511473 
511475 
642549 
511477 
511479 
642553 
511482 
511484 
642557 
511486 
511488 
642561 
511491 
511494 
642568 
511497 
642571 
511500 
642573 
642576 
511505 
511507 
642580 
511509 
642583 
511511 
511514 
642588 
511516 
511518 
642591 
511520 
642594 
511523 
642597 
511526 
511529 
642602 
511532 
642605 
642608 
511537 
642611 
511539 
511541 
511543 
642616 
642617 
642618 
511546 
642619 
642620 
511548 
511550 
642624 
511552 
511555 
642628 
511558 
642632 
511561 
511564 
642639 
642640 
642641 
511569 
642642 
511571 
642644 
511573 
642646 
511575 
642648 
511578 
642651 
511580 
642653 
511582 
642655 
511584 
642657 
511587 
642660 
511589 
642663 
511591 
511593 
642666 
511596 
642669 
511598 
511600 
642674 
511602 
642677 
511605 
511607 
642680 
511609 
642683 
511611 
511614 
642688 
511616 
642690 
511618 
642692 
511620 
642694 
511623 
642697 
511625 
511627 
642700 
511629 
642703 
511632 
642706 
511634 
511636 
511638 
642711 
511641 
642714 
511643 
642717 
511645 
511647 
642720 
511650 
511652 
642725 
511654 
642728 
511656 
642731 
511659 
511661 
642734 
511663 
511665 
642739 
511668 
642742 
511670 
511672 
642745 
511674 
642748 
511677 
511679 
642753 
511681 
642755 
511683 
642757 
511686 
642759 
511688 
642762 
511690 
511692 
642765 
511695 
642768 
511697 
642771 
511699 
511701 
642776 
511704 
642778 
511706 
642780 
511708 
642782 
511710 
642785 
511713 
511715 
642789 
511717 
511719 
642793 
511722 
511724 
642797 
511726 
511728 
511731 
642804 
511733 
642806 
511735 
642808 
511737 
642810 
511740 
642813 
511742 
642816 
511744 
511746 
642819 
511749 
642822 
511751 
511753 
642827 
511755 
511758 
642831 
511760 
511762 
642835 
511764 
642839 
511767 
511769 
511771 
511773 
642846 
511776 
642850 
511778 
511780 
642854 
511782 
511785 
642858 
511787 
511789 
511791 
642865 
511794 
511796 
642869 
511798 
511800 
642873 
511803 
642877 
511805 
511807 
511809 
642884 
511812 
511814 
642887 
511816 
642890 
511818 
642893 
511821 
511823 
511825 
642898 
511827 
642901 
511830 
642904 
511832 
511834 
642907 
511836 
511839 
642912 
511841 
642914 
511843 
642916 
511845 
642918 
511848 
642921 
511850 
642924 
511852 
511854 
642927 
511857 
642930 
511859 
511861 
642935 
511863 
642938 
511866 
511868 
642941 
511870 
642944 
511872 
511875 
642949 
511877 
511879 
642953 
511881 
511884 
642957 
511886 
511888 
642961 
511890 
511893 
511895 
642968 
511897 
642970 
511899 
642972 
642974 
511902 
511904 
642977 
511906 
642980 
511908 
642983 
511911 
511913 
642986 
511915 
511917 
642991 
511920 
642994 
511922 
511924 
642997 
511926 
643000 
511929 
511931 
643005 
511933 
511935 
643008 
511938 
643011 
511940 
643014 
511942 
511944 
643019 
511947 
511949 
643023 
511951 
511953 
643027 
511956 
511958 
643031 
511960 
511962 
511965 
643038 
511966 
511967 
511968 
643041 
511969 
643044 
511973 
643047 
511977 
643052 
511981 
643055 
643058 
511988 
643061 
511992 
643066 
643068 
511996 
643070 
643072 
512000 
643075 
643078 
512007 
643081 
512010 
643084 
512013 
512016 
643089 
643091 
643093 
512021 
643095 
512025 
643098 
643100 
512029 
643102 
643104 
512033 
643107 
643110 
512040 
643113 
643116 
512044 
512048 
643121 
643124 
512052 
643127 
643130 
512059 
512062 
643135 
512065 
643139 
512068 
643142 
512073 
643147 
512077 
643150 
643153 
512081 
643156 
512085 
643161 
643163 
512092 
643165 
643167 
512096 
643170 
643172 
512100 
643174 
643176 
512104 
643179 
643181 
643183 
512111 
643185 
512114 
643188 
512117 
643191 
512120 
643194 
643197 
512125 
512127 
512129 
643202 
643203 
512131 
643204 
643205 
643206 
512134 
512136 
643210 
512138 
512140 
643213 
512143 
643218 
512146 
643220 
512149 
643222 
643224 
512152 
643227 
512157 
643230 
512159 
643233 
512161 
512163 
643236 
512166 
512168 
643241 
512170 
643243 
512172 
643245 
512175 
643248 
643249 
643250 
512178 
643251 
643252 
512181 
643256 
512184 
643260 
512189 
512191 
643264 
512193 
512195 
512198 
643271 
512200 
643274 
512202 
512204 
643277 
512207 
643280 
512210 
643285 
512213 
643287 
512216 
643289 
643291 
512221 
643294 
512223 
512225 
643298 
512227 
643302 
512230 
512232 
643306 
512234 
512236 
512239 
643313 
512242 
643316 
512245 
643319 
512248 
643322 
512253 
643327 
512255 
643329 
512257 
643331 
512259 
643333 
512262 
643336 
512264 
643338 
512266 
643340 
512268 
643342 
512271 
643345 
643346 
512274 
643347 
643348 
643349 
512277 
643351 
512280 
643353 
643355 
512285 
643358 
512287 
643360 
512289 
643362 
512291 
643364 
512294 
643367 
512296 
643370 
512298 
512300 
643373 
512303 
643376 
512306 
643381 
512309 
512312 
643385 
643389 
512317 
512319 
643393 
512321 
512323 
512326 
643400 
512328 
512330 
643404 
512332 
512335 
643408 
512338 
643412 
512341 
512344 
643419 
512349 
643422 
512351 
643425 
512353 
512355 
643428 
512358 
512360 
643433 
512362 
643435 
512364 
643437 
643439 
512367 
643442 
512370 
512373 
643446 
512376 
643450 
512381 
643454 
512383 
512385 
512387 
643461 
512390 
512392 
643465 
512394 
512396 
643469 
512399 
643473 
512402 
512405 
643480 
512408 
643483 
512413 
643486 
512415 
643489 
512417 
512419 
643494 
512422 
643496 
512424 
643498 
512426 
643500 
512428 
643503 
512431 
643505 
512434 
643507 
643509 
512437 
643512 
512440 
643514 
643516 
512445 
643518 
512447 
643521 
512449 
512451 
643524 
512454 
643527 
512456 
643530 
512458 
512460 
643535 
512463 
643538 
512466 
643541 
512469 
643544 
512472 
643549 
512477 
643551 
512479 
643553 
512481 
643555 
512483 
643558 
512486 
643560 
512488 
643562 
512490 
643564 
512492 
643567 
512495 
512498 
643571 
512501 
643575 
512504 
643579 
512509 
512511 
512513 
643586 
512515 
643588 
643590 
512518 
643592 
512520 
512522 
643595 
512524 
643598 
512527 
643601 
512530 
643604 
512533 
512536 
643609 
643613 
512541 
512543 
643617 
512545 
512547 
643621 
512550 
512552 
512554 
643628 
512556 
643631 
512559 
643634 
512562 
643637 
512565 
512568 
643642 
643645 
512573 
512575 
643648 
512577 
643651 
512579 
512582 
643656 
512584 
512586 
643660 
512588 
512591 
643664 
512594 
643668 
512597 
512600 
643675 
643677 
512605 
643679 
512607 
643681 
512609 
512611 
643684 
512614 
643687 
512616 
643690 
512618 
512620 
643693 
512623 
643698 
512626 
643699 
643700 
643701 
512629 
643702 
512632 
643705 
643708 
512637 
643711 
512639 
512641 
512643 
643716 
643718 
512646 
643720 
512648 
643722 
512650 
512652 
643725 
512655 
643728 
512658 
643731 
512661 
643734 
512664 
643739 
643741 
512669 
643743 
512671 
643745 
512673 
512675 
643748 
512678 
643752 
512680 
512682 
643756 
512684 
512687 
643760 
512690 
512693 
643767 
512696 
643769 
643771 
643773 
512701 
512703 
643776 
512705 
643778 
512707 
643780 
643782 
512710 
512712 
643785 
512714 
512716 
643789 
512719 
643793 
512722 
643797 
512725 
512728 
643804 
512733 
512735 
643808 
512737 
512739 
643812 
512742 
643816 
512744 
512746 
512748 
643823 
512751 
643825 
512754 
643827 
643829 
512757 
643832 
512760 
643834 
643836 
512765 
643838 
512767 
643841 
512769 
512771 
643844 
512774 
643847 
512776 
643850 
512778 
512780 
643855 
512783 
512786 
643860 
512789 
512792 
643865 
512797 
643870 
512799 
512801 
512803 
512806 
643879 
512808 
643881 
512810 
643883 
512812 
643885 
512815 
643888 
643890 
512818 
643892 
512821 
643894 
512824 
643897 
512829 
643902 
512831 
643905 
512833 
512835 
643910 
512838 
643912 
512840 
643914 
512842 
643916 
512844 
643919 
512847 
643921 
512849 
643923 
512851 
643925 
512853 
643928 
512856 
512858 
643931 
512860 
643933 
512862 
643936 
512865 
643938 
512867 
643940 
512869 
643942 
512871 
643945 
512874 
643948 
512876 
512878 
643951 
512880 
643954 
512883 
643959 
512887 
643960 
643961 
643962 
643963 
512891 
643965 
643967 
512895 
643969 
643972 
643974 
512902 
643976 
643978 
512906 
643981 
512910 
643983 
643985 
512914 
643987 
643990 
512921 
643994 
512924 
643998 
512927 
644002 
512930 
512935 
644009 
512939 
644012 
644015 
512943 
644018 
512947 
644023 
644025 
512954 
644027 
644029 
512958 
644032 
644034 
512962 
644036 
644038 
512966 
644041 
644043 
644045 
512973 
644047 
512976 
644050 
512979 
644052 
644054 
512982 
644056 
644059 
512987 
644060 
644061 
644062 
644063 
512991 
644066 
512995 
644069 
512999 
644072 
644077 
513006 
644079 
644081 
513010 
644083 
644086 
513014 
644087 
644088 
644089 
644090 
513018 
644092 
644094 
644096 
513025 
644099 
513028 
644101 
644103 
513031 
644105 
513034 
644108 
644110 
513039 
644112 
513041 
644114 
513043 
644117 
513045 
644118 
644119 
644120 
513048 
644121 
513050 
644123 
513052 
644125 
513054 
644127 
513057 
644130 
644132 
513060 
644134 
513063 
644136 
513066 
644139 
644140 
644141 
644142 
644143 
513071 
644145 
513073 
644147 
513075 
644149 
513077 
644152 
513080 
644154 
513082 
644156 
513084 
644158 
513086 
644161 
513089 
644163 
513092 
644165 
644167 
513095 
644170 
513098 
644173 
513103 
644176 
513105 
644179 
513107 
513109 
644184 
513112 
644186 
513114 
644188 
513116 
644190 
513118 
644193 
513121 
644194 
644195 
644196 
513124 
644197 
513127 
644201 
513130 
644205 
513135 
644209 
513137 
513139 
513141 
644216 
513144 
644218 
513146 
644220 
513148 
644222 
513150 
644225 
513153 
513156 
644229 
513159 
644233 
513162 
644237 
513167 
513169 
513171 
644244 
513173 
644247 
513176 
644250 
513178 
513180 
644253 
513182 
513185 
644258 
513188 
644261 
513191 
644264 
513194 
644267 
513199 
644272 
513201 
644274 
513203 
644276 
513205 
644278 
513208 
644281 
513210 
513212 
644285 
513214 
644289 
513217 
513220 
644293 
513223 
513226 
644300 
644302 
513231 
644304 
513233 
644306 
513235 
644309 
513237 
644311 
513240 
644313 
513242 
644315 
513244 
644318 
513246 
644320 
513249 
644322 
644324 
513252 
644327 
513255 
644329 
513258 
644331 
644333 
513263 
644336 
513265 
644338 
513267 
644340 
513269 
644342 
513272 
644345 
513274 
644348 
513276 
513278 
644351 
513281 
644354 
513284 
644359 
513287 
513290 
644363 
644367 
513295 
513297 
644371 
513299 
513301 
513304 
644378 
513306 
644380 
513308 
644382 
513310 
644384 
513313 
644387 
513316 
644390 
513319 
644393 
513322 
644396 
513327 
644401 
513329 
644403 
513331 
644405 
513333 
644407 
513336 
644410 
513338 
513340 
644413 
513342 
644416 
513345 
644419 
513348 
513351 
644424 
644426 
513354 
644428 
644430 
513359 
644433 
513361 
513363 
644436 
513365 
644439 
513368 
513370 
644444 
513372 
513374 
644447 
513377 
644450 
513380 
513383 
644456 
513386 
644460 
513391 
513393 
644467 
513395 
644468 
644469 
513397 
644470 
644471 
644472 
513400 
644473 
644474 
513402 
513404 
513406 
644479 
513409 
644484 
513412 
513415 
644489 
513418 
513423 
513425 
644498 
644499 
513427 
644500 
644501 
513429 
644502 
513432 
644505 
513434 
644508 
513436 
513438 
644511 
513441 
644516 
513444 
644519 
513447 
644522 
513450 
644525 
513455 
513457 
644530 
513459 
644532 
513461 
644534 
644536 
513464 
513466 
644539 
513468 
644541 
513470 
644543 
644545 
513473 
644548 
513476 
644549 
644550 
644551 
513479 
644552 
513482 
644555 
644558 
513487 
644561 
513489 
513491 
513493 
644566 
644568 
513496 
644570 
513498 
644572 
513500 
513502 
644575 
513505 
644579 
513508 
644583 
513511 
513514 
644587 
513519 
513521 
644594 
513523 
644596 
513525 
644598 
644600 
513528 
513530 
644603 
513532 
644606 
513534 
644609 
513537 
644612 
513540 
513543 
644617 
513546 
644620 
644623 
513551 
513553 
644626 
513555 
513557 
644631 
513560 
644633 
513562 
644635 
513564 
644637 
513566 
644640 
644641 
513569 
644642 
644643 
644644 
513572 
644646 
513575 
644648 
644650 
513578 
644653 
513583 
644656 
513585 
644659 
513587 
513589 
644662 
513592 
513594 
644667 
513596 
644669 
513598 
644671 
644673 
513601 
644676 
513604 
644679 
513607 
644682 
513610 
644685 
513615 
513617 
644690 
513619 
513621 
644695 
513624 
513626 
644700 
513628 
513630 
644705 
513633 
513636 
513639 
644714 
513642 
644715 
644716 
644717 
644718 
513647 
644720 
513649 
644722 
513651 
644724 
513653 
644727 
513656 
644729 
513658 
644731 
513660 
644733 
513662 
644736 
513665 
644739 
513668 
644742 
513671 
644745 
513674 
644750 
513679 
644752 
513681 
644754 
513683 
644756 
513685 
644759 
513688 
644761 
513690 
644763 
513692 
644765 
513694 
644768 
644769 
513697 
644770 
644771 
644772 
513700 
644775 
513703 
644777 
513706 
644780 
644782 
513711 
644784 
513713 
644786 
513715 
644789 
513717 
644790 
644791 
644792 
513720 
644793 
513722 
644796 
513724 
513726 
644799 
513729 
644802 
513732 
644807 
513735 
644809 
513738 
644811 
644813 
513743 
644816 
513745 
644818 
513747 
644820 
513749 
644822 
513752 
644825 
513754 
644827 
513756 
644829 
513758 
644831 
513761 
644834 
513763 
513765 
644838 
513767 
644842 
513770 
513772 
644846 
513774 
513776 
513779 
644853 
513782 
644857 
513785 
513788 
644861 
644865 
513793 
513795 
513797 
513799 
644872 
513802 
644877 
513805 
513808 
644882 
513811 
644887 
513816 
513818 
513820 
513822 
644896 
644897 
513825 
644898 
644899 
644900 
513828 
644903 
513831 
644906 
513834 
644909 
513839 
644914 
513842 
644917 
513845 
644920 
513848 
644923 
513853 
513855 
644928 
513857 
644931 
513859 
644934 
513862 
644937 
513865 
513868 
644942 
513871 
644944 
644946 
644948 
513876 
644951 
513879 
644953 
513882 
644955 
644957 
513885 
644960 
644962 
513890 
644964 
513892 
644966 
513894 
513896 
644969 
644971 
513899 
644973 
513902 
644975 
513905 
644978 
644979 
644980 
513908 
644981 
644982 
513913 
644986 
513916 
644990 
513919 
644994 
513922 
513927 
645001 
513929 
645003 
513931 
645005 
513933 
645007 
513936 
645010 
513939 
645013 
513942 
645016 
513945 
645019 
513950 
645024 
513953 
645027 
513956 
645030 
513959 
645033 
513964 
645038 
513966 
645040 
513968 
645042 
513970 
645044 
513973 
645047 
645048 
513976 
645049 
645050 
645051 
513979 
645053 
513982 
645055 
645057 
513987 
645060 
513990 
645063 
513993 
645066 
513996 
645069 
514001 
645074 
514003 
645076 
514005 
645078 
514007 
645080 
514010 
645083 
645085 
514013 
645087 
514016 
645090 
514019 
645095 
514024 
514027 
645100 
514030 
645105 
514033 
514038 
514040 
645114 
514042 
645115 
645116 
514044 
645117 
645119 
514047 
645121 
514050 
645123 
514053 
645126 
645128 
514056 
645130 
645132 
514061 
645135 
514064 
645137 
645139 
514067 
645141 
514070 
645146 
514075 
514077 
514079 
645152 
514081 
514084 
514087 
645161 
514090 
645165 
514093 
645167 
645169 
514098 
645171 
514101 
645174 
514104 
645177 
514107 
645180 
645183 
514112 
514114 
645188 
514116 
514118 
645193 
514121 
514124 
645198 
514127 
514130 
645203 
514135 
514138 
645212 
514141 
645214 
645216 
514144 
645218 
645221 
514149 
645223 
514151 
645225 
514153 
645227 
514155 
645230 
514158 
514161 
645234 
514164 
645238 
514167 
645242 
514172 
514175 
645249 
514178 
645252 
514181 
645255 
645258 
514186 
514188 
514190 
645263 
514192 
514195 
645268 
514198 
645273 
514201 
514204 
645278 
514209 
514212 
645287 
514215 
645289 
514218 
645291 
645293 
514223 
645296 
514225 
645298 
514227 
645300 
514229 
645302 
514232 
645305 
645307 
514235 
645309 
514238 
645311 
514241 
645314 
645317 
514246 
645320 
514249 
645323 
514252 
514255 
645328 
645330 
645332 
514260 
645334 
514262 
514264 
645337 
514266 
645339 
645341 
514269 
645343 
514271 
514273 
645346 
645347 
514275 
645348 
645349 
645350 
514278 
645352 
645354 
514282 
645356 
514286 
645359 
645360 
645361 
645362 
514290 
645363 
645367 
514297 
645371 
514301 
645375 
514305 
514309 
645382 
645385 
645388 
514316 
645391 
514320 
645396 
514324 
645397 
645398 
645399 
645400 
514328 
645402 
645404 
645406 
514335 
645409 
514339 
645412 
645415 
514343 
645418 
514347 
645423 
645425 
514354 
645427 
514356 
645429 
514358 
645432 
514360 
645434 
514363 
645436 
645439 
514367 
645442 
514371 
645445 
514375 
645448 
645453 
514382 
645458 
514386 
514390 
645463 
514394 
645468 
514401 
514404 
645477 
645479 
514407 
645481 
514410 
645483 
645486 
514415 
645488 
645490 
514419 
645492 
645495 
514423 
645497 
645499 
514427 
645501 
645504 
645506 
514434 
645508 
645510 
514438 
645513 
645514 
514442 
645515 
645516 
645517 
514446 
645519 
645521 
645523 
514453 
645526 
645527 
645528 
514456 
645529 
645530 
514459 
645534 
514462 
645538 
514467 
645542 
514471 
514475 
645549 
645551 
514479 
645553 
645555 
645558 
514486 
645561 
514490 
645564 
514494 
645567 
514498 
645572 
645575 
514505 
645578 
514508 
645581 
514511 
645586 
514514 
645588 
645590 
514519 
645592 
514521 
645595 
514523 
645596 
645597 
514525 
645598 
645599 
514528 
645601 
514530 
645603 
514532 
645605 
514534 
645608 
514537 
645611 
514540 
645614 
514543 
645617 
514546 
645622 
514551 
645625 
514553 
514555 
645628 
514557 
645631 
514560 
514562 
645636 
514564 
645638 
514566 
645640 
514569 
645642 
514572 
645645 
514575 
645648 
514578 
645651 
645654 
514583 
514585 
645659 
514587 
645661 
514589 
645663 
514592 
645665 
514594 
645668 
514596 
514598 
645671 
514601 
645674 
514604 
645677 
514607 
645682 
514610 
645687 
514615 
514617 
514619 
645692 
514621 
514624 
645697 
514626 
514628 
514630 
514633 
645706 
645707 
645708 
514636 
645709 
645710 
514639 
645712 
645714 
514642 
645716 
645719 
514647 
645721 
514649 
645723 
514651 
645725 
514653 
645728 
514656 
645730 
514658 
645732 
514660 
645734 
514662 
645737 
514665 
645739 
514668 
645741 
645743 
514671 
645746 
514674 
645747 
645748 
645749 
645750 
514679 
514681 
645755 
514683 
514685 
514688 
645762 
514690 
645764 
514692 
645766 
514694 
645768 
514697 
645771 
514700 
645774 
514703 
645777 
514706 
645780 
514711 
645785 
514713 
514715 
645789 
514717 
514720 
645793 
514722 
514724 
514726 
645800 
514729 
645802 
645804 
514732 
645806 
514735 
645809 
514738 
645812 
645815 
514743 
645817 
514745 
645819 
514747 
514749 
645822 
514752 
645826 
514754 
514756 
514758 
645831 
514761 
645834 
514764 
645837 
514767 
645840 
514770 
645845 
645847 
514775 
645849 
514777 
645851 
514779 
514781 
645854 
514784 
514786 
645860 
514788 
514790 
645865 
514793 
514796 
514799 
645874 
514802 
645875 
645876 
645877 
645878 
514807 
645881 
514809 
514811 
514813 
645886 
514816 
645889 
514818 
645891 
514820 
645894 
514822 
645897 
514825 
645900 
514828 
645903 
514831 
514834 
645908 
645910 
514839 
645912 
514841 
645914 
514843 
645917 
514845 
645919 
514848 
645921 
514850 
645923 
514852 
645926 
514854 
514857 
645932 
514860 
514863 
514866 
645939 
645941 
645943 
514871 
645945 
514873 
514875 
645948 
514877 
645951 
514880 
645954 
514882 
514884 
645957 
514886 
514889 
645962 
514892 
645965 
514895 
645968 
514898 
645973 
645975 
514903 
645977 
514905 
645979 
514907 
514909 
645982 
645983 
645984 
514912 
645986 
514914 
645988 
514916 
514918 
645991 
514921 
645995 
514924 
645998 
514927 
514930 
646003 
646006 
514935 
646009 
514937 
514939 
646012 
514941 
514944 
646017 
514946 
646019 
514948 
646021 
514950 
646023 
514953 
646026 
514956 
646031 
514959 
514962 
646036 
514967 
646041 
514969 
514971 
514973 
514976 
646050 
514978 
646051 
646052 
514980 
646053 
646054 
514982 
646056 
514985 
646058 
646060 
514988 
646063 
514991 
646066 
514994 
646068 
646071 
514999 
515001 
646074 
515003 
646077 
515005 
646080 
515008 
515010 
515012 
646085 
515014 
646087 
646089 
515017 
646091 
515020 
646094 
515023 
646096 
646098 
515026 
646100 
646103 
515031 
515033 
646107 
515035 
515037 
646111 
515040 
515042 
646115 
515044 
515046 
515049 
646122 
646124 
515052 
646126 
515055 
646128 
515058 
646131 
646134 
515063 
646137 
515065 
515067 
646140 
515069 
515072 
646145 
515074 
646148 
515076 
515078 
646151 
515081 
646154 
515084 
646159 
515087 
646161 
515090 
646163 
646165 
515095 
646168 
646169 
515097 
646170 
646171 
515099 
646172 
515101 
646174 
646176 
515104 
646178 
515106 
515108 
646181 
515110 
646184 
515113 
646187 
515116 
646190 
515119 
515122 
646195 
646198 
515127 
646201 
515129 
515131 
646204 
515133 
515136 
646209 
515138 
646211 
515140 
646213 
515142 
646215 
515145 
646218 
515148 
646223 
515151 
515154 
646228 
515159 
646233 
515161 
515163 
515165 
515168 
646242 
515170 
646243 
646244 
515172 
646245 
646246 
515174 
646248 
515177 
646250 
646252 
515180 
646255 
515183 
646257 
515186 
646259 
646261 
515191 
646264 
515193 
646267 
515195 
515197 
646270 
515200 
646273 
515202 
515204 
646278 
515206 
646280 
515209 
646282 
646284 
515212 
646287 
515215 
646289 
515218 
646291 
646293 
515223 
646296 
515225 
515227 
646300 
515229 
646304 
515232 
515234 
646308 
515236 
515238 
515241 
646315 
515244 
646317 
646319 
515247 
646321 
515250 
646324 
646327 
515255 
515257 
646330 
515259 
646333 
515261 
515264 
646338 
515267 
646341 
515270 
646344 
515273 
646347 
515278 
646352 
515280 
646354 
515282 
646356 
515284 
646358 
515287 
646361 
515289 
646362 
646363 
515291 
646364 
646365 
515293 
646367 
515296 
646369 
515298 
646371 
515300 
646374 
515302 
646377 
515305 
646380 
515308 
646383 
515311 
515314 
646388 
646391 
515319 
515321 
646394 
515323 
646397 
515325 
515328 
646402 
515330 
646404 
515332 
646406 
515334 
646408 
515337 
646411 
515340 
515343 
646416 
515346 
646421 
515351 
515353 
646426 
515355 
515357 
515360 
515362 
646435 
646436 
515364 
646437 
646438 
515366 
646439 
646441 
515369 
646443 
515372 
646445 
515375 
646448 
646450 
515378 
646452 
646454 
515383 
646457 
515385 
515387 
646460 
515389 
646463 
515392 
646466 
515394 
515396 
515398 
646471 
646473 
515401 
646475 
515404 
646477 
515407 
646480 
646482 
515410 
646484 
646486 
515415 
646489 
515417 
515419 
646493 
515421 
515424 
646497 
515426 
515428 
646501 
515430 
515433 
646508 
515436 
646510 
515439 
646512 
646514 
515442 
646517 
515447 
646520 
515449 
646523 
515451 
515453 
646526 
515456 
515458 
646531 
515460 
646534 
515462 
646537 
515465 
646540 
515468 
515471 
646545 
515474 
646547 
646549 
646551 
515479 
515481 
646554 
646555 
515483 
646556 
646557 
515485 
646558 
646560 
515488 
646562 
515490 
646564 
515492 
515494 
646567 
515497 
646570 
515500 
646573 
515503 
646576 
515506 
646581 
515511 
646584 
515513 
646587 
515515 
515517 
646590 
515520 
515522 
646595 
515524 
646597 
515526 
646599 
646601 
515529 
646604 
515532 
515535 
646609 
515538 
646614 
515543 
515545 
646619 
515547 
515549 
515552 
515554 
646628 
515556 
646629 
646630 
515558 
646631 
646632 
515561 
646634 
646636 
515564 
646638 
515567 
646641 
515570 
646643 
646645 
646647 
515575 
515577 
646650 
515579 
646653 
515581 
646656 
515584 
515586 
646659 
515588 
515590 
646664 
515593 
646667 
515596 
646670 
515599 
646673 
515602 
646678 
515607 
646680 
515609 
646682 
515611 
646684 
515613 
646687 
515616 
515618 
646691 
515620 
515622 
646695 
515625 
646699 
515628 
515631 
646706 
515634 
646708 
646710 
515639 
646712 
515641 
646715 
515643 
515645 
646718 
515648 
646721 
515650 
646724 
515652 
515654 
646729 
515657 
646732 
515660 
646735 
515663 
646738 
515666 
646743 
515671 
646745 
515673 
646747 
515675 
646749 
515677 
646752 
515680 
646753 
646754 
515682 
646755 
646756 
515684 
646758 
515686 
646760 
515689 
646762 
515691 
646765 
515693 
515695 
646768 
515698 
646771 
646774 
515702 
515706 
646779 
646782 
515710 
646785 
646788 
515717 
646793 
515721 
646795 
646797 
515725 
646799 
515729 
646802 
646807 
515736 
515739 
646812 
515742 
646817 
515745 
515750 
646826 
515754 
646827 
646828 
646829 
646830 
515758 
646832 
646834 
515762 
646836 
646839 
646841 
515769 
646843 
646845 
515773 
646849 
515777 
646852 
515781 
646855 
646858 
515788 
515790 
646863 
646864 
515792 
646865 
646866 
515794 
646867 
646869 
515797 
646871 
646873 
515801 
646876 
646877 
515805 
646878 
646879 
646880 
515809 
646882 
646884 
646886 
515816 
646889 
646890 
646891 
646892 
515820 
646893 
646895 
515824 
646897 
646899 
515828 
646902 
646903 
646904 
646905 
646906 
515835 
646908 
646910 
515838 
646912 
515841 
646915 
515844 
646917 
646919 
646921 
515849 
646924 
646925 
515853 
646926 
646927 
646928 
515857 
646930 
646932 
515861 
646934 
646937 
646938 
646939 
646940 
515868 
646941 
646943 
515872 
646945 
646947 
515876 
646950 
646952 
515880 
646954 
646956 
646959 
515887 
646961 
515890 
646963 
646965 
515893 
646968 
515896 
646970 
646972 
515901 
646974 
646977 
515905 
646979 
646981 
515909 
646983 
515913 
646986 
646987 
646988 
646989 
646990 
646992 
515920 
646994 
646996 
515924 
646999 
647000 
515928 
647001 
647002 
647003 
515932 
647006 
647009 
515939 
647012 
515942 
647017 
515945 
647018 
647019 
647020 
515948 
647021 
647023 
647025 
515953 
647027 
515955 
515957 
647030 
647031 
515959 
647032 
647033 
647034 
515962 
647036 
515964 
647038 
515966 
647040 
515968 
647043 
515971 
647046 
515974 
647049 
515977 
647052 
515980 
647057 
515985 
647059 
515987 
647061 
515989 
647063 
515991 
647066 
515994 
647068 
515996 
647070 
515998 
647072 
516000 
647075 
516003 
647078 
516006 
647081 
516009 
647084 
516012 
647089 
516017 
647090 
647091 
516019 
647092 
647093 
516021 
647095 
516023 
647097 
516026 
647100 
516028 
516030 
647103 
516032 
647106 
516035 
647109 
516038 
516041 
647114 
516044 
647117 
647120 
516049 
647123 
516051 
516053 
516055 
647128 
516058 
647131 
516060 
647134 
516062 
516064 
647137 
516067 
647142 
516070 
647144 
516073 
647146 
647148 
516076 
647151 
647153 
516081 
647155 
516083 
647157 
516085 
516087 
647160 
647162 
516090 
647164 
516092 
647166 
516094 
516096 
647169 
647170 
647171 
516099 
647172 
647173 
516102 
647175 
647177 
516105 
647179 
516108 
647182 
647184 
516113 
647186 
516115 
647188 
516117 
647191 
516119 
647192 
647193 
647194 
516122 
647196 
516124 
647198 
516126 
647200 
516128 
647203 
516131 
647205 
516134 
647207 
647209 
516137 
647212 
516140 
647213 
647214 
647215 
647216 
516145 
647218 
516147 
647220 
516149 
647222 
516151 
647225 
516154 
647227 
516156 
647229 
516158 
647231 
516160 
647234 
516163 
647236 
647238 
516166 
647240 
516169 
647243 
516172 
647245 
647247 
647249 
516177 
516179 
647252 
647253 
516181 
647254 
647255 
516183 
647256 
516186 
647259 
516188 
647262 
516190 
516192 
647265 
516195 
647270 
516198 
647272 
516201 
647274 
647276 
516204 
647279 
516209 
647282 
516211 
647285 
516213 
516215 
647288 
516218 
516220 
647293 
516222 
647295 
516224 
647297 
647299 
516227 
647302 
516230 
647304 
516233 
647306 
647308 
516236 
647311 
516241 
647314 
516243 
647317 
516245 
516247 
647320 
516250 
516252 
647325 
647326 
516254 
647327 
647328 
516256 
647329 
647331 
516259 
647333 
516262 
647335 
516265 
647338 
516268 
647341 
647344 
516273 
516275 
647348 
516277 
647351 
516279 
516282 
647356 
516284 
516286 
647359 
516288 
647361 
516291 
647364 
647366 
516294 
647368 
516297 
647370 
516300 
647373 
647375 
647377 
516305 
647379 
516307 
516309 
647382 
647383 
516311 
647384 
647385 
647386 
516314 
647388 
516316 
647390 
516318 
647392 
516320 
647395 
516323 
647396 
647397 
647398 
516326 
647399 
647401 
516329 
647403 
516332 
647405 
647408 
516337 
647411 
516339 
516341 
647414 
516343 
647417 
516346 
516348 
647422 
516350 
647424 
516352 
647426 
516355 
647428 
516358 
647431 
647432 
647433 
516361 
647434 
647435 
647436 
516364 
647437 
647438 
647439 
647440 
647441 
516369 
647442 
647443 
516371 
647445 
516373 
647447 
516375 
647449 
516378 
647452 
516380 
516382 
647455 
516384 
647458 
516387 
647461 
516390 
516393 
647466 
516396 
647469 
647472 
516401 
647475 
516403 
516405 
516407 
647480 
647482 
516410 
647484 
516412 
647486 
516414 
516416 
647489 
516419 
647492 
516422 
647495 
647497 
516425 
647499 
516428 
647502 
647503 
647504 
647505 
516433 
647507 
516435 
647509 
516437 
647511 
516439 
647514 
516442 
647515 
647516 
516444 
647517 
647518 
516446 
647520 
516448 
647522 
516451 
647524 
516454 
647527 
647529 
516457 
647531 
516460 
647533 
647536 
516465 
647538 
516467 
647540 
516469 
647542 
516471 
647545 
647546 
516474 
647547 
647548 
516476 
647549 
516478 
647551 
516480 
647553 
647555 
516483 
647558 
516486 
647560 
516489 
647562 
647564 
516492 
647567 
647569 
516497 
647571 
516499 
647573 
516501 
516503 
647576 
647577 
647578 
516506 
647579 
647580 
516508 
516510 
647583 
516512 
647586 
516515 
647589 
516518 
647591 
647593 
516521 
647595 
516524 
647598 
647601 
516529 
516531 
647604 
516533 
647607 
516535 
516538 
647612 
516540 
516542 
647615 
516544 
647618 
516547 
516550 
647623 
516553 
647626 
516556 
647629 
647632 
516561 
516563 
647637 
516565 
647639 
516567 
647641 
516570 
647643 
516572 
647646 
516574 
647647 
516576 
647650 
516579 
647653 
516582 
647656 
516585 
647659 
516588 
647661 
647663 
516593 
647666 
647667 
516595 
647668 
647669 
516597 
516599 
647672 
516602 
647675 
516604 
647678 
516606 
516608 
647683 
516611 
647685 
516614 
647687 
647689 
516617 
647692 
516620 
647695 
516625 
647698 
516627 
647701 
516629 
516631 
647706 
516634 
647708 
516636 
647710 
516638 
647712 
516640 
647715 
516643 
647717 
516646 
647719 
647721 
516649 
647724 
516652 
647727 
516657 
647730 
516659 
647733 
516661 
516663 
647738 
516666 
647739 
647740 
516668 
647741 
647742 
516670 
647744 
516672 
647746 
516675 
647748 
516677 
647751 
516679 
647753 
516681 
647755 
516684 
647757 
516686 
647760 
516688 
516690 
647763 
516693 
647766 
516695 
647769 
516697 
516699 
647774 
516702 
647776 
516704 
647778 
516706 
647780 
516708 
647783 
516711 
647785 
516713 
647787 
516715 
647789 
516717 
647792 
516720 
647794 
516722 
647796 
516724 
647798 
516726 
647801 
516729 
647802 
647803 
647804 
516732 
647805 
647807 
516735 
647809 
516738 
647811 
647814 
647815 
516743 
647816 
647817 
516745 
647818 
647819 
516747 
647820 
516749 
647822 
647824 
516752 
516754 
647827 
516756 
647830 
516758 
647832 
516761 
647835 
516764 
647837 
647839 
516767 
647841 
516770 
647844 
647846 
516775 
647848 
516777 
647850 
516779 
647853 
516781 
516784 
516786 
647859 
516788 
516790 
647863 
516793 
647867 
516796 
647871 
516799 
516802 
647878 
516807 
647880 
516809 
647882 
516811 
647884 
516813 
647887 
516816 
647889 
516818 
647892 
516820 
647894 
516822 
647896 
516825 
647898 
516828 
647901 
516831 
647904 
647906 
516834 
647909 
516839 
647912 
516841 
647915 
516843 
516845 
647918 
516848 
516850 
647923 
647924 
516852 
647925 
647926 
516854 
647927 
647929 
516857 
647931 
516860 
647933 
516863 
647936 
516866 
647939 
647942 
516871 
647945 
516873 
516875 
516877 
647950 
516880 
647953 
516882 
647956 
516884 
516886 
647959 
516889 
647964 
516892 
647967 
516895 
647970 
516898 
647973 
516903 
516905 
647978 
516907 
647980 
516909 
647982 
647984 
516912 
516914 
647987 
516916 
647989 
516918 
647991 
647993 
516921 
647996 
516924 
647998 
516927 
648000 
648002 
516930 
648005 
648006 
648007 
516935 
648008 
648009 
516937 
648011 
516939 
648013 
516941 
648015 
516944 
648018 
516946 
648019 
648020 
516948 
648021 
648022 
516950 
516953 
648026 
516956 
648031 
516959 
648032 
648033 
516962 
648035 
648037 
648039 
516967 
516969 
648042 
516971 
648045 
516973 
648048 
516976 
516978 
648051 
516980 
516982 
648056 
516985 
648058 
648060 
516988 
648062 
516991 
648065 
648066 
516994 
648067 
648068 
648069 
648071 
516999 
648073 
517001 
648075 
517003 
517005 
648078 
648079 
648080 
517008 
648081 
648082 
517010 
648084 
517012 
648086 
517014 
648088 
517017 
648091 
648092 
517020 
648093 
648094 
648095 
517023 
648096 
648097 
648098 
517026 
648099 
648102 
517031 
648105 
517033 
517035 
648108 
517037 
517040 
648113 
517042 
648115 
517044 
648117 
517046 
648119 
517049 
648122 
648124 
517052 
648126 
517055 
648128 
517058 
648131 
648133 
648135 
517063 
648137 
517065 
517067 
648140 
517069 
648143 
517072 
648146 
517074 
517076 
648149 
517078 
517081 
648154 
648155 
648156 
517084 
648157 
648158 
648159 
517087 
648160 
648161 
648162 
517090 
648163 
648164 
648165 
648166 
517095 
648168 
517097 
648170 
517099 
648172 
517101 
648175 
517104 
648178 
517106 
517108 
648181 
517110 
648184 
517113 
517115 
648189 
517117 
517119 
648192 
517122 
648195 
648198 
517126 
517130 
648203 
648205 
517134 
648207 
648209 
648212 
517141 
648214 
648216 
517145 
648218 
648221 
517149 
648223 
648225 
517153 
648227 
648230 
648232 
517160 
648234 
517163 
648236 
517166 
648239 
517169 
648242 
648245 
517174 
648248 
517178 
648253 
648254 
517182 
648255 
648256 
648257 
517186 
648259 
648261 
648263 
517193 
648266 
648269 
517197 
648272 
517201 
648275 
517205 
648280 
648283 
517212 
648286 
517214 
517216 
648289 
517218 
517221 
648294 
648297 
517225 
648300 
517229 
648303 
517233 
648308 
648310 
648312 
517240 
648314 
517244 
648317 
648319 
517248 
648321 
648323 
517252 
648326 
648328 
648330 
517259 
648332 
517262 
648335 
648336 
648337 
517265 
648338 
648339 
517268 
648341 
648343 
648345 
517273 
648348 
648349 
517277 
648350 
648351 
648352 
517281 
648354 
648356 
517285 
648358 
648361 
648363 
517292 
648365 
648367 
517296 
648370 
648371 
648372 
517300 
648373 
648374 
648376 
517304 
648378 
648380 
648383 
517311 
648386 
517314 
648389 
517317 
648392 
517320 
648397 
517325 
648398 
648399 
648400 
648401 
517329 
648403 
648405 
517333 
648407 
517337 
648410 
648412 
648414 
648416 
517344 
648419 
517348 
648421 
648423 
517352 
648425 
648428 
517356 
648429 
648430 
648431 
648432 
648433 
648434 
648435 
517363 
648436 
517366 
648439 
517369 
648442 
517372 
648445 
517377 
648450 
517379 
648452 
517381 
648454 
517383 
648456 
517386 
648459 
517388 
648461 
517390 
648463 
517392 
648465 
517395 
648468 
648470 
517398 
648472 
517401 
648474 
517404 
648477 
648480 
517409 
648483 
517411 
517413 
648486 
517415 
517418 
648491 
648492 
517420 
648493 
648494 
517422 
648495 
517424 
648497 
648499 
517427 
648501 
517430 
648504 
517433 
648506 
648508 
517436 
648510 
648513 
517441 
648514 
648515 
517443 
648516 
648517 
517445 
648519 
517447 
648521 
517450 
648523 
517452 
648526 
517454 
517456 
648529 
517459 
648532 
517462 
648535 
517465 
648540 
517468 
648543 
517473 
648546 
517475 
648549 
517477 
517479 
648554 
517482 
648556 
517484 
648558 
517486 
648560 
517488 
648563 
517491 
648565 
517494 
648567 
648569 
517497 
648572 
517500 
648574 
648576 
517505 
648578 
517507 
648581 
517509 
648583 
517511 
648585 
517514 
648587 
517516 
648590 
517518 
517520 
648593 
517523 
648596 
517526 
648599 
517529 
648604 
517532 
648605 
648606 
648607 
648608 
517537 
648610 
517539 
648612 
517541 
648614 
517543 
648617 
517546 
648620 
517548 
517550 
648623 
517552 
648626 
517555 
517558 
648631 
517561 
648634 
517564 
648637 
648640 
517569 
517571 
648645 
517573 
517575 
648648 
517578 
648651 
517580 
648654 
517582 
517584 
648659 
517587 
648661 
517590 
648663 
648665 
517593 
648668 
517596 
648670 
648672 
517601 
648674 
517603 
648677 
517605 
648679 
517607 
648681 
517610 
648683 
517612 
648686 
517614 
648687 
648688 
517616 
648689 
648690 
517619 
648692 
648694 
517622 
648696 
517625 
648699 
648700 
517628 
648701 
648702 
648703 
648704 
648705 
517633 
648706 
648707 
517635 
648709 
517637 
648711 
517639 
648713 
517642 
648716 
517644 
517646 
648719 
517648 
648722 
517651 
648725 
517654 
517657 
648730 
648732 
517660 
648734 
648736 
517665 
648739 
517667 
648740 
648741 
517669 
648742 
648743 
517671 
648745 
517674 
648747 
517676 
648749 
517678 
648752 
517680 
648753 
648754 
648755 
517683 
648756 
648758 
517686 
648760 
517689 
648762 
517692 
648765 
648766 
648767 
648768 
648769 
517697 
648770 
648771 
517699 
648772 
648773 
517701 
517703 
648776 
517706 
648779 
517708 
648782 
517710 
517712 
648787 
517715 
648789 
517718 
648791 
648793 
517721 
648796 
517724 
648798 
648800 
517729 
648802 
517731 
648805 
517733 
648807 
517735 
648809 
517738 
648811 
517740 
648814 
517742 
517744 
648817 
517747 
648820 
517750 
648823 
517753 
648828 
517756 
648829 
648830 
648831 
648832 
648833 
517761 
648834 
648835 
517763 
648836 
648837 
517765 
648838 
648839 
517767 
648840 
648842 
517770 
648844 
517772 
648846 
517774 
517776 
648849 
517779 
648852 
517782 
648855 
517785 
648858 
517788 
648863 
517793 
648866 
517795 
648869 
517797 
517799 
648872 
517802 
517804 
648877 
517806 
648879 
517808 
648881 
648883 
517811 
648886 
517814 
648888 
517817 
648890 
648892 
517820 
648895 
648897 
517825 
648899 
517827 
648901 
517829 
517831 
648904 
648906 
517834 
648908 
517836 
648910 
517838 
517840 
648913 
517843 
648916 
517846 
648919 
517849 
648922 
517852 
648927 
648928 
648929 
517857 
648930 
648931 
517859 
648933 
517861 
648935 
517863 
648937 
517866 
648940 
517868 
517870 
648943 
517872 
648946 
517875 
648949 
517878 
517881 
648954 
517884 
648957 
648960 
517889 
648963 
517891 
517893 
517895 
648968 
517898 
648971 
517900 
648974 
517902 
517904 
648977 
517907 
648982 
517910 
648984 
517913 
648986 
648988 
517916 
648991 
648993 
517921 
648995 
517923 
648997 
517925 
517927 
649000 
649002 
517930 
649004 
517932 
649006 
517934 
517936 
649009 
649010 
649011 
517939 
649012 
649013 
517942 
649015 
649017 
517945 
649019 
517948 
649022 
649023 
649024 
649025 
517953 
649026 
517955 
649028 
517957 
649030 
517959 
649033 
649034 
517962 
649035 
649036 
517964 
649037 
649038 
517966 
649040 
517968 
649042 
517971 
649044 
517974 
649047 
517977 
649050 
517980 
649053 
649056 
517985 
517987 
649061 
517989 
517991 
649064 
517994 
649067 
517996 
649070 
517998 
518000 
649075 
518003 
649077 
518006 
649079 
649081 
518009 
649084 
518012 
649086 
649088 
518017 
649090 
518019 
649093 
518021 
649095 
518023 
649097 
518026 
649099 
518028 
649102 
518030 
649104 
518032 
649106 
518035 
649108 
518038 
649111 
518041 
649114 
518044 
649117 
649120 
518049 
518051 
649125 
518053 
649126 
649127 
518055 
649128 
649129 
649130 
518058 
649131 
649132 
518060 
649133 
518062 
649135 
518064 
649137 
649139 
518067 
649142 
518070 
649145 
518073 
649148 
518076 
649151 
518081 
518083 
649156 
518085 
649159 
518087 
649162 
518090 
518092 
649165 
518094 
518096 
649170 
518099 
649172 
518101 
649174 
518103 
649176 
518105 
649179 
518108 
649181 
518110 
649183 
518112 
649185 
518114 
649188 
518117 
649190 
649192 
518120 
649194 
518123 
649197 
518126 
649199 
649201 
649203 
518131 
518133 
649206 
518135 
649209 
518137 
649212 
518140 
518142 
649215 
518144 
518146 
649220 
649221 
518149 
649222 
649223 
518151 
649224 
649225 
518153 
649226 
649227 
518155 
649228 
649230 
518158 
649232 
518161 
649234 
518164 
649237 
649238 
649239 
518167 
649240 
649241 
649243 
518172 
649245 
518174 
649247 
518176 
649250 
518178 
649251 
649252 
649253 
518181 
649254 
518183 
518185 
649258 
518187 
649262 
518190 
518193 
649266 
518196 
518199 
649273 
518204 
649277 
518206 
518208 
649281 
518210 
649285 
518213 
518215 
518217 
518219 
649292 
649294 
518222 
649296 
518225 
649298 
518228 
649301 
649303 
518231 
649305 
649307 
518236 
649310 
518238 
518240 
518242 
649316 
518245 
518247 
649320 
518249 
518251 
518254 
649327 
518257 
649331 
518260 
649334 
518263 
649339 
518268 
649342 
518270 
518272 
649345 
518274 
649348 
518277 
518279 
649353 
518281 
649355 
518283 
649357 
518286 
649359 
518289 
649362 
518292 
649367 
518295 
649371 
518300 
518302 
518304 
649378 
518306 
649381 
518309 
649383 
518311 
518313 
649386 
518315 
649388 
649390 
518318 
649392 
518321 
649395 
518324 
649397 
649399 
518327 
649401 
649404 
518332 
518334 
649408 
518336 
518338 
649412 
518341 
518343 
649416 
518345 
518347 
518350 
649423 
518353 
649427 
518356 
649431 
518359 
649435 
518364 
518366 
518368 
649442 
518370 
649444 
518373 
649446 
518375 
649448 
518377 
649451 
518379 
649453 
518382 
649455 
649457 
518385 
649460 
518388 
518391 
649464 
649467 
518396 
518398 
649472 
518400 
518402 
649477 
518405 
518407 
649480 
518409 
518411 
649485 
518414 
649488 
518417 
649491 
518420 
649494 
518423 
649499 
649500 
518428 
649501 
649502 
518430 
649503 
518432 
518434 
649507 
518437 
649511 
518439 
518441 
649515 
518443 
518446 
518449 
649522 
649524 
518452 
649526 
518455 
649528 
649531 
518460 
649533 
518462 
649535 
518464 
649537 
518466 
649540 
518469 
649542 
518471 
649544 
518473 
649546 
518475 
649549 
518478 
649553 
518481 
518484 
649557 
518487 
649561 
518492 
518494 
649568 
518496 
518498 
649572 
518501 
518503 
649576 
518505 
518507 
649580 
518510 
518513 
649587 
518516 
649589 
649591 
518519 
649593 
649596 
518524 
649598 
518526 
649600 
518528 
649602 
518530 
649605 
518533 
518535 
649608 
518537 
649611 
518539 
649614 
518542 
518544 
518546 
649619 
518548 
649622 
518551 
649625 
518555 
649628 
518559 
649633 
518563 
649636 
649639 
649642 
518570 
518573 
649647 
649648 
518576 
649649 
649650 
649651 
518579 
649655 
518584 
649659 
518587 
518590 
649663 
518593 
649670 
518598 
649672 
649674 
518602 
649676 
518606 
649679 
649681 
518610 
649683 
649685 
649688 
518617 
649690 
649692 
518620 
649694 
518623 
649697 
518626 
649701 
518631 
649705 
518633 
518635 
649709 
518637 
518640 
649716 
518644 
649720 
518648 
649724 
518652 
649728 
518659 
518662 
649735 
649737 
518665 
649739 
518668 
649741 
649744 
518673 
649746 
518675 
649748 
518677 
649750 
518679 
649753 
518682 
649756 
518686 
649759 
649762 
518690 
518694 
649767 
649770 
649773 
518701 
649776 
518704 
518707 
649781 
518710 
649784 
649787 
518715 
518717 
649790 
518719 
518721 
649795 
649796 
518724 
649797 
649798 
649799 
518728 
649803 
518732 
649807 
518736 
649811 
518743 
649818 
518746 
649820 
518749 
649822 
649824 
518752 
649827 
649829 
518757 
649831 
518759 
649833 
518761 
518763 
649836 
649838 
518766 
649840 
518768 
649842 
518770 
518772 
649845 
518775 
649849 
518778 
649853 
518781 
518784 
649857 
518789 
649864 
518792 
518795 
649868 
518798 
649872 
518803 
649876 
518805 
518807 
518809 
649883 
518812 
649885 
518814 
649887 
518816 
649889 
518818 
649892 
518821 
649894 
649896 
518824 
649898 
518827 
649901 
518830 
649904 
649907 
518835 
518837 
649910 
518839 
518841 
649915 
518844 
649918 
518846 
518848 
649921 
518850 
649924 
518853 
518856 
649929 
518859 
649932 
518862 
649935 
649938 
518867 
518869 
649943 
518871 
649944 
649945 
518873 
649946 
649947 
518876 
518878 
649951 
518880 
518882 
649955 
518885 
649959 
518888 
518891 
649966 
518894 
649968 
649970 
518899 
649972 
518901 
649975 
518903 
649977 
518905 
649979 
518908 
649981 
518910 
649984 
518912 
649986 
518914 
649988 
518917 
649990 
518920 
649993 
518923 
649997 
518926 
650001 
518931 
650005 
518933 
518935 
518937 
650012 
518940 
518942 
650016 
518944 
518946 
650020 
518949 
650024 
518952 
518955 
518958 
650031 
650033 
650035 
518963 
650037 
518965 
518967 
650040 
518969 
650042 
650044 
518972 
650046 
518974 
518976 
650049 
518978 
650052 
518981 
650055 
518984 
650058 
518987 
518990 
650063 
650066 
518995 
650069 
518997 
518999 
650072 
519001 
519004 
650077 
519006 
650080 
519008 
519010 
650083 
519013 
650086 
519016 
650091 
519019 
650092 
650093 
650094 
519022 
650095 
650099 
519027 
519029 
650103 
519031 
519033 
650107 
519036 
519038 
519040 
650114 
519042 
650116 
519045 
650118 
650120 
519048 
650123 
519051 
650125 
519054 
650127 
650129 
519059 
650132 
519061 
650134 
519063 
650136 
519065 
650138 
519068 
650141 
519070 
650144 
519072 
519074 
650147 
519077 
650150 
519080 
650155 
519083 
519086 
650161 
519091 
650165 
519093 
519095 
519097 
650172 
519100 
519102 
650176 
519104 
519106 
650179 
519109 
650184 
519112 
650187 
519115 
650190 
519118 
650193 
519123 
519125 
650198 
519127 
650200 
519129 
650202 
650204 
519132 
519134 
650207 
519136 
650209 
519138 
650211 
650213 
519141 
650216 
519144 
650218 
519147 
650220 
650222 
519150 
650225 
519155 
650229 
519157 
519159 
650233 
519161 
519164 
650237 
519166 
519168 
519170 
650244 
519173 
650246 
650248 
519176 
650250 
519179 
650253 
519182 
650256 
650259 
519187 
519189 
650262 
519191 
519193 
650267 
519196 
519198 
650271 
519200 
519202 
650275 
519205 
650279 
519208 
519211 
650286 
519214 
650288 
650290 
519219 
650292 
519221 
650295 
519223 
650297 
519225 
650299 
519228 
650301 
519230 
650304 
519232 
650306 
519234 
650308 
519237 
650310 
519240 
650313 
650315 
519243 
650317 
519246 
650319 
650322 
519251 
519253 
650327 
519255 
519257 
650331 
519260 
519262 
519264 
650338 
519266 
650341 
519269 
650343 
519272 
650346 
519275 
650348 
650350 
519278 
650352 
650355 
519283 
519285 
650358 
519287 
650361 
519289 
650364 
519292 
519294 
519296 
650369 
650370 
519298 
650371 
650372 
650373 
519301 
650375 
519304 
650377 
650379 
519307 
650382 
519310 
650385 
519315 
650388 
519317 
650391 
519319 
519321 
650396 
519324 
519326 
650400 
519328 
519330 
650403 
519333 
650408 
519336 
519339 
650413 
519342 
650416 
519347 
650421 
519349 
519351 
650424 
519353 
650427 
519356 
650430 
519358 
519360 
519362 
650435 
650437 
519365 
650439 
519368 
650441 
519371 
650444 
650446 
519374 
650448 
650450 
519379 
650453 
519381 
650454 
650455 
519383 
650456 
650457 
519385 
519388 
650461 
519390 
519392 
650465 
519394 
650469 
519397 
519400 
519403 
650476 
650478 
519406 
650480 
650482 
519411 
650485 
519413 
519415 
650488 
519417 
650491 
519420 
650494 
519422 
519424 
519426 
650499 
519429 
650503 
519432 
650507 
519435 
519438 
650511 
519443 
519445 
650518 
519447 
650520 
519449 
650522 
650524 
519452 
519454 
650527 
519456 
650529 
519458 
650531 
650533 
519461 
650536 
519464 
650538 
519467 
650540 
650542 
519470 
650545 
650547 
519475 
650549 
519477 
650551 
519479 
519481 
650554 
519484 
650558 
519486 
519488 
650562 
519490 
519493 
650566 
519496 
519499 
650573 
519502 
650575 
650577 
650579 
519507 
519509 
650582 
519511 
650584 
519513 
650586 
650588 
519516 
519518 
650591 
519520 
650594 
519522 
650597 
519525 
519527 
650600 
519529 
519531 
650605 
650606 
519534 
650607 
650608 
519536 
650609 
519538 
650611 
519540 
650613 
650615 
519543 
519545 
650618 
519547 
650621 
519549 
650624 
519552 
650627 
519555 
519558 
650632 
519561 
650635 
650638 
519566 
519568 
650641 
519570 
519572 
650646 
519575 
650649 
519577 
519579 
650652 
519581 
650655 
519584 
519587 
650660 
519590 
650663 
519593 
650666 
650669 
519598 
519600 
650674 
519602 
650676 
519604 
650678 
519607 
650680 
519609 
650683 
519611 
650685 
519613 
650687 
519616 
650689 
519619 
650692 
650693 
650694 
519622 
650695 
650696 
519625 
650700 
519630 
650704 
519632 
519634 
650708 
519636 
519639 
519641 
650715 
519643 
650717 
519645 
650719 
519648 
650721 
519651 
650724 
519654 
650727 
519657 
650730 
650733 
519662 
519664 
650738 
519666 
519668 
650742 
519671 
519673 
650746 
519675 
519677 
650750 
519680 
519683 
650757 
519686 
650759 
650761 
519689 
650763 
650766 
519694 
650768 
519696 
650770 
519698 
650772 
519700 
650775 
519703 
650777 
519705 
650779 
519707 
650781 
519709 
650784 
519712 
650786 
519715 
650788 
650790 
519718 
650793 
519721 
650797 
519726 
519728 
650801 
519730 
519732 
650805 
519735 
519737 
519739 
650812 
519741 
650814 
650816 
519744 
650818 
519747 
650821 
519750 
650823 
650825 
519753 
650827 
650830 
519758 
519760 
650833 
519762 
650836 
519764 
650839 
519767 
519769 
519771 
650844 
650845 
519773 
650846 
650847 
650848 
519776 
650850 
519779 
650852 
650854 
519782 
650857 
519785 
650859 
650861 
519790 
650863 
519792 
650866 
519794 
650868 
519796 
650870 
519799 
650872 
519801 
650875 
519803 
519805 
650878 
519808 
650881 
519811 
650884 
519814 
650889 
519817 
650891 
650893 
519822 
650895 
519824 
650898 
519826 
650900 
519828 
650902 
519831 
650904 
519833 
650907 
519835 
650908 
650909 
519837 
650910 
650911 
519840 
650913 
650915 
519843 
650917 
519846 
650920 
519849 
650922 
650924 
650926 
519854 
519856 
650929 
519858 
650931 
519860 
650933 
650935 
519863 
519865 
650938 
519867 
650941 
519869 
650944 
519872 
650947 
519875 
519878 
650952 
519881 
650954 
650956 
650958 
519886 
519888 
650961 
650962 
519890 
650963 
650964 
519892 
650965 
650967 
519895 
650969 
519897 
650971 
519899 
519901 
650974 
650976 
519904 
650978 
519907 
650980 
519910 
650983 
650985 
519913 
650987 
650989 
519918 
650992 
519920 
519922 
650995 
519924 
650998 
519927 
651001 
519929 
519931 
519933 
651006 
651008 
519936 
651010 
519938 
651012 
519940 
519942 
651015 
519945 
651018 
519947 
651021 
519949 
519951 
651024 
519954 
519956 
651029 
651030 
519958 
651031 
651032 
519960 
651033 
651035 
519963 
651037 
519966 
651039 
519969 
651042 
519972 
651046 
519977 
651050 
519979 
519981 
651054 
519983 
519986 
519988 
651061 
519990 
651063 
519992 
651065 
651067 
519995 
651070 
519998 
651073 
520001 
651076 
520004 
651079 
520009 
520011 
651084 
520013 
651087 
520015 
651090 
520018 
520020 
651093 
520022 
520024 
651098 
520027 
651101 
520030 
651104 
520033 
651107 
520036 
651112 
520041 
651115 
520043 
520045 
651118 
520047 
651121 
520050 
520052 
651126 
520054 
651128 
520056 
651130 
520059 
651132 
520062 
651135 
651137 
520065 
651139 
520068 
651141 
651144 
651145 
520073 
651146 
651147 
520075 
651148 
520077 
520079 
651152 
520082 
651156 
520084 
520086 
651160 
520088 
520091 
520094 
651167 
651169 
520097 
651171 
520100 
651173 
651176 
520105 
651179 
520107 
520109 
651182 
520111 
651185 
520114 
520116 
651190 
520118 
520120 
651194 
520123 
651198 
520126 
520129 
651202 
520132 
651209 
520137 
651211 
520139 
651213 
520141 
651215 
520143 
651218 
520146 
651220 
520148 
651222 
520150 
651224 
520152 
651227 
520155 
651229 
520158 
651231 
651233 
520161 
651236 
520164 
651238 
651240 
520169 
651242 
520171 
651245 
520173 
520175 
651249 
520178 
520180 
651253 
520182 
520184 
651257 
520187 
520190 
651264 
520193 
651266 
651268 
520196 
651270 
651273 
520201 
651275 
520203 
651277 
520205 
651279 
520207 
651282 
520210 
520212 
651285 
520214 
651288 
520216 
651291 
520219 
520222 
651296 
651297 
520225 
651298 
651299 
651300 
520228 
651302 
651304 
520233 
651306 
520235 
651309 
520237 
520239 
651312 
520242 
651315 
520244 
651318 
520246 
520248 
651323 
520251 
651325 
520254 
651327 
651329 
520257 
651332 
520260 
651334 
651336 
520265 
651338 
520267 
651341 
520269 
651343 
520271 
651345 
520274 
651347 
520276 
651350 
520278 
651351 
651352 
520280 
651353 
651354 
520283 
651356 
651358 
520286 
651360 
520289 
651363 
520292 
651365 
651367 
651369 
520297 
520299 
651372 
520301 
651374 
520303 
651376 
651378 
520306 
520308 
651381 
520310 
651383 
520312 
651385 
651387 
520315 
651390 
520318 
651392 
520321 
651394 
651396 
520324 
651399 
520329 
651402 
520331 
651405 
520333 
520335 
651408 
520338 
520340 
651413 
651414 
520342 
651415 
651416 
520344 
651417 
651419 
520347 
651421 
520350 
651423 
520353 
651426 
651428 
520356 
651430 
651432 
520361 
651435 
520363 
520365 
651438 
520367 
651441 
520370 
651444 
520372 
520374 
520376 
651449 
651451 
520379 
651453 
520382 
651455 
520385 
651458 
651459 
651460 
520388 
651461 
651462 
651464 
520393 
651466 
520395 
651468 
520397 
651471 
520399 
651473 
520402 
651475 
520404 
651477 
520406 
651480 
520408 
651482 
520411 
651484 
651486 
520414 
651489 
520417 
651492 
520420 
651495 
520425 
651498 
520427 
520429 
651503 
520431 
651505 
520434 
651507 
520436 
651509 
520438 
651512 
520440 
651514 
520443 
651516 
651518 
520446 
651521 
520449 
651524 
520452 
651527 
520457 
651530 
520459 
520461 
520463 
651537 
520466 
520468 
520470 
651543 
651544 
520472 
651547 
520475 
651550 
520478 
651553 
520481 
520484 
651558 
651561 
520489 
520491 
651564 
520493 
651567 
520495 
520498 
651572 
520500 
520502 
651575 
520504 
651578 
520507 
651581 
520510 
520513 
651586 
520516 
651589 
651592 
520521 
651595 
520523 
520525 
520527 
651600 
651602 
520530 
651604 
520532 
651606 
520534 
520536 
651609 
651611 
520539 
651613 
520542 
651615 
520545 
651618 
651619 
651620 
520548 
651621 
651622 
520553 
651626 
520555 
520557 
651630 
520559 
651634 
520562 
520564 
520566 
520568 
651641 
651643 
520571 
651645 
520574 
651647 
520577 
651650 
520580 
651653 
651656 
520585 
651659 
520587 
520589 
520591 
651664 
520594 
651668 
520596 
520598 
651672 
520600 
520603 
651676 
520606 
520609 
651683 
520612 
651685 
651687 
651689 
520617 
520619 
651692 
520621 
651694 
520623 
651696 
651698 
520626 
520628 
651701 
520630 
651703 
520632 
651705 
651707 
520635 
651710 
520638 
651712 
520641 
651714 
651716 
520644 
651719 
520649 
520651 
651725 
520653 
520655 
651729 
520658 
520660 
520662 
651736 
520664 
651738 
520667 
651740 
651742 
520670 
651745 
520673 
651747 
520676 
651749 
651751 
520681 
651754 
520683 
651756 
520685 
651758 
520687 
651760 
520690 
651763 
651764 
520692 
651765 
651766 
520694 
651767 
520696 
651769 
651771 
520699 
651773 
520701 
520703 
651776 
651777 
520705 
651778 
651780 
520708 
651782 
520710 
651784 
520712 
520714 
651787 
520717 
651791 
520719 
651793 
520721 
651795 
520723 
651797 
520726 
651800 
651801 
520729 
651802 
651803 
651804 
520732 
651806 
520735 
651808 
651810 
520740 
651813 
520742 
651816 
520744 
520746 
651819 
520749 
651822 
520751 
520753 
651827 
520755 
651828 
651829 
651830 
520758 
651831 
651833 
520761 
651835 
520764 
651837 
520767 
651840 
651843 
520772 
651846 
520774 
520776 
651849 
520778 
520781 
651854 
651855 
520783 
651856 
651857 
520785 
651858 
520787 
651862 
520790 
520793 
651867 
520796 
520799 
651873 
651875 
520804 
651878 
520806 
651880 
520808 
651882 
520810 
651885 
520813 
651887 
520815 
651889 
520817 
520819 
651892 
651893 
651894 
520822 
651896 
520825 
651898 
651900 
520828 
651903 
520831 
651906 
520836 
651909 
520838 
651912 
520840 
520842 
651917 
520845 
651918 
651919 
520847 
651920 
651921 
520849 
651923 
520851 
651925 
520854 
651927 
520857 
651930 
520860 
651933 
520863 
651936 
651939 
520868 
520870 
651944 
520872 
651945 
651946 
520874 
651947 
651948 
520877 
651950 
520879 
651952 
520881 
651954 
520883 
651957 
520886 
651960 
520889 
651963 
520892 
651966 
520895 
651971 
651972 
520900 
651973 
651974 
520902 
651975 
520904 
651977 
520906 
651979 
651981 
520909 
520911 
651984 
520913 
651987 
520915 
651990 
520918 
651993 
520921 
520924 
651998 
651999 
520927 
652000 
652001 
652002 
652004 
520932 
652006 
520934 
652008 
520936 
520938 
652011 
520941 
652014 
520943 
652017 
520945 
520947 
652020 
520950 
652025 
520953 
652027 
520956 
652029 
652031 
520959 
652034 
520964 
652037 
520966 
652040 
520968 
520970 
652043 
520973 
520975 
652048 
520977 
652051 
520979 
652054 
520982 
652057 
520985 
520988 
652062 
520991 
652064 
652066 
652068 
520996 
520998 
652071 
521000 
652073 
521002 
652075 
652077 
521005 
521007 
652080 
521009 
652082 
521011 
652084 
652086 
521014 
652089 
521017 
652092 
521020 
652095 
521023 
652098 
521028 
521030 
652103 
521032 
652105 
521034 
652107 
652109 
521037 
521039 
652112 
521041 
652115 
521043 
652118 
521046 
652121 
521049 
521052 
652126 
521055 
652129 
652132 
521060 
521062 
652135 
521064 
521066 
652140 
521069 
652142 
521071 
652144 
521073 
652146 
521075 
652149 
521078 
652151 
652153 
521081 
652155 
521084 
652158 
521087 
652161 
652164 
521092 
521094 
652167 
521096 
521098 
652172 
521101 
652174 
521103 
652176 
521105 
652178 
521107 
652181 
521110 
652183 
652185 
521113 
652187 
521116 
652190 
521119 
652195 
521124 
521126 
652200 
521128 
521130 
652205 
521133 
521135 
521137 
521139 
652214 
521142 
652215 
652216 
652217 
521145 
652218 
652220 
521148 
652222 
521151 
652224 
652227 
521156 
652229 
521158 
652231 
521160 
652233 
521162 
521165 
652239 
521167 
521169 
521171 
652244 
521174 
652249 
521177 
652252 
521180 
652253 
652255 
521183 
652257 
652260 
521188 
652262 
521190 
521192 
652265 
521194 
652268 
521197 
652271 
521199 
521201 
652274 
521203 
652277 
521206 
652280 
521209 
652283 
521212 
521215 
652288 
652290 
652292 
521220 
652294 
521222 
521224 
652297 
521226 
652299 
652301 
521229 
652303 
521231 
521233 
652306 
521235 
652308 
652310 
521238 
652312 
521240 
521242 
652315 
521244 
652318 
521247 
652321 
521249 
521251 
652324 
521253 
521256 
652329 
652330 
521258 
652331 
652332 
521260 
652333 
652334 
521262 
652335 
652337 
521265 
652339 
521268 
652342 
521271 
652346 
521274 
652349 
521279 
652352 
652353 
521281 
652354 
652355 
521283 
521285 
652358 
521288 
652361 
521290 
652364 
521292 
521294 
652369 
521297 
652371 
521300 
652373 
521303 
652376 
521306 
652379 
652381 
521311 
652384 
521313 
652386 
521315 
652388 
521317 
652390 
521320 
652393 
652394 
521322 
652395 
652396 
521324 
652397 
652398 
521326 
652399 
652400 
652401 
521329 
652404 
521332 
652406 
521335 
652409 
521338 
652411 
652413 
652415 
521343 
521345 
652418 
652419 
521347 
652420 
652421 
521349 
652424 
521352 
652426 
521354 
521356 
652429 
521358 
652432 
521361 
652435 
521364 
652438 
521367 
521370 
652443 
652444 
652445 
652446 
652447 
521375 
652448 
652449 
521377 
652450 
652451 
521379 
521381 
652454 
521384 
652457 
521386 
652460 
521388 
521390 
652465 
521393 
652467 
521396 
652469 
652471 
521399 
652474 
521402 
652476 
652478 
521407 
652480 
521409 
652483 
521411 
521413 
652486 
521416 
652489 
521418 
652492 
521420 
521422 
652497 
521425 
652500 
521428 
652503 
521431 
652506 
521434 
652511 
521439 
652512 
652513 
521441 
652514 
652515 
521443 
652517 
521445 
652519 
521448 
652521 
521450 
652524 
521452 
652525 
652526 
521454 
652527 
652528 
521457 
652530 
652532 
521460 
652534 
521463 
652537 
652538 
521466 
652539 
652540 
652541 
521471 
652545 
521473 
521475 
652549 
521477 
521480 
652553 
521482 
521484 
521486 
652560 
521489 
652563 
521492 
652566 
521495 
652569 
521498 
652574 
652575 
521503 
652576 
652577 
521505 
652578 
521507 
652580 
521509 
652582 
652584 
521512 
521514 
652587 
521516 
652589 
521518 
652591 
652593 
521521 
652596 
521524 
652597 
652598 
652599 
521527 
652600 
652601 
652602 
521530 
652603 
652604 
652605 
652606 
652607 
521535 
652608 
521537 
521539 
652612 
521541 
652616 
521544 
521546 
652620 
521548 
521550 
521553 
652627 
652628 
521556 
652629 
652630 
652631 
521559 
652632 
652633 
652634 
521562 
652635 
652637 
652639 
521567 
652641 
521569 
521571 
652644 
521573 
652646 
652648 
521576 
652650 
521578 
521580 
652653 
652654 
521582 
652655 
652656 
652657 
521585 
652659 
521588 
652661 
652663 
521591 
652666 
521594 
652667 
652668 
652669 
652670 
521599 
652673 
521601 
521603 
652676 
521605 
652679 
521608 
521610 
652684 
521612 
652685 
652686 
521614 
652687 
652688 
521617 
652690 
652692 
521620 
652694 
521623 
652697 
521626 
652699 
652701 
652703 
521631 
521633 
652706 
521635 
652708 
521637 
652710 
652712 
521640 
521642 
652715 
652716 
521644 
652717 
652718 
521646 
652719 
652720 
652721 
521649 
652722 
652723 
521652 
652725 
652727 
521655 
652729 
521658 
652732 
652733 
652734 
652735 
521663 
652736 
521665 
521667 
652740 
521669 
652744 
521672 
521674 
652748 
521676 
521678 
521681 
652755 
521684 
652757 
652759 
521687 
652761 
521690 
652764 
652766 
521695 
652768 
521697 
652770 
521699 
652773 
521701 
652774 
652775 
652776 
521704 
652777 
521706 
652779 
521708 
652781 
521710 
652783 
521713 
652786 
652788 
521716 
652790 
521719 
652792 
521722 
652795 
652796 
652797 
652798 
652799 
521727 
652801 
521729 
652803 
521731 
652805 
521733 
652808 
521736 
652809 
652810 
521738 
652811 
652812 
521740 
652813 
652814 
521742 
652815 
652816 
521745 
521748 
652821 
521751 
652826 
521754 
652831 
521759 
521761 
521763 
521765 
652840 
521768 
521770 
652843 
521772 
652846 
521774 
652849 
521777 
521780 
652854 
521783 
652856 
652858 
521786 
652860 
652863 
521791 
652864 
652865 
521793 
652866 
652867 
521795 
652869 
521797 
652871 
521800 
652873 
521802 
652876 
521804 
521806 
652880 
521809 
652884 
521812 
521815 
652888 
521818 
652895 
521823 
652897 
521825 
652899 
521827 
652901 
521829 
652904 
521832 
652906 
521834 
652908 
521836 
652910 
521838 
652913 
521841 
652914 
652915 
652916 
521844 
652917 
652918 
652919 
521847 
652920 
652921 
521850 
652923 
652925 
521855 
652928 
521857 
652931 
521859 
521861 
652934 
652935 
652936 
521864 
652937 
521866 
652939 
521868 
652941 
521870 
652943 
521873 
652946 
652948 
521876 
652950 
521879 
652952 
521882 
652955 
652956 
652957 
652958 
652959 
521887 
521889 
652962 
521891 
652965 
521893 
652968 
521896 
521898 
521900 
652973 
521902 
652976 
521905 
652979 
521908 
652982 
521911 
521914 
652987 
652989 
652991 
521919 
652993 
521921 
521923 
652996 
521925 
652998 
653000 
521928 
653002 
521930 
521932 
653005 
521934 
653007 
653009 
521937 
653011 
521940 
653014 
653015 
521943 
653016 
653017 
521946 
521951 
521954 
653027 
653029 
521957 
653031 
521960 
653033 
653036 
521965 
653038 
521967 
653040 
521969 
653042 
521971 
653045 
653046 
521974 
653047 
653048 
521976 
653049 
521978 
653051 
521980 
653053 
653055 
521983 
521985 
653058 
521987 
653060 
653062 
521990 
653064 
521992 
653067 
521995 
653068 
653069 
521997 
653070 
653071 
522000 
653073 
522002 
653075 
522004 
653077 
522006 
653080 
522009 
653082 
522011 
653084 
522013 
653086 
522015 
653089 
653090 
522018 
653091 
653092 
653093 
522021 
653095 
522024 
653097 
653099 
522027 
653102 
653104 
522032 
653106 
522034 
653108 
522036 
522038 
653111 
653112 
653113 
522041 
653114 
653115 
522043 
653117 
522045 
653119 
522047 
653121 
522050 
653124 
522053 
653126 
653128 
522056 
653130 
522059 
653133 
653134 
653135 
653136 
522064 
653137 
522066 
653140 
522068 
522070 
653143 
522073 
653146 
522075 
522077 
653151 
522079 
653154 
522082 
653157 
522085 
653160 
522088 
522091 
653165 
653167 
522096 
653169 
522098 
653171 
522100 
653174 
522102 
653176 
522105 
653178 
522107 
653180 
522109 
653183 
522111 
653185 
522114 
653187 
653189 
522117 
653192 
522120 
653193 
653194 
653195 
522123 
653196 
653200 
522128 
522130 
653204 
522132 
522134 
653208 
522137 
522139 
522141 
653215 
522143 
653217 
522146 
653219 
653221 
522149 
653224 
522152 
653227 
522155 
653230 
522160 
653233 
522162 
522164 
653238 
522166 
653240 
522169 
653242 
522171 
653244 
522173 
653247 
522175 
653250 
522178 
653253 
522181 
653256 
522184 
522187 
653261 
522192 
653266 
522194 
522196 
522198 
653271 
522201 
522203 
653276 
522205 
522207 
522210 
653285 
522213 
653287 
522216 
653289 
653291 
522219 
653294 
653296 
522224 
653298 
522226 
653300 
522228 
522230 
653303 
522233 
653307 
522235 
522237 
653311 
522239 
522242 
653315 
522245 
522248 
653322 
522251 
653325 
653328 
522256 
522258 
653331 
522260 
522262 
653336 
653337 
522265 
653338 
653339 
522267 
653340 
522269 
653342 
522271 
653344 
653346 
522274 
653349 
522277 
653352 
522280 
653355 
522283 
653358 
522288 
522290 
653363 
522292 
522294 
653368 
522297 
522299 
653373 
522301 
522303 
653378 
522306 
522309 
522312 
653387 
522315 
653389 
653391 
522320 
653393 
522322 
653396 
522324 
653398 
522326 
653400 
522329 
653402 
522331 
653405 
522333 
522335 
653409 
522338 
653413 
522341 
522344 
653417 
522347 
653424 
522352 
522354 
653427 
522356 
653430 
522358 
653433 
522361 
522363 
522365 
653438 
653439 
522367 
653440 
653441 
653442 
522370 
653444 
522373 
653446 
653448 
522376 
653451 
522379 
653454 
522384 
653457 
522386 
653460 
522388 
522390 
653465 
522393 
522395 
522397 
653470 
522399 
522402 
653475 
522405 
653480 
522408 
522411 
522416 
653489 
522418 
653491 
522420 
653493 
522422 
653495 
522425 
653498 
522427 
653500 
522429 
653502 
522431 
653504 
522434 
653507 
522437 
653511 
522440 
653515 
522443 
653519 
522448 
522450 
522452 
653526 
522454 
653529 
522457 
522459 
653532 
522461 
653535 
522463 
522466 
653540 
653541 
522469 
653542 
653543 
653544 
522472 
653546 
522475 
653548 
653550 
522480 
653553 
522482 
653556 
522484 
522486 
653559 
522489 
653562 
522491 
522493 
653567 
522495 
522498 
653572 
522501 
522504 
653577 
522507 
653582 
522512 
522514 
522516 
522518 
653591 
653593 
522521 
653595 
522523 
653597 
522525 
522527 
653600 
653602 
522530 
653604 
522533 
653606 
522536 
653609 
522539 
653613 
522544 
653617 
522546 
522548 
653621 
522550 
522553 
522555 
653628 
522557 
653631 
522559 
653634 
522562 
653637 
522565 
522568 
653642 
653643 
522571 
653644 
653645 
653646 
653648 
522576 
653650 
522578 
653652 
522580 
522582 
653655 
522585 
653658 
522587 
653661 
522589 
522591 
653664 
522594 
653669 
522597 
522600 
653674 
522603 
653679 
522608 
522610 
653684 
522612 
522614 
522617 
522619 
653693 
522621 
653695 
522623 
653697 
522626 
653699 
522629 
653702 
653704 
522632 
653706 
522635 
653708 
653711 
522640 
522642 
653715 
522644 
522646 
653719 
522649 
653723 
522651 
522653 
522655 
653730 
522658 
653733 
522661 
653736 
522664 
653739 
522667 
653744 
522672 
653745 
653746 
522674 
653747 
653748 
522676 
653750 
522678 
653752 
522681 
653754 
522683 
653757 
522685 
522687 
653760 
522690 
653763 
522693 
653766 
522696 
653771 
522699 
653776 
522704 
522706 
522708 
653781 
522710 
522713 
653786 
522715 
522717 
522719 
522722 
653795 
522724 
653797 
522726 
653799 
522728 
653801 
522731 
653804 
522733 
653806 
522735 
653808 
522737 
653810 
522740 
653813 
522742 
522744 
653817 
522746 
653821 
522749 
522752 
653825 
522755 
522758 
653832 
653835 
522763 
522765 
653838 
522767 
653841 
522769 
522772 
653846 
522774 
653847 
653848 
522776 
653849 
653850 
522778 
653852 
522781 
653854 
653856 
522784 
653859 
522787 
653862 
522790 
653865 
522795 
653868 
522797 
522799 
653873 
522801 
522804 
653878 
522806 
522808 
522810 
653883 
522813 
653888 
522816 
522819 
522822 
653897 
653899 
522827 
653901 
522829 
653903 
522831 
522833 
653906 
653908 
522836 
653910 
522838 
653912 
522840 
522842 
653915 
522845 
653919 
522848 
653923 
522851 
522854 
653927 
522859 
522861 
653934 
522863 
653937 
522865 
653940 
522868 
522870 
653943 
522872 
522874 
653948 
653949 
522877 
653950 
653951 
653952 
522880 
653954 
522883 
653956 
653958 
522886 
653961 
522891 
653964 
522893 
653967 
522895 
522897 
653970 
522900 
522902 
653975 
522904 
522906 
653980 
522909 
522912 
653985 
522915 
653990 
522918 
522923 
522925 
653999 
522927 
654001 
522929 
654003 
522932 
654005 
522934 
654008 
522936 
654010 
522938 
654012 
522941 
654014 
522944 
654017 
522947 
654021 
522950 
654025 
522955 
654029 
522957 
522959 
522961 
654036 
522964 
522966 
654039 
522968 
654042 
522970 
654045 
522973 
522976 
654050 
654051 
522979 
654052 
654053 
654054 
522982 
654056 
654058 
522987 
654060 
522989 
654063 
522991 
522993 
654066 
522996 
654069 
522998 
654072 
523000 
523002 
654077 
523005 
523008 
654082 
523011 
523014 
654087 
523019 
654092 
523021 
523023 
523025 
523028 
654101 
523030 
654103 
523032 
654105 
523034 
654107 
523037 
654110 
654112 
523040 
654114 
523043 
654116 
523046 
654119 
654123 
523051 
523053 
654127 
523055 
523057 
654131 
523060 
523062 
523064 
654138 
523066 
654141 
523069 
654144 
523072 
654147 
523075 
523078 
654152 
654153 
654154 
654155 
523083 
654156 
523085 
654158 
523087 
654160 
523089 
654162 
523092 
654165 
523094 
654168 
523096 
523098 
654171 
523101 
654174 
523104 
654179 
523107 
523110 
654184 
523115 
654189 
523117 
523119 
523121 
654194 
523124 
523126 
523128 
523130 
654203 
654205 
523133 
654207 
523136 
654209 
523139 
654212 
654214 
523142 
654216 
654218 
523147 
654221 
523149 
523151 
654225 
523153 
523156 
654229 
523158 
523160 
654233 
523162 
523165 
654240 
523168 
654243 
523171 
654246 
523174 
654249 
523179 
523181 
654254 
654255 
523183 
654256 
654257 
523185 
654258 
654260 
523188 
654262 
523190 
654264 
523192 
523194 
654267 
523197 
654270 
523200 
654273 
523203 
654276 
523206 
654281 
523211 
654285 
523213 
523215 
654289 
523217 
523220 
654293 
523222 
523224 
523226 
654300 
654301 
523229 
654302 
654303 
654304 
523232 
654306 
523235 
654308 
654310 
523238 
654313 
523243 
654317 
523245 
523247 
654321 
523249 
523252 
654325 
523254 
523256 
523258 
654332 
523261 
654335 
523264 
654338 
523267 
654341 
523270 
654346 
654347 
523275 
654348 
654349 
523277 
654350 
523279 
654352 
523281 
654354 
654356 
523284 
523286 
654359 
523288 
654362 
523290 
654365 
523293 
654368 
523296 
523299 
654373 
523302 
654375 
654377 
654379 
523307 
523309 
654382 
523311 
654385 
523313 
654388 
523316 
523318 
654391 
523320 
523322 
654396 
523325 
654398 
654400 
523328 
654402 
523331 
654405 
523334 
654408 
654411 
523339 
523341 
654414 
523343 
523345 
654419 
523348 
523350 
654424 
523352 
523354 
654429 
523357 
523360 
654434 
523363 
523366 
654443 
523371 
654445 
523373 
654447 
523375 
654449 
523377 
654452 
523380 
654454 
523382 
654456 
523384 
654458 
523386 
654461 
523389 
523392 
654465 
523395 
654469 
523398 
654473 
523403 
523405 
523407 
654480 
523409 
654483 
523412 
654486 
523414 
523416 
654489 
523418 
523421 
654494 
654495 
654496 
523424 
654497 
654498 
523427 
654500 
654502 
523430 
654504 
654507 
523435 
523437 
654511 
523439 
523441 
654515 
523444 
523446 
654519 
523448 
523450 
523453 
654526 
523455 
654529 
523457 
523459 
654532 
523462 
654535 
523466 
654540 
523468 
654541 
654542 
523470 
654543 
654544 
523472 
654546 
523475 
654548 
523477 
654550 
523479 
654553 
523481 
523484 
654558 
523486 
523488 
523490 
654563 
523493 
523495 
654568 
523497 
523499 
523502 
523504 
654577 
523506 
654580 
523508 
654583 
523511 
523513 
654586 
523515 
523517 
654591 
523520 
654593 
523522 
654595 
523524 
654597 
523526 
654600 
523529 
654602 
523531 
654604 
523533 
654606 
523535 
654609 
523538 
523540 
654613 
523542 
523544 
654617 
523547 
654621 
523549 
523551 
523553 
654628 
523556 
523558 
654631 
523560 
654634 
523562 
654637 
523565 
523567 
523569 
654642 
654643 
523571 
654644 
654645 
654646 
523574 
654648 
523576 
654650 
523578 
654652 
523580 
654655 
523583 
523585 
654658 
523587 
654661 
523589 
654664 
523592 
523594 
523596 
654669 
523598 
654672 
523601 
654675 
523603 
523605 
654678 
523607 
523610 
654683 
523612 
654686 
523614 
523616 
654689 
523619 
654692 
523621 
523623 
654697 
523625 
654698 
654699 
654700 
523628 
654701 
523630 
523632 
654705 
523634 
654709 
523637 
523639 
654713 
523641 
523643 
523646 
654720 
523648 
654722 
523650 
654724 
523652 
654726 
523655 
654729 
523657 
654731 
523659 
654733 
523661 
654735 
523664 
654738 
523666 
654740 
523668 
654742 
523670 
654744 
523673 
654747 
523675 
523677 
654751 
523679 
523682 
654755 
523684 
523686 
654759 
523688 
523691 
523693 
654766 
523695 
654769 
523697 
654772 
523700 
523702 
654775 
523704 
523706 
654780 
654781 
523709 
654782 
654783 
523711 
654784 
523713 
654786 
523715 
654788 
654790 
523718 
523720 
654793 
523722 
654796 
523724 
654799 
523727 
523729 
654802 
523731 
523733 
654807 
523736 
654810 
523738 
523740 
654813 
523742 
654816 
523745 
523747 
654821 
523749 
523751 
654824 
523754 
654827 
523756 
654830 
523758 
523760 
654835 
523763 
654836 
654837 
523765 
654838 
654839 
523767 
523769 
654843 
523772 
523774 
654847 
523776 
523778 
654851 
523781 
523783 
523785 
654858 
523787 
654860 
654862 
523790 
654864 
523792 
523794 
654867 
523796 
654869 
654871 
523799 
654873 
523801 
523803 
654876 
523805 
654878 
654880 
523808 
654882 
523810 
523812 
654885 
523814 
654889 
523817 
523819 
654893 
523821 
523823 
654897 
523826 
523828 
523830 
654904 
523832 
654907 
523835 
523837 
654910 
523839 
654913 
523841 
523844 
654918 
523846 
654919 
654920 
523848 
654921 
654922 
523850 
654924 
523853 
654926 
523855 
654928 
523857 
654931 
523859 
654934 
523862 
523864 
654937 
523866 
654940 
523868 
523871 
654945 
523873 
523875 
654948 
523877 
654951 
523880 
654954 
523882 
523884 
523886 
654959 
523889 
654962 
523891 
654965 
523893 
523895 
654968 
523898 
523900 
654973 
654974 
523902 
654975 
654976 
523904 
654977 
523907 
654981 
523909 
523911 
654985 
523913 
523916 
654989 
523918 
523920 
523922 
654996 
523925 
654998 
523927 
655000 
523929 
655002 
523931 
655005 
523934 
655007 
523936 
655009 
523938 
655011 
523940 
655014 
523943 
655016 
523945 
655018 
523947 
655020 
523949 
655023 
523952 
523954 
655027 
523956 
523958 
655031 
523961 
655035 
523963 
523965 
523967 
655042 
523970 
523972 
655045 
523974 
655048 
523976 
655051 
523979 
523981 
523983 
655056 
655057 
523985 
655058 
655059 
655060 
523988 
655062 
523990 
655064 
523992 
655066 
523994 
655069 
523997 
523999 
655072 
524001 
655075 
524003 
655078 
524006 
524008 
524010 
655083 
524012 
655086 
524015 
655089 
524017 
524019 
655092 
524021 
524024 
655097 
524026 
655100 
524028 
524030 
655103 
524033 
655106 
524035 
524037 
655111 
524039 
655112 
655113 
655114 
524042 
655115 
524044 
524046 
655119 
524048 
655123 
524051 
524053 
655127 
524055 
524057 
524060 
655134 
524062 
655136 
524064 
655138 
524066 
655140 
524069 
655143 
524071 
655145 
524073 
655147 
524075 
655149 
524078 
524079 
655152 
524080 
524081 
655154 
524082 
655156 
524084 
655158 
524086 
524088 
655161 
524091 
655165 
524093 
524095 
655169 
524097 
524100 
655173 
524102 
524104 
524106 
655180 
524109 
655183 
524111 
524113 
655186 
524115 
655189 
524118 
524120 
655194 
524122 
655195 
655196 
524124 
655197 
655198 
524127 
655200 
524129 
655202 
524131 
655204 
524133 
655207 
524136 
655210 
524138 
524140 
655213 
524142 
655216 
524145 
524147 
655221 
524149 
524151 
655224 
524154 
655227 
524156 
655230 
524158 
524160 
655235 
524163 
524165 
655238 
524167 
655241 
524169 
655244 
524172 
524174 
524176 
655249 
655250 
524178 
655251 
655252 
655253 
524181 
524183 
655257 
524185 
524187 
655261 
524190 
524192 
655265 
524194 
524196 
524199 
655272 
524201 
655274 
524203 
655276 
524205 
655278 
524208 
655281 
524210 
655283 
524212 
655285 
524214 
655287 
524217 
655290 
524219 
655292 
524221 
655294 
524223 
655296 
524226 
655299 
524228 
524230 
655303 
524232 
655307 
524235 
524237 
655311 
524239 
524241 
524244 
655318 
524246 
524248 
655321 
524250 
655324 
524253 
655327 
524255 
524257 
524259 
655332 
655333 
655334 
524262 
655335 
655336 
524264 
655338 
524266 
655340 
524268 
655342 
524271 
655345 
524273 
524275 
655348 
524277 
655351 
524280 
655354 
524282 
524284 
524286 
655359 
)

// ************************************************************************* //
