/*--------------------------------*- C++ -*----------------------------------*\
  =========                 |
  \\      /  F ield         | OpenFOAM: The Open Source CFD Toolbox
   \\    /   O peration     | Website:  https://openfoam.org
    \\  /    A nd           | Version:  13
     \\/     M anipulation  |
\*---------------------------------------------------------------------------*/
FoamFile
{
    format      binary;
    class       faceSet;
    location    "constant/polyMesh/sets";
    object      layerFaces;
}
// * * * * * * * * * * * * * * * * * * * * * * * * * * * * * * * * * * * * * //


64691
(
524289 
655362 
524291 
655365 
524293 
655368 
524296 
524299 
655373 
524302 
655375 
655377 
524305 
655379 
655382 
524310 
655383 
655384 
524312 
655385 
655386 
524314 
524316 
655390 
524319 
524321 
655395 
524323 
655397 
524325 
655399 
524328 
655402 
655403 
524331 
655404 
655405 
655406 
524334 
655407 
655408 
655409 
524337 
655412 
524342 
524344 
655417 
524346 
524348 
655422 
524351 
655425 
524353 
524355 
655428 
524357 
655430 
524360 
655433 
655434 
524363 
655437 
524366 
655440 
524369 
655444 
524374 
655447 
524376 
524378 
655452 
524380 
655455 
524383 
655457 
524385 
524387 
655460 
524389 
655462 
655464 
524392 
655466 
524395 
655469 
524398 
655472 
524401 
655475 
655478 
524406 
524408 
524410 
655483 
655484 
524412 
655485 
655486 
655487 
524415 
524417 
655490 
524419 
655493 
524421 
655496 
524424 
524427 
655501 
524430 
655504 
524433 
655507 
655510 
524438 
524440 
524442 
655515 
524444 
655517 
655519 
524447 
655521 
524449 
524451 
655524 
524453 
655526 
655528 
524456 
655530 
524459 
655533 
524462 
655535 
655537 
524465 
655539 
655542 
524470 
655543 
655544 
524472 
655545 
655546 
524474 
524476 
655550 
524479 
524481 
655554 
524483 
524485 
655559 
524488 
655562 
524491 
655565 
655566 
524494 
655567 
655568 
655569 
524497 
655572 
524502 
655575 
524504 
655578 
524506 
524508 
655583 
524511 
655585 
524513 
655587 
524515 
524517 
655590 
655591 
655592 
524520 
655593 
655594 
655595 
524523 
655596 
655597 
524526 
655600 
524529 
655603 
655606 
524534 
524536 
524538 
655611 
524540 
655614 
524543 
655617 
524545 
524547 
655620 
524549 
524552 
655625 
655627 
524555 
655629 
524558 
655631 
524561 
655634 
655636 
655638 
524566 
655640 
524568 
524570 
655643 
524572 
655645 
655647 
524575 
655649 
524577 
524579 
655652 
655653 
524581 
655654 
655655 
655656 
524584 
655657 
524587 
655660 
524590 
655663 
524593 
655667 
524598 
655672 
524600 
524602 
524604 
655677 
524607 
655681 
524609 
524611 
524613 
655688 
524616 
524618 
655691 
524620 
655693 
524622 
655696 
524625 
655699 
524629 
655702 
524631 
655704 
524633 
655706 
524635 
655708 
524638 
655711 
524640 
655714 
524642 
524644 
655717 
524647 
655720 
524649 
655723 
524651 
524653 
655728 
524656 
655729 
655730 
524658 
655731 
655732 
524660 
524662 
655735 
655737 
524665 
524667 
655740 
524669 
655743 
524671 
655746 
524674 
524676 
655749 
524678 
524680 
655754 
524683 
524685 
655758 
524687 
524689 
655763 
524692 
655766 
524694 
524696 
655769 
524698 
655772 
524701 
524703 
655777 
524705 
655779 
524707 
655781 
524710 
655783 
524712 
655786 
524714 
655787 
524716 
655789 
655791 
524719 
655793 
524722 
655796 
524725 
655799 
524728 
655802 
655804 
524733 
655806 
524735 
655808 
524737 
655811 
524739 
655812 
655813 
655814 
524742 
655815 
524744 
655817 
524746 
655819 
524748 
655821 
524751 
655824 
524753 
655827 
524755 
524757 
655830 
524760 
655833 
524762 
524764 
655838 
524766 
655840 
524769 
655842 
524771 
655844 
524773 
655847 
524775 
655849 
524778 
655851 
524780 
655853 
524782 
655856 
524784 
655859 
524787 
524789 
655862 
524791 
655865 
524793 
524796 
655870 
524798 
655871 
655872 
524800 
655873 
655874 
524802 
655876 
524805 
655878 
524807 
655880 
524809 
655883 
524811 
655886 
524814 
524816 
655889 
524818 
655892 
524820 
524823 
655897 
524825 
655899 
524827 
655901 
524829 
655903 
524832 
655906 
524834 
655908 
524836 
655910 
524838 
655912 
524841 
655915 
524843 
655917 
524845 
655919 
524847 
655921 
524850 
655924 
524852 
655925 
655926 
524854 
655927 
655928 
524856 
655930 
524859 
655932 
524861 
655934 
524863 
655937 
524865 
655940 
524868 
524870 
655943 
524872 
655946 
524874 
524877 
655951 
524879 
655953 
524881 
655955 
524883 
655957 
524886 
655960 
524888 
655961 
655962 
524890 
655963 
655964 
524892 
524895 
655968 
524897 
524899 
655973 
524901 
655975 
524904 
655977 
524906 
655980 
524908 
655981 
655982 
524910 
655983 
655984 
524913 
655987 
524915 
524917 
655991 
524919 
524922 
655996 
524924 
655997 
524926 
656000 
524928 
656003 
524931 
524933 
656006 
524935 
524937 
656011 
524940 
656014 
524943 
656017 
524946 
656020 
524949 
656025 
524954 
656027 
524956 
656029 
524958 
656031 
524960 
656034 
524963 
656036 
524965 
656038 
524967 
656040 
524969 
656043 
524972 
656045 
524974 
656047 
524976 
656049 
524978 
656052 
524981 
656055 
524983 
656057 
524985 
524987 
656060 
656061 
656062 
524990 
656063 
656064 
524992 
656065 
656066 
524994 
656067 
656068 
524996 
656071 
524999 
525001 
656074 
525003 
656077 
525005 
525008 
656082 
525010 
656084 
525012 
656086 
525014 
656088 
525017 
656091 
525019 
656093 
525021 
656095 
525023 
656097 
525026 
656100 
525028 
656102 
525030 
656104 
525032 
656106 
525035 
656109 
525037 
656111 
525039 
656113 
525041 
656115 
525044 
656118 
525046 
525048 
656121 
525050 
656124 
525053 
656127 
525055 
525057 
525059 
656132 
656133 
656134 
525062 
656135 
656136 
525064 
656137 
656138 
525066 
656139 
656140 
525068 
656143 
525071 
525073 
656146 
525075 
656149 
525077 
525080 
656154 
525082 
525084 
656157 
525086 
656160 
525089 
656163 
525091 
525093 
525095 
656168 
656170 
525098 
656172 
525100 
656174 
525102 
525104 
656177 
656179 
525107 
656181 
525109 
656183 
525111 
525113 
656186 
656188 
525116 
656190 
525118 
656192 
525120 
525122 
656195 
656197 
525125 
656199 
525127 
656201 
525129 
525131 
656204 
656205 
656206 
525134 
656207 
656208 
525136 
656209 
656210 
525138 
656211 
656212 
525140 
656215 
525143 
525145 
656218 
525147 
656221 
525149 
525152 
656226 
525154 
656228 
525156 
656230 
525158 
656232 
525161 
656235 
525164 
656237 
656239 
525167 
656241 
525170 
656244 
656246 
525175 
656248 
525177 
656250 
525179 
656253 
525181 
656255 
525184 
656257 
525186 
656259 
525188 
656262 
525190 
656265 
525193 
525195 
656268 
525197 
656271 
525199 
525202 
656276 
525204 
656277 
656278 
525206 
656279 
656280 
525208 
656281 
656282 
656283 
525211 
656284 
525213 
656287 
525215 
525217 
656290 
525220 
656293 
525222 
525224 
656298 
525226 
656301 
525229 
525231 
656304 
525233 
656307 
525235 
525238 
656312 
525240 
656314 
525242 
656316 
525244 
656318 
525247 
656321 
525249 
656323 
525251 
656325 
525253 
656327 
525256 
525257 
656330 
525258 
525259 
656332 
525260 
656334 
525262 
656336 
525264 
525266 
656339 
656341 
525269 
656343 
525271 
656345 
525273 
525275 
656348 
656349 
656350 
525278 
656351 
656352 
525280 
656353 
656354 
525282 
656355 
656356 
525284 
656359 
525287 
525289 
656362 
525291 
656365 
525293 
525296 
656370 
525298 
656372 
525300 
656374 
525302 
656376 
525305 
656379 
525307 
656381 
525309 
656383 
525311 
656385 
525314 
656388 
525316 
656390 
525318 
656392 
525320 
656394 
525323 
656397 
525325 
656399 
525327 
656401 
525329 
656403 
525332 
656406 
525334 
525336 
656409 
525338 
656412 
525341 
656415 
525343 
525345 
525347 
656420 
656421 
656422 
525350 
656423 
656424 
525352 
656425 
656426 
525354 
656427 
656428 
525356 
656431 
525359 
525361 
656434 
525363 
656437 
525365 
525368 
656442 
525370 
525372 
656445 
525374 
656448 
525377 
656451 
525379 
525381 
525383 
656456 
656458 
525386 
656460 
525388 
656462 
525390 
525392 
656465 
656467 
525395 
656469 
525397 
656471 
525399 
525401 
656474 
656476 
525404 
656478 
525406 
656480 
525408 
525410 
656483 
656485 
525413 
656487 
525415 
656489 
525417 
525419 
656492 
656493 
656494 
525422 
656495 
656496 
525424 
656497 
656498 
525426 
656499 
656500 
525428 
656503 
525431 
525433 
656506 
525435 
656509 
525437 
525440 
656514 
525442 
656516 
525444 
656518 
525446 
656520 
525449 
656523 
525451 
656525 
525453 
656527 
525455 
656529 
525458 
656532 
525460 
656534 
525462 
656536 
525464 
656538 
525467 
656541 
525469 
656543 
525471 
656545 
525473 
656547 
525476 
656550 
525478 
525480 
656553 
525482 
656556 
525485 
656559 
525487 
525489 
525491 
656564 
656565 
656566 
525494 
656567 
656568 
525496 
656569 
656570 
525498 
656571 
656572 
525500 
525503 
656576 
525505 
525507 
656580 
525509 
656584 
525512 
525514 
525516 
525518 
656591 
525521 
656594 
525523 
656597 
525525 
525527 
656600 
525530 
525532 
656605 
525534 
656607 
525536 
656609 
656611 
525539 
525541 
656614 
525543 
656616 
525545 
656618 
656620 
525548 
525550 
656623 
525552 
656625 
525554 
656627 
656629 
525557 
525559 
656632 
525561 
656634 
525563 
656636 
656638 
525566 
525568 
656641 
656642 
525570 
656643 
656644 
525572 
656645 
656646 
656647 
525575 
656648 
656649 
525577 
525579 
656652 
525581 
656655 
525584 
656658 
525586 
525588 
525590 
656663 
656665 
525593 
656667 
525595 
656669 
525597 
525599 
656672 
656673 
656674 
525602 
656675 
656676 
525604 
656677 
656678 
525606 
656679 
656680 
525608 
656681 
656682 
656683 
525611 
656684 
525613 
656686 
525615 
656688 
525617 
656690 
525620 
656693 
525622 
656696 
525624 
525626 
656699 
525629 
656702 
525631 
525633 
656707 
525635 
525638 
656711 
525640 
525642 
656715 
525644 
656719 
525647 
525649 
525651 
525653 
656726 
656728 
525656 
656730 
525658 
656732 
525660 
525662 
656735 
656737 
525665 
656739 
525667 
656741 
525669 
525671 
656744 
656746 
525674 
656748 
525676 
656750 
525678 
525680 
656753 
656755 
525683 
656757 
525685 
656759 
525687 
525689 
656762 
525692 
656765 
525694 
656768 
525696 
525698 
656771 
525701 
525703 
656776 
656777 
525705 
656778 
656779 
525707 
656780 
656782 
525710 
656784 
525712 
656786 
525714 
525716 
656789 
525719 
656792 
525721 
656795 
525723 
525725 
656798 
525728 
525730 
656803 
525732 
656806 
525734 
656809 
525737 
525739 
656812 
525741 
525743 
656817 
525746 
656820 
525748 
525750 
656823 
525752 
656826 
525755 
525757 
656831 
525759 
656833 
525761 
656835 
525764 
656837 
525766 
656840 
525768 
656842 
525770 
656844 
525773 
656846 
525775 
656849 
525777 
656851 
525779 
656853 
525782 
656855 
525784 
656858 
525786 
656859 
656860 
525788 
656861 
656862 
525791 
656864 
525793 
656866 
525795 
656868 
525797 
656871 
656872 
525800 
656873 
656874 
525802 
656875 
656876 
525804 
656877 
656878 
525806 
656879 
656881 
525809 
656883 
525811 
656885 
525813 
525815 
656888 
525818 
656891 
525820 
656894 
525822 
525824 
656897 
525827 
525829 
656902 
525831 
656905 
525833 
656908 
525836 
525838 
656911 
525840 
525842 
656916 
525845 
656918 
525847 
656920 
525849 
656922 
525851 
656925 
525854 
656927 
525856 
656929 
525858 
656931 
525860 
656934 
525863 
656936 
525865 
656938 
525867 
656940 
525869 
656943 
525872 
656945 
525873 
525874 
656947 
525875 
525876 
656949 
525878 
656952 
525880 
525882 
656955 
525885 
656958 
525887 
656961 
525889 
525891 
656966 
525894 
656967 
656968 
656969 
525897 
656970 
656972 
525900 
656975 
525903 
656978 
525908 
656981 
525910 
656984 
525912 
525914 
656989 
525917 
525919 
656993 
525921 
525923 
656996 
525926 
657001 
525929 
657004 
525932 
657007 
525935 
657010 
525940 
657015 
525943 
657017 
525946 
657019 
657021 
525949 
657024 
657026 
525954 
657028 
525956 
657030 
525958 
525960 
657033 
657035 
525963 
657037 
525966 
657039 
525969 
657042 
657043 
657044 
525972 
657045 
657046 
657048 
525977 
657050 
525979 
657052 
525981 
657055 
525983 
657056 
657057 
657058 
525986 
657059 
657060 
525988 
657062 
525990 
657064 
525992 
657066 
525995 
657069 
525998 
657073 
526001 
526004 
657078 
657081 
526009 
526011 
657084 
526013 
657087 
526015 
526018 
657092 
526020 
657094 
526022 
657096 
526024 
657098 
526027 
657101 
526030 
657104 
526033 
657107 
526036 
657109 
657111 
657113 
526041 
526043 
657116 
526045 
657119 
526047 
657122 
526050 
526052 
657125 
526054 
657128 
526056 
526059 
657133 
657134 
526062 
657135 
657136 
657137 
526065 
657139 
526068 
657141 
657143 
526073 
657146 
526076 
657149 
526079 
657152 
526082 
657155 
526087 
657160 
526089 
657163 
526091 
526093 
657166 
526096 
657171 
526099 
657174 
526102 
657177 
526105 
657180 
526110 
526112 
657185 
657187 
526115 
657189 
526117 
657191 
526119 
657194 
526122 
657197 
526125 
657200 
657202 
526131 
657204 
657206 
526135 
657209 
526137 
657210 
657212 
526140 
657214 
657216 
526144 
657219 
657220 
526148 
657221 
657222 
657223 
657224 
657225 
526153 
657226 
657227 
526155 
657229 
526157 
657231 
526159 
657233 
526162 
657236 
526165 
657239 
526167 
657242 
526170 
657245 
526173 
526176 
657250 
526179 
657253 
657256 
526184 
526186 
657259 
526188 
526190 
657264 
526193 
657266 
526195 
657268 
526197 
657270 
526199 
657273 
526202 
657275 
657277 
526205 
657279 
526208 
657282 
526211 
657284 
657286 
657288 
526216 
657291 
526219 
657293 
526222 
657295 
657297 
526225 
657300 
526230 
657303 
526232 
657306 
526234 
526236 
657309 
526239 
657314 
526242 
657315 
657316 
657317 
526245 
657318 
657320 
526248 
657322 
657324 
526253 
657327 
526256 
657330 
526259 
657333 
526262 
657336 
526267 
657341 
526269 
526271 
657344 
526273 
657347 
526276 
657350 
526279 
526282 
657355 
526285 
657358 
657361 
526290 
657364 
526293 
526296 
657369 
657371 
526299 
657373 
657375 
526304 
657378 
526306 
657380 
526308 
657382 
526310 
657384 
526313 
657387 
526316 
657389 
657391 
526319 
657393 
526322 
657396 
657397 
657398 
657399 
526327 
657400 
657402 
526330 
657404 
526333 
657406 
526336 
657409 
657410 
657411 
657412 
657413 
526341 
657414 
657415 
526343 
657416 
657417 
526345 
657419 
526347 
657421 
526350 
657423 
526353 
657426 
526356 
657429 
526359 
657432 
657435 
526364 
526367 
657440 
526370 
657443 
526373 
657446 
657449 
526378 
526380 
657454 
526382 
657456 
526384 
657458 
526387 
657460 
526390 
657463 
657465 
526393 
657467 
526396 
657469 
657472 
526401 
657474 
526403 
657476 
526405 
657478 
526407 
657481 
526410 
657483 
526412 
657485 
526414 
657487 
526416 
657490 
526419 
657493 
526422 
657496 
526425 
657499 
526428 
657504 
657505 
526433 
657506 
657507 
526435 
657508 
657509 
526437 
657510 
657511 
526439 
657512 
657514 
526442 
657516 
526444 
657518 
526446 
526448 
657521 
526451 
657524 
526454 
657527 
526457 
657530 
526460 
657535 
526465 
657538 
526467 
657541 
526469 
526471 
657544 
526474 
526476 
657549 
526478 
657551 
526480 
657553 
657555 
526483 
526485 
657558 
526487 
657560 
526489 
657562 
657564 
526492 
526494 
657567 
526496 
657569 
526498 
657571 
657573 
526501 
526503 
657576 
526505 
657578 
526507 
657580 
657582 
526510 
657585 
526513 
657588 
526516 
657591 
526519 
657594 
526524 
526526 
657599 
657600 
526528 
657601 
657602 
526530 
657603 
657604 
657605 
526533 
657606 
657607 
526535 
657609 
526537 
657611 
526539 
657613 
526542 
657616 
657617 
526545 
657618 
657619 
657620 
526548 
657622 
526551 
657624 
657626 
526556 
657629 
657630 
526558 
657631 
657632 
526560 
657633 
526562 
657637 
526565 
526567 
657641 
526569 
526571 
657645 
526574 
526577 
657652 
526580 
657654 
526583 
657656 
657658 
526588 
657661 
526590 
657664 
526592 
526594 
657667 
526597 
657670 
526599 
526601 
657675 
526603 
526606 
657679 
526609 
657683 
526612 
657687 
526615 
526620 
657694 
526622 
657696 
526624 
657698 
526626 
657700 
526629 
657703 
526631 
657705 
526633 
657707 
526635 
657709 
526638 
657712 
526641 
657714 
657716 
526644 
657718 
526647 
657721 
657724 
526652 
526654 
657727 
526656 
657730 
526658 
526661 
657735 
526663 
526665 
526667 
657741 
526670 
657745 
526673 
526676 
526679 
657752 
657756 
526684 
526686 
657759 
526688 
526690 
657764 
526693 
657767 
526695 
526697 
657770 
526699 
657773 
526702 
526705 
657778 
657780 
526708 
657782 
526711 
657784 
657787 
526716 
657789 
526718 
657791 
657793 
526721 
526723 
657796 
526725 
657798 
657800 
526728 
657802 
526731 
657805 
657807 
657809 
526738 
657811 
526741 
657814 
526744 
526746 
657819 
526749 
657823 
526753 
526757 
657830 
657833 
526762 
657835 
526764 
657838 
526766 
657840 
526768 
657842 
526771 
657844 
526774 
657847 
526776 
657850 
526779 
657853 
526782 
657856 
526785 
526788 
657861 
657862 
657863 
657864 
657865 
526793 
657867 
526795 
657869 
526797 
657871 
526799 
657874 
526802 
526804 
657878 
526806 
526808 
657882 
526811 
657886 
526814 
526817 
526820 
657893 
657895 
657897 
526825 
657899 
526827 
526829 
657902 
526831 
657905 
526834 
657908 
526836 
526838 
657911 
526840 
526843 
657916 
526846 
657920 
526849 
657924 
526852 
657928 
526857 
526859 
526861 
657935 
526863 
657937 
526866 
657939 
526868 
657941 
526870 
657944 
526872 
657946 
526875 
657948 
657950 
526878 
657953 
526881 
657955 
526884 
657957 
657959 
526889 
657962 
526891 
657965 
526893 
526895 
657968 
526898 
657971 
526900 
526902 
657976 
526904 
526907 
657980 
526910 
657983 
526913 
657988 
526916 
657993 
526921 
526923 
657996 
526925 
526927 
658001 
526930 
658004 
526932 
526934 
658007 
526936 
658010 
526939 
526942 
658015 
658017 
526945 
658019 
526948 
658021 
658024 
526953 
658026 
526955 
658028 
526957 
658030 
526959 
658033 
658034 
526962 
658035 
658036 
526964 
658037 
526966 
658039 
526968 
658041 
658043 
526971 
658046 
526974 
526977 
658050 
526980 
658054 
526985 
658058 
526987 
526989 
526991 
658065 
526994 
658067 
526996 
658069 
526998 
658071 
527000 
658074 
527003 
658076 
658078 
527006 
658080 
527009 
658083 
527012 
658086 
658089 
527017 
527019 
658092 
527021 
527023 
658097 
658098 
527026 
658099 
658100 
527028 
658101 
527030 
658103 
527032 
658105 
658107 
527035 
658110 
527038 
527041 
658114 
527044 
658118 
527049 
658122 
527051 
527053 
527055 
658129 
527058 
658131 
527060 
658133 
527062 
658135 
527064 
658138 
527067 
658141 
527069 
527071 
658144 
527073 
658147 
527076 
527078 
658152 
527080 
527082 
658156 
527085 
527087 
658160 
527089 
527091 
658164 
527094 
527097 
658171 
527100 
658173 
658175 
527103 
658177 
658180 
527108 
658182 
527110 
658184 
527112 
658186 
527114 
658189 
527117 
658191 
527119 
658193 
527121 
658195 
527123 
658198 
527126 
658201 
527129 
658204 
527132 
658207 
527135 
658212 
527140 
527142 
658215 
527144 
658218 
527146 
658221 
527149 
527151 
527153 
658226 
527155 
658229 
527158 
658232 
527161 
658235 
527164 
527167 
658240 
658243 
527172 
658246 
527174 
527176 
658249 
527178 
527181 
658254 
527183 
658256 
527185 
658258 
527187 
658260 
527190 
658263 
658265 
527193 
658267 
527196 
658269 
527199 
658272 
658273 
658274 
658275 
658276 
527204 
658278 
527206 
658280 
527208 
658282 
527210 
658285 
527213 
527215 
658289 
527217 
527219 
658293 
527222 
658297 
527225 
527228 
527231 
658304 
658306 
658308 
527236 
658310 
527238 
527240 
658313 
527242 
658315 
658317 
527245 
658319 
527247 
527249 
658322 
527251 
658325 
527254 
658328 
527257 
658331 
527260 
527263 
658336 
658337 
658338 
658339 
658340 
527268 
658342 
527270 
658344 
527272 
658346 
527274 
658349 
527277 
527279 
658353 
527281 
527283 
658357 
527286 
658361 
527289 
527292 
527295 
658368 
658370 
658372 
527300 
658374 
527303 
658377 
527306 
658380 
527308 
527310 
658383 
527313 
658386 
527316 
658391 
527319 
658395 
527324 
658399 
527328 
527330 
658403 
527333 
527337 
658410 
658412 
658414 
527342 
658416 
527346 
658419 
527348 
658421 
658423 
527351 
658425 
527355 
658428 
658430 
658432 
527360 
658434 
527364 
658437 
527366 
658440 
527369 
658443 
527373 
658446 
527378 
658451 
658454 
527382 
527384 
658457 
527387 
658460 
527391 
658465 
658468 
527396 
658471 
527399 
658474 
527402 
527405 
658479 
527408 
658482 
527411 
658485 
527414 
658488 
527419 
658493 
527421 
658495 
527423 
658497 
527425 
658499 
527428 
658502 
527431 
658504 
527433 
658506 
658508 
527436 
658511 
527439 
658512 
658513 
658514 
527442 
658515 
658517 
527445 
658519 
658521 
527450 
658524 
527452 
527454 
658528 
527456 
527459 
658532 
527461 
527463 
658536 
527465 
527468 
658543 
527471 
658545 
527474 
658547 
658549 
527477 
658552 
658554 
527482 
658556 
527484 
658558 
527486 
527488 
658561 
527491 
658564 
527493 
658567 
527495 
527497 
658570 
527500 
658575 
527503 
658576 
658577 
658578 
527506 
658579 
658581 
527509 
658583 
658585 
527514 
658588 
527516 
527518 
658592 
527520 
527523 
658596 
527525 
527527 
658600 
527529 
527532 
658607 
527535 
658609 
527538 
658611 
658613 
527541 
658616 
527546 
658619 
527548 
658622 
527550 
527552 
658625 
527555 
527557 
658630 
527559 
527561 
658634 
527564 
658638 
527567 
658642 
527570 
527573 
658649 
527578 
658651 
527580 
658653 
527582 
658655 
527584 
658658 
527587 
658660 
527589 
658662 
527591 
658664 
527593 
658667 
527596 
658669 
658671 
527599 
658673 
527602 
658676 
527605 
658679 
658682 
527610 
527612 
658685 
527614 
527616 
658690 
527619 
658693 
527621 
527623 
658696 
527625 
658699 
527628 
527631 
658704 
527634 
658707 
527637 
658710 
658713 
527642 
527644 
658718 
527646 
527648 
658721 
527651 
658724 
527653 
658727 
527655 
527657 
658732 
527660 
658734 
527663 
658736 
658738 
527666 
658741 
527669 
658743 
658745 
527674 
658747 
527676 
658750 
527678 
658751 
658752 
527680 
658753 
658754 
527683 
658756 
527685 
658758 
527687 
658760 
527689 
658763 
527692 
658767 
527695 
527698 
658771 
527701 
658775 
527706 
527708 
658782 
527710 
658784 
527712 
658786 
527715 
658788 
527717 
658791 
527719 
658793 
527721 
658795 
527724 
658797 
527727 
658800 
658802 
527730 
658804 
527733 
658806 
658809 
658810 
527738 
658811 
658812 
527740 
658813 
527742 
658815 
527744 
658817 
658819 
527747 
658822 
527750 
527753 
658826 
527756 
658830 
527761 
658834 
527764 
527767 
658841 
527770 
658845 
527775 
658849 
527777 
527779 
658853 
527781 
527784 
527786 
658860 
527788 
658862 
527790 
658864 
527793 
658866 
527796 
658869 
658871 
527799 
658873 
527802 
658875 
658878 
527807 
658881 
527809 
527811 
658884 
527813 
658887 
527816 
527818 
658892 
527820 
527822 
658895 
527825 
658898 
527828 
658901 
527831 
658906 
527834 
658909 
527839 
658912 
527841 
658915 
527843 
527845 
658920 
527848 
658921 
658922 
527850 
658923 
658924 
527852 
527854 
658928 
527857 
658932 
527860 
527863 
658936 
527866 
658943 
527871 
658945 
527873 
658947 
527875 
658949 
527877 
658952 
527880 
658954 
527882 
658956 
527884 
658958 
527886 
658961 
527889 
658963 
527892 
658965 
658967 
527895 
658970 
527898 
658973 
527903 
658976 
527905 
658979 
527907 
527909 
658984 
527912 
527914 
658988 
527916 
527918 
658992 
527921 
658996 
527924 
527927 
527930 
659003 
659006 
527935 
659009 
527937 
527939 
659012 
527941 
527944 
659017 
527946 
659020 
527948 
527950 
659023 
527953 
659026 
527956 
659031 
527959 
659033 
527962 
659035 
659037 
527967 
659040 
659042 
527970 
659044 
527972 
659046 
527975 
659049 
527977 
659051 
527979 
659053 
527981 
659055 
527984 
659058 
527987 
659062 
527990 
527993 
659066 
659070 
527998 
528001 
528003 
659077 
528006 
659079 
528008 
659081 
528010 
659083 
528012 
659086 
528015 
659089 
528018 
659092 
528021 
659095 
528024 
659100 
528029 
659104 
528032 
528034 
659108 
528037 
528039 
659112 
528041 
528043 
528046 
659119 
659121 
528049 
659123 
528052 
659125 
528055 
659128 
659130 
659132 
528060 
659135 
528063 
659137 
528065 
659139 
528068 
659141 
528070 
659144 
528072 
659146 
528074 
659148 
528077 
659150 
528080 
659153 
528083 
659157 
528086 
659161 
528091 
659165 
528094 
528096 
528099 
659172 
528101 
659174 
528103 
659176 
528105 
659178 
528108 
659181 
659183 
528111 
659185 
528114 
659187 
528117 
659190 
659193 
528122 
659196 
528125 
659199 
528127 
528130 
659204 
528132 
659205 
659206 
528134 
659207 
659208 
528136 
659210 
528139 
659212 
659214 
528142 
659217 
528145 
659220 
528148 
659225 
528153 
528155 
659229 
528157 
528159 
659232 
528162 
528164 
659237 
528166 
659239 
528168 
659242 
528171 
659246 
528174 
659249 
528177 
528180 
659254 
659257 
528185 
528187 
659260 
528189 
659263 
528191 
528194 
659268 
528196 
659270 
528198 
659272 
528200 
659274 
528203 
659277 
528206 
659280 
528209 
659282 
528212 
659285 
659288 
528217 
659291 
528219 
528221 
659294 
528223 
528226 
659299 
659300 
528228 
659301 
659302 
528230 
659303 
528232 
659307 
528235 
659310 
528238 
528241 
659315 
659316 
528244 
659317 
659320 
528249 
659323 
528251 
528253 
659326 
528255 
528258 
659331 
528260 
659334 
528262 
528264 
659337 
528267 
659340 
528270 
659345 
528273 
659347 
528276 
659349 
659351 
528281 
659354 
528283 
659357 
528285 
528287 
659360 
528290 
659363 
528292 
528294 
659368 
528296 
659371 
528299 
659374 
528302 
659377 
528305 
528308 
659382 
659384 
528313 
659386 
528315 
659388 
528317 
659391 
528319 
659393 
528322 
659395 
528324 
659397 
528326 
659400 
528328 
659403 
528331 
659406 
528334 
659409 
528337 
528340 
659414 
659415 
659416 
659417 
528345 
659418 
528347 
659420 
528349 
659422 
528351 
659424 
528354 
659427 
528356 
659430 
528358 
528360 
659433 
528363 
659436 
528366 
659441 
528369 
659442 
659443 
659444 
528372 
659445 
659448 
528377 
659451 
528379 
528381 
659454 
528383 
528386 
659459 
528388 
659462 
528390 
528392 
659465 
528395 
659468 
528398 
659473 
528401 
659475 
528404 
659477 
659479 
528409 
659482 
528411 
659485 
528413 
528415 
659488 
528418 
659491 
528420 
528422 
659496 
528424 
659499 
528427 
659502 
528430 
659505 
528433 
528436 
659510 
659512 
528441 
659514 
528443 
659516 
528445 
659519 
528447 
659521 
528450 
659523 
528452 
659525 
528454 
659528 
528456 
659531 
528459 
659534 
528462 
659537 
528465 
528468 
659542 
659543 
659544 
659545 
528473 
659546 
528475 
659548 
528477 
659550 
528479 
659552 
528482 
659555 
528484 
659558 
528486 
528488 
659561 
528491 
659564 
528494 
659569 
528497 
659570 
659571 
659572 
528500 
659573 
659576 
528505 
659579 
528507 
528509 
659582 
528511 
528514 
659587 
528516 
659590 
528518 
528520 
659593 
528523 
659596 
528526 
659601 
528529 
659603 
528532 
659605 
659607 
528537 
659610 
528539 
659613 
528541 
528543 
659616 
528546 
659619 
528548 
528550 
659624 
528552 
659627 
528555 
659630 
528558 
659633 
528561 
528564 
659638 
659640 
528569 
659642 
528571 
659644 
528573 
659647 
528575 
659649 
528578 
659651 
528580 
659653 
528582 
659656 
528584 
659659 
528587 
659662 
528590 
659665 
528593 
528596 
659670 
659671 
659672 
659673 
528601 
659674 
528603 
659676 
528605 
659678 
528607 
659680 
528610 
659683 
528612 
659686 
528614 
528616 
659689 
528619 
659692 
528622 
659697 
528625 
659698 
659699 
659700 
528628 
659701 
659704 
528633 
659707 
528635 
528637 
659710 
528639 
528642 
659715 
528644 
659718 
528646 
528648 
659721 
528651 
659724 
528654 
659729 
528657 
659731 
528660 
659733 
659735 
528665 
659738 
528667 
659741 
528669 
528671 
659744 
528674 
659747 
528676 
528678 
659752 
528680 
659755 
528683 
659758 
528686 
659761 
528689 
528692 
659766 
659768 
528697 
659770 
528699 
659772 
528701 
659775 
528703 
659777 
528706 
659779 
528708 
659781 
528710 
659784 
528712 
659787 
528715 
659790 
528718 
659793 
528721 
528724 
659798 
659799 
659800 
659801 
528729 
659802 
528731 
659804 
528733 
659806 
528735 
659808 
528738 
659811 
528740 
659814 
528742 
528744 
659817 
528747 
659820 
528750 
659825 
528753 
659826 
659827 
659828 
528756 
659829 
659832 
528761 
659835 
528763 
528765 
659838 
528767 
528770 
659843 
528772 
659846 
528774 
528776 
659849 
528779 
659852 
528782 
659857 
528785 
659860 
528788 
659863 
528793 
659866 
528795 
528797 
659871 
528799 
659874 
528802 
528804 
659877 
528806 
659880 
528808 
528811 
659885 
528814 
659887 
659889 
528817 
659891 
528820 
659894 
659896 
528825 
659898 
528827 
659900 
528829 
659903 
528831 
659904 
659905 
659906 
528834 
659907 
528836 
528838 
659911 
528840 
659915 
528843 
528846 
659919 
528849 
528852 
659926 
659928 
528857 
659930 
528859 
659932 
528861 
659935 
528863 
659938 
528866 
528868 
659941 
528870 
659944 
528872 
528875 
659949 
528878 
659953 
528881 
528884 
659957 
659961 
528889 
528891 
528893 
528895 
659968 
659970 
528898 
659972 
528900 
659974 
528902 
528904 
659977 
659979 
528907 
659981 
528910 
659983 
528913 
659986 
659988 
528916 
659990 
659992 
528921 
659995 
528923 
659997 
528925 
659999 
528927 
660001 
528930 
660004 
528932 
528934 
660008 
528936 
528939 
660012 
528942 
660016 
528945 
528948 
660023 
660025 
528953 
660027 
528955 
660029 
528957 
528959 
660032 
660034 
528962 
660036 
528964 
660038 
528966 
528968 
660041 
528971 
660044 
528974 
660047 
528977 
660050 
528980 
660055 
660056 
660057 
528985 
660058 
660059 
528987 
660061 
528989 
660063 
528991 
660065 
528994 
660068 
528996 
528998 
660071 
529000 
660074 
529003 
660077 
529006 
529009 
660082 
529012 
660085 
660088 
529017 
660091 
529019 
529021 
529023 
660096 
529026 
660100 
529028 
529030 
660103 
529032 
529035 
660108 
529038 
660111 
529041 
660114 
529044 
660117 
529049 
660122 
529051 
660124 
529053 
660126 
529055 
660128 
529058 
660131 
529060 
660133 
529062 
660135 
529064 
660137 
529067 
660140 
660141 
660142 
529070 
660143 
660144 
529073 
660148 
529076 
660152 
529081 
529083 
660156 
529085 
529087 
529090 
660163 
529092 
660165 
529094 
660167 
529096 
660169 
529099 
660172 
529102 
660175 
529105 
660178 
529108 
660181 
529113 
660186 
529115 
529117 
660190 
529119 
660194 
529122 
529124 
660198 
529126 
529128 
529131 
660205 
529134 
660207 
660209 
529137 
660211 
529140 
660214 
660216 
529145 
660218 
529147 
660220 
529149 
660223 
529151 
660225 
529154 
660227 
529156 
660229 
529158 
660232 
529160 
660234 
529163 
660236 
660238 
529166 
660241 
529169 
529172 
660246 
529177 
660250 
529180 
529183 
660257 
529186 
660260 
660262 
529191 
660265 
529193 
660267 
529195 
660269 
529197 
660271 
529200 
660274 
529203 
660277 
529206 
660280 
529209 
660283 
529214 
660288 
529216 
660289 
660290 
529218 
660291 
660292 
529220 
660294 
529223 
660296 
529225 
660298 
529227 
660301 
529229 
660304 
529232 
660307 
529235 
660310 
529238 
529241 
660315 
529246 
660319 
529248 
660322 
529250 
529252 
660327 
529255 
529257 
529259 
660332 
529261 
660335 
529264 
529267 
660340 
529270 
660343 
529273 
660346 
660349 
529278 
529280 
660354 
529282 
660356 
529284 
660358 
529287 
660360 
529289 
660363 
529291 
660365 
529293 
660367 
529296 
660369 
529299 
660372 
660373 
660374 
529302 
660375 
660376 
529305 
660380 
529310 
660384 
529312 
529314 
660388 
529316 
529319 
529321 
660395 
529323 
660397 
529325 
660399 
529328 
660401 
529331 
660404 
529334 
660407 
529337 
660410 
660413 
529342 
529344 
660418 
529346 
529348 
660422 
529351 
529353 
660426 
529355 
529357 
660430 
529360 
529363 
660437 
529366 
660439 
660441 
529369 
660443 
660446 
529374 
660448 
529376 
660450 
529378 
660452 
529380 
660455 
529383 
660457 
529385 
660459 
529387 
660461 
529389 
660464 
529392 
660466 
529395 
660468 
660470 
529398 
660473 
529401 
660477 
529406 
529408 
660481 
529410 
529412 
660485 
529415 
529417 
529419 
660492 
529421 
660494 
660496 
529424 
660498 
529427 
660501 
529430 
660503 
660505 
529433 
660507 
660510 
529438 
529440 
660513 
529442 
660516 
529444 
660519 
529447 
529449 
529451 
660524 
660525 
529453 
660526 
660527 
660528 
529456 
660530 
529459 
660532 
660534 
529462 
660537 
529465 
660538 
660539 
660542 
529470 
529472 
660545 
529474 
529476 
660549 
529479 
660552 
529481 
529483 
660557 
529485 
529488 
660561 
529491 
660564 
529494 
660569 
529497 
660570 
660571 
660572 
660573 
529502 
660575 
529504 
660577 
529506 
660579 
529508 
660582 
529511 
529513 
660586 
529515 
529517 
660591 
529520 
660594 
529523 
660597 
529526 
660600 
529529 
660605 
660606 
529534 
660607 
660608 
529536 
660609 
660610 
529538 
660611 
660612 
529540 
660613 
660615 
529543 
660617 
529545 
660619 
529547 
529549 
660622 
529552 
660625 
529555 
660628 
529558 
660631 
529561 
660636 
529566 
660639 
529568 
660642 
529570 
529572 
660645 
529575 
529577 
660650 
660651 
529579 
660652 
660653 
529581 
660654 
660655 
660656 
529584 
660657 
660658 
529587 
660660 
660662 
529590 
660664 
529593 
660667 
660670 
529598 
529600 
660673 
529602 
660676 
529604 
529607 
660681 
529609 
529611 
660684 
529613 
660687 
529616 
660690 
529619 
529622 
660695 
660696 
660697 
529625 
660698 
660699 
660700 
660701 
660702 
529630 
660703 
529632 
660705 
529634 
660707 
529636 
660709 
529639 
660712 
529641 
660715 
529643 
529645 
660718 
529648 
660721 
529651 
660726 
529654 
660729 
529657 
660732 
529662 
660735 
529664 
529666 
660740 
529668 
660741 
660742 
660743 
529671 
660744 
660745 
529673 
660746 
660747 
529675 
660748 
529677 
660750 
660752 
529680 
660754 
529683 
660757 
529686 
660759 
660761 
529689 
660764 
529694 
660767 
529696 
660769 
529698 
660772 
529700 
660773 
660774 
660775 
529703 
660776 
529705 
660778 
529707 
660780 
529709 
660782 
529712 
660785 
529715 
660788 
529718 
660791 
529721 
660794 
529726 
660799 
660800 
529728 
660801 
660802 
529730 
529732 
660805 
529735 
660808 
529737 
660811 
529739 
529741 
660816 
529744 
660819 
529747 
660822 
529750 
660825 
529753 
660830 
529758 
529760 
660834 
529762 
529764 
660837 
529767 
529769 
660842 
529771 
660845 
529773 
660848 
529776 
660851 
529779 
529782 
660856 
529785 
660858 
660860 
660862 
529790 
529792 
660865 
529794 
660867 
529796 
660869 
660871 
529799 
529801 
660874 
660875 
529803 
660876 
660877 
529805 
660878 
529808 
660882 
529811 
660886 
529814 
529817 
660890 
529822 
529824 
660897 
529826 
660899 
529828 
660901 
660903 
529831 
529833 
660906 
529835 
660909 
529837 
660912 
529840 
660915 
529843 
529846 
660920 
529849 
660924 
529854 
660928 
529856 
529858 
660932 
529860 
529863 
529865 
660939 
529867 
660941 
529869 
660943 
529872 
660945 
529875 
660948 
660950 
529878 
660952 
529881 
660954 
660957 
529886 
660959 
529888 
660961 
529890 
660963 
529892 
660966 
529895 
660968 
529897 
660970 
529899 
660972 
529901 
660975 
529904 
529907 
660981 
529910 
529913 
660988 
660990 
529918 
660992 
529921 
660995 
529924 
660997 
660999 
529927 
661002 
661004 
529932 
661006 
529934 
661008 
529936 
529938 
661011 
661012 
661013 
529941 
661014 
661015 
529943 
661017 
529945 
661019 
529947 
661022 
529950 
661023 
661024 
529952 
661025 
661026 
529954 
661028 
529956 
661030 
529959 
661032 
529961 
661035 
529963 
661037 
529965 
661039 
529968 
661041 
529971 
661044 
661046 
529974 
661048 
529977 
661050 
661053 
661054 
529982 
661055 
661056 
529984 
661057 
529986 
661059 
529988 
661061 
661063 
529991 
529993 
661066 
529995 
661069 
529997 
661072 
530000 
661075 
530003 
530006 
661080 
661081 
530009 
661082 
661083 
661084 
661086 
530014 
661088 
530016 
661090 
530018 
530020 
661093 
530023 
661096 
530025 
661099 
530027 
530029 
661102 
530032 
661107 
530035 
661108 
661109 
661110 
530038 
661111 
661113 
530041 
661116 
530046 
530048 
661122 
530050 
661123 
661124 
530052 
661126 
530055 
661128 
530057 
661130 
530059 
661133 
530061 
661136 
530064 
661139 
530067 
661142 
530070 
530073 
661147 
661148 
661149 
661150 
530078 
661151 
530080 
661153 
530082 
661155 
530084 
661157 
530087 
661160 
530089 
661163 
530091 
530093 
661166 
530096 
661169 
530099 
661174 
530102 
661175 
661176 
661177 
530105 
661178 
661180 
661182 
530110 
661184 
530112 
530114 
661187 
530116 
661190 
530119 
661193 
530121 
530123 
661196 
530125 
530128 
661201 
661202 
661203 
530131 
661204 
661205 
530134 
661207 
661209 
530137 
661211 
661214 
530142 
530144 
661217 
530146 
661220 
530148 
661223 
530151 
530153 
530155 
661228 
661229 
530157 
661230 
661231 
661232 
530160 
661234 
530163 
661236 
661238 
530166 
661241 
530169 
661244 
530174 
661247 
530176 
661250 
530178 
530180 
661255 
530183 
661257 
530185 
661259 
530187 
661261 
530189 
661264 
530192 
661267 
530195 
661270 
530198 
661273 
530201 
661278 
530206 
530208 
661281 
530210 
661284 
530212 
661287 
530215 
530217 
530219 
661292 
530221 
661294 
661296 
530224 
661298 
530227 
661301 
530230 
661303 
661305 
530233 
661307 
661310 
530238 
661312 
530240 
661314 
530242 
661316 
530244 
661319 
530247 
530249 
661322 
530251 
661325 
530253 
661328 
530256 
530259 
661333 
530262 
661335 
661337 
530265 
661339 
661342 
530270 
530272 
661345 
530274 
661348 
530276 
661351 
530279 
530281 
530283 
661356 
530285 
661359 
530288 
661362 
530291 
661365 
530294 
530297 
661370 
661372 
661374 
530302 
661376 
530304 
530306 
661379 
530308 
661381 
661383 
530311 
661385 
530313 
530315 
661388 
530317 
661391 
530320 
661394 
530323 
661397 
530326 
530329 
661402 
661404 
661406 
530334 
661408 
530336 
530338 
661411 
530340 
661413 
661415 
530343 
661417 
530345 
530347 
661420 
530349 
530352 
661425 
530355 
661430 
530358 
530361 
661435 
530366 
530368 
530370 
661444 
530372 
661445 
661446 
661447 
530375 
661448 
530377 
661450 
530379 
661452 
530381 
661454 
530384 
661457 
661459 
530387 
661461 
530390 
661463 
530393 
661469 
530398 
530400 
661474 
530402 
530404 
661477 
530407 
661481 
530409 
530411 
661484 
530413 
530416 
661489 
661491 
530419 
661493 
530422 
661495 
530425 
661498 
661500 
661502 
530430 
661504 
530432 
530434 
661507 
530436 
661510 
530439 
661512 
530441 
661515 
530443 
661517 
530445 
661519 
530448 
661521 
530451 
661524 
661525 
661526 
530454 
661527 
530457 
661531 
661534 
530462 
661535 
530464 
661538 
530466 
530468 
661541 
530471 
661544 
530473 
530475 
661549 
530477 
661551 
530480 
661553 
661555 
530483 
661558 
530486 
661560 
530489 
661562 
661564 
530494 
661567 
530496 
661570 
530498 
530500 
661573 
530503 
661576 
530505 
530507 
661581 
530509 
661583 
530512 
661585 
661587 
530515 
661590 
530518 
661592 
530521 
661594 
661596 
530526 
661599 
530528 
661601 
530530 
661603 
530532 
661605 
530535 
661608 
530537 
661610 
530539 
661612 
530541 
661614 
530544 
661617 
661618 
661619 
530547 
661620 
661621 
530550 
661623 
661625 
530553 
661627 
661630 
530558 
661632 
530560 
661634 
530562 
661636 
530564 
661639 
530567 
661640 
661641 
530569 
661642 
661643 
530571 
530573 
661646 
530576 
661649 
530579 
661652 
530582 
661657 
530585 
661659 
661661 
530590 
661663 
530592 
661666 
530594 
661668 
530596 
661670 
530599 
661672 
530601 
661675 
530603 
530605 
661678 
530608 
661681 
530611 
661684 
530614 
661689 
530617 
661691 
661693 
530622 
661695 
530624 
661698 
530626 
661700 
530628 
661702 
530631 
661704 
530633 
661707 
530635 
661709 
530637 
661711 
530640 
661713 
530643 
661716 
661718 
530646 
661720 
530649 
661722 
661725 
661726 
530654 
661727 
661728 
661729 
530657 
661731 
530660 
661733 
661735 
530663 
661738 
661740 
530668 
661742 
530670 
661744 
530672 
530674 
661747 
661748 
661749 
530677 
661750 
661751 
530680 
661754 
530683 
661757 
530686 
661760 
530691 
661765 
530693 
661767 
530695 
661769 
530697 
661771 
530700 
661774 
530703 
661776 
661778 
530706 
661780 
530709 
661783 
661786 
530714 
661789 
530717 
661792 
530720 
530723 
661797 
661799 
530728 
661801 
530730 
661803 
530732 
661806 
530734 
661808 
530737 
661810 
530739 
661812 
530741 
661815 
530743 
661817 
530746 
661819 
661821 
530749 
661824 
530752 
661826 
530755 
661828 
661830 
530760 
661833 
661834 
530762 
661835 
661836 
530764 
661837 
530766 
661839 
661841 
530769 
661843 
530771 
530773 
661846 
530775 
661848 
661850 
530778 
661852 
530781 
661855 
661856 
530784 
661857 
661858 
661859 
530787 
661862 
530792 
661865 
530794 
661868 
530796 
530798 
661873 
530801 
661875 
530803 
661877 
530805 
661879 
530807 
661882 
530810 
661884 
530813 
661886 
661888 
530816 
661891 
530819 
661894 
530824 
661897 
530826 
661900 
530828 
530830 
661905 
530833 
661907 
530835 
661909 
530837 
661911 
530839 
661914 
530842 
661916 
530845 
661918 
661920 
530848 
661923 
530851 
661925 
661927 
530856 
661929 
530858 
661932 
530860 
661934 
530862 
661936 
530865 
661938 
530867 
661941 
530869 
661942 
661943 
530871 
661944 
661945 
530874 
661947 
661949 
530877 
661951 
530880 
661954 
530883 
661956 
661958 
661960 
530888 
530890 
661963 
661964 
530892 
661965 
661966 
530894 
661967 
530897 
661970 
530899 
661973 
530901 
530903 
661976 
530906 
661981 
530909 
661983 
530912 
661985 
661987 
530915 
661990 
661992 
530920 
661994 
530922 
661996 
530924 
530926 
661999 
662001 
530929 
662003 
530931 
662005 
530933 
530935 
662008 
662010 
530938 
662012 
530941 
662014 
530944 
662017 
662018 
662019 
530947 
662020 
662021 
662023 
530952 
662025 
530954 
662027 
530956 
662030 
530958 
662033 
530961 
530963 
662036 
530965 
662039 
530967 
530970 
662044 
662045 
530973 
662046 
662047 
662048 
530976 
662049 
662050 
662051 
530979 
662052 
662054 
662056 
530984 
662058 
530986 
530988 
662061 
530990 
662063 
662065 
530993 
662067 
530995 
530997 
662070 
530999 
662072 
662074 
531002 
662076 
531005 
662079 
662080 
531008 
662081 
662082 
662083 
531011 
662084 
662085 
662086 
662087 
531016 
662089 
531018 
662091 
531020 
662093 
531022 
662096 
531025 
662098 
531027 
662100 
531029 
662103 
531031 
662105 
531034 
662107 
662109 
531037 
662112 
531040 
662113 
662114 
662115 
531043 
662116 
662117 
662118 
662119 
662120 
531048 
662122 
531050 
662124 
531052 
662126 
531054 
662129 
531057 
662131 
531059 
662133 
531061 
662135 
531063 
662138 
531066 
662140 
531069 
662142 
662144 
531072 
662147 
531075 
662148 
662149 
662150 
662151 
662152 
531080 
662153 
662154 
531082 
662155 
531084 
662157 
531086 
662159 
662161 
531089 
531091 
662164 
531093 
662166 
531095 
662168 
662170 
531098 
662173 
531101 
662175 
531104 
662177 
662179 
531107 
662182 
662183 
662184 
531112 
662185 
662186 
531114 
662187 
662188 
531116 
662189 
662190 
531118 
662192 
531121 
662194 
531123 
662196 
531125 
662199 
531127 
662201 
531130 
662203 
662205 
531133 
662208 
531136 
662210 
531139 
662212 
662214 
531144 
662217 
662218 
531146 
662219 
662220 
531148 
662221 
531150 
662224 
531153 
662227 
531155 
531157 
662230 
531159 
531162 
662235 
662237 
531165 
662239 
531168 
662241 
531171 
662244 
662246 
662248 
531176 
662250 
531178 
531180 
662253 
531182 
662255 
662257 
531185 
662259 
531187 
531189 
662262 
531191 
662265 
531194 
662268 
531197 
662271 
531200 
531203 
662276 
662277 
662278 
662279 
662280 
531208 
662282 
531210 
662284 
531212 
662286 
531214 
662289 
531217 
662291 
531219 
662293 
531221 
662295 
531223 
662298 
531226 
662299 
662300 
662301 
531229 
662302 
662304 
531232 
662306 
531235 
662308 
662311 
531240 
662313 
531242 
662315 
531244 
662317 
531246 
662320 
662321 
531249 
662322 
662323 
531251 
662324 
531253 
662327 
531255 
662330 
531258 
662333 
531261 
531264 
662338 
531267 
662341 
662344 
531272 
531274 
662347 
531276 
531278 
662352 
531281 
662354 
531283 
662356 
531285 
662358 
531287 
662361 
531290 
662363 
662365 
531293 
662367 
531296 
662370 
531299 
662372 
662374 
662376 
531304 
531306 
662379 
662380 
531308 
662381 
662382 
531310 
531313 
662386 
531315 
531317 
531319 
662392 
531322 
531325 
662400 
531328 
531331 
662406 
662407 
531336 
662409 
531338 
662411 
531340 
662413 
531342 
662416 
531345 
662418 
531347 
662420 
531349 
662422 
531351 
662425 
662426 
531354 
662427 
662428 
662429 
531357 
662431 
531360 
662433 
662435 
531363 
662438 
662440 
531368 
662442 
531370 
662444 
531372 
531374 
662447 
662448 
662449 
531377 
662450 
662451 
531379 
662453 
531381 
662455 
531383 
662457 
531386 
662460 
531389 
662462 
662464 
531392 
662466 
531395 
662469 
662470 
662471 
662472 
531400 
662473 
662475 
531403 
662477 
531406 
662479 
531409 
662482 
662484 
662486 
531414 
662488 
531416 
531418 
662491 
662492 
531420 
662493 
662494 
662495 
531423 
662497 
531426 
662499 
662501 
531429 
662504 
531432 
662506 
662508 
531437 
662510 
531439 
662513 
531441 
662514 
662515 
531443 
662516 
662517 
531446 
662520 
531449 
662523 
531452 
662526 
531455 
662531 
531460 
662534 
531463 
662537 
531466 
662540 
531469 
662545 
531474 
662547 
531476 
662549 
531478 
662551 
531480 
662554 
531483 
662556 
531485 
662558 
531487 
662560 
531489 
662563 
531492 
662565 
662567 
531495 
662569 
531498 
662572 
662573 
531501 
662574 
662575 
662576 
531506 
662580 
531508 
531510 
662584 
531512 
531515 
662588 
531517 
531519 
531521 
662595 
531524 
662597 
662599 
531527 
662601 
531530 
662604 
531533 
662607 
662610 
531538 
531540 
662613 
531542 
531544 
662618 
531547 
662620 
531549 
662622 
531551 
662624 
531553 
662627 
531556 
662630 
531559 
662633 
531562 
662636 
531565 
662641 
531570 
531572 
662646 
531574 
531576 
662651 
531579 
531581 
531583 
662656 
531585 
531588 
531591 
662665 
531594 
662667 
662669 
531597 
662671 
662674 
531602 
662676 
531604 
662678 
531606 
662680 
531608 
662683 
531611 
531613 
662687 
531615 
531617 
662691 
531620 
662695 
531623 
531626 
531629 
662702 
662705 
531634 
662708 
531636 
531638 
662711 
531640 
531643 
662716 
662717 
531645 
662718 
662719 
531647 
662720 
531649 
662722 
662724 
531652 
662726 
531655 
662729 
531658 
662732 
531661 
662735 
662738 
531666 
531668 
531670 
662743 
531672 
531675 
662748 
531677 
531679 
662753 
531681 
531684 
662758 
531687 
531690 
531693 
662767 
662769 
531698 
662771 
531700 
662773 
531702 
662776 
531704 
662778 
531707 
662780 
531709 
662782 
531711 
662785 
531713 
531716 
662789 
531719 
662793 
531722 
662797 
531725 
531730 
662804 
531732 
531734 
662807 
531736 
662810 
531739 
662813 
531741 
531743 
531745 
662818 
662819 
662820 
531748 
662821 
662822 
531751 
662824 
662826 
531754 
662828 
531757 
662831 
662834 
531762 
531764 
662837 
531766 
662840 
531768 
531771 
662845 
531773 
531775 
531777 
662850 
531780 
662855 
531783 
531786 
662860 
531789 
531794 
531796 
662869 
531798 
662871 
531800 
662873 
662875 
531803 
531805 
662878 
531807 
662880 
531809 
662882 
662884 
531812 
662887 
531815 
531818 
662891 
531821 
662895 
531826 
662899 
531828 
531830 
531832 
662906 
531835 
662909 
531837 
531839 
662912 
531841 
662915 
531844 
531847 
662920 
662921 
662922 
531850 
662923 
662924 
531853 
662926 
662928 
662930 
531858 
531860 
662933 
531862 
662936 
531864 
662939 
531867 
531869 
662942 
531871 
531873 
662947 
531876 
531879 
662952 
531882 
662957 
531885 
662962 
531890 
531892 
531894 
531896 
662971 
531899 
662973 
531901 
662975 
531903 
662977 
531905 
662980 
531908 
662982 
531911 
662984 
662986 
531914 
662989 
531917 
662993 
531922 
531924 
662997 
531926 
531928 
663001 
531931 
531933 
531935 
663008 
531937 
663011 
531940 
663014 
531943 
663017 
531946 
531949 
663022 
663023 
663024 
663025 
663026 
531954 
663028 
531956 
663030 
531958 
663032 
531960 
663035 
531963 
531965 
663038 
531967 
663041 
531969 
663044 
531972 
531975 
663049 
531978 
531981 
663054 
531986 
663059 
531988 
531990 
663064 
531992 
531995 
531997 
531999 
663073 
532001 
663075 
532004 
663077 
663079 
532007 
663082 
532010 
663084 
532013 
663086 
663088 
532018 
663091 
532020 
532022 
663095 
532024 
663099 
532027 
532029 
663103 
532031 
532033 
532036 
663110 
532039 
663113 
532042 
663116 
532045 
663119 
532050 
663124 
532052 
663125 
663126 
532054 
663127 
663128 
532056 
663130 
532059 
663132 
532061 
663134 
532063 
663137 
532065 
663140 
532068 
663143 
532071 
663146 
532074 
532077 
663151 
532082 
663156 
532084 
532086 
532088 
663161 
532091 
532093 
663166 
532095 
532097 
532100 
663175 
532103 
663177 
532106 
663179 
663181 
532109 
663184 
663186 
532114 
663188 
532116 
663190 
532118 
532120 
663193 
532123 
663197 
532125 
532127 
663201 
532129 
532132 
663205 
532135 
532138 
663212 
532141 
663215 
663218 
532146 
663221 
532149 
532152 
663226 
663227 
532155 
663228 
663229 
663230 
663232 
532160 
663234 
532162 
663236 
532164 
532166 
663239 
532169 
663242 
532172 
663245 
532175 
663248 
532178 
663253 
532183 
532185 
663258 
532187 
532189 
663263 
532192 
532195 
663268 
532198 
532201 
663277 
532206 
663279 
663281 
532209 
663283 
532212 
663286 
532215 
663288 
663290 
663292 
532220 
532222 
663295 
532224 
532226 
663299 
532229 
663303 
532231 
532233 
663307 
532235 
532238 
532241 
663314 
532244 
663317 
532247 
663320 
663323 
532252 
532254 
663328 
532256 
663329 
663330 
532258 
663331 
663332 
532261 
663334 
532263 
663336 
532265 
663338 
532267 
663341 
532270 
663344 
532273 
663347 
532276 
663350 
532279 
663355 
532284 
532286 
663360 
532288 
532290 
663365 
532293 
532295 
532297 
663370 
532299 
532302 
532305 
663379 
532308 
663381 
663383 
532311 
663385 
663388 
532316 
663390 
532318 
663392 
532320 
663394 
532322 
663397 
532325 
532327 
663401 
532329 
532331 
663405 
532334 
663409 
532337 
532340 
532343 
663416 
663419 
532348 
663422 
532350 
532352 
663425 
532354 
532357 
663430 
663431 
532359 
663432 
663433 
532361 
663434 
532363 
663436 
663438 
532366 
663440 
532369 
663443 
532372 
663446 
532375 
663449 
663452 
532380 
532382 
532384 
663457 
532386 
532389 
663462 
532391 
532393 
663467 
532395 
532398 
663472 
532401 
532404 
532407 
663481 
663483 
532412 
663485 
532414 
663487 
532416 
663490 
532418 
663492 
532421 
663494 
532423 
663496 
532425 
663499 
532427 
532430 
663503 
532433 
663507 
532436 
663511 
532439 
532444 
663518 
532446 
532448 
663521 
532450 
663524 
532453 
663527 
532455 
532457 
532459 
663532 
663533 
663534 
532462 
663535 
663536 
532465 
663538 
663540 
532468 
663542 
532471 
663545 
663548 
532476 
532478 
663551 
532480 
663554 
532482 
532485 
663559 
532487 
532489 
532491 
663564 
532494 
663569 
532497 
532500 
663574 
532503 
532508 
532510 
663583 
532512 
663585 
532514 
663587 
663589 
532517 
532519 
663592 
532521 
663594 
532523 
663596 
663598 
532526 
663601 
532529 
532532 
663605 
532535 
663609 
532540 
663613 
532542 
532544 
532546 
663620 
532549 
663623 
532551 
532553 
663626 
532555 
663629 
532558 
532561 
663634 
663635 
663636 
532564 
663637 
663638 
532567 
663640 
663642 
663644 
532572 
532574 
663647 
532576 
663650 
532578 
663653 
532581 
532583 
663656 
532585 
532587 
663661 
532590 
663665 
532593 
532596 
663669 
532599 
663673 
532604 
532606 
663680 
532608 
663681 
663682 
532610 
663683 
663684 
532613 
663686 
532615 
663688 
532617 
663690 
532619 
663693 
532622 
663697 
532625 
532628 
663701 
532631 
663705 
532636 
532638 
663712 
532640 
532642 
663715 
532645 
663718 
532647 
663721 
532649 
532651 
663726 
532654 
663727 
663728 
663729 
532657 
663730 
663732 
532660 
663734 
532663 
663736 
663739 
532668 
532670 
532672 
663745 
532674 
532677 
663750 
532679 
532681 
532683 
532686 
663759 
532689 
663762 
532692 
663765 
532695 
663770 
532700 
663773 
532702 
532704 
663778 
532706 
663781 
532709 
532711 
663784 
532713 
532715 
663789 
532718 
532721 
663796 
532724 
532727 
532732 
663805 
532734 
663807 
532736 
663809 
532738 
663812 
532741 
663814 
532743 
663817 
532745 
532747 
663821 
532750 
663825 
532753 
532756 
663829 
532759 
663836 
532764 
532766 
663839 
532768 
663842 
532770 
663845 
532773 
532775 
532777 
663850 
663851 
532779 
663852 
663853 
663854 
532782 
663856 
532785 
663858 
663860 
532788 
663863 
532791 
663867 
532796 
532798 
663871 
532800 
532802 
663875 
532805 
532807 
532809 
663882 
532811 
663886 
532814 
663889 
532817 
532820 
663894 
663895 
532823 
663896 
663897 
663899 
532828 
663901 
532830 
663903 
532832 
663906 
532834 
532837 
663911 
532839 
532841 
532843 
663916 
532846 
663921 
532849 
532852 
532855 
663930 
532860 
663933 
532862 
663936 
532864 
532866 
663939 
532869 
532871 
663944 
532873 
663946 
532875 
663948 
663950 
532878 
663953 
532881 
663955 
532884 
663957 
663959 
532887 
663962 
532892 
663966 
532895 
663970 
532898 
532901 
663974 
532906 
532908 
663981 
532910 
663984 
532912 
663987 
532915 
663990 
532918 
532921 
663995 
663996 
532924 
663997 
663998 
663999 
664001 
532929 
664003 
532931 
664005 
532933 
532935 
664008 
532938 
664011 
532940 
664014 
532942 
532944 
664017 
532947 
664022 
532950 
664025 
532953 
664028 
532956 
664031 
532961 
532963 
664036 
532965 
664039 
532967 
664042 
532970 
532972 
664045 
532974 
532976 
664050 
664051 
532979 
664052 
664053 
664054 
532982 
532985 
664058 
532988 
664062 
532993 
664066 
532995 
532997 
532999 
664073 
533002 
664075 
533004 
664077 
533006 
664079 
533008 
664082 
533011 
664084 
664086 
533014 
664088 
533017 
664091 
533020 
664093 
664095 
664097 
533025 
533027 
664100 
533029 
533031 
664104 
533034 
664108 
533036 
533038 
664112 
533040 
533043 
533046 
664119 
533049 
664122 
533052 
664125 
664128 
533057 
533059 
664133 
533061 
664134 
664135 
533063 
664136 
664137 
533066 
664139 
533068 
664141 
533070 
664143 
533072 
664146 
533075 
664149 
533078 
664152 
533081 
664155 
533084 
664160 
533089 
664163 
533091 
533093 
664166 
533095 
664169 
533098 
533100 
664174 
533102 
533104 
664177 
533107 
664180 
533110 
664183 
533113 
664188 
533116 
664189 
664190 
664191 
664192 
533121 
533123 
664196 
533125 
533127 
664200 
533130 
664204 
533132 
533134 
533136 
664211 
533139 
664213 
533142 
664215 
664217 
533145 
664220 
533148 
664222 
664224 
533153 
664226 
533155 
664229 
533157 
664231 
533159 
664233 
533162 
664235 
533164 
664238 
533166 
533168 
664242 
533171 
664246 
533174 
533177 
664250 
533180 
664257 
533185 
533187 
664260 
533189 
664263 
533191 
664266 
533194 
533196 
533198 
664271 
664272 
533200 
664273 
664274 
664275 
533203 
664277 
533206 
664279 
664281 
533209 
664284 
533212 
664287 
533217 
664290 
533219 
664293 
533221 
533223 
664298 
533226 
533228 
664301 
533230 
664304 
533232 
664307 
533235 
533238 
664312 
533241 
664315 
533244 
664318 
664321 
533249 
533251 
533253 
664326 
664327 
533255 
664328 
664329 
664330 
533258 
533260 
664334 
533262 
533264 
664338 
533267 
664342 
533270 
533273 
533276 
664349 
664351 
664353 
533281 
664355 
533283 
533285 
664358 
533287 
664360 
664362 
533290 
664364 
533292 
533294 
664367 
533296 
664369 
664371 
533299 
664373 
533302 
664376 
533305 
664380 
533308 
664384 
533313 
533315 
664388 
533317 
533319 
533322 
664395 
533324 
664398 
533326 
533328 
664401 
533331 
664404 
533334 
664409 
533337 
664410 
664411 
664412 
533340 
664413 
664415 
664417 
533345 
664419 
533347 
533349 
664422 
533351 
664425 
533354 
664428 
533356 
533358 
664431 
533360 
533363 
664436 
533366 
664439 
533369 
664442 
533372 
664445 
533377 
664450 
533379 
664453 
533381 
533383 
664456 
533386 
664459 
533388 
533390 
664464 
533392 
664465 
664466 
664467 
533395 
664468 
533398 
664472 
533401 
664476 
533404 
664480 
533409 
533411 
533413 
664487 
533415 
664489 
533418 
664491 
533420 
664493 
533422 
664496 
533424 
664498 
533427 
664500 
664502 
533430 
664505 
533433 
664507 
533436 
664509 
664511 
533441 
664514 
533443 
533445 
664518 
533447 
664522 
533450 
533452 
664526 
533454 
533456 
533459 
664533 
533462 
664536 
533465 
664539 
533468 
664542 
533473 
664547 
533475 
664548 
664549 
533477 
664550 
664551 
533479 
664553 
533482 
664555 
533484 
664557 
533486 
664560 
533488 
664563 
533491 
664566 
533494 
664569 
533497 
533500 
664574 
664577 
533505 
533507 
664580 
533509 
664583 
533511 
533514 
664588 
533516 
533518 
664591 
533520 
664594 
533523 
664597 
533526 
533529 
664602 
664603 
664604 
533532 
664605 
664606 
533537 
664610 
533539 
533541 
664614 
533543 
664618 
533546 
533548 
533550 
533552 
664625 
664627 
533555 
664629 
533558 
664631 
533561 
664634 
664636 
533564 
664638 
664640 
533569 
664643 
533571 
664645 
533573 
664647 
533575 
664649 
533578 
664652 
533580 
533582 
664656 
533584 
533587 
664660 
533590 
664664 
533593 
533596 
664671 
533601 
664674 
533603 
664677 
533605 
533607 
664680 
533610 
533612 
664685 
664686 
533614 
664687 
664688 
533616 
664689 
664691 
533619 
664693 
533622 
664695 
533625 
664698 
533628 
664701 
664704 
533633 
664707 
533636 
533639 
664712 
533642 
664715 
664718 
533647 
664721 
533649 
533651 
533653 
664726 
533656 
664729 
533659 
664732 
533662 
664735 
533665 
664740 
664741 
664742 
533670 
664743 
664744 
533672 
533674 
664748 
533676 
533679 
664752 
533682 
664756 
533685 
533688 
664763 
664765 
533693 
664767 
533696 
664769 
533699 
664772 
664774 
533702 
664776 
664778 
533707 
664781 
533709 
664783 
533711 
664785 
533713 
664787 
533716 
664790 
533718 
533720 
664794 
533722 
533725 
664798 
533728 
664802 
533731 
533734 
664809 
533739 
664812 
533741 
664815 
533743 
533745 
664818 
533748 
533750 
664823 
664824 
533752 
664825 
664826 
533754 
664827 
664829 
533757 
664831 
533760 
664833 
533763 
664836 
533766 
664839 
664842 
533771 
664845 
533773 
533775 
533777 
664850 
533780 
664854 
533782 
533784 
664858 
533786 
533789 
664862 
533792 
533795 
664869 
664870 
533798 
664871 
664872 
664873 
664875 
533803 
664877 
533805 
664879 
533807 
533809 
664882 
533812 
664885 
533814 
664888 
533816 
533818 
664891 
533821 
664896 
533824 
533827 
664901 
533830 
664906 
533835 
533837 
664911 
533839 
533841 
533844 
533846 
664920 
533848 
664922 
533850 
664924 
533853 
664926 
533856 
664929 
664931 
533859 
664933 
533862 
664935 
664938 
533867 
533869 
664942 
533871 
533873 
664946 
533876 
664950 
533878 
533880 
533882 
664957 
533885 
664960 
533888 
664963 
533891 
664966 
533894 
664971 
533899 
664972 
664973 
533901 
664974 
664975 
533903 
664977 
533905 
664979 
533908 
664981 
533910 
664984 
533912 
533914 
664988 
533917 
664992 
533920 
533923 
664996 
533926 
665003 
533931 
533933 
665006 
533935 
665009 
533937 
665012 
533940 
533942 
533944 
665017 
665018 
533946 
665019 
665020 
665021 
533949 
665023 
533952 
665025 
665027 
533955 
665030 
533958 
665033 
533963 
665036 
533965 
665039 
533967 
533969 
665044 
533972 
533974 
533976 
665049 
533978 
533981 
665054 
533984 
665059 
533987 
533990 
533995 
665068 
533997 
665070 
533999 
665072 
534001 
665074 
534004 
665077 
534006 
665079 
534008 
665081 
534010 
665083 
534013 
665086 
534016 
665090 
534019 
665094 
534022 
665098 
534027 
534029 
534031 
665105 
534033 
665108 
534036 
534038 
665111 
534040 
665114 
534042 
534045 
665119 
665120 
534048 
665121 
665122 
665123 
534051 
665125 
534054 
665127 
665129 
534059 
665132 
534061 
534063 
665136 
534065 
665140 
534068 
534070 
665144 
534072 
534074 
534077 
665151 
534080 
665154 
534083 
665157 
534086 
665160 
534091 
665165 
534093 
665166 
665167 
534095 
665168 
665169 
534097 
665171 
534100 
665173 
534102 
665175 
534104 
665178 
534106 
665181 
534109 
665184 
534112 
665187 
534115 
534118 
665192 
534123 
665196 
534125 
534127 
665200 
534129 
665204 
534132 
534134 
534136 
534138 
665211 
665212 
665213 
534141 
665214 
665215 
534144 
665217 
665219 
534147 
665221 
534150 
665224 
534155 
534157 
534159 
665232 
534161 
665235 
534164 
534166 
665240 
534168 
665241 
534170 
665243 
534173 
534176 
534179 
534182 
665255 
534187 
665261 
534189 
534191 
534193 
534196 
665270 
534198 
534200 
534202 
665276 
534205 
665279 
534208 
665282 
534211 
665285 
534214 
665288 
665291 
534219 
534221 
665294 
534223 
534225 
665299 
534228 
665302 
534230 
534232 
665305 
534234 
665308 
534237 
534240 
665313 
534243 
665316 
534246 
665319 
665322 
534251 
534253 
665327 
534255 
665328 
665329 
534257 
665330 
665331 
534260 
534262 
665335 
534264 
665338 
534266 
534269 
665343 
534272 
665346 
534275 
665349 
534278 
665352 
534283 
665357 
534285 
534287 
665360 
534289 
665363 
534292 
665366 
534294 
534296 
534298 
665371 
665372 
665373 
534301 
665374 
534304 
665377 
534307 
665380 
534310 
665383 
534315 
665388 
534317 
665390 
534319 
665392 
534321 
665394 
534324 
665397 
534326 
665399 
534328 
665401 
534330 
665403 
534333 
665406 
665407 
665408 
534336 
665409 
665410 
534339 
665414 
534342 
665418 
534347 
534349 
665422 
534351 
534353 
534356 
665429 
534358 
665432 
534360 
534362 
665435 
534365 
665438 
534368 
665443 
534371 
665444 
665445 
665446 
534374 
665447 
665449 
665451 
534379 
665453 
534381 
534383 
665456 
534385 
665459 
534388 
665462 
534390 
534392 
665465 
534394 
534397 
665470 
534400 
665473 
534403 
665476 
534406 
665479 
534411 
665484 
534413 
665486 
534415 
665488 
534417 
665490 
534420 
665493 
534422 
665495 
534424 
665497 
534426 
665499 
534429 
665502 
534432 
665506 
534435 
665510 
534438 
665514 
534443 
534445 
534447 
665521 
534449 
665523 
534452 
665525 
534454 
665527 
534456 
665530 
534458 
665532 
534461 
665534 
665536 
534464 
665539 
534467 
665541 
534470 
665543 
665545 
534475 
665548 
534477 
534479 
665552 
534481 
665556 
534484 
534486 
665560 
534488 
534490 
534493 
665567 
534496 
665570 
534499 
665573 
534502 
665576 
534507 
665581 
534509 
665582 
665583 
534511 
665584 
665585 
534513 
665587 
534516 
665589 
534518 
665591 
534520 
665594 
534522 
665597 
534525 
665600 
534528 
665603 
534531 
534534 
665608 
534539 
665612 
534541 
534543 
665616 
534545 
665620 
534548 
534550 
534552 
534554 
665627 
665628 
665629 
534557 
665630 
665631 
534560 
665633 
665635 
534563 
665637 
534566 
665640 
665643 
534571 
534573 
665646 
534575 
665649 
534577 
534580 
665654 
534582 
534584 
534586 
665659 
534589 
665664 
534592 
534595 
665669 
534598 
534603 
534605 
665678 
534607 
665680 
534609 
665682 
665684 
534612 
534614 
665687 
534616 
665689 
534618 
665691 
665693 
534621 
665696 
534624 
534627 
665700 
534630 
665704 
534635 
665708 
534637 
534639 
534641 
665715 
534644 
665718 
534646 
534648 
665721 
534650 
665724 
534653 
534656 
665729 
665730 
665731 
534659 
665732 
665733 
534662 
665735 
665737 
665739 
534667 
534669 
665742 
534671 
534673 
665746 
534676 
665750 
534678 
534680 
665754 
534682 
534685 
534688 
665761 
534691 
665764 
534694 
665767 
665770 
534699 
534701 
665775 
534703 
665776 
665777 
534705 
665778 
665779 
534708 
665781 
534710 
665783 
534712 
665785 
534714 
665788 
534717 
665791 
534720 
665794 
534723 
665797 
534726 
665802 
534731 
534733 
665806 
534735 
534737 
665810 
534740 
665814 
534742 
534744 
534746 
665821 
534749 
665822 
665823 
665824 
534752 
665825 
665827 
534755 
665829 
534758 
665831 
665834 
534763 
665837 
534765 
534767 
534769 
665842 
534772 
665846 
534774 
534776 
534778 
665851 
534781 
665855 
534784 
534787 
665860 
665861 
534790 
665866 
534795 
534797 
665871 
534799 
534801 
665876 
534804 
534806 
534808 
534810 
665885 
534813 
534816 
665889 
534819 
665893 
534822 
534827 
665900 
534829 
534831 
665904 
534833 
665907 
534836 
534838 
665912 
534840 
665914 
534842 
665916 
534845 
665918 
534848 
665921 
534851 
665925 
534854 
665929 
534859 
665933 
534861 
534863 
534865 
665940 
534868 
665942 
534870 
665944 
534872 
534874 
665947 
534877 
665950 
665952 
534880 
665955 
534883 
665957 
534886 
665959 
665961 
534891 
665964 
534893 
534895 
665968 
534897 
665972 
534900 
534902 
665976 
534904 
534906 
534909 
665983 
534912 
665986 
534915 
665989 
534918 
665992 
534923 
665997 
534925 
665998 
665999 
534927 
666000 
666001 
534929 
666003 
534932 
666005 
534934 
666007 
534936 
666010 
534938 
666013 
534941 
666016 
534944 
666019 
534947 
534950 
666024 
666026 
534955 
666028 
534957 
666030 
534959 
666033 
534961 
666036 
534964 
534966 
666039 
534968 
666042 
534970 
534973 
666047 
534976 
666049 
666051 
534979 
666053 
534982 
666056 
666059 
534987 
534989 
666062 
534991 
666065 
534993 
534996 
666070 
534998 
535000 
535002 
666075 
535005 
666080 
535008 
535011 
666085 
535014 
535019 
535021 
666094 
535023 
666096 
535025 
666098 
666100 
535028 
535030 
666103 
535032 
666105 
535034 
666107 
666109 
535037 
666112 
535040 
535043 
666116 
535046 
666120 
535051 
666124 
535053 
535055 
535057 
666131 
535060 
666134 
535062 
535064 
666137 
535066 
666140 
535069 
535072 
666145 
666146 
666147 
535075 
666148 
666149 
535078 
666151 
666153 
666155 
535083 
535085 
666158 
535087 
535089 
666162 
535092 
666166 
535094 
535096 
666170 
535098 
535101 
535104 
666177 
535107 
666180 
535110 
666183 
666186 
535115 
535118 
666191 
666192 
666193 
535121 
666194 
666195 
535124 
666197 
666199 
666201 
535129 
535131 
666204 
535133 
666207 
535135 
666210 
535138 
666213 
535141 
535144 
666218 
535147 
666222 
535152 
666226 
535154 
535156 
666230 
535158 
535161 
535163 
666237 
535165 
666238 
666239 
535167 
666240 
666241 
535170 
666243 
666245 
535173 
666247 
535176 
666250 
535179 
666253 
666256 
535184 
535186 
666259 
535188 
535190 
666264 
535193 
666267 
535195 
535197 
666270 
535199 
666273 
535202 
535205 
666278 
535208 
666281 
535211 
666284 
666287 
535216 
535218 
666292 
535220 
666293 
666294 
535222 
666295 
666296 
535225 
535227 
666300 
535229 
535231 
666304 
535234 
666308 
535237 
535240 
666315 
535243 
666318 
535248 
666321 
535250 
666324 
535252 
535254 
666329 
535257 
535259 
666332 
535261 
666335 
535263 
666338 
535266 
535269 
666343 
535272 
666345 
666347 
535275 
666349 
666352 
535280 
535282 
666356 
535284 
535286 
666360 
535289 
535291 
666364 
535293 
535295 
535298 
666371 
666373 
535301 
666375 
535304 
666377 
535307 
666380 
666382 
666384 
535312 
666386 
535314 
535316 
666389 
535318 
666391 
666393 
535321 
666395 
535323 
535325 
666398 
535327 
666402 
535330 
535333 
666406 
535336 
666410 
535339 
535344 
666417 
535346 
666420 
535348 
535350 
666423 
535353 
666426 
535355 
535357 
666431 
535359 
666432 
666433 
666434 
535362 
666435 
666437 
535365 
666439 
535368 
666441 
535371 
666444 
666447 
535376 
666450 
535378 
535380 
666453 
535382 
535385 
666458 
535387 
666460 
535389 
666462 
535391 
666464 
535394 
666467 
535397 
666470 
535400 
666473 
535403 
666476 
535408 
666481 
535410 
666483 
535412 
666485 
535414 
666487 
535417 
666490 
535419 
666493 
535421 
535423 
666496 
535426 
666499 
535429 
666504 
535432 
535435 
666509 
535440 
666514 
535442 
535444 
535446 
666519 
535449 
535451 
535453 
535455 
666528 
666530 
535458 
666532 
535461 
666534 
535464 
666537 
666539 
535467 
666541 
666543 
535472 
666546 
535474 
535476 
666550 
535478 
535481 
666554 
535483 
535485 
666558 
535487 
535490 
666565 
535493 
666568 
535496 
666571 
535499 
666574 
535504 
535506 
666579 
666580 
535508 
666581 
666582 
535510 
666583 
666585 
535513 
666587 
535515 
666589 
535517 
535519 
666592 
535522 
666596 
535525 
666600 
535528 
535531 
666604 
535536 
535538 
666611 
535540 
666614 
535542 
666617 
535545 
535547 
666620 
535549 
535551 
666625 
666626 
535554 
666627 
666628 
666629 
535557 
666631 
535560 
666633 
666635 
535563 
666638 
535568 
666641 
535570 
666644 
535572 
535574 
666647 
535577 
535579 
666652 
535581 
535583 
666656 
535586 
666660 
535589 
666664 
535592 
535595 
666671 
666672 
535600 
666673 
666674 
535602 
666675 
535604 
666677 
535606 
666679 
666681 
535609 
535611 
666684 
535613 
666687 
535615 
666690 
535618 
666693 
535621 
535624 
666698 
535627 
666701 
666704 
535632 
535634 
666707 
535636 
535638 
666712 
535641 
666715 
535643 
535645 
666718 
535647 
666721 
535650 
535653 
666726 
666727 
666728 
535656 
666729 
666730 
535659 
666735 
535664 
535666 
666740 
535668 
535670 
666745 
535673 
535675 
535677 
535679 
666754 
535682 
666757 
535685 
666760 
535688 
666763 
535691 
666768 
535696 
535698 
666771 
535700 
666774 
535702 
666777 
535705 
535707 
535709 
666782 
535711 
666786 
535714 
535717 
666790 
535720 
666794 
535723 
535728 
666801 
535730 
666803 
535732 
666805 
535734 
666807 
535737 
666810 
535739 
666812 
535741 
666814 
535743 
666816 
535746 
666819 
666821 
535749 
666823 
535752 
666825 
535755 
666828 
666831 
535760 
666834 
535762 
535764 
666837 
535766 
535769 
666842 
535771 
666844 
535773 
666846 
535775 
666848 
535778 
666851 
666853 
535781 
666855 
535784 
666857 
535787 
666860 
666861 
666862 
666863 
666864 
535792 
535794 
666867 
535796 
666870 
535798 
666873 
535801 
535803 
535805 
666878 
535807 
666880 
666882 
535810 
666884 
535813 
666887 
535816 
666889 
666891 
535819 
666893 
666896 
535824 
666897 
666898 
535826 
666899 
666900 
535828 
535830 
666903 
535833 
666906 
535835 
666909 
535837 
535839 
666914 
535842 
666916 
535845 
666918 
666920 
535848 
666923 
535851 
666925 
666927 
535856 
666929 
535859 
666932 
666933 
666934 
535862 
666935 
666936 
535865 
666940 
535870 
666944 
535872 
535874 
666948 
535876 
535879 
535882 
666955 
535885 
666958 
535888 
666961 
666964 
535893 
535895 
666969 
535897 
666970 
666971 
535899 
666972 
666973 
535902 
666975 
535904 
666977 
535906 
666979 
535908 
666982 
535911 
666985 
535914 
666988 
535917 
666991 
535920 
666996 
535925 
666998 
535927 
667000 
535929 
667002 
535931 
667005 
535934 
667008 
535936 
535938 
667011 
535940 
667014 
535943 
535946 
667019 
667021 
535949 
667023 
535952 
667025 
667028 
535957 
667031 
535959 
535961 
667034 
535963 
667037 
535966 
535968 
667042 
535970 
535972 
667047 
535975 
535978 
667052 
535981 
535984 
667057 
535989 
535991 
535993 
667066 
535995 
667068 
667070 
535998 
667072 
536000 
536002 
667075 
536004 
667077 
667079 
536007 
667081 
536010 
667084 
536013 
667088 
536016 
667092 
536021 
536023 
667096 
536025 
536027 
536030 
667103 
536032 
667106 
536034 
536036 
667109 
536039 
667112 
536042 
667117 
536045 
667118 
667119 
667120 
536048 
667121 
667123 
667125 
536053 
667127 
536055 
536057 
667130 
536059 
667134 
536062 
536064 
667138 
536066 
536068 
667142 
536071 
536074 
667149 
536077 
667152 
536080 
667155 
536085 
667158 
536087 
536089 
667163 
536091 
667164 
667165 
667166 
536094 
667167 
536096 
667169 
536098 
667171 
536100 
667173 
536103 
667176 
536106 
667179 
536109 
667182 
536112 
667185 
536117 
667190 
536119 
536121 
667194 
536123 
667198 
536126 
536128 
667202 
536130 
536132 
536135 
667209 
667210 
536138 
667211 
667212 
667213 
536141 
667215 
536144 
667217 
667219 
536149 
667222 
536151 
667225 
536153 
536155 
667228 
536158 
667231 
536160 
536162 
667236 
536164 
667239 
536167 
667242 
536170 
667245 
536173 
536176 
667250 
667253 
536181 
536183 
667256 
536185 
667259 
536187 
536190 
667264 
536192 
667265 
667266 
536194 
667267 
667268 
536196 
536199 
667272 
536202 
667276 
536205 
667280 
536208 
536213 
667287 
536215 
536217 
667290 
536219 
667293 
536222 
667296 
536224 
536226 
536228 
667301 
536231 
667304 
536234 
667307 
536237 
667310 
536240 
667315 
667317 
536245 
667319 
536247 
667321 
536249 
536251 
667324 
536254 
667328 
536256 
536258 
667332 
536260 
536263 
667336 
536266 
536269 
667343 
536272 
667345 
667347 
667349 
536277 
536279 
667352 
536281 
667354 
536283 
667356 
667358 
536286 
536288 
667361 
536290 
667363 
536292 
667365 
667367 
536295 
667370 
536298 
667373 
536301 
667376 
536304 
667379 
536309 
536311 
667384 
536313 
667386 
536315 
667388 
667390 
536318 
536320 
667393 
536322 
667395 
536324 
667397 
667399 
536327 
667402 
536330 
667403 
667404 
667405 
536333 
667406 
536336 
667409 
667412 
536341 
667415 
536343 
536345 
536347 
667420 
667422 
536350 
667424 
536352 
667426 
536354 
536356 
667429 
667431 
536359 
667433 
536362 
667435 
536365 
667438 
667439 
667440 
536368 
667441 
667442 
667445 
536373 
536375 
667448 
536377 
667451 
536379 
536382 
667456 
536384 
667458 
536386 
667460 
536388 
667462 
536391 
667465 
536394 
667467 
667469 
536397 
667471 
536400 
667474 
667475 
667476 
667477 
536405 
667478 
536407 
536409 
667482 
536411 
667486 
536414 
536416 
667490 
536418 
536420 
536423 
667497 
536426 
667500 
536429 
667503 
536432 
667506 
536437 
667511 
536439 
667512 
667513 
536441 
667514 
667515 
536443 
667517 
536446 
667519 
536448 
667521 
536450 
667524 
536452 
667527 
536455 
667530 
536458 
667533 
536461 
536464 
667538 
667540 
536469 
667542 
536471 
667544 
536473 
667547 
536475 
667550 
536478 
536480 
667553 
536482 
667556 
536484 
536487 
667561 
536490 
667563 
667565 
536493 
667567 
536496 
667570 
667573 
536501 
536503 
667576 
536505 
667579 
536507 
536510 
667584 
536512 
536514 
536516 
667589 
536519 
667594 
536522 
536525 
667599 
536528 
536533 
536535 
667608 
536537 
667610 
536539 
667612 
667614 
536542 
536544 
667617 
536546 
667619 
536548 
667621 
667623 
536551 
667626 
536554 
536557 
667630 
536560 
667634 
536565 
667638 
536567 
536569 
536571 
667645 
536574 
667648 
536576 
536578 
667651 
536580 
667654 
536583 
536586 
667659 
667660 
667661 
536589 
667662 
667663 
536592 
667665 
667667 
667669 
536597 
667672 
536600 
536603 
667676 
536606 
667680 
536611 
667684 
536613 
536615 
536617 
667691 
536620 
667694 
536623 
667697 
536626 
667700 
536629 
667705 
667706 
536634 
667707 
667708 
536636 
667709 
536638 
667711 
536640 
667713 
667715 
536643 
667718 
536646 
667721 
536649 
667724 
536654 
667727 
536657 
667732 
536660 
667736 
536665 
536667 
667740 
536669 
536671 
667744 
536674 
536676 
536678 
667751 
667752 
667753 
536681 
667754 
667755 
667757 
536685 
667759 
536688 
667761 
667764 
536693 
667767 
536695 
536697 
667770 
536699 
667773 
536702 
536704 
667778 
536706 
536708 
667781 
536711 
667784 
536714 
667787 
536717 
667792 
536720 
667795 
536725 
667798 
536727 
667801 
536729 
536731 
667806 
536734 
667807 
667808 
536736 
667809 
667810 
536738 
536740 
667814 
536743 
667818 
536746 
536749 
667822 
536752 
667829 
536757 
536759 
667832 
536761 
667835 
536763 
667838 
536766 
536768 
536770 
667843 
667844 
536772 
667845 
667846 
667847 
536775 
667849 
536778 
667851 
667853 
536781 
667856 
536784 
667860 
536789 
536791 
667864 
536793 
536795 
667868 
536798 
536800 
536802 
667875 
536804 
667877 
667879 
536807 
667881 
536810 
667884 
536813 
667886 
667888 
536816 
667890 
667893 
536821 
667895 
536823 
667897 
536825 
667899 
536827 
667902 
536830 
536832 
667906 
536834 
536836 
667910 
536839 
667914 
536842 
536845 
536848 
667921 
667924 
536853 
667927 
536855 
536857 
667930 
536859 
536862 
667935 
667936 
536864 
667937 
667938 
536866 
667939 
536868 
667941 
667943 
536871 
667945 
536874 
667948 
536877 
667951 
536880 
667954 
667957 
536885 
536887 
536889 
667962 
536891 
667964 
667966 
536894 
667968 
536896 
536898 
667971 
536900 
667974 
536903 
667977 
536906 
667980 
536909 
536912 
667985 
667987 
667989 
536917 
667991 
536919 
536921 
667994 
536923 
667997 
536926 
668000 
536928 
536930 
668003 
536932 
536935 
668008 
536938 
668013 
536941 
536944 
668018 
536949 
668023 
536951 
536953 
536955 
536958 
668032 
536960 
668034 
536962 
668036 
536964 
668038 
536967 
668041 
536970 
668043 
668045 
536973 
668047 
536976 
668050 
536981 
668054 
536983 
536985 
668058 
536987 
668062 
536990 
536992 
536994 
536996 
668069 
536999 
668072 
537002 
668075 
537005 
668078 
537008 
668083 
668084 
668085 
537013 
668086 
668087 
537015 
668089 
537017 
668091 
537019 
668093 
537022 
668096 
537024 
537026 
668100 
537028 
537031 
668104 
537034 
668108 
537037 
537040 
668115 
537045 
668118 
537047 
668121 
537049 
537051 
668124 
537054 
537056 
668129 
668130 
537058 
668131 
668132 
537060 
668133 
668135 
537063 
668137 
537066 
668139 
537069 
668142 
537072 
668145 
668148 
537077 
668151 
537079 
537081 
537083 
668156 
537086 
668160 
537088 
537090 
668164 
537092 
537095 
668168 
537098 
537101 
668175 
668176 
537104 
668177 
668178 
668179 
668181 
537109 
668183 
537111 
668185 
537113 
537115 
668188 
537118 
668191 
537120 
668194 
537122 
537124 
668197 
537127 
668202 
537130 
537133 
668206 
537136 
668210 
537141 
668214 
537143 
537145 
537147 
668221 
668222 
537150 
668223 
668224 
537152 
668225 
537154 
668227 
537156 
668229 
668231 
537159 
668234 
537162 
537165 
668238 
537168 
668242 
537173 
668246 
537175 
537177 
537179 
668253 
537182 
668256 
537184 
537186 
668259 
537188 
668262 
537191 
537194 
668267 
668268 
668269 
537197 
668270 
668271 
537200 
668273 
668275 
668277 
537205 
537207 
668280 
537209 
668283 
537211 
668286 
537214 
537216 
668289 
537218 
537220 
668294 
537223 
537226 
668299 
537229 
668304 
537232 
668309 
537237 
537239 
537241 
537243 
668318 
537246 
668320 
537248 
668322 
537250 
668324 
537252 
668327 
537255 
668329 
537258 
668331 
668333 
537261 
668336 
537264 
668340 
537269 
537271 
668345 
537273 
537275 
668350 
537278 
537280 
537282 
668355 
537284 
668357 
668359 
537287 
668362 
537290 
668364 
537293 
668366 
537296 
668369 
668373 
537301 
537303 
668377 
537305 
537307 
668381 
537310 
537312 
537314 
668388 
537316 
668391 
537319 
668394 
537322 
668397 
537325 
537328 
668402 
668403 
668404 
668405 
537333 
668406 
668408 
537336 
668410 
537339 
668412 
537342 
668415 
668419 
537347 
537349 
668423 
537351 
537353 
668427 
537356 
537359 
668434 
537362 
668436 
537365 
668438 
668441 
537370 
668444 
537372 
668446 
537375 
668449 
668451 
537380 
668453 
668455 
668458 
537386 
537388 
668462 
537390 
537393 
668466 
537396 
668470 
537399 
537403 
668477 
537406 
668480 
668483 
537411 
537413 
668486 
537415 
537417 
668491 
668492 
537420 
668493 
668494 
537422 
668495 
537424 
668497 
537426 
668499 
668501 
537429 
668504 
537432 
668507 
537435 
668510 
537438 
668513 
537443 
537445 
668518 
537447 
668520 
537449 
668522 
668524 
537452 
537454 
668527 
537456 
668530 
537458 
668533 
537461 
668536 
537464 
537467 
668541 
537470 
668543 
668545 
668547 
537475 
537477 
668550 
537479 
668553 
537481 
668556 
537484 
537486 
668559 
537488 
537490 
668564 
537493 
537496 
668569 
537499 
668574 
537502 
668579 
537507 
537509 
537511 
537513 
668588 
537516 
668590 
537518 
668592 
537520 
668594 
537522 
668597 
537525 
668599 
537528 
668601 
668603 
537531 
668606 
537534 
668610 
537539 
537541 
668614 
537543 
537545 
668618 
537548 
537550 
537552 
668625 
537554 
668628 
537557 
668631 
537560 
668634 
537563 
537566 
668639 
668640 
668641 
668642 
668643 
537571 
668645 
537573 
668647 
537575 
668649 
537577 
668652 
537580 
537582 
668656 
537584 
537586 
668660 
537589 
668664 
537592 
537595 
537598 
668671 
668674 
537603 
668677 
537605 
537607 
668680 
537609 
537612 
668685 
668686 
537614 
668687 
668688 
537616 
668689 
537618 
668691 
668693 
537621 
668695 
537624 
668698 
537627 
668701 
537630 
668704 
668707 
537635 
537637 
537639 
668712 
537641 
668716 
537644 
537646 
668720 
537648 
537650 
668724 
537653 
537656 
668731 
537659 
668732 
668733 
668734 
537662 
668735 
668737 
668739 
537667 
668741 
537669 
537671 
668744 
537673 
668748 
537676 
537678 
668752 
537680 
537682 
668756 
537685 
537688 
668763 
537691 
668766 
537694 
668769 
537699 
668772 
537701 
537703 
668777 
537705 
668778 
668779 
668780 
537708 
668781 
537710 
668783 
537712 
668785 
537714 
668787 
537717 
668790 
537720 
668794 
537723 
668798 
537726 
668802 
537731 
537733 
537735 
668809 
537737 
668812 
537740 
537742 
668815 
537744 
668818 
537746 
537749 
668823 
668824 
537752 
668825 
668826 
668827 
537755 
668829 
537758 
668831 
668833 
537763 
668836 
537765 
668839 
537767 
537769 
668842 
537772 
668845 
537774 
537776 
668850 
537778 
537781 
668854 
537784 
668858 
537787 
668862 
537790 
537795 
668869 
537797 
668871 
537799 
668873 
537801 
668875 
537804 
668878 
537806 
668879 
668880 
537808 
668881 
668882 
537810 
668885 
537813 
668888 
537816 
668891 
537819 
537822 
668896 
537827 
668900 
537829 
537831 
668904 
537833 
668908 
537836 
537838 
537840 
537842 
668915 
668916 
668917 
537845 
668918 
668919 
537848 
668921 
668923 
537851 
668925 
537854 
668928 
537859 
668932 
537861 
537863 
668936 
537865 
668940 
537868 
537870 
537872 
537874 
668947 
537877 
668950 
537880 
668953 
537883 
668956 
537886 
668961 
668962 
668963 
537891 
668964 
668965 
537893 
668967 
537895 
668969 
537897 
668971 
537900 
668974 
537902 
537904 
668977 
537906 
668980 
537909 
668983 
537912 
537915 
668988 
537918 
668992 
537923 
668996 
537925 
537927 
669000 
537929 
537932 
537934 
669007 
537936 
669009 
537938 
669011 
669013 
537941 
669016 
537944 
669017 
669018 
669019 
537947 
669020 
537950 
669023 
669026 
537955 
669029 
537957 
537959 
537961 
669034 
669036 
537964 
669038 
537966 
669040 
537968 
537970 
669043 
537973 
669046 
537976 
669049 
537979 
669052 
537982 
669057 
669059 
537987 
669061 
537989 
669063 
537991 
537993 
669066 
537996 
669070 
537998 
538000 
669074 
538002 
538005 
669078 
538008 
538011 
669085 
538014 
669088 
669091 
538019 
538021 
669094 
538023 
538025 
669099 
669100 
538028 
669101 
669102 
538030 
669103 
538032 
669105 
538034 
669107 
669109 
538037 
669112 
538040 
669115 
538043 
669118 
538046 
669121 
538051 
669126 
538054 
538057 
669130 
538060 
669134 
538065 
669138 
538067 
538069 
538071 
669145 
538074 
669147 
669149 
538077 
669151 
538080 
669154 
669155 
538083 
669156 
669157 
669158 
538088 
669161 
669164 
538093 
669167 
538099 
669172 
538101 
669174 
538103 
669176 
669178 
538106 
669181 
538109 
669184 
538112 
669187 
538116 
669190 
538119 
669195 
538124 
669197 
538126 
669199 
538128 
669201 
538130 
669204 
538133 
538135 
669208 
538137 
538139 
669212 
538142 
669216 
538145 
538148 
669223 
538151 
669226 
538156 
669229 
538158 
669232 
538160 
538162 
669237 
538165 
669238 
669239 
538167 
669240 
669241 
538169 
669243 
538171 
669245 
538174 
669247 
538177 
669250 
538180 
669253 
538183 
669256 
669259 
538188 
538190 
669264 
538192 
538194 
669268 
538197 
538199 
669272 
538201 
538203 
669276 
538206 
538209 
669283 
538212 
669285 
669287 
538215 
669289 
669292 
538220 
669293 
669294 
538222 
669295 
669296 
538224 
538226 
669299 
538229 
669302 
538231 
669305 
538233 
538235 
669310 
538238 
669312 
538241 
669314 
669316 
538244 
669319 
538247 
669322 
538252 
669325 
538254 
669328 
538256 
538258 
669333 
538261 
669335 
538263 
669337 
538265 
669339 
538267 
669342 
538270 
538273 
669346 
538276 
669350 
538279 
669354 
538284 
538286 
538288 
669361 
538290 
669364 
538293 
669367 
538295 
538297 
669370 
538299 
538302 
669375 
669376 
669377 
538305 
669378 
669379 
538308 
669381 
669383 
538311 
669385 
669388 
538316 
538318 
669391 
538320 
669394 
538322 
669397 
538325 
538327 
538329 
669402 
538331 
669406 
538334 
538337 
669410 
538340 
669414 
538343 
538348 
669421 
538350 
669423 
538352 
669425 
538354 
669427 
538357 
669430 
669431 
538359 
669432 
669433 
538361 
669434 
538363 
669437 
538366 
669440 
538369 
669443 
538372 
538375 
669448 
669450 
669452 
538380 
669454 
538382 
538384 
669457 
538386 
669460 
538389 
669463 
538391 
538393 
669466 
538395 
538398 
669471 
669473 
538401 
669475 
538404 
669477 
538407 
669480 
669484 
538412 
538414 
669488 
538416 
538418 
669492 
538421 
538423 
538425 
669499 
538427 
669502 
538430 
669505 
538433 
669508 
538436 
538439 
669513 
669514 
669515 
669516 
538444 
669517 
538446 
669519 
538448 
669521 
538450 
669523 
538453 
669526 
538455 
669529 
538457 
538459 
669532 
538462 
669535 
538465 
669540 
538468 
538471 
669544 
669548 
538476 
538478 
669552 
538480 
538482 
538485 
669559 
538487 
669561 
538489 
669563 
538491 
669565 
538494 
669568 
669569 
538497 
669570 
669571 
669572 
538500 
669575 
538503 
669578 
538508 
669581 
538510 
538512 
669586 
538514 
669588 
538517 
669590 
538519 
669592 
538521 
669595 
538523 
669598 
538526 
669601 
538529 
669604 
538532 
538535 
669609 
669611 
538540 
669613 
538542 
669615 
538544 
669618 
538546 
538549 
669622 
538551 
538553 
669626 
538555 
669630 
538558 
538561 
538564 
669637 
538567 
669640 
669643 
538572 
669646 
538574 
538576 
538578 
669651 
669652 
669653 
538581 
669654 
669655 
538583 
669657 
538585 
669659 
538587 
669661 
538590 
669664 
538593 
669667 
538596 
669670 
538599 
669673 
538604 
669678 
538606 
538608 
669682 
538610 
538613 
669686 
538615 
538617 
669690 
538619 
538622 
669697 
538625 
669699 
538628 
669701 
669703 
538631 
669706 
669707 
669708 
538636 
669709 
669710 
538638 
538640 
669713 
538642 
669716 
538645 
669719 
538647 
538649 
538651 
669724 
669726 
538654 
669728 
538657 
669730 
538660 
669733 
538663 
669736 
669739 
538668 
669742 
538670 
538672 
538674 
669747 
669749 
538677 
669751 
538679 
669753 
538681 
538683 
669756 
538686 
669760 
538689 
669764 
538692 
538695 
669768 
538700 
538702 
669775 
538704 
669778 
538706 
669781 
538709 
538711 
669784 
538713 
538715 
669789 
669790 
538718 
669791 
669792 
669793 
538721 
669795 
538724 
669797 
669799 
538727 
669802 
538732 
669805 
538734 
669808 
538736 
538738 
669811 
538741 
538743 
669816 
538745 
538747 
669820 
538750 
669824 
538753 
669828 
538756 
538759 
669835 
538764 
669837 
669839 
538767 
669841 
538770 
669844 
669845 
538773 
669846 
669847 
669848 
538778 
669851 
538780 
669854 
538782 
538784 
669857 
538787 
669862 
538790 
669864 
538793 
669866 
669868 
538796 
669871 
538801 
669874 
538804 
669877 
538807 
669880 
669885 
538814 
669887 
538816 
669889 
538818 
669891 
538821 
669894 
538824 
669898 
538827 
669902 
538831 
669906 
538834 
538839 
669913 
538841 
538843 
669916 
538845 
669919 
538848 
669922 
538850 
538852 
538854 
669927 
669928 
669929 
538857 
669930 
669931 
538860 
669933 
669935 
538863 
669937 
538866 
669940 
669943 
538871 
538873 
669946 
538875 
669949 
538877 
538880 
669954 
538882 
538884 
669958 
538886 
538889 
669962 
538892 
669966 
538895 
538898 
669973 
669975 
538903 
669977 
538905 
669979 
538907 
538909 
669982 
669983 
669984 
538912 
669985 
669986 
538914 
538916 
669990 
538918 
538921 
669994 
538924 
669998 
538927 
538930 
670005 
538935 
670008 
538937 
670011 
538939 
538941 
670014 
538944 
538946 
670019 
670020 
538948 
670021 
670022 
538950 
670023 
670025 
538953 
670027 
538956 
670029 
538959 
670032 
538962 
670036 
538967 
670040 
538969 
538971 
670044 
538973 
538976 
538978 
670051 
538980 
670054 
538982 
670057 
538985 
670060 
538988 
538991 
670065 
670066 
538994 
670067 
670068 
670069 
670071 
538999 
670073 
539001 
670075 
539003 
539005 
670078 
539008 
670081 
539010 
670084 
539012 
539014 
670087 
539017 
670092 
539020 
539023 
670096 
539026 
670100 
539031 
670104 
539033 
539035 
539037 
670111 
539040 
670113 
539042 
670115 
539044 
670117 
539046 
670120 
670121 
539049 
670122 
670123 
670124 
539052 
539055 
670128 
539058 
670132 
539063 
670136 
539065 
539067 
539069 
670143 
539072 
670146 
539074 
539076 
670149 
539078 
670152 
539081 
539084 
670157 
670158 
670159 
539087 
670160 
670161 
539090 
670163 
670165 
670167 
539095 
539097 
670170 
539099 
539101 
670174 
539104 
670178 
539106 
539108 
670182 
539110 
539113 
539116 
670189 
539119 
670192 
539122 
670195 
670198 
539127 
539129 
670203 
539131 
670204 
670205 
539133 
670206 
670207 
539136 
670209 
539138 
670211 
539140 
670213 
539142 
670216 
539145 
670219 
539148 
670222 
539151 
670225 
539154 
670230 
539159 
670233 
539161 
539163 
670236 
539165 
670239 
539168 
539170 
670244 
539172 
670245 
670246 
539174 
670247 
670248 
670249 
539177 
670250 
670251 
670252 
539180 
670254 
539183 
670256 
670258 
539186 
670261 
670263 
539191 
670265 
539193 
670267 
539195 
539197 
670270 
670271 
670272 
539200 
670273 
670274 
539202 
670276 
539204 
670278 
539206 
670280 
539209 
670283 
539212 
670285 
670287 
539215 
670289 
539218 
670292 
670295 
539223 
539225 
670298 
539227 
670301 
539229 
539232 
670306 
539234 
670308 
539236 
670310 
539238 
670312 
539241 
670315 
539244 
670317 
670319 
539247 
670321 
539250 
670324 
670326 
539255 
670328 
539257 
670330 
539259 
670333 
539261 
670335 
539264 
670337 
539266 
670339 
539268 
670342 
539270 
670344 
539273 
670346 
670348 
539276 
670351 
539279 
670353 
539282 
670355 
670357 
539287 
670360 
539289 
670362 
539291 
670364 
539293 
670366 
539296 
670369 
539298 
670371 
539300 
670373 
539302 
670375 
539305 
670378 
670380 
539308 
670382 
539311 
670384 
539314 
670387 
670389 
670391 
539319 
670393 
539321 
539323 
670396 
539325 
670398 
670400 
539328 
670402 
539330 
539332 
670405 
539334 
670407 
670409 
539337 
670411 
539340 
670414 
539343 
670416 
670418 
539346 
670420 
670423 
539351 
539353 
670427 
539355 
539357 
670431 
539360 
539362 
670435 
539364 
539366 
539369 
670442 
670444 
539372 
670446 
539375 
670448 
539378 
670451 
670453 
670455 
539383 
670457 
539385 
539387 
670460 
539389 
670464 
539392 
539394 
670468 
539396 
539398 
670472 
539401 
539404 
670479 
539407 
670481 
539410 
670483 
670485 
539415 
670488 
539417 
670490 
539419 
670492 
539421 
670494 
539424 
670497 
539426 
670499 
539428 
670501 
539430 
670503 
539433 
670506 
539436 
670509 
670511 
539439 
670514 
539442 
670517 
539447 
670520 
539449 
670522 
539451 
670524 
539453 
670526 
539456 
670529 
539458 
670531 
539460 
670533 
539462 
670535 
539465 
670538 
670540 
539468 
670542 
539471 
670544 
539474 
670547 
670548 
670549 
670550 
670551 
539479 
670553 
539482 
670555 
670557 
539485 
670560 
539488 
670561 
670562 
670563 
670564 
539493 
670566 
539495 
670568 
539497 
670570 
539499 
670573 
539502 
670575 
670577 
539505 
670579 
539508 
670582 
539511 
670584 
670586 
670588 
539516 
670591 
539519 
670592 
670593 
670594 
539522 
670595 
670597 
539525 
670599 
539528 
670601 
670604 
539533 
670607 
539537 
670610 
539540 
670613 
539545 
670618 
670619 
539547 
670620 
670621 
539549 
670623 
539552 
670625 
539554 
670627 
539556 
670630 
539559 
670632 
670634 
670636 
539564 
670639 
539567 
670640 
670641 
670642 
670643 
670644 
539572 
670645 
670646 
539574 
670647 
670648 
539576 
670649 
670650 
539578 
670651 
670652 
670653 
539581 
670654 
670655 
539583 
670656 
670657 
539585 
670658 
670659 
539587 
670660 
670661 
670662 
539590 
670663 
670664 
670665 
539593 
670666 
670667 
670668 
539596 
670669 
670670 
670671 
539599 
670672 
670673 
670674 
670675 
670676 
539604 
670677 
670678 
539606 
670679 
670680 
539608 
670681 
670682 
539610 
670683 
670684 
670685 
539613 
670686 
539615 
670688 
539617 
670690 
539619 
670692 
539622 
670695 
670696 
670697 
539625 
670698 
670699 
670700 
539628 
670701 
670702 
670703 
539631 
670704 
670705 
670706 
670707 
670708 
539636 
670709 
670710 
539638 
670711 
670712 
539640 
670713 
670714 
539642 
670715 
670717 
539645 
539647 
670720 
539649 
670722 
539651 
670724 
539654 
670727 
670728 
670729 
539657 
539660 
670733 
670735 
539663 
670738 
670739 
670740 
539668 
670742 
539670 
670744 
539672 
670746 
539674 
670749 
539677 
670751 
539679 
670753 
539681 
670755 
539683 
670758 
539686 
670759 
670760 
670761 
539689 
670762 
670764 
539692 
670766 
539695 
670768 
670771 
539700 
670773 
539702 
670775 
539704 
670777 
539706 
670780 
670781 
539709 
670782 
670783 
539711 
670784 
539713 
670786 
539715 
670788 
670790 
539718 
670793 
539721 
670795 
539724 
670797 
670799 
539727 
670802 
670803 
670804 
539732 
670805 
670806 
539734 
670808 
539736 
670810 
539738 
670813 
539741 
670814 
670815 
539743 
670816 
539745 
670818 
539747 
670820 
670822 
539750 
670825 
539753 
670827 
539756 
670829 
670831 
539759 
670834 
670836 
539764 
670838 
539766 
670840 
539768 
539770 
670843 
670844 
670845 
539773 
670846 
670847 
539775 
670849 
539777 
670851 
539779 
670853 
539782 
670856 
539785 
670858 
670860 
539788 
670862 
539791 
670865 
670867 
539796 
670869 
539798 
670871 
539800 
670874 
539802 
670875 
670876 
670877 
539805 
670878 
670879 
539807 
670880 
670881 
539809 
670882 
539811 
670886 
539814 
670888 
539817 
670891 
670892 
539820 
670893 
670895 
539823 
670897 
670899 
539828 
670902 
539830 
670904 
539832 
670906 
539834 
670908 
539837 
670911 
539839 
670912 
670913 
539841 
670914 
670915 
539843 
670917 
539846 
670919 
670921 
539849 
670924 
539852 
670927 
539855 
670930 
539860 
670933 
539862 
539864 
670938 
539866 
670940 
539869 
670942 
539871 
670944 
539873 
670947 
539875 
670949 
539878 
670951 
670953 
539881 
670956 
539884 
670958 
539887 
670960 
670963 
670964 
539892 
670965 
670966 
539894 
670967 
670968 
539896 
670969 
670970 
539898 
670972 
539901 
670974 
539903 
670976 
539905 
670979 
539907 
670980 
670981 
670982 
539910 
670983 
670985 
539913 
670987 
539916 
670989 
539919 
670992 
670993 
670994 
670995 
670996 
539924 
670998 
539926 
671000 
539928 
671002 
539930 
671005 
539933 
671006 
671007 
539935 
671008 
671009 
539937 
671011 
539939 
671013 
539942 
671015 
539945 
671018 
671019 
671020 
539948 
671021 
671022 
539951 
671024 
671026 
671028 
539956 
539958 
671031 
671032 
539960 
671033 
671034 
539962 
671035 
671037 
539965 
671039 
539967 
671041 
539969 
539971 
671044 
671045 
671046 
539974 
671047 
671048 
539977 
671050 
671052 
539980 
671054 
539983 
671057 
671058 
671059 
671060 
539988 
671061 
539990 
671063 
539992 
671065 
539994 
671067 
539997 
671070 
671071 
539999 
671072 
671073 
540001 
671074 
540003 
671077 
540006 
671080 
540009 
671083 
540012 
540015 
671088 
671090 
671092 
540020 
671094 
540022 
540024 
671097 
540026 
671099 
671101 
540029 
671103 
540031 
540033 
671106 
540035 
671108 
671110 
540038 
671112 
540041 
671115 
540044 
671117 
671119 
540047 
671121 
671124 
540052 
671126 
540054 
671128 
540056 
671130 
540058 
671133 
540061 
671134 
671135 
540063 
671136 
671137 
540065 
671138 
671139 
540067 
671140 
671141 
540070 
671144 
540073 
671146 
540076 
671149 
671150 
671151 
540079 
671152 
671153 
671154 
671155 
671156 
540084 
671157 
540086 
671159 
540088 
671161 
540090 
671164 
671165 
540093 
671166 
671167 
540095 
671168 
671169 
540097 
671170 
671171 
540099 
671172 
671173 
671174 
540102 
671175 
671177 
540105 
671179 
540108 
671181 
540111 
671184 
671185 
671186 
671187 
671188 
540116 
671189 
671190 
540118 
671191 
671192 
540120 
671193 
671194 
540122 
671195 
671196 
671197 
540125 
671198 
671199 
540127 
671200 
671201 
540129 
671202 
671203 
540131 
671204 
671205 
671206 
540134 
671207 
671208 
671209 
540137 
671210 
671211 
671212 
540140 
671213 
671214 
671215 
540143 
671216 
671217 
671218 
671219 
671220 
540148 
671221 
671222 
540150 
671223 
671224 
540152 
671225 
671226 
540154 
671227 
671228 
671229 
540157 
671230 
671231 
540159 
671232 
671233 
540161 
671234 
671235 
540163 
671236 
671237 
671238 
540166 
671239 
671240 
671241 
540169 
671242 
671243 
671244 
540172 
671245 
671246 
671247 
540175 
671248 
671251 
540180 
671254 
540182 
540184 
671257 
540186 
540189 
671262 
540191 
671265 
540193 
540195 
671268 
540198 
671271 
540201 
671276 
540204 
671277 
671278 
671279 
540207 
671280 
671281 
671282 
671283 
671284 
540212 
671285 
671286 
540214 
671287 
671288 
540216 
540218 
671291 
540221 
671294 
540223 
671297 
540225 
540227 
671302 
540230 
671305 
540233 
671308 
540236 
671311 
540239 
671316 
540244 
671317 
671318 
540246 
671319 
671320 
540248 
671322 
540250 
671324 
540253 
671326 
540255 
671329 
540257 
540259 
671332 
540262 
671335 
540265 
671338 
540268 
671343 
540271 
671344 
671345 
671346 
671347 
671348 
540276 
671349 
671350 
540278 
671351 
540280 
671353 
540282 
671355 
671357 
540285 
540287 
671360 
540289 
671363 
540291 
671366 
540294 
671369 
540297 
540300 
671374 
671375 
540303 
671376 
671377 
671378 
671380 
540308 
671382 
540310 
671384 
540312 
540314 
671387 
540317 
671391 
540319 
540321 
671395 
540323 
540326 
671399 
540329 
540332 
671406 
540335 
671408 
671410 
671412 
540340 
540342 
671415 
540344 
671417 
540346 
671419 
671421 
540349 
540351 
671424 
540353 
671426 
540355 
671428 
671430 
540358 
671433 
540361 
540364 
671437 
540367 
671441 
540372 
671445 
540374 
540376 
540378 
671452 
540381 
671454 
540383 
671456 
540385 
671458 
540387 
671461 
540390 
671463 
671465 
540393 
671467 
540396 
671470 
671471 
540399 
671472 
671473 
671474 
540404 
671477 
540406 
671480 
540408 
540410 
671483 
540413 
540415 
671488 
540417 
671490 
540419 
671492 
671494 
540422 
671497 
540425 
671499 
540428 
671501 
671503 
540431 
671506 
671508 
540436 
671510 
540438 
671512 
540440 
540442 
671515 
671517 
540445 
671519 
540447 
671521 
540449 
540451 
671524 
540454 
671527 
540457 
671530 
540460 
671533 
540463 
671538 
671540 
540468 
671542 
540470 
671544 
540472 
540474 
671547 
671549 
540477 
671551 
540479 
671553 
540481 
540483 
671556 
671557 
671558 
540486 
671559 
671560 
540489 
671563 
540492 
671566 
540495 
671569 
540500 
671574 
540502 
540504 
671577 
540506 
671580 
540509 
671583 
540511 
540513 
540515 
671588 
671589 
671590 
540518 
671591 
671592 
540521 
671595 
540524 
671598 
540527 
671601 
540532 
671606 
540534 
540536 
671609 
540538 
671612 
540541 
671615 
540543 
540545 
540547 
671620 
671621 
671622 
540550 
671623 
671624 
671625 
540553 
671626 
671627 
671628 
540556 
671629 
671630 
671631 
540559 
671632 
671634 
671636 
540564 
671638 
540566 
540568 
671641 
540570 
671644 
540573 
671647 
540575 
540577 
671650 
540579 
540582 
671655 
671656 
671657 
540585 
671658 
671659 
540588 
671661 
671663 
540591 
671665 
671668 
540596 
540598 
671671 
540600 
671674 
540602 
671677 
540605 
540607 
540609 
671682 
671683 
540611 
671684 
671685 
671686 
540614 
671688 
540617 
671690 
671692 
540620 
671695 
540623 
671699 
540628 
540630 
671703 
540632 
540634 
671707 
540637 
540639 
540641 
671714 
540643 
671716 
671718 
540646 
671720 
540649 
671723 
540652 
671725 
671727 
540655 
671729 
671732 
540660 
540662 
671736 
540664 
540666 
671740 
540669 
540671 
671744 
540673 
540675 
540678 
671751 
671753 
540681 
671755 
540684 
671757 
540687 
671760 
671762 
671764 
540692 
671766 
540694 
540696 
671769 
540698 
671771 
671773 
540701 
671775 
540703 
540705 
671778 
540707 
671780 
671782 
540710 
671784 
540713 
671787 
540716 
671790 
540719 
671793 
671796 
540724 
540726 
540728 
671801 
540730 
671803 
671805 
540733 
671807 
540735 
540737 
671810 
540739 
671812 
671814 
540742 
671816 
540745 
671819 
540748 
671822 
540751 
671825 
671828 
540756 
540758 
540760 
671833 
540762 
671835 
671837 
540765 
671839 
540767 
540769 
671842 
540771 
671844 
671846 
540774 
671848 
540777 
671851 
540780 
671853 
671855 
540783 
671857 
671860 
540788 
671861 
671862 
540790 
671863 
671864 
540792 
540794 
671867 
540797 
671870 
540799 
671873 
540801 
540803 
671878 
540806 
671881 
540809 
671884 
540812 
671887 
540815 
671892 
540820 
671893 
671894 
540822 
671895 
671896 
540824 
671897 
671898 
540826 
671899 
671900 
671901 
540829 
671902 
671903 
540831 
671904 
540833 
671907 
540835 
671910 
540838 
671913 
540841 
540844 
671918 
540847 
671921 
671924 
540852 
540854 
671927 
540856 
540858 
671932 
671933 
540861 
671934 
671935 
540863 
671936 
540865 
671938 
540867 
671940 
671942 
540870 
671945 
540873 
671948 
540876 
671951 
540879 
671954 
540884 
540886 
671959 
671960 
540888 
671961 
671962 
540890 
671963 
671964 
671965 
540893 
671966 
671967 
540895 
671969 
540897 
671971 
540899 
671973 
540902 
671976 
540905 
671979 
540908 
671982 
540911 
671985 
540916 
671990 
540918 
671991 
671992 
540920 
671993 
671994 
540922 
671996 
540925 
671998 
540927 
672000 
540929 
672003 
540931 
540934 
672007 
540937 
672011 
540940 
672015 
540943 
540948 
672022 
540951 
672024 
672026 
540954 
672028 
540957 
672031 
672033 
540962 
672035 
540964 
672037 
540966 
672040 
540968 
672041 
672042 
672043 
540971 
672044 
540973 
672047 
540975 
540977 
672050 
540980 
672053 
540982 
540984 
672058 
540986 
672060 
540989 
672062 
540991 
672064 
540993 
672067 
540995 
672068 
672069 
672070 
540998 
672071 
672072 
672073 
541001 
672074 
672075 
541004 
672078 
541007 
672081 
672084 
541012 
541014 
541016 
672089 
541018 
672091 
672093 
541021 
672095 
541023 
541025 
672098 
541027 
672100 
672102 
541030 
672104 
541033 
672107 
541036 
672109 
672111 
541039 
672113 
672116 
541044 
672117 
672118 
541046 
672119 
672120 
541048 
672122 
541050 
672124 
541053 
672126 
541055 
672129 
541057 
672131 
541059 
672133 
541062 
672135 
541065 
672138 
672139 
672140 
541068 
672141 
672142 
541071 
672144 
672146 
672148 
541076 
541078 
672151 
541080 
672154 
541082 
672157 
541085 
541087 
672160 
541089 
541091 
672165 
541094 
672168 
541097 
672171 
541100 
672174 
541103 
672179 
541108 
672181 
541110 
672183 
541112 
672185 
541114 
672188 
541117 
672190 
541119 
672192 
541121 
672194 
541123 
672197 
541126 
672200 
541129 
672203 
541132 
672206 
541135 
672211 
541140 
672214 
541142 
541144 
672217 
541146 
672220 
541149 
541151 
672225 
541153 
541155 
672228 
541158 
672231 
541161 
672234 
541164 
672239 
541167 
672242 
541172 
672245 
541174 
672248 
541176 
541178 
672253 
541181 
672254 
672255 
541183 
672256 
672257 
541185 
541187 
672260 
672262 
541190 
672265 
541193 
672267 
541196 
672269 
672271 
541199 
672274 
672276 
541204 
672278 
541206 
672280 
541208 
541210 
672283 
672285 
541213 
672287 
541215 
672289 
541217 
541219 
672292 
672293 
672294 
541222 
672295 
672296 
672297 
541225 
672298 
672299 
672300 
541228 
672301 
672302 
541231 
672304 
672307 
672308 
541236 
672309 
672310 
541238 
672311 
672312 
541240 
672313 
672314 
541242 
672315 
672316 
672317 
541245 
672318 
672319 
541247 
672320 
541249 
672323 
541251 
541254 
672327 
672328 
672329 
541257 
672331 
541260 
672333 
672335 
541263 
672338 
672339 
672340 
541268 
672341 
672342 
541270 
672343 
672344 
541272 
672345 
541274 
672347 
672349 
541277 
672351 
541279 
541281 
672354 
541283 
672357 
541286 
672360 
541289 
672363 
541292 
541295 
672368 
672369 
672370 
672371 
672372 
541300 
672373 
672374 
541302 
672375 
672376 
541304 
672377 
672378 
541306 
672379 
672380 
672381 
541309 
672382 
672383 
541311 
672384 
672385 
541313 
672386 
672387 
541315 
672388 
672389 
672390 
541318 
672391 
672392 
672393 
541321 
672394 
672395 
672396 
541324 
672397 
672398 
672399 
541327 
672400 
672401 
672402 
672403 
672404 
541332 
672405 
672406 
541334 
672407 
672408 
541336 
672409 
672410 
541338 
672411 
672412 
672413 
541341 
672414 
672415 
541343 
672416 
672417 
541345 
672418 
672419 
541347 
672420 
672421 
672422 
541350 
672423 
672424 
541353 
672427 
541356 
672430 
541359 
672433 
541364 
672438 
541366 
672440 
541368 
672442 
541370 
672444 
541373 
672447 
541375 
672449 
541377 
672451 
541379 
672453 
541382 
672456 
541385 
672459 
541388 
672462 
541391 
672465 
541396 
672470 
541398 
541400 
672473 
541402 
672476 
541405 
672479 
541407 
541409 
541411 
672484 
541414 
672487 
541417 
672490 
541420 
672493 
541423 
672498 
541428 
672501 
541430 
672504 
541432 
541434 
672507 
541437 
541439 
672512 
672513 
541441 
672514 
672515 
541443 
672516 
541446 
672519 
541449 
672522 
541452 
672525 
541455 
672530 
541460 
672533 
541462 
672536 
541464 
541466 
672539 
541469 
541471 
672544 
541473 
672547 
541475 
672550 
541478 
672553 
541481 
541484 
672558 
541487 
672561 
672564 
541492 
541494 
672567 
541496 
541498 
672572 
541501 
672575 
541503 
541505 
672578 
541507 
672581 
541510 
541513 
672586 
541516 
672589 
541519 
672592 
672595 
541524 
541526 
672600 
541528 
541530 
672603 
541533 
672606 
541535 
672609 
541537 
541539 
672614 
541542 
672615 
672616 
672617 
541545 
672618 
672620 
541548 
672622 
541551 
672624 
672627 
672628 
541556 
672629 
672630 
541558 
672631 
672632 
541560 
672633 
672634 
541562 
672635 
672636 
672637 
541565 
672638 
672639 
541567 
672641 
541569 
672643 
541571 
672645 
541574 
672648 
672649 
541577 
672650 
672651 
672652 
541580 
672653 
672654 
672655 
541583 
672656 
672658 
672660 
541588 
672662 
541590 
541592 
672665 
541594 
672667 
672669 
541597 
672671 
541599 
541601 
672674 
672675 
541603 
672676 
672677 
672678 
541606 
672680 
541609 
672682 
672684 
541612 
672687 
541615 
672688 
672689 
672690 
672691 
541620 
672693 
541622 
672695 
541624 
672697 
541626 
672700 
541629 
672702 
541631 
672704 
541633 
672706 
541635 
672709 
672710 
541638 
672711 
672712 
672713 
541641 
672714 
672715 
672716 
541644 
672717 
672719 
541647 
672721 
672723 
541652 
672726 
541654 
672727 
672728 
541656 
672729 
672730 
541658 
672731 
541661 
672734 
541663 
672736 
541665 
672738 
541667 
672740 
541670 
672743 
672744 
672745 
541673 
672746 
672747 
672748 
541676 
672749 
672750 
672751 
541679 
672752 
672753 
672754 
672755 
672756 
541684 
672757 
672758 
541686 
672759 
672760 
541688 
672761 
672762 
541690 
672763 
672764 
672765 
541693 
672766 
672767 
541695 
672768 
672769 
541697 
672770 
541699 
672772 
672774 
541702 
672776 
541704 
541706 
672779 
541708 
672781 
672783 
541711 
672785 
541713 
541715 
672788 
672789 
541717 
672790 
672791 
672792 
541720 
672793 
672794 
541722 
672795 
672796 
541724 
672798 
541726 
672800 
541729 
672802 
541731 
672805 
541733 
672806 
672807 
541735 
672808 
672809 
672810 
541738 
672811 
672812 
541740 
672813 
672814 
541742 
672815 
672816 
541744 
672817 
672819 
541747 
672821 
541749 
672823 
541751 
541753 
672826 
672827 
672828 
541756 
672829 
672830 
541758 
672831 
672832 
541760 
672833 
672834 
541762 
672835 
672836 
672837 
541765 
672838 
541767 
672840 
541769 
672842 
541771 
672844 
541774 
672847 
672848 
541776 
672849 
672850 
541778 
672851 
672852 
541780 
672853 
672854 
672855 
541783 
672857 
541785 
672859 
541787 
672861 
541789 
672864 
541792 
672865 
672866 
541794 
672867 
672868 
541796 
672870 
541798 
672872 
541801 
672874 
541803 
672877 
541805 
672879 
541807 
672881 
541810 
672883 
541812 
672886 
541814 
672887 
672888 
541816 
672889 
672890 
672891 
541819 
672892 
672893 
541821 
672894 
541823 
672896 
541825 
672898 
672900 
541828 
541830 
672903 
672904 
541832 
672905 
672906 
541834 
672907 
672908 
672909 
541837 
672910 
672911 
541839 
672912 
672913 
541841 
672914 
672915 
541843 
672916 
672917 
672918 
541846 
672919 
672920 
541848 
672921 
672922 
541850 
672923 
541852 
672925 
672927 
541855 
672929 
541857 
541859 
672932 
672933 
541861 
672934 
672935 
672936 
541864 
672937 
672938 
541866 
672939 
672940 
541868 
672941 
672942 
541870 
672943 
672944 
672945 
541873 
672946 
672947 
541875 
672948 
672949 
541877 
672950 
672951 
541879 
672953 
541882 
672955 
541884 
672957 
541886 
672960 
541888 
672961 
672962 
672963 
541891 
672964 
672965 
541893 
672966 
672967 
541895 
672968 
672969 
541897 
672970 
672971 
672972 
541900 
672973 
672974 
541902 
672975 
672976 
541904 
672977 
672978 
541906 
672979 
672980 
672981 
541909 
672982 
672983 
541911 
672984 
541913 
672986 
541915 
672988 
672990 
541918 
541920 
672993 
541922 
672995 
541924 
672997 
672999 
541927 
541929 
673002 
673003 
541931 
673004 
673005 
541933 
673006 
673007 
673008 
541936 
673009 
673010 
541938 
673011 
673012 
541940 
673013 
673014 
541942 
673016 
541945 
673018 
541947 
673020 
541949 
673023 
541951 
673024 
673025 
673026 
541954 
673027 
673028 
541956 
673029 
673030 
541958 
673031 
541960 
673033 
673035 
541963 
673037 
541965 
541967 
673040 
673041 
541969 
673042 
673043 
673044 
541972 
673045 
673046 
541974 
673047 
673048 
541976 
673049 
673050 
541978 
673051 
673052 
541981 
673054 
541983 
673056 
541985 
673058 
541987 
673061 
541990 
673063 
541992 
673065 
541994 
673067 
541996 
673070 
673071 
541999 
673072 
673073 
542001 
673074 
673075 
542003 
673076 
673077 
542005 
673078 
673080 
542008 
673082 
542010 
673084 
542012 
542014 
673087 
673088 
673089 
542017 
673090 
673091 
542019 
673092 
673093 
542021 
673094 
673095 
542023 
673096 
673097 
673098 
542026 
673099 
542028 
673101 
542030 
673103 
542032 
673105 
542035 
673108 
673109 
542037 
673110 
673111 
542039 
673112 
542041 
673114 
673116 
542044 
673118 
542046 
542048 
673121 
673122 
542050 
673123 
673124 
673125 
542053 
673126 
673127 
542055 
673128 
673129 
542057 
673131 
542059 
673133 
542062 
673135 
542064 
673138 
542066 
673139 
673140 
542068 
673141 
673142 
673143 
542071 
673144 
673145 
542073 
673146 
542075 
673148 
542077 
673150 
673152 
542080 
542082 
673155 
673156 
542084 
673157 
673158 
542086 
673159 
673160 
673161 
542089 
673162 
673163 
542091 
673165 
542093 
673167 
542095 
673169 
542098 
673172 
542100 
673173 
673174 
542102 
673175 
673176 
542104 
673177 
673178 
673179 
542107 
673180 
673181 
542109 
673182 
673183 
542111 
673184 
542113 
673186 
673188 
542116 
673190 
542118 
542120 
673193 
673194 
542122 
673195 
673196 
673197 
542125 
673199 
542127 
673201 
542129 
673203 
542131 
673206 
542134 
673207 
673208 
542136 
673209 
673210 
542138 
673211 
673212 
542140 
673213 
673214 
542143 
673216 
542145 
673218 
542147 
673220 
542149 
673223 
673224 
542152 
673225 
673226 
542154 
673227 
673228 
542156 
673229 
673230 
542158 
673231 
673232 
542161 
673235 
542163 
673236 
673237 
542165 
673238 
673239 
542167 
673240 
673241 
673242 
542170 
542172 
673245 
673246 
542174 
673247 
673248 
542176 
673249 
673250 
542179 
673253 
542181 
542183 
673256 
673257 
542185 
673258 
673259 
673260 
542188 
673261 
673262 
542190 
673263 
673264 
542192 
673265 
673266 
542194 
673267 
673268 
673269 
542197 
673271 
542199 
673273 
542201 
673275 
542203 
673278 
542206 
673279 
673280 
542208 
673281 
673282 
542210 
673283 
673284 
542212 
673285 
673286 
673287 
542215 
673288 
542217 
673291 
542219 
673292 
673293 
542221 
673294 
673295 
673296 
542224 
673297 
673298 
542226 
542228 
673301 
542230 
673304 
542233 
673307 
542235 
673309 
542237 
542239 
673312 
673313 
673314 
542242 
673315 
673316 
542244 
673317 
542246 
673319 
542248 
673321 
542251 
673324 
673325 
542253 
673326 
673327 
542255 
673328 
673329 
542257 
673330 
673331 
542260 
673334 
542262 
673335 
673336 
542264 
673337 
673338 
542266 
673339 
673341 
542269 
673343 
542271 
673345 
542273 
542275 
673348 
673349 
673350 
542278 
673351 
542280 
673354 
542282 
542284 
673358 
673359 
542287 
673360 
542289 
673362 
542291 
673364 
542293 
673366 
542296 
673369 
673370 
542298 
673371 
673372 
542300 
673373 
673374 
542302 
673375 
673376 
542305 
542307 
542309 
542311 
542314 
542316 
542318 
542320 
542323 
542324 
542325 
542326 
542327 
542334 
542341 
542348 
542361 
542366 
542371 
542376 
542385 
542390 
542395 
542400 
542409 
542412 
542415 
542418 
542423 
542429 
542435 
542441 
542452 
542457 
542462 
542467 
542476 
542480 
542484 
542488 
542495 
542498 
542501 
542504 
542509 
542515 
542521 
542527 
542538 
542543 
542548 
542553 
542562 
542566 
542570 
542574 
542581 
542584 
542587 
542590 
542595 
542601 
542607 
542613 
542624 
542629 
542634 
542639 
542648 
542652 
542656 
542660 
542667 
542670 
542673 
542676 
542681 
542686 
542691 
542696 
542705 
542712 
542719 
542726 
542739 
542744 
542749 
542754 
542763 
542768 
542773 
542778 
542787 
542793 
542799 
542805 
542816 
542822 
542827 
542836 
542840 
542844 
542848 
542855 
542858 
542861 
542864 
542869 
542874 
542879 
542884 
542893 
542897 
542901 
542905 
542912 
542916 
542920 
542924 
542931 
542934 
542937 
542940 
542945 
542950 
542955 
542960 
542969 
542973 
542977 
542981 
542988 
542992 
542996 
543000 
543007 
543010 
543013 
543016 
543021 
543026 
543031 
543036 
543045 
543049 
543053 
543057 
543064 
543068 
543072 
543076 
543083 
543086 
543089 
543092 
543097 
543102 
543107 
543112 
543121 
543127 
543133 
543139 
543150 
543155 
543160 
543165 
543174 
543179 
543184 
543189 
543198 
543205 
543211 
543222 
543230 
543235 
543244 
543248 
543252 
543256 
543263 
543266 
543269 
543272 
543277 
543282 
543287 
543292 
543301 
543305 
543309 
543313 
543320 
543324 
543328 
543332 
543339 
543342 
543345 
543348 
543353 
543358 
543363 
543368 
543377 
543382 
543387 
543392 
543401 
543404 
543407 
543410 
543415 
543418 
543421 
543424 
543429 
543434 
543439 
543444 
543453 
543458 
543463 
543468 
543477 
543480 
543483 
543486 
543491 
543494 
543497 
543500 
543505 
543510 
543515 
543520 
543529 
543535 
543541 
543547 
543558 
543563 
543568 
543573 
543582 
543587 
543592 
543597 
543606 
543616 
543621 
543626 
543631 
543640 
543645 
543650 
543655 
543664 
543669 
543674 
543679 
543688 
543693 
543698 
543703 
543712 
543718 
543724 
543730 
543741 
543747 
543753 
543759 
543770 
543773 
543776 
543779 
543784 
543790 
543795 
543804 
543810 
543816 
543822 
543833 
543838 
543843 
543848 
543857 
543860 
543863 
543866 
543871 
543875 
543879 
543883 
543890 
543896 
543902 
543908 
543919 
543924 
543929 
543934 
543943 
543946 
543949 
543952 
543957 
543961 
543965 
543969 
543976 
543982 
543988 
543994 
544005 
544010 
544015 
544020 
544029 
544032 
544035 
544038 
544043 
544047 
544051 
544055 
544062 
544067 
544072 
544077 
544086 
544092 
544098 
544104 
544115 
544120 
544125 
544130 
544139 
544145 
544151 
544157 
544168 
544173 
544178 
544183 
544192 
544196 
544200 
544204 
544211 
544215 
544219 
544223 
544230 
544233 
544236 
544239 
544244 
544248 
544252 
544256 
544263 
544268 
544273 
544278 
544287 
544291 
544295 
544299 
544306 
544310 
544314 
544318 
544325 
544329 
544333 
544340 
544343 
544346 
544351 
544355 
544359 
544363 
544370 
544375 
544380 
544385 
544394 
544398 
544402 
544406 
544413 
544416 
544419 
544422 
544427 
544432 
544437 
544442 
544451 
544454 
544457 
544460 
544465 
544471 
544477 
544480 
544483 
544488 
544492 
544499 
544502 
544505 
544508 
544513 
544517 
544521 
544525 
544532 
544534 
544536 
544538 
544541 
544545 
544549 
544553 
544560 
544563 
544566 
544569 
544574 
544578 
544582 
544586 
544593 
544595 
544597 
544599 
544602 
544606 
544610 
544614 
544621 
544624 
544627 
544630 
544635 
544639 
544643 
544647 
544654 
544656 
544658 
544660 
544663 
544667 
544671 
544675 
544682 
544685 
544688 
544691 
544696 
544700 
544704 
544708 
544715 
544717 
544719 
544721 
544724 
544728 
544732 
544736 
544743 
544747 
544751 
544755 
544762 
544766 
544770 
544774 
544781 
544783 
544785 
544787 
544790 
544793 
544796 
544801 
544805 
544812 
544815 
544818 
544821 
544826 
544830 
544834 
544838 
544845 
544848 
544851 
544854 
544859 
544866 
544873 
544880 
544893 
544897 
544901 
544905 
544912 
544916 
544920 
544924 
544931 
544936 
544941 
544946 
544955 
544959 
544963 
544967 
544974 
544978 
544982 
544986 
544993 
544997 
545001 
545005 
545012 
545016 
545020 
545024 
545031 
545034 
545037 
545040 
545045 
545047 
545049 
545051 
545054 
545058 
545062 
545066 
545073 
545076 
545079 
545082 
545087 
545091 
545095 
545099 
545106 
545109 
545112 
545115 
545120 
545125 
545130 
545135 
545144 
545148 
545152 
545156 
545163 
545167 
545171 
545175 
545182 
545187 
545192 
545197 
545206 
545210 
545214 
545218 
545225 
545229 
545233 
545237 
545244 
545248 
545252 
545256 
545263 
545267 
545271 
545275 
545282 
545285 
545288 
545291 
545296 
545298 
545300 
545302 
545305 
545309 
545313 
545317 
545324 
545327 
545330 
545333 
545338 
545342 
545346 
545350 
545357 
545360 
545363 
545366 
545371 
545376 
545381 
545386 
545395 
545399 
545403 
545407 
545414 
545418 
545422 
545426 
545433 
545438 
545443 
545448 
545457 
545461 
545465 
545469 
545476 
545480 
545484 
545488 
545495 
545499 
545503 
545507 
545514 
545518 
545522 
545526 
545533 
545536 
545539 
545542 
545547 
545552 
545557 
545562 
545571 
545576 
545581 
545586 
545595 
545602 
545609 
545616 
545629 
545634 
545639 
545644 
545653 
545659 
545665 
545671 
545682 
545687 
545692 
545697 
545706 
545711 
545716 
545721 
545730 
545736 
545742 
545748 
545759 
545764 
545769 
545774 
545783 
545788 
545793 
545798 
545807 
545813 
545819 
545825 
545836 
545841 
545846 
545851 
545860 
545862 
545864 
545866 
545869 
545873 
545877 
545881 
545888 
545893 
545898 
545903 
545912 
545916 
545920 
545924 
545931 
545933 
545935 
545937 
545940 
545943 
545946 
545949 
545954 
545961 
545968 
545975 
545988 
545993 
545996 
546001 
546005 
546009 
546013 
546020 
546024 
546028 
546032 
546039 
546043 
546047 
546051 
546058 
546061 
546064 
546067 
546072 
546077 
546082 
546087 
546096 
546100 
546104 
546108 
546115 
546117 
546119 
546121 
546124 
546127 
546130 
546133 
546138 
546143 
546148 
546153 
546162 
546165 
546168 
546171 
546176 
546180 
546184 
546188 
546195 
546199 
546203 
546207 
546214 
546218 
546222 
546226 
546233 
546236 
546239 
546242 
546247 
546252 
546257 
546262 
546271 
546275 
546279 
546283 
546290 
546292 
546294 
546296 
546299 
546302 
546305 
546308 
546313 
546318 
546323 
546328 
546337 
546340 
546343 
546346 
546351 
546355 
546359 
546363 
546370 
546374 
546378 
546382 
546389 
546393 
546397 
546401 
546408 
546411 
546414 
546417 
546422 
546427 
546432 
546437 
546446 
546450 
546454 
546458 
546465 
546467 
546469 
546471 
546474 
546477 
546480 
546483 
546488 
546493 
546498 
546503 
546512 
546515 
546518 
546521 
546526 
546530 
546534 
546538 
546545 
546549 
546553 
546557 
546564 
546568 
546572 
546576 
546583 
546586 
546589 
546592 
546597 
546600 
546603 
546606 
546611 
546614 
546617 
546620 
546625 
546628 
546631 
546634 
546639 
546643 
546647 
546651 
546658 
546662 
546666 
546670 
546677 
546680 
546683 
546686 
546691 
546694 
546697 
546700 
546705 
546708 
546711 
546714 
546719 
546721 
546723 
546725 
546728 
546731 
546734 
546737 
546742 
546745 
546748 
546751 
546756 
546757 
546758 
546759 
546760 
546762 
546764 
546766 
546769 
546773 
546777 
546781 
546788 
546790 
546792 
546794 
546797 
546800 
546803 
546806 
546811 
546814 
546817 
546820 
546825 
546826 
546827 
546828 
546829 
546831 
546833 
546836 
546840 
546844 
546848 
546855 
546857 
546859 
546865 
546871 
546874 
546877 
546880 
546883 
546888 
546891 
546894 
546899 
546900 
546901 
546902 
546908 
546914 
546920 
546931 
546938 
546945 
546952 
546965 
546971 
546977 
546983 
546994 
547000 
547006 
547012 
547023 
547028 
547033 
547038 
547047 
547052 
547057 
547062 
547071 
547076 
547081 
547086 
547095 
547101 
547107 
547113 
547124 
547128 
547132 
547136 
547143 
547148 
547153 
547158 
547167 
547172 
547177 
547182 
547191 
547197 
547203 
547209 
547220 
547225 
547230 
547235 
547244 
547250 
547256 
547262 
547273 
547278 
547283 
547288 
547297 
547301 
547305 
547309 
547316 
547319 
547322 
547325 
547330 
547332 
547334 
547336 
547339 
547343 
547347 
547351 
547358 
547362 
547366 
547370 
547377 
547380 
547383 
547386 
547391 
547397 
547403 
547409 
547420 
547425 
547430 
547435 
547444 
547449 
547454 
547459 
547468 
547472 
547476 
547480 
547487 
547490 
547493 
547496 
547501 
547503 
547505 
547507 
547510 
547513 
547516 
547519 
547524 
547529 
547534 
547539 
547548 
547550 
547552 
547554 
547557 
547559 
547561 
547563 
547566 
547569 
547572 
547575 
547580 
547586 
547592 
547598 
547609 
547612 
547615 
547618 
547623 
547626 
547629 
547632 
547637 
547642 
547647 
547652 
547661 
547665 
547669 
547673 
547680 
547683 
547686 
547689 
547694 
547696 
547698 
547700 
547703 
547707 
547711 
547715 
547722 
547727 
547732 
547737 
547746 
547749 
547752 
547755 
547760 
547766 
547772 
547778 
547789 
547794 
547799 
547804 
547813 
547817 
547821 
547825 
547832 
547835 
547838 
547841 
547846 
547847 
547848 
547849 
547850 
547852 
547854 
547856 
547859 
547862 
547865 
547868 
547873 
547878 
547883 
547888 
547897 
547899 
547901 
547903 
547906 
547908 
547910 
547912 
547915 
547917 
547919 
547921 
547924 
547928 
547932 
547936 
547943 
547946 
547949 
547952 
547957 
547960 
547963 
547966 
547971 
547976 
547981 
547986 
547995 
547999 
548003 
548007 
548014 
548017 
548020 
548023 
548028 
548030 
548032 
548034 
548037 
548041 
548045 
548049 
548056 
548061 
548066 
548071 
548080 
548083 
548086 
548089 
548094 
548100 
548106 
548112 
548123 
548127 
548131 
548135 
548142 
548145 
548148 
548151 
548156 
548157 
548158 
548159 
548160 
548162 
548164 
548166 
548169 
548172 
548175 
548178 
548183 
548188 
548193 
548198 
548207 
548209 
548211 
548213 
548216 
548218 
548220 
548222 
548225 
548227 
548229 
548231 
548234 
548238 
548242 
548246 
548253 
548256 
548259 
548262 
548267 
548270 
548273 
548276 
548281 
548286 
548291 
548296 
548305 
548309 
548313 
548317 
548324 
548327 
548330 
548333 
548338 
548340 
548342 
548344 
548347 
548351 
548355 
548359 
548366 
548371 
548376 
548381 
548390 
548393 
548396 
548399 
548404 
548409 
548414 
548419 
548428 
548433 
548438 
548443 
548452 
548456 
548460 
548464 
548471 
548474 
548477 
548480 
548485 
548486 
548487 
548488 
548489 
548491 
548493 
548495 
548498 
548502 
548506 
548510 
548517 
548519 
548521 
548523 
548526 
548528 
548530 
548532 
548535 
548537 
548539 
548541 
548544 
548546 
548548 
548550 
548553 
548557 
548561 
548565 
548572 
548574 
548576 
548578 
548581 
548584 
548587 
548590 
548595 
548599 
548603 
548607 
548614 
548617 
548620 
548623 
548628 
548629 
548630 
548631 
548632 
548634 
548636 
548638 
548641 
548645 
548649 
548653 
548660 
548665 
548670 
548675 
548684 
548686 
548688 
548690 
548693 
548697 
548701 
548705 
548712 
548718 
548723 
548732 
548737 
548741 
548748 
548751 
548754 
548757 
548762 
548764 
548766 
548768 
548771 
548774 
548777 
548780 
548785 
548790 
548795 
548800 
548809 
548811 
548813 
548815 
548818 
548820 
548822 
548824 
548827 
548830 
548833 
548836 
548841 
548847 
548853 
548859 
548870 
548873 
548876 
548879 
548884 
548887 
548890 
548893 
548898 
548902 
548906 
548910 
548917 
548920 
548923 
548926 
548931 
548932 
548933 
548934 
548935 
548937 
548939 
548941 
548944 
548948 
548952 
548956 
548963 
548968 
548973 
548978 
548987 
548989 
548991 
548993 
548996 
549000 
549004 
549008 
549015 
549020 
549025 
549030 
549039 
549043 
549047 
549051 
549058 
549061 
549064 
549067 
549072 
549074 
549076 
549078 
549081 
549085 
549089 
549093 
549100 
549102 
549104 
549106 
549109 
549111 
549113 
549115 
549118 
549120 
549122 
549124 
549127 
549130 
549133 
549136 
549141 
549146 
549151 
549156 
549165 
549170 
549175 
549180 
549189 
549191 
549193 
549195 
549198 
549201 
549204 
549207 
549212 
549216 
549220 
549227 
549230 
549233 
549236 
549241 
549244 
549247 
549252 
549256 
549260 
549267 
549269 
549271 
549273 
549276 
549278 
549280 
549283 
549289 
549292 
549297 
549300 
549308 
549310 
549313 
549316 
549319 
549322 
549325 
549330 
549333 
549336 
549339 
549344 
549347 
549350 
549353 
549358 
549360 
549362 
549364 
549367 
549370 
549373 
549376 
549381 
549384 
549387 
549390 
549395 
549398 
549401 
549404 
549409 
549411 
549413 
549415 
549418 
549421 
549424 
549427 
549432 
549435 
549438 
549441 
549446 
549449 
549452 
549455 
549460 
549462 
549464 
549466 
549469 
549472 
549475 
549478 
549483 
549486 
549489 
549492 
549497 
549500 
549503 
549506 
549511 
549513 
549515 
549517 
549520 
549523 
549526 
549529 
549534 
549537 
549540 
549543 
549548 
549551 
549554 
549557 
549562 
549564 
549566 
549568 
549571 
549576 
549583 
549588 
549592 
549596 
549600 
549607 
549610 
549613 
549616 
549621 
549625 
549629 
549633 
549640 
549643 
549646 
549649 
549654 
549658 
549662 
549666 
549673 
549676 
549679 
549682 
549687 
549691 
549695 
549699 
549706 
549709 
549712 
549715 
549720 
549724 
549728 
549732 
549739 
549742 
549745 
549748 
549753 
549757 
549761 
549765 
549772 
549775 
549778 
549781 
549786 
549790 
549794 
549798 
549805 
549808 
549811 
549814 
549819 
549823 
549827 
549831 
549838 
549841 
549844 
549847 
549852 
549855 
549858 
549861 
549866 
549868 
549870 
549872 
549875 
549878 
549881 
549884 
549889 
549890 
549891 
549892 
549893 
549896 
549899 
549902 
549907 
549910 
549913 
549916 
549921 
549924 
549927 
549930 
549935 
549937 
549939 
549941 
549944 
549947 
549950 
549953 
549958 
549961 
549964 
549967 
549972 
549975 
549978 
549981 
549986 
549988 
549990 
549992 
549997 
550007 
550012 
550017 
550024 
550027 
550030 
550034 
550039 
550040 
550043 
550046 
550049 
550054 
550057 
550060 
550063 
550068 
550071 
550074 
550077 
550082 
550084 
550086 
550088 
550091 
550099 
550102 
550110 
550115 
550123 
550130 
550135 
550142 
550146 
550149 
550154 
550157 
550162 
550164 
550167 
550176 
550179 
550182 
550185 
550188 
550191 
550196 
550200 
550203 
550208 
550212 
550217 
550219 
550222 
550225 
550227 
550230 
550234 
550238 
550242 
550249 
550252 
550255 
550258 
550263 
550266 
550269 
550272 
550277 
550280 
550283 
550286 
550291 
550295 
550299 
550303 
550310 
550313 
550316 
550319 
550324 
550326 
550328 
550330 
550333 
550335 
550337 
550339 
550342 
550346 
550350 
550354 
550361 
550364 
550367 
550370 
550375 
550378 
550381 
550384 
550389 
550392 
550395 
550398 
550403 
550407 
550411 
550415 
550422 
550425 
550428 
550431 
550436 
550438 
550440 
550442 
550445 
550447 
550449 
550451 
550454 
550458 
550462 
550466 
550473 
550476 
550479 
550482 
550487 
550490 
550493 
550496 
550501 
550504 
550507 
550510 
550515 
550519 
550523 
550527 
550534 
550537 
550540 
550543 
550548 
550550 
550552 
550554 
550557 
550559 
550561 
550563 
550566 
550570 
550574 
550578 
550585 
550588 
550591 
550594 
550599 
550602 
550605 
550608 
550613 
550616 
550619 
550622 
550627 
550631 
550635 
550639 
550646 
550649 
550652 
550655 
550660 
550662 
550664 
550666 
550669 
550671 
550673 
550675 
550678 
550682 
550686 
550690 
550697 
550700 
550703 
550706 
550711 
550714 
550717 
550720 
550725 
550728 
550731 
550734 
550739 
550741 
550743 
550745 
550748 
550752 
550756 
550760 
550767 
550771 
550776 
550783 
550786 
550789 
550792 
550795 
550798 
550803 
550806 
550809 
550812 
550817 
550820 
550823 
550828 
550829 
550830 
550831 
550835 
550839 
550843 
550850 
550853 
550856 
550859 
550864 
550867 
550870 
550873 
550878 
550880 
550882 
550884 
550887 
550890 
550893 
550896 
550901 
550903 
550905 
550907 
550910 
550912 
550914 
550916 
550919 
550920 
550921 
550922 
550923 
550927 
550931 
550935 
550942 
550944 
550946 
550948 
550951 
550955 
550959 
550963 
550970 
550972 
550974 
550976 
550979 
550982 
550985 
550988 
550993 
550996 
550999 
551002 
551007 
551010 
551013 
551016 
551021 
551022 
551023 
551024 
551025 
551030 
551034 
551041 
551046 
551053 
551057 
551061 
551068 
551072 
551075 
551080 
551083 
551086 
551089 
551094 
551097 
551100 
551103 
551108 
551111 
551113 
551116 
551118 
551120 
551122 
551125 
551133 
551136 
551143 
551152 
551155 
551160 
551164 
551171 
551175 
551179 
551183 
551190 
551193 
551196 
551201 
551203 
551205 
551208 
551211 
551216 
551220 
551222 
551225 
551226 
551227 
551231 
551235 
551239 
551246 
551248 
551250 
551252 
551255 
551258 
551261 
551264 
551269 
551271 
551273 
551275 
551278 
551281 
551284 
551287 
551292 
551296 
551300 
551304 
551311 
551313 
551315 
551317 
551320 
551321 
551322 
551323 
551324 
551328 
551332 
551336 
551343 
551346 
551349 
551352 
551357 
551361 
551365 
551369 
551376 
551378 
551380 
551382 
551385 
551388 
551391 
551394 
551399 
551402 
551405 
551408 
551413 
551416 
551419 
551422 
551427 
551428 
551429 
551430 
551431 
551435 
551439 
551443 
551450 
551452 
551454 
551456 
551459 
551463 
551467 
551471 
551478 
551480 
551482 
551484 
551487 
551490 
551493 
551496 
551501 
551504 
551507 
551510 
551515 
551518 
551521 
551524 
551529 
551530 
551531 
551532 
551533 
551537 
551541 
551545 
551552 
551554 
551556 
551558 
551561 
551565 
551569 
551573 
551580 
551582 
551584 
551586 
551589 
551592 
551595 
551598 
551603 
551606 
551609 
551612 
551617 
551620 
551623 
551626 
551631 
551632 
551633 
551634 
551635 
551638 
551641 
551644 
551649 
551651 
551653 
551655 
551658 
551661 
551664 
551667 
551672 
551673 
551674 
551675 
551676 
551678 
551680 
551682 
551685 
551688 
551691 
551694 
551699 
551700 
551701 
551702 
551703 
551707 
551711 
551715 
551722 
551726 
551730 
551734 
551741 
551744 
551747 
551750 
551755 
551759 
551763 
551767 
551774 
551778 
551782 
551786 
551793 
551796 
551799 
551802 
551807 
551809 
551811 
551813 
551816 
551819 
551822 
551825 
551830 
551831 
551832 
551833 
551834 
551840 
551846 
551852 
551863 
551868 
551873 
551878 
551887 
551893 
551899 
551905 
551916 
551923 
551930 
551937 
551950 
551956 
551962 
551968 
551979 
551984 
551989 
551994 
552003 
552008 
552013 
552018 
552027 
552032 
552037 
552042 
552051 
552057 
552063 
552069 
552080 
552085 
552090 
552095 
552104 
552110 
552116 
552122 
552133 
552139 
552145 
552151 
552162 
552168 
552174 
552180 
552191 
552195 
552199 
552203 
552210 
552215 
552220 
552225 
552234 
552240 
552246 
552252 
552263 
552268 
552275 
552284 
552288 
552292 
552296 
552303 
552307 
552311 
552315 
552322 
552326 
552330 
552334 
552341 
552345 
552349 
552353 
552360 
552364 
552368 
552372 
552379 
552382 
552385 
552388 
552393 
552396 
552399 
552402 
552407 
552409 
552411 
552413 
552416 
552428 
552433 
552440 
552444 
552449 
552452 
552457 
552462 
552466 
552473 
552476 
552479 
552483 
552487 
552491 
552498 
552502 
552506 
552510 
552517 
552521 
552525 
552529 
552536 
552540 
552544 
552548 
552555 
552559 
552563 
552567 
552574 
552577 
552580 
552583 
552588 
552591 
552594 
552597 
552602 
552603 
552604 
552605 
552608 
552611 
552612 
552615 
552618 
552621 
552626 
552629 
552632 
552635 
552640 
552641 
552642 
552643 
552644 
552647 
552650 
552653 
552658 
552662 
552666 
552670 
552677 
552680 
552683 
552686 
552691 
552694 
552697 
552700 
552705 
552708 
552711 
552714 
552719 
552720 
552721 
552722 
552723 
552726 
552729 
552732 
552737 
552741 
552745 
552749 
552756 
552759 
552762 
552765 
552770 
552773 
552776 
552779 
552784 
552787 
552790 
552793 
552798 
552799 
552800 
552801 
552802 
552805 
552808 
552811 
552816 
552820 
552824 
552828 
552835 
552838 
552841 
552844 
552849 
552852 
552855 
552858 
552863 
552866 
552869 
552872 
552877 
552878 
552879 
552880 
552881 
552884 
552887 
552890 
552895 
552899 
552903 
552907 
552914 
552917 
552920 
552923 
552928 
552931 
552934 
552937 
552942 
552945 
552948 
552951 
552956 
552957 
552958 
552959 
552960 
552963 
552966 
552969 
552974 
552978 
552982 
552986 
552993 
552996 
552999 
553002 
553007 
553010 
553013 
553016 
553021 
553024 
553027 
553030 
553035 
553036 
553037 
553038 
553039 
553042 
553045 
553048 
553053 
553057 
553061 
553065 
553072 
553075 
553078 
553081 
553086 
553089 
553092 
553095 
553100 
553103 
553106 
553109 
553114 
553115 
553116 
553117 
553118 
553121 
553124 
553127 
553132 
553136 
553140 
553144 
553151 
553154 
553157 
553160 
553165 
553168 
553171 
553174 
553179 
553182 
553185 
553188 
553193 
553194 
553195 
553196 
553197 
553200 
553203 
553206 
553211 
553215 
553219 
553223 
553230 
553233 
553236 
553239 
553244 
553247 
553250 
553253 
553258 
553261 
553264 
553267 
553272 
553273 
553274 
553275 
553276 
553279 
553282 
553285 
553290 
553294 
553298 
553302 
553309 
553312 
553315 
553318 
553323 
553326 
553329 
553332 
553337 
553340 
553343 
553346 
553351 
553352 
553353 
553354 
553355 
553358 
553361 
553364 
553369 
553372 
553375 
553378 
553383 
553385 
553387 
553389 
553392 
553395 
553398 
553401 
553406 
553410 
553414 
553418 
553425 
553428 
553431 
553434 
553439 
553443 
553447 
553451 
553458 
553462 
553466 
553470 
553477 
553480 
553483 
553486 
553491 
553494 
553497 
553500 
553505 
553508 
553511 
553514 
553519 
553520 
553521 
553522 
553523 
553526 
553529 
553532 
553537 
553541 
553545 
553549 
553556 
553559 
553562 
553565 
553570 
553573 
553576 
553579 
553584 
553588 
553592 
553596 
553603 
553606 
553609 
553612 
553617 
553620 
553623 
553626 
553631 
553634 
553637 
553640 
553645 
553646 
553647 
553648 
553649 
553652 
553655 
553658 
553663 
553667 
553671 
553675 
553682 
553685 
553688 
553691 
553696 
553700 
553704 
553708 
553715 
553718 
553721 
553724 
553729 
553732 
553735 
553738 
553743 
553746 
553749 
553752 
553757 
553760 
553763 
553766 
553771 
553772 
553773 
553774 
553775 
553778 
553781 
553784 
553789 
553793 
553797 
553801 
553808 
553811 
553814 
553817 
553822 
553826 
553830 
553834 
553841 
553844 
553847 
553850 
553855 
553858 
553861 
553864 
553869 
553872 
553875 
553878 
553883 
553886 
553889 
553892 
553897 
553898 
553899 
553900 
553901 
553904 
553907 
553910 
553915 
553919 
553923 
553927 
553934 
553937 
553940 
553943 
553948 
553952 
553956 
553960 
553967 
553970 
553973 
553976 
553981 
553984 
553987 
553990 
553995 
553998 
554001 
554004 
554009 
554012 
554015 
554018 
554023 
554024 
554025 
554026 
554027 
554030 
554033 
554036 
554041 
554045 
554049 
554053 
554060 
554063 
554066 
554069 
554074 
554078 
554082 
554086 
554093 
554096 
554099 
554102 
554107 
554110 
554113 
554116 
554121 
554124 
554127 
554130 
554135 
554138 
554141 
554144 
554149 
554150 
554151 
554152 
554153 
554156 
554159 
554162 
554167 
554171 
554175 
554179 
554186 
554189 
554192 
554195 
554200 
554204 
554208 
554212 
554219 
554222 
554225 
554228 
554233 
554236 
554239 
554242 
554247 
554250 
554253 
554256 
554261 
554264 
554267 
554270 
554275 
554276 
554277 
554278 
554279 
554282 
554285 
554288 
554293 
554297 
554301 
554305 
554312 
554315 
554318 
554321 
554326 
554330 
554334 
554338 
554345 
554348 
554351 
554354 
554359 
554362 
554365 
554368 
554373 
554375 
554377 
554379 
554382 
554385 
554388 
554391 
554396 
554397 
554398 
554399 
554400 
554403 
554406 
554409 
554414 
554418 
554422 
554426 
554433 
554436 
554439 
554442 
554447 
554450 
554453 
554456 
554461 
554465 
554469 
554473 
554480 
554483 
554486 
554489 
554494 
554497 
554500 
554503 
554508 
554511 
554514 
554517 
554522 
554523 
554524 
554525 
554526 
554529 
554532 
554535 
554540 
554544 
554548 
554552 
554559 
554562 
554565 
554568 
554573 
554576 
554579 
554582 
554587 
554591 
554595 
554599 
554606 
554609 
554612 
554615 
554620 
554623 
554626 
554629 
554634 
554637 
554640 
554643 
554648 
554649 
554650 
554651 
554652 
554655 
554658 
554661 
554666 
554670 
554674 
554678 
554685 
554688 
554691 
554694 
554699 
554702 
554705 
554708 
554713 
554717 
554721 
554725 
554732 
554735 
554738 
554741 
554746 
554748 
554750 
554752 
554755 
554758 
554761 
554764 
554769 
554770 
554771 
554772 
554773 
554776 
554779 
554782 
554787 
554791 
554795 
554799 
554806 
554809 
554812 
554815 
554820 
554824 
554828 
554832 
554839 
554843 
554847 
554851 
554858 
554861 
554864 
554867 
554872 
554875 
554878 
554881 
554886 
554889 
554892 
554895 
554900 
554901 
554902 
554903 
554904 
554908 
554912 
554916 
554923 
554926 
554929 
554932 
554937 
554940 
554943 
554946 
554951 
554955 
554959 
554963 
554970 
554973 
554976 
554979 
554984 
554987 
554990 
554993 
554998 
555001 
555004 
555007 
555012 
555015 
555018 
555021 
555026 
555027 
555028 
555029 
555030 
555033 
555036 
555039 
555044 
555048 
555052 
555056 
555063 
555066 
555069 
555072 
555077 
555081 
555085 
555089 
555096 
555099 
555102 
555105 
555110 
555113 
555116 
555119 
555124 
555126 
555128 
555130 
555133 
555136 
555139 
555142 
555147 
555148 
555149 
555150 
555151 
555154 
555157 
555160 
555165 
555169 
555173 
555177 
555184 
555187 
555190 
555193 
555198 
555201 
555204 
555207 
555212 
555216 
555220 
555224 
555231 
555234 
555237 
555240 
555245 
555248 
555251 
555254 
555259 
555262 
555265 
555268 
555273 
555274 
555275 
555276 
555277 
555280 
555283 
555286 
555291 
555295 
555299 
555303 
555310 
555313 
555316 
555319 
555324 
555327 
555330 
555333 
555338 
555342 
555346 
555350 
555357 
555360 
555363 
555366 
555371 
555373 
555375 
555377 
555380 
555383 
555386 
555389 
555394 
555395 
555396 
555397 
555398 
555402 
555406 
555410 
555417 
555420 
555423 
555426 
555431 
555434 
555437 
555440 
555445 
555449 
555453 
555457 
555464 
555468 
555472 
555476 
555483 
555486 
555489 
555492 
555497 
555500 
555503 
555506 
555511 
555514 
555517 
555520 
555525 
555526 
555527 
555528 
555529 
555532 
555535 
555538 
555543 
555547 
555551 
555555 
555562 
555565 
555568 
555571 
555576 
555579 
555582 
555585 
555590 
555594 
555598 
555602 
555609 
555612 
555615 
555618 
555623 
555626 
555629 
555632 
555637 
555640 
555643 
555646 
555651 
555652 
555653 
555654 
555655 
555658 
555661 
555664 
555669 
555673 
555677 
555681 
555688 
555691 
555694 
555697 
555702 
555705 
555708 
555711 
555716 
555720 
555724 
555728 
555735 
555738 
555741 
555744 
555749 
555751 
555753 
555755 
555758 
555761 
555764 
555767 
555772 
555773 
555774 
555775 
555776 
555780 
555784 
555788 
555795 
555798 
555801 
555804 
555809 
555812 
555815 
555818 
555823 
555827 
555831 
555835 
555842 
555846 
555850 
555854 
555861 
555864 
555867 
555870 
555875 
555878 
555881 
555884 
555889 
555892 
555895 
555898 
555903 
555904 
555905 
555906 
555907 
555910 
555913 
555916 
555921 
555925 
555929 
555933 
555940 
555943 
555946 
555949 
555954 
555957 
555960 
555963 
555968 
555972 
555976 
555980 
555987 
555990 
555993 
555996 
556001 
556004 
556007 
556010 
556015 
556018 
556021 
556024 
556029 
556030 
556031 
556032 
556033 
556036 
556039 
556042 
556047 
556051 
556055 
556059 
556066 
556069 
556072 
556075 
556080 
556083 
556086 
556089 
556094 
556098 
556102 
556106 
556113 
556116 
556119 
556122 
556127 
556129 
556131 
556133 
556136 
556139 
556142 
556145 
556150 
556151 
556152 
556153 
556154 
556158 
556162 
556166 
556173 
556176 
556179 
556182 
556187 
556190 
556193 
556196 
556201 
556205 
556209 
556213 
556220 
556224 
556228 
556232 
556239 
556242 
556245 
556248 
556253 
556256 
556259 
556262 
556267 
556270 
556273 
556276 
556281 
556282 
556283 
556284 
556285 
556288 
556291 
556294 
556299 
556303 
556307 
556311 
556318 
556321 
556324 
556327 
556332 
556335 
556338 
556341 
556346 
556350 
556354 
556358 
556365 
556368 
556371 
556374 
556379 
556382 
556385 
556388 
556393 
556396 
556399 
556402 
556407 
556408 
556409 
556410 
556411 
556414 
556417 
556420 
556425 
556429 
556433 
556437 
556444 
556447 
556450 
556453 
556458 
556461 
556464 
556467 
556472 
556476 
556480 
556484 
556491 
556494 
556497 
556500 
556505 
556507 
556509 
556511 
556514 
556517 
556520 
556523 
556528 
556529 
556530 
556531 
556532 
556536 
556540 
556544 
556551 
556554 
556557 
556560 
556565 
556568 
556571 
556574 
556579 
556583 
556587 
556591 
556598 
556602 
556606 
556610 
556617 
556620 
556623 
556626 
556631 
556634 
556637 
556640 
556645 
556648 
556651 
556654 
556659 
556660 
556661 
556662 
556663 
556666 
556669 
556672 
556677 
556681 
556685 
556689 
556696 
556699 
556702 
556705 
556710 
556714 
556718 
556722 
556729 
556733 
556737 
556741 
556748 
556751 
556754 
556757 
556762 
556765 
556768 
556771 
556776 
556779 
556782 
556785 
556790 
556791 
556792 
556793 
556794 
556797 
556800 
556803 
556808 
556812 
556816 
556820 
556827 
556830 
556833 
556836 
556841 
556844 
556847 
556850 
556855 
556859 
556863 
556867 
556874 
556877 
556880 
556883 
556888 
556890 
556892 
556894 
556897 
556900 
556903 
556906 
556911 
556912 
556913 
556914 
556915 
556919 
556923 
556927 
556934 
556937 
556940 
556943 
556948 
556951 
556954 
556957 
556962 
556965 
556968 
556971 
556976 
556980 
556984 
556988 
556995 
556998 
557001 
557004 
557009 
557012 
557015 
557018 
557023 
557026 
557029 
557032 
557037 
557038 
557039 
557040 
557041 
557044 
557047 
557050 
557055 
557059 
557063 
557067 
557074 
557077 
557080 
557083 
557088 
557092 
557096 
557100 
557107 
557111 
557115 
557119 
557126 
557129 
557132 
557135 
557140 
557143 
557146 
557149 
557154 
557157 
557160 
557163 
557168 
557169 
557170 
557171 
557172 
557175 
557178 
557181 
557186 
557190 
557194 
557198 
557205 
557208 
557211 
557214 
557219 
557222 
557225 
557228 
557233 
557237 
557241 
557245 
557252 
557255 
557258 
557261 
557266 
557268 
557270 
557272 
557275 
557278 
557281 
557284 
557289 
557290 
557291 
557292 
557293 
557296 
557299 
557302 
557307 
557311 
557315 
557319 
557326 
557329 
557332 
557335 
557340 
557343 
557346 
557349 
557354 
557358 
557362 
557366 
557373 
557376 
557379 
557382 
557387 
557390 
557393 
557396 
557401 
557404 
557407 
557410 
557415 
557416 
557417 
557418 
557419 
557423 
557427 
557431 
557438 
557442 
557446 
557450 
557457 
557460 
557463 
557466 
557471 
557474 
557477 
557480 
557485 
557489 
557493 
557497 
557504 
557507 
557510 
557513 
557518 
557521 
557524 
557527 
557532 
557535 
557538 
557541 
557546 
557547 
557548 
557549 
557550 
557553 
557556 
557559 
557564 
557568 
557572 
557576 
557583 
557586 
557589 
557592 
557597 
557601 
557605 
557609 
557616 
557620 
557624 
557628 
557635 
557638 
557641 
557644 
557649 
557652 
557655 
557658 
557663 
557666 
557669 
557672 
557677 
557678 
557679 
557680 
557681 
557684 
557687 
557690 
557695 
557699 
557703 
557707 
557714 
557717 
557720 
557723 
557728 
557731 
557734 
557737 
557742 
557746 
557750 
557754 
557761 
557764 
557767 
557770 
557775 
557777 
557779 
557781 
557784 
557787 
557790 
557793 
557798 
557799 
557800 
557801 
557802 
557805 
557808 
557811 
557816 
557820 
557824 
557828 
557835 
557838 
557841 
557844 
557849 
557852 
557855 
557858 
557863 
557865 
557867 
557869 
557872 
557873 
557874 
557875 
557876 
557879 
557882 
557885 
557890 
557894 
557898 
557902 
557909 
557912 
557915 
557918 
557923 
557926 
557929 
557932 
557937 
557941 
557945 
557949 
557956 
557959 
557962 
557965 
557970 
557973 
557976 
557979 
557984 
557986 
557988 
557990 
557993 
557994 
557995 
557996 
557997 
558001 
558005 
558009 
558016 
558020 
558024 
558028 
558035 
558038 
558041 
558044 
558049 
558052 
558055 
558058 
558063 
558067 
558071 
558075 
558082 
558085 
558088 
558091 
558096 
558099 
558102 
558105 
558110 
558112 
558114 
558116 
558119 
558120 
558121 
558122 
558123 
558127 
558131 
558135 
558142 
558146 
558150 
558154 
558161 
558164 
558167 
558170 
558175 
558178 
558181 
558184 
558189 
558193 
558197 
558201 
558208 
558211 
558214 
558217 
558222 
558225 
558228 
558231 
558236 
558238 
558240 
558242 
558245 
558246 
558247 
558248 
558249 
558253 
558257 
558261 
558268 
558272 
558276 
558280 
558287 
558290 
558293 
558296 
558301 
558304 
558307 
558310 
558315 
558319 
558323 
558327 
558334 
558337 
558340 
558343 
558348 
558351 
558354 
558357 
558362 
558364 
558366 
558368 
558371 
558372 
558373 
558374 
558375 
558379 
558383 
558387 
558394 
558398 
558402 
558406 
558413 
558416 
558419 
558422 
558427 
558430 
558433 
558436 
558441 
558445 
558449 
558453 
558460 
558463 
558466 
558469 
558474 
558477 
558480 
558483 
558488 
558490 
558492 
558494 
558497 
558498 
558499 
558500 
558501 
558505 
558509 
558513 
558520 
558524 
558528 
558532 
558539 
558542 
558545 
558548 
558553 
558556 
558559 
558562 
558567 
558571 
558575 
558579 
558586 
558589 
558592 
558595 
558600 
558603 
558606 
558609 
558614 
558616 
558618 
558620 
558623 
558624 
558625 
558626 
558627 
558631 
558635 
558639 
558646 
558650 
558654 
558658 
558665 
558668 
558671 
558674 
558679 
558682 
558685 
558688 
558693 
558697 
558701 
558705 
558712 
558715 
558718 
558721 
558726 
558729 
558732 
558735 
558740 
558742 
558744 
558746 
558749 
558750 
558751 
558752 
558753 
558757 
558761 
558765 
558772 
558776 
558780 
558784 
558791 
558794 
558797 
558800 
558805 
558808 
558811 
558814 
558819 
558823 
558827 
558831 
558838 
558841 
558844 
558847 
558852 
558855 
558858 
558861 
558866 
558868 
558870 
558872 
558875 
558876 
558877 
558878 
558879 
558882 
558885 
558888 
558893 
558897 
558901 
558905 
558912 
558915 
558918 
558921 
558926 
558929 
558932 
558935 
558940 
558944 
558948 
558952 
558959 
558962 
558965 
558968 
558973 
558976 
558979 
558982 
558987 
558989 
558991 
558993 
558996 
558997 
558998 
558999 
559000 
559003 
559006 
559009 
559014 
559017 
559020 
559023 
559028 
559030 
559032 
559034 
559037 
559040 
559043 
559046 
559051 
559054 
559057 
559060 
559065 
559067 
559069 
559071 
559074 
559077 
559080 
559083 
559088 
559090 
559092 
559094 
559097 
559100 
559103 
559106 
559111 
559113 
559115 
559117 
559120 
559123 
559126 
559129 
559134 
559137 
559140 
559143 
559148 
559150 
559152 
559154 
559157 
559161 
559165 
559169 
559176 
559179 
559182 
559185 
559190 
559192 
559194 
559196 
559199 
559202 
559205 
559208 
559213 
559215 
559217 
559219 
559222 
559225 
559228 
559231 
559236 
559241 
559246 
559251 
559260 
559262 
559264 
559266 
559269 
559271 
559273 
559275 
559278 
559280 
559282 
559284 
559287 
559291 
559295 
559299 
559306 
559309 
559312 
559315 
559320 
559323 
559326 
559329 
559334 
559337 
559340 
559343 
559348 
559350 
559352 
559354 
559357 
559360 
559363 
559366 
559371 
559373 
559375 
559377 
559380 
559383 
559386 
559389 
559394 
559397 
559400 
559403 
559408 
559410 
559412 
559414 
559417 
559421 
559425 
559429 
559436 
559440 
559444 
559448 
559455 
559458 
559461 
559464 
559469 
559470 
559471 
559472 
559473 
559475 
559477 
559479 
559482 
559485 
559488 
559491 
559496 
559501 
559506 
559511 
559520 
559522 
559524 
559526 
559529 
559531 
559533 
559535 
559538 
559540 
559542 
559544 
559547 
559551 
559555 
559559 
559566 
559569 
559572 
559575 
559580 
559583 
559586 
559589 
559594 
559597 
559600 
559603 
559608 
559611 
559614 
559617 
559622 
559624 
559626 
559628 
559631 
559633 
559635 
559637 
559640 
559643 
559646 
559649 
559654 
559657 
559660 
559663 
559668 
559671 
559674 
559677 
559682 
559684 
559686 
559688 
559691 
559695 
559699 
559703 
559710 
559713 
559716 
559719 
559724 
559725 
559726 
559727 
559728 
559730 
559732 
559734 
559737 
559741 
559745 
559749 
559756 
559758 
559760 
559762 
559765 
559767 
559769 
559771 
559774 
559776 
559778 
559780 
559783 
559785 
559787 
559789 
559792 
559796 
559800 
559804 
559811 
559813 
559815 
559817 
559820 
559823 
559826 
559829 
559834 
559838 
559842 
559846 
559853 
559856 
559859 
559862 
559867 
559868 
559869 
559870 
559871 
559873 
559875 
559877 
559880 
559883 
559886 
559889 
559894 
559897 
559900 
559903 
559908 
559910 
559912 
559914 
559917 
559921 
559925 
559929 
559936 
559939 
559942 
559945 
559950 
559953 
559956 
559959 
559964 
559966 
559968 
559970 
559973 
559975 
559977 
559979 
559982 
559986 
559990 
559994 
560001 
560003 
560005 
560007 
560010 
560012 
560014 
560016 
560019 
560021 
560023 
560025 
560028 
560031 
560034 
560037 
560042 
560044 
560046 
560048 
560051 
560053 
560055 
560057 
560060 
560063 
560066 
560069 
560074 
560078 
560082 
560086 
560093 
560096 
560099 
560102 
560107 
560108 
560109 
560110 
560111 
560113 
560115 
560117 
560120 
560123 
560126 
560129 
560134 
560137 
560140 
560143 
560148 
560150 
560152 
560154 
560157 
560161 
560165 
560169 
560176 
560179 
560182 
560185 
560190 
560193 
560196 
560199 
560204 
560207 
560210 
560213 
560218 
560219 
560220 
560221 
560222 
560226 
560230 
560234 
560241 
560243 
560245 
560247 
560250 
560252 
560254 
560256 
560259 
560261 
560263 
560265 
560268 
560271 
560274 
560277 
560282 
560284 
560286 
560288 
560291 
560293 
560295 
560297 
560300 
560303 
560306 
560309 
560314 
560317 
560320 
560323 
560328 
560331 
560334 
560337 
560342 
560345 
560348 
560351 
560356 
560357 
560358 
560359 
560360 
560363 
560366 
560369 
560374 
560377 
560380 
560383 
560388 
560391 
560394 
560397 
560402 
560404 
560406 
560408 
560411 
560414 
560417 
560420 
560425 
560428 
560431 
560434 
560439 
560442 
560445 
560448 
560453 
560454 
560455 
560456 
560457 
560460 
560463 
560466 
560471 
560473 
560475 
560477 
560480 
560482 
560484 
560486 
560489 
560490 
560491 
560492 
560493 
560496 
560499 
560502 
560507 
560509 
560511 
560513 
560516 
560518 
560520 
560522 
560525 
560527 
560529 
560531 
560534 
560537 
560540 
560543 
560548 
560551 
560554 
560557 
560562 
560565 
560568 
560571 
560576 
560579 
560582 
560585 
560590 
560595 
560598 
560603 
560608 
560611 
560616 
560619 
560622 
560625 
560630 
560633 
560636 
560639 
560644 
560647 
560650 
560653 
560658 
560661 
560664 
560667 
560672 
560675 
560678 
560681 
560686 
560688 
560690 
560692 
560695 
560698 
560701 
560704 
560709 
560712 
560715 
560718 
560723 
560726 
560729 
560732 
560737 
560739 
560741 
560743 
560746 
560749 
560752 
560755 
560760 
560763 
560766 
560769 
560774 
560777 
560780 
560783 
560788 
560790 
560792 
560794 
560797 
560800 
560803 
560806 
560811 
560813 
560815 
560817 
560820 
560823 
560826 
560829 
560834 
560836 
560838 
560840 
560843 
560846 
560849 
560852 
560857 
560860 
560863 
560866 
560871 
560874 
560877 
560880 
560885 
560887 
560889 
560891 
560894 
560897 
560900 
560903 
560908 
560910 
560912 
560914 
560917 
560919 
560921 
560923 
560926 
560930 
560934 
560938 
560945 
560949 
560953 
560957 
560964 
560966 
560968 
560970 
560973 
560977 
560982 
560986 
560990 
560994 
561001 
561004 
561007 
561010 
561015 
561019 
561023 
561027 
561034 
561037 
561040 
561043 
561048 
561052 
561056 
561060 
561067 
561070 
561073 
561076 
561081 
561085 
561089 
561093 
561100 
561103 
561106 
561109 
561114 
561118 
561122 
561126 
561133 
561136 
561139 
561142 
561147 
561151 
561155 
561159 
561166 
561169 
561172 
561175 
561180 
561183 
561186 
561189 
561194 
561198 
561202 
561206 
561213 
561216 
561219 
561222 
561227 
561231 
561235 
561239 
561246 
561249 
561252 
561255 
561260 
561264 
561268 
561272 
561279 
561282 
561285 
561288 
561293 
561297 
561301 
561305 
561312 
561315 
561318 
561321 
561326 
561330 
561334 
561338 
561345 
561348 
561351 
561354 
561367 
561372 
561377 
561382 
561391 
561395 
561399 
561403 
561410 
561415 
561420 
561425 
561434 
561440 
561446 
561452 
561463 
561467 
561471 
561475 
561482 
561484 
561486 
561488 
561491 
561494 
561497 
561500 
561505 
561507 
561509 
561511 
561514 
561517 
561520 
561523 
561528 
561530 
561532 
561534 
561537 
561540 
561543 
561546 
561551 
561554 
561557 
561560 
561565 
561568 
561571 
561574 
561579 
561581 
561583 
561585 
561588 
561590 
561592 
561594 
561597 
561600 
561603 
561606 
561611 
561613 
561615 
561617 
561620 
561622 
561624 
561626 
561629 
561632 
561635 
561638 
561643 
561646 
561649 
561652 
561657 
561660 
561663 
561666 
561671 
561673 
561675 
561677 
561680 
561682 
561684 
561686 
561689 
561692 
561695 
561698 
561703 
561705 
561707 
561709 
561712 
561714 
561716 
561718 
561721 
561724 
561727 
561730 
561735 
561738 
561741 
561744 
561749 
561752 
561755 
561758 
561763 
561765 
561767 
561769 
561772 
561774 
561776 
561778 
561781 
561784 
561787 
561790 
561795 
561797 
561799 
561801 
561804 
561806 
561808 
561810 
561813 
561816 
561819 
561822 
561827 
561830 
561833 
561836 
561841 
561844 
561847 
561850 
561855 
561857 
561859 
561861 
561864 
561866 
561868 
561870 
561873 
561876 
561879 
561882 
561887 
561889 
561891 
561893 
561896 
561899 
561902 
561905 
561910 
561912 
561914 
561916 
561919 
561924 
561929 
561934 
561943 
561948 
561953 
561958 
561967 
561971 
561975 
561979 
561986 
561988 
561990 
561992 
561995 
561999 
562003 
562007 
562014 
562016 
562018 
562020 
562023 
562027 
562031 
562035 
562042 
562044 
562046 
562048 
562051 
562053 
562055 
562057 
562060 
562062 
562064 
562066 
562069 
562072 
562075 
562078 
562083 
562085 
562087 
562089 
562092 
562096 
562100 
562104 
562111 
562113 
562115 
562117 
562120 
562122 
562124 
562126 
562129 
562131 
562133 
562135 
562138 
562142 
562146 
562150 
562157 
562159 
562161 
562163 
562166 
562169 
562172 
562175 
562180 
562182 
562184 
562186 
562189 
562193 
562197 
562201 
562208 
562210 
562212 
562214 
562217 
562219 
562221 
562223 
562226 
562228 
562230 
562232 
562235 
562239 
562243 
562247 
562254 
562256 
562258 
562260 
562263 
562266 
562269 
562272 
562277 
562279 
562281 
562283 
562286 
562290 
562294 
562298 
562305 
562307 
562309 
562311 
562314 
562316 
562318 
562320 
562323 
562326 
562329 
562332 
562337 
562340 
562343 
562346 
562351 
562354 
562357 
562360 
562365 
562368 
562371 
562374 
562379 
562382 
562385 
562388 
562393 
562397 
562401 
562405 
562412 
562414 
562416 
562418 
562425 
562437 
562439 
562441 
562443 
562446 
562449 
562452 
562455 
562460 
562462 
562464 
562466 
562469 
562473 
562477 
562481 
562488 
562490 
562492 
562494 
562497 
562501 
562505 
562509 
562516 
562520 
562524 
562528 
562535 
562538 
562541 
562544 
562549 
562552 
562555 
562558 
562563 
562567 
562572 
562577 
562581 
562588 
562590 
562592 
562594 
562597 
562600 
562603 
562606 
562611 
562614 
562617 
562620 
562625 
562627 
562629 
562631 
562634 
562637 
562640 
562643 
562648 
562650 
562652 
562654 
562657 
562660 
562663 
562666 
562671 
562674 
562677 
562680 
562685 
562688 
562691 
562694 
562699 
562702 
562705 
562708 
562713 
562716 
562719 
562722 
562727 
562731 
562735 
562739 
562746 
562748 
562750 
562752 
562755 
562760 
562765 
562770 
562779 
562782 
562785 
562788 
562793 
562795 
562797 
562799 
562802 
562805 
562808 
562811 
562816 
562818 
562820 
562822 
562825 
562829 
562833 
562837 
562844 
562848 
562852 
562856 
562863 
562865 
562867 
562869 
562872 
562877 
562882 
562887 
562896 
562900 
562904 
562908 
562915 
562918 
562921 
562924 
562929 
562933 
562937 
562941 
562948 
562951 
562954 
562957 
562962 
562965 
562968 
562971 
562976 
562979 
562982 
562985 
562990 
562992 
562994 
562996 
562999 
563002 
563005 
563008 
563013 
563016 
563019 
563022 
563027 
563029 
563031 
563033 
563036 
563038 
563040 
563042 
563045 
563048 
563051 
563054 
563059 
563062 
563065 
563068 
563073 
563076 
563079 
563082 
563087 
563090 
563093 
563096 
563101 
563105 
563109 
563116 
563122 
563131 
563133 
563135 
563138 
563142 
563146 
563150 
563157 
563160 
563163 
563166 
563171 
563173 
563175 
563177 
563180 
563183 
563186 
563189 
563194 
563196 
563198 
563200 
563203 
563207 
563211 
563215 
563222 
563224 
563226 
563228 
563231 
563234 
563237 
563240 
563245 
563254 
563257 
563260 
563263 
563268 
563272 
563276 
563283 
563285 
563287 
563289 
563292 
563295 
563298 
563301 
563306 
563309 
563312 
563315 
563320 
563322 
563324 
563326 
563329 
563331 
563333 
563335 
563338 
563340 
563342 
563344 
563355 
563360 
563367 
563373 
563375 
563378 
563379 
563380 
563381 
563382 
563383 
563384 
563385 
563386 
563391 
563396 
563401 
563410 
563415 
563420 
563425 
563434 
563439 
563444 
563449 
563458 
563463 
563468 
563473 
563482 
563488 
563493 
563502 
563518 
563528 
563533 
563538 
563547 
563553 
563574 
563580 
563589 
563594 
563599 
563604 
563613 
563618 
563623 
563628 
563637 
563641 
563645 
563649 
563656 
563657 
563658 
563659 
563660 
563665 
563670 
563675 
563684 
563689 
563694 
563699 
563708 
563713 
563718 
563723 
563732 
563737 
563742 
563747 
563756 
563762 
563767 
563776 
563790 
563800 
563805 
563810 
563819 
563826 
563835 
563841 
563850 
563856 
563865 
563872 
563881 
563886 
563891 
563896 
563905 
563910 
563915 
563920 
563929 
563933 
563937 
563941 
563948 
563949 
563950 
563951 
563952 
563957 
563962 
563967 
563976 
563981 
563986 
563991 
564000 
564005 
564010 
564015 
564024 
564029 
564034 
564039 
564048 
564054 
564059 
564068 
564073 
564082 
564092 
564102 
564112 
564117 
564126 
564132 
564137 
564146 
564151 
564156 
564161 
564170 
564175 
564180 
564185 
564194 
564199 
564204 
564209 
564218 
564223 
564228 
564233 
564242 
564247 
564252 
564257 
564266 
564271 
564276 
564281 
564290 
564294 
564298 
564302 
564309 
564310 
564311 
564312 
564313 
564318 
564323 
564328 
564337 
564342 
564347 
564352 
564361 
564366 
564371 
564376 
564385 
564390 
564395 
564400 
564409 
564414 
564419 
564424 
564433 
564438 
564443 
564448 
564457 
564462 
564467 
564472 
564481 
564487 
564492 
564501 
564507 
564512 
564521 
564527 
564532 
564541 
564547 
564552 
564561 
564567 
564572 
564581 
564586 
564591 
564596 
564605 
564610 
564615 
564620 
564629 
564634 
564639 
564644 
564653 
564658 
564663 
564668 
564677 
564682 
564687 
564692 
564701 
564706 
564711 
564716 
564725 
564730 
564735 
564740 
564749 
564750 
564751 
564752 
564753 
564758 
564763 
564768 
564777 
564782 
564787 
564792 
564801 
564806 
564811 
564816 
564825 
564830 
564835 
564840 
564849 
564854 
564859 
564864 
564873 
564878 
564883 
564888 
564897 
564902 
564907 
564912 
564921 
564926 
564931 
564936 
564945 
564950 
564955 
564960 
564969 
564974 
564979 
564984 
564993 
564998 
565003 
565008 
565017 
565022 
565027 
565032 
565041 
565046 
565051 
565056 
565065 
565070 
565075 
565080 
565089 
565094 
565099 
565104 
565113 
565118 
565123 
565128 
565137 
565142 
565147 
565152 
565161 
565166 
565171 
565176 
565185 
565190 
565195 
565200 
565209 
565214 
565219 
565224 
565233 
565238 
565243 
565248 
565257 
565258 
565259 
565260 
565261 
565266 
565271 
565276 
565285 
565290 
565295 
565300 
565309 
565314 
565319 
565324 
565333 
565338 
565343 
565348 
565357 
565362 
565367 
565372 
565381 
565386 
565391 
565396 
565405 
565410 
565415 
565420 
565429 
565434 
565439 
565444 
565453 
565458 
565463 
565468 
565477 
565482 
565487 
565492 
565501 
565506 
565511 
565516 
565525 
565530 
565535 
565540 
565549 
565554 
565559 
565564 
565573 
565578 
565583 
565588 
565597 
565602 
565607 
565612 
565621 
565626 
565631 
565636 
565645 
565650 
565655 
565660 
565669 
565674 
565679 
565684 
565693 
565698 
565703 
565708 
565717 
565722 
565727 
565732 
565741 
565746 
565751 
565756 
565765 
565766 
565767 
565768 
565769 
565774 
565779 
565784 
565793 
565798 
565803 
565808 
565817 
565822 
565827 
565832 
565841 
565846 
565851 
565856 
565865 
565870 
565875 
565880 
565889 
565894 
565899 
565904 
565913 
565918 
565923 
565928 
565937 
565942 
565947 
565952 
565961 
565966 
565971 
565976 
565985 
565990 
565995 
566000 
566009 
566014 
566019 
566024 
566033 
566038 
566043 
566048 
566057 
566062 
566067 
566072 
566081 
566086 
566091 
566096 
566105 
566110 
566115 
566120 
566129 
566134 
566139 
566144 
566153 
566158 
566163 
566168 
566177 
566182 
566187 
566192 
566201 
566206 
566211 
566216 
566225 
566230 
566235 
566240 
566249 
566254 
566259 
566264 
566273 
566274 
566275 
566276 
566277 
566282 
566287 
566292 
566301 
566306 
566311 
566316 
566325 
566330 
566335 
566340 
566349 
566354 
566359 
566364 
566373 
566378 
566383 
566388 
566397 
566402 
566407 
566412 
566421 
566426 
566431 
566436 
566445 
566450 
566455 
566460 
566469 
566474 
566479 
566484 
566493 
566498 
566503 
566508 
566517 
566522 
566527 
566532 
566541 
566546 
566551 
566556 
566565 
566570 
566575 
566580 
566589 
566594 
566599 
566604 
566613 
566618 
566623 
566628 
566637 
566642 
566647 
566652 
566661 
566666 
566671 
566676 
566685 
566690 
566695 
566700 
566709 
566714 
566719 
566724 
566733 
566738 
566743 
566748 
566757 
566758 
566759 
566760 
566761 
566766 
566771 
566776 
566785 
566790 
566795 
566800 
566809 
566814 
566819 
566824 
566833 
566838 
566843 
566848 
566857 
566862 
566867 
566872 
566881 
566886 
566891 
566896 
566905 
566910 
566915 
566920 
566929 
566934 
566939 
566944 
566953 
566958 
566963 
566968 
566977 
566982 
566987 
566992 
567001 
567006 
567011 
567016 
567025 
567030 
567035 
567040 
567049 
567054 
567059 
567064 
567073 
567078 
567083 
567088 
567097 
567102 
567107 
567112 
567121 
567126 
567131 
567136 
567145 
567150 
567155 
567160 
567169 
567174 
567179 
567184 
567193 
567198 
567203 
567208 
567217 
567222 
567227 
567232 
567241 
567246 
567251 
567256 
567265 
567266 
567267 
567268 
567269 
567274 
567279 
567284 
567293 
567298 
567303 
567308 
567317 
567322 
567327 
567332 
567341 
567346 
567351 
567356 
567365 
567370 
567375 
567380 
567389 
567394 
567399 
567404 
567413 
567418 
567423 
567428 
567437 
567442 
567447 
567452 
567461 
567466 
567471 
567476 
567485 
567490 
567495 
567500 
567509 
567514 
567519 
567524 
567533 
567538 
567543 
567548 
567557 
567562 
567567 
567572 
567581 
567586 
567591 
567596 
567605 
567610 
567615 
567620 
567629 
567634 
567639 
567644 
567653 
567658 
567663 
567668 
567677 
567682 
567687 
567692 
567701 
567706 
567711 
567716 
567725 
567730 
567735 
567740 
567749 
567754 
567759 
567764 
567773 
567774 
567775 
567776 
567777 
567782 
567787 
567792 
567801 
567806 
567811 
567816 
567825 
567830 
567835 
567840 
567849 
567854 
567859 
567864 
567873 
567878 
567883 
567888 
567897 
567902 
567907 
567912 
567921 
567926 
567931 
567936 
567945 
567950 
567955 
567960 
567969 
567974 
567979 
567984 
567993 
567998 
568003 
568008 
568017 
568022 
568027 
568032 
568041 
568046 
568051 
568056 
568065 
568070 
568075 
568080 
568089 
568094 
568099 
568104 
568113 
568118 
568123 
568128 
568137 
568142 
568147 
568152 
568161 
568166 
568171 
568176 
568185 
568190 
568195 
568200 
568209 
568214 
568219 
568224 
568233 
568238 
568243 
568248 
568257 
568262 
568267 
568272 
568281 
568282 
568283 
568284 
568285 
568290 
568295 
568300 
568309 
568314 
568319 
568324 
568333 
568338 
568343 
568348 
568357 
568362 
568367 
568372 
568381 
568386 
568391 
568396 
568405 
568410 
568415 
568420 
568429 
568434 
568439 
568444 
568453 
568458 
568463 
568468 
568477 
568482 
568487 
568492 
568501 
568506 
568511 
568516 
568525 
568530 
568535 
568540 
568549 
568554 
568559 
568564 
568573 
568578 
568583 
568588 
568597 
568602 
568607 
568612 
568621 
568626 
568631 
568636 
568645 
568650 
568655 
568660 
568669 
568674 
568679 
568684 
568693 
568698 
568703 
568708 
568717 
568723 
568728 
568737 
568743 
568752 
568753 
568754 
568755 
568756 
568761 
568766 
568771 
568780 
568785 
568790 
568795 
568804 
568809 
568814 
568819 
568828 
568833 
568838 
568843 
568852 
568857 
568862 
568867 
568876 
568881 
568886 
568891 
568900 
568905 
568910 
568915 
568924 
568929 
568934 
568939 
568948 
568953 
568958 
568963 
568972 
568977 
568982 
568987 
568996 
569001 
569006 
569011 
569020 
569025 
569030 
569035 
569044 
569049 
569054 
569059 
569068 
569073 
569078 
569083 
569092 
569097 
569102 
569107 
569116 
569121 
569126 
569131 
569140 
569145 
569150 
569155 
569164 
569169 
569174 
569179 
569188 
569194 
569199 
569208 
569222 
569223 
569224 
569225 
569226 
569231 
569236 
569241 
569250 
569255 
569260 
569265 
569274 
569279 
569284 
569289 
569298 
569303 
569308 
569313 
569322 
569327 
569332 
569337 
569346 
569351 
569356 
569361 
569370 
569375 
569380 
569385 
569394 
569399 
569404 
569409 
569418 
569423 
569428 
569433 
569442 
569447 
569452 
569457 
569466 
569471 
569476 
569481 
569490 
569495 
569500 
569505 
569514 
569519 
569524 
569529 
569538 
569543 
569548 
569553 
569562 
569567 
569572 
569577 
569586 
569591 
569596 
569601 
569610 
569615 
569620 
569625 
569634 
569639 
569644 
569649 
569658 
569665 
569674 
569688 
569689 
569690 
569691 
569692 
569697 
569702 
569707 
569716 
569721 
569726 
569731 
569740 
569745 
569750 
569755 
569764 
569769 
569774 
569779 
569788 
569793 
569798 
569803 
569812 
569817 
569822 
569827 
569836 
569841 
569846 
569851 
569860 
569865 
569870 
569875 
569884 
569889 
569894 
569899 
569908 
569913 
569918 
569923 
569932 
569937 
569942 
569947 
569956 
569961 
569966 
569971 
569980 
569985 
569990 
569995 
570004 
570009 
570014 
570019 
570028 
570033 
570038 
570043 
570052 
570057 
570062 
570067 
570076 
570081 
570086 
570091 
570100 
570105 
570110 
570115 
570124 
570130 
570145 
570146 
570147 
570148 
570149 
570155 
570160 
570169 
570175 
570180 
570189 
570194 
570199 
570204 
570213 
570218 
570223 
570228 
570237 
570242 
570247 
570252 
570261 
570266 
570271 
570276 
570285 
570290 
570295 
570300 
570309 
570314 
570319 
570324 
570333 
570338 
570343 
570348 
570357 
570362 
570367 
570372 
570381 
570386 
570391 
570396 
570405 
570410 
570415 
570420 
570429 
570434 
570439 
570444 
570453 
570458 
570463 
570468 
570477 
570482 
570487 
570492 
570501 
570506 
570511 
570516 
570525 
570530 
570535 
570540 
570549 
570554 
570559 
570564 
570573 
570579 
570594 
570595 
570596 
570597 
570598 
570608 
570614 
570623 
570628 
570633 
570638 
570647 
570652 
570657 
570662 
570671 
570676 
570681 
570686 
570695 
570700 
570705 
570710 
570719 
570724 
570729 
570734 
570743 
570748 
570753 
570758 
570767 
570772 
570777 
570782 
570791 
570796 
570801 
570806 
570815 
570820 
570825 
570830 
570839 
570844 
570849 
570854 
570863 
570868 
570873 
570878 
570887 
570892 
570897 
570902 
570911 
570916 
570921 
570926 
570935 
570940 
570945 
570950 
570959 
570964 
570969 
570974 
570983 
570988 
570993 
570998 
571007 
571014 
571023 
571029 
571038 
571039 
571040 
571041 
571046 
571052 
571061 
571066 
571071 
571076 
571085 
571090 
571095 
571100 
571109 
571114 
571119 
571124 
571133 
571138 
571143 
571148 
571157 
571162 
571167 
571172 
571181 
571186 
571191 
571196 
571205 
571210 
571215 
571220 
571229 
571234 
571239 
571244 
571253 
571258 
571263 
571268 
571277 
571282 
571287 
571292 
571301 
571306 
571311 
571316 
571325 
571330 
571335 
571340 
571349 
571354 
571359 
571364 
571373 
571378 
571383 
571388 
571397 
571402 
571407 
571412 
571421 
571426 
571431 
571436 
571445 
571450 
571455 
571460 
571469 
571474 
571479 
571484 
571493 
571494 
571495 
571496 
571497 
571507 
571513 
571522 
571527 
571532 
571537 
571546 
571551 
571556 
571561 
571570 
571575 
571580 
571585 
571594 
571599 
571604 
571609 
571618 
571623 
571628 
571633 
571642 
571647 
571652 
571657 
571666 
571671 
571676 
571681 
571690 
571695 
571700 
571705 
571714 
571719 
571724 
571729 
571738 
571743 
571748 
571753 
571762 
571767 
571772 
571777 
571786 
571791 
571796 
571801 
571810 
571815 
571820 
571825 
571834 
571839 
571844 
571849 
571858 
571863 
571868 
571873 
571882 
571887 
571892 
571897 
571906 
571911 
571916 
571921 
571930 
571935 
571940 
571945 
571954 
571959 
571964 
571969 
571978 
571983 
571988 
571993 
572002 
572007 
572012 
572017 
572026 
572031 
572036 
572041 
572050 
572051 
572052 
572053 
572054 
572060 
572065 
572074 
572080 
572085 
572094 
572099 
572104 
572109 
572118 
572123 
572128 
572133 
572142 
572147 
572152 
572157 
572166 
572171 
572176 
572181 
572190 
572195 
572200 
572205 
572214 
572219 
572224 
572229 
572238 
572243 
572248 
572253 
572262 
572267 
572272 
572277 
572286 
572291 
572296 
572301 
572310 
572315 
572320 
572325 
572334 
572339 
572344 
572349 
572358 
572363 
572368 
572373 
572382 
572387 
572392 
572397 
572406 
572411 
572416 
572421 
572430 
572435 
572440 
572445 
572454 
572459 
572464 
572469 
572478 
572483 
572488 
572493 
572502 
572507 
572512 
572517 
572526 
572531 
572536 
572541 
572550 
572555 
572560 
572565 
572574 
572579 
572584 
572589 
572598 
572603 
572608 
572613 
572622 
572623 
572624 
572625 
572626 
572631 
572636 
572641 
572650 
572655 
572660 
572665 
572674 
572679 
572684 
572689 
572698 
572703 
572708 
572713 
572722 
572727 
572732 
572737 
572746 
572751 
572756 
572761 
572770 
572775 
572780 
572785 
572794 
572799 
572804 
572809 
572818 
572823 
572828 
572833 
572842 
572847 
572852 
572857 
572866 
572871 
572876 
572881 
572890 
572895 
572900 
572905 
572914 
572919 
572924 
572929 
572938 
572943 
572948 
572953 
572962 
572967 
572972 
572977 
572986 
572991 
572996 
573001 
573010 
573015 
573020 
573025 
573034 
573039 
573044 
573049 
573058 
573063 
573068 
573073 
573082 
573087 
573092 
573097 
573106 
573111 
573116 
573121 
573130 
573135 
573140 
573145 
573154 
573159 
573164 
573169 
573178 
573183 
573188 
573193 
573202 
573203 
573204 
573205 
573206 
573211 
573216 
573221 
573230 
573235 
573240 
573245 
573254 
573259 
573264 
573269 
573278 
573283 
573288 
573293 
573302 
573307 
573312 
573317 
573326 
573331 
573336 
573341 
573350 
573355 
573360 
573365 
573374 
573379 
573384 
573389 
573398 
573403 
573408 
573413 
573422 
573427 
573432 
573437 
573446 
573451 
573456 
573461 
573470 
573475 
573480 
573485 
573494 
573499 
573504 
573509 
573518 
573523 
573528 
573533 
573542 
573547 
573552 
573557 
573566 
573571 
573576 
573581 
573590 
573595 
573600 
573605 
573614 
573619 
573624 
573629 
573638 
573643 
573648 
573653 
573662 
573667 
573672 
573677 
573686 
573691 
573696 
573701 
573710 
573715 
573720 
573725 
573734 
573739 
573744 
573749 
573758 
573763 
573768 
573773 
573782 
573783 
573784 
573785 
573786 
573791 
573796 
573801 
573810 
573815 
573820 
573825 
573834 
573839 
573844 
573849 
573858 
573863 
573868 
573873 
573882 
573887 
573892 
573897 
573906 
573911 
573916 
573921 
573930 
573935 
573940 
573945 
573954 
573959 
573964 
573969 
573978 
573983 
573988 
573993 
574002 
574007 
574012 
574017 
574026 
574031 
574036 
574041 
574050 
574055 
574060 
574065 
574074 
574079 
574084 
574089 
574098 
574103 
574108 
574113 
574122 
574127 
574132 
574137 
574146 
574151 
574156 
574161 
574170 
574175 
574180 
574185 
574194 
574199 
443129 
574204 
443134 
574209 
443139 
443144 
574218 
574223 
574228 
443157 
574233 
443162 
443167 
574242 
443172 
574247 
574252 
443181 
574257 
443186 
443191 
574266 
443196 
574271 
574276 
443205 
574281 
443210 
443215 
574290 
443220 
574295 
574300 
443229 
574305 
443234 
443239 
574314 
443244 
574319 
574324 
443253 
574329 
443258 
443263 
574338 
443268 
574343 
574348 
443277 
574353 
443282 
443287 
574362 
574363 
443292 
574364 
574365 
574366 
574369 
574372 
443301 
574375 
443306 
574380 
443311 
574384 
443316 
574388 
574392 
443325 
574399 
443330 
574403 
443335 
574407 
574411 
443340 
574418 
443349 
574422 
443354 
574426 
574430 
443359 
443364 
574437 
574441 
443373 
574445 
574449 
443378 
443383 
574456 
443388 
574460 
574464 
574468 
443397 
443402 
574475 
443407 
574479 
574483 
443412 
574487 
443421 
574494 
443426 
574498 
574502 
443431 
574506 
443436 
574513 
443445 
574517 
574521 
443450 
574525 
443455 
443460 
574532 
574536 
574540 
443469 
574544 
443475 
574551 
574555 
574559 
574563 
443496 
574570 
443501 
574574 
443506 
574578 
574582 
443511 
574589 
443520 
574593 
443525 
574597 
574601 
443530 
443535 
574608 
574612 
443544 
574616 
574620 
443549 
443554 
574627 
443559 
574631 
574635 
574639 
443568 
443573 
574646 
443578 
574650 
574654 
443583 
574658 
443592 
574665 
443597 
574669 
574673 
443602 
574677 
443607 
574684 
443616 
574688 
574692 
443621 
574696 
443626 
443631 
574703 
574707 
574711 
443640 
574715 
443645 
443650 
574722 
574726 
443655 
574730 
574734 
443664 
443669 
574741 
574745 
443674 
574749 
443679 
574753 
443688 
574760 
574764 
443693 
574768 
443698 
574772 
443703 
574779 
574783 
443712 
574787 
443717 
574791 
443722 
574798 
443727 
574799 
574800 
574801 
574802 
574807 
443736 
574812 
443741 
574817 
443746 
443751 
574826 
574831 
443760 
574836 
443765 
574841 
443770 
443775 
574850 
574855 
443784 
574860 
443789 
574865 
443794 
443799 
574874 
574879 
443808 
574884 
443813 
574889 
443818 
443823 
574898 
443832 
574905 
443837 
574910 
443842 
443847 
574919 
574924 
443856 
574929 
443861 
443866 
574938 
574942 
443871 
574949 
443880 
574953 
443885 
574960 
443890 
574965 
443895 
574970 
443904 
574979 
443909 
574985 
443914 
574990 
443919 
574999 
443928 
443933 
575005 
443938 
443943 
443952 
575026 
443957 
575032 
443962 
443967 
575041 
575046 
443976 
575051 
443981 
575056 
443986 
443991 
575065 
575070 
444000 
575075 
444005 
575080 
444010 
444015 
575089 
575093 
444024 
575097 
444029 
575101 
444034 
575108 
575109 
575110 
444039 
575111 
575112 
575117 
444048 
575122 
444053 
575127 
444058 
444063 
575136 
575137 
575138 
575139 
575140 
444072 
575145 
444076 
575150 
444080 
575155 
444084 
444091 
575164 
575167 
444097 
575170 
575173 
444106 
575178 
575183 
444112 
575188 
444121 
575193 
444126 
575202 
444131 
575204 
575206 
444136 
575208 
575211 
575216 
444145 
575221 
444151 
575226 
444160 
575235 
575236 
444165 
575237 
575238 
575239 
444170 
575244 
444175 
575249 
575254 
444184 
444189 
575263 
575264 
575265 
444194 
575266 
575267 
444199 
575272 
575277 
444208 
575282 
444213 
444218 
575291 
575292 
575293 
575294 
444223 
575295 
575300 
444232 
575305 
444237 
575310 
444242 
444247 
575319 
575320 
575321 
575322 
575323 
444256 
575328 
444261 
575333 
444266 
575338 
444271 
575347 
575348 
575349 
575350 
575351 
444280 
575356 
444285 
575361 
444290 
575366 
444295 
575375 
444304 
575376 
575377 
575378 
575379 
444309 
575384 
444314 
575389 
444319 
575394 
444328 
575403 
575404 
444333 
575405 
575406 
575407 
444338 
575412 
444343 
575417 
575422 
444352 
444357 
575431 
575432 
575433 
444362 
575434 
575435 
444367 
575440 
575445 
444376 
575450 
444381 
444386 
575459 
575460 
575461 
575462 
444391 
575463 
575468 
444400 
575473 
444405 
575478 
444410 
444415 
575487 
575488 
575489 
575490 
575491 
444424 
575496 
444429 
575501 
444434 
575506 
444439 
575515 
575516 
575517 
575518 
575519 
444448 
575524 
444453 
575529 
444458 
575534 
444463 
575543 
444472 
575549 
575550 
444479 
575551 
575552 
575553 
575559 
444488 
575564 
444494 
575574 
444503 
575575 
575576 
575577 
575578 
444509 
575588 
444518 
575590 
575593 
575594 
444523 
575595 
575596 
444528 
575601 
444533 
575606 
575611 
444542 
575616 
444547 
444552 
575625 
575628 
444557 
575631 
575634 
444566 
575639 
444571 
575644 
444576 
575649 
444581 
575654 
444590 
575663 
444595 
575668 
444600 
575673 
444605 
575678 
444614 
575687 
444619 
575691 
575695 
444624 
575699 
444629 
575706 
575707 
575708 
575709 
444638 
575710 
444643 
444648 
575720 
575721 
575722 
575723 
575724 
444653 
575730 
444662 
575735 
444667 
444672 
575744 
575745 
575746 
575747 
575748 
444677 
575753 
444686 
575758 
444691 
575763 
444696 
575772 
444701 
575773 
575774 
575775 
575776 
575781 
444710 
575786 
444715 
575791 
444720 
444725 
575800 
575801 
575802 
575803 
575804 
444734 
575809 
444739 
575814 
444744 
575819 
444749 
575828 
575829 
444758 
575830 
575831 
575832 
444763 
575835 
575838 
444768 
575841 
444773 
575846 
575847 
575848 
575849 
575850 
444782 
575855 
444787 
575860 
444792 
575865 
444797 
575874 
444806 
575879 
444811 
575884 
444816 
575889 
444821 
575898 
444830 
575903 
444835 
575908 
444840 
575913 
444845 
575922 
444854 
575927 
444859 
575932 
444864 
575937 
444869 
575946 
444878 
575951 
444883 
575956 
444888 
575961 
444893 
575970 
444902 
575975 
444907 
575980 
444912 
575985 
444917 
575994 
444926 
576000 
444931 
576007 
444936 
444941 
576013 
576020 
444950 
576025 
444955 
576030 
444960 
576035 
444965 
576044 
444974 
576049 
444979 
576054 
444984 
576059 
444989 
576068 
444998 
445003 
576075 
445008 
576084 
445013 
576090 
445022 
445027 
576099 
445032 
576105 
445037 
576114 
445046 
576121 
445051 
445056 
576130 
445061 
576135 
576140 
445070 
576145 
445076 
445081 
576154 
576159 
445090 
576164 
445096 
576169 
445100 
576178 
445107 
576182 
445112 
576186 
445117 
576190 
445122 
576197 
576198 
576199 
576200 
576201 
445131 
576206 
445136 
576211 
445141 
576216 
445146 
576225 
576226 
445155 
576227 
576228 
576229 
445160 
576234 
445165 
576239 
445170 
576244 
445179 
576253 
445184 
576257 
445189 
576261 
576265 
445194 
576272 
445203 
576277 
445208 
576282 
445213 
576287 
445218 
576296 
576298 
445227 
576300 
576302 
445232 
576305 
445237 
576311 
445242 
576317 
445251 
576323 
445256 
445261 
576334 
576335 
576336 
576337 
445266 
576338 
576344 
445275 
576350 
445280 
576356 
445285 
445290 
576367 
576368 
576369 
576370 
445299 
576371 
445304 
576377 
445309 
576383 
445314 
576389 
445323 
445328 
576400 
576401 
576402 
576403 
576404 
445333 
445338 
576410 
576416 
445347 
576422 
445352 
445357 
576433 
445362 
576434 
576435 
576436 
576437 
445371 
576443 
445376 
576449 
445381 
576455 
445386 
576466 
445395 
576467 
576468 
576469 
576470 
445400 
576476 
445405 
445410 
576482 
576488 
445419 
445424 
576499 
576500 
445429 
576501 
576502 
576503 
445434 
576509 
445443 
576515 
445448 
576521 
445453 
445458 
576532 
576533 
576534 
576535 
576536 
445467 
576542 
445472 
576548 
445477 
445482 
576554 
445491 
576565 
576566 
576567 
445496 
576568 
576569 
445501 
576575 
445506 
576581 
445515 
576587 
445520 
445525 
576598 
576599 
576600 
576601 
445530 
576602 
576608 
445539 
576614 
445544 
576620 
445549 
445554 
576631 
576632 
576633 
576634 
445563 
576635 
445568 
576641 
445573 
576647 
445578 
576653 
445587 
445592 
576664 
576665 
576666 
576667 
576668 
445597 
576673 
445602 
576678 
445611 
576683 
445616 
576692 
445621 
576694 
576697 
445626 
576698 
576699 
576700 
576701 
576702 
576703 
445635 
576709 
445640 
576714 
445645 
445650 
576723 
576724 
576725 
576726 
576727 
576728 
576729 
445659 
576735 
445664 
445669 
576744 
576745 
445674 
576746 
576747 
576748 
576749 
576750 
445683 
576756 
445688 
445693 
576765 
445698 
576770 
576775 
445707 
576780 
445712 
445717 
576789 
576792 
445722 
576795 
576798 
445731 
576803 
445736 
576808 
445741 
576813 
445746 
576818 
445755 
576827 
445760 
576832 
445765 
576837 
445770 
576842 
445779 
576851 
576852 
576853 
576854 
576855 
445784 
445789 
576861 
445794 
576870 
576871 
576872 
576873 
576874 
445803 
445808 
576880 
445813 
576885 
445818 
576894 
576895 
576896 
576897 
576898 
445827 
576903 
445832 
576908 
445837 
576913 
445842 
576922 
445851 
576923 
576924 
576925 
576926 
445856 
576931 
445861 
576936 
445866 
576941 
445875 
576950 
576951 
445880 
576952 
576953 
576954 
445885 
576959 
445890 
576964 
576969 
445899 
445904 
576978 
576979 
576980 
445909 
576981 
576982 
445914 
576986 
576990 
576994 
445923 
445928 
577001 
577002 
577003 
577004 
445933 
577005 
445938 
577010 
577015 
445947 
577020 
445952 
445957 
577029 
445962 
577034 
577039 
445971 
577044 
445976 
445981 
577053 
445986 
577058 
577063 
445995 
577068 
446000 
446005 
577077 
446010 
577082 
577087 
446019 
577092 
446024 
446029 
577101 
446034 
577106 
577111 
446043 
577116 
446048 
446053 
577125 
446058 
577130 
577135 
446067 
577140 
446072 
446077 
577149 
577153 
446082 
577157 
577161 
446091 
446096 
577168 
577172 
446101 
577176 
446106 
577180 
446115 
577187 
446120 
577192 
446125 
577197 
446130 
577202 
446139 
577211 
577216 
446145 
577221 
446154 
577226 
446159 
446163 
577235 
577240 
446170 
577245 
446175 
577250 
446180 
446185 
577259 
577264 
446194 
577269 
446199 
577274 
446204 
446209 
577283 
577288 
446218 
577293 
446223 
577298 
446228 
446233 
577307 
577312 
446242 
577317 
446247 
577322 
446252 
446257 
577331 
577336 
446266 
577341 
446271 
577346 
446276 
446281 
577355 
577360 
446290 
577365 
446295 
577370 
446300 
446305 
577379 
577383 
446314 
577387 
577391 
446325 
577398 
577399 
577400 
577401 
446330 
577402 
446335 
577407 
446340 
577412 
577417 
446349 
446354 
577426 
577427 
577428 
577429 
577430 
446359 
577435 
446364 
577440 
446373 
577445 
446378 
577454 
446383 
577458 
446388 
577462 
577466 
446397 
577473 
446402 
577478 
446407 
577483 
446412 
577488 
446421 
577497 
446426 
577501 
446431 
577505 
446436 
577509 
577516 
446445 
577519 
446450 
577522 
577525 
446455 
577530 
446460 
577533 
577536 
577539 
446469 
577544 
446474 
577547 
577550 
446479 
577553 
446484 
577558 
577561 
577564 
446493 
577567 
446498 
577572 
446503 
577575 
577578 
446508 
577581 
577586 
446517 
577589 
577592 
446522 
577595 
446527 
577600 
577603 
446532 
577606 
577609 
446541 
577614 
577617 
446546 
577620 
446551 
577623 
446556 
577628 
577631 
577634 
446565 
577637 
446570 
577642 
577645 
446575 
577648 
577651 
446580 
577656 
577657 
577658 
577659 
577660 
446589 
446594 
577666 
446599 
577672 
446604 
577678 
446613 
577689 
446618 
577691 
577693 
446623 
577695 
577698 
577699 
446628 
577700 
577701 
577702 
577703 
577704 
577705 
577706 
446637 
577711 
446642 
577716 
446647 
577721 
446652 
577730 
577731 
577732 
446661 
577733 
577734 
577735 
577736 
577737 
446666 
577738 
446671 
577743 
446676 
577748 
577753 
446685 
577762 
446691 
577763 
577764 
577765 
577766 
577767 
577768 
577769 
577770 
577775 
577780 
446712 
577785 
446717 
446722 
577794 
446727 
577799 
577804 
446736 
577809 
446741 
446746 
577818 
577821 
446751 
577824 
577827 
446760 
577832 
446765 
577837 
446770 
577842 
446775 
577847 
446784 
577856 
446789 
577861 
446794 
577866 
446799 
577871 
446808 
577880 
577881 
577882 
577883 
577884 
446813 
577889 
446818 
577894 
446823 
577899 
446832 
577908 
446837 
577909 
577910 
577911 
577912 
446842 
577917 
446847 
577922 
577927 
446856 
446861 
577936 
577937 
446866 
577938 
577939 
577940 
446871 
577945 
577950 
446880 
577955 
446885 
446890 
577964 
577965 
577966 
446895 
577967 
577968 
577973 
446904 
577978 
446909 
577983 
446914 
446919 
577992 
577993 
577994 
577995 
577996 
446928 
578001 
446933 
578006 
446938 
578011 
446943 
578020 
578021 
578022 
578023 
446952 
578024 
578028 
446957 
578032 
446962 
578036 
446967 
578043 
578044 
578045 
578046 
578047 
446976 
578052 
446981 
578057 
446986 
578062 
446991 
578071 
447000 
578076 
447005 
578081 
447010 
578086 
447015 
578095 
447024 
578100 
447029 
578105 
447034 
578110 
447039 
578119 
447048 
578124 
447053 
578129 
447058 
578134 
447063 
578143 
447072 
578148 
447077 
578153 
447082 
578158 
447087 
578167 
447096 
578172 
447101 
578177 
447106 
578182 
447111 
578191 
447120 
578195 
447125 
578199 
447130 
578203 
447135 
578210 
578215 
447144 
578220 
447149 
578225 
447154 
447159 
578234 
578239 
447168 
578244 
447173 
578249 
447178 
447183 
578258 
578263 
447192 
578268 
447197 
578273 
447202 
447207 
578282 
578287 
447216 
578292 
447221 
578297 
447226 
447231 
578306 
578311 
447240 
578316 
447245 
578321 
447250 
447255 
578330 
578335 
447264 
578340 
447270 
578345 
447279 
578354 
447284 
578359 
447288 
578364 
447295 
578369 
447300 
447305 
578378 
447310 
578383 
578388 
447319 
578393 
447324 
447329 
578402 
447334 
578407 
578412 
447343 
578417 
447348 
447353 
578426 
578427 
578428 
578429 
447358 
578430 
578435 
447367 
578440 
447372 
578445 
447377 
447382 
578454 
578455 
578456 
578457 
578458 
447391 
578463 
447396 
578468 
447401 
578473 
447406 
578482 
578486 
447415 
578490 
447419 
578494 
447423 
447427 
578501 
447434 
578506 
447439 
578511 
447444 
578516 
447449 
578525 
578529 
447458 
578533 
447463 
578537 
447468 
578544 
447473 
578547 
578550 
578553 
447482 
578558 
447487 
578561 
447492 
578564 
578567 
447497 
578572 
578576 
447506 
578580 
447511 
578584 
447516 
578591 
447521 
578595 
578599 
447530 
578603 
447534 
447538 
578610 
447542 
578614 
578618 
447549 
578622 
447554 
578629 
447559 
578633 
447564 
578637 
578641 
447573 
578648 
447578 
578652 
447583 
578656 
447588 
578660 
578667 
447597 
578670 
578673 
447602 
578676 
447607 
578681 
447612 
578684 
578687 
578690 
447621 
578695 
447625 
578698 
447629 
578701 
578704 
447633 
578709 
578710 
578711 
447640 
578712 
578713 
578719 
447651 
578725 
447656 
578731 
447661 
447666 
578742 
578744 
578746 
447675 
578748 
578751 
447680 
578752 
578753 
578754 
578755 
447685 
578760 
447690 
578765 
578770 
447699 
447704 
578779 
578780 
447709 
578781 
578782 
578783 
578784 
578785 
447714 
578786 
578787 
578792 
447723 
578797 
447728 
578802 
447733 
447738 
578811 
578812 
578813 
578814 
578815 
578816 
578817 
578818 
447747 
578819 
447752 
578824 
447757 
578829 
447762 
578834 
447771 
578843 
447776 
578848 
447781 
578853 
447786 
578858 
447795 
578867 
578870 
447800 
578873 
578876 
447805 
578881 
447810 
578886 
447819 
578891 
447824 
578896 
447829 
578905 
447834 
578910 
447843 
578915 
447848 
578920 
447853 
578929 
447858 
578934 
447867 
578939 
447872 
578944 
447877 
578953 
447882 
578954 
578955 
578956 
578957 
578962 
447891 
578967 
447896 
578972 
447901 
447906 
578981 
578982 
578983 
578984 
578985 
447915 
578990 
447920 
578995 
447925 
579000 
447930 
579009 
579010 
447939 
579011 
579012 
579013 
447944 
579018 
447949 
579023 
447954 
579028 
447963 
579037 
579038 
579039 
579040 
579041 
447970 
579046 
447977 
579051 
447984 
579056 
579065 
579066 
579067 
579068 
447997 
579069 
448002 
579074 
448007 
579079 
448012 
579084 
448021 
579093 
579094 
579095 
579096 
579097 
448026 
579101 
448031 
579105 
448036 
579109 
579116 
448045 
579117 
579118 
579119 
579120 
448050 
579125 
448055 
579130 
448060 
579135 
448069 
579144 
448074 
579149 
448079 
579154 
448084 
579159 
448093 
579168 
448098 
579173 
448103 
579178 
448108 
579183 
448117 
579192 
448122 
579197 
448127 
579202 
448132 
579207 
448141 
579216 
448146 
579221 
448151 
579226 
448156 
579231 
448165 
579240 
448170 
579245 
448175 
579250 
448180 
579255 
448189 
579264 
448194 
579268 
448199 
579272 
448204 
579276 
579283 
448213 
579288 
448218 
579293 
448223 
579298 
448228 
579307 
448237 
579312 
448242 
579317 
448247 
579322 
448252 
579331 
448261 
579336 
448266 
579341 
448271 
579346 
448276 
579355 
448285 
579360 
448290 
579365 
448295 
579370 
448300 
579379 
448309 
579384 
448314 
579389 
448319 
579394 
448324 
579403 
448333 
579408 
448338 
579413 
448343 
579418 
448348 
579427 
448357 
579432 
448362 
579437 
448367 
579442 
448372 
579451 
448381 
579456 
448386 
579461 
448391 
579466 
448396 
579475 
448405 
579480 
448410 
579485 
448415 
579490 
448420 
579499 
448429 
579504 
448433 
448437 
579509 
448441 
579514 
448448 
579523 
448453 
579528 
448458 
579533 
448463 
579538 
448472 
579547 
579548 
448477 
579549 
579550 
579551 
448482 
579556 
448487 
579561 
579566 
448496 
448501 
579575 
579576 
579577 
448506 
579578 
579579 
448511 
579584 
579589 
448520 
579594 
448524 
448528 
579603 
448532 
579607 
448539 
579611 
579615 
448544 
448549 
579622 
448554 
579627 
579632 
448563 
579637 
448568 
448573 
579646 
448578 
579650 
579654 
579658 
448587 
579665 
448594 
579668 
579671 
579674 
448603 
579679 
448609 
579684 
579689 
448618 
579694 
448624 
579703 
448633 
579708 
448639 
579713 
448644 
579718 
448653 
579727 
448659 
579732 
448664 
579737 
579742 
448673 
448678 
579751 
448683 
579756 
448688 
579761 
579766 
448697 
448702 
579775 
448707 
579780 
448712 
579785 
579790 
448721 
448726 
579799 
448731 
579803 
579807 
448736 
579811 
448745 
579818 
448750 
579822 
579826 
448755 
579830 
448760 
579837 
579840 
448769 
579843 
448774 
579846 
448779 
579851 
579854 
448784 
579857 
579860 
448793 
579865 
579866 
579867 
579868 
579869 
448798 
448803 
579875 
448808 
579881 
579887 
448817 
448822 
579898 
448827 
579901 
448832 
579904 
579907 
579912 
448841 
579913 
579914 
579915 
579916 
448846 
579919 
579922 
448851 
579925 
448856 
579930 
579932 
579934 
579936 
448865 
579939 
579941 
448870 
579943 
579945 
448875 
579948 
579949 
579950 
579951 
448880 
579952 
579957 
448889 
579962 
448894 
579967 
448899 
448904 
579976 
579977 
579978 
579979 
579980 
579981 
579982 
579983 
579984 
448913 
579989 
448918 
579994 
448923 
579999 
448928 
580008 
448937 
580009 
580010 
580011 
580012 
580013 
448942 
580014 
580015 
580016 
448947 
580021 
448952 
580026 
580031 
448961 
448966 
580040 
448971 
580045 
448976 
580050 
580055 
448985 
448990 
580064 
448995 
580067 
580070 
449000 
580073 
580078 
449009 
580083 
449014 
580088 
449019 
580093 
449024 
580102 
449033 
580107 
449038 
580112 
449043 
580117 
449048 
580126 
449057 
580131 
449062 
580136 
449067 
580141 
449072 
580150 
580151 
580152 
449081 
580153 
580154 
449086 
580159 
449091 
580164 
449096 
580169 
449105 
580178 
580179 
580180 
580181 
449110 
580182 
449115 
580187 
449120 
580192 
580197 
449129 
449134 
580206 
580207 
580208 
580209 
580210 
449139 
580215 
449144 
580220 
449153 
580225 
449158 
580234 
449163 
580235 
580236 
580237 
580238 
449168 
580245 
449177 
580250 
449184 
580259 
580260 
580261 
580262 
580263 
449193 
580269 
449198 
449202 
580274 
449209 
580283 
580284 
580285 
449214 
580286 
580287 
449219 
580292 
449224 
580296 
580303 
580304 
449233 
580305 
580306 
580307 
449238 
580312 
449243 
580317 
449248 
580322 
449257 
580331 
449262 
580336 
449267 
580341 
449272 
580346 
449281 
580355 
449286 
580360 
449291 
580365 
449296 
580370 
449305 
580379 
449310 
580384 
449315 
580389 
449320 
580394 
449329 
580403 
449334 
580408 
449339 
580413 
449344 
580418 
449353 
580427 
449358 
580432 
449363 
580437 
449368 
580442 
449377 
580451 
449382 
580455 
449387 
580459 
580463 
449392 
580470 
449401 
580475 
449406 
580480 
449411 
580485 
449416 
580494 
449425 
580499 
449430 
580504 
449435 
580509 
449440 
580518 
449449 
580523 
449454 
580528 
449459 
580533 
449464 
580542 
449473 
580547 
449478 
580552 
449483 
580557 
449488 
580566 
449497 
580571 
449502 
580576 
449507 
580581 
449512 
580590 
449521 
580595 
449526 
580600 
449531 
580605 
449536 
580614 
449545 
580619 
449550 
580624 
449555 
580629 
449560 
580638 
449569 
580643 
449574 
580648 
449579 
580653 
449584 
580662 
449593 
580667 
449598 
580672 
449603 
580677 
449608 
580686 
449617 
580691 
449622 
580696 
449627 
580701 
449632 
580710 
449641 
580715 
449646 
580720 
449651 
580725 
449656 
580734 
449665 
580739 
449670 
580744 
449675 
580749 
449680 
580758 
449689 
580762 
449694 
580766 
580770 
449699 
449704 
580777 
580778 
580779 
580780 
580781 
449713 
580786 
449718 
580791 
449723 
580796 
449728 
580805 
580806 
580807 
580808 
449737 
580809 
449742 
580814 
449747 
580819 
449752 
580824 
449761 
580833 
580837 
449766 
580841 
449771 
580845 
449776 
580852 
449785 
580857 
449790 
580862 
449795 
580867 
449800 
580876 
580880 
449809 
580884 
580888 
449819 
580895 
449825 
580899 
580903 
449834 
580907 
449839 
580914 
449844 
580918 
449849 
580922 
580926 
449858 
580933 
449863 
580935 
580937 
580939 
449868 
580942 
580943 
580944 
449873 
580945 
580946 
580949 
580952 
449882 
580955 
449887 
580960 
580963 
449892 
580966 
449897 
580969 
580974 
580975 
580976 
580977 
449906 
580978 
449911 
580984 
449916 
580990 
449921 
580996 
449930 
449935 
581007 
581009 
581011 
449940 
581013 
581016 
449945 
581017 
581018 
581019 
581020 
581021 
581022 
581023 
581024 
581025 
449954 
581026 
581027 
581028 
581029 
581030 
449959 
581031 
581032 
581033 
581034 
581035 
449964 
581036 
449969 
581041 
581046 
449978 
581051 
449983 
449988 
581060 
581061 
581062 
581063 
581064 
449993 
581065 
581066 
581067 
581068 
581073 
450002 
581078 
450007 
581083 
450012 
450017 
581092 
581093 
581094 
581095 
581096 
581097 
450026 
581098 
581099 
581100 
450031 
581105 
450036 
581110 
450041 
581115 
450050 
581124 
450055 
581129 
450060 
581134 
450065 
581139 
450074 
581148 
450079 
581151 
581154 
450084 
581157 
450089 
581162 
581167 
450098 
581172 
450103 
581177 
450108 
450113 
581186 
581191 
450122 
581196 
450127 
581201 
450132 
450137 
581210 
581211 
581212 
581213 
581214 
450146 
581219 
450151 
581224 
450156 
581229 
450161 
581238 
581239 
581240 
581241 
450170 
581242 
450175 
581247 
450180 
581252 
450185 
581257 
450194 
581266 
581267 
581268 
581269 
581270 
450199 
581275 
450204 
581280 
450209 
581285 
450218 
581294 
450223 
581295 
581296 
581297 
581298 
450228 
581304 
450233 
581309 
450242 
581318 
450247 
581319 
581320 
581321 
581322 
450252 
450257 
581333 
581334 
581335 
581336 
581337 
450266 
450271 
581345 
581346 
581347 
450276 
581348 
581349 
450281 
581354 
581359 
450290 
581364 
450295 
450300 
581373 
450305 
581378 
581383 
450314 
581388 
450319 
450324 
581397 
450329 
581402 
581407 
450338 
581412 
450343 
450348 
581421 
450353 
581426 
581431 
450362 
581436 
450366 
450370 
581445 
450374 
581450 
450381 
581455 
450386 
581460 
450391 
450396 
581469 
581474 
450405 
581479 
450410 
581484 
450415 
450420 
581493 
581497 
450429 
581501 
581505 
450434 
450439 
581512 
450444 
581517 
581522 
450453 
581527 
450458 
450463 
581536 
450468 
581541 
581546 
450477 
581551 
450482 
450487 
581560 
450492 
581565 
581570 
450501 
581575 
450506 
450511 
581584 
450516 
581589 
581594 
450525 
581599 
450530 
450535 
581608 
450540 
581613 
581618 
450549 
581623 
450554 
450559 
581632 
450564 
581637 
581642 
450573 
581647 
450578 
450583 
581656 
450588 
581661 
581666 
450597 
581671 
450602 
450607 
581680 
450612 
581685 
581690 
450621 
581695 
450626 
450631 
581704 
450636 
581709 
581714 
450645 
581719 
450650 
450655 
581728 
450660 
581733 
581738 
450669 
581743 
450674 
450679 
581752 
450684 
581757 
581762 
450693 
581767 
450698 
450703 
581776 
450708 
581780 
581784 
581788 
450717 
450722 
581795 
581796 
581797 
581798 
450727 
581799 
450732 
581804 
581809 
450741 
581814 
450746 
450751 
581823 
581824 
581825 
581826 
581827 
450756 
581832 
450765 
581837 
450770 
581842 
450775 
581851 
450780 
581855 
581859 
450789 
581863 
450794 
581870 
450799 
581875 
450804 
581880 
450813 
581885 
450818 
581894 
450823 
581898 
450828 
581902 
581906 
450837 
581913 
450842 
581917 
450847 
581921 
450852 
581925 
581932 
450861 
581936 
450866 
581940 
450871 
581944 
450876 
581951 
581955 
450885 
581959 
450890 
581966 
450895 
581967 
581968 
581969 
450900 
581972 
581975 
581978 
450909 
581983 
450914 
581986 
581989 
450919 
581992 
450924 
581997 
581998 
581999 
582000 
582001 
450933 
582007 
450938 
582013 
450943 
582019 
450948 
450957 
582030 
582032 
450962 
582034 
582036 
450967 
582039 
582040 
582041 
582042 
582043 
450972 
582044 
582045 
582046 
582047 
582048 
582049 
582050 
582051 
582052 
582053 
582054 
582055 
582056 
450985 
582057 
582058 
582059 
450991 
582064 
582069 
451000 
582074 
451005 
451010 
582083 
582084 
582085 
582086 
451015 
582087 
582088 
582089 
582090 
582091 
451024 
582096 
451029 
582101 
451034 
582106 
451039 
582115 
582116 
582117 
582118 
582119 
451048 
582120 
582121 
582122 
582123 
451053 
582128 
451058 
582133 
451063 
582138 
451072 
582147 
451077 
582152 
451082 
582157 
451087 
582162 
451096 
582171 
451101 
582174 
582177 
451106 
582180 
451111 
582185 
582190 
451120 
582195 
451125 
582200 
451130 
451135 
582209 
582214 
451144 
582219 
451149 
582224 
451154 
451159 
582233 
582237 
451168 
582241 
451173 
582245 
451178 
582252 
582253 
582254 
451183 
582255 
582256 
582261 
451192 
582266 
451197 
582271 
451202 
451207 
582280 
582281 
582282 
582283 
582284 
451216 
582289 
451221 
582294 
451226 
582299 
451231 
582308 
582309 
582310 
582311 
451240 
582312 
451245 
582317 
451250 
582322 
451255 
582327 
451264 
582336 
582337 
582338 
582339 
582340 
451269 
451274 
582346 
451279 
582351 
451288 
582360 
582361 
582362 
582363 
582364 
451293 
451298 
582374 
451303 
582375 
582376 
582377 
582378 
582379 
582380 
582381 
582382 
451312 
582387 
451317 
582392 
451322 
582397 
451327 
582406 
451336 
582411 
451341 
582416 
451346 
582421 
451351 
582430 
451360 
582435 
451365 
582440 
451370 
582445 
451375 
582454 
451384 
582459 
451389 
582464 
451394 
582469 
451399 
582478 
451408 
582483 
451413 
582488 
451418 
582493 
451423 
582502 
451432 
582507 
451437 
582512 
451442 
582517 
451447 
582526 
451456 
582530 
451461 
582534 
451466 
582538 
451471 
582545 
582550 
451480 
582555 
451485 
582560 
451490 
451495 
582569 
582574 
451504 
582579 
451509 
582584 
451514 
451519 
582593 
582598 
451528 
582603 
451532 
451536 
582608 
451540 
582617 
451547 
582622 
451552 
582627 
451557 
582632 
451562 
582641 
451571 
582646 
451576 
582651 
451581 
582656 
451586 
582665 
451595 
582670 
451600 
582675 
451605 
582680 
451610 
582689 
451619 
582694 
451624 
582699 
451629 
582704 
451634 
582713 
451643 
582718 
451648 
582723 
451653 
582728 
451658 
582737 
451667 
582742 
451672 
582747 
451677 
582752 
451682 
582761 
451691 
582766 
451696 
582771 
451701 
582776 
451706 
582785 
451715 
582790 
451720 
582795 
451725 
582800 
451730 
582809 
451739 
582814 
451744 
582819 
451749 
582824 
451754 
582833 
451763 
582836 
582839 
451768 
582842 
451773 
582847 
451778 
582852 
582857 
451787 
582862 
451792 
451797 
582871 
451802 
582876 
582881 
451811 
582886 
451816 
451821 
582895 
451826 
582900 
582905 
451835 
582910 
451840 
451845 
582919 
451850 
582923 
582927 
451859 
582931 
451864 
582938 
451869 
582942 
451874 
582946 
582950 
451883 
582957 
451888 
582962 
451893 
582967 
451898 
582972 
451907 
582981 
451912 
582986 
451917 
582991 
451922 
582996 
451931 
583005 
451936 
583010 
451941 
583015 
451946 
583020 
451955 
583029 
451960 
583033 
451965 
583037 
583041 
451970 
583048 
451979 
583053 
451984 
583058 
451989 
583063 
451994 
583072 
452003 
583077 
452008 
583082 
452013 
583087 
452018 
583096 
452027 
583101 
452032 
583106 
452037 
583111 
452042 
583120 
452051 
583125 
452056 
583130 
452061 
583135 
452066 
583144 
452075 
583148 
452080 
583152 
583156 
452085 
452090 
583163 
583167 
452099 
583171 
583175 
452104 
452109 
583182 
452114 
583186 
583190 
583194 
452123 
452128 
583201 
452133 
583205 
583209 
452138 
583213 
452147 
583220 
583224 
452157 
583233 
452163 
583237 
583241 
452172 
583245 
452177 
583252 
452182 
583257 
452187 
583262 
583267 
452196 
452201 
583276 
452206 
583280 
452211 
583284 
583288 
452220 
583295 
452225 
583300 
452230 
583305 
452235 
583310 
452244 
583319 
452249 
583323 
452254 
583327 
452259 
583331 
583338 
452268 
583343 
452273 
583348 
452278 
583353 
452283 
583362 
452292 
583366 
452297 
583370 
452302 
583374 
452307 
583381 
583386 
452316 
583391 
452321 
583396 
452326 
452331 
583405 
583409 
452340 
583414 
452345 
583418 
452350 
583422 
583426 
452355 
583433 
452364 
583436 
583439 
452369 
583442 
452374 
583447 
583448 
583449 
583450 
452379 
583451 
583457 
452388 
583463 
452393 
583469 
452398 
452403 
583480 
583482 
452412 
583484 
583486 
452417 
583489 
583490 
583491 
583492 
583493 
452422 
583494 
583495 
583496 
583497 
583498 
452427 
583499 
583500 
583501 
583502 
583503 
583504 
583505 
583506 
583507 
452436 
583508 
583509 
452441 
583514 
452446 
583519 
452451 
583524 
452460 
583533 
583534 
583535 
583536 
452465 
583537 
583538 
583539 
583540 
583541 
452470 
583546 
452475 
583551 
452484 
583556 
452489 
583565 
452494 
583566 
583567 
583568 
583569 
583570 
452499 
583571 
583572 
583573 
583578 
452508 
583583 
452513 
583588 
452518 
452523 
583597 
583602 
452532 
583607 
452537 
583612 
452542 
452547 
583621 
583624 
583627 
452556 
583630 
452561 
583635 
452566 
583640 
452571 
583645 
583650 
452580 
452585 
583659 
452590 
583664 
452595 
583669 
583674 
452604 
452609 
583683 
452614 
583686 
583689 
452619 
583692 
583697 
583698 
583699 
452628 
583700 
583701 
452633 
583706 
452638 
583711 
452643 
583716 
452652 
583725 
583726 
583727 
583728 
452657 
583729 
452662 
583734 
452667 
583739 
583744 
452676 
452681 
583753 
583754 
583755 
583756 
583757 
452686 
583762 
452691 
583767 
452700 
583772 
452704 
452708 
583781 
583782 
583783 
452712 
583784 
583785 
452719 
583791 
452724 
583796 
452729 
583805 
452734 
583806 
583807 
583808 
583809 
452743 
452748 
583820 
583821 
583822 
583823 
583824 
452753 
452758 
583832 
583833 
583834 
583835 
583836 
452767 
583841 
452772 
583846 
452777 
583851 
452782 
583860 
452791 
583865 
452796 
583870 
452801 
583875 
452806 
583884 
452815 
583889 
452820 
583894 
452825 
583899 
452830 
583908 
452839 
583913 
452844 
583918 
452849 
583923 
452854 
583932 
452863 
583937 
452868 
583942 
452873 
583947 
452878 
583956 
452887 
583961 
452892 
583966 
452897 
583971 
452902 
583980 
452911 
583985 
452916 
583990 
452921 
583995 
452926 
584004 
452935 
584009 
452940 
584014 
452945 
584019 
452950 
584028 
452959 
584033 
452964 
584038 
452969 
584043 
452974 
584052 
452983 
584056 
452988 
584060 
584064 
452993 
452998 
584071 
584076 
453007 
584081 
453012 
584086 
453017 
453022 
584095 
584100 
453031 
584105 
453036 
584110 
453041 
453046 
584119 
584124 
453055 
584129 
453060 
584134 
453065 
453070 
584143 
584148 
453079 
584153 
453084 
584158 
453089 
453094 
584167 
584172 
453103 
584177 
453108 
584182 
453113 
453118 
584191 
584196 
453127 
584201 
453132 
584206 
453137 
453142 
584215 
584220 
453151 
584225 
453156 
584230 
453161 
453166 
584239 
584244 
453175 
584249 
453180 
584254 
453185 
453190 
584263 
584268 
453199 
584273 
453206 
584278 
453213 
584287 
453220 
584292 
584297 
584302 
453233 
453238 
584311 
453243 
584316 
453248 
584321 
584326 
453257 
453262 
584335 
453267 
584340 
453272 
584345 
584350 
453281 
453286 
584359 
453291 
584364 
453296 
584369 
584374 
453305 
453310 
584383 
584385 
453315 
584387 
584389 
453320 
584392 
584397 
453329 
584402 
453333 
584407 
453337 
453341 
584416 
584418 
453348 
584420 
584422 
453353 
584425 
453358 
584430 
453363 
584435 
584440 
453372 
453377 
584449 
584451 
584453 
453382 
584455 
584458 
453387 
584463 
453396 
584468 
453401 
584473 
453406 
584482 
453411 
584485 
584488 
584491 
453420 
584496 
453425 
584500 
453430 
584504 
453435 
584508 
584515 
453444 
584519 
453448 
584523 
453452 
584527 
453456 
584534 
453463 
584539 
453468 
584544 
453473 
584549 
453478 
584558 
453487 
584563 
453492 
584568 
453497 
584573 
453502 
584582 
453511 
584587 
453516 
584592 
453521 
584597 
453526 
584606 
453535 
584611 
453540 
584616 
453545 
584621 
453550 
584630 
453559 
584634 
453563 
584638 
453567 
584642 
453571 
584649 
453578 
453583 
584655 
453588 
584661 
453593 
584667 
453602 
584678 
453607 
584682 
453612 
584686 
453617 
584690 
584697 
453626 
584700 
453631 
584703 
584706 
453636 
584711 
453641 
584715 
584719 
453650 
584723 
453655 
584730 
453660 
584735 
453665 
584740 
584745 
453674 
453679 
584754 
453684 
584757 
584760 
453689 
584763 
584768 
453698 
584774 
453704 
584780 
453709 
584786 
453718 
453724 
584797 
584800 
453729 
584803 
584806 
453738 
584811 
584814 
453743 
584817 
453748 
584820 
453753 
584825 
584830 
453762 
584835 
453767 
584840 
453772 
453777 
584849 
584853 
584857 
453786 
584861 
453791 
453796 
584868 
584871 
453801 
584874 
584877 
453810 
584882 
584883 
584884 
584885 
584886 
453815 
453820 
584892 
453825 
584898 
584904 
453834 
453839 
584915 
453844 
584916 
584917 
584918 
584919 
453849 
584924 
584929 
453858 
584934 
453863 
453868 
584943 
584944 
453873 
584945 
584946 
584947 
584952 
453882 
584957 
453887 
584962 
453892 
453897 
584971 
584972 
584973 
584974 
584975 
453906 
584980 
453911 
584985 
453916 
584990 
453921 
584999 
585000 
585001 
453930 
585002 
585003 
453935 
585008 
453940 
585013 
453945 
585018 
453954 
585027 
585028 
585029 
585030 
453959 
585031 
453964 
585036 
453969 
585041 
585046 
453978 
453983 
585055 
585056 
585057 
585058 
585059 
453988 
585064 
453993 
585069 
454002 
585074 
454007 
585083 
454012 
585084 
585085 
585086 
585087 
454017 
585094 
454026 
585099 
454031 
454036 
585108 
585109 
585110 
585111 
585112 
454041 
585118 
454050 
585123 
454055 
454060 
585132 
585133 
585134 
585135 
585136 
454065 
585141 
585145 
454074 
454079 
585152 
585153 
585154 
585155 
454084 
585156 
454089 
585161 
585166 
454098 
585171 
454103 
454108 
585180 
454113 
585185 
585190 
454122 
585195 
454127 
454132 
585204 
454137 
585209 
585214 
454146 
585219 
454151 
454156 
585228 
454161 
585233 
585238 
454170 
585243 
454175 
454180 
585252 
454185 
585257 
585262 
454194 
585267 
454199 
454204 
585276 
454209 
585281 
585286 
454218 
585291 
454223 
454228 
585300 
454233 
585305 
585310 
454242 
585315 
454247 
454252 
585324 
454257 
585329 
585334 
454266 
585339 
454270 
454274 
585348 
454278 
585353 
454285 
585358 
454290 
585363 
454295 
454300 
585372 
585376 
585380 
454309 
585384 
454314 
454319 
585391 
585395 
454324 
585399 
585403 
454333 
454338 
585410 
454343 
585415 
454348 
585420 
585425 
454357 
454362 
585434 
454367 
585439 
454372 
585444 
585449 
454381 
454386 
585458 
454391 
585463 
454396 
585468 
585473 
454405 
454410 
585482 
454415 
585487 
454420 
585492 
585497 
454429 
454434 
585506 
454439 
585511 
454444 
585516 
585521 
454453 
454458 
585530 
454463 
585535 
454468 
585540 
585545 
454477 
454482 
585554 
454487 
585559 
454492 
585564 
585569 
454501 
454506 
585578 
454511 
585583 
454516 
585588 
585593 
454525 
454530 
585602 
454535 
585607 
454540 
585612 
585617 
454549 
454554 
585626 
454559 
585631 
454564 
585636 
585641 
454573 
454578 
585650 
454583 
585655 
454588 
585660 
585665 
454597 
454602 
585674 
454607 
585679 
454612 
585684 
585689 
454621 
454626 
585698 
585699 
585700 
585701 
585702 
454631 
585707 
454636 
585712 
454645 
585717 
454650 
585726 
454655 
585727 
585728 
585729 
585730 
454660 
585735 
585740 
454669 
585745 
454674 
454679 
585754 
585755 
454684 
585756 
585757 
585758 
585763 
454693 
585768 
454698 
585773 
454703 
454708 
585782 
585785 
585788 
454717 
585791 
454722 
585796 
454727 
585800 
454732 
585804 
585808 
454741 
585815 
454746 
585819 
454751 
585823 
585827 
454756 
585834 
454765 
585839 
454770 
585844 
454775 
585849 
454780 
585858 
454789 
585863 
454794 
585868 
454799 
585873 
454804 
585882 
454813 
585887 
454818 
585892 
454823 
585897 
454828 
585906 
454837 
585911 
454842 
585916 
454847 
585921 
454852 
585930 
454861 
585935 
454866 
585940 
454871 
585945 
454876 
585954 
454885 
585959 
454890 
585964 
454895 
585969 
454900 
585978 
454909 
585982 
454914 
585986 
585990 
454919 
454924 
585997 
586000 
586003 
454933 
586006 
454938 
586011 
586012 
586013 
586014 
454943 
586015 
454948 
586021 
586027 
454957 
586033 
454962 
454967 
454972 
586044 
586045 
586046 
586047 
586048 
454981 
586053 
454986 
586058 
454991 
586063 
454996 
586072 
586073 
586074 
586075 
586076 
455005 
586081 
455010 
586086 
455015 
586091 
455020 
586100 
455029 
586101 
586102 
586103 
586104 
455034 
586109 
455039 
586114 
455044 
586119 
455053 
586128 
586129 
455058 
586130 
586131 
586132 
455063 
586137 
455068 
586142 
586147 
455077 
455082 
586156 
586157 
586158 
455087 
586159 
586160 
455092 
586165 
586170 
455101 
586175 
455106 
455111 
586184 
586185 
586186 
586187 
455116 
586188 
586193 
455125 
586198 
455130 
586203 
455135 
455140 
586212 
586213 
586214 
586215 
586216 
455149 
586221 
455154 
586226 
455159 
586231 
455164 
586240 
586241 
586242 
586243 
586244 
455173 
586249 
455178 
586254 
455183 
586259 
455188 
586268 
455197 
586269 
586270 
586271 
586272 
455202 
586276 
455207 
586280 
455212 
586284 
586291 
586292 
455221 
586293 
586294 
586295 
455226 
586300 
455231 
586305 
455236 
586310 
455245 
586319 
455250 
586324 
455255 
586329 
455260 
586334 
455269 
586343 
455274 
586348 
455279 
586353 
455284 
586358 
455293 
586367 
455298 
586372 
455303 
586377 
455308 
586382 
455317 
586391 
455322 
586396 
455327 
586401 
455332 
586406 
455341 
586415 
455346 
586420 
455351 
586425 
455356 
586430 
455365 
586439 
455370 
586444 
455375 
586449 
455380 
586454 
455389 
586463 
455394 
586468 
455399 
586473 
455404 
586478 
455413 
586487 
455418 
586492 
455423 
586497 
455428 
586502 
455437 
586511 
455442 
586516 
455447 
586520 
455452 
586527 
586532 
455461 
586536 
455466 
455471 
586543 
455476 
586548 
586553 
455485 
586558 
455489 
455493 
586567 
455497 
586572 
455504 
586577 
455510 
586582 
455515 
586591 
455524 
586596 
586601 
455530 
586606 
455535 
586615 
455544 
586620 
455549 
586625 
455554 
586630 
455559 
586639 
455568 
586644 
455574 
586649 
455579 
586654 
455588 
586663 
455593 
586668 
455598 
586673 
455603 
586678 
455612 
586687 
455617 
586692 
455622 
586697 
455627 
586702 
455636 
586711 
455641 
586716 
455646 
586721 
455651 
586726 
455660 
586735 
455665 
586740 
455670 
586745 
455675 
586750 
455684 
586759 
455689 
586764 
455694 
586769 
455699 
586774 
455708 
586783 
455713 
586788 
455718 
586793 
455723 
586798 
455732 
586807 
455737 
586811 
455742 
586815 
455747 
586819 
586826 
586827 
455756 
586828 
586829 
586830 
455761 
586835 
455766 
586840 
455771 
586845 
455780 
586854 
586855 
586856 
455785 
586857 
586858 
455790 
586863 
455795 
586868 
586873 
455804 
455809 
586882 
586883 
586884 
586885 
455814 
586886 
455819 
586891 
586896 
455828 
586901 
455833 
455838 
586910 
586913 
455843 
586916 
586919 
455852 
586924 
586927 
455857 
586930 
586933 
455862 
586938 
455867 
586942 
586946 
455876 
586950 
455881 
586957 
455886 
586961 
455891 
586965 
586969 
455900 
586976 
455905 
586980 
455910 
586984 
455915 
586988 
586995 
455924 
586999 
455929 
587003 
455934 
587007 
455939 
587014 
587018 
455948 
587022 
455953 
587026 
455958 
587033 
455963 
587037 
587041 
455972 
587045 
455977 
587052 
455982 
587056 
455987 
587060 
587064 
455996 
587071 
456001 
587074 
587077 
456006 
587080 
456011 
587085 
587088 
587091 
456020 
587094 
456025 
587099 
587100 
587101 
456030 
587102 
587103 
456035 
587109 
587115 
456044 
456049 
587121 
456054 
456059 
587132 
587133 
587134 
587135 
587136 
456068 
587141 
456073 
587146 
456078 
587151 
456083 
587160 
587161 
587162 
587163 
456092 
587164 
456097 
587170 
456102 
587175 
456107 
587184 
587185 
587186 
587187 
456116 
587188 
456121 
587194 
456126 
587199 
456131 
587208 
587209 
587210 
587211 
456140 
587212 
456145 
587218 
456150 
587223 
456155 
587232 
587233 
587234 
587235 
456164 
587236 
456169 
587242 
456174 
587247 
456179 
587256 
587257 
587258 
587259 
456188 
587260 
456193 
587265 
456198 
587270 
456203 
587275 
456212 
587284 
587285 
587286 
587287 
587288 
456217 
587293 
456222 
587298 
456227 
587303 
456236 
587312 
456241 
587313 
587314 
587315 
587316 
456246 
587321 
456251 
587326 
587331 
456260 
456265 
587340 
587341 
456270 
587342 
587343 
587344 
456275 
587348 
587352 
456284 
587356 
456289 
587363 
587364 
587365 
456294 
587366 
587367 
456299 
587372 
587377 
456308 
587382 
456313 
456318 
587391 
456323 
587396 
587401 
456332 
587406 
456337 
456342 
587415 
456347 
587420 
587425 
456356 
587430 
456361 
456366 
587439 
456371 
587444 
587449 
456380 
587454 
456385 
456390 
587463 
456395 
587468 
587473 
456404 
587478 
456409 
456414 
587487 
456419 
587492 
587497 
456428 
587502 
456433 
456438 
587511 
456443 
587516 
587521 
456452 
587526 
456457 
456462 
587535 
456467 
587540 
587545 
456476 
587550 
456481 
456486 
587559 
456491 
587566 
587571 
456500 
456505 
587580 
456510 
587585 
456515 
587592 
456524 
587597 
456529 
587604 
456534 
456539 
587611 
587616 
456548 
456553 
587625 
456558 
587630 
456563 
587635 
587640 
456572 
456577 
587649 
456582 
587654 
456587 
587659 
587664 
456596 
456601 
587673 
456606 
587678 
456611 
587683 
587688 
456620 
456625 
587697 
456630 
587702 
456635 
587707 
587712 
456644 
456649 
587721 
456654 
587726 
456659 
587731 
587736 
456668 
456673 
587745 
456678 
587750 
456683 
587755 
587760 
456692 
456696 
587769 
456700 
587774 
456704 
587779 
456711 
587784 
456721 
587793 
587798 
456731 
587803 
456736 
587808 
456741 
587817 
456746 
587822 
456755 
587827 
587832 
456765 
587841 
456770 
587846 
456775 
587851 
456780 
587856 
456789 
587865 
456794 
587869 
456799 
587873 
456804 
587877 
587884 
456813 
587885 
587886 
587887 
587888 
456818 
587893 
456823 
587898 
456828 
587903 
456837 
587912 
587913 
456842 
587914 
587915 
587916 
456847 
587921 
456852 
587926 
587931 
456861 
456866 
587940 
587941 
587942 
456871 
587943 
587944 
456876 
587949 
587954 
456885 
587959 
456890 
456895 
587968 
587969 
587970 
587971 
456900 
587972 
587978 
456909 
587984 
456914 
587990 
456919 
456924 
588001 
588002 
588003 
588004 
456933 
588005 
456938 
588011 
456943 
588017 
456948 
588023 
456957 
456962 
588034 
588035 
588036 
588037 
588038 
456967 
456972 
588044 
588050 
456981 
588056 
456986 
456991 
588067 
456996 
588068 
588069 
588070 
588071 
457005 
588077 
457010 
588083 
457015 
588089 
457020 
588100 
457029 
588101 
588102 
588103 
588104 
457034 
588110 
457039 
457044 
588116 
588122 
457053 
457058 
588133 
588134 
457063 
588135 
588136 
588137 
457068 
588143 
457077 
588149 
457082 
588155 
457087 
457092 
588166 
588167 
588168 
588169 
588170 
457101 
588176 
457106 
588182 
457111 
457116 
588188 
457125 
588199 
588200 
588201 
457130 
588202 
588203 
457135 
588209 
457140 
588215 
457149 
588221 
457154 
457159 
588232 
588233 
588234 
588235 
457164 
588236 
588242 
457173 
588248 
457178 
588254 
457183 
457188 
588265 
588266 
588267 
588268 
457197 
588269 
457202 
588275 
457207 
588281 
457212 
588287 
457221 
457226 
588298 
588299 
588300 
588301 
588302 
457231 
457236 
588308 
588314 
457245 
588320 
457250 
457255 
588331 
457260 
588332 
588333 
588334 
588335 
588340 
457269 
588345 
457274 
588350 
457279 
457284 
588359 
588360 
588361 
588362 
588363 
457293 
588368 
457298 
588373 
457303 
588378 
457308 
588387 
588388 
457317 
588389 
588390 
588391 
457322 
588397 
457327 
457332 
588406 
588407 
588408 
588409 
588410 
457341 
457346 
588420 
588421 
588422 
457351 
588423 
588424 
457356 
588434 
588435 
588436 
457365 
588437 
588438 
457370 
588444 
457375 
457380 
588453 
588454 
588455 
588456 
588457 
457389 
588462 
457394 
588467 
457399 
588472 
457404 
588481 
588482 
588483 
588484 
457413 
588485 
457418 
588490 
457423 
588495 
457428 
588500 
457437 
588509 
588510 
588511 
588512 
588513 
457442 
588518 
457447 
588523 
457452 
588528 
457461 
588537 
457466 
588541 
457471 
588545 
457476 
588549 
588556 
457485 
588559 
457490 
588562 
588565 
457495 
588570 
588571 
457500 
588572 
588573 
588574 
588578 
457509 
588582 
457514 
588586 
457519 
588593 
457524 
588597 
588601 
457533 
588605 
457538 
588612 
457543 
588616 
457548 
588620 
588624 
457557 
588631 
457562 
588636 
457567 
588641 
457572 
588646 
457581 
588655 
457586 
588660 
457591 
588665 
457596 
588670 
457605 
588679 
457610 
588684 
457615 
588689 
457620 
588694 
457629 
588703 
457634 
588708 
457639 
588712 
457644 
588719 
588724 
457653 
457658 
588731 
457663 
588738 
457668 
588743 
457677 
588750 
457682 
588756 
457687 
588761 
457692 
588770 
457701 
588775 
457706 
588780 
457711 
588785 
457716 
588794 
457725 
588799 
457730 
588804 
457735 
588809 
457740 
588818 
457749 
588823 
457754 
588828 
457759 
588833 
457764 
588842 
457773 
588846 
457778 
588850 
588854 
457783 
457788 
588861 
588865 
457797 
588869 
588873 
457802 
457807 
588880 
588883 
457812 
588886 
588889 
457821 
588894 
588895 
588896 
588897 
457826 
588898 
588902 
457831 
588906 
457836 
588910 
457845 
588917 
588918 
588919 
588920 
588921 
457850 
588925 
457855 
588929 
457860 
588933 
588940 
457869 
588941 
588942 
588943 
588944 
457873 
588948 
457877 
588952 
457881 
588956 
457888 
588963 
588964 
457893 
588965 
588966 
588967 
457898 
588972 
457903 
588977 
588982 
457912 
457917 
588991 
588992 
588993 
457922 
588994 
588995 
588996 
588997 
588998 
457927 
588999 
589004 
457936 
589009 
457941 
589014 
457946 
457951 
589023 
589024 
589025 
589026 
589027 
589028 
589029 
589030 
589031 
457960 
589036 
457965 
589041 
457970 
589046 
457975 
589055 
457984 
589056 
589057 
589058 
589059 
589060 
457989 
589061 
589062 
589063 
457994 
589068 
457999 
589073 
589078 
458008 
458013 
589087 
589088 
589089 
458018 
589090 
589091 
589092 
589093 
589094 
458023 
589095 
589100 
458032 
589105 
458037 
589110 
458042 
458047 
589119 
589120 
589121 
589122 
589123 
589124 
589125 
589126 
589127 
458056 
589132 
458062 
589137 
458067 
589142 
458076 
589151 
589152 
589153 
589154 
589155 
589156 
589157 
589158 
589159 
589164 
589169 
458100 
589174 
458110 
589183 
589184 
589185 
589186 
589187 
458116 
589188 
589189 
589190 
458121 
589195 
589196 
589197 
589198 
589199 
589200 
589201 
458130 
589202 
589203 
458135 
589209 
458140 
458145 
589218 
589219 
589220 
589221 
589222 
458154 
589226 
589230 
458159 
589234 
458164 
458169 
589241 
589242 
589243 
589244 
589245 
589249 
458178 
589253 
458183 
589257 
458188 
589264 
458193 
589265 
589266 
589267 
589268 
589272 
458202 
589276 
458207 
589280 
458212 
589287 
458217 
589289 
589291 
589293 
589296 
458226 
589299 
589302 
458231 
589305 
458236 
589310 
458241 
589317 
458250 
589324 
458255 
589331 
458260 
458265 
589344 
458274 
589347 
589350 
458279 
589353 
458284 
589358 
458289 
589362 
589366 
458298 
589370 
458303 
589377 
589379 
458308 
589381 
589383 
458313 
589386 
589389 
589392 
458322 
589395 
458327 
589400 
589403 
458332 
589406 
458337 
589409 
589414 
458346 
589418 
589422 
458351 
589426 
458356 
458361 
589433 
589435 
589437 
589439 
458370 
589442 
589445 
458374 
589448 
458378 
589451 
458382 
589456 
589459 
458389 
589462 
589465 
458394 
589470 
458399 
589474 
458404 
589478 
589482 
458413 
589489 
458418 
589491 
589493 
458423 
589495 
589498 
458428 
589501 
589504 
589507 
458437 
589512 
458442 
589515 
589518 
458447 
589521 
458452 
589526 
589530 
458461 
589534 
458466 
589538 
458471 
589545 
589547 
458476 
589549 
589551 
589554 
458485 
589557 
589560 
458490 
589563 
458495 
589568 
589571 
458500 
589574 
589579 
458509 
589583 
458514 
589590 
458519 
589592 
589594 
458524 
589597 
589601 
458533 
589606 
458538 
589612 
458543 
458548 
589620 
589622 
589625 
589628 
458557 
589633 
589634 
458563 
458568 
589640 
589648 
458577 
589651 
589656 
458591 
589663 
589668 
458601 
589675 
589677 
458607 
589680 
458612 
589685 
589690 
458621 
589693 
589696 
458626 
589701 
458631 
589705 
458636 
589709 
589716 
458645 
589718 
589720 
458650 
589723 
589726 
458655 
589729 
458660 
589734 
589737 
458669 
589742 
458674 
589749 
458679 
589751 
589754 
458684 
589763 
458693 
458698 
589773 
458703 
589779 
458708 
589783 
589788 
458717 
589793 
458722 
589797 
458727 
458732 
589804 
589807 
589810 
458741 
589814 
589817 
458746 
589822 
458751 
589825 
458756 
589828 
589831 
589836 
458765 
589840 
458770 
589844 
458775 
589848 
458780 
589855 
589857 
589859 
458789 
589861 
589864 
458794 
589867 
589870 
458799 
589873 
458804 
589878 
589881 
589884 
458813 
589887 
458818 
589892 
458823 
589896 
458828 
589900 
589904 
458837 
589911 
589913 
458842 
589915 
589917 
458847 
589920 
589923 
458852 
589926 
589929 
458861 
589934 
589935 
589936 
458865 
589937 
589938 
458869 
589941 
589944 
458873 
589947 
458880 
589952 
589956 
458885 
589960 
458890 
589964 
458895 
589971 
589973 
589975 
458904 
589977 
589980 
458909 
589983 
458914 
589986 
589989 
458919 
589998 
458928 
590000 
590002 
590004 
458933 
590007 
458938 
590010 
590013 
458943 
590016 
590021 
458952 
590025 
458957 
590029 
590033 
458962 
458967 
590040 
590042 
590044 
590046 
458976 
458981 
458986 
458991 
590063 
590068 
590070 
459000 
590072 
590074 
459005 
590077 
459010 
590082 
459015 
590087 
590092 
459024 
459029 
590101 
590103 
590105 
459034 
590107 
590110 
459039 
590114 
590118 
459048 
590122 
459054 
590129 
459059 
590131 
590133 
590135 
590138 
459068 
590143 
459073 
590148 
590153 
459082 
590162 
459092 
590165 
590168 
590171 
459102 
590176 
590179 
590182 
459112 
590185 
459117 
590190 
590193 
590196 
459126 
590199 
459132 
590204 
590208 
459137 
590212 
590216 
459146 
459151 
590223 
590227 
459156 
590231 
459161 
590235 
459170 
590242 
590245 
459175 
590248 
590251 
459180 
590256 
459185 
590260 
590264 
459194 
590268 
459199 
590275 
459204 
590278 
459209 
590281 
590284 
590289 
459218 
590293 
459223 
590297 
459228 
590301 
459233 
590308 
590310 
590312 
459242 
590314 
590317 
459247 
590320 
590323 
459252 
590326 
459257 
590331 
590334 
590337 
459266 
590340 
459271 
590345 
459276 
590349 
459281 
590353 
590357 
459290 
590364 
590366 
459295 
590368 
590370 
459300 
590373 
590376 
459305 
590379 
590382 
459314 
590387 
590390 
459319 
590393 
459324 
590396 
459329 
590401 
590404 
590407 
459338 
590410 
459343 
590415 
590419 
459348 
590423 
459353 
590427 
459362 
590434 
590436 
590438 
459367 
590440 
590443 
459372 
590446 
459377 
590449 
590452 
590457 
459386 
590461 
459390 
590465 
459394 
590469 
459398 
590476 
459405 
590479 
459410 
590482 
590485 
459415 
590490 
459420 
590494 
590498 
459429 
590502 
459434 
590509 
459439 
590511 
590513 
590515 
459444 
590518 
590521 
590524 
459453 
590527 
459458 
590532 
459463 
590535 
590538 
459468 
590541 
590546 
459477 
590550 
459482 
590554 
590558 
459487 
459492 
590565 
590567 
590569 
590571 
459501 
590574 
590577 
459506 
590580 
459511 
590583 
459516 
590588 
590591 
590594 
459525 
590597 
459530 
590602 
590605 
459535 
590608 
590611 
459540 
590616 
590620 
459549 
590624 
459554 
590628 
459559 
590635 
459564 
590637 
590639 
590641 
590644 
459573 
590647 
459578 
590650 
590653 
459583 
590658 
459588 
590661 
590664 
590667 
459597 
590672 
459603 
590676 
459608 
590680 
590684 
459617 
590691 
590693 
459623 
590695 
590697 
459628 
590700 
590703 
590706 
459637 
590709 
590714 
459643 
590718 
459648 
590722 
459657 
590729 
590732 
459663 
590735 
590738 
459668 
590743 
590747 
459677 
590751 
459683 
590755 
459688 
590762 
590764 
590766 
590768 
459697 
590771 
459702 
590774 
590777 
459707 
590780 
459712 
590785 
459721 
590793 
590796 
459726 
590799 
590802 
459731 
590807 
459736 
590811 
590815 
459745 
590819 
459750 
590826 
459755 
590828 
590830 
459760 
590832 
590835 
590838 
459769 
590841 
590844 
459774 
590849 
459779 
590852 
590855 
459784 
590858 
590863 
459793 
590867 
459798 
590871 
459803 
590875 
459808 
590882 
590884 
590886 
590888 
459817 
590891 
459822 
590894 
590897 
459827 
590900 
459832 
590905 
590912 
459841 
590915 
459846 
590918 
590921 
459851 
590926 
459856 
590930 
590934 
459865 
590938 
459870 
590945 
459875 
590947 
590949 
590951 
459880 
590954 
590957 
590960 
459889 
590963 
459894 
590968 
459899 
590971 
590974 
459904 
590979 
590983 
459913 
459918 
590990 
590992 
590994 
459923 
590997 
459928 
591000 
591008 
459937 
459942 
591014 
459947 
591021 
459952 
591025 
591029 
459961 
591034 
459966 
591038 
591041 
459971 
459976 
591053 
459985 
591057 
591061 
459990 
591065 
459995 
460000 
591072 
591076 
591080 
460009 
591084 
460014 
460019 
591091 
591094 
460024 
591097 
591100 
460033 
591105 
591107 
591109 
460038 
591111 
591114 
460043 
591117 
460048 
591120 
591123 
591128 
460057 
591131 
460062 
591134 
591137 
460067 
591142 
460072 
591146 
591150 
460081 
591154 
460086 
591161 
460091 
591165 
460096 
591169 
591173 
460105 
591180 
460110 
591185 
460115 
591190 
460120 
591195 
460129 
591204 
591205 
460134 
591206 
591207 
591208 
591210 
460139 
591212 
591214 
460144 
591217 
591220 
591223 
460153 
591226 
460158 
591231 
460163 
591237 
460168 
591242 
460177 
591249 
591253 
460182 
591257 
460187 
591262 
460192 
591265 
591268 
591271 
460201 
591276 
460206 
591278 
591280 
591282 
460211 
591285 
460216 
591289 
591292 
460225 
591297 
591301 
460230 
591305 
460235 
591309 
460240 
591316 
591319 
460249 
591321 
591324 
460254 
591327 
591330 
460259 
591333 
460264 
591338 
591340 
591342 
591344 
460273 
591347 
460278 
591350 
591353 
460283 
591356 
460288 
591361 
591363 
591365 
591367 
460297 
591370 
591373 
460302 
591376 
460307 
591379 
460312 
591384 
591388 
591392 
460321 
591396 
460326 
460331 
591403 
591405 
591407 
460336 
591409 
591412 
591415 
460345 
591418 
591421 
460350 
591426 
460355 
591428 
591430 
460360 
591432 
591435 
591438 
460369 
591441 
591444 
460374 
591449 
460379 
591451 
591453 
591455 
460384 
591458 
591461 
591464 
460393 
591467 
460398 
591472 
460403 
591476 
460408 
591480 
591484 
460417 
591491 
591493 
460422 
591495 
591497 
460427 
591500 
591503 
460432 
591506 
591509 
460441 
591514 
591516 
460446 
591518 
591520 
460451 
591523 
591526 
460456 
591529 
591532 
460465 
591537 
591539 
591541 
460470 
591543 
591546 
460475 
591549 
460480 
591552 
591555 
591560 
460489 
591563 
460494 
591566 
591569 
460499 
591574 
460504 
591576 
591578 
591580 
591583 
460513 
591585 
591587 
591589 
460518 
591592 
591593 
591594 
460523 
591595 
591596 
591598 
460528 
591600 
591602 
591605 
591607 
460537 
591609 
591611 
460542 
591614 
591616 
591618 
460547 
591620 
591623 
460552 
591625 
591627 
591629 
591632 
460561 
591634 
591636 
460566 
591638 
591641 
460571 
591643 
591645 
591647 
460576 
591650 
591652 
591654 
591656 
460585 
591659 
591661 
460590 
591663 
591665 
460595 
591668 
591670 
460600 
591672 
591674 
591677 
591679 
460609 
591681 
591683 
460614 
591686 
591688 
591690 
460619 
591692 
591695 
460624 
591697 
591699 
591701 
591704 
460633 
591706 
591708 
460638 
591710 
591713 
460643 
591715 
591717 
591719 
460648 
591722 
591724 
591726 
591728 
460657 
591731 
591733 
460662 
591735 
591737 
460667 
591740 
591742 
460672 
591744 
591746 
591749 
591751 
460681 
591753 
591755 
460686 
591758 
591760 
591762 
460691 
591764 
591767 
460696 
591769 
591771 
591773 
591776 
460705 
591778 
591780 
460710 
591782 
591785 
460715 
591787 
591789 
591791 
460720 
591794 
591796 
591798 
591800 
460729 
591803 
591805 
460734 
591807 
591809 
460739 
591812 
591815 
460744 
591818 
591821 
460753 
591826 
591828 
460758 
591830 
591832 
460763 
591835 
591839 
460768 
591843 
591847 
460777 
460782 
591854 
591857 
460787 
591860 
591863 
460792 
591868 
591871 
460801 
591874 
591877 
460806 
591880 
460811 
591883 
591886 
460816 
591889 
591892 
460825 
591897 
591899 
591901 
460830 
591903 
591906 
460835 
591908 
591910 
460840 
591912 
591915 
591917 
591919 
460849 
591921 
591924 
460854 
591926 
591928 
591930 
460859 
591933 
591935 
460864 
591937 
591939 
591942 
460873 
591946 
460878 
591950 
591954 
460883 
460888 
591961 
591963 
591965 
591967 
460897 
591970 
591973 
460902 
591976 
460907 
591979 
460912 
591984 
591987 
591990 
460921 
591993 
460926 
591998 
592000 
592002 
460931 
592004 
592007 
460936 
592009 
592011 
592013 
592016 
460945 
592019 
460950 
592022 
592025 
460955 
592030 
592031 
460960 
592032 
592033 
592034 
592037 
592040 
460969 
592043 
460974 
592048 
592050 
460979 
592052 
592054 
460984 
592057 
592059 
592061 
592063 
460993 
592066 
592068 
460998 
592070 
592072 
461003 
592075 
592078 
461008 
592081 
592084 
461017 
592089 
592091 
592093 
461022 
592095 
592098 
461027 
592102 
461032 
592106 
592110 
461041 
592117 
461046 
592120 
461051 
592123 
592126 
461056 
592131 
592133 
592135 
461065 
592138 
592140 
461070 
592142 
592145 
461075 
592147 
592149 
461080 
592152 
592157 
592160 
461089 
592165 
461094 
592167 
592169 
461099 
592171 
592174 
461104 
592176 
592178 
592180 
592183 
461113 
592185 
592187 
592189 
461118 
592192 
592194 
461123 
592196 
592198 
461128 
592201 
592204 
592207 
461137 
592210 
461142 
592215 
461147 
592220 
461152 
592225 
592230 
461161 
461166 
592239 
592242 
461171 
592245 
461176 
592248 
592253 
592256 
461185 
592259 
461190 
592262 
461195 
592267 
592269 
592271 
461200 
592273 
592276 
592279 
461209 
592282 
592285 
461214 
592290 
461219 
592293 
461224 
592296 
592299 
592304 
461233 
592306 
592308 
461238 
592310 
592313 
461243 
592315 
592317 
592319 
461248 
592322 
592325 
592328 
461257 
592331 
461262 
592336 
592337 
592338 
461267 
592339 
592340 
592343 
461272 
592346 
592349 
461281 
592354 
592356 
461286 
592358 
592360 
461291 
592363 
592366 
461296 
592369 
592372 
461305 
592377 
592379 
592381 
461310 
592383 
592386 
461315 
592388 
592390 
461320 
592392 
592395 
592398 
461329 
592401 
592404 
461334 
592409 
461339 
592411 
592413 
592415 
461344 
592418 
592422 
461353 
592426 
461358 
592430 
461363 
592437 
461368 
592440 
592443 
592446 
461377 
592451 
592453 
461382 
592455 
592457 
461387 
592460 
592462 
461392 
592464 
592466 
592469 
592472 
461401 
592475 
461406 
592478 
461411 
592483 
592486 
461416 
592489 
592492 
461425 
592497 
592499 
592501 
461430 
592503 
592506 
461435 
592509 
461440 
592512 
592515 
592520 
461449 
592522 
592524 
461454 
592526 
592529 
461459 
592531 
592533 
592535 
461464 
592538 
592541 
592544 
461473 
592547 
461478 
592552 
461483 
592556 
461488 
592560 
592564 
461497 
592571 
461502 
592575 
461507 
592579 
592583 
461512 
592590 
461521 
592596 
461526 
461531 
592605 
461536 
592610 
461545 
592617 
592620 
461550 
592623 
461555 
592628 
592630 
461560 
592632 
592634 
592637 
592640 
461569 
592643 
461574 
592646 
461579 
592651 
592654 
461584 
592657 
592660 
461593 
592665 
592667 
592669 
461598 
592671 
592674 
461603 
592676 
592678 
461608 
592680 
592683 
592686 
461617 
592689 
592692 
461622 
592697 
592698 
461627 
592699 
592700 
592701 
461632 
592704 
592707 
592710 
461641 
592715 
592717 
461646 
592719 
592721 
461651 
592724 
592725 
592726 
592727 
461656 
592728 
592730 
592732 
592734 
461665 
592737 
592740 
461670 
592743 
592746 
461675 
592751 
461680 
592753 
592755 
592757 
592760 
461689 
592764 
461694 
592768 
461699 
592772 
461704 
592779 
592782 
461713 
592785 
592788 
461718 
592793 
461723 
592795 
592797 
592799 
461728 
592802 
592805 
592808 
461737 
592811 
461742 
592816 
461747 
592821 
461752 
592826 
592831 
461761 
461766 
592840 
461771 
592843 
592846 
461776 
592849 
592854 
592856 
461785 
592858 
592860 
461790 
592863 
461795 
592867 
592871 
461800 
592875 
461809 
592882 
592884 
461814 
592886 
592888 
461819 
592891 
592895 
461824 
592899 
592903 
461833 
461838 
592910 
592912 
592914 
461843 
592916 
592919 
461848 
592923 
592927 
461857 
592931 
461862 
592938 
461867 
592941 
461872 
592944 
592947 
592952 
461881 
592954 
592956 
461886 
592958 
592961 
461891 
592964 
592967 
461896 
592970 
592975 
461905 
592977 
592979 
592981 
461910 
592984 
592986 
461915 
592988 
592990 
461920 
592993 
592996 
592999 
461929 
593002 
461934 
593007 
593009 
461939 
593011 
593013 
461944 
593016 
593019 
593022 
461953 
593025 
461958 
593030 
593032 
593034 
461963 
593036 
593039 
461968 
593041 
593043 
593045 
593048 
461977 
461982 
461987 
461992 
593065 
593067 
593069 
593071 
462001 
593074 
593077 
462006 
593080 
462011 
593083 
462016 
593088 
593091 
593094 
462025 
593097 
462030 
593102 
593104 
593106 
462035 
593108 
593111 
462040 
593113 
593115 
593117 
593120 
462049 
593123 
462054 
593126 
593129 
462059 
593134 
462064 
593137 
593140 
593143 
462073 
593148 
462078 
593150 
593152 
593154 
462083 
593157 
462088 
593160 
593163 
593166 
462097 
593171 
462102 
593174 
593177 
462107 
593180 
462112 
593185 
593187 
593189 
593191 
462121 
593194 
593197 
462126 
593200 
462131 
593203 
462136 
593208 
593211 
593214 
462145 
593217 
462150 
593222 
593224 
593226 
462155 
593228 
593231 
462160 
593234 
593237 
593240 
462169 
593245 
462174 
593248 
462179 
593251 
593254 
462184 
593259 
593261 
593263 
462193 
593265 
593268 
462198 
593271 
593274 
462203 
593277 
462208 
593282 
593285 
593288 
462217 
593291 
462222 
593296 
593298 
462227 
593300 
593302 
462232 
593305 
593308 
593311 
462241 
593314 
462246 
593319 
593322 
462251 
593325 
462256 
593328 
593333 
593335 
462265 
593337 
593339 
462270 
593342 
593345 
462275 
593348 
593351 
462280 
593356 
593359 
462289 
593362 
593365 
462294 
593370 
462299 
593372 
593374 
462304 
593376 
593379 
593382 
462313 
593385 
593388 
462318 
593393 
462323 
593396 
593399 
462328 
593402 
593407 
462337 
593409 
593411 
593413 
462342 
593416 
462347 
593419 
593422 
462352 
593425 
593430 
462361 
593433 
593436 
462366 
593439 
462371 
593444 
593446 
462376 
593448 
593450 
593453 
593456 
462385 
593459 
462390 
593462 
462395 
593467 
593469 
593471 
462400 
593473 
593476 
593478 
593480 
462409 
593482 
593485 
462414 
593488 
462419 
593491 
593494 
462424 
593499 
593501 
593503 
462433 
593505 
593508 
462438 
593510 
593512 
593514 
462443 
593517 
593519 
462448 
593521 
593523 
593526 
462457 
593529 
593532 
462462 
593535 
462467 
593540 
593542 
462472 
593544 
593546 
593549 
593552 
462481 
593555 
462486 
593558 
462491 
593563 
593566 
462496 
593569 
593572 
462505 
593577 
593578 
593579 
593580 
593581 
462510 
593583 
593585 
462515 
593587 
593590 
462520 
593593 
593596 
593599 
462529 
593604 
593605 
462534 
593606 
593607 
593608 
462539 
593611 
593614 
462544 
593617 
593622 
462553 
593625 
593628 
462558 
593631 
462563 
593636 
593638 
462568 
593640 
593642 
593645 
593648 
462577 
593651 
462582 
593654 
462587 
593659 
593661 
593663 
462592 
593665 
593668 
593672 
462601 
593676 
462606 
593680 
462611 
593687 
462616 
593690 
593693 
593696 
462625 
593701 
462630 
593703 
593705 
462635 
593707 
593710 
462640 
593713 
593716 
593719 
462649 
593724 
462654 
593728 
462659 
593732 
462664 
593736 
593743 
462673 
593745 
593747 
593749 
462678 
593752 
462683 
593755 
593758 
462688 
593761 
593766 
593768 
462697 
593770 
593772 
462702 
593775 
593777 
462707 
593779 
593781 
462712 
593784 
593790 
462721 
462726 
593798 
462731 
593803 
462736 
593810 
593814 
462745 
593819 
462750 
593824 
462755 
593829 
462760 
593834 
462769 
593843 
462774 
593846 
593849 
462779 
593854 
462784 
593856 
593858 
593860 
593863 
462793 
593866 
593869 
462798 
593872 
462803 
593877 
462808 
593880 
593883 
593886 
462817 
593891 
593893 
462822 
593895 
593897 
462827 
593900 
593902 
462832 
593904 
593906 
593909 
593912 
462841 
593915 
462846 
593918 
462851 
593923 
593924 
593925 
593926 
593927 
462856 
593930 
593933 
593936 
462865 
593941 
462870 
593944 
462875 
593947 
593950 
462880 
593955 
593957 
593960 
462889 
593963 
462894 
593966 
593969 
462899 
593974 
462904 
593976 
593978 
593980 
593983 
462913 
593987 
462918 
593991 
462923 
593995 
462928 
594002 
594005 
594008 
462937 
594011 
462942 
594016 
594018 
462947 
594020 
594022 
462952 
594025 
594027 
594029 
594031 
462961 
594034 
462966 
594038 
594042 
462971 
594046 
462976 
594053 
594056 
462985 
594059 
462990 
594062 
462995 
594067 
594069 
594071 
463000 
594073 
594076 
594079 
463009 
594082 
594085 
463014 
594090 
463019 
594092 
594094 
463024 
594096 
594099 
594101 
594103 
463033 
594105 
594108 
463038 
594111 
594114 
463043 
594117 
463048 
594122 
594126 
463057 
594130 
463062 
594134 
463067 
594141 
463072 
594145 
594149 
463081 
594153 
463086 
594160 
463091 
594165 
463096 
594170 
594175 
463105 
463110 
594184 
463115 
594187 
594190 
463120 
594193 
594198 
594200 
463129 
594202 
594204 
463134 
594207 
594210 
463139 
594213 
463144 
594216 
594221 
594224 
463153 
594227 
463158 
594230 
463163 
594235 
594237 
594239 
463168 
594241 
594244 
594246 
594248 
463177 
594250 
594253 
463182 
594256 
463187 
594259 
594262 
463192 
594267 
594268 
594269 
594270 
594271 
463201 
594274 
594277 
463206 
594280 
463211 
594285 
463216 
594288 
594291 
594294 
463225 
594300 
463230 
594303 
594306 
463235 
594309 
463240 
594314 
594316 
594318 
594320 
463249 
594323 
463254 
594327 
463259 
594331 
594335 
463264 
594342 
463273 
594345 
594348 
463278 
594351 
463283 
594356 
594358 
463288 
594360 
594362 
594365 
594368 
463297 
594371 
463302 
594374 
463307 
594379 
594383 
463312 
594387 
594391 
463321 
463326 
594398 
594401 
463331 
594404 
594407 
463336 
594412 
594415 
463345 
594418 
594421 
463350 
594426 
463355 
594429 
463360 
594432 
594435 
594440 
463369 
594442 
594444 
463374 
594446 
594449 
463379 
594451 
594453 
594455 
463384 
594458 
594461 
594464 
463393 
594467 
463398 
594472 
463403 
594476 
463408 
594480 
594484 
463417 
594491 
463422 
594495 
463427 
594499 
594503 
463432 
594510 
463441 
594515 
463446 
594520 
463451 
594525 
463456 
594534 
463465 
594538 
463470 
594542 
594546 
463475 
463480 
594553 
594556 
594559 
463489 
594562 
463494 
594567 
594569 
463499 
594571 
594573 
463504 
594576 
594579 
594582 
463513 
594585 
463518 
594590 
594593 
463523 
594596 
594599 
463528 
594604 
594606 
594608 
463537 
594610 
463542 
594616 
463547 
594621 
463552 
594626 
594631 
463561 
463566 
594640 
463571 
594643 
594646 
463576 
594649 
594654 
463585 
594659 
463590 
594664 
463595 
594669 
463600 
594678 
463609 
594681 
594684 
463614 
594687 
463619 
594692 
463624 
594697 
594702 
463633 
594707 
463638 
463643 
594716 
594719 
463648 
594722 
594725 
463657 
594730 
463662 
594735 
463667 
594740 
463672 
594745 
463681 
594754 
594757 
463686 
594760 
463691 
594763 
463696 
594771 
594773 
594775 
463705 
594777 
594780 
463710 
594783 
594786 
463715 
594789 
463720 
594794 
594795 
594796 
594797 
594798 
463729 
594801 
594804 
463734 
594807 
463739 
594812 
594814 
463744 
594816 
594818 
594822 
463753 
594829 
463758 
463763 
594836 
463768 
594843 
463777 
463782 
594856 
463787 
594859 
594862 
463792 
594865 
594870 
463801 
594874 
463806 
594878 
594882 
463811 
463816 
594889 
594891 
594893 
594895 
463825 
594898 
594901 
463830 
594904 
463835 
594907 
463840 
594912 
594915 
594918 
463849 
594921 
463854 
594926 
463859 
594932 
463864 
594938 
594944 
463873 
463878 
463883 
594955 
594958 
463888 
594961 
594964 
463897 
594969 
594971 
594973 
463902 
594975 
594978 
463907 
594980 
594982 
463912 
594984 
594987 
594989 
594991 
463921 
594993 
594996 
463926 
594999 
595002 
463931 
595005 
463936 
595010 
595012 
595014 
595016 
463945 
595019 
595021 
463950 
595023 
595025 
463955 
595028 
463960 
595032 
595036 
595040 
463969 
463974 
595047 
595049 
463979 
595051 
595053 
463984 
595056 
595059 
595062 
463993 
595065 
463998 
595070 
595072 
595074 
464003 
595076 
595079 
464008 
595083 
595087 
464017 
595091 
464022 
595098 
464027 
595100 
595102 
464032 
595104 
595107 
595109 
595111 
464041 
595113 
595116 
464046 
595119 
595122 
464051 
595125 
464056 
595130 
595133 
595136 
464065 
595139 
464070 
595144 
595146 
464075 
595148 
595150 
464080 
595153 
595155 
595157 
595159 
464089 
595162 
595165 
464094 
595168 
464099 
595171 
464104 
595176 
595178 
595180 
595182 
464113 
595185 
595189 
464118 
595193 
464123 
595197 
464128 
595204 
595206 
595208 
464137 
595210 
595213 
464142 
595215 
595217 
464147 
595219 
595222 
464152 
595225 
595228 
595231 
464161 
595236 
464166 
595239 
595242 
464171 
595245 
464176 
595250 
595252 
595254 
595256 
464185 
595259 
464190 
595262 
595265 
464195 
595268 
464200 
595273 
595276 
595279 
464209 
595282 
464214 
595287 
595289 
464219 
595291 
595293 
464224 
595296 
595297 
595298 
595299 
595300 
595302 
595304 
464233 
595306 
595309 
464238 
595314 
464243 
595319 
464248 
595324 
464257 
595333 
464262 
595336 
464267 
595339 
595342 
464272 
595347 
595352 
464281 
595357 
464286 
595362 
464291 
464296 
595371 
595374 
464305 
595377 
595380 
464310 
595385 
464315 
595387 
595389 
595391 
464320 
595394 
595397 
595400 
464329 
595403 
464334 
595408 
464339 
595412 
464344 
595416 
595420 
464353 
595427 
464358 
595431 
464363 
595435 
595439 
464368 
595446 
595448 
464377 
595450 
595452 
464382 
595455 
595457 
464387 
595459 
595461 
464392 
595464 
595467 
595470 
464401 
595473 
464406 
595478 
595480 
595482 
464411 
595484 
595487 
464416 
595490 
595493 
595496 
464425 
595501 
464430 
595503 
595505 
464435 
595507 
595510 
464440 
595513 
595516 
595519 
464449 
595524 
464454 
595526 
595528 
595530 
464459 
595533 
595535 
464464 
595537 
595539 
595542 
595543 
595544 
464473 
595545 
595546 
464478 
595550 
595554 
464483 
595558 
464488 
595565 
595568 
464497 
595571 
464502 
595574 
464507 
595579 
595582 
464512 
595585 
595588 
464521 
595593 
595596 
464526 
595599 
595602 
464531 
595607 
464536 
595610 
595613 
595616 
464545 
595621 
464550 
595626 
464555 
595631 
464560 
595636 
464569 
595645 
464574 
595650 
464579 
595655 
464584 
595660 
464593 
595669 
464598 
595672 
464603 
595675 
595678 
464608 
595683 
595686 
464617 
595689 
595692 
464622 
595697 
464627 
595700 
595703 
464632 
595706 
595711 
464641 
595714 
595717 
464646 
595720 
464651 
595725 
464656 
595730 
595735 
464665 
595740 
464670 
464675 
595749 
464680 
595754 
595759 
464689 
595764 
464694 
464699 
595773 
464704 
595776 
595779 
595782 
464713 
595787 
464718 
595790 
595793 
464723 
595796 
464728 
595801 
595804 
595807 
464737 
595810 
464742 
595815 
595818 
464747 
595821 
464752 
595824 
595829 
464761 
595834 
464766 
595839 
464771 
595844 
464776 
595853 
464785 
595858 
464790 
595863 
464795 
595868 
464800 
595877 
595880 
464809 
595883 
464814 
595886 
464819 
595891 
595894 
464824 
595897 
595900 
464833 
595905 
595908 
464838 
595911 
595914 
464843 
595919 
464848 
595922 
595925 
595928 
464857 
595933 
464862 
595937 
464867 
595941 
464872 
595945 
595952 
464881 
595957 
464886 
595962 
464891 
595967 
464896 
595976 
464905 
595980 
464910 
595984 
464915 
595988 
464920 
595995 
595999 
464929 
596003 
464934 
596007 
464939 
596014 
464944 
596016 
596018 
596020 
596023 
464953 
596028 
464958 
596032 
464963 
596039 
464968 
596041 
596043 
596045 
596048 
464977 
596051 
464982 
596054 
596057 
464987 
596062 
596063 
464992 
596064 
596065 
596066 
596069 
596072 
465001 
596075 
465006 
596080 
596081 
596082 
465011 
596083 
596084 
596086 
465016 
596089 
596092 
596095 
465025 
596098 
465030 
596103 
465035 
596107 
596111 
465040 
596115 
465049 
596122 
596124 
465054 
596126 
596128 
465059 
596131 
596134 
465064 
596137 
596140 
465073 
596145 
596147 
596149 
465078 
596151 
596154 
465083 
596156 
596158 
465088 
596160 
596163 
596166 
465097 
596169 
596172 
465102 
596177 
465107 
596180 
596183 
465112 
596186 
596191 
465121 
596194 
596197 
465126 
596200 
465131 
596205 
465136 
596208 
596211 
596214 
465145 
596219 
596221 
465150 
596223 
596225 
465155 
596228 
465160 
596232 
596236 
596240 
465169 
465174 
596247 
465179 
596252 
465184 
596257 
596262 
465193 
465198 
596271 
596273 
465203 
596275 
596277 
465208 
596280 
596283 
596286 
465217 
596289 
465222 
596294 
596297 
465227 
596300 
596303 
465232 
596308 
596311 
465241 
596314 
465246 
596319 
465251 
596324 
465256 
596329 
596334 
465265 
465270 
596343 
465275 
596347 
596351 
465280 
596355 
465289 
596362 
596364 
465294 
596366 
596368 
465299 
596371 
596375 
465304 
596379 
596383 
465313 
465318 
596390 
596394 
465323 
596398 
465328 
596402 
465337 
596409 
596412 
465342 
596415 
596418 
465347 
596423 
465352 
596426 
596429 
596432 
465361 
596437 
465366 
596442 
465371 
596447 
465376 
596452 
465385 
596461 
465390 
465395 
596467 
465400 
596476 
596478 
596480 
465409 
596482 
596485 
465414 
596489 
465419 
596493 
465424 
596497 
596504 
465433 
596508 
465438 
596512 
465443 
596516 
465448 
596523 
596526 
465457 
596529 
596532 
465462 
596537 
465467 
596542 
465472 
596547 
596552 
465481 
465486 
596561 
465491 
596566 
465496 
596571 
596576 
465505 
465510 
596585 
465515 
596587 
596589 
596591 
465520 
596594 
596597 
596600 
465529 
596603 
465534 
596608 
465539 
596611 
596614 
465544 
596617 
596622 
465553 
596625 
596628 
465558 
596631 
465563 
596636 
465568 
596641 
596646 
465577 
596651 
465582 
465587 
596660 
465592 
596664 
596668 
596672 
465601 
465606 
596679 
596682 
465611 
596685 
465616 
596688 
596693 
596696 
465625 
596699 
465630 
596702 
465635 
596707 
596710 
465640 
596713 
596716 
465649 
596721 
596724 
465654 
596727 
596730 
465659 
596735 
465664 
596740 
465673 
596745 
465678 
596750 
465683 
596759 
465688 
596761 
596763 
596765 
596768 
465697 
596771 
465702 
596774 
596777 
465707 
596782 
465712 
596786 
596790 
465721 
596794 
465726 
596801 
465731 
596803 
596805 
596807 
465736 
596810 
596813 
596816 
465745 
596819 
465750 
596824 
596826 
465755 
596828 
596830 
465760 
596833 
596835 
596837 
596839 
465769 
596842 
596844 
465774 
596846 
596848 
465779 
596851 
596854 
465784 
596857 
596860 
465793 
596865 
596867 
596869 
465798 
596871 
596874 
465803 
596876 
596878 
465808 
596880 
596883 
596886 
465817 
596889 
596892 
465822 
596897 
465827 
596901 
465832 
596905 
596909 
465841 
596916 
465846 
596918 
596920 
596922 
465851 
596925 
465856 
596928 
596931 
596934 
465865 
596939 
465870 
596942 
596945 
465875 
596947 
596949 
465880 
596952 
596955 
596958 
465889 
596962 
596965 
465894 
596970 
465899 
596972 
596974 
465904 
596976 
596979 
596981 
596983 
465913 
596985 
596988 
465918 
596991 
596994 
465923 
596997 
465928 
597002 
597006 
465937 
597010 
465942 
597014 
465947 
597021 
597023 
465952 
597025 
597027 
597030 
465961 
597033 
597036 
465966 
597039 
465971 
597044 
597046 
465976 
597049 
597051 
597053 
597056 
465985 
597058 
597061 
465990 
597065 
465995 
597070 
466000 
597072 
597074 
597076 
597079 
466009 
597081 
597083 
597085 
466014 
597088 
597090 
466019 
597092 
597094 
466024 
597097 
597099 
597101 
597103 
466033 
597106 
597107 
597108 
597109 
466038 
597110 
597111 
597112 
597113 
597114 
466043 
597116 
597118 
466048 
597120 
597123 
597125 
597127 
466057 
597129 
597132 
466062 
597136 
466067 
597140 
466072 
597144 
597151 
466081 
597154 
597157 
466086 
597160 
466091 
597165 
466096 
597168 
597171 
597173 
597176 
466105 
597177 
597178 
597181 
466110 
597184 
466115 
597188 
466120 
597192 
597196 
466129 
597203 
466134 
597208 
466139 
597213 
466144 
597218 
466153 
597227 
466158 
597232 
466163 
597237 
466168 
597242 
466177 
597251 
466182 
597255 
466187 
597259 
597263 
466192 
597270 
466201 
597274 
466206 
597278 
597282 
466211 
466216 
597289 
597292 
597295 
466225 
597298 
466230 
597303 
597305 
466235 
597307 
597309 
466240 
597312 
597314 
597316 
597318 
466249 
597321 
597323 
597325 
466254 
597327 
597330 
466259 
597332 
597334 
466264 
597336 
597339 
597341 
597343 
466273 
597345 
597348 
466278 
597352 
466283 
597356 
466288 
597360 
597367 
466297 
597371 
466302 
597375 
466307 
597379 
466312 
597386 
597390 
466321 
597394 
466326 
597398 
466331 
597405 
466336 
597409 
597413 
466345 
597417 
466350 
597424 
466355 
597428 
466360 
597432 
597436 
466369 
597443 
466374 
597447 
466379 
597451 
466384 
597458 
466393 
597466 
597469 
466398 
597472 
466403 
597477 
597479 
466408 
597481 
597483 
597486 
597488 
466417 
597490 
597492 
466422 
597495 
597497 
466427 
597499 
597501 
466432 
597504 
597507 
597510 
466441 
597513 
466446 
597518 
597521 
466451 
597524 
597527 
466456 
597532 
597536 
466465 
597540 
466470 
597544 
466475 
597551 
466480 
597554 
597557 
597560 
466489 
597565 
466494 
597568 
466499 
597571 
597574 
466504 
597579 
597583 
466513 
597587 
466518 
597591 
466523 
597598 
466528 
597601 
597604 
597607 
466537 
597612 
466542 
597615 
597618 
466547 
597621 
466552 
597626 
597630 
466561 
597634 
466566 
597638 
466571 
597645 
466576 
597648 
597651 
597654 
466585 
597659 
466590 
597662 
597665 
466595 
597668 
466600 
597673 
597677 
466609 
597681 
597685 
466614 
466619 
597692 
597695 
466624 
597698 
597701 
466633 
597706 
597709 
466638 
597712 
466643 
597715 
466648 
597720 
597724 
597728 
466657 
597732 
466662 
466667 
597739 
597742 
466672 
597745 
597748 
466681 
597753 
597756 
466686 
597759 
597762 
466691 
597767 
466696 
597771 
597775 
466705 
597779 
466710 
597786 
466715 
597789 
466720 
597792 
597795 
597800 
466729 
597803 
466734 
597806 
597809 
466739 
597814 
466744 
597818 
597822 
466753 
597826 
466758 
597833 
466763 
597836 
597839 
466768 
597842 
597847 
466777 
597850 
597853 
466782 
597856 
466787 
597861 
466792 
597865 
597869 
466801 
597873 
466806 
597881 
466811 
466816 
597890 
597896 
466825 
597901 
466830 
466835 
597910 
466840 
597915 
597919 
466849 
466854 
597926 
597930 
466859 
597933 
466864 
597938 
597942 
466873 
597946 
597950 
466879 
597957 
466888 
597961 
597965 
466895 
597969 
466904 
597976 
597979 
466909 
597982 
597985 
466914 
597990 
466919 
597993 
597996 
597999 
466928 
598004 
466933 
598008 
466938 
598012 
466943 
598016 
598023 
466952 
598027 
466957 
598031 
466962 
598035 
466967 
598042 
598045 
466976 
598048 
598051 
466981 
598056 
466986 
598059 
598062 
466991 
598065 
598070 
467000 
598074 
467005 
598078 
467010 
598082 
467015 
598089 
598093 
467024 
598097 
467029 
598101 
467034 
598108 
467039 
598111 
598114 
598117 
467048 
598122 
467053 
598125 
598128 
467058 
598131 
467063 
598136 
598140 
467072 
598144 
598148 
467077 
467082 
598155 
467087 
598159 
598163 
598167 
467096 
467101 
598174 
598177 
467106 
598180 
467111 
598183 
598188 
598191 
467120 
598194 
467125 
598197 
467130 
598202 
598206 
467135 
598210 
598214 
467144 
467149 
598221 
598225 
467154 
598229 
467159 
598233 
467168 
598240 
467173 
598245 
598249 
467178 
467183 
598256 
598261 
467192 
598265 
467197 
598272 
467202 
598277 
467207 
598284 
467216 
598289 
467221 
598295 
467226 
598300 
467231 
598309 
467240 
598314 
467245 
598318 
467250 
467255 
598331 
598334 
467264 
598337 
598340 
467269 
598345 
467274 
598348 
467279 
598351 
598354 
598359 
467288 
598364 
467293 
598369 
467298 
598374 
467303 
598383 
467312 
598387 
467317 
598391 
467322 
598395 
467327 
598402 
598406 
467336 
598410 
467341 
598414 
467346 
598421 
467351 
598424 
598427 
598430 
467360 
598435 
467365 
598439 
467370 
598443 
467375 
598447 
598454 
467384 
598458 
467389 
598462 
467394 
598466 
467399 
598473 
598477 
467408 
598481 
467413 
598485 
467418 
598492 
467423 
598496 
598500 
598504 
467438 
598511 
598515 
467444 
598519 
598523 
467453 
467458 
598530 
598533 
467463 
598536 
598539 
467468 
598544 
467477 
598549 
467482 
598554 
467487 
598559 
467492 
598568 
598572 
467501 
598576 
467506 
598580 
467511 
598587 
467516 
598590 
598593 
598596 
467525 
598601 
467530 
598604 
467535 
598607 
598610 
467540 
598615 
598618 
467549 
598621 
598624 
467554 
598629 
467559 
598632 
598635 
467564 
598638 
598643 
467573 
598648 
467578 
598653 
467583 
598658 
467588 
598667 
467597 
598671 
467602 
598675 
467607 
598679 
467612 
598686 
598690 
467621 
598694 
467626 
598698 
467631 
598705 
467636 
598708 
598711 
598714 
467645 
598719 
467650 
598723 
467655 
598727 
598731 
467660 
598738 
467669 
598742 
467674 
598746 
598750 
467679 
467684 
598757 
598761 
467693 
598765 
598769 
467698 
467703 
598776 
467708 
598780 
598784 
598788 
467717 
467722 
598795 
467727 
598799 
598803 
467732 
598807 
467741 
598814 
598817 
467746 
598820 
467751 
598823 
467756 
598828 
598833 
467765 
598838 
467770 
598843 
467775 
467780 
598852 
598856 
598860 
467789 
598864 
467794 
467799 
598871 
598874 
467804 
598877 
598880 
467813 
598885 
598888 
467818 
598891 
598894 
467823 
598899 
467828 
598902 
598905 
598908 
467837 
598913 
467842 
598916 
467847 
598919 
598922 
467852 
598927 
598932 
467861 
598937 
467866 
598942 
467871 
467876 
598951 
598955 
467885 
598959 
467890 
598963 
467895 
598970 
467900 
598974 
598978 
467909 
598982 
467914 
598989 
467919 
598992 
598995 
467924 
598998 
599003 
467933 
599007 
467938 
599011 
467943 
599015 
467948 
599022 
599026 
467957 
599030 
467962 
599034 
467967 
599041 
467972 
599045 
599049 
599053 
467987 
599060 
599064 
467993 
599068 
599072 
468002 
468007 
599079 
599083 
468012 
599087 
468017 
599091 
468026 
599098 
599101 
468031 
599104 
599107 
468036 
599112 
468041 
599117 
468050 
599122 
468055 
599127 
468060 
599136 
468065 
599140 
599144 
468074 
599148 
468079 
599155 
468084 
599158 
468089 
599161 
599164 
599169 
468098 
599172 
468103 
599175 
599178 
468108 
599183 
468113 
599186 
599189 
599192 
468122 
599197 
468127 
599200 
599203 
468132 
599206 
468137 
599211 
599216 
468146 
599221 
468151 
599226 
468156 
468161 
599235 
599239 
468170 
599243 
468175 
599247 
468180 
599254 
468185 
599258 
599262 
468194 
599266 
468199 
599273 
468204 
599276 
599279 
468209 
599282 
599287 
468218 
599291 
468223 
599295 
599299 
468228 
468233 
599306 
599310 
468242 
599314 
599318 
468247 
468252 
599325 
468257 
599329 
599333 
599337 
468266 
468271 
599344 
468276 
599348 
599352 
468281 
599356 
468290 
599363 
468295 
599367 
599371 
468300 
599375 
468305 
599382 
599385 
468314 
599388 
468319 
599391 
468324 
599396 
599400 
468329 
599404 
599408 
468338 
468343 
599415 
599419 
468348 
599423 
468353 
599427 
468362 
599434 
599437 
468367 
599440 
599443 
468372 
599448 
468377 
599451 
599454 
599457 
468386 
599462 
468391 
599465 
468396 
599468 
599471 
468401 
599476 
599479 
468410 
599482 
599485 
468415 
599490 
468420 
599494 
468425 
599498 
599502 
468434 
599509 
468439 
599512 
599515 
468444 
599518 
468449 
599523 
599528 
468458 
599533 
468463 
599538 
468468 
468473 
599547 
599551 
468482 
599555 
468487 
599559 
468492 
599566 
468497 
599571 
599576 
468506 
599581 
468511 
468516 
599590 
468521 
599594 
599598 
468530 
599602 
468536 
599609 
599612 
599615 
468545 
599618 
599623 
468552 
599627 
599631 
468561 
599635 
468566 
599642 
468571 
599645 
468576 
599648 
599651 
599656 
468585 
599659 
468590 
599662 
599665 
468595 
599670 
468600 
599674 
599678 
468609 
599682 
468614 
599689 
468619 
599692 
599695 
468624 
599698 
599703 
468633 
599707 
468638 
599711 
468643 
599715 
468648 
599722 
599725 
599728 
468657 
599731 
468662 
599736 
468667 
599740 
468672 
599744 
599748 
468681 
599755 
468686 
599759 
468691 
599763 
599767 
468696 
599774 
468705 
599777 
599780 
468710 
599783 
468715 
599788 
599791 
468720 
599794 
599797 
468729 
599802 
468734 
599806 
599810 
468739 
599814 
468744 
599821 
468753 
599825 
599829 
468758 
599833 
468763 
468768 
599840 
599846 
468777 
599853 
468782 
468787 
599859 
468792 
599868 
599871 
468801 
599874 
599877 
468806 
599882 
468811 
599886 
468816 
599890 
599894 
468825 
599901 
468830 
599906 
468835 
468840 
599913 
599918 
468849 
599922 
468854 
599929 
468859 
599932 
468864 
599941 
468873 
599945 
599949 
468878 
599953 
468883 
468888 
599960 
599963 
599966 
468897 
599969 
468902 
599974 
599977 
468907 
599980 
599983 
468912 
599988 
599992 
468921 
599996 
468926 
600000 
468931 
600007 
468936 
600013 
468945 
600018 
468950 
468955 
600027 
600031 
468960 
600035 
600039 
468969 
468974 
600046 
468979 
600051 
468984 
600056 
600061 
468993 
468998 
600070 
600074 
469003 
600078 
469008 
600082 
469017 
600089 
469022 
600094 
469027 
600099 
469032 
600104 
469041 
600113 
600117 
469046 
600121 
469051 
600125 
469056 
600132 
469065 
600137 
469070 
600142 
469075 
600147 
469080 
600156 
600160 
469089 
600164 
469094 
600168 
469099 
600175 
469104 
600181 
469113 
600186 
469118 
469123 
600195 
600199 
469128 
600206 
469137 
600212 
469142 
469147 
600219 
469152 
600224 
600229 
469161 
600234 
469166 
469171 
600243 
469176 
600248 
600255 
469185 
600260 
469190 
600265 
469195 
600270 
469200 
600279 
469209 
600283 
469214 
600287 
469219 
600291 
469224 
600298 
600302 
469233 
600305 
469238 
600310 
600314 
469243 
600318 
469248 
600322 
469257 
600329 
600332 
469262 
600335 
600338 
469267 
600343 
469272 
600346 
600351 
469281 
600355 
469286 
600359 
469291 
600363 
469296 
600370 
600374 
469305 
600378 
469310 
600382 
469315 
600389 
469320 
600392 
600395 
600398 
469329 
600403 
469334 
600407 
469339 
600411 
600415 
469344 
600422 
469353 
600425 
600428 
469358 
600431 
469363 
600436 
600439 
469368 
600442 
600445 
469377 
600450 
469382 
600454 
600458 
469387 
600462 
469392 
600469 
469401 
600475 
469406 
600482 
469411 
600487 
469416 
600494 
469425 
600499 
469430 
600504 
469435 
600509 
469440 
600518 
469449 
600522 
469454 
600526 
600530 
469459 
469464 
600537 
600543 
469473 
469478 
600552 
469483 
600556 
469488 
600560 
600564 
469497 
469502 
600575 
469507 
600579 
600583 
469512 
600587 
469521 
600594 
469526 
600600 
469531 
600605 
469536 
600614 
469545 
600617 
600620 
469550 
600623 
469555 
600628 
469560 
600633 
600640 
469569 
600644 
469574 
600648 
469579 
600652 
469584 
600659 
600664 
469593 
600669 
469598 
600674 
469603 
469608 
600683 
469617 
600689 
600693 
469622 
469627 
600700 
469632 
600705 
600710 
469641 
600715 
469646 
469651 
600724 
469656 
600728 
600732 
600736 
469665 
469670 
600743 
469675 
600747 
600750 
469680 
600755 
600759 
469689 
600763 
469694 
600767 
469699 
600774 
469704 
600778 
600782 
469713 
600786 
469718 
600793 
469723 
600796 
600799 
469728 
600802 
600807 
469737 
600812 
469742 
600817 
469747 
600822 
469752 
600831 
469761 
600836 
469766 
469771 
600843 
469776 
600853 
469785 
600859 
469790 
469795 
600868 
469800 
600873 
600880 
469809 
600885 
469814 
469819 
600895 
469824 
600902 
469833 
600906 
469838 
600910 
600914 
469843 
469848 
600921 
600926 
469857 
600930 
469862 
600937 
469867 
600941 
469872 
600944 
600949 
469881 
600953 
600956 
469886 
600961 
469891 
600966 
469896 
600971 
600976 
469905 
469910 
600985 
469915 
600989 
469920 
600993 
600997 
469929 
601004 
469934 
601007 
601010 
469939 
601013 
469944 
601018 
601023 
469953 
601028 
469958 
601033 
469963 
469968 
601042 
601046 
469977 
601050 
469982 
601054 
469987 
601061 
469992 
601065 
601069 
470001 
601073 
470006 
601080 
470011 
601084 
470016 
601088 
601092 
470025 
601099 
470030 
601102 
601105 
470035 
601108 
470040 
601113 
601117 
470049 
601121 
601125 
470054 
470059 
601132 
470064 
601136 
601140 
601144 
470073 
470078 
601151 
601154 
470083 
601157 
470088 
601160 
601165 
601168 
470097 
601171 
470102 
601174 
470107 
601179 
470112 
601184 
601189 
470121 
601194 
470126 
470131 
601203 
601207 
470136 
601211 
601215 
470145 
470150 
601222 
601225 
470155 
601228 
601231 
470160 
601236 
470169 
601241 
470174 
601246 
470179 
601251 
470184 
601260 
601264 
470193 
601268 
470198 
601272 
470203 
601279 
470208 
601283 
601287 
470217 
601291 
470222 
601298 
470227 
601302 
470232 
601306 
601310 
470241 
470245 
601317 
601320 
470249 
601323 
470253 
601326 
601331 
470260 
601335 
470265 
601339 
470270 
601343 
470275 
601350 
601354 
470284 
601358 
470289 
601362 
470294 
601369 
470299 
601372 
601375 
601378 
470308 
601383 
470313 
601386 
601389 
470318 
601392 
470323 
601397 
601402 
470332 
601407 
470337 
601412 
470342 
470347 
601421 
601425 
470356 
601429 
470361 
601433 
470366 
601440 
470371 
601443 
601446 
601449 
470380 
601454 
470385 
601459 
470390 
601464 
470395 
601469 
470404 
601478 
470409 
601482 
470414 
601486 
601490 
470419 
601497 
470428 
601501 
470433 
601505 
601509 
470438 
470443 
601516 
601520 
470452 
601524 
601528 
470457 
470462 
601535 
601538 
470467 
601541 
601544 
470476 
601549 
470481 
601553 
601557 
470486 
601561 
470491 
601568 
470500 
601572 
601576 
470505 
601580 
470510 
470515 
601587 
601590 
601593 
470524 
601596 
470529 
601601 
601604 
470534 
601607 
601610 
470539 
601615 
470548 
601620 
470553 
601625 
470558 
601630 
470563 
601639 
601643 
470572 
601647 
470577 
601651 
470582 
601658 
470587 
601661 
601664 
601667 
470596 
601672 
470601 
601677 
470606 
601682 
470611 
601687 
470620 
601696 
470625 
601700 
470630 
601704 
470635 
601708 
601715 
470644 
601719 
470649 
601723 
470654 
601727 
470659 
601734 
601738 
470668 
601742 
470673 
601746 
470678 
601753 
470683 
601756 
601759 
601762 
470692 
601767 
470697 
601771 
470702 
601775 
470707 
601779 
601786 
470716 
601789 
601792 
470721 
601795 
470726 
601800 
470731 
601804 
601808 
470740 
601812 
470745 
601819 
470750 
601823 
470755 
601827 
601831 
470764 
601838 
470769 
601841 
601844 
470774 
601847 
470779 
601852 
601855 
601858 
470788 
601861 
470793 
601866 
470798 
601871 
470803 
601876 
601881 
470812 
470817 
601890 
470822 
601894 
601898 
470827 
601902 
470836 
601909 
470840 
601912 
601915 
470844 
601918 
470848 
601923 
470855 
601927 
601931 
470860 
601935 
470865 
470870 
601942 
601945 
601948 
470879 
601951 
470883 
601956 
470887 
601960 
470891 
601964 
601968 
470898 
470903 
601975 
601979 
470908 
601983 
470913 
601987 
470922 
601994 
470926 
601999 
470930 
602004 
470934 
602009 
470941 
470946 
602018 
602022 
470951 
602026 
470956 
602030 
470965 
602037 
470969 
602041 
470973 
602045 
470977 
602049 
470984 
602056 
470989 
602061 
470994 
602066 
470999 
602071 
471008 
602080 
471012 
602084 
471016 
602088 
471020 
602092 
471027 
602099 
471032 
602104 
471037 
602109 
471042 
602114 
471051 
602123 
471055 
602127 
471059 
602131 
471063 
602135 
471070 
602142 
602145 
471075 
602148 
602151 
471080 
602156 
471085 
602160 
602164 
471094 
602168 
471098 
471102 
602175 
471106 
602179 
602183 
471113 
602187 
471118 
602194 
471123 
602198 
471128 
602202 
602206 
471137 
471141 
602213 
471145 
602217 
471149 
602221 
602225 
471156 
602232 
471161 
602237 
471166 
602242 
471171 
602247 
471180 
471184 
602256 
471188 
602260 
471192 
602264 
602268 
471199 
602275 
471204 
602280 
471209 
602285 
471214 
602290 
471223 
471227 
602299 
471231 
602304 
471235 
602309 
471242 
602314 
471247 
602323 
471252 
602327 
471257 
602331 
602335 
471266 
471270 
602342 
471274 
602349 
471278 
471285 
602358 
471290 
602362 
602366 
471295 
602370 
471300 
602377 
471309 
602381 
471313 
602385 
471317 
602389 
471321 
602396 
602399 
471328 
602402 
471333 
602405 
471338 
602410 
602414 
471343 
602418 
602422 
471352 
471356 
602429 
471360 
602432 
602435 
471364 
602438 
471371 
602443 
471376 
602448 
471381 
602455 
471386 
602460 
602465 
471395 
602470 
471399 
471403 
471407 
602479 
602483 
471414 
602487 
471419 
602491 
471424 
602498 
471429 
602504 
471438 
602513 
471442 
602517 
471446 
602521 
471450 
602525 
471457 
602532 
471462 
602537 
471467 
602542 
471472 
602547 
471481 
602556 
471485 
602560 
471489 
602564 
471493 
602568 
471500 
602575 
471505 
602578 
602581 
471510 
602584 
471515 
602589 
602594 
471524 
471528 
602601 
471532 
602604 
602607 
471536 
602610 
471543 
602615 
602619 
471548 
602623 
471553 
602627 
471558 
602634 
471567 
602639 
471571 
602644 
471575 
602649 
471579 
471586 
602658 
471591 
602663 
471596 
602668 
471601 
602673 
471610 
602682 
471614 
602686 
471618 
602690 
471622 
602694 
471629 
602701 
471634 
602706 
471639 
602711 
471644 
602716 
471653 
602725 
471657 
602729 
471661 
602733 
471665 
602737 
471672 
602744 
471677 
602749 
471682 
602754 
471687 
602759 
471696 
602768 
471700 
602772 
471704 
602776 
471708 
602780 
471715 
602787 
602791 
471720 
602795 
471725 
602799 
471730 
602806 
602810 
471739 
602814 
471743 
602818 
471747 
471751 
602825 
602829 
471758 
602833 
471763 
602837 
471768 
602844 
471773 
602848 
602852 
471782 
602856 
471786 
471790 
602863 
471794 
602867 
602871 
471801 
602875 
471806 
602882 
471811 
602887 
471816 
602892 
471825 
602897 
471829 
471833 
602906 
471837 
602910 
602914 
471844 
602918 
471851 
602925 
602929 
471858 
602933 
471865 
602937 
602944 
602949 
471878 
471882 
602954 
471886 
602959 
471890 
602968 
471897 
602971 
471901 
602974 
471905 
602977 
471909 
602982 
602986 
471916 
602990 
471919 
471922 
602994 
471925 
603001 
471930 
471934 
603006 
471938 
603011 
471942 
603016 
471949 
471953 
603025 
471957 
603029 
471961 
603033 
603037 
471968 
471971 
603044 
471974 
603048 
471977 
603052 
471982 
603056 
471986 
471990 
603063 
471994 
603068 
472001 
603073 
472005 
603078 
472009 
472013 
603087 
603091 
472020 
472023 
603095 
472026 
603099 
472029 
472034 
603106 
603109 
472038 
603112 
472042 
603115 
472046 
603120 
603124 
472053 
603128 
472057 
603132 
472061 
472065 
603139 
603142 
472072 
603145 
472075 
603148 
472078 
472081 
603153 
603156 
472086 
603159 
472090 
603162 
472094 
603167 
472098 
603170 
603173 
603176 
472105 
472109 
603181 
603184 
472113 
603187 
472117 
603190 
603195 
472124 
603198 
472127 
603201 
472130 
603204 
472133 
603209 
472138 
603213 
472142 
603217 
472146 
603221 
472150 
603228 
472157 
603231 
472161 
603234 
472165 
603237 
472169 
603242 
603245 
472176 
603248 
472179 
603251 
472182 
603256 
472185 
603260 
472190 
603264 
472194 
603268 
472198 
472202 
603275 
603278 
472209 
603281 
603284 
472213 
472217 
603289 
603292 
472221 
603295 
603298 
472228 
472231 
603303 
472234 
603307 
472237 
603311 
472242 
603315 
472246 
472250 
603322 
603325 
472254 
603328 
603331 
472261 
603336 
472265 
603339 
472269 
603342 
472273 
603345 
603350 
472280 
603354 
472283 
472286 
603358 
472289 
603362 
472294 
603369 
472298 
603372 
472302 
603375 
472306 
603378 
603383 
472313 
603386 
472317 
603389 
603392 
472321 
472325 
603397 
603400 
603403 
472332 
603406 
472335 
472338 
603411 
472341 
603414 
603417 
472346 
603420 
472350 
603425 
472354 
603428 
472358 
603431 
603434 
472365 
603439 
472369 
603443 
472373 
603447 
472377 
603451 
472384 
603458 
472387 
472390 
603463 
472393 
603467 
472398 
472402 
603474 
472406 
603479 
472410 
603484 
472417 
603489 
472421 
472425 
603498 
472429 
603503 
603507 
472436 
472439 
472442 
603514 
472445 
472450 
603522 
472454 
472458 
603533 
472462 
603539 
472469 
603543 
472473 
472477 
603550 
472481 
603556 
472488 
603561 
472491 
472494 
472497 
603570 
472502 
472506 
603578 
472510 
603582 
472514 
603586 
603590 
472521 
472525 
603597 
472529 
603602 
472533 
603607 
472540 
603612 
472543 
472546 
472549 
603621 
603625 
472554 
603629 
472558 
603633 
472562 
472566 
603640 
472573 
603646 
472577 
603652 
472581 
472585 
603658 
472592 
472595 
603669 
472598 
472601 
603673 
603677 
472606 
603681 
472610 
472614 
603688 
472618 
603693 
472625 
603698 
472629 
603703 
472633 
472637 
603712 
472644 
603716 
472647 
603720 
472650 
603724 
472653 
472658 
603731 
472662 
603735 
472666 
603739 
472670 
603743 
472677 
603750 
472681 
603755 
472685 
603760 
472689 
603765 
472696 
472699 
472702 
603774 
472705 
603778 
472710 
603782 
472714 
603786 
472718 
603793 
472722 
603799 
472729 
472733 
603805 
472737 
603811 
472741 
472748 
603822 
472751 
472754 
603826 
472757 
603830 
472762 
603834 
472766 
603841 
472770 
472774 
603846 
603851 
472781 
603856 
472785 
472789 
472793 
603865 
603869 
472800 
603873 
472803 
603877 
472806 
472809 
603884 
472814 
603888 
472818 
603892 
472822 
603896 
472826 
603903 
472833 
603908 
472837 
472841 
603913 
472845 
603918 
472852 
472855 
603927 
472858 
603931 
472861 
603935 
472866 
603939 
472870 
472874 
603946 
472878 
603952 
472885 
603958 
472889 
603964 
472893 
472897 
603975 
472904 
472907 
603979 
472910 
603983 
472913 
603987 
472918 
472922 
603994 
472926 
603999 
472930 
604004 
472937 
604009 
472941 
472945 
604018 
472949 
604022 
604026 
472956 
604030 
472959 
472962 
472965 
604037 
604041 
472970 
604045 
472974 
604049 
472978 
472982 
604056 
604059 
472989 
604062 
472993 
604065 
472997 
604070 
473001 
604074 
604078 
473008 
604082 
473011 
473014 
473017 
604089 
473022 
604095 
473026 
604101 
473030 
473034 
604107 
473041 
473045 
604118 
473049 
604121 
604124 
473053 
604127 
473060 
604132 
473063 
604137 
473066 
473069 
604142 
473074 
604147 
473078 
473082 
604156 
473086 
604160 
604164 
473093 
604168 
473097 
473101 
604175 
473105 
604178 
604181 
473112 
604184 
473115 
604189 
473118 
604192 
473121 
604195 
473126 
604198 
473129 
604203 
473132 
473135 
604207 
604211 
473140 
604215 
473144 
473148 
604222 
473152 
604225 
604228 
473159 
604231 
473161 
473163 
604236 
473165 
604239 
473168 
604242 
473172 
604245 
473176 
604250 
473180 
604254 
604258 
473187 
604262 
473191 
473195 
604269 
473199 
604272 
604275 
473206 
604278 
473209 
604283 
473212 
604286 
473215 
604289 
473220 
604292 
473223 
604297 
473226 
473229 
604301 
604305 
473234 
604309 
473239 
473244 
604316 
473249 
604321 
604325 
473258 
473260 
604332 
473262 
473264 
604337 
473267 
604341 
473271 
473275 
604348 
473279 
604352 
604356 
473286 
604360 
473290 
473294 
604367 
473298 
604372 
473305 
604379 
473308 
473311 
604385 
473314 
604390 
473319 
473322 
473325 
604399 
473328 
604403 
473333 
604407 
473338 
604411 
473343 
604418 
473348 
604422 
604426 
473357 
604430 
473359 
473361 
473363 
604437 
473366 
473370 
604442 
473374 
604447 
473378 
604452 
473385 
473389 
604461 
473393 
604465 
473397 
604469 
604473 
473404 
473407 
604480 
473410 
604484 
473413 
604488 
473418 
604492 
473421 
473424 
473427 
604499 
473432 
604504 
473437 
604509 
473442 
604514 
473447 
604523 
473456 
604528 
473458 
473460 
604533 
473462 
473465 
604538 
473469 
473473 
604547 
473477 
604551 
604555 
473484 
604559 
473488 
473492 
604566 
473496 
604570 
604574 
473503 
473506 
604578 
473509 
473512 
604585 
473517 
604590 
473520 
473523 
604595 
473526 
604600 
473531 
473536 
604609 
473541 
604613 
604617 
473546 
604621 
473555 
604628 
473557 
473559 
604632 
473561 
473564 
604636 
473568 
604640 
473572 
604647 
473576 
604651 
604654 
473583 
473587 
604659 
473591 
604663 
604666 
473595 
604671 
473602 
604676 
473605 
473608 
604681 
473611 
604686 
473616 
473622 
604695 
473628 
604700 
604704 
473634 
604711 
604715 
473645 
604719 
473650 
604723 
473655 
604730 
473660 
604736 
473669 
604743 
604746 
473675 
604749 
473681 
604754 
604758 
473687 
604765 
473698 
604773 
473704 
473710 
604782 
604787 
473716 
604791 
604798 
473727 
604802 
473733 
604805 
604810 
473739 
604813 
604816 
473745 
604819 
604824 
604827 
473756 
604830 
604833 
473762 
604838 
473768 
604841 
604844 
473774 
604847 
604852 
604856 
473785 
604860 
473791 
604864 
473797 
604871 
473803 
604876 
604881 
473814 
604886 
473817 
473820 
473823 
604895 
604898 
473828 
604901 
604904 
473833 
604909 
473838 
604912 
473843 
604915 
604918 
604923 
473852 
473854 
604927 
473856 
473858 
604931 
473861 
604935 
473865 
473869 
604942 
473873 
604946 
604950 
473880 
604954 
473884 
473888 
604961 
473892 
604965 
604968 
473899 
604973 
473902 
473905 
604977 
473908 
604981 
473913 
604985 
473918 
604992 
473923 
604996 
473928 
605000 
605004 
473937 
605011 
473940 
473943 
605016 
473946 
605021 
473951 
605026 
473956 
473961 
605035 
473966 
605039 
605043 
473975 
605047 
473977 
473979 
473981 
605054 
473984 
605058 
473988 
605061 
473992 
605066 
473996 
605070 
605074 
474003 
605078 
474007 
474011 
605085 
474015 
605093 
474022 
474025 
605097 
474028 
605101 
474031 
474036 
605108 
474041 
605113 
605117 
474046 
474051 
605124 
474060 
605132 
474070 
605143 
605147 
474078 
605151 
474083 
605155 
474088 
605162 
474093 
605165 
605168 
605171 
474102 
605176 
474106 
605178 
605180 
474110 
605182 
605185 
474114 
605189 
474121 
605193 
605197 
474126 
474131 
605204 
474136 
605210 
605216 
474145 
474149 
605222 
474153 
474157 
605233 
474164 
605238 
474169 
605243 
474174 
605248 
474179 
605257 
474188 
605260 
605263 
474192 
605266 
474196 
605271 
474200 
605275 
474207 
605279 
605283 
474212 
474217 
605290 
474222 
605295 
605299 
474231 
605306 
474235 
605310 
474239 
605313 
474243 
605318 
474250 
605322 
605326 
605330 
474260 
474263 
605337 
474266 
474269 
605341 
605345 
474274 
605349 
474279 
474284 
605356 
605360 
474289 
605364 
605368 
474298 
474300 
474302 
605375 
474304 
605378 
474307 
605381 
474311 
605384 
474315 
605389 
474319 
605393 
605397 
474326 
605401 
474330 
474334 
605408 
474338 
605412 
605416 
474345 
474348 
605420 
474351 
474354 
605427 
474359 
605431 
605435 
474364 
605439 
474371 
605446 
474376 
605450 
474381 
605454 
474386 
605458 
605465 
474395 
605469 
474400 
605473 
474405 
605477 
474410 
605484 
605487 
605490 
474419 
605493 
474424 
605498 
605501 
474431 
605504 
605507 
474436 
605512 
474441 
605515 
474446 
605518 
605521 
605526 
474455 
605529 
474460 
605532 
605535 
474465 
474470 
605545 
605550 
474479 
474482 
605555 
474485 
474488 
605560 
474493 
605569 
474498 
605573 
474503 
605576 
474508 
605581 
605587 
474517 
474519 
474521 
474523 
605596 
474526 
605600 
474530 
605604 
474534 
605608 
474538 
605615 
474545 
474549 
605621 
474553 
474557 
605630 
474564 
605637 
474567 
605640 
474570 
474573 
605645 
605647 
474578 
605650 
474581 
605653 
474584 
605656 
474587 
605659 
474592 
605664 
605668 
474597 
605672 
474602 
605676 
474607 
605683 
605686 
474616 
605689 
474618 
474620 
605692 
474622 
474625 
605697 
474629 
605702 
474633 
605707 
474637 
605712 
474644 
474648 
605721 
474652 
605724 
605727 
474656 
605730 
474663 
605735 
474666 
605739 
474669 
605743 
474672 
605747 
474677 
474680 
605754 
474683 
605757 
474686 
605760 
474691 
605763 
474696 
605768 
605771 
474701 
605774 
605777 
474706 
605782 
605786 
474715 
474717 
605790 
474719 
474721 
605794 
474724 
474728 
605801 
474732 
605804 
605807 
474736 
605810 
474743 
605815 
474747 
605820 
474751 
605825 
474755 
605830 
474762 
474765 
605839 
474768 
605842 
474771 
605845 
474776 
605848 
474779 
605853 
474782 
474785 
605857 
605861 
474790 
605865 
474795 
474800 
605872 
605875 
474805 
605878 
605881 
474814 
605886 
474816 
605889 
474818 
474820 
605892 
474823 
605895 
474827 
605900 
474831 
605904 
474835 
605908 
605912 
474842 
474846 
605919 
474850 
605922 
605925 
474854 
605928 
474861 
605933 
474864 
605938 
474867 
474870 
605943 
474875 
605948 
474879 
474883 
605957 
474887 
605960 
605963 
474894 
605966 
474897 
605971 
474900 
474903 
605975 
605979 
474908 
474910 
605983 
474912 
474914 
474917 
605990 
605993 
474922 
605996 
474927 
605999 
474932 
606004 
606007 
606010 
474941 
606013 
474944 
606018 
474947 
474950 
606022 
606026 
474955 
474957 
606030 
474959 
474961 
474964 
606037 
606040 
474969 
606043 
474974 
606046 
474979 
606051 
606056 
474988 
606061 
474991 
474994 
606066 
474997 
475002 
606075 
475004 
475006 
606078 
475008 
606081 
475011 
606084 
475016 
606089 
475021 
606093 
606097 
475026 
606101 
475035 
606108 
475038 
606111 
475041 
606114 
475044 
606117 
475049 
606122 
475051 
475053 
606125 
475055 
606128 
475058 
606131 
475063 
606136 
475068 
606142 
475073 
606148 
475082 
606154 
475085 
475088 
475091 
606165 
475096 
606169 
475098 
475100 
606173 
475102 
475105 
606177 
475110 
606184 
475115 
606188 
475120 
606192 
606196 
475129 
606203 
475132 
475135 
606207 
475138 
606210 
475143 
606215 
475145 
475147 
606220 
475149 
475152 
606225 
475157 
606229 
606232 
475162 
606237 
475167 
606240 
606243 
606246 
475176 
475179 
606251 
475182 
606255 
475185 
606259 
475190 
606263 
475192 
475194 
475196 
606270 
475199 
606273 
475204 
606276 
606279 
475209 
606284 
475214 
606287 
606290 
606293 
475223 
475226 
606298 
475229 
606301 
475232 
606304 
606307 
475237 
475239 
606312 
475241 
475243 
606315 
475246 
606318 
606321 
475251 
475256 
606332 
475261 
606338 
475270 
606342 
475273 
606345 
475276 
606348 
475279 
606351 
475284 
606356 
475286 
606359 
475288 
475290 
606362 
475293 
606365 
475298 
606370 
606373 
475303 
606376 
606379 
475308 
606384 
606386 
606388 
475317 
606390 
475320 
606393 
475323 
606395 
606397 
475326 
606399 
606402 
475331 
606404 
475333 
606406 
475335 
606408 
475337 
606411 
475340 
606414 
475345 
606417 
606420 
475350 
606425 
475355 
606427 
606429 
606431 
606434 
475364 
606437 
475367 
606440 
475370 
606443 
475373 
606448 
475378 
606451 
475380 
475382 
606454 
475384 
606457 
475387 
606462 
475392 
606465 
606468 
475397 
606471 
475402 
606476 
606478 
606480 
606482 
475411 
606485 
475414 
606487 
475417 
606489 
606491 
475420 
606494 
606496 
475425 
606498 
475427 
606500 
475429 
475431 
606503 
475434 
606506 
606509 
475439 
606512 
475444 
606517 
606519 
475449 
606521 
606523 
606526 
606529 
475458 
606532 
475461 
606535 
475464 
475467 
606540 
606543 
475472 
475474 
606546 
475476 
606549 
475478 
475481 
606554 
606557 
475486 
606560 
475491 
606563 
475496 
606568 
606570 
606572 
606574 
475505 
606577 
606579 
475508 
606581 
475511 
606583 
475514 
606586 
606588 
606590 
475519 
606592 
475521 
475523 
606595 
475525 
606598 
475528 
606601 
606604 
475533 
606609 
475538 
606611 
606613 
475543 
606615 
606618 
606621 
475552 
606624 
475555 
606627 
475558 
606632 
475561 
606635 
475566 
606638 
475568 
606641 
475570 
475572 
606646 
475575 
606649 
475580 
606652 
606655 
475585 
606660 
475590 
606662 
606664 
606666 
606669 
475599 
606671 
606673 
475602 
606675 
475605 
606678 
475608 
606680 
606682 
606684 
475613 
475615 
606687 
475617 
606690 
475619 
606693 
475622 
606696 
475627 
606701 
606703 
475632 
606705 
606707 
475637 
475646 
606720 
475649 
475652 
606724 
475655 
606729 
475660 
475662 
606734 
475664 
475666 
606738 
475669 
606745 
475674 
606749 
475679 
606752 
475684 
606757 
606761 
475693 
606765 
475696 
606769 
475699 
475702 
606776 
475707 
606779 
475709 
606782 
475711 
475713 
606785 
475716 
606790 
475721 
606794 
475726 
606798 
606802 
475731 
606809 
475740 
606813 
475743 
606817 
475746 
475749 
606821 
475754 
475756 
606828 
475758 
606831 
475760 
606834 
475763 
606837 
475768 
606842 
475773 
606845 
606848 
475778 
606851 
606856 
475787 
606859 
475790 
606862 
475793 
606865 
475796 
606870 
475801 
475803 
606875 
475805 
475807 
606880 
475810 
606885 
475815 
475820 
606894 
475825 
606898 
606902 
475834 
606906 
475837 
475840 
606913 
475843 
606917 
475848 
606921 
475850 
475852 
606925 
475854 
475857 
606932 
475862 
606935 
606938 
475867 
606941 
475872 
606946 
606950 
475881 
606953 
475884 
606958 
475887 
475890 
606962 
606966 
475895 
475897 
606970 
475899 
475901 
475904 
606977 
475909 
606983 
475914 
606987 
475919 
606994 
606997 
475928 
607000 
475931 
607003 
475934 
607008 
475937 
607011 
475942 
607014 
475944 
607017 
475946 
475948 
607022 
475951 
607027 
475956 
607032 
475961 
607037 
475966 
607046 
475975 
475978 
607050 
475981 
607054 
475984 
607058 
475989 
475991 
475993 
607065 
475995 
607069 
475998 
607073 
476002 
607077 
476006 
476010 
607084 
607087 
476017 
607090 
476020 
607093 
476023 
476026 
607098 
607101 
476031 
476032 
607104 
476033 
476034 
607107 
607112 
476041 
476045 
607117 
476049 
607122 
476053 
607127 
476060 
476064 
607136 
607139 
476068 
607142 
476072 
607145 
607150 
476079 
607153 
476082 
607156 
476085 
607159 
476088 
607164 
476093 
607168 
476097 
607172 
476101 
607176 
476105 
607183 
476112 
607186 
476115 
607189 
476118 
607192 
476121 
607197 
476126 
476130 
607202 
476134 
607206 
476138 
607211 
476145 
607218 
476150 
607223 
476155 
607227 
476160 
607234 
607238 
476169 
607241 
476173 
607246 
607248 
476177 
607251 
476181 
607255 
607259 
476188 
607263 
476192 
476196 
607270 
476200 
607274 
607277 
476207 
607282 
476212 
607286 
476217 
607290 
476222 
607294 
607301 
476231 
607304 
607307 
476236 
607310 
476243 
607315 
476247 
607319 
476251 
607323 
476255 
607327 
476262 
607334 
607337 
476266 
607340 
476270 
607343 
476274 
607348 
607351 
476281 
607354 
607357 
476288 
607362 
607366 
476295 
607370 
476302 
607374 
607381 
607384 
476315 
607387 
476318 
607390 
476321 
607395 
476324 
607400 
476329 
476333 
607407 
476337 
607410 
476341 
607413 
607418 
476348 
607422 
476351 
476354 
607426 
476357 
607430 
476362 
607437 
476366 
607441 
476370 
607445 
476374 
607449 
476381 
476384 
607456 
476387 
607459 
476390 
607462 
607465 
476395 
607470 
476399 
476403 
607475 
476407 
607480 
476414 
607487 
476417 
476420 
607492 
476423 
607495 
607498 
476428 
607501 
476432 
607506 
476436 
607510 
476440 
607513 
607518 
476447 
607521 
476450 
607524 
476453 
607527 
476456 
607532 
476461 
607535 
476465 
607538 
476469 
607541 
476473 
607546 
607550 
476480 
607554 
476483 
476486 
607558 
476489 
607565 
476494 
607568 
476498 
607571 
476502 
607574 
476506 
607579 
607582 
476513 
607585 
476516 
607588 
476519 
607593 
476522 
607596 
476527 
607599 
607602 
476531 
476535 
607607 
607610 
476539 
607613 
607616 
476546 
476549 
607621 
476552 
607624 
476555 
607627 
607630 
476560 
607635 
476564 
607639 
476568 
607643 
476572 
607647 
476579 
476582 
607654 
476585 
607657 
476588 
607660 
607663 
476593 
607668 
476597 
607671 
476601 
607674 
476605 
607677 
607682 
476612 
607685 
476615 
607688 
476618 
607691 
476621 
607696 
476626 
607699 
476630 
607702 
607705 
476634 
476638 
607710 
607713 
607716 
476645 
607719 
476648 
476651 
607724 
476654 
607728 
476659 
607732 
476663 
607736 
476667 
476671 
607743 
607746 
607749 
476678 
607752 
476681 
476684 
607757 
476687 
607760 
607763 
476692 
607766 
476696 
607771 
476700 
607774 
476704 
607777 
607780 
476711 
607785 
476714 
607788 
476717 
607791 
476720 
607794 
476725 
607799 
476729 
607802 
476733 
607805 
607808 
476737 
607813 
476744 
607817 
476747 
607821 
476750 
476753 
607825 
476758 
607832 
476762 
607835 
476766 
607838 
607841 
476770 
607846 
476777 
607849 
607852 
476782 
607855 
476787 
607860 
607863 
476792 
607866 
607869 
476801 
607874 
476804 
607877 
476807 
607880 
476810 
607883 
476815 
607888 
476819 
607891 
607893 
476823 
607896 
476827 
607899 
607902 
607905 
476834 
476837 
607910 
476840 
607912 
607914 
476843 
607917 
476848 
607921 
476852 
607925 
476856 
607929 
476860 
607936 
476867 
607939 
476870 
607942 
476873 
607945 
476876 
607950 
476881 
607953 
607956 
476885 
607959 
476889 
607964 
476893 
607968 
476900 
607972 
476903 
607976 
476906 
476909 
607983 
607985 
476914 
607987 
607989 
476918 
607992 
476922 
607996 
476926 
608000 
608004 
476933 
476936 
476939 
608011 
476942 
608014 
608017 
476947 
608020 
476951 
608025 
476955 
608027 
608029 
476959 
608031 
608034 
608037 
476966 
608040 
476969 
608043 
476972 
476975 
608048 
608050 
476980 
608052 
608054 
476984 
608057 
476988 
608061 
476992 
608065 
608069 
476999 
477002 
608076 
477005 
608079 
477008 
608082 
477013 
608085 
477017 
608090 
477021 
608093 
477025 
608098 
608102 
477032 
608106 
477035 
477038 
608110 
477041 
608117 
477046 
608121 
477050 
608124 
477054 
608129 
477058 
608133 
477065 
608137 
477068 
608141 
477071 
477074 
608148 
477079 
608151 
608154 
608157 
477087 
608162 
608167 
477096 
608170 
608173 
477104 
608176 
608184 
477113 
608188 
477117 
608192 
477121 
608196 
477125 
608203 
477132 
608206 
477136 
608209 
477140 
608212 
477144 
608217 
608220 
608223 
477154 
608226 
608231 
477162 
608235 
608239 
477169 
608243 
477174 
608250 
608254 
477185 
608258 
477190 
608262 
477195 
608269 
477200 
608272 
608275 
608278 
477209 
608283 
477212 
608285 
477215 
608287 
608289 
477218 
608292 
477223 
608295 
477225 
608298 
477227 
477229 
608301 
477232 
608306 
477235 
608308 
477238 
608310 
608312 
477241 
608315 
477246 
608319 
477249 
608323 
477252 
477255 
608327 
477260 
608334 
477263 
608337 
477266 
608340 
477269 
608343 
477274 
608348 
477278 
608351 
477282 
608354 
608357 
477286 
608362 
477293 
608366 
477295 
477297 
608370 
477299 
477302 
608374 
477304 
477306 
477308 
608381 
477311 
608383 
608385 
477315 
608387 
608390 
477320 
608394 
477325 
608398 
477329 
608402 
477336 
608409 
477340 
608412 
608415 
477345 
608418 
477350 
608423 
608425 
477354 
608427 
608429 
608432 
477361 
608435 
477364 
608438 
477367 
608441 
477370 
608446 
477375 
608448 
608450 
477379 
608452 
477383 
608455 
477387 
608459 
608463 
477394 
608467 
477398 
608474 
477403 
608477 
477408 
608480 
608483 
477412 
608488 
608490 
477419 
608492 
608494 
477423 
608497 
477428 
608500 
477431 
608503 
477434 
608506 
477439 
608511 
608513 
477443 
608515 
608517 
477446 
608520 
477451 
608524 
477456 
608528 
477460 
608532 
477467 
608539 
608542 
477471 
608545 
477475 
608548 
477479 
608553 
608555 
608557 
477486 
608559 
477489 
608562 
477492 
608566 
477497 
608570 
477499 
477501 
608574 
477504 
477507 
608581 
608583 
477512 
608585 
477515 
608587 
608590 
477520 
608594 
477523 
477526 
608598 
477529 
608602 
477534 
608609 
477538 
608612 
477542 
608615 
477546 
608618 
608623 
477553 
608626 
477556 
608629 
477559 
608632 
477562 
477564 
608637 
477567 
608641 
477570 
477573 
608645 
477576 
608649 
477581 
608656 
477585 
608660 
477589 
608664 
477593 
608668 
477600 
477603 
608675 
477606 
608678 
477609 
608681 
477614 
608686 
608689 
477618 
608691 
477622 
608694 
608697 
477626 
608700 
608703 
477633 
477636 
608708 
477639 
608711 
608713 
477642 
608716 
477647 
608719 
608722 
477651 
608725 
477655 
608730 
477659 
608734 
608737 
477666 
477669 
608742 
477672 
608745 
477675 
608747 
608750 
477680 
608753 
477684 
608756 
608759 
477688 
477692 
608764 
608768 
477699 
608772 
477702 
608776 
477705 
477708 
608783 
477713 
608786 
477716 
608789 
477719 
608792 
477722 
608797 
477727 
477730 
608802 
477733 
608807 
477736 
608812 
477741 
477745 
477749 
608821 
477753 
608826 
608831 
477760 
608836 
477766 
477772 
608845 
477778 
608850 
608855 
608860 
477789 
477793 
477797 
608872 
477801 
608879 
477808 
608884 
477813 
608889 
477818 
477824 
608898 
477827 
477830 
608902 
477833 
608909 
477838 
608913 
477842 
608917 
477846 
477850 
608924 
608927 
477857 
477860 
608932 
477863 
608935 
477866 
608938 
477869 
608941 
477872 
608946 
477877 
608950 
477881 
608954 
477885 
477889 
608961 
608964 
608967 
477896 
608970 
477899 
477902 
608975 
477905 
608978 
608981 
477910 
608984 
477915 
608989 
477920 
608993 
477925 
608997 
609001 
477934 
609008 
477937 
609010 
477940 
609012 
609014 
477943 
609017 
477948 
609020 
477951 
609023 
477954 
609026 
477957 
609031 
477962 
609034 
477965 
609037 
477968 
609041 
477971 
609044 
477976 
609049 
477979 
477982 
609054 
477985 
609059 
477990 
609064 
477994 
477998 
609073 
478002 
609077 
478009 
609081 
478012 
609085 
478015 
478018 
609092 
478023 
609095 
609097 
478026 
609100 
478029 
609103 
478032 
609106 
478037 
609109 
478040 
609114 
478043 
478046 
609118 
609121 
478051 
478054 
609126 
478057 
609130 
478060 
609134 
478065 
609138 
478068 
478071 
609145 
478074 
609148 
609150 
478079 
609153 
478082 
609156 
478085 
609159 
478088 
609162 
478093 
609167 
478096 
609170 
478099 
609173 
478102 
609176 
478107 
609181 
478110 
609183 
478113 
609185 
609187 
478116 
609190 
478121 
609193 
478124 
609196 
478127 
609199 
478130 
609204 
609206 
478135 
609208 
478138 
609210 
478141 
609213 
478144 
609216 
609219 
478149 
609222 
478152 
478155 
609227 
478158 
609231 
478163 
609235 
478166 
609239 
478169 
478172 
609246 
478177 
609249 
478180 
609252 
478183 
609255 
478186 
609260 
478191 
609264 
478194 
609268 
478197 
478200 
609272 
478205 
609279 
478208 
478211 
609284 
478214 
609289 
478219 
478222 
609294 
478225 
478228 
609304 
478233 
478236 
609308 
478239 
478242 
609314 
609315 
609317 
478247 
478250 
478253 
478256 
609331 
478261 
609335 
478264 
478267 
478270 
609342 
609346 
478275 
609348 
478278 
609351 
478281 
478284 
609356 
609360 
478289 
478292 
478295 
609367 
609369 
478298 
609372 
478303 
609375 
478306 
609378 
478309 
609381 
478312 
609386 
478317 
609390 
478320 
609394 
478323 
478326 
609398 
478331 
609405 
478334 
609408 
478337 
609411 
478340 
609414 
478345 
609419 
478348 
478351 
609424 
478354 
609428 
478359 
478362 
609435 
478365 
609439 
478368 
609442 
478373 
609447 
478376 
609448 
609449 
609450 
478379 
478382 
609455 
478387 
609460 
478390 
609462 
609464 
478393 
609467 
478396 
609469 
609471 
478401 
609473 
478404 
609476 
609478 
478407 
609480 
478410 
609482 
609485 
478415 
609488 
478418 
609491 
478421 
609494 
478424 
609499 
478429 
609502 
478432 
609505 
478435 
609508 
478438 
609513 
478443 
609516 
478446 
609519 
478449 
609522 
478452 
609527 
478457 
609531 
478460 
478463 
609535 
478466 
609539 
478471 
478474 
609546 
478477 
609549 
478480 
609552 
609555 
478485 
478488 
609560 
609561 
609562 
478491 
609563 
609564 
478494 
609568 
478499 
609572 
478502 
609576 
478505 
478508 
609583 
478513 
609585 
609587 
478516 
609589 
478519 
609592 
478522 
609594 
609596 
609598 
478527 
609601 
478530 
609603 
478533 
609605 
609607 
478536 
609610 
478541 
609613 
478544 
609616 
478547 
609619 
478550 
609624 
478555 
609628 
478559 
609632 
478563 
609636 
478567 
609643 
478574 
609646 
478577 
609649 
609652 
478582 
609657 
478589 
609661 
478592 
609665 
478595 
609669 
478598 
478603 
609676 
478607 
609679 
609682 
478611 
609685 
478615 
609690 
609691 
609692 
609693 
478622 
609694 
478625 
609697 
478628 
609700 
478631 
609703 
478633 
478636 
609708 
609710 
478639 
609712 
478642 
609714 
478645 
609717 
609719 
609721 
478650 
609723 
478654 
609726 
609728 
478658 
609730 
609732 
478662 
609735 
609738 
478669 
609741 
609744 
478673 
478677 
609749 
609752 
478681 
609755 
609758 
478688 
609763 
478692 
609766 
478696 
609769 
478700 
609772 
609777 
478707 
609781 
478712 
609785 
478717 
609789 
478722 
609796 
609799 
609802 
478731 
609805 
478734 
478737 
609810 
609811 
478740 
609812 
609813 
609814 
478745 
609818 
478749 
609822 
478753 
609826 
478757 
609833 
609835 
478764 
609837 
609839 
609842 
609844 
609846 
478775 
609848 
609851 
478780 
609853 
609855 
609857 
609860 
478789 
609863 
609866 
478795 
609869 
478802 
609874 
609878 
478807 
609882 
478812 
609886 
478817 
609893 
609896 
478826 
609899 
478830 
609902 
478834 
609907 
478838 
609911 
609915 
478845 
609919 
478850 
609926 
478855 
609929 
478860 
609932 
609935 
609940 
478869 
609941 
609942 
609943 
609944 
478873 
609947 
478877 
609950 
478881 
609953 
609958 
478888 
609960 
609962 
609964 
478893 
609967 
478898 
609970 
609973 
478903 
609976 
609981 
609982 
609983 
478912 
609984 
609985 
478916 
609988 
609991 
478920 
609994 
478924 
609999 
610002 
478931 
610005 
478936 
610008 
478941 
610013 
610016 
478946 
610019 
610022 
478955 
610027 
478959 
610031 
478963 
610035 
478967 
610039 
478974 
610046 
610049 
478979 
610052 
610055 
478984 
610060 
478989 
610061 
610062 
610063 
610064 
610068 
478998 
610072 
479003 
610076 
479008 
610083 
479013 
610085 
610087 
610089 
610092 
479022 
610095 
479026 
610098 
610101 
479030 
479034 
610106 
610107 
610108 
610109 
610110 
479041 
610113 
479044 
610116 
479047 
610119 
479050 
610124 
479055 
610128 
479059 
610132 
479063 
610136 
479067 
610143 
479074 
610146 
610149 
479078 
610152 
479082 
610157 
479086 
610161 
479093 
610165 
610169 
479098 
479103 
610176 
610179 
479108 
610182 
610185 
479117 
610190 
610191 
479120 
610192 
610193 
610194 
479123 
610197 
479126 
610200 
479129 
610203 
479134 
610208 
479138 
610210 
610212 
479141 
610214 
610217 
479146 
610220 
479149 
610223 
479152 
610226 
479157 
610231 
610232 
479161 
610233 
610234 
610235 
610238 
479168 
610241 
479170 
479172 
610244 
479175 
610249 
479178 
479180 
610252 
479183 
610255 
479186 
610258 
479189 
610263 
479192 
610266 
479197 
610269 
610272 
479201 
479205 
610277 
479209 
610281 
610285 
479216 
610289 
479219 
479222 
610296 
479225 
610299 
479230 
610302 
610305 
479234 
479238 
610310 
610311 
610312 
610313 
479242 
610314 
610318 
479249 
610322 
479252 
610326 
479255 
479258 
610333 
479263 
610335 
610337 
479267 
610339 
610342 
479271 
610345 
479275 
610348 
610351 
479282 
610356 
610357 
610358 
479287 
610359 
610360 
610363 
479294 
610366 
610369 
479299 
610374 
479304 
610378 
479309 
610382 
610386 
479318 
610393 
479324 
610396 
610399 
610402 
479331 
610407 
479336 
610411 
479341 
610415 
479346 
610419 
610426 
479355 
610429 
479359 
610432 
479363 
610435 
479367 
610440 
610441 
610442 
610443 
610444 
479374 
610447 
610450 
479380 
610453 
479386 
610458 
610460 
610462 
479392 
610464 
610467 
610470 
610473 
479403 
610476 
479408 
610481 
610482 
610483 
610484 
479413 
610485 
610488 
479418 
610491 
610494 
479427 
610499 
610501 
479431 
610503 
610505 
479435 
610508 
479439 
610511 
610514 
610517 
479446 
610522 
479451 
610524 
610526 
479456 
610528 
610531 
479461 
610533 
610535 
610537 
610540 
479470 
610543 
479473 
610546 
479476 
610549 
479479 
610554 
610555 
479484 
610556 
610557 
610558 
479487 
479490 
479493 
610565 
610569 
479498 
479501 
610575 
479504 
479507 
610579 
610582 
479512 
479515 
610587 
610589 
479518 
610592 
479521 
610595 
479526 
610598 
610601 
479530 
610604 
479534 
610607 
479538 
610612 
610615 
479545 
610618 
479548 
610621 
479551 
479554 
610626 
610629 
479559 
610632 
479563 
610635 
479567 
610640 
610642 
479571 
610644 
610646 
610649 
479578 
610651 
479580 
610653 
479582 
610655 
479584 
610658 
479587 
610660 
479590 
610662 
610664 
479593 
610667 
479596 
610670 
479601 
610673 
479604 
610676 
479607 
610681 
479610 
610684 
479615 
610687 
610690 
479622 
610695 
479624 
610697 
479626 
610699 
479628 
610701 
479631 
610704 
479633 
479635 
610707 
479637 
610710 
479640 
610713 
479643 
479646 
610718 
610720 
479649 
610722 
610724 
479654 
610727 
610729 
479658 
610731 
610733 
479662 
610736 
479666 
610739 
610742 
479673 
610745 
479677 
610750 
479681 
610753 
610756 
479685 
610759 
479692 
610764 
479695 
610767 
479698 
610770 
479701 
610773 
479706 
610778 
610780 
479710 
610782 
610784 
479714 
610787 
610789 
479718 
610791 
610793 
610796 
479725 
610798 
479728 
610800 
610802 
479731 
610805 
479734 
610808 
479739 
610811 
610814 
479743 
479747 
610819 
610822 
479751 
610825 
610828 
479758 
610833 
479762 
610835 
610837 
479766 
610839 
479770 
610842 
610845 
610848 
479777 
610851 
479781 
610856 
479785 
610858 
610860 
479789 
610862 
610865 
610867 
479796 
610869 
610871 
479801 
610874 
610877 
479806 
610880 
479811 
610883 
610888 
610891 
479820 
610894 
479825 
610897 
479830 
610902 
610905 
479835 
610908 
610911 
479844 
610916 
610918 
610920 
479850 
610922 
610925 
610927 
479856 
610929 
610931 
479862 
610934 
610936 
610938 
610940 
610943 
479873 
610946 
479877 
610949 
610952 
479881 
479885 
610957 
610960 
610963 
479892 
610966 
479897 
610971 
610973 
479902 
610975 
610977 
479907 
610980 
610983 
610986 
479916 
610989 
479919 
479922 
610994 
610996 
479925 
610998 
611000 
479930 
611003 
479933 
611005 
611007 
479936 
611009 
479939 
611012 
611015 
479944 
611018 
479947 
611021 
479950 
479953 
611026 
611029 
479958 
611032 
479961 
611035 
479964 
479967 
611040 
611043 
479972 
611046 
479976 
611049 
479980 
611054 
479984 
611056 
611058 
611060 
479991 
611063 
611065 
479994 
611067 
479997 
611069 
480000 
611072 
611074 
611076 
480005 
611078 
480009 
611081 
611084 
480013 
611087 
480017 
611090 
611095 
480024 
480026 
611098 
480028 
611101 
480030 
611104 
480033 
480036 
611109 
480039 
611111 
611113 
480042 
611115 
611118 
480047 
611121 
480050 
611124 
480053 
611127 
480056 
611132 
611134 
611136 
480065 
611138 
480067 
480069 
611141 
480071 
611143 
611145 
480074 
611147 
480076 
480078 
611150 
480080 
611152 
611154 
480083 
611156 
480086 
611159 
480089 
611161 
611163 
480092 
611165 
611168 
480097 
611170 
611172 
480101 
611174 
480105 
611177 
611179 
480109 
611181 
611183 
611186 
480116 
611188 
611190 
611192 
480121 
611195 
480126 
611199 
480131 
611203 
611207 
480140 
611214 
480143 
611216 
480146 
611218 
611220 
480149 
611223 
611225 
480154 
611227 
611229 
480158 
611232 
480162 
611234 
611236 
480166 
611238 
611241 
480173 
611245 
480176 
611249 
480179 
611253 
480182 
480187 
611260 
611262 
480191 
611264 
611266 
480195 
611269 
480199 
611272 
611274 
611277 
480206 
611278 
611279 
611280 
611281 
480210 
611283 
611285 
480214 
611287 
480218 
611290 
611293 
611296 
480225 
611299 
480230 
611304 
611306 
480235 
611308 
611310 
480240 
611313 
611315 
611317 
611319 
480249 
611322 
611323 
611324 
611325 
480254 
611326 
611329 
480259 
611332 
611335 
480264 
611340 
611344 
480273 
611348 
480279 
611352 
480285 
611359 
611362 
480291 
611365 
611368 
611373 
480302 
611377 
480306 
611380 
480310 
611385 
480314 
611387 
611389 
611391 
480321 
611394 
480325 
611397 
611400 
480329 
611403 
480333 
611408 
611410 
480340 
611412 
611414 
480343 
611417 
480346 
611419 
480349 
611421 
611423 
480354 
611426 
480357 
611429 
480360 
611432 
480363 
611435 
480368 
611440 
480371 
611443 
480374 
611446 
480377 
611449 
480382 
611454 
611457 
480386 
611460 
480390 
611463 
480394 
611468 
611471 
480401 
611474 
480404 
611477 
480407 
480410 
611482 
611484 
611486 
480415 
611488 
611491 
480420 
611493 
611495 
480425 
611497 
611500 
480430 
611504 
611508 
480439 
611512 
480441 
480443 
480445 
611519 
480448 
611521 
480451 
611523 
611525 
480454 
611528 
480457 
611530 
611532 
480462 
611535 
480465 
480468 
611540 
480471 
611547 
480476 
611549 
611551 
480482 
611554 
611556 
611558 
480487 
611560 
611563 
611564 
611565 
480494 
480496 
611568 
480498 
611571 
480500 
611574 
480503 
611575 
480505 
480507 
611580 
480509 
480512 
480515 
611587 
480518 
611592 
480521 
611596 
480526 
480530 
611603 
480534 
611606 
611609 
480538 
611612 
480545 
611617 
480548 
611620 
480551 
611623 
480554 
611626 
480559 
611631 
611634 
480563 
611637 
480567 
611640 
480571 
611645 
611647 
611649 
480578 
611651 
480582 
611654 
480586 
480590 
611664 
611668 
480597 
611671 
480603 
611676 
611679 
611681 
480612 
480616 
611691 
480620 
611693 
480624 
611696 
611700 
480631 
611703 
611708 
480637 
611712 
480643 
611715 
611720 
480649 
611721 
611722 
611724 
611726 
611728 
611731 
480660 
611733 
611735 
480665 
611737 
611740 
480669 
611742 
611744 
611746 
480676 
611749 
611750 
611751 
611752 
480681 
611753 
611755 
611757 
480686 
611759 
611762 
480691 
611765 
611768 
611771 
480700 
611776 
480705 
611779 
480710 
611782 
611785 
480715 
611790 
611791 
611792 
611793 
611794 
480724 
611796 
611798 
611800 
480730 
611803 
611805 
611807 
480736 
611809 
611812 
480742 
611814 
611816 
611818 
611821 
611822 
611823 
611824 
480753 
611825 
611827 
480757 
611829 
611831 
480761 
611834 
480765 
611837 
611840 
611843 
480772 
611848 
480777 
611851 
480782 
611854 
611857 
480787 
611862 
611863 
611864 
611865 
611866 
480796 
611868 
611870 
611872 
480801 
611875 
611877 
480806 
611879 
611881 
480811 
611884 
611886 
611888 
611890 
480820 
611893 
611894 
611895 
611896 
611897 
480826 
611899 
611901 
611903 
480832 
611906 
611909 
480838 
611912 
611915 
611920 
480849 
611923 
480853 
611926 
480857 
611929 
480861 
611934 
611935 
611936 
611937 
611938 
480868 
611940 
611942 
611944 
480873 
611947 
611949 
480878 
611951 
611953 
480883 
611956 
611958 
611960 
611962 
480892 
611965 
611966 
611967 
611968 
480897 
611969 
611971 
611973 
480902 
611975 
611978 
480907 
611981 
611984 
480916 
611989 
611993 
480922 
611996 
480928 
612001 
612002 
612003 
612004 
612005 
480934 
612008 
612010 
612013 
612015 
480945 
612018 
612019 
480949 
612024 
480953 
480957 
612029 
612032 
612035 
480964 
612038 
480969 
612043 
480974 
612047 
480979 
612051 
612055 
480988 
612062 
612064 
480993 
612066 
612068 
480998 
612073 
612074 
481003 
612077 
612080 
612083 
481012 
481016 
612088 
612090 
481020 
612092 
612094 
481024 
612097 
612100 
481031 
612103 
481033 
612106 
481035 
481037 
612111 
481040 
612114 
481043 
612117 
481046 
612120 
481049 
612125 
481054 
612127 
481057 
612129 
612131 
481060 
612134 
481063 
612136 
612138 
481068 
612140 
481070 
612143 
481072 
612144 
612145 
481074 
612146 
612147 
481077 
481080 
612153 
481083 
481086 
612158 
481091 
481094 
612167 
481097 
481100 
612172 
481105 
612177 
481108 
612182 
481111 
481114 
481119 
612191 
481121 
612194 
481123 
481125 
612197 
481128 
481130 
612202 
481132 
481134 
612206 
481137 
612209 
481140 
612214 
481143 
481146 
612222 
481151 
481153 
612225 
481155 
481157 
612230 
481160 
612233 
481163 
612235 
481166 
612238 
481169 
612242 
481174 
612246 
481177 
612250 
481180 
481183 
612257 
481188 
612262 
481191 
481194 
612267 
481197 
612272 
481202 
481204 
481206 
481208 
612281 
481211 
612284 
481213 
481215 
612287 
481217 
612290 
481220 
481223 
612295 
481226 
612298 
481229 
612301 
612304 
481234 
481236 
612309 
481238 
612311 
481240 
612313 
481243 
612315 
481246 
612318 
481249 
612323 
481252 
612328 
481257 
481260 
612333 
481263 
481266 
612342 
481271 
612345 
481274 
612348 
481277 
612351 
481280 
481285 
612357 
481287 
612360 
481289 
481291 
612363 
481294 
612366 
481296 
481298 
481300 
612374 
481303 
481306 
612378 
481309 
612382 
481312 
612386 
481317 
481320 
612393 
481323 
612395 
612397 
481326 
612399 
612402 
481331 
612405 
481334 
612408 
481337 
612411 
481340 
612414 
481345 
481347 
481349 
612421 
481351 
612424 
481354 
612427 
481356 
481358 
612430 
481360 
481363 
612435 
612437 
481366 
612439 
481369 
612441 
481372 
612444 
612447 
481377 
612450 
481379 
481381 
612453 
481383 
481386 
612458 
612460 
481389 
612462 
481392 
612464 
481395 
612467 
612470 
481400 
612473 
481403 
612476 
481406 
481409 
612481 
612485 
481414 
612489 
481418 
481421 
612493 
481426 
612500 
481430 
612502 
612504 
481434 
612506 
612509 
481438 
612511 
612513 
612515 
481445 
612518 
481447 
612519 
612520 
481449 
612521 
612522 
481451 
481454 
612526 
481456 
481458 
612531 
481460 
612534 
481463 
612536 
481466 
612539 
481469 
612542 
481472 
612545 
612548 
481477 
481481 
612553 
612556 
481485 
612559 
481489 
612562 
612567 
481496 
612569 
612571 
481500 
612573 
481504 
612576 
612579 
481508 
612580 
612586 
481515 
481519 
612591 
481523 
481527 
612600 
481534 
612606 
481539 
612615 
481544 
612619 
481549 
612622 
612627 
481558 
612630 
481561 
612633 
481564 
612636 
481567 
612641 
481572 
612644 
612647 
481576 
612650 
481580 
612655 
481584 
612658 
612661 
481591 
612664 
481593 
481595 
481597 
612669 
612671 
481600 
612673 
481603 
612675 
481606 
612678 
612680 
481609 
612682 
612684 
481614 
612687 
481617 
481620 
481623 
612699 
481628 
481631 
612703 
481634 
612708 
481637 
612713 
481642 
481644 
481646 
481648 
612720 
481651 
481654 
612727 
481657 
481660 
612732 
612735 
481665 
481668 
612740 
481671 
612743 
481674 
612750 
481679 
481681 
612753 
481683 
612755 
481685 
612758 
481688 
612762 
481691 
612765 
481694 
481697 
612770 
481702 
612774 
481705 
612778 
481708 
612782 
481711 
481716 
612789 
481718 
481720 
612792 
481722 
612795 
481725 
612798 
481728 
481731 
612803 
612805 
481734 
612807 
612809 
481739 
612812 
481742 
612815 
481745 
612818 
481748 
612821 
481753 
612826 
481755 
612828 
481757 
612830 
481759 
612832 
481762 
612835 
481765 
612839 
481768 
481771 
612843 
612847 
481776 
481778 
481780 
481782 
612854 
612856 
481785 
612858 
481787 
612860 
481789 
481791 
612863 
481794 
612867 
481797 
612871 
481800 
481803 
612875 
481808 
612882 
481811 
612885 
481814 
612888 
481817 
612891 
481822 
612896 
481826 
612898 
612900 
481830 
612902 
612905 
481834 
612908 
612911 
481841 
612914 
481843 
481845 
481847 
612919 
612920 
612921 
481850 
612922 
612923 
481852 
612925 
481854 
612927 
481856 
612929 
481859 
612932 
481862 
612935 
481865 
612938 
612941 
481870 
481874 
612946 
612950 
481881 
612954 
481884 
612958 
481887 
481892 
612965 
481896 
612969 
612973 
481903 
612977 
481906 
481909 
481912 
612984 
612987 
481917 
612990 
481921 
612993 
481925 
612998 
613000 
481929 
613002 
613004 
613007 
481936 
613010 
481939 
613013 
481942 
613016 
481947 
613021 
481951 
613023 
613025 
613027 
481958 
613030 
481961 
613033 
481964 
613036 
481967 
613039 
481972 
613044 
613046 
481976 
613048 
613050 
481980 
613053 
481984 
613056 
613059 
613062 
481991 
481994 
613067 
481997 
613070 
482000 
613073 
613076 
482005 
482007 
482009 
613081 
482011 
613083 
613085 
482014 
613087 
613090 
482020 
613092 
613094 
613096 
613099 
482028 
613100 
613101 
613102 
613103 
613105 
482034 
613107 
613109 
613112 
482042 
613114 
613116 
482045 
613118 
482048 
613121 
482051 
613124 
613127 
482056 
613130 
482060 
613135 
482064 
613139 
482068 
613143 
482075 
613147 
482082 
613154 
482085 
613157 
482088 
613160 
482091 
613163 
482096 
613168 
613170 
482100 
613172 
613174 
482104 
613177 
482108 
613180 
613183 
613186 
482115 
482118 
613191 
482121 
613193 
613195 
482124 
613197 
613200 
482129 
482131 
613204 
482133 
482135 
613208 
482138 
613212 
482142 
482146 
613219 
613221 
482150 
613223 
613225 
613228 
482157 
613232 
482161 
613236 
482165 
613240 
482169 
613247 
482176 
613250 
482179 
613253 
482182 
613256 
482185 
613261 
482190 
613263 
613265 
482194 
613267 
482198 
613270 
613273 
482202 
613276 
613279 
482209 
482212 
613284 
613285 
613286 
482215 
613287 
613288 
482218 
613290 
613292 
613294 
482223 
613297 
482227 
613300 
482231 
613303 
613306 
482235 
613311 
482242 
613315 
482246 
613319 
482250 
613323 
482254 
613330 
482261 
613334 
482266 
613338 
613342 
482271 
482276 
613349 
613352 
613355 
482285 
613358 
482290 
613363 
613365 
482295 
613367 
613369 
482300 
613372 
613375 
613378 
482309 
613381 
482314 
613386 
613388 
482318 
613390 
613392 
613395 
482325 
613398 
482329 
613401 
613404 
482336 
613409 
613411 
613413 
482342 
613415 
613418 
613421 
482350 
613424 
613427 
482357 
613432 
613435 
613438 
482367 
613441 
482374 
613446 
613448 
613450 
482379 
613452 
613455 
613457 
482386 
613459 
613461 
482391 
613464 
613465 
613466 
613467 
482396 
613468 
613470 
613472 
482401 
613474 
613477 
613479 
613481 
482410 
613483 
613486 
482415 
613489 
482420 
613492 
613495 
482425 
613500 
613504 
482434 
613508 
482438 
613512 
482442 
482446 
613519 
613522 
482453 
613525 
613528 
482457 
482461 
613533 
613535 
482465 
613537 
613539 
613542 
482472 
613545 
482476 
613548 
613551 
482480 
482484 
613556 
613558 
613560 
613562 
482491 
613565 
482495 
613569 
482499 
613573 
482503 
613577 
482510 
613584 
482514 
613586 
613588 
482518 
613590 
613593 
482522 
613597 
482529 
613601 
482532 
613605 
482535 
482538 
613612 
482543 
613615 
613618 
482547 
613621 
482551 
613626 
482555 
613628 
613630 
613632 
482562 
613635 
482565 
613638 
482568 
613641 
482571 
613644 
482576 
613649 
613650 
613651 
482580 
613652 
613653 
613655 
482584 
613657 
613659 
482588 
613662 
613665 
482595 
613668 
482599 
613671 
482603 
613676 
482607 
613680 
613684 
482614 
613688 
482618 
482622 
613695 
482626 
613699 
613703 
613707 
482637 
482640 
613714 
482643 
613717 
482646 
613720 
482651 
613723 
482653 
482655 
613728 
482657 
613730 
482660 
613732 
613734 
482663 
613737 
482666 
613740 
482669 
613743 
482674 
613746 
482678 
613751 
613753 
482682 
613755 
613757 
482686 
613760 
613763 
613766 
613769 
613774 
613776 
613778 
482707 
613780 
613783 
482712 
613786 
482715 
613789 
482718 
613792 
482721 
613797 
482726 
482728 
613800 
482730 
613803 
482732 
613806 
482735 
482738 
613811 
482741 
613813 
613815 
482744 
613817 
613820 
482749 
613822 
613824 
482753 
613826 
482757 
613829 
613830 
613831 
613832 
482761 
613833 
613835 
613837 
613839 
482768 
613842 
482772 
613844 
613846 
482776 
613848 
613851 
482780 
613854 
613857 
482787 
613860 
482791 
613865 
482795 
613869 
482799 
613873 
613877 
482806 
482810 
613884 
482814 
613887 
482818 
613890 
613893 
482825 
613898 
613900 
482829 
613902 
613904 
482833 
613907 
482837 
613910 
613913 
482844 
613916 
482847 
613921 
482850 
613923 
482853 
613925 
613927 
482858 
613930 
613934 
482863 
613938 
482868 
613942 
482873 
613949 
613951 
613953 
482882 
613955 
613958 
482887 
613962 
482892 
613966 
482897 
613970 
613977 
482906 
613980 
482909 
613983 
482912 
613986 
482915 
613991 
482920 
613993 
613995 
482924 
613997 
482928 
614000 
614003 
482932 
614006 
614009 
482939 
482942 
614014 
614015 
614016 
482945 
614017 
614018 
482948 
614020 
614022 
614024 
482953 
614027 
482956 
614030 
482959 
614033 
482962 
614036 
482967 
614041 
482971 
614045 
482975 
614049 
482979 
614053 
482986 
614060 
482989 
482992 
614064 
482995 
614068 
483000 
614072 
483003 
483006 
614079 
483009 
614082 
614085 
483014 
614088 
483018 
614093 
483022 
614095 
614097 
483026 
614099 
614102 
483033 
614105 
614108 
483037 
614111 
483041 
614116 
483045 
614118 
614120 
614122 
483052 
614125 
483056 
614128 
614131 
483060 
614134 
483064 
614139 
614141 
483071 
614143 
614145 
483075 
614148 
483079 
614151 
614154 
483083 
614157 
483090 
614162 
614165 
483094 
614168 
483098 
614171 
483102 
614176 
614178 
614180 
483109 
614182 
483113 
614185 
614187 
483117 
614189 
614191 
483121 
614194 
614195 
614196 
614197 
614198 
483128 
614200 
614202 
483131 
614204 
483134 
614207 
483137 
614209 
614211 
614213 
483142 
614216 
483147 
614219 
614222 
483152 
614225 
483157 
614230 
614234 
483166 
614238 
483169 
614242 
483172 
483175 
614249 
483180 
614252 
483183 
614255 
483186 
614258 
483189 
614263 
614265 
483194 
614267 
614269 
483198 
614272 
483202 
614275 
483206 
614278 
614281 
483213 
614286 
483216 
614288 
614290 
483219 
614292 
483222 
614295 
483227 
614299 
483230 
614303 
483233 
614307 
483236 
483241 
614314 
614316 
483246 
614318 
614320 
614323 
483253 
614327 
483256 
483259 
614331 
483262 
614335 
483267 
483270 
614342 
483273 
614345 
483276 
614348 
614351 
483284 
614356 
614358 
614360 
614362 
483292 
614365 
483296 
614368 
614371 
483300 
614374 
483304 
614379 
614380 
614381 
614382 
483311 
614383 
614385 
483315 
614387 
614389 
483319 
614392 
614394 
483323 
614396 
614398 
614401 
483330 
614404 
483334 
614407 
483338 
614410 
483342 
614415 
614417 
614419 
483349 
614421 
614424 
483353 
614427 
483357 
614430 
483361 
614433 
614438 
483368 
614441 
483371 
614444 
483374 
614447 
483377 
614452 
483382 
614454 
614456 
483385 
614458 
483388 
614461 
483391 
614463 
614465 
614467 
483396 
614470 
483399 
614471 
614472 
614473 
483402 
614474 
614476 
483405 
614478 
614480 
483410 
614483 
614484 
614485 
483414 
614486 
614489 
483418 
614492 
483422 
614495 
614500 
483429 
614503 
483432 
614506 
483435 
614509 
483438 
614514 
483443 
483445 
614518 
483447 
483449 
614522 
483452 
614526 
483455 
483458 
483461 
614533 
614535 
614537 
483466 
614539 
483470 
614542 
614543 
614544 
614545 
483474 
614546 
614549 
483478 
614552 
614555 
483485 
483488 
614560 
614562 
483491 
614564 
483494 
614566 
614569 
483499 
614572 
483501 
483503 
614575 
483505 
614578 
483508 
483511 
614583 
614585 
483514 
614587 
483517 
614589 
614592 
483522 
614595 
483524 
483526 
614598 
483528 
614601 
483531 
483534 
614606 
483537 
614609 
483540 
614612 
614615 
483545 
483547 
614620 
483549 
483551 
614624 
483554 
614628 
483557 
483560 
614632 
483563 
614639 
483568 
614641 
483570 
614643 
483572 
614645 
483574 
614648 
483577 
614650 
483580 
614652 
614654 
483583 
614657 
483586 
614660 
483591 
614663 
483593 
614666 
483595 
483597 
614671 
483600 
614673 
483603 
614675 
614677 
483606 
614680 
483609 
614683 
483614 
614686 
483616 
614689 
483618 
483620 
614694 
483623 
614696 
483626 
614698 
614700 
483629 
614703 
483632 
614706 
483637 
614709 
483639 
614712 
483641 
483643 
483646 
483649 
614722 
483652 
614726 
483655 
614730 
483660 
483662 
614734 
483664 
483666 
483669 
614741 
614743 
483672 
614745 
483675 
614747 
483678 
614750 
614753 
483683 
614756 
483685 
483687 
614759 
483689 
483692 
614764 
483695 
614769 
483698 
614772 
483701 
614775 
483706 
614778 
483708 
483710 
614783 
483712 
614785 
483715 
614787 
614789 
483718 
614792 
483721 
614793 
614794 
614795 
483724 
614796 
614799 
483729 
614802 
483731 
483733 
614805 
483735 
483738 
614810 
483741 
614813 
483744 
614816 
483747 
614819 
483752 
614824 
483754 
483756 
614828 
483758 
614832 
483761 
483764 
614836 
483767 
483770 
614843 
614845 
483775 
614847 
483777 
614849 
483779 
614852 
483781 
614853 
614854 
614855 
483784 
614856 
483787 
614859 
483790 
614862 
483793 
614865 
483798 
614870 
483800 
614872 
483802 
614874 
483804 
614876 
483807 
614879 
483810 
614882 
483813 
614885 
483816 
614888 
483821 
614893 
483823 
614895 
483825 
614897 
483827 
614899 
483830 
614902 
614903 
614904 
483833 
614905 
614906 
483836 
614909 
483839 
614912 
614915 
483844 
483846 
483848 
614920 
483850 
614923 
483853 
614926 
483856 
614929 
483859 
483862 
614934 
614938 
483867 
483869 
614942 
483871 
483873 
614946 
483876 
483879 
614953 
483882 
614955 
483885 
614957 
614959 
483890 
614962 
614963 
483892 
614964 
614965 
483894 
614966 
483896 
614969 
483899 
614972 
483902 
614975 
483905 
483908 
614980 
614983 
483913 
614986 
483915 
483917 
614989 
483919 
483922 
614994 
483925 
614998 
483928 
615002 
483931 
615006 
483936 
483938 
483940 
615013 
483942 
615015 
483945 
615017 
615019 
483948 
615022 
483951 
615023 
615024 
615025 
483954 
615026 
615029 
483959 
615032 
483961 
483963 
615035 
483965 
483968 
615040 
615042 
483971 
615044 
483974 
615046 
483977 
615049 
615052 
483982 
615055 
483984 
483986 
615058 
483988 
483991 
615063 
615065 
483994 
615067 
483997 
615069 
484000 
615072 
615073 
615074 
615075 
615076 
484005 
484007 
615079 
484009 
615082 
484011 
615085 
484014 
484017 
615090 
484020 
615092 
615094 
484023 
615096 
615099 
484028 
484030 
615102 
484032 
615105 
484034 
615108 
484037 
615113 
484042 
615115 
615117 
484047 
615119 
615122 
484052 
615124 
615126 
615128 
615131 
484061 
615133 
615135 
484065 
615137 
615140 
484069 
615143 
484073 
615146 
615149 
484080 
615154 
615156 
484085 
615158 
615160 
484090 
615163 
615165 
484095 
615167 
615169 
615172 
615175 
484104 
615178 
484108 
615181 
484112 
615186 
484116 
615188 
615190 
615192 
484123 
615195 
615197 
484127 
615199 
615201 
484131 
615204 
484135 
615207 
615210 
615213 
484142 
615218 
484147 
615220 
615222 
484152 
615224 
615227 
484157 
615229 
615231 
615233 
615236 
484166 
615239 
484170 
615242 
615245 
484174 
484178 
615250 
615252 
615255 
484185 
615257 
615259 
615262 
484193 
615265 
484198 
615271 
484203 
615275 
615277 
484208 
615280 
615284 
615288 
484217 
484220 
615293 
484223 
615295 
615297 
484228 
615300 
615302 
484232 
615304 
615307 
484236 
615310 
484240 
615313 
615318 
484247 
615321 
484251 
615323 
615326 
484255 
484259 
615334 
615337 
484266 
484271 
615343 
615346 
484276 
615349 
484281 
615356 
615358 
615360 
484290 
615363 
484293 
615366 
484296 
615369 
484299 
615373 
484304 
615376 
484308 
615381 
615383 
484312 
615385 
615387 
484316 
615390 
615392 
615394 
484323 
615396 
484327 
615399 
615402 
484331 
615405 
484335 
615408 
615413 
484342 
615415 
615417 
484347 
615419 
615422 
484352 
615424 
615426 
615428 
484357 
615431 
615433 
615435 
615437 
484366 
615440 
484369 
615442 
484372 
615444 
615446 
484375 
615449 
615451 
484380 
615453 
615455 
484384 
615458 
484388 
615461 
484392 
615464 
615467 
484399 
615472 
615474 
484403 
615476 
615478 
484407 
615481 
484411 
615483 
615485 
615487 
484418 
615490 
615493 
484423 
615496 
615499 
484428 
615504 
484433 
615506 
615508 
615510 
615513 
484442 
615515 
484445 
615517 
615519 
484448 
615522 
484451 
615525 
484456 
615528 
484459 
615531 
484462 
615536 
484465 
615538 
615540 
484470 
615542 
615545 
484474 
615547 
615549 
484478 
615551 
484482 
615554 
615557 
615560 
484489 
615563 
484493 
615568 
484497 
615570 
484501 
615573 
615575 
615577 
484508 
615580 
484511 
615583 
484514 
484517 
615590 
615593 
484522 
615596 
484526 
615598 
615601 
484530 
615605 
484534 
615609 
484541 
615614 
615616 
484545 
615618 
484549 
615621 
615623 
484553 
615625 
615628 
484560 
615632 
615635 
484565 
615640 
484570 
615643 
615646 
484575 
615648 
615650 
615653 
484584 
615657 
484587 
615660 
484590 
484593 
615665 
615668 
484598 
615671 
615673 
484602 
615675 
484606 
615678 
484610 
615682 
615685 
484617 
615690 
484620 
615693 
484623 
615696 
484626 
615698 
615700 
484631 
615703 
484635 
615707 
615710 
484639 
484643 
615715 
615717 
615719 
484650 
615722 
615724 
615726 
484656 
615729 
615734 
484665 
615737 
484670 
615742 
615744 
615746 
484675 
615748 
615751 
484680 
615753 
615755 
615757 
615760 
484689 
615763 
484694 
615766 
615769 
484699 
615774 
484704 
615776 
615778 
615780 
615783 
484713 
615785 
615787 
615789 
484718 
615792 
615794 
484723 
615796 
615798 
484728 
615801 
615803 
615805 
615807 
484737 
615810 
615812 
484742 
615814 
615816 
484747 
615819 
615822 
484752 
615825 
615828 
484761 
615833 
615835 
615837 
484767 
615839 
615842 
615844 
615846 
484776 
615848 
615851 
484782 
615854 
615857 
615860 
484791 
615865 
615867 
484797 
615869 
615871 
484802 
615874 
615876 
615878 
615880 
484811 
615883 
615886 
484815 
615889 
484819 
615892 
484823 
615897 
615899 
615901 
484830 
615903 
615906 
484835 
615908 
615910 
484840 
615912 
615915 
484845 
615918 
615921 
615924 
484854 
615929 
484858 
615932 
484862 
615935 
615937 
484866 
615939 
615942 
484873 
615945 
615948 
484878 
615953 
484883 
615957 
615959 
484888 
615962 
615966 
484897 
615971 
484901 
615975 
484905 
615977 
615980 
484909 
615984 
484916 
615989 
484921 
615993 
615995 
484926 
615998 
616002 
484931 
616007 
616011 
484940 
616013 
484944 
616016 
484948 
616020 
484952 
616025 
616028 
484959 
616031 
616034 
484965 
616037 
616040 
484970 
616043 
616048 
616050 
484979 
616052 
616054 
484983 
616057 
616060 
484990 
616062 
616065 
616068 
616071 
616074 
485004 
616079 
616081 
616083 
485012 
616085 
616088 
616090 
616092 
616094 
485023 
616097 
485028 
616100 
616103 
485033 
616106 
485038 
616111 
616113 
616115 
616117 
485047 
616120 
616122 
485052 
616124 
616126 
485057 
616129 
616132 
485062 
616135 
616138 
485071 
616143 
616145 
616147 
485076 
616149 
616152 
616154 
485083 
616156 
616158 
485087 
616161 
485091 
616164 
485095 
616167 
616170 
485102 
616175 
616177 
485106 
616179 
616181 
485110 
616184 
485114 
616186 
616188 
616190 
485121 
616193 
616196 
485126 
616199 
616202 
485131 
616207 
485136 
616209 
616211 
616213 
616216 
485145 
616218 
616220 
485150 
616222 
616225 
485155 
616228 
616231 
485160 
616234 
616239 
485169 
616241 
616243 
616245 
485174 
616248 
616250 
485179 
616252 
616254 
485184 
616257 
616259 
616261 
616263 
485193 
616266 
616268 
485197 
616270 
616272 
485201 
616275 
485205 
616277 
616279 
616281 
485212 
616284 
616287 
485216 
616290 
485220 
616293 
485224 
616298 
616302 
485231 
616306 
485235 
616310 
485239 
485243 
616317 
616319 
616321 
485250 
616323 
616326 
485255 
616329 
485260 
616332 
616335 
485265 
616340 
616343 
485274 
616346 
616349 
485279 
616354 
485284 
616357 
616360 
485289 
616363 
616368 
485298 
616371 
616374 
485303 
616377 
485308 
616382 
616384 
485313 
616386 
616388 
616391 
616393 
485322 
616395 
616397 
485326 
616400 
485330 
616403 
485334 
616406 
616409 
485341 
616414 
616416 
485345 
616418 
616420 
485349 
616423 
485353 
616425 
616427 
616429 
485360 
616432 
616435 
485364 
616438 
485368 
616441 
485372 
616446 
616448 
616450 
485379 
616452 
616455 
485384 
616457 
616459 
485389 
616461 
616464 
485394 
616467 
616470 
616473 
485403 
616478 
485408 
616480 
616482 
616484 
485413 
616487 
616489 
485418 
616491 
616493 
616496 
485427 
616499 
616502 
485432 
616505 
485437 
616510 
616513 
485442 
616515 
616518 
616520 
616522 
485451 
616524 
485455 
616527 
616530 
485459 
616533 
485463 
616536 
616541 
485470 
616544 
485474 
616546 
616549 
485478 
616551 
616553 
485482 
616555 
616558 
485489 
616561 
616564 
485493 
616567 
485497 
616572 
485501 
616575 
616577 
485508 
616580 
616582 
616584 
485513 
616586 
616589 
485518 
616592 
485523 
616595 
616598 
616603 
485532 
616606 
616608 
485537 
616611 
616613 
485542 
616615 
616617 
485547 
616620 
616623 
616626 
485556 
616629 
485561 
616634 
616637 
485566 
616639 
616642 
485571 
616644 
616646 
616648 
616651 
485580 
616654 
485584 
616657 
485588 
616660 
485592 
616665 
616668 
616670 
485599 
616673 
485603 
616675 
616677 
485607 
616679 
616682 
485611 
616685 
616688 
485618 
616691 
485622 
616696 
485626 
616698 
616700 
485630 
616702 
616705 
616707 
485637 
616709 
616711 
485642 
616714 
616717 
485647 
616720 
616723 
485652 
616728 
616730 
616732 
485661 
616734 
616737 
485666 
616739 
616741 
485671 
616743 
616746 
485676 
616749 
616752 
616755 
485685 
616760 
485690 
616762 
616764 
616766 
485697 
616769 
616771 
616773 
485702 
616775 
616778 
485707 
616781 
485712 
616784 
616787 
616792 
485721 
616794 
616796 
485725 
616798 
485729 
616801 
616803 
485733 
616805 
616807 
616810 
485740 
616813 
616816 
485745 
616819 
485750 
616824 
616826 
485755 
616828 
616830 
616833 
616835 
485764 
616837 
616839 
485768 
616842 
485772 
616845 
485776 
616848 
616851 
485783 
616856 
616858 
485787 
616860 
616862 
485792 
616865 
616867 
485797 
616869 
616871 
485802 
616874 
616877 
485807 
616880 
616883 
485816 
616888 
616891 
485820 
616894 
485824 
616897 
485828 
616902 
616904 
616906 
485835 
616908 
485839 
616911 
616913 
485843 
616915 
616917 
485847 
616920 
616922 
616924 
485854 
616926 
616929 
485858 
616931 
616933 
485862 
616935 
485866 
616938 
616941 
616944 
485873 
616947 
485876 
485879 
616952 
485882 
616954 
616956 
616958 
485887 
616961 
485891 
616963 
616965 
485895 
616967 
616970 
485899 
616973 
616976 
485906 
616979 
485911 
616984 
616986 
485916 
616988 
616990 
485921 
616993 
616995 
616997 
616999 
485930 
617002 
617005 
485935 
617008 
617011 
485940 
617016 
485945 
617018 
617020 
617022 
617025 
485954 
617027 
617029 
485958 
617031 
485962 
617034 
617037 
485966 
617040 
617043 
485973 
617048 
617050 
485979 
617052 
617054 
617057 
617059 
485988 
617061 
617063 
485992 
617066 
485996 
617069 
486000 
617072 
617075 
486007 
617080 
617082 
617084 
486014 
617086 
617089 
617091 
617093 
486023 
617095 
617098 
617101 
486030 
617104 
617107 
486040 
617112 
617114 
617116 
486045 
617118 
617121 
617123 
486052 
617125 
486055 
617127 
486058 
617130 
486061 
617133 
617136 
486066 
617139 
486071 
617144 
617146 
486076 
617148 
617150 
486081 
617153 
617155 
617157 
617159 
486090 
617162 
617165 
486095 
617168 
486099 
617171 
617176 
486106 
617178 
617180 
617182 
486111 
617185 
617187 
617189 
486118 
617191 
486122 
617194 
617197 
486126 
617200 
486130 
617203 
617208 
486137 
617210 
486140 
617212 
617214 
486143 
617217 
617219 
486148 
617221 
617223 
486152 
617226 
486156 
617229 
486160 
617232 
617235 
486167 
617240 
617242 
486172 
617244 
617246 
486177 
617249 
617251 
617253 
486182 
617255 
617258 
617261 
486191 
617264 
617267 
486196 
617272 
486201 
617274 
617276 
486206 
617278 
617281 
617283 
617285 
486215 
617287 
617290 
486219 
617293 
486223 
617296 
486227 
617299 
617304 
486234 
617306 
617308 
617310 
617313 
617315 
486244 
617317 
617319 
486250 
617322 
617325 
617328 
486259 
617331 
617336 
486265 
617338 
617340 
617342 
617345 
486274 
617347 
617349 
617351 
486282 
617354 
617357 
486288 
617360 
617363 
617368 
486297 
617370 
617372 
486302 
617374 
617377 
486307 
617379 
617381 
617383 
486312 
617386 
617389 
617392 
486321 
617395 
486326 
617400 
486330 
617402 
617404 
617406 
486337 
617409 
617411 
486341 
617413 
617415 
486346 
617418 
617421 
486351 
617424 
617427 
486356 
617432 
486361 
617434 
617436 
617438 
617441 
486370 
617443 
617445 
617447 
486376 
617450 
617453 
486383 
617456 
486387 
617459 
486391 
617464 
617466 
486395 
617468 
617470 
617473 
486402 
617475 
617477 
486406 
617479 
486410 
617482 
617485 
486414 
617488 
617491 
486421 
617496 
486425 
617498 
486428 
617500 
617502 
486433 
617505 
617507 
486437 
617509 
617511 
486441 
617514 
486445 
617517 
617520 
617523 
486452 
617528 
486457 
617530 
617532 
486462 
617534 
617537 
486467 
617539 
617541 
617543 
617546 
486476 
617549 
617552 
486481 
617555 
486486 
617560 
617562 
486491 
617564 
617566 
617569 
617571 
486500 
617573 
617575 
486504 
617578 
486508 
617581 
486512 
617584 
617587 
486519 
617592 
617594 
486523 
617596 
617598 
617601 
486530 
617603 
617605 
617607 
617610 
486540 
617613 
617616 
486545 
617619 
486550 
617624 
617626 
617628 
617630 
486559 
617633 
617635 
617637 
486567 
617639 
617642 
486571 
617645 
486575 
617648 
486579 
617651 
617656 
486586 
617658 
617660 
617662 
486592 
617665 
617667 
486597 
617669 
617671 
617674 
617677 
617680 
617683 
486615 
617688 
617690 
486619 
617692 
617694 
617697 
486626 
617699 
486629 
617701 
617703 
486632 
617706 
486635 
617709 
486640 
617712 
617715 
486646 
617720 
617722 
486651 
617724 
617726 
617729 
617731 
486660 
617733 
617735 
486665 
617738 
486669 
617741 
617744 
617747 
486676 
617752 
486681 
617754 
617756 
617758 
486688 
617761 
486691 
617763 
617765 
617767 
486696 
617770 
486701 
617773 
617776 
486705 
617779 
486712 
617784 
617786 
617788 
486717 
617790 
617793 
486722 
617795 
617797 
486727 
617799 
617802 
617805 
486736 
617808 
617811 
486741 
617816 
486746 
617818 
617820 
617822 
486751 
617825 
617827 
617829 
617831 
486760 
617834 
486765 
617837 
617840 
486770 
617843 
486775 
617848 
617850 
617852 
617854 
486784 
617857 
617859 
486788 
617861 
617863 
486792 
617866 
486796 
617869 
617872 
486803 
617875 
486807 
617880 
617882 
486811 
617884 
617886 
486815 
617889 
617891 
617893 
486822 
617895 
486826 
617898 
617901 
486830 
617904 
486834 
617907 
617912 
486841 
617914 
617916 
486846 
617918 
617921 
486851 
617923 
617925 
617927 
486856 
617930 
617933 
617936 
486865 
617939 
486870 
617944 
617946 
486875 
617948 
617950 
486880 
617953 
617955 
617957 
617959 
486889 
617962 
617965 
486894 
617968 
486899 
617971 
486904 
617976 
617978 
617980 
617982 
486913 
617985 
617987 
486917 
617989 
617991 
486921 
617994 
486925 
617997 
618000 
618003 
486932 
486936 
618008 
618010 
486940 
618012 
618014 
486944 
618017 
618019 
618021 
486951 
618023 
618026 
486955 
618029 
486959 
618032 
486963 
618035 
618040 
486970 
618042 
618044 
618046 
486975 
618049 
618051 
486980 
618053 
618055 
486985 
618058 
618061 
618064 
486994 
618067 
486999 
618072 
618074 
487004 
618076 
618078 
487009 
618081 
618083 
618085 
618087 
487018 
618090 
618093 
487023 
618096 
618099 
487028 
618104 
487033 
618106 
618108 
618110 
618113 
487042 
618115 
618117 
487046 
618119 
487050 
618122 
618125 
487054 
618128 
618131 
487061 
618136 
487065 
618138 
618140 
487069 
618142 
487073 
618145 
618147 
618149 
618151 
487080 
618154 
487084 
618157 
487088 
618160 
618163 
487092 
618168 
618170 
487099 
618172 
618174 
487104 
618177 
618179 
487109 
618181 
618183 
487114 
618186 
618188 
618190 
618192 
487123 
618195 
618197 
618199 
487128 
618201 
618204 
487133 
618206 
618208 
487138 
618210 
618213 
618216 
487147 
618219 
618222 
487152 
618227 
487157 
618229 
618231 
618233 
487162 
618236 
618238 
618240 
618242 
487171 
618245 
487175 
618248 
487179 
618251 
618254 
487183 
618259 
618261 
487190 
618263 
618265 
487194 
618268 
487198 
618270 
618272 
487202 
618274 
618277 
618280 
487209 
618283 
487213 
618286 
487217 
618291 
487221 
618293 
618295 
618297 
487228 
618300 
618302 
618304 
487233 
618306 
618309 
487238 
618312 
487243 
618315 
618318 
618323 
487252 
618325 
618327 
487256 
618329 
487260 
618332 
618334 
487264 
618336 
618338 
618341 
487271 
618344 
618347 
487276 
618350 
487281 
618355 
618357 
487286 
618359 
618361 
618364 
618366 
487295 
618368 
618370 
487300 
618373 
618376 
487305 
618379 
487310 
618382 
618387 
618389 
487319 
618391 
618393 
487323 
618396 
618398 
487327 
618400 
618402 
487331 
618405 
618408 
487338 
618411 
487341 
618414 
487344 
487347 
618419 
618421 
618423 
487352 
618425 
618428 
618430 
487360 
618432 
618434 
487365 
618437 
618440 
487370 
618443 
618446 
487375 
618451 
618453 
618455 
487384 
618457 
618460 
487389 
618462 
618464 
487394 
618466 
618469 
487399 
618472 
618475 
618478 
487408 
618483 
487412 
618485 
618487 
487416 
618489 
487420 
618492 
618494 
618496 
618498 
487427 
618501 
487431 
618504 
487435 
618507 
618510 
487439 
618515 
618517 
487446 
618519 
618521 
487451 
618524 
618526 
487456 
618528 
618530 
487461 
618533 
618536 
618539 
487470 
618542 
618547 
487476 
618549 
618551 
618553 
618556 
487485 
618558 
618560 
487489 
618562 
487493 
618565 
618568 
487497 
618571 
618574 
487504 
618579 
618581 
618583 
487512 
618585 
618588 
618590 
618592 
487522 
618594 
618597 
487527 
618600 
618603 
487532 
618606 
487537 
618611 
618613 
618615 
618617 
487546 
618620 
618622 
618624 
618626 
487555 
618629 
487559 
618632 
487563 
618635 
618638 
487567 
618643 
618645 
487574 
618647 
618649 
487579 
618652 
618654 
487584 
618656 
618658 
487589 
618661 
618664 
618667 
487598 
618670 
487603 
618675 
618677 
618679 
487608 
618681 
618684 
487613 
618686 
618688 
618690 
618693 
487622 
618696 
487626 
618699 
487630 
618702 
487634 
618707 
618709 
618711 
487641 
618713 
618716 
618718 
487647 
618720 
618722 
487651 
618725 
618728 
487658 
618731 
618734 
487663 
618739 
487668 
618741 
618743 
487673 
618745 
618748 
618750 
618752 
487682 
618754 
618757 
487686 
618760 
487690 
618763 
487694 
618766 
618771 
487701 
618773 
618775 
618777 
487706 
618780 
618782 
487711 
618784 
618786 
487716 
618789 
618792 
618795 
487725 
618798 
487730 
618803 
618805 
487735 
618807 
618809 
487740 
618812 
618814 
618816 
618818 
487749 
618821 
618823 
487753 
618825 
618827 
487757 
618830 
618832 
487761 
618834 
618836 
618839 
487768 
618841 
618843 
487772 
618845 
487776 
618848 
618851 
487780 
618854 
618857 
487787 
618862 
487791 
618864 
618866 
487795 
618868 
487799 
618871 
618873 
618875 
618877 
487806 
618880 
487811 
618883 
618886 
487816 
618889 
487821 
618894 
618896 
618898 
618900 
487830 
618903 
618905 
487835 
618907 
618909 
487840 
618912 
618915 
487845 
618918 
618921 
487854 
618926 
618928 
487858 
618930 
618932 
487862 
618935 
618937 
487866 
618939 
618941 
618944 
487873 
618947 
487878 
618950 
618953 
487883 
618958 
487888 
618960 
618962 
618964 
618967 
487897 
618969 
618971 
487901 
618973 
618976 
487905 
618979 
487909 
618982 
618985 
487916 
618990 
487920 
618992 
618994 
487924 
618996 
618999 
487928 
619001 
619003 
619005 
619008 
487937 
619011 
619014 
619017 
619022 
487951 
619024 
619026 
619028 
619031 
487960 
619033 
619035 
619037 
487966 
619040 
487970 
619043 
487974 
619046 
619049 
487978 
619054 
619056 
487985 
619058 
619060 
487989 
619063 
487993 
619065 
619067 
487997 
619069 
619072 
619075 
488004 
619078 
488007 
619081 
488010 
488013 
619086 
619088 
488018 
619090 
619092 
488021 
619095 
488024 
619097 
488027 
619099 
619101 
488032 
619104 
619107 
488036 
619110 
488040 
619113 
488044 
619118 
619120 
619122 
488051 
619124 
488054 
619127 
488057 
619129 
619131 
488060 
619133 
619136 
488065 
619139 
488069 
619142 
488073 
619145 
488077 
619150 
619152 
619154 
488084 
619156 
619159 
488088 
619161 
619163 
488092 
619165 
488096 
619168 
619171 
619174 
488103 
619177 
488106 
488109 
619182 
488112 
619184 
619186 
619188 
488117 
619191 
488120 
619193 
488123 
619195 
619197 
488126 
619200 
488131 
619203 
619206 
488135 
619209 
488139 
619214 
488143 
619216 
619218 
619220 
488150 
619223 
488153 
619225 
619227 
488156 
619229 
488159 
619232 
619235 
488164 
619238 
488168 
619241 
488172 
619246 
488176 
619248 
619250 
619252 
488183 
619255 
619257 
488187 
619259 
619261 
488191 
619264 
488195 
619267 
619270 
619273 
488202 
488205 
619278 
488208 
619280 
619282 
488211 
619284 
619287 
488216 
619289 
488219 
619291 
619293 
488222 
619296 
488225 
619299 
488230 
619302 
619305 
488234 
488238 
619310 
619312 
488242 
619314 
619316 
619319 
488249 
619321 
619323 
488252 
619325 
488255 
619328 
488258 
619331 
619334 
488263 
619337 
488267 
619342 
488271 
619344 
619346 
488275 
619348 
619351 
619353 
488282 
619355 
619357 
488286 
619360 
488290 
619363 
488294 
619366 
619369 
488301 
619374 
488304 
619376 
619378 
488307 
619380 
488310 
619383 
619385 
488315 
619387 
619389 
488318 
619392 
488321 
619395 
488324 
619398 
488329 
619401 
488333 
619406 
619408 
488337 
619410 
619412 
488341 
619415 
619417 
619419 
488348 
619421 
488351 
619424 
488354 
619427 
488357 
619430 
619433 
488364 
619438 
619441 
619444 
488375 
619447 
619452 
488381 
619454 
619456 
619458 
488387 
619461 
619464 
488393 
619467 
619470 
619475 
488404 
619477 
619479 
619481 
488410 
619484 
619486 
488416 
619488 
619490 
619493 
488422 
619496 
619499 
619502 
488433 
619507 
619509 
619511 
488441 
619513 
619516 
619518 
619520 
488449 
619522 
619525 
619528 
488459 
619531 
619534 
488464 
619539 
488469 
619541 
619543 
619545 
488474 
619548 
619550 
619552 
619554 
488483 
619557 
488488 
619560 
619563 
488493 
619566 
488498 
619571 
619573 
619575 
619577 
488507 
619580 
619582 
619584 
488513 
619586 
619589 
488518 
619592 
619595 
619598 
488527 
619603 
488532 
619605 
619607 
488537 
619609 
619612 
488542 
619614 
619616 
619618 
619621 
488551 
619624 
488555 
619627 
619630 
488559 
488563 
619635 
619637 
619639 
619641 
488570 
619644 
619646 
488575 
619648 
619650 
488579 
619653 
619656 
488586 
619659 
488590 
619662 
488595 
619667 
619669 
488599 
619671 
619673 
488603 
619676 
619678 
488607 
619680 
619682 
619685 
488614 
619688 
488618 
619691 
488622 
619694 
488626 
619699 
619701 
619703 
488633 
619705 
619708 
488638 
619710 
619712 
619714 
488643 
619717 
488648 
619720 
619723 
619726 
488657 
619731 
488661 
619733 
619735 
488665 
619737 
619740 
488669 
619742 
619744 
619746 
488676 
619749 
488680 
619752 
619755 
488684 
619758 
488688 
619763 
619765 
488695 
619767 
619769 
488700 
619772 
619774 
619776 
488705 
619778 
619781 
488710 
619784 
619787 
619790 
488719 
488723 
619795 
619797 
488727 
619799 
619801 
488731 
619804 
619806 
619808 
488738 
619810 
619813 
488743 
619816 
619819 
488748 
619822 
488753 
619827 
619829 
619831 
619833 
488762 
619836 
488766 
619838 
619840 
488770 
619842 
619845 
488774 
619848 
619851 
488781 
619854 
488786 
619859 
619861 
488791 
619863 
619865 
488796 
619868 
619870 
619872 
619874 
488805 
619877 
619880 
488810 
619883 
619886 
488815 
619891 
488820 
619893 
619895 
619897 
619900 
488829 
619902 
488832 
619904 
619906 
488835 
619909 
488838 
619912 
488843 
619915 
619918 
488848 
619923 
488853 
619925 
619927 
619929 
488858 
619932 
619934 
619936 
619938 
488867 
619941 
488871 
619944 
488875 
619947 
619950 
488879 
619955 
619957 
488886 
619959 
619961 
488891 
619964 
619966 
488896 
619968 
619970 
488901 
619973 
619976 
619979 
488910 
619982 
488915 
619987 
619989 
619991 
488920 
619993 
619996 
488925 
619998 
620000 
620002 
620005 
488934 
620008 
488937 
620011 
488940 
620014 
488943 
620019 
488948 
620021 
488951 
620023 
620025 
488954 
620028 
488957 
620030 
620032 
488962 
620034 
620037 
488966 
620040 
488970 
620043 
488974 
620046 
620051 
488981 
620053 
488983 
620055 
488985 
620057 
488987 
620060 
488990 
620062 
620064 
488994 
620066 
620069 
488998 
620072 
489002 
620075 
620078 
489009 
620083 
489012 
620085 
489015 
620087 
620089 
489018 
620092 
620094 
620096 
489025 
620098 
489029 
620101 
620103 
489033 
620105 
620107 
489037 
620110 
620112 
620114 
489044 
620116 
620119 
620121 
489051 
620123 
620125 
620128 
620131 
489060 
620134 
620137 
489070 
620142 
620144 
620146 
489076 
620148 
620151 
620153 
620155 
489085 
620157 
620160 
489090 
620163 
620166 
489097 
620169 
489102 
620174 
620176 
620178 
489107 
620180 
620183 
489112 
620185 
620187 
620189 
620192 
489121 
620195 
489124 
620198 
489127 
620201 
489130 
620206 
489135 
620208 
620210 
489140 
620212 
620215 
489145 
620217 
620219 
620221 
489150 
620224 
620227 
620230 
489159 
620233 
489163 
620238 
489167 
620240 
620242 
489171 
620244 
620247 
620249 
489178 
620251 
620253 
620256 
620259 
489188 
620262 
489193 
620265 
489198 
620270 
620272 
620274 
489203 
620276 
620279 
620281 
620283 
489212 
620285 
620288 
489217 
620291 
489222 
620294 
620297 
489227 
620302 
620304 
620306 
489236 
620308 
620311 
489241 
620313 
620315 
620317 
489246 
620320 
489251 
620323 
620326 
620329 
489260 
620334 
620336 
489265 
620338 
620340 
489270 
620343 
620345 
489275 
620347 
620349 
620352 
620355 
489284 
620358 
489289 
620361 
489294 
620366 
620368 
620370 
489299 
620372 
620375 
620377 
620379 
489308 
620381 
620384 
489313 
620387 
489318 
620390 
620393 
489323 
620398 
620400 
620402 
489332 
620404 
620407 
489337 
620409 
620411 
620413 
489342 
620416 
489347 
620419 
620422 
620425 
489356 
620430 
620432 
489361 
620434 
620436 
620439 
489368 
620441 
620443 
489372 
620445 
489376 
620448 
620451 
620454 
489383 
620457 
489390 
620462 
620464 
620466 
620468 
489399 
620471 
620473 
620475 
489404 
620477 
620480 
489409 
620483 
489414 
620486 
620489 
620494 
620496 
620498 
620500 
620503 
620505 
620507 
489436 
620509 
620512 
489441 
620515 
489446 
620518 
620521 
489451 
620526 
620528 
620530 
489460 
620532 
620535 
489465 
620537 
620539 
620541 
489470 
620544 
489475 
620547 
620550 
620553 
489484 
620558 
620560 
489489 
620562 
620564 
620567 
489496 
620569 
620571 
620573 
620576 
489506 
620579 
620582 
489511 
620585 
489516 
620590 
620592 
489521 
620594 
620596 
620599 
620601 
489530 
620603 
620605 
489534 
620608 
489538 
620611 
489542 
620614 
620617 
489549 
620622 
620624 
489554 
620626 
620628 
489559 
620631 
620633 
620635 
489564 
620637 
620640 
620643 
489573 
620646 
489577 
620649 
489581 
620654 
620656 
489585 
620658 
620660 
620663 
489592 
620665 
620667 
489597 
620669 
620672 
489602 
620675 
620678 
489607 
620681 
620686 
489616 
620688 
620690 
620692 
489621 
620695 
620697 
489626 
620699 
620701 
489631 
620704 
620707 
620710 
489640 
620713 
489643 
489646 
620718 
620720 
489649 
620722 
620724 
489654 
620727 
620729 
489659 
620731 
620733 
489664 
620736 
620739 
489669 
620742 
620745 
489678 
620750 
620752 
489682 
620754 
620756 
489686 
620759 
620761 
489690 
620763 
620765 
620768 
489697 
620771 
620774 
620777 
489706 
620782 
620784 
489713 
620786 
620788 
489719 
620791 
620793 
620795 
620797 
489728 
620800 
620803 
489734 
620806 
620809 
489739 
620814 
620816 
620818 
489748 
620820 
620823 
489752 
620825 
620827 
620829 
489759 
620832 
489763 
620835 
620838 
489767 
620841 
489771 
620846 
620848 
489778 
620850 
620852 
620855 
620857 
489787 
620859 
620861 
620864 
620867 
620870 
489800 
620873 
489806 
620878 
620880 
620882 
620884 
489815 
620887 
620889 
489819 
620891 
620893 
489823 
620896 
489827 
620899 
620902 
620905 
489834 
620910 
620912 
489841 
620914 
620916 
620919 
620921 
489850 
620923 
620925 
489855 
620928 
620931 
620934 
489864 
620937 
489869 
620942 
620944 
620946 
620948 
620951 
489880 
620953 
620955 
620957 
489887 
620960 
620963 
489892 
620966 
620969 
489899 
620974 
489903 
620976 
489906 
620978 
620980 
489911 
620983 
620985 
489915 
620987 
620989 
489919 
620992 
489923 
620995 
620998 
621001 
489930 
489934 
621006 
621008 
489938 
621010 
621012 
489942 
621015 
621017 
621019 
489949 
621021 
621024 
489953 
621027 
489957 
621030 
489961 
621033 
621038 
489968 
621040 
621042 
489971 
621044 
489974 
621047 
489977 
621049 
621051 
621053 
489982 
621056 
489986 
621059 
489990 
621062 
621065 
489994 
621070 
621072 
490001 
621074 
621076 
490005 
621079 
490009 
621081 
621083 
490013 
621085 
621088 
621091 
490020 
621094 
490024 
621097 
490028 
621102 
490032 
621104 
621106 
621108 
490039 
621111 
621113 
490042 
621115 
490045 
621117 
490048 
621120 
621123 
490053 
621126 
490057 
621129 
490061 
621134 
621136 
490065 
621138 
621140 
621143 
490072 
621145 
621147 
490076 
621149 
490080 
621152 
621155 
490084 
621158 
621161 
490091 
621166 
490095 
621168 
621170 
490099 
621172 
490103 
621175 
621177 
621179 
621181 
490110 
621184 
490113 
621187 
490116 
621190 
490119 
621193 
490124 
621198 
490128 
621200 
621202 
490132 
621204 
621207 
490136 
621209 
621211 
621213 
490143 
621216 
490147 
621219 
621222 
490151 
621225 
490155 
621230 
621232 
490162 
621234 
621236 
490166 
621239 
621241 
490170 
621243 
621245 
490174 
621248 
621251 
490181 
621254 
621257 
490186 
621262 
490191 
621264 
621266 
490196 
621268 
621271 
621273 
621275 
490205 
621277 
490208 
621280 
490211 
621283 
490214 
621286 
621289 
490219 
490222 
621294 
621296 
490225 
621298 
490228 
621300 
621303 
490233 
621305 
621307 
490237 
621309 
621312 
490241 
621315 
490245 
621318 
621321 
490252 
621326 
621328 
490257 
621330 
621332 
490262 
621335 
621337 
490267 
621339 
621342 
621345 
490276 
621348 
490280 
621353 
621355 
490284 
621357 
621359 
490288 
621362 
621364 
621366 
490295 
621369 
621371 
490300 
621373 
621376 
490305 
621378 
621380 
490310 
621382 
621385 
621387 
621389 
490319 
621391 
621394 
490324 
621397 
621400 
490331 
621403 
621408 
490337 
621410 
621412 
621414 
490344 
621417 
621419 
490349 
621421 
621423 
490354 
621426 
621429 
490359 
621432 
621435 
490368 
621440 
621442 
621444 
490373 
621446 
621449 
490378 
621451 
621453 
490383 
621455 
621458 
621461 
490392 
621464 
621467 
490396 
490400 
621472 
621474 
490404 
621476 
621478 
621481 
490411 
621483 
621485 
621487 
490416 
621490 
490421 
621493 
621496 
490426 
621499 
621504 
621506 
490435 
621508 
621510 
490439 
621513 
490443 
621515 
621517 
490447 
621519 
621522 
621525 
490454 
621528 
490458 
621531 
490462 
621536 
490466 
621538 
621540 
621542 
490473 
621545 
621547 
621549 
490479 
621551 
621554 
490484 
621557 
621560 
621563 
621568 
621570 
490499 
621572 
621574 
621577 
621579 
490509 
621581 
621583 
621586 
490515 
621589 
490520 
621592 
621595 
621600 
490529 
621602 
621604 
621606 
490535 
621609 
621611 
490540 
621613 
621615 
621618 
490549 
621621 
621624 
490554 
621627 
490559 
621632 
621634 
490564 
621636 
621638 
621641 
621643 
490573 
621645 
621647 
490578 
621650 
621653 
490583 
621656 
621659 
490588 
621664 
621666 
621668 
490597 
621670 
490601 
621673 
621675 
490605 
621677 
621679 
490609 
621682 
621685 
490616 
621688 
621691 
490621 
621696 
490626 
621698 
621700 
621702 
490631 
621705 
621707 
621709 
621711 
490640 
621714 
490645 
621717 
621720 
490650 
621723 
490655 
621728 
621730 
621732 
621734 
490664 
621737 
621739 
490668 
621741 
621743 
490672 
621746 
490676 
621749 
621752 
490683 
621755 
490688 
621760 
621762 
621764 
490693 
621766 
621769 
490698 
621771 
621773 
621775 
621778 
490707 
621781 
490711 
621784 
490715 
621787 
490719 
621792 
621794 
621796 
490726 
621798 
621801 
490730 
621803 
621805 
490734 
621807 
490738 
621810 
621813 
621816 
490745 
621819 
490750 
621824 
621826 
490755 
621828 
621830 
490760 
621833 
621835 
621837 
621839 
490769 
621842 
490773 
621845 
621848 
490777 
621851 
490781 
621856 
621858 
490788 
621860 
621862 
490792 
621865 
621867 
490796 
621869 
621871 
490800 
621874 
621877 
490807 
621880 
621883 
490812 
621888 
490817 
621890 
621892 
490822 
621894 
621897 
621899 
621901 
490831 
621903 
621906 
621909 
490838 
621912 
621915 
490845 
621920 
621922 
490852 
621924 
621926 
621929 
621931 
621933 
621935 
490865 
621938 
490869 
621941 
621944 
490873 
621947 
490877 
621952 
621954 
490884 
621957 
621959 
490888 
621961 
490892 
621964 
621967 
490896 
621972 
490903 
621975 
490907 
621980 
490911 
621983 
621986 
490915 
621988 
621990 
621992 
490922 
621995 
621997 
621999 
490928 
622001 
622004 
490934 
622007 
622010 
490940 
622013 
622018 
622020 
622022 
490951 
622024 
622027 
490956 
622029 
622031 
490961 
622033 
622036 
490966 
622039 
622042 
622045 
490975 
622050 
490979 
622052 
622054 
490983 
622056 
490987 
622059 
622061 
622063 
622065 
490994 
622068 
490998 
622071 
491002 
622074 
622077 
491006 
622082 
622084 
491013 
622086 
491016 
622088 
491019 
622091 
622093 
491022 
622095 
622097 
491027 
622100 
491029 
491031 
622103 
491033 
622106 
491036 
622109 
491040 
622114 
491044 
622116 
622118 
491048 
622120 
622123 
622125 
491055 
622127 
491057 
622129 
491059 
622132 
491061 
622135 
491064 
622138 
622141 
491072 
622146 
622148 
622150 
622152 
491083 
622155 
622157 
491087 
622159 
622161 
491091 
622164 
622167 
491098 
622170 
622173 
491102 
622178 
491107 
622180 
622182 
491112 
622184 
622187 
622189 
491119 
622191 
622193 
622196 
622199 
491130 
622202 
622205 
491135 
622210 
622212 
491142 
622214 
622216 
622219 
491149 
622221 
622223 
622225 
491156 
622228 
622231 
622234 
491163 
622237 
622242 
622244 
622246 
491176 
622248 
622251 
622253 
491182 
622255 
622257 
491188 
622260 
622263 
491194 
622266 
622269 
622274 
622276 
491205 
622278 
622280 
491210 
622283 
622285 
491215 
622287 
622289 
491220 
622292 
622295 
622298 
491229 
622301 
622306 
491235 
622308 
622310 
622312 
491241 
622315 
622317 
491247 
622319 
622321 
622324 
622327 
491258 
622330 
622333 
491264 
622338 
622340 
491270 
622342 
622344 
622347 
491276 
622349 
622351 
622353 
622356 
491287 
622359 
622362 
491291 
622365 
491295 
622370 
491299 
622372 
622374 
622376 
491306 
622379 
622381 
622383 
491312 
622385 
622388 
491318 
622391 
622394 
491324 
622397 
622402 
622404 
622406 
491335 
622408 
622411 
491341 
622413 
622415 
622417 
491347 
622420 
622423 
491353 
622426 
622429 
622434 
491364 
622436 
622438 
622440 
491369 
622443 
622445 
491374 
622447 
622449 
491379 
622452 
622455 
622458 
491388 
622461 
491391 
491394 
622466 
622468 
491397 
622470 
622472 
491402 
622475 
622477 
491406 
622479 
622481 
491410 
622484 
491414 
622487 
622490 
491421 
622493 
491424 
622498 
491427 
622500 
491430 
622502 
622504 
491435 
622507 
622509 
491439 
622511 
622513 
491443 
622516 
491447 
622519 
622522 
622525 
491454 
491456 
491458 
622530 
491460 
622532 
622534 
491463 
622536 
491466 
622539 
491469 
622541 
622543 
491472 
622545 
622548 
491477 
622551 
491480 
622554 
491483 
491486 
622559 
622561 
491491 
622564 
622566 
491495 
622568 
491498 
622571 
622574 
491503 
491507 
622580 
491510 
622584 
622586 
491515 
622588 
622590 
491519 
622593 
491523 
622595 
622597 
491527 
622599 
622602 
622605 
491534 
491536 
622608 
491538 
622611 
491540 
491543 
622616 
622618 
622620 
491550 
622622 
622625 
622627 
622629 
491559 
622631 
622634 
491564 
622637 
622640 
491571 
622643 
491576 
622648 
622650 
622652 
491581 
622654 
622657 
491586 
622659 
622661 
622663 
622666 
491595 
622669 
491599 
622672 
491603 
622675 
491607 
622680 
622682 
622684 
491614 
622686 
622689 
622691 
491620 
622693 
622695 
491625 
622698 
622701 
622704 
491634 
622707 
491640 
622712 
622714 
622716 
622718 
491649 
622721 
622723 
622725 
491654 
622727 
622730 
491661 
622733 
622736 
491667 
622739 
491672 
622744 
622746 
622748 
622750 
491681 
622753 
622755 
491685 
622757 
622759 
491690 
622762 
622765 
491694 
622768 
491698 
622771 
491702 
622776 
622778 
622780 
491709 
622782 
491713 
622785 
622787 
491717 
622789 
622791 
491721 
622794 
622797 
491728 
622800 
622803 
491734 
622808 
622810 
491740 
622812 
622814 
622817 
491746 
622819 
622821 
622823 
622826 
491757 
622829 
622832 
491761 
622835 
491765 
622840 
491769 
622842 
622844 
622846 
491776 
622849 
491779 
622851 
622853 
622855 
491784 
622858 
491789 
622861 
622864 
491793 
622867 
491800 
622872 
491802 
622874 
622876 
491805 
622878 
491808 
622881 
491811 
622883 
622885 
491814 
622887 
622890 
491819 
622893 
491822 
622896 
491825 
622899 
491828 
622904 
491833 
622906 
491835 
622908 
491837 
622910 
491839 
622913 
491842 
622915 
491845 
622917 
622919 
491848 
622922 
491851 
622925 
491856 
622928 
622931 
491860 
491864 
622936 
622938 
491868 
622940 
622942 
622945 
491875 
622947 
491877 
622949 
491879 
622951 
491881 
622954 
491884 
622957 
491887 
622960 
491890 
622963 
491893 
622968 
491898 
622970 
622972 
491901 
622974 
491904 
622977 
491907 
622979 
622981 
622983 
491912 
491914 
622986 
491916 
622989 
491918 
622992 
491921 
622995 
491924 
491927 
623000 
491930 
623002 
623004 
623006 
491935 
623009 
491939 
623011 
623013 
491943 
623015 
623018 
491947 
623021 
623024 
491954 
623027 
491956 
491958 
491960 
623032 
623034 
491963 
623036 
491966 
623038 
491969 
623041 
623043 
491972 
623045 
623047 
491977 
623050 
491980 
623053 
491983 
623056 
491986 
623059 
491991 
623064 
491993 
623066 
491995 
623068 
491997 
623070 
492000 
623073 
492003 
623075 
623077 
492006 
623079 
492009 
623082 
623085 
492014 
623088 
492018 
623091 
492022 
623096 
492026 
623098 
623100 
623102 
492033 
623105 
492035 
623107 
492037 
623109 
492039 
623111 
492042 
623114 
492045 
623117 
492048 
623120 
492051 
623123 
492056 
623128 
623130 
492059 
623132 
492062 
623135 
492065 
623137 
623139 
623141 
492070 
492072 
623144 
492074 
623147 
492076 
623150 
492079 
492082 
623155 
492085 
623157 
492088 
623160 
623162 
492093 
623165 
492098 
623172 
492102 
623175 
623178 
623180 
492109 
623182 
492111 
623184 
492113 
492115 
623187 
623189 
492118 
623191 
623193 
492124 
623196 
492127 
623199 
623202 
492132 
623205 
492135 
623210 
623212 
623214 
492143 
623216 
623219 
623221 
623223 
623225 
492156 
623228 
623231 
623234 
492165 
623237 
623242 
623244 
623246 
492175 
623248 
623251 
623253 
492183 
623255 
623257 
492188 
623260 
623263 
492194 
623266 
623269 
492198 
492202 
623274 
623276 
492206 
623278 
623280 
623283 
492213 
623285 
623287 
492217 
623289 
623292 
492221 
623295 
492225 
623298 
623301 
492232 
623306 
623308 
492237 
623310 
623312 
623315 
492244 
623317 
623319 
492248 
623321 
623324 
492253 
623327 
492256 
623330 
492259 
623333 
492264 
623338 
492267 
623340 
492270 
623342 
623344 
492274 
623347 
623349 
492278 
623351 
623353 
492282 
623356 
623359 
492289 
623362 
492293 
623365 
492297 
623370 
623372 
492301 
623374 
623376 
623379 
492308 
623381 
623383 
492312 
623385 
492316 
623388 
623391 
492320 
623394 
623397 
492327 
492330 
623402 
623404 
492333 
623406 
492336 
623408 
623411 
492341 
623413 
623415 
623417 
492346 
623420 
492351 
623423 
623426 
492356 
623429 
623434 
623436 
492365 
623438 
623440 
492369 
623443 
492373 
623445 
623447 
492377 
623449 
623452 
623455 
492384 
623458 
492387 
623461 
492390 
492393 
623466 
623468 
492398 
623470 
623472 
492401 
623475 
492404 
623477 
492407 
623479 
623481 
492412 
623484 
492415 
623487 
492418 
623490 
492421 
623493 
492426 
623498 
623500 
492429 
623502 
492432 
623504 
492435 
623507 
623509 
623511 
492440 
623513 
492444 
623516 
623519 
492448 
623522 
492452 
623525 
623530 
492459 
623532 
623534 
492463 
623536 
492467 
623539 
623541 
492471 
623543 
623545 
623548 
492478 
623551 
492482 
623554 
623557 
492486 
492490 
623562 
623564 
623566 
623568 
492497 
623571 
492500 
623573 
492503 
623575 
623577 
492506 
623580 
492511 
623583 
492514 
623586 
492517 
623589 
492520 
623594 
623596 
492525 
623598 
492527 
623600 
492529 
492531 
623603 
623605 
492534 
623607 
623609 
492538 
623612 
492542 
623615 
492546 
623618 
623621 
492553 
623626 
623628 
492557 
623630 
623632 
492561 
623635 
492565 
623637 
623639 
623641 
492572 
623644 
623647 
492576 
623650 
492580 
623653 
492584 
623658 
623660 
623662 
492591 
623664 
492594 
623667 
492597 
623669 
623671 
492600 
623673 
623676 
492605 
623679 
492610 
623682 
623685 
492615 
623690 
492620 
623692 
623694 
623696 
623699 
492629 
623701 
623703 
492633 
623705 
623708 
492637 
623711 
492641 
623714 
623717 
492648 
623722 
492651 
623724 
492654 
623726 
492657 
623729 
623731 
623733 
492662 
623735 
492665 
623738 
492668 
623741 
492671 
623744 
492676 
623749 
492679 
623752 
492682 
623754 
492685 
623757 
492690 
623763 
492693 
623765 
623767 
492696 
623770 
492699 
623772 
623775 
492704 
623778 
492708 
623783 
492712 
623785 
623787 
492716 
623790 
623793 
492723 
623796 
492727 
623800 
492731 
623803 
492735 
623808 
623810 
623812 
492742 
623814 
623817 
492746 
623819 
623821 
492750 
623823 
492754 
623826 
623829 
623832 
492761 
623835 
492764 
492767 
623840 
492770 
623842 
623844 
623846 
492775 
623849 
492778 
623851 
492781 
623853 
623855 
492784 
623858 
492789 
623861 
492791 
623864 
492793 
492795 
623867 
492798 
623872 
492802 
623874 
623876 
492806 
623878 
623881 
492810 
623883 
623885 
623887 
492817 
623890 
492821 
623893 
623896 
492825 
623899 
492829 
623904 
623906 
492836 
623908 
623910 
492840 
623913 
623915 
492844 
623917 
623919 
492848 
623922 
623925 
492855 
623928 
492858 
623931 
492861 
492864 
623936 
623938 
623940 
492869 
623942 
623945 
492874 
623947 
623949 
492879 
623951 
623954 
492884 
623957 
623960 
623963 
492893 
623968 
492897 
623970 
623972 
492901 
623974 
492905 
623977 
623979 
623981 
623983 
492912 
623986 
492915 
623989 
492918 
623992 
492921 
623995 
492926 
624000 
492929 
624002 
492932 
624004 
624006 
492935 
624009 
624011 
492940 
624013 
492943 
624015 
492946 
624018 
492949 
624021 
624024 
492954 
624027 
492957 
492960 
624032 
624034 
492963 
624036 
624038 
492968 
624041 
624043 
492972 
624045 
624047 
492976 
624050 
492980 
624053 
624056 
492987 
624059 
492991 
624064 
624066 
492995 
624068 
624070 
492999 
624073 
624075 
624077 
493006 
624079 
493010 
624082 
624085 
493014 
624088 
493018 
624091 
624096 
493025 
624098 
493028 
624100 
624102 
493031 
624105 
493034 
624107 
624109 
493039 
624111 
493042 
624114 
493045 
624117 
493048 
624120 
624123 
493053 
493055 
624128 
493057 
624130 
493059 
624132 
493062 
624134 
624137 
493066 
624139 
624141 
493070 
624143 
493074 
624146 
624149 
624152 
493081 
624155 
493085 
624160 
493089 
624162 
624164 
493093 
624166 
624169 
624171 
493100 
624173 
624175 
493104 
624178 
493108 
624181 
493112 
624184 
624187 
493119 
624192 
493122 
624194 
624196 
493125 
624198 
493128 
624201 
624203 
493133 
624205 
624207 
493138 
624210 
624213 
493143 
624216 
624219 
493148 
624224 
624226 
624228 
493157 
624230 
493161 
624233 
624235 
493165 
624237 
624239 
493169 
624242 
624245 
493176 
624248 
493179 
624251 
493182 
624256 
493185 
624258 
624260 
493190 
624262 
493193 
624265 
624267 
493196 
624269 
493199 
624271 
624274 
493204 
624277 
493207 
624280 
493210 
624283 
493213 
624288 
493218 
624290 
624292 
493221 
624295 
493224 
624297 
493227 
624299 
624301 
493232 
624304 
624307 
493236 
624310 
493240 
624315 
493244 
624318 
624320 
493251 
624323 
493255 
624329 
493259 
624332 
493263 
624338 
493270 
624343 
493274 
624349 
493278 
624351 
624353 
493282 
624356 
624359 
493289 
624362 
493292 
624366 
493295 
624369 
493298 
624374 
493303 
624376 
493306 
624378 
624380 
493309 
624383 
493312 
624385 
624387 
493317 
624389 
493319 
624392 
493321 
493323 
624395 
493326 
624398 
624401 
493330 
493334 
624406 
624408 
493338 
624410 
624412 
624415 
493345 
624417 
624419 
493349 
624421 
624424 
493353 
624427 
493357 
624430 
624433 
493364 
624438 
493368 
624440 
624442 
493372 
624444 
624447 
493376 
624449 
624451 
624453 
493383 
624456 
493386 
624459 
493389 
624462 
493392 
624465 
493397 
624470 
624472 
493401 
624474 
624476 
493405 
624479 
493409 
624481 
624483 
624485 
493416 
624488 
624491 
493420 
624494 
493424 
624497 
493428 
624502 
624504 
624506 
493435 
624508 
624511 
493440 
624513 
624515 
493445 
624517 
624520 
493450 
624523 
624526 
624529 
493459 
493462 
624534 
624536 
493465 
624538 
493468 
624540 
624543 
493473 
624545 
493475 
624547 
493477 
624549 
493479 
624552 
493482 
624555 
493485 
624558 
493488 
624561 
493491 
624566 
493496 
624568 
624570 
493499 
624572 
493502 
624575 
493505 
624577 
624579 
624581 
493510 
624584 
624587 
624590 
493520 
624593 
493525 
624598 
624600 
624602 
493532 
624604 
624607 
493537 
624609 
624611 
624613 
493542 
624616 
493547 
624619 
624622 
624625 
493556 
624630 
493560 
624632 
624634 
493564 
624636 
624639 
493568 
624641 
624643 
624645 
493575 
624648 
624651 
493581 
624654 
624657 
493590 
624662 
624664 
624666 
624668 
493597 
624671 
624673 
493602 
624675 
624677 
493607 
624680 
624683 
493612 
624686 
624689 
493621 
624694 
624696 
493625 
624698 
624700 
493629 
624703 
493633 
624705 
624707 
624709 
493640 
624712 
624715 
493645 
624718 
624721 
493650 
624726 
493655 
624728 
624730 
624732 
624735 
493664 
624737 
624739 
493668 
624741 
493672 
624744 
624747 
493676 
624750 
624753 
493683 
624758 
493688 
624760 
624762 
624764 
493693 
624767 
624769 
493698 
624771 
624773 
624776 
493707 
624779 
624782 
493711 
624785 
493715 
624790 
493719 
624792 
624794 
624796 
493726 
624799 
624801 
493731 
624803 
624805 
493736 
624808 
624811 
493741 
624814 
624817 
493750 
624822 
624824 
493754 
624826 
624828 
493758 
624831 
624833 
493762 
624835 
624837 
624840 
493769 
624843 
493774 
624846 
624849 
493779 
624854 
493784 
624856 
624858 
624861 
624863 
493793 
624865 
624867 
493797 
624870 
493801 
624874 
493805 
624877 
624882 
493812 
624885 
624888 
493817 
624890 
624892 
493822 
624895 
493827 
624899 
624902 
624907 
493836 
624910 
493840 
624913 
624915 
493844 
624917 
493848 
624920 
624923 
624925 
493855 
624928 
493860 
624933 
493865 
624939 
624941 
493870 
624943 
624946 
624949 
493879 
624952 
493883 
624956 
493887 
624959 
493891 
624964 
624966 
624968 
493898 
624970 
624973 
493903 
624975 
624977 
624979 
493908 
624982 
493913 
624985 
624988 
624991 
493922 
624996 
493926 
624998 
625000 
493930 
625002 
625005 
493934 
625007 
625009 
625011 
493941 
625014 
625017 
493946 
625020 
493951 
625023 
493956 
625028 
625030 
625032 
625034 
493965 
625037 
625039 
493969 
625041 
625043 
493973 
625046 
493977 
625049 
625052 
625055 
493984 
625060 
493989 
625062 
625064 
493994 
625066 
625069 
493999 
625071 
625073 
625075 
625078 
494008 
625081 
494012 
625084 
625087 
494016 
494020 
625092 
625094 
625096 
625098 
494027 
625101 
625103 
494032 
625105 
625107 
494037 
625110 
625113 
494042 
625116 
625119 
494051 
625124 
625126 
494055 
625128 
625130 
494059 
625133 
494063 
625135 
625137 
625139 
494070 
625142 
625145 
494075 
625148 
625151 
494080 
625156 
494085 
625158 
625160 
625162 
625165 
494094 
625167 
625169 
494098 
625171 
494102 
625174 
625177 
494106 
625180 
625183 
494113 
625188 
494118 
625190 
625192 
625194 
494123 
625197 
625199 
494128 
625201 
625203 
625206 
494137 
625209 
625212 
494141 
625215 
494145 
625220 
494149 
625222 
625224 
625226 
494156 
625229 
625231 
494161 
625233 
625235 
494166 
625238 
625241 
494171 
625244 
625247 
494180 
625252 
625254 
494184 
625256 
625258 
494188 
625261 
625263 
494192 
625265 
625267 
625270 
494199 
625273 
494204 
625276 
625279 
494209 
625284 
494214 
625286 
625288 
625290 
625293 
494223 
625295 
625297 
625299 
494228 
625302 
494233 
625305 
625308 
494238 
625311 
625316 
625318 
494247 
625320 
625322 
494251 
625325 
494255 
625327 
625329 
494259 
625331 
625334 
625337 
494266 
625340 
494270 
625343 
494274 
625348 
494278 
625350 
625352 
625354 
494285 
625357 
625359 
625361 
494290 
625363 
625366 
494295 
625369 
494300 
625372 
625375 
625380 
494309 
625382 
494312 
625384 
625386 
494315 
625389 
494318 
625391 
625393 
494323 
625395 
625398 
494328 
625401 
625404 
494333 
625407 
494338 
625412 
625414 
625416 
625418 
494347 
625421 
494351 
625423 
625425 
494355 
625427 
625430 
494359 
625433 
625436 
494366 
625439 
494371 
625444 
625446 
494376 
625448 
625450 
494381 
625453 
625455 
625457 
625459 
494390 
625462 
494393 
625465 
494396 
625468 
494399 
625471 
494404 
625476 
625478 
494408 
625480 
625482 
494412 
625485 
625487 
494416 
625489 
625491 
625494 
494423 
625497 
494426 
625500 
494429 
625503 
494434 
625508 
494438 
625510 
625512 
625514 
494445 
625517 
625519 
494448 
625521 
494451 
625523 
494454 
625526 
625528 
625530 
494459 
625532 
494462 
625535 
494465 
625539 
494468 
625541 
625544 
494473 
494476 
625548 
494479 
625553 
494482 
625555 
625557 
494487 
625560 
494490 
625563 
494493 
625566 
494496 
625570 
494501 
625573 
494504 
625578 
494507 
625580 
494510 
625582 
625584 
494515 
625587 
625589 
494519 
625591 
625593 
494523 
625596 
494527 
625599 
625602 
625605 
494534 
494536 
494538 
625610 
494540 
625612 
625614 
494543 
625616 
494546 
625619 
494549 
625621 
625623 
494552 
625625 
625628 
494557 
625631 
494561 
625634 
625637 
494566 
494570 
625642 
625644 
494573 
625646 
625648 
494578 
625651 
494580 
625653 
494582 
625655 
494584 
625657 
494587 
625660 
494591 
625663 
625666 
494595 
625669 
494599 
625674 
625676 
494606 
625678 
625680 
494610 
625683 
625685 
494614 
625687 
625689 
494618 
625692 
625695 
494625 
625698 
494628 
625701 
494631 
494634 
625706 
625708 
625710 
494639 
625712 
494641 
494643 
625715 
494645 
625717 
625719 
494648 
625721 
494651 
625724 
494654 
625727 
494657 
625730 
625733 
494662 
494666 
625738 
625740 
494670 
625742 
625744 
494674 
625747 
625749 
625751 
494681 
625753 
625756 
494685 
625759 
494689 
625762 
494693 
625765 
625770 
494700 
625772 
494701 
494702 
625774 
494703 
494704 
625776 
494707 
625779 
625781 
494710 
625783 
494713 
625785 
625788 
494718 
625791 
494722 
625794 
625797 
494726 
494730 
625802 
625804 
625806 
625808 
494737 
625811 
494741 
625813 
625815 
494745 
625817 
625820 
494749 
625823 
625826 
494756 
625829 
494759 
494762 
625834 
625836 
494765 
625838 
625840 
494770 
625843 
625845 
494775 
625847 
625849 
494780 
625852 
625855 
494785 
625858 
625861 
494794 
625866 
494796 
625868 
494798 
625870 
494800 
625872 
494803 
625875 
494805 
625877 
494807 
625879 
494809 
625881 
494812 
625884 
625887 
494816 
625890 
494820 
625893 
494824 
625898 
625900 
625902 
494831 
625904 
494834 
625907 
494837 
625909 
625911 
494840 
625913 
625916 
494845 
625919 
494849 
625922 
494853 
625925 
494857 
625930 
625932 
625934 
494864 
625936 
625939 
494869 
625941 
625943 
625945 
494874 
625948 
494879 
625951 
625954 
625957 
494888 
625962 
494891 
625964 
494894 
625966 
625968 
494897 
625971 
625973 
494902 
625975 
494904 
625977 
494906 
494908 
625980 
494911 
625983 
494914 
625986 
494917 
625989 
494920 
625994 
625996 
494925 
625998 
626000 
494929 
626003 
494933 
626005 
626007 
494937 
626009 
626012 
626015 
494944 
494945 
494946 
626018 
494947 
494948 
626021 
494950 
494952 
494954 
626026 
626028 
494957 
626030 
494960 
626032 
494963 
626035 
626037 
626039 
494968 
626041 
626044 
494973 
626047 
626050 
494980 
626053 
494982 
494984 
494986 
626058 
626060 
494989 
626062 
626064 
494993 
626067 
494997 
626069 
626071 
495001 
626073 
626076 
626079 
495008 
626082 
495012 
626085 
495017 
626090 
495020 
626092 
626094 
495023 
626096 
626099 
626101 
495030 
626103 
626105 
626108 
495038 
626111 
626114 
626117 
495047 
495050 
626122 
626124 
495053 
626126 
626128 
495058 
626131 
495061 
626133 
626135 
495064 
626137 
495067 
626140 
626143 
495072 
626146 
495075 
626149 
495078 
495081 
626154 
626156 
495086 
626158 
626160 
495089 
495091 
626163 
626165 
495094 
626167 
626169 
495098 
626172 
495102 
626175 
495106 
626178 
626181 
495113 
626186 
626189 
495118 
626192 
495122 
626195 
626200 
495129 
626202 
626204 
495133 
626206 
626209 
495138 
626212 
495141 
626215 
495144 
626218 
495148 
495151 
626223 
626225 
626227 
495156 
626229 
495160 
626232 
626234 
495164 
626236 
626238 
495168 
626241 
626243 
626245 
495175 
626247 
626250 
495179 
626253 
495183 
626255 
626258 
495187 
626260 
626262 
626264 
495194 
495195 
626267 
495196 
495197 
495198 
626270 
495201 
626273 
495204 
626276 
495207 
626281 
495212 
626284 
626286 
495216 
626289 
626291 
495220 
626293 
626295 
495224 
626298 
626301 
495231 
626304 
495235 
626307 
495239 
626312 
626314 
495243 
626316 
626318 
626321 
495250 
626323 
495253 
626325 
626327 
495256 
626330 
495259 
626333 
495264 
626336 
626339 
495269 
626344 
495274 
626346 
626348 
626350 
495279 
626353 
626355 
626357 
626359 
495288 
495290 
626362 
495292 
626365 
495294 
626368 
495297 
495299 
626371 
495301 
495303 
626376 
495306 
626378 
626380 
495310 
626382 
626385 
495314 
626387 
626389 
495318 
626391 
626394 
495325 
626397 
495328 
626400 
495331 
626403 
495334 
626408 
626410 
495339 
626412 
626414 
495343 
626417 
495347 
626419 
626421 
495351 
626423 
626426 
626429 
495358 
626432 
495363 
626435 
495368 
626440 
626442 
626444 
495373 
626446 
626449 
626451 
626453 
495382 
626455 
495385 
626458 
495388 
626461 
495391 
626464 
626467 
495396 
495398 
495400 
626472 
495402 
626474 
626476 
495405 
626478 
495408 
626481 
495411 
626483 
626485 
495414 
626487 
626490 
495419 
626493 
495423 
626496 
495427 
626499 
495431 
626504 
626506 
626508 
495438 
626510 
495439 
495440 
495441 
626513 
495442 
626515 
495444 
626517 
495446 
626519 
495448 
626522 
495451 
626525 
495456 
626528 
626531 
495463 
626536 
626538 
495467 
626540 
626542 
495471 
626545 
495475 
626547 
626549 
626551 
495482 
626554 
626557 
495486 
626560 
495490 
626563 
495494 
626568 
626570 
626572 
495501 
626574 
495505 
626577 
626579 
495509 
626581 
626583 
495513 
626586 
626589 
495520 
626592 
626595 
495524 
495528 
626600 
626602 
495532 
626604 
626606 
626609 
495539 
626611 
626613 
495543 
626615 
626618 
495547 
626621 
495551 
626624 
626627 
495558 
626632 
495562 
626634 
626636 
495566 
626638 
626641 
495570 
626643 
626645 
626647 
495577 
626650 
495581 
626653 
626656 
495585 
626659 
495589 
626664 
626666 
495596 
626668 
626670 
495600 
626673 
626675 
495604 
626677 
626679 
495608 
626682 
626685 
495615 
626688 
626691 
495623 
626696 
626698 
626700 
495629 
626702 
626705 
626707 
626709 
495639 
626711 
626714 
626717 
495647 
626720 
495651 
626723 
495656 
626728 
626730 
626732 
495662 
626734 
626737 
495667 
626739 
626741 
495671 
626743 
626746 
626749 
495678 
626752 
495681 
626755 
495684 
495687 
626760 
626762 
495692 
626764 
626766 
495696 
626769 
626771 
495700 
626773 
626775 
495704 
626778 
626781 
495711 
626784 
495714 
626787 
495716 
495719 
626792 
495722 
626794 
626796 
495725 
626798 
495728 
626801 
626803 
495733 
626805 
626807 
495737 
626810 
495740 
626813 
626816 
495745 
626819 
495749 
626824 
495754 
626826 
626828 
495757 
626830 
495760 
626833 
626835 
495765 
626837 
626839 
495769 
626842 
626845 
495776 
626848 
626851 
495780 
495784 
626856 
626858 
495788 
626860 
626862 
626865 
495795 
626867 
626869 
495798 
626871 
495801 
626874 
495804 
626877 
626880 
495809 
495811 
626883 
495813 
495815 
626888 
495818 
626890 
626892 
626894 
495823 
626897 
495826 
626899 
626901 
495831 
626903 
626906 
495835 
626909 
495839 
626912 
495843 
626915 
626920 
495850 
626922 
626924 
495854 
626926 
626929 
495858 
626931 
626933 
495862 
626935 
626938 
495869 
626941 
495870 
495871 
495872 
626944 
495873 
626947 
495876 
495879 
626952 
495882 
626954 
626956 
626958 
495887 
626961 
495891 
626963 
626965 
495895 
626967 
626970 
495899 
626972 
626974 
626976 
495906 
626979 
626981 
495910 
626983 
626985 
495914 
626988 
495918 
626990 
626992 
626994 
495925 
626997 
495928 
627000 
495931 
627003 
495934 
627006 
495939 
627011 
627013 
627015 
495944 
627017 
627020 
495949 
627022 
627024 
495954 
627026 
627029 
627032 
495963 
627035 
495965 
627038 
495967 
495969 
627043 
495972 
627045 
495974 
627047 
495976 
627049 
495978 
627052 
495981 
627054 
627056 
495985 
627058 
495989 
627061 
627064 
495993 
627067 
627070 
496000 
496003 
627075 
627077 
496006 
627079 
496009 
627081 
627084 
496014 
627086 
627088 
496018 
627090 
627093 
496022 
627096 
496026 
627099 
627102 
496033 
627107 
627109 
496038 
627111 
627113 
496043 
627116 
627118 
496048 
627120 
627122 
627125 
627128 
496057 
627131 
496060 
627134 
496063 
496066 
627139 
627141 
496071 
627143 
496073 
627145 
496075 
627148 
496077 
627150 
496080 
627152 
627154 
496083 
627157 
496086 
627160 
496089 
627163 
496094 
627166 
496098 
627171 
627173 
496102 
627175 
627177 
496106 
627180 
627182 
627184 
496113 
496114 
627186 
496115 
496116 
496117 
627189 
496119 
627192 
496121 
496123 
627195 
627198 
496130 
627203 
627205 
627207 
496137 
627209 
627212 
627214 
496143 
627216 
627218 
496148 
627221 
627224 
627227 
496157 
627230 
496159 
496161 
496163 
627235 
627237 
496166 
627239 
627241 
496170 
627244 
496174 
627246 
627248 
496178 
627250 
627253 
627256 
496185 
627259 
496189 
627262 
496192 
627267 
496197 
627269 
627271 
496200 
627273 
496203 
627276 
496206 
627278 
627280 
627282 
496211 
627285 
496216 
627288 
627291 
627294 
496223 
627299 
496228 
627301 
627303 
627305 
496236 
627308 
496238 
627310 
627312 
496241 
627314 
627317 
496246 
627320 
496249 
627323 
496252 
627326 
496255 
627331 
496260 
627333 
496263 
627335 
627337 
496266 
627340 
496269 
627342 
627344 
496274 
627346 
496276 
627349 
496278 
496280 
627352 
496283 
627355 
627358 
496288 
627363 
496292 
627365 
627367 
627369 
627372 
627374 
496304 
627376 
627378 
496307 
627381 
496310 
627384 
496315 
627387 
496318 
627390 
496321 
627395 
496324 
627397 
627399 
496329 
627401 
627404 
496333 
627406 
627408 
496337 
627410 
496341 
627413 
627416 
627419 
496348 
627422 
496351 
496354 
627427 
496357 
627429 
627431 
627433 
496362 
627436 
496365 
627438 
496368 
627440 
627442 
496371 
627445 
496376 
627448 
496379 
627451 
496382 
627454 
496385 
627459 
627461 
496390 
627463 
627465 
496394 
627468 
496398 
627470 
627472 
496402 
627474 
627477 
627480 
496409 
627483 
496412 
627486 
496415 
496418 
627491 
627493 
496423 
627495 
627497 
496426 
627500 
496429 
627502 
496432 
627504 
627506 
496437 
627509 
496440 
627512 
496443 
627515 
496446 
627518 
496451 
627523 
627525 
496455 
627527 
627529 
496459 
627532 
627534 
496463 
627536 
627538 
627541 
496470 
627544 
496473 
627547 
496476 
627550 
496479 
627555 
496484 
627557 
496487 
627559 
627561 
496490 
627564 
496493 
627566 
627568 
496498 
627570 
496501 
627573 
496504 
627576 
496507 
627579 
627582 
496512 
627587 
496516 
627589 
627591 
496520 
627593 
496524 
627596 
627598 
627600 
627602 
496531 
627605 
496534 
627608 
496537 
627611 
496540 
627614 
496545 
627619 
496548 
627621 
496551 
627623 
627625 
496554 
627628 
627630 
496559 
627632 
627634 
496563 
627637 
496567 
627640 
496571 
627643 
627646 
496578 
627651 
627653 
496582 
627655 
627657 
496586 
627660 
496590 
627662 
627664 
627666 
496597 
627669 
496598 
496599 
496600 
627672 
496601 
627675 
496604 
627678 
496607 
496610 
627683 
627685 
496615 
627687 
627689 
496619 
627692 
627694 
496623 
627696 
627698 
496627 
627701 
627703 
627705 
496634 
627707 
496638 
627710 
627712 
496642 
627714 
627716 
496646 
627719 
627721 
627723 
496653 
627725 
496656 
627728 
496659 
627731 
496662 
627734 
627737 
496667 
627742 
496672 
627744 
627746 
627748 
496677 
627751 
627753 
496682 
627755 
627757 
627760 
496691 
627763 
496693 
627766 
496695 
496697 
627769 
496700 
496702 
627774 
496704 
627776 
496706 
627778 
627780 
496709 
627783 
496712 
627785 
496715 
627787 
627789 
496718 
627792 
496723 
627795 
627798 
496727 
627801 
496731 
627806 
496735 
627808 
627810 
627812 
496742 
627815 
627817 
496746 
627819 
627821 
496750 
627824 
496754 
627827 
627830 
496761 
627833 
496764 
627838 
496767 
627840 
496770 
627842 
627844 
496775 
627847 
627849 
496779 
627851 
627853 
496783 
627856 
496787 
627859 
627862 
627865 
496794 
627870 
496799 
627872 
627874 
496804 
627876 
627879 
496809 
627881 
627883 
627885 
627888 
496818 
627891 
496820 
496822 
627894 
496824 
627897 
496827 
496830 
627902 
627904 
496833 
627906 
496836 
627908 
627911 
496841 
627913 
627915 
496844 
627917 
496847 
627920 
496850 
627923 
627926 
496855 
627929 
496858 
496861 
627934 
496864 
627936 
627938 
627940 
496869 
627943 
496872 
627945 
496875 
627947 
627949 
496878 
627952 
496883 
627955 
627958 
496887 
627961 
496891 
627966 
496895 
627968 
627970 
627972 
496902 
496903 
627975 
496904 
496905 
627977 
496906 
627979 
496908 
627981 
496910 
496912 
627984 
496915 
627987 
627990 
496919 
627993 
496923 
627998 
496927 
628000 
628002 
628004 
496934 
628007 
628009 
496939 
628011 
628013 
496944 
628016 
628019 
496949 
628022 
628025 
496958 
628030 
628032 
496961 
628034 
496964 
628036 
628039 
496969 
628041 
628043 
496973 
628045 
628048 
496977 
628051 
496981 
628054 
628057 
496988 
628062 
496992 
628064 
628066 
496996 
628068 
628071 
497000 
628073 
628075 
628077 
497007 
628080 
497010 
628083 
497013 
628086 
497016 
628089 
497021 
628094 
628096 
497025 
628098 
628100 
497029 
628103 
497033 
628105 
628107 
628109 
497040 
628112 
628115 
497045 
628118 
628121 
497050 
628126 
497055 
628128 
628130 
628132 
628135 
497064 
628137 
497067 
628139 
628141 
497070 
628144 
497073 
628147 
497078 
628150 
628153 
497082 
497086 
628158 
628160 
497090 
628162 
628164 
628167 
628169 
628171 
628173 
497104 
628176 
628179 
497108 
628182 
628185 
497115 
628190 
628192 
628194 
497123 
628196 
497126 
628199 
628201 
497131 
628203 
628205 
497135 
628208 
497139 
628211 
628214 
497143 
628217 
497150 
628222 
628224 
497154 
628226 
628228 
497158 
628231 
628233 
497162 
628235 
628237 
628240 
497169 
628243 
497173 
628246 
497177 
628249 
497181 
628254 
628256 
628258 
497188 
628260 
628263 
497192 
628265 
628267 
497196 
628269 
497200 
628272 
628275 
628278 
497207 
628281 
497211 
628286 
497215 
628288 
628290 
497219 
628292 
628295 
628297 
497226 
628299 
628301 
497231 
628304 
628307 
497236 
628310 
497241 
628313 
628318 
628320 
497250 
628322 
628324 
497253 
628327 
497256 
628329 
497259 
628331 
628333 
497264 
628336 
628339 
497268 
628342 
497272 
628345 
497276 
628350 
628352 
628354 
497283 
628356 
628359 
497288 
628361 
628363 
497293 
628365 
628368 
497298 
628371 
628374 
628377 
497307 
497310 
628382 
628384 
497313 
628386 
497316 
628388 
628391 
497321 
628393 
628395 
497325 
628397 
628400 
497329 
628403 
497333 
628406 
628409 
497340 
628414 
497344 
628416 
628418 
497348 
628420 
628423 
497352 
628425 
628427 
628429 
497359 
628432 
497362 
628434 
628436 
497365 
628438 
497368 
628441 
628443 
497373 
628445 
628447 
497377 
628450 
628452 
497381 
628454 
628456 
497385 
628459 
628461 
628463 
497392 
628465 
497396 
628468 
628470 
497400 
628472 
628474 
497404 
628477 
628479 
628481 
497411 
628483 
497414 
628486 
628488 
497417 
628490 
497420 
628492 
628495 
497425 
628497 
628499 
497428 
628501 
497431 
628504 
497434 
628506 
628508 
628510 
497439 
497441 
628513 
497443 
628515 
497445 
628517 
628519 
497448 
628522 
497452 
628524 
628526 
497456 
628528 
628531 
497460 
628533 
628535 
628537 
497467 
628540 
628542 
497471 
628544 
628546 
497475 
628549 
497479 
628551 
628553 
628555 
497486 
628558 
497488 
628560 
497490 
628562 
497492 
628564 
497495 
628567 
497497 
628569 
497499 
628571 
497501 
628573 
497504 
628576 
628578 
497508 
628580 
628582 
497512 
628585 
628587 
497516 
628589 
628591 
628594 
497523 
628596 
628598 
497527 
628600 
497531 
628603 
628605 
497535 
628607 
628609 
628612 
497542 
628614 
628616 
497545 
628618 
497548 
628621 
497551 
628623 
628625 
628627 
497556 
628630 
497560 
628632 
628634 
497564 
628636 
628639 
497568 
628641 
628643 
628645 
497575 
628648 
628650 
497579 
628652 
628654 
497583 
628657 
497587 
628659 
628661 
628663 
497594 
628666 
628668 
497597 
628670 
497600 
628672 
497603 
628675 
628677 
628679 
497608 
628681 
497612 
628684 
628686 
497616 
628688 
628690 
497620 
628693 
628695 
628697 
497627 
628699 
628702 
497632 
628704 
628706 
628708 
497637 
628711 
628713 
497642 
628715 
628717 
628720 
628722 
497651 
628724 
497654 
628726 
497657 
628729 
628731 
497660 
628733 
628735 
497665 
628738 
628740 
497669 
628742 
628744 
497673 
628747 
497677 
628749 
628751 
628753 
497684 
628756 
628758 
497688 
628760 
628762 
497692 
628765 
628767 
497696 
628769 
628771 
628774 
497703 
628776 
497706 
628778 
628780 
497709 
628783 
497712 
628785 
628787 
497717 
628789 
628792 
497721 
628794 
628796 
497725 
628798 
497729 
628801 
628803 
628805 
628807 
497736 
628810 
497740 
628812 
628814 
497744 
628816 
628819 
497748 
628821 
628823 
628825 
497755 
628828 
497758 
628830 
628832 
497761 
628834 
497764 
628837 
628839 
497769 
628841 
628843 
497773 
628846 
628848 
497777 
628850 
628852 
497781 
628855 
628857 
628859 
497788 
628861 
497792 
628864 
628866 
497796 
628868 
628870 
497800 
628873 
628875 
628877 
497807 
628879 
497810 
628882 
628884 
497813 
628886 
497816 
628888 
628891 
497821 
628893 
628895 
497825 
628897 
628900 
497829 
628902 
628904 
497833 
628906 
628909 
628911 
497840 
628913 
628915 
497844 
628918 
497848 
628920 
628922 
497852 
628924 
628927 
628929 
497859 
628931 
628933 
497862 
628936 
497865 
628938 
497868 
628940 
628942 
497873 
628945 
628947 
497877 
628949 
628951 
497881 
628954 
628956 
497885 
628958 
628960 
628963 
497892 
628965 
628967 
497896 
628969 
497900 
628972 
628974 
497904 
628976 
628978 
628981 
497911 
628983 
628985 
497914 
628987 
497917 
628990 
497920 
628992 
628994 
628996 
497925 
628999 
497929 
629001 
629003 
497933 
629005 
629008 
497937 
629010 
629012 
629014 
497944 
629017 
629019 
497948 
629021 
629023 
497952 
629026 
497956 
629028 
629030 
629032 
497963 
629035 
629037 
497966 
629039 
497969 
629041 
497972 
629044 
629046 
629048 
497977 
629050 
497981 
629053 
629054 
629055 
629056 
497985 
629057 
629059 
497989 
629061 
629063 
629066 
497996 
629068 
629070 
498000 
629072 
629075 
498004 
629078 
498008 
629081 
629084 
498015 
629089 
498018 
629091 
498021 
629093 
629095 
498024 
629098 
629100 
498029 
629102 
629104 
498033 
629107 
498037 
629110 
498041 
629113 
629116 
498048 
629121 
629123 
498052 
629125 
629127 
498056 
629130 
498060 
629132 
629134 
629136 
498067 
629139 
498070 
629142 
498073 
629145 
498076 
629148 
498081 
629153 
629155 
498085 
629157 
629159 
498089 
629162 
629164 
498093 
629166 
629168 
629171 
498100 
629174 
498104 
629177 
498108 
629180 
498112 
629185 
629188 
629190 
498119 
629193 
498122 
629195 
498125 
629197 
629199 
498128 
629202 
498133 
629205 
629208 
498137 
629211 
498141 
629216 
498145 
629219 
629222 
498152 
629224 
629226 
498156 
629229 
629231 
498160 
629233 
498164 
629236 
629239 
629241 
498171 
629244 
498174 
629247 
498177 
629249 
498180 
629252 
629255 
498185 
629258 
498189 
629261 
498193 
629266 
629268 
498197 
629270 
629273 
629275 
498204 
629277 
629279 
498208 
629282 
498212 
629285 
498216 
629288 
629293 
498223 
629296 
498226 
629298 
498229 
629301 
498232 
498237 
629309 
629312 
498241 
498245 
629318 
498249 
629321 
629324 
498256 
629331 
498260 
629333 
629335 
498264 
629338 
498268 
629341 
629344 
498275 
629348 
498278 
629351 
498281 
498284 
629356 
629358 
629360 
498289 
629362 
498293 
629365 
629367 
498297 
629369 
629371 
498301 
629374 
629377 
498308 
629380 
629383 
498312 
498316 
629388 
629390 
498320 
629392 
629394 
629397 
498327 
629399 
629401 
498330 
629403 
498333 
629406 
498336 
629408 
629410 
629412 
498341 
629415 
498345 
629417 
629419 
498349 
629421 
629424 
498353 
629426 
629428 
629430 
498360 
629433 
498364 
629436 
629439 
498368 
629442 
498372 
498379 
629452 
498382 
629455 
498385 
629458 
498388 
629464 
498393 
629468 
498397 
629471 
498401 
629474 
498405 
629477 
629482 
498412 
629484 
629486 
498416 
629488 
629491 
498420 
629493 
629495 
498424 
629497 
629500 
629502 
498431 
629504 
498434 
629506 
498437 
629509 
629511 
498440 
629513 
629515 
498445 
629518 
498449 
629521 
629524 
498453 
629527 
498457 
629532 
629534 
498464 
629536 
629538 
498468 
629541 
629543 
498472 
629545 
629547 
498476 
629550 
629552 
629554 
498483 
629556 
498486 
629559 
498489 
629561 
629563 
498492 
629565 
629568 
498497 
629570 
629572 
498501 
629574 
498505 
629577 
629580 
498509 
629583 
629586 
498516 
629591 
498520 
629593 
629595 
498524 
629597 
498528 
629600 
629602 
629604 
629606 
498535 
629609 
498538 
629612 
498541 
629615 
498544 
629618 
498549 
629623 
498553 
629625 
629627 
498557 
629629 
629632 
498561 
629634 
629636 
629638 
498568 
629641 
498572 
629644 
629647 
498576 
629650 
498580 
629655 
629657 
498587 
629659 
629661 
498590 
629664 
498593 
629666 
498596 
629668 
629670 
498601 
629673 
629676 
498605 
629679 
498609 
629682 
498613 
629687 
629689 
629691 
498620 
629693 
498624 
629696 
629698 
498628 
629700 
629702 
498632 
629705 
629708 
498639 
629711 
498641 
629714 
498643 
498645 
629719 
498648 
629721 
629723 
498652 
629725 
498656 
629728 
629730 
498660 
629732 
629734 
629737 
498667 
629740 
498671 
629743 
629746 
498675 
498679 
629751 
629753 
629755 
629757 
498686 
629760 
498689 
629762 
498692 
629764 
629766 
498695 
629769 
498700 
629772 
629775 
498704 
629778 
498708 
629783 
498712 
629785 
629787 
629789 
498719 
629792 
629794 
498723 
629796 
629798 
498727 
629801 
498731 
629804 
629807 
498738 
629810 
498741 
629815 
498744 
629817 
498747 
629819 
629821 
498752 
629824 
629826 
629828 
498757 
629830 
629833 
498762 
629836 
498767 
629839 
629842 
629847 
498776 
629849 
629851 
629853 
498783 
629856 
629858 
629860 
498790 
629862 
629865 
629868 
498797 
629871 
629874 
629879 
629881 
498810 
629883 
629885 
498815 
629888 
629890 
498820 
629892 
629894 
498825 
629897 
629900 
629903 
498834 
629906 
498839 
629911 
629913 
629915 
498844 
629917 
629920 
498849 
629922 
629924 
629926 
629929 
498858 
629932 
498862 
629935 
498866 
629938 
498870 
629943 
629945 
629948 
498877 
629950 
629952 
498882 
629955 
629958 
498887 
498892 
629965 
629968 
498901 
629976 
498906 
629979 
498911 
629985 
629987 
498916 
629989 
629991 
629994 
629996 
498925 
629998 
630000 
498929 
630003 
498933 
630006 
498937 
630009 
630012 
498944 
630017 
630019 
498949 
630021 
630023 
498954 
630026 
630028 
630030 
498959 
630032 
630035 
630037 
630039 
498968 
630041 
630044 
498973 
630046 
630049 
498978 
630053 
498983 
630057 
630062 
498992 
630064 
630066 
498996 
630068 
630071 
499000 
630074 
499004 
630076 
630079 
630082 
499011 
630085 
499016 
630088 
499021 
630093 
630095 
630097 
499026 
630099 
630102 
630104 
630106 
499035 
630108 
630111 
499040 
630114 
499045 
630117 
630120 
499050 
630125 
630127 
630129 
499059 
630131 
630134 
499063 
630136 
630138 
499067 
630140 
499071 
630143 
630146 
630149 
499078 
630152 
499083 
630157 
630159 
499088 
630161 
630163 
499093 
630166 
630168 
630170 
630172 
499102 
630175 
630177 
499107 
630179 
630181 
499112 
630184 
630186 
630188 
499117 
630190 
630193 
630195 
630197 
499126 
630199 
499130 
630202 
630205 
499134 
630208 
499138 
630211 
630216 
499145 
630218 
630220 
499150 
630222 
630225 
499155 
630227 
630229 
630231 
499160 
630234 
630237 
630240 
499169 
630243 
499174 
630248 
630250 
499179 
630252 
630254 
499184 
630257 
630259 
630261 
630263 
499193 
630266 
499197 
630269 
630272 
499201 
630275 
499205 
630280 
630282 
499212 
630284 
630286 
499217 
630289 
630291 
630293 
499222 
630295 
630298 
499227 
630301 
630304 
630307 
499236 
630312 
499241 
630314 
630316 
499246 
630318 
630321 
499251 
630323 
630325 
630327 
630330 
499260 
630333 
499264 
630336 
630339 
499268 
499272 
630344 
630346 
630348 
499279 
630351 
630353 
630355 
499284 
630357 
630360 
499289 
630363 
630365 
499294 
630368 
630370 
630372 
630374 
499303 
630377 
630379 
499308 
630381 
630383 
499313 
630386 
630389 
499318 
630392 
630395 
499327 
630400 
630402 
499331 
630404 
499335 
630407 
630409 
499339 
630411 
630413 
630416 
499346 
630420 
499351 
630423 
499356 
630428 
630431 
499361 
630434 
630436 
630438 
630441 
499370 
630445 
499375 
630448 
499380 
630453 
630456 
499385 
630459 
630461 
630463 
499394 
630466 
499398 
630470 
630473 
499402 
499406 
630478 
630481 
630484 
499413 
630486 
630488 
499418 
630491 
499423 
630495 
630498 
499428 
630503 
630505 
630507 
499437 
630510 
630512 
499441 
630514 
499445 
630517 
499449 
630522 
630525 
499456 
630530 
499460 
630532 
630534 
499464 
630536 
630539 
499468 
630541 
630543 
630545 
499475 
630548 
630551 
499481 
630554 
630557 
499487 
630562 
630564 
499493 
630566 
630568 
630571 
630573 
630575 
499504 
630577 
499508 
630580 
630582 
499512 
630584 
630586 
499516 
630589 
630591 
630593 
499523 
630595 
630598 
499527 
630600 
630602 
499531 
630604 
499535 
630607 
630610 
630613 
499542 
630616 
499545 
499548 
630621 
499551 
630625 
499556 
630630 
499560 
630633 
499564 
630636 
630638 
499568 
630640 
630643 
630645 
499575 
630647 
630650 
499579 
630654 
499583 
630657 
499587 
630662 
630665 
499594 
630667 
499597 
630670 
499600 
630672 
630674 
499603 
630676 
630679 
499608 
630681 
630683 
499612 
630685 
499616 
630688 
630690 
499620 
630692 
630694 
630697 
499627 
630699 
630701 
499631 
630703 
630706 
499635 
630709 
499639 
630712 
630715 
499646 
630720 
499649 
630723 
499652 
630726 
499655 
630729 
499660 
630734 
499664 
630736 
630738 
499668 
630740 
630743 
499672 
630745 
630747 
630749 
499679 
630752 
630754 
499683 
630756 
630758 
499687 
630761 
499691 
630764 
630767 
499698 
630770 
499701 
630775 
499704 
630778 
499707 
630781 
499712 
630784 
499716 
630789 
499720 
630792 
630795 
499724 
630798 
499731 
630803 
630806 
499735 
630809 
499739 
630812 
499743 
630817 
630820 
499750 
630823 
499753 
630826 
499756 
499759 
630831 
630834 
499764 
630837 
499768 
630840 
499772 
630845 
499776 
630848 
630851 
630854 
499783 
499787 
630859 
630862 
499791 
630865 
499795 
630868 
630873 
499802 
630876 
499805 
630879 
499808 
630882 
499811 
630887 
499816 
630890 
499820 
630893 
499824 
630896 
499828 
630901 
630904 
499835 
630907 
630910 
499839 
499843 
630915 
630917 
499847 
630919 
630921 
630924 
499854 
630928 
499857 
499860 
630932 
499863 
630936 
499868 
630943 
499872 
630946 
499876 
630949 
499880 
630952 
630957 
499887 
630960 
499891 
630963 
630965 
499895 
630967 
630970 
499899 
630974 
630977 
499906 
499909 
630982 
499912 
630985 
499915 
630988 
630990 
499920 
630992 
630995 
499924 
630999 
499928 
631002 
499932 
631007 
631010 
499939 
631013 
499943 
631015 
631017 
499947 
631020 
499951 
631024 
631027 
499958 
499960 
631032 
499962 
631034 
499964 
631036 
631038 
499967 
631041 
499971 
631043 
631045 
499975 
631047 
631050 
499979 
631053 
631056 
499986 
631059 
499990 
631064 
499994 
631066 
631068 
499998 
631070 
631073 
631075 
500005 
631077 
631079 
500008 
631082 
500011 
631084 
500014 
631086 
631088 
500019 
631091 
631094 
500023 
631097 
500027 
631099 
631101 
500031 
631104 
631108 
500038 
631111 
500042 
631116 
500046 
631118 
631120 
500050 
631122 
631125 
631128 
500057 
631130 
500060 
631133 
500063 
631136 
500066 
631139 
631142 
500071 
500075 
631147 
631149 
500079 
631151 
631153 
500083 
631156 
631158 
631160 
500090 
631162 
631165 
500095 
631168 
631171 
500100 
631174 
500105 
631179 
631181 
631183 
631185 
500114 
631188 
631190 
500119 
631192 
631194 
500124 
631197 
631200 
500129 
631203 
631206 
500138 
631211 
631213 
500142 
631215 
631217 
500146 
631220 
500150 
631222 
631224 
631226 
500157 
631229 
631231 
500161 
631233 
631235 
500165 
631238 
631240 
500169 
631242 
631244 
631247 
500176 
631249 
631251 
500181 
631253 
631256 
500186 
631259 
631262 
500191 
631265 
631270 
500200 
631272 
631274 
500204 
631276 
631279 
500208 
631281 
631283 
500212 
631285 
631288 
500219 
631291 
631294 
500223 
631297 
500227 
631302 
500231 
631304 
631306 
631308 
500238 
631311 
631313 
500243 
631315 
631317 
500248 
631320 
631323 
500253 
631326 
631329 
500262 
631334 
631336 
500266 
631338 
631340 
500270 
631343 
631345 
500274 
631347 
631349 
631352 
500281 
631355 
500285 
631358 
500289 
631361 
500293 
631366 
631368 
631370 
500300 
631372 
631375 
500305 
631377 
631379 
631381 
500310 
631384 
500315 
631387 
631390 
631393 
500324 
631398 
500328 
631400 
631402 
500332 
631404 
631407 
500336 
631409 
631411 
631413 
500343 
631416 
631418 
500347 
631420 
631422 
500351 
631425 
500355 
631427 
631429 
631431 
500362 
631434 
631436 
631438 
500367 
631440 
631443 
500372 
631446 
500377 
631449 
631452 
631457 
500386 
631459 
631461 
500390 
631463 
500394 
631466 
631468 
500398 
631470 
631472 
631475 
500405 
631478 
500409 
631481 
631484 
500413 
500417 
631489 
631491 
631493 
631495 
500424 
631498 
631500 
500429 
631502 
631504 
500434 
631507 
631510 
500439 
631513 
631516 
500448 
631521 
631523 
500452 
631525 
631527 
500456 
631530 
500460 
631532 
631534 
631536 
500467 
631539 
631542 
500471 
631545 
500475 
631548 
500479 
631553 
631555 
631557 
500486 
631559 
631562 
500491 
631564 
631566 
500496 
631568 
631571 
500501 
631574 
631577 
631580 
500510 
631585 
500514 
631587 
631589 
500518 
631591 
500522 
631594 
631596 
631598 
631600 
500529 
631603 
500533 
631606 
500537 
631609 
631612 
500541 
631617 
631619 
500548 
631621 
631623 
500552 
631626 
500556 
631628 
631630 
500560 
631632 
631635 
631638 
500567 
631641 
500571 
631644 
500575 
631649 
500579 
631651 
631653 
631655 
500586 
631658 
631660 
500590 
631662 
631664 
500594 
631667 
631669 
500598 
631671 
631673 
631676 
500605 
631678 
631680 
500610 
631682 
631685 
500615 
631687 
631689 
631691 
500620 
631694 
631697 
631700 
500629 
631703 
500633 
631708 
500637 
631711 
500641 
631714 
631717 
500648 
631722 
500652 
631724 
631726 
500656 
631728 
631731 
500660 
631733 
631735 
631737 
500667 
631740 
631742 
500672 
631744 
631746 
500677 
631749 
631752 
500682 
631755 
631758 
500691 
631763 
631765 
500695 
631767 
631769 
500699 
631772 
631774 
500703 
631776 
631778 
631781 
500710 
631783 
631785 
500714 
631787 
500718 
631790 
631792 
500722 
631794 
631796 
631799 
500729 
631802 
631805 
500734 
631808 
500739 
631813 
500744 
631816 
631819 
631822 
500753 
631827 
500757 
631830 
500761 
631833 
631836 
500765 
631841 
631843 
500772 
631845 
631847 
500777 
631850 
500782 
631854 
500787 
631859 
631861 
631863 
631866 
500796 
500799 
631872 
500802 
500805 
631879 
631881 
500810 
631883 
500814 
631886 
500818 
631890 
631893 
500822 
631898 
631900 
500829 
631902 
631904 
500833 
631907 
500837 
631909 
631911 
500841 
631913 
631916 
631918 
500848 
631920 
631922 
500851 
631925 
500854 
631927 
500857 
631929 
631931 
500862 
631934 
500866 
631938 
500870 
631942 
500874 
631946 
500881 
631953 
631956 
500885 
631959 
500889 
631962 
500893 
631967 
631969 
631971 
500900 
631973 
500903 
631976 
500906 
631978 
631980 
500909 
631982 
631985 
500914 
631988 
500918 
631991 
500922 
631994 
500926 
631999 
632001 
632003 
500933 
632005 
632008 
500937 
632010 
632012 
500941 
632014 
500945 
632017 
632020 
632023 
500952 
632026 
500955 
500958 
632031 
500961 
632033 
632035 
632037 
500966 
632040 
500970 
632042 
632044 
500974 
632046 
632049 
500978 
632052 
632055 
500985 
632058 
500989 
632063 
500993 
632065 
632067 
500997 
632069 
632072 
632074 
501004 
632076 
632078 
501007 
632081 
501010 
632084 
501013 
632087 
501018 
632090 
501022 
632095 
632097 
501026 
632099 
632101 
501030 
632104 
632106 
632108 
501037 
632110 
501041 
632113 
632116 
501045 
632119 
501049 
632122 
632127 
501056 
632129 
501059 
632131 
632133 
501062 
632136 
501065 
632138 
632140 
501070 
632142 
632145 
501074 
632148 
501078 
632151 
501082 
632154 
632159 
501089 
632161 
632163 
501093 
632165 
632168 
501097 
632170 
632172 
501101 
632174 
632177 
501108 
632180 
501111 
632183 
501114 
632186 
501117 
632191 
632193 
501122 
632195 
632197 
501126 
632200 
501130 
632202 
632204 
501134 
632206 
632209 
632212 
501141 
632215 
501145 
632218 
501149 
632223 
501153 
632225 
632227 
632229 
501160 
632232 
632234 
501163 
632236 
501166 
632238 
501169 
632241 
632244 
501174 
632247 
501178 
632250 
501182 
632255 
632257 
501186 
632259 
632261 
632264 
501193 
632266 
632268 
501197 
632270 
501201 
632273 
632275 
501205 
632277 
632279 
632282 
501212 
632284 
501214 
632286 
501216 
632288 
501218 
632291 
501221 
632293 
632295 
501225 
632297 
632300 
501229 
632303 
501233 
632306 
632309 
501240 
632314 
501244 
632316 
632318 
501248 
632320 
632323 
501252 
632325 
632327 
632329 
501259 
632332 
501262 
632335 
501265 
632338 
501268 
632341 
501273 
632346 
632348 
501277 
632350 
632352 
501281 
632355 
501285 
632357 
632359 
632361 
501292 
632364 
632367 
501296 
632370 
501300 
632373 
501304 
632378 
632380 
632382 
501311 
632384 
501314 
632387 
501317 
632389 
632391 
501320 
632393 
632396 
501325 
632399 
501329 
632402 
501333 
632405 
501337 
632410 
632412 
632414 
501344 
632416 
632419 
501349 
632421 
632423 
632425 
501354 
632428 
501359 
632431 
632434 
632437 
501368 
632442 
632444 
501373 
632446 
632448 
501378 
632451 
632453 
501383 
632455 
632457 
632460 
632462 
501392 
632464 
632466 
501396 
632469 
632471 
501400 
632473 
632475 
501404 
632478 
632480 
632482 
501411 
632484 
501415 
632487 
632490 
501419 
632493 
501423 
632496 
632501 
501430 
632503 
632505 
501435 
632507 
632510 
501440 
632512 
632514 
632516 
501445 
632519 
632522 
632525 
501454 
632528 
501458 
632533 
501462 
632535 
632537 
501466 
632539 
632542 
632544 
501473 
632546 
632548 
501477 
632551 
501481 
632554 
501485 
632557 
632560 
501492 
632565 
632567 
501496 
632569 
632571 
501500 
632574 
501504 
632576 
632578 
632580 
501511 
632583 
632586 
501515 
632589 
501519 
632592 
501523 
632597 
632599 
632601 
501530 
632603 
501534 
632606 
632608 
501538 
632610 
632612 
501542 
632615 
632618 
501549 
632621 
632624 
501554 
632629 
501559 
632631 
632633 
632635 
501564 
632638 
632640 
632642 
632644 
501573 
632647 
501577 
632650 
501581 
632653 
632656 
501585 
632661 
632663 
501592 
632665 
632667 
501596 
632670 
501600 
632672 
632674 
501604 
632676 
632679 
632682 
501611 
632685 
501616 
632688 
501621 
632693 
632695 
632697 
501626 
632699 
632702 
632704 
632706 
501635 
632708 
501639 
632711 
632713 
501643 
632715 
632717 
501647 
632720 
632722 
632724 
501654 
632726 
632729 
501659 
632731 
632733 
632735 
501664 
632738 
501669 
632741 
632744 
632747 
501678 
632752 
501681 
632755 
501684 
632758 
501687 
632761 
501692 
632766 
501696 
632768 
632770 
501700 
632772 
632775 
501704 
632778 
632781 
501711 
632784 
501715 
632789 
501719 
632791 
632793 
501723 
632795 
632798 
632801 
501730 
632804 
501733 
632807 
501736 
501739 
632812 
632814 
501744 
632816 
632818 
501748 
632821 
632823 
501752 
632825 
632827 
501756 
632830 
632832 
632834 
501763 
632836 
501767 
632839 
632842 
501771 
632845 
501775 
632848 
632853 
501782 
632855 
501785 
632857 
632859 
501788 
632862 
501791 
632864 
632866 
501796 
632868 
632871 
501800 
632873 
632875 
501804 
632877 
501808 
632880 
632882 
632884 
632886 
501815 
632889 
501819 
632891 
632893 
501823 
632895 
632898 
501827 
632900 
632902 
632904 
501834 
632907 
501837 
632909 
632911 
501840 
632913 
501843 
632916 
632918 
501848 
632920 
632922 
501852 
632925 
501856 
632928 
632931 
501860 
632934 
501867 
632939 
632941 
501871 
632943 
632945 
501875 
632948 
632950 
501879 
632952 
632954 
632957 
501886 
632959 
501889 
632961 
632963 
501892 
632966 
501895 
501900 
632972 
501904 
632976 
501908 
632981 
501912 
632985 
632990 
501919 
632992 
632994 
501923 
632997 
501927 
501931 
633003 
633007 
501938 
633012 
501941 
501944 
501947 
633019 
633022 
501952 
633025 
501956 
633029 
501960 
633032 
501964 
633037 
633039 
633041 
501971 
633043 
633046 
501975 
633048 
633050 
501979 
633052 
501983 
633055 
633057 
633059 
633061 
501990 
633064 
501993 
633066 
501996 
633068 
633070 
501999 
633073 
633075 
502004 
633077 
633079 
502008 
633082 
502012 
633085 
502016 
633088 
633091 
502023 
633096 
633098 
502027 
633100 
633102 
502031 
633105 
502035 
633107 
633109 
633111 
502042 
633114 
633116 
502045 
633118 
502048 
633120 
502051 
633123 
633125 
633127 
502056 
633129 
502060 
633132 
633134 
502064 
633136 
633138 
502068 
633141 
633144 
502075 
633147 
633150 
502079 
502083 
633155 
633157 
502087 
633159 
633161 
633164 
502094 
633166 
502096 
633168 
502098 
633170 
502100 
633173 
502103 
633175 
633177 
502107 
633179 
633182 
502111 
633184 
633186 
502115 
633188 
633191 
633193 
502122 
633195 
633197 
502126 
633200 
502130 
633203 
502134 
633206 
633209 
502141 
633214 
502144 
633216 
633218 
502147 
633220 
502150 
633223 
633225 
502155 
633227 
633229 
502159 
633232 
633234 
502163 
633236 
633238 
502167 
633241 
633243 
633245 
502174 
633247 
502178 
633250 
633252 
502182 
633254 
633256 
502186 
633259 
633262 
502193 
633265 
502196 
633268 
502199 
633273 
502202 
633275 
633277 
502207 
633279 
633282 
502211 
633284 
633286 
502215 
633288 
502219 
633291 
633293 
633295 
633297 
502226 
633300 
633302 
502231 
633304 
633306 
502236 
633309 
633311 
502241 
633313 
633315 
633318 
633321 
502250 
633324 
502255 
633327 
502260 
633332 
633334 
633336 
502265 
633338 
633341 
633343 
633345 
502274 
633347 
502278 
633350 
633352 
502282 
633354 
633356 
502286 
633359 
633361 
633363 
502293 
633365 
633368 
502297 
633370 
633372 
502301 
633374 
502305 
633377 
633380 
633383 
502312 
633386 
502317 
633391 
633393 
502322 
633395 
633397 
502327 
633400 
633402 
633404 
633406 
502336 
633409 
633411 
502340 
633413 
633415 
502344 
633418 
502348 
633420 
633422 
633424 
502355 
633427 
633429 
502359 
633431 
633433 
502363 
633436 
502367 
633439 
633442 
633445 
502374 
633450 
502379 
633452 
633454 
502384 
633456 
633459 
502389 
633461 
633463 
633465 
633468 
502398 
633470 
633472 
502402 
633474 
633477 
502406 
633479 
633481 
502410 
633483 
633486 
633488 
502417 
633490 
633492 
502422 
633495 
633498 
502427 
633501 
502432 
633504 
633509 
633511 
502441 
633513 
633515 
502444 
633518 
502447 
633520 
502450 
633522 
633524 
502455 
633527 
633529 
502459 
633531 
633533 
502463 
633536 
633538 
502467 
633540 
633542 
633545 
502474 
633547 
633549 
502478 
633551 
502482 
633554 
633557 
502486 
633560 
633563 
502493 
502496 
633568 
633570 
502499 
633572 
502502 
633574 
633577 
502507 
633579 
633581 
502511 
633583 
633586 
502515 
633588 
633590 
502519 
633592 
633595 
633597 
502526 
633599 
633601 
502530 
633604 
502534 
633606 
633608 
502538 
633610 
633613 
633616 
502545 
633619 
502548 
633622 
502551 
502554 
633627 
633629 
502559 
633631 
633633 
502563 
633636 
633638 
502567 
633640 
633642 
502571 
633645 
633647 
633649 
502578 
633651 
502582 
633654 
633656 
502586 
633658 
633660 
502590 
633663 
633665 
633667 
502597 
633669 
502600 
633672 
633674 
502603 
633676 
502606 
633678 
633681 
502611 
633683 
633685 
502615 
633687 
633690 
502619 
633692 
633694 
502623 
633696 
633699 
633700 
633701 
502630 
633702 
633703 
633705 
502634 
633707 
633709 
502638 
633712 
502642 
633716 
633720 
502649 
502652 
633724 
502655 
502658 
633731 
633734 
502663 
633737 
502667 
633740 
502671 
633745 
502675 
633747 
633749 
633751 
502682 
633754 
633756 
502686 
633758 
633760 
502690 
633763 
502694 
633766 
633769 
633772 
502701 
502704 
633777 
502707 
633779 
633781 
502710 
633783 
633786 
502715 
633788 
633790 
502719 
633792 
502723 
633795 
633798 
502727 
633801 
633804 
502734 
633809 
502738 
633811 
633813 
502742 
633815 
502746 
633818 
633820 
633822 
633824 
502753 
633827 
502756 
633830 
502759 
633833 
502762 
633836 
502767 
633841 
502771 
633843 
633845 
502775 
633847 
633850 
502779 
633852 
633854 
633856 
502786 
633859 
502790 
633862 
633865 
502794 
633868 
502798 
633873 
633875 
502805 
633877 
633879 
502808 
633882 
502811 
633884 
502814 
633886 
633888 
502819 
633891 
633893 
502823 
633895 
633897 
502827 
633900 
633902 
502831 
633904 
633906 
633909 
502838 
633911 
633913 
502842 
633915 
502846 
633918 
633921 
502850 
633924 
633927 
502857 
502859 
633932 
502861 
633934 
502863 
633936 
502866 
633938 
633941 
502870 
633943 
633945 
502874 
633947 
502878 
633950 
633953 
633956 
502885 
633959 
502889 
633964 
502893 
633966 
633968 
502897 
633970 
633973 
633975 
502904 
633977 
502907 
633979 
502910 
633982 
502913 
633985 
633988 
502918 
633991 
502922 
633996 
502926 
633998 
634000 
502930 
634002 
634005 
634007 
502937 
634009 
634011 
502941 
634014 
502945 
634017 
634020 
502949 
634023 
502956 
634028 
634030 
502959 
634032 
502962 
634034 
502965 
634037 
634039 
634041 
502970 
634043 
502974 
634046 
634048 
502978 
634050 
634052 
502982 
634055 
634057 
634059 
502989 
634061 
634064 
502994 
634066 
634068 
634070 
502999 
634073 
503004 
634076 
634079 
634082 
503013 
634087 
634089 
503018 
634091 
634093 
503023 
634096 
634098 
503028 
634100 
634102 
634105 
634108 
503037 
634111 
503041 
634114 
503045 
634119 
503049 
634121 
634123 
634125 
503056 
634128 
634130 
503060 
634132 
634134 
503064 
634137 
503068 
634140 
634143 
634146 
503075 
634151 
503080 
634153 
634155 
503085 
634157 
634160 
503090 
634162 
634164 
634166 
634169 
503099 
634172 
503103 
634175 
634178 
503107 
503111 
634183 
634185 
634187 
634189 
503118 
634192 
503122 
634194 
634196 
503126 
634198 
634201 
503130 
634204 
634207 
503137 
634210 
503142 
634215 
634217 
503147 
634219 
634221 
503152 
634224 
634226 
634228 
634230 
503161 
634233 
634235 
503165 
634237 
634239 
503169 
634242 
634244 
503173 
634246 
634248 
634251 
503180 
634253 
634255 
503185 
634257 
634260 
503190 
634263 
634266 
503195 
634269 
634274 
503204 
634276 
634278 
503207 
634280 
503210 
634283 
503213 
634285 
634287 
634289 
503218 
634292 
503222 
634295 
503226 
634298 
634301 
503230 
634306 
634308 
503237 
634310 
634312 
503241 
634315 
503245 
634317 
634319 
503249 
634321 
634324 
634327 
503256 
634330 
503259 
634333 
503262 
503265 
634338 
634340 
503270 
634342 
634344 
503274 
634347 
634349 
503278 
634351 
634353 
503282 
634356 
634359 
503289 
634362 
503293 
634365 
503297 
634370 
634372 
503301 
634374 
634376 
634379 
503308 
634381 
503311 
634383 
634385 
503314 
634388 
503317 
634391 
503322 
634394 
634397 
503326 
503330 
634402 
634404 
503334 
634406 
634408 
634411 
503341 
634413 
634415 
503345 
634417 
634420 
503349 
634423 
503353 
634426 
634429 
503360 
634434 
503363 
634436 
503366 
634438 
634440 
503369 
634443 
634445 
503374 
634447 
634449 
503378 
634452 
503382 
634455 
503386 
634458 
634461 
503393 
634466 
634468 
503397 
634470 
634472 
503401 
634475 
503405 
634477 
634479 
634481 
503412 
634484 
503415 
634487 
503418 
634490 
503421 
634493 
503426 
634498 
634500 
503430 
634502 
634504 
503434 
634507 
503438 
634510 
634513 
634516 
503445 
503449 
634521 
634523 
503453 
634525 
634527 
503457 
634530 
634532 
634534 
503464 
634536 
503467 
634539 
503470 
634542 
503473 
634545 
634548 
503478 
634553 
503482 
634555 
634557 
503486 
634559 
503490 
634562 
634564 
634566 
634568 
503497 
634571 
503501 
634573 
634575 
503505 
634577 
634580 
503509 
634582 
634584 
634586 
503516 
634589 
503519 
634591 
634593 
503522 
634595 
503525 
634598 
634601 
503530 
634604 
503534 
634607 
503538 
634612 
503542 
634615 
634618 
503549 
634621 
503553 
634626 
634628 
503557 
634630 
634632 
503561 
634635 
634637 
634639 
503568 
634641 
503571 
634644 
503574 
634646 
634648 
503577 
634650 
634653 
503582 
634656 
503586 
634659 
503590 
634662 
503594 
634667 
634669 
634671 
503601 
634673 
634676 
503605 
634678 
634680 
503609 
634682 
503613 
634685 
634687 
634689 
634691 
503620 
503622 
634694 
503624 
634696 
503626 
634698 
634700 
503629 
634703 
503633 
634707 
503637 
634712 
503641 
634716 
503648 
634721 
503652 
634726 
503656 
634731 
503660 
634733 
634735 
634738 
503667 
634741 
503670 
634744 
503673 
634747 
503676 
634752 
503681 
634754 
634756 
503685 
634759 
503689 
634763 
503693 
634767 
634771 
503700 
503704 
634778 
503708 
634780 
634782 
503712 
634785 
634790 
503719 
634793 
503722 
503725 
634798 
503728 
634800 
634802 
634804 
503733 
634807 
503737 
634809 
634811 
503741 
634813 
634816 
503745 
634818 
634820 
634822 
503752 
634825 
634827 
503757 
634829 
634831 
503762 
634834 
634838 
503767 
634842 
634846 
503776 
503781 
634853 
634856 
503786 
634859 
634862 
503791 
634867 
634869 
634871 
503800 
634873 
503804 
634876 
634878 
503808 
634880 
634882 
503812 
634885 
634888 
503819 
634891 
634894 
503823 
503827 
634899 
634901 
503831 
634903 
634905 
634908 
503838 
634910 
634912 
634914 
503843 
634917 
503848 
634920 
634923 
503853 
634926 
634931 
634933 
503862 
634935 
634937 
503866 
634940 
503870 
634942 
634944 
503874 
634946 
634949 
634952 
503881 
634955 
503885 
634958 
503889 
634963 
503893 
634965 
634967 
634969 
503900 
634972 
634974 
634976 
503905 
634978 
634981 
503910 
634984 
503915 
634987 
634990 
634995 
503924 
634997 
634999 
503928 
635001 
503932 
635004 
635006 
503936 
635008 
635010 
635013 
503943 
635015 
635017 
635019 
503948 
635022 
635024 
503953 
635026 
635028 
503958 
635031 
635033 
635035 
635037 
503967 
635040 
503970 
635043 
503973 
635046 
503976 
635049 
503981 
635054 
635056 
503985 
635058 
635060 
503989 
635063 
503993 
635065 
635067 
635069 
504000 
635072 
635075 
504004 
635078 
504008 
635081 
504012 
635086 
635088 
635090 
504019 
635092 
504022 
635095 
504025 
635097 
635099 
504028 
635101 
635104 
504033 
635107 
504037 
635110 
504041 
635113 
504045 
635118 
635120 
635122 
504052 
635125 
635127 
504056 
635129 
504060 
635132 
635135 
504064 
635140 
635142 
504071 
635144 
504074 
635147 
504077 
635149 
504080 
635152 
635154 
504085 
635157 
635159 
504089 
635161 
635163 
504093 
635166 
635168 
504097 
635170 
635172 
635175 
504104 
635178 
504108 
635181 
504112 
635184 
504116 
635189 
635191 
635193 
504123 
635195 
504126 
635198 
635200 
504129 
635202 
504132 
635204 
635207 
504137 
635210 
504141 
635213 
635216 
504145 
504149 
635221 
635223 
635225 
635227 
504156 
635230 
504160 
635232 
635234 
504164 
635236 
635239 
504168 
635242 
635245 
504175 
635248 
504178 
504181 
635253 
635255 
504184 
635257 
635259 
504189 
635262 
635264 
504193 
635266 
635268 
504197 
635271 
504201 
635274 
635277 
504208 
635280 
504212 
635285 
635287 
504216 
635289 
635291 
504220 
635294 
635296 
635298 
504227 
635300 
504230 
635303 
504233 
635306 
504236 
635309 
635312 
504241 
504245 
635317 
635319 
504249 
635321 
635323 
504253 
635326 
635328 
635330 
504260 
635332 
635335 
504264 
635337 
635339 
504268 
635341 
504272 
635344 
635346 
635348 
635350 
504279 
635353 
504282 
635355 
504285 
635357 
635359 
504288 
635362 
504293 
635365 
635368 
504297 
635371 
504301 
635376 
504305 
635378 
635380 
635382 
504312 
635385 
635387 
504316 
635389 
635391 
504320 
635394 
504324 
635397 
635400 
504331 
635403 
504334 
635408 
504337 
635410 
504340 
635412 
635414 
504345 
635417 
635419 
504349 
635421 
635423 
504353 
635426 
504357 
635429 
635432 
635435 
504364 
504368 
635440 
635442 
504372 
635444 
635446 
504376 
635449 
635451 
635453 
504383 
635455 
504385 
635458 
504387 
504389 
635461 
504392 
635464 
635467 
504396 
504400 
635472 
635474 
504404 
635476 
635478 
635481 
504411 
635483 
635485 
635487 
504416 
635490 
504421 
635493 
635496 
504426 
635499 
635504 
635506 
504435 
635508 
635510 
504440 
635513 
635515 
504445 
635517 
635519 
504450 
635522 
635525 
635528 
504459 
635531 
504463 
635536 
635538 
504467 
635540 
635542 
504471 
635545 
635547 
635549 
504478 
635551 
635554 
504483 
635557 
504488 
635560 
635563 
504493 
635568 
635570 
635572 
504502 
635574 
635577 
504507 
635579 
635581 
635583 
504512 
635586 
504517 
635589 
635592 
635595 
504526 
635600 
504530 
635602 
635604 
504534 
635606 
635609 
504538 
635611 
635613 
635615 
504545 
635618 
504549 
635621 
635624 
504553 
635627 
504557 
635632 
635634 
504564 
635636 
635638 
504569 
635641 
635643 
635645 
504574 
635647 
635650 
504579 
635653 
635656 
635659 
504588 
504592 
635664 
635666 
504596 
635668 
635670 
504600 
635673 
635675 
635677 
504607 
635679 
635682 
504612 
635684 
635686 
635688 
504617 
635691 
635693 
504622 
635695 
635697 
635700 
635702 
504631 
635704 
504634 
635706 
504637 
635709 
504640 
635712 
635715 
504645 
635718 
504649 
635723 
504653 
635726 
504657 
635729 
635732 
504664 
635737 
635739 
504668 
635741 
635743 
504672 
635746 
504676 
635749 
635752 
504683 
635755 
504686 
635760 
504689 
635762 
504692 
635764 
635766 
504697 
635769 
635772 
504701 
635775 
504705 
635778 
504709 
635783 
635785 
635787 
504716 
635789 
504720 
635792 
635794 
504724 
635796 
635798 
504728 
635801 
635803 
635805 
504735 
635807 
504738 
635810 
635812 
504741 
635814 
504744 
635816 
635819 
504749 
635822 
504753 
635825 
635828 
504757 
504761 
635833 
635836 
635839 
504768 
635842 
504772 
635847 
504776 
635850 
504780 
635853 
635856 
504787 
635861 
504790 
635863 
504793 
635865 
635867 
504796 
635870 
504801 
635873 
635876 
504805 
635879 
504809 
635884 
504813 
635886 
635888 
635890 
504820 
635893 
504824 
635897 
504828 
635901 
504832 
635905 
504839 
635912 
504842 
635914 
635916 
504845 
635918 
504848 
635921 
635924 
504853 
635927 
504857 
635930 
504861 
635935 
504865 
635937 
635939 
635941 
504872 
635944 
635946 
504876 
635948 
635950 
504880 
635953 
635955 
504884 
635957 
635959 
635962 
504891 
635964 
504894 
635966 
635968 
504897 
635971 
504900 
635975 
504905 
635979 
504909 
635983 
504913 
504917 
635990 
635993 
504924 
635996 
635999 
504928 
504932 
636004 
636006 
504936 
636008 
636010 
636013 
504943 
636015 
636017 
504946 
636019 
504949 
636022 
504952 
636025 
636028 
504957 
636031 
504961 
636036 
504965 
636038 
636040 
504969 
636042 
636045 
636047 
504976 
636049 
636051 
504980 
636054 
504984 
636057 
504988 
636060 
636063 
504995 
636068 
504998 
636070 
636072 
505001 
636074 
505004 
636077 
636079 
505009 
636081 
636083 
505013 
636086 
505017 
636089 
636092 
505021 
636095 
505028 
636100 
636102 
505032 
636104 
636106 
505036 
636109 
636111 
505040 
636113 
636115 
636118 
505047 
505049 
636121 
505051 
636124 
505053 
636127 
505056 
636132 
505061 
636135 
505066 
636138 
636141 
505071 
636146 
636148 
636150 
505080 
636152 
636155 
505084 
636157 
636159 
505088 
636161 
505092 
636164 
636166 
636168 
636170 
505099 
636173 
505102 
636175 
505105 
636177 
636179 
505108 
636182 
505113 
636185 
636188 
505118 
636191 
505123 
636196 
636198 
505128 
636200 
636202 
636205 
636207 
505137 
636209 
636211 
505141 
636214 
505145 
636217 
636220 
505149 
636223 
505156 
636228 
636230 
505159 
636232 
505162 
636234 
505165 
636237 
636239 
636241 
505170 
636243 
636246 
505176 
636249 
636252 
505182 
636255 
505188 
636260 
636262 
636265 
636267 
636269 
505199 
636272 
505203 
636275 
505207 
636280 
505211 
636283 
636287 
636289 
505218 
636291 
636293 
505222 
636296 
505226 
636298 
636300 
505230 
636302 
636305 
636308 
505237 
636311 
505241 
636314 
505245 
636319 
505249 
636321 
636323 
636325 
505256 
636328 
636330 
505260 
636332 
636334 
505264 
636337 
505268 
636340 
636343 
636346 
505275 
636351 
505280 
636353 
636355 
505285 
636357 
636360 
505290 
636362 
636364 
636366 
636369 
505299 
636372 
505303 
636375 
636378 
505307 
505311 
636383 
636385 
636387 
636389 
505318 
636392 
636394 
505323 
636396 
636398 
505328 
636401 
636404 
505333 
636407 
636410 
505342 
636415 
636417 
505347 
636419 
636421 
505352 
636424 
636426 
636428 
505357 
636430 
636433 
636436 
505366 
636439 
505370 
636442 
505374 
636447 
636449 
505378 
636451 
636453 
636456 
505385 
636458 
636460 
505389 
636462 
505393 
636465 
636467 
505397 
636469 
636471 
636474 
505404 
636476 
636478 
636480 
505409 
636483 
636485 
505414 
636487 
636489 
505419 
636492 
636495 
636498 
505428 
636501 
505432 
636506 
505436 
636508 
636510 
505440 
636512 
636515 
636517 
505447 
636519 
636521 
505452 
636524 
636527 
505457 
636530 
636533 
505462 
636538 
636540 
636542 
505471 
636544 
505474 
636547 
505477 
636549 
636551 
505480 
636553 
636556 
505485 
636559 
505489 
636562 
505493 
636565 
505497 
636570 
636572 
636574 
505504 
636576 
636579 
505508 
636581 
636583 
505512 
636585 
505516 
636588 
636591 
636594 
505523 
636597 
505526 
505529 
636602 
505532 
636604 
636606 
636608 
505537 
636611 
505541 
636613 
636615 
505545 
636617 
636620 
505549 
636623 
636626 
505556 
636629 
505560 
636634 
505564 
636636 
636638 
505568 
636640 
636643 
636645 
505575 
636647 
636649 
505578 
636652 
505581 
636655 
505584 
636658 
505589 
636661 
505593 
636666 
636668 
505597 
636670 
636672 
505601 
636675 
636677 
636679 
505608 
636681 
505612 
636684 
636687 
505616 
636690 
505620 
636693 
636698 
505627 
636700 
505630 
636702 
636704 
505633 
636707 
505636 
636709 
636711 
505641 
636713 
636716 
505645 
636719 
505649 
636722 
505653 
636725 
636730 
505660 
636732 
636734 
505664 
636736 
636739 
505668 
636741 
636743 
505672 
636745 
636748 
505679 
636751 
505682 
636754 
505685 
636757 
505688 
636762 
636764 
505693 
636766 
636768 
505697 
636771 
505701 
636773 
636775 
505705 
636777 
636780 
636783 
505712 
636786 
505716 
636789 
505720 
636794 
505724 
636796 
636798 
636800 
505731 
636803 
636805 
505734 
636807 
505737 
636809 
505740 
636812 
636814 
636816 
505745 
636818 
505749 
636821 
636823 
505753 
636825 
636827 
505757 
636830 
636832 
636834 
505764 
636836 
636839 
505768 
636841 
636843 
505772 
636845 
505776 
636848 
636851 
636854 
505783 
636857 
505786 
505789 
636862 
505792 
636864 
636866 
636868 
505797 
636871 
505801 
636874 
505805 
636877 
636880 
505809 
636885 
636887 
505816 
636889 
636891 
505820 
636894 
505824 
636897 
505828 
636900 
636903 
505835 
636908 
505838 
636910 
636912 
505841 
636914 
505844 
636917 
636919 
505849 
636921 
636923 
505853 
636926 
636928 
505857 
636930 
636932 
505861 
636935 
636936 
636937 
636938 
636939 
505868 
636942 
505872 
636945 
505876 
636948 
505880 
636953 
636956 
505887 
636959 
505889 
636962 
505891 
505893 
636967 
505896 
636970 
505900 
636973 
505904 
636976 
505908 
636981 
636983 
636985 
505915 
636987 
636990 
505919 
636993 
505923 
636996 
505927 
636999 
637004 
505934 
637006 
637008 
505937 
637010 
505940 
637013 
505943 
637016 
637019 
505948 
637022 
505952 
637027 
505956 
637029 
637031 
505960 
637033 
637036 
637038 
505967 
637040 
637042 
505971 
637045 
505975 
637047 
637049 
505979 
637051 
637054 
637056 
505986 
637058 
637060 
505989 
637063 
505992 
637064 
637065 
637066 
505995 
637067 
637069 
637071 
506000 
637073 
637076 
506005 
637080 
506010 
637084 
506015 
637088 
637095 
506024 
637098 
506028 
637101 
506032 
637104 
506036 
637109 
637111 
637113 
506043 
637115 
637118 
506047 
637120 
637122 
506051 
637124 
506055 
637127 
637130 
637133 
506062 
637136 
506066 
637141 
506070 
637143 
637145 
506074 
637147 
637150 
637152 
506081 
637154 
637156 
506085 
637159 
506089 
637162 
506093 
637165 
637168 
506100 
637173 
637175 
506105 
637177 
637179 
506110 
637182 
637184 
637186 
506115 
637188 
637191 
637194 
506124 
637197 
637200 
506129 
637205 
506134 
637207 
637209 
506139 
637211 
637214 
637216 
637218 
506148 
637220 
637223 
506152 
637226 
506156 
637229 
506160 
637232 
637237 
506167 
637239 
637241 
637243 
506172 
637246 
637248 
506177 
637250 
637252 
506182 
637255 
637257 
637259 
637261 
506191 
637264 
637266 
506195 
637268 
637270 
506199 
637273 
506203 
637275 
637277 
637279 
506210 
637282 
637285 
506215 
637288 
637291 
506220 
637296 
506225 
637298 
637300 
637302 
637305 
506234 
637307 
637309 
506239 
637311 
637314 
506244 
637317 
637320 
506249 
637323 
637328 
506258 
637330 
637332 
506262 
637334 
637337 
506266 
637339 
637341 
506270 
637343 
637346 
506277 
637349 
637352 
506281 
637355 
506285 
637360 
506289 
637362 
637365 
637367 
506296 
637369 
637372 
506301 
637375 
506306 
637381 
506311 
637386 
637388 
637390 
506320 
637392 
637395 
506324 
637397 
637399 
506328 
637401 
506332 
637404 
637407 
637410 
506339 
637413 
506344 
637418 
637420 
506349 
637422 
637424 
506354 
637427 
637429 
637431 
637433 
506363 
637436 
506366 
637439 
506369 
637442 
506372 
637445 
506377 
637450 
637452 
506381 
637454 
637456 
506385 
637459 
506389 
637461 
637463 
637465 
506396 
637468 
637471 
506400 
637474 
506404 
637477 
506408 
637482 
637484 
637486 
506415 
637488 
506418 
637491 
506421 
637493 
637495 
506424 
637497 
637500 
506429 
637503 
506433 
637506 
506437 
637509 
506441 
637514 
637516 
637518 
506448 
637520 
637523 
506452 
637525 
637527 
506456 
637529 
506460 
637532 
637535 
637538 
506467 
637541 
506470 
506473 
637546 
506476 
637548 
637550 
637552 
506481 
637555 
506485 
637557 
637559 
506489 
637561 
637564 
506493 
637566 
637568 
637570 
506500 
637573 
637575 
506504 
637577 
637579 
506508 
637582 
506512 
637584 
637586 
637588 
506519 
637591 
506522 
637594 
506525 
637597 
506528 
637600 
506533 
637605 
637607 
506537 
637609 
637611 
506541 
637614 
637616 
506545 
637618 
637620 
637623 
506552 
637626 
506556 
637629 
506560 
637632 
506564 
637637 
637639 
637641 
506571 
637643 
506574 
637646 
637648 
506577 
637650 
506580 
637652 
637655 
506585 
637658 
506589 
637661 
637664 
506593 
506597 
637669 
637671 
637673 
637675 
506604 
637678 
506608 
637680 
637682 
506612 
637684 
637687 
506616 
637690 
637693 
506623 
637696 
506626 
506629 
637701 
637703 
506632 
637705 
637707 
506637 
637710 
637712 
506641 
637714 
637716 
506645 
637719 
506649 
637722 
637725 
506656 
637728 
506660 
637733 
637735 
506664 
637737 
637739 
506668 
637742 
637744 
637746 
506675 
637748 
506678 
637751 
506681 
637754 
506684 
637757 
637760 
506689 
506693 
637765 
637767 
506697 
637769 
637771 
506701 
637774 
637776 
637778 
506708 
637780 
637783 
506712 
637786 
506716 
637789 
506720 
637792 
637797 
506727 
637799 
637801 
506730 
637803 
506733 
637806 
506736 
637808 
637810 
637812 
506741 
637815 
506745 
637818 
506749 
637821 
637824 
506753 
637829 
637831 
506760 
637833 
637835 
506764 
637838 
506768 
637840 
637842 
506772 
637844 
637847 
637850 
506779 
506781 
637853 
506783 
637856 
506785 
506788 
637861 
637863 
506792 
637865 
637867 
506796 
637870 
506800 
637872 
637874 
637876 
506807 
637879 
637882 
506811 
637885 
506815 
637888 
506819 
637893 
637896 
506826 
637899 
506829 
637902 
506832 
506835 
637907 
637909 
637911 
506840 
637913 
506844 
637916 
637919 
506848 
637922 
506852 
637925 
637930 
506859 
637932 
637934 
506863 
637936 
506867 
637939 
637941 
506871 
637943 
637945 
637948 
506878 
637951 
506881 
637954 
506884 
637957 
506887 
637962 
506892 
637964 
637966 
637968 
506897 
637971 
637973 
506902 
637975 
637977 
506907 
637980 
637982 
637984 
637986 
506916 
637989 
506920 
637992 
637995 
506924 
637998 
506928 
638003 
638005 
506935 
638007 
638009 
506938 
638012 
506941 
638014 
506944 
638016 
638018 
506949 
638021 
638023 
506953 
638025 
638027 
506957 
638030 
506961 
638033 
638036 
638039 
506968 
638044 
506974 
638046 
638048 
638050 
506980 
638053 
638055 
638057 
506986 
638059 
638062 
638064 
638066 
638068 
506997 
638071 
638073 
507002 
638075 
638077 
507007 
638080 
638082 
507012 
638084 
638086 
638089 
638091 
507021 
638093 
638095 
507025 
638098 
638099 
638100 
507029 
638101 
638102 
638104 
507033 
638106 
638108 
638111 
507040 
638115 
507044 
638119 
507048 
638123 
507052 
638130 
507059 
638133 
507064 
638136 
638139 
507069 
638144 
507074 
638146 
638148 
638150 
638153 
507083 
638155 
638157 
638159 
507088 
638162 
507093 
638165 
638168 
507098 
638171 
638176 
638178 
507107 
638180 
638182 
507111 
638185 
507115 
638187 
638189 
507119 
638191 
638194 
638196 
507126 
638198 
638200 
507131 
638203 
638205 
638207 
507136 
638209 
638212 
507141 
638214 
638216 
638218 
638221 
507150 
638224 
507155 
638227 
638230 
507160 
638235 
507165 
638237 
638239 
638241 
638244 
507174 
638246 
638248 
507178 
638250 
638253 
507182 
638256 
507186 
638259 
638262 
507193 
638267 
638269 
507198 
638271 
638273 
507203 
638276 
638278 
507208 
638280 
638282 
638285 
638287 
507217 
638289 
638291 
507222 
638294 
638296 
638298 
507227 
638300 
638303 
507232 
638305 
638307 
638309 
638312 
507241 
638315 
507245 
638318 
507249 
638321 
507253 
638326 
638328 
638330 
507260 
638332 
638335 
507265 
638337 
638339 
638341 
507270 
638344 
638346 
507275 
638348 
638350 
638353 
638355 
507284 
638357 
638359 
507289 
638362 
638364 
507294 
638366 
638368 
507299 
638371 
638372 
638373 
638374 
638375 
638377 
638379 
507308 
638381 
507312 
638384 
638386 
507316 
638388 
638390 
507320 
638393 
638396 
507327 
638399 
638402 
507332 
638407 
507337 
638409 
638411 
638413 
507342 
638416 
638418 
638420 
638422 
507351 
638425 
638427 
507356 
638429 
638431 
507361 
638434 
638436 
507366 
638438 
638440 
638443 
638445 
507375 
638447 
638449 
507379 
638452 
638453 
638454 
507383 
638455 
638456 
638458 
507387 
638460 
638462 
638465 
507394 
638467 
638469 
507399 
638471 
638474 
507404 
638477 
638480 
507409 
638483 
638488 
507418 
638490 
638492 
638494 
507423 
638497 
638499 
507428 
638501 
638503 
507433 
638506 
638509 
638512 
507442 
638515 
507446 
638520 
507450 
638522 
638524 
507454 
638526 
638529 
638531 
507461 
638533 
638535 
507466 
638538 
638541 
507471 
638544 
638547 
507476 
638552 
638554 
507485 
638557 
638559 
638561 
507490 
638564 
507495 
638568 
507500 
638573 
638577 
638579 
507509 
638582 
507513 
638585 
638588 
507517 
638590 
638592 
507521 
638594 
638597 
638599 
507528 
638601 
638603 
507533 
638606 
638609 
507538 
638612 
507543 
638615 
638620 
638622 
507552 
638624 
638626 
507556 
638629 
638631 
507560 
638633 
638635 
507564 
638638 
638641 
507571 
638644 
507575 
638647 
507579 
638652 
638654 
507583 
638656 
638658 
638661 
507590 
638663 
638665 
507595 
638667 
638670 
507600 
638673 
638676 
507605 
638679 
638684 
507614 
638686 
638688 
507618 
638690 
638693 
507622 
638695 
638697 
507626 
638699 
638702 
507633 
638705 
638708 
507637 
638711 
507641 
638716 
507645 
638718 
638720 
638722 
507652 
638725 
638727 
638729 
507659 
638731 
638734 
638737 
507666 
638740 
638743 
507673 
638748 
638750 
638752 
638754 
638757 
507686 
638759 
638761 
507690 
638763 
507694 
638766 
638769 
507698 
638772 
638775 
507705 
638780 
507709 
638782 
638784 
507713 
638786 
507717 
638789 
638791 
638793 
638795 
507724 
638798 
507727 
638801 
507730 
638804 
507733 
638807 
507738 
638812 
507742 
638814 
638816 
507746 
638818 
638821 
507750 
638823 
638825 
638827 
507757 
638830 
507761 
638833 
638836 
507765 
638839 
507769 
638844 
638846 
507776 
638848 
638850 
507779 
638853 
507782 
638855 
507785 
638857 
638859 
507790 
638862 
638864 
507794 
638866 
638868 
507798 
638871 
638873 
507802 
638875 
638877 
638880 
507809 
638882 
638884 
507813 
638886 
507817 
638889 
638892 
507821 
638895 
638898 
507828 
507831 
638903 
638905 
507834 
638907 
507837 
638909 
638912 
507842 
638914 
638916 
507846 
638918 
638921 
507850 
638924 
507854 
638927 
638930 
507861 
638935 
507865 
638937 
638939 
507869 
638941 
638944 
507873 
638946 
638948 
638950 
507880 
638953 
507883 
638956 
507886 
638959 
507889 
638962 
507894 
638967 
638969 
507898 
638971 
638973 
507902 
638976 
507906 
638978 
638980 
638982 
507913 
638985 
638988 
507917 
638991 
507921 
638994 
507925 
638999 
639001 
639003 
507932 
639005 
507935 
639008 
507938 
639010 
639012 
507941 
639014 
639017 
507946 
639020 
507950 
639023 
507954 
639026 
507958 
639031 
639033 
639035 
507965 
639037 
639040 
507969 
639042 
639044 
507973 
639046 
507977 
639049 
639052 
639055 
507984 
639058 
507987 
507990 
639063 
507993 
639065 
639067 
639069 
507998 
639072 
508002 
639074 
639076 
508006 
639078 
639081 
508010 
639084 
639087 
508017 
639090 
508021 
639095 
508025 
639097 
639099 
508029 
639101 
639104 
639106 
508036 
639108 
639110 
508039 
639113 
508042 
639116 
508045 
639119 
508050 
639122 
508054 
639127 
639129 
508058 
639131 
639133 
508062 
639136 
639138 
639140 
508069 
639142 
508073 
639145 
639148 
508077 
639151 
508081 
639154 
639159 
508088 
639161 
508091 
639163 
639165 
508094 
639168 
508097 
639170 
639172 
508102 
639174 
639177 
508106 
639180 
508110 
639183 
508114 
639186 
639191 
508121 
639193 
639195 
508125 
639197 
639200 
508129 
639202 
639204 
508133 
639206 
639209 
639211 
508140 
639213 
508142 
639215 
508144 
508146 
639218 
639220 
508149 
639222 
639224 
508153 
639227 
508157 
639229 
639231 
508161 
639233 
639236 
639239 
508168 
639242 
508172 
639245 
508176 
639250 
508180 
639253 
639256 
508187 
639259 
508189 
508191 
639264 
508193 
639266 
508196 
639268 
639270 
508200 
639273 
508204 
639276 
639279 
508208 
639282 
508215 
639287 
639289 
508219 
639291 
639293 
508223 
639296 
508227 
639299 
639302 
639305 
508234 
508236 
508238 
639310 
508240 
639312 
639314 
508243 
639316 
508247 
639319 
639321 
508251 
639323 
639325 
508255 
639328 
639330 
639332 
508262 
639334 
639337 
508266 
639340 
508270 
639343 
508274 
639346 
639351 
508281 
508283 
639356 
508285 
508287 
639361 
508290 
639366 
508295 
508300 
639375 
508305 
639377 
639379 
639381 
639384 
508314 
639388 
508318 
639392 
508322 
639396 
508326 
639403 
508333 
639405 
508335 
639407 
508337 
639409 
508339 
639412 
508342 
639416 
508347 
639420 
508352 
639424 
508357 
639431 
639434 
639437 
508366 
639440 
508370 
639445 
508374 
639447 
639449 
508378 
639451 
639454 
639456 
508385 
639458 
508387 
639460 
508389 
508391 
639463 
508394 
639466 
639469 
508399 
639472 
508404 
639477 
639479 
508409 
639481 
639483 
639486 
639488 
508418 
639490 
639492 
508422 
639495 
508426 
639498 
639501 
508430 
639504 
508437 
639509 
508439 
639511 
508441 
639513 
508443 
639515 
508446 
639518 
639520 
639522 
508451 
639524 
639527 
508456 
639530 
508461 
639533 
639536 
639541 
508470 
639543 
639545 
508474 
639547 
508478 
639550 
639552 
508482 
639554 
639556 
639559 
508489 
639562 
508491 
508493 
639565 
508495 
639568 
508498 
639573 
508503 
639575 
639577 
639579 
508508 
639582 
639584 
508513 
639586 
639588 
639591 
508522 
639594 
639597 
508526 
639600 
508530 
639605 
508534 
639607 
639609 
639611 
508541 
639614 
508543 
639616 
508545 
639618 
508547 
639620 
508550 
639623 
639626 
508555 
639629 
508560 
639632 
508565 
639637 
639640 
639642 
639645 
508574 
639647 
639649 
508578 
639651 
508582 
639654 
639657 
508586 
639660 
639663 
508593 
508595 
639668 
508597 
508599 
639671 
639673 
508602 
639676 
639678 
508607 
639680 
639682 
508612 
639685 
639687 
508617 
639689 
639691 
639694 
639696 
508626 
639698 
639700 
508630 
639703 
639705 
508634 
639707 
639709 
508638 
639712 
639715 
508645 
639718 
508647 
508649 
639721 
508651 
508654 
639726 
639728 
639730 
508659 
639732 
639735 
508664 
639737 
639739 
639741 
508669 
639744 
639747 
639750 
508678 
639753 
508682 
639758 
508686 
639760 
639762 
508690 
639764 
639767 
639769 
508697 
639771 
508699 
639773 
508701 
508703 
639776 
508706 
639779 
639782 
508711 
639785 
508716 
639790 
639792 
508721 
639794 
639796 
639799 
639801 
508730 
639803 
639805 
508734 
639808 
508738 
639811 
639814 
508742 
639817 
508749 
639822 
508751 
639824 
508753 
639826 
508755 
639828 
508758 
639831 
639833 
639835 
508763 
639837 
639840 
508768 
639843 
508773 
639846 
639849 
639854 
508782 
639856 
639858 
508786 
639860 
508790 
639863 
639865 
508794 
639867 
639869 
639872 
508801 
639875 
508803 
508805 
639878 
508807 
639881 
508810 
639886 
508814 
639888 
639890 
508818 
639892 
508822 
639895 
639897 
639899 
639901 
508829 
639904 
508833 
639907 
508837 
639910 
639913 
508841 
639918 
639920 
508848 
639922 
508850 
639924 
508852 
508854 
639927 
639929 
508857 
639931 
639933 
508861 
639936 
508865 
639939 
508869 
639942 
639945 
508876 
639950 
639952 
508880 
639954 
639956 
508884 
639959 
508888 
639961 
639963 
639965 
508895 
639968 
508897 
639970 
508899 
639972 
508901 
639974 
508904 
639977 
639979 
508908 
639981 
639983 
508912 
639986 
639988 
508916 
639990 
639992 
639995 
508923 
639998 
508927 
640001 
508931 
640004 
508935 
640009 
640011 
640013 
508942 
640015 
508944 
640018 
508946 
640020 
508948 
640022 
508951 
640024 
640027 
508955 
640030 
508959 
640033 
508963 
640036 
640041 
508970 
640043 
640045 
508974 
640047 
640050 
508978 
640052 
640054 
508982 
640056 
640059 
508989 
640062 
508991 
640065 
508993 
508995 
640068 
508998 
640073 
509002 
640075 
640077 
509006 
640079 
640082 
509010 
640084 
640086 
640088 
509017 
640091 
509021 
640094 
640097 
509025 
640100 
509029 
640105 
640107 
509036 
640109 
509038 
640111 
509040 
640114 
509042 
640116 
509045 
640118 
640120 
509049 
640123 
509053 
640126 
640129 
509057 
640132 
509064 
640137 
640139 
509068 
640141 
640143 
509072 
640146 
640148 
509076 
640150 
640152 
640155 
509083 
509085 
640158 
509087 
640161 
509089 
640164 
509092 
509096 
640169 
640171 
509100 
640173 
640175 
509104 
640178 
640180 
640182 
509111 
640184 
640187 
509115 
640190 
509119 
640193 
509123 
640196 
640201 
509130 
640203 
509132 
640205 
509134 
640207 
509136 
640210 
509139 
640212 
640214 
509143 
640216 
640219 
509147 
640222 
509151 
640225 
640228 
509158 
640233 
509162 
640235 
640237 
509166 
640239 
640242 
509170 
640244 
640246 
640248 
509177 
640251 
509179 
509181 
640254 
509183 
640257 
509186 
640260 
509190 
640265 
509194 
640267 
640269 
509198 
640271 
640274 
640276 
509205 
640278 
640280 
509209 
640283 
509213 
640286 
640289 
509217 
640292 
509224 
640297 
509226 
640299 
509228 
640301 
509230 
640303 
509233 
640306 
640308 
509237 
640310 
640312 
509241 
640315 
640317 
509245 
640319 
640321 
640324 
509252 
640326 
640328 
509256 
640330 
509260 
640333 
640335 
509264 
640337 
640339 
640342 
509271 
640345 
509273 
509275 
640348 
509277 
640351 
509282 
640356 
509285 
640359 
509289 
640362 
509291 
640365 
509293 
509295 
640370 
509298 
640372 
509300 
640374 
509302 
640376 
509304 
640379 
509307 
640381 
509310 
640383 
640385 
509313 
640388 
509316 
640390 
640392 
509321 
640394 
509323 
640397 
509325 
509327 
640400 
509330 
640403 
509332 
640406 
509334 
509336 
640411 
509339 
640413 
509342 
640415 
640417 
509345 
640420 
509348 
640422 
640424 
509353 
640426 
509356 
640429 
640431 
509359 
640433 
509362 
640435 
640438 
509367 
640441 
509369 
509371 
640444 
509373 
640447 
509376 
509379 
640452 
509382 
640456 
509385 
640460 
509390 
640464 
509393 
509396 
640471 
509399 
640473 
640475 
509404 
640477 
509406 
640480 
509408 
509410 
640484 
509413 
640488 
509416 
509419 
640492 
509422 
640499 
509427 
640501 
509429 
640503 
509431 
640505 
509433 
640508 
509436 
509438 
640512 
509440 
509442 
640516 
509445 
640520 
509448 
509451 
509454 
640527 
640530 
509459 
640533 
509462 
640536 
509465 
509468 
640541 
640543 
640545 
509473 
640547 
509475 
509477 
640550 
509479 
640552 
640554 
509482 
640556 
509485 
640559 
509488 
640562 
509491 
640565 
640568 
509496 
509499 
640573 
509502 
640575 
640577 
509505 
640579 
640582 
509510 
640584 
509512 
640586 
509514 
640588 
509516 
640591 
509519 
640594 
509522 
640597 
509525 
640600 
509528 
640605 
509533 
640607 
509535 
640609 
509537 
640611 
509539 
640614 
509542 
640616 
509544 
640618 
509546 
640620 
509548 
640623 
509551 
640626 
509554 
640629 
509557 
640632 
509560 
640637 
509565 
640639 
509568 
640641 
640643 
509571 
640646 
509574 
640648 
640650 
509579 
640652 
509581 
640655 
509583 
509585 
640658 
509588 
640661 
509591 
640664 
509594 
640669 
509597 
640671 
640673 
509602 
640675 
509604 
640678 
509606 
640680 
509608 
640682 
509611 
640684 
509613 
640687 
509615 
509617 
640690 
509620 
640693 
509623 
640696 
509626 
640701 
509629 
640703 
640705 
509634 
640707 
509637 
640710 
640712 
509640 
640714 
640716 
509645 
640719 
509647 
509649 
640722 
509651 
640725 
509654 
640728 
509657 
509660 
640733 
640735 
640737 
509665 
640739 
640742 
509670 
640744 
509672 
640746 
509675 
640748 
640751 
640754 
509683 
640757 
509686 
640760 
640765 
509694 
640767 
640769 
640771 
640774 
509702 
640776 
640778 
640780 
509708 
640783 
640785 
640787 
640789 
509718 
640792 
640794 
640796 
640798 
509726 
640801 
640803 
640805 
509733 
640807 
640810 
509739 
640813 
640816 
509744 
640819 
640824 
509753 
640826 
640828 
640830 
509758 
640833 
640835 
640837 
509765 
640839 
509769 
640842 
509772 
640845 
640848 
509777 
640851 
509779 
509781 
509783 
640856 
640858 
509786 
640860 
509788 
640862 
509790 
509792 
640865 
640867 
509795 
640869 
509798 
640871 
509801 
640874 
509804 
640877 
640880 
509809 
640883 
509811 
509813 
509815 
640888 
640890 
509818 
640892 
509820 
640894 
509822 
509824 
640897 
640899 
509827 
640901 
509830 
640903 
509833 
640906 
509836 
640909 
640912 
509841 
640915 
509843 
509845 
509847 
640920 
640922 
509850 
640924 
509852 
640926 
509854 
509856 
640929 
640931 
509859 
640933 
509862 
640935 
509865 
640938 
509868 
640941 
640944 
509873 
640947 
509875 
509877 
509879 
640952 
640954 
509882 
640956 
509884 
640958 
509886 
509888 
640961 
640963 
509891 
640965 
509894 
640967 
509897 
640970 
509900 
640973 
640976 
509905 
640979 
509907 
509909 
509911 
640984 
640986 
509914 
640988 
509916 
640990 
509918 
509920 
640993 
640995 
509923 
640997 
509926 
640999 
509929 
641002 
509932 
641005 
641008 
509937 
641011 
509939 
509941 
509943 
641016 
641018 
509946 
641020 
509948 
641022 
509950 
509952 
641025 
641027 
509955 
641029 
509958 
641031 
509961 
641034 
509964 
641037 
641040 
509969 
641043 
509971 
509973 
509975 
641048 
641050 
509978 
641052 
509980 
509982 
641055 
509984 
641057 
641059 
509987 
641061 
509990 
641064 
509993 
641066 
641068 
509996 
641071 
641073 
510001 
641075 
510003 
641077 
510005 
510007 
641080 
641082 
510010 
641084 
510012 
641086 
510014 
510016 
641089 
510019 
641092 
510022 
641095 
510025 
641098 
510028 
641103 
641105 
510033 
641107 
510035 
641109 
510037 
510039 
641112 
641114 
510042 
641116 
510044 
641118 
510046 
510048 
641121 
510051 
641124 
510054 
641127 
510057 
641130 
510060 
641135 
641137 
510065 
641139 
510067 
641141 
510069 
510071 
641144 
641146 
510074 
641148 
510076 
641150 
510078 
510080 
641153 
510083 
641156 
510086 
641159 
510089 
641162 
510092 
641167 
641169 
510097 
641171 
510099 
641173 
510101 
510103 
641176 
641178 
510106 
641180 
510108 
641182 
510110 
510112 
641185 
510115 
641188 
510118 
641191 
510121 
641194 
510124 
641199 
641201 
510129 
641203 
510131 
641205 
510133 
510135 
641208 
641210 
510138 
641212 
510140 
641214 
510142 
510144 
641217 
510147 
641220 
510150 
641223 
510153 
641226 
510156 
641231 
641233 
510161 
641235 
510163 
641237 
510165 
510167 
641240 
641242 
510170 
641244 
510172 
641246 
510174 
510176 
641249 
510179 
641252 
510182 
641255 
510185 
641258 
510188 
641263 
641265 
510193 
641267 
510195 
641269 
510197 
510199 
641272 
641274 
510202 
641276 
510204 
641278 
510206 
510208 
641281 
510211 
641284 
510214 
641287 
510217 
641290 
510220 
641295 
641297 
510225 
641299 
510227 
641301 
510229 
510231 
641304 
641306 
510234 
641308 
510236 
641310 
510238 
510240 
641313 
510243 
641316 
510246 
641319 
510249 
641322 
510252 
641327 
641329 
510257 
641331 
510259 
641333 
510261 
510263 
641336 
641338 
510266 
641340 
510268 
641342 
510270 
510272 
641345 
510275 
641348 
510278 
641351 
510281 
641354 
510284 
641359 
641361 
510289 
641363 
510291 
641365 
510293 
510295 
641368 
641370 
510298 
641372 
510300 
641374 
510302 
510304 
641377 
510307 
641380 
510310 
641383 
510313 
641386 
510316 
641391 
641393 
510321 
641395 
510323 
641397 
510325 
510327 
641400 
641402 
510330 
641404 
510332 
641406 
510334 
510336 
641409 
641411 
510339 
641413 
510342 
641415 
510345 
641418 
641420 
510348 
641422 
641424 
510353 
641427 
510355 
641429 
510357 
641431 
510359 
641433 
510362 
641436 
510364 
510366 
641439 
510368 
641442 
510371 
641445 
510374 
510377 
641450 
510380 
641453 
641456 
510385 
510387 
641461 
510389 
641463 
510391 
641465 
510394 
641468 
510396 
641470 
510398 
510400 
641473 
641475 
510403 
641478 
510406 
641481 
510409 
510412 
641486 
641488 
510417 
641491 
510419 
641493 
510421 
641495 
510423 
641497 
510426 
641500 
510428 
641502 
510430 
641504 
510432 
641506 
510435 
641509 
510438 
641512 
510441 
641515 
510444 
641518 
510449 
641523 
510451 
510453 
641527 
510455 
510458 
641531 
510460 
510462 
641535 
510464 
510467 
641542 
510470 
641544 
510473 
641546 
641548 
510476 
641551 
510481 
641555 
510483 
510485 
641559 
510487 
510490 
641563 
510492 
510494 
510496 
641570 
510499 
641572 
510501 
641574 
510503 
641576 
510505 
641579 
510508 
641583 
510511 
510514 
641587 
510516 
510518 
641591 
510521 
510524 
641598 
510526 
641601 
510529 
510531 
641604 
510533 
641607 
510535 
510538 
641612 
510540 
641614 
510542 
641616 
510544 
641619 
510547 
641621 
510550 
641623 
641625 
510553 
641628 
510556 
641631 
510561 
641634 
510563 
510565 
641639 
510567 
641641 
510570 
641643 
510572 
641646 
510574 
641648 
510576 
641651 
510579 
641654 
510582 
510585 
641659 
510588 
641661 
641663 
510593 
641666 
510595 
641668 
510597 
641671 
510599 
641674 
510602 
510604 
510606 
641679 
510608 
641681 
641683 
510611 
641686 
510614 
641688 
510617 
641691 
510620 
641694 
510625 
641699 
510627 
641701 
510629 
641703 
510631 
641706 
510634 
510636 
641709 
510638 
641712 
510640 
510643 
641716 
510646 
641719 
510649 
641724 
510652 
641726 
641728 
510657 
641730 
510659 
641733 
510661 
641735 
510663 
641737 
510666 
641739 
510668 
641742 
510670 
510672 
641745 
510675 
641748 
510678 
641751 
510681 
641756 
510684 
641758 
641760 
510689 
641762 
510691 
641765 
510693 
641767 
510695 
641769 
510698 
641771 
510700 
641774 
510702 
510704 
641777 
510707 
641780 
510710 
641783 
510713 
641788 
510716 
641790 
641792 
510721 
641794 
510723 
641797 
510725 
641799 
510727 
641801 
510730 
641803 
510732 
641806 
510734 
641808 
510736 
641810 
510739 
641812 
510742 
641815 
641817 
510745 
641819 
510748 
641821 
641824 
510753 
641826 
510755 
641828 
510757 
641830 
510759 
641833 
510762 
641835 
510764 
641837 
510766 
641839 
510768 
641842 
510771 
641844 
641846 
510774 
641848 
510777 
641851 
510780 
641853 
641855 
641857 
510785 
510787 
641860 
510789 
641862 
510791 
641864 
641866 
510794 
510796 
641869 
510798 
641871 
510800 
641873 
641875 
510803 
641878 
510806 
641880 
510809 
641882 
641884 
510812 
641887 
641889 
510817 
641891 
510819 
641893 
510821 
510823 
641896 
641898 
510826 
641900 
510828 
641902 
510830 
510832 
641905 
510835 
641908 
510838 
641911 
510841 
641914 
510844 
641919 
510849 
641922 
510851 
641925 
510853 
641928 
510856 
510858 
510860 
641933 
510862 
641935 
641937 
510865 
641939 
510869 
641942 
641944 
510872 
641946 
641948 
510877 
641951 
510880 
641954 
510883 
641957 
510885 
510887 
641960 
510890 
641965 
510894 
641967 
641969 
510897 
641971 
641974 
510902 
641976 
510905 
641978 
641980 
510908 
510910 
641983 
510912 
641986 
510915 
641989 
510918 
641992 
510920 
510923 
641997 
641999 
510928 
642001 
642003 
642006 
510935 
642008 
642010 
642012 
510940 
642015 
510944 
642017 
642019 
642021 
510951 
642024 
642026 
510955 
642028 
642030 
510958 
642033 
642035 
510963 
642037 
642040 
510968 
642042 
642044 
642047 
510975 
642049 
642051 
510980 
642054 
642056 
510984 
642058 
642061 
642062 
642063 
510991 
642065 
642067 
510995 
642069 
510998 
642072 
642074 
511003 
642076 
642079 
511008 
642081 
642083 
511012 
642086 
642088 
642090 
511019 
642092 
642095 
511024 
642098 
642100 
511028 
642103 
642106 
511035 
642109 
642112 
511040 
511043 
642117 
642119 
511048 
642121 
511050 
642123 
511052 
642126 
511054 
642128 
511057 
642130 
511059 
642132 
511061 
642135 
511063 
642138 
511066 
642141 
511069 
642144 
511072 
511075 
642149 
642151 
511080 
642153 
511082 
642155 
511084 
642158 
511086 
642160 
511089 
642162 
511091 
642164 
511093 
642167 
511095 
642169 
511098 
642171 
642173 
511101 
642176 
511104 
642178 
511107 
642180 
642182 
511112 
642185 
511114 
642188 
511116 
511118 
642191 
511121 
642194 
511123 
511125 
642199 
511127 
642201 
511130 
642203 
642205 
511133 
642208 
511136 
642210 
511139 
642212 
642214 
511144 
642217 
511146 
642220 
511148 
511150 
642223 
511153 
642226 
511155 
511157 
642231 
511159 
642233 
511162 
642235 
642237 
511165 
642240 
511168 
642242 
511171 
642244 
642246 
511176 
642249 
511178 
642252 
511180 
511182 
642255 
511185 
642258 
511187 
511189 
642263 
511191 
642265 
511194 
642267 
642269 
511197 
642272 
511200 
642274 
511203 
642276 
642278 
511208 
642281 
511210 
642283 
511212 
642285 
511214 
642287 
511217 
642290 
511219 
642292 
511221 
642294 
511223 
642296 
511226 
642299 
642301 
511229 
642303 
511232 
642305 
511235 
642308 
642311 
511240 
642314 
511242 
511244 
642317 
511246 
511249 
642322 
511251 
642324 
511253 
642326 
511255 
642328 
511258 
642331 
642333 
511261 
642335 
511264 
642337 
511267 
642340 
642342 
642344 
511272 
642346 
511274 
511276 
642349 
511278 
642351 
642353 
511281 
642355 
511283 
511285 
642358 
511287 
642360 
642362 
511290 
642364 
511293 
642367 
511296 
642369 
642371 
511299 
642373 
642376 
511304 
642377 
642378 
511306 
642379 
642380 
511308 
642382 
511310 
642384 
511313 
642386 
511315 
642389 
511317 
642391 
511319 
642393 
511322 
642395 
511325 
642398 
642400 
511328 
642402 
511331 
642404 
642407 
511336 
511338 
642412 
511340 
511342 
511345 
642418 
511347 
642420 
511349 
642422 
511351 
642424 
511354 
642427 
642429 
511357 
642431 
511360 
642433 
511363 
642436 
642438 
642440 
511368 
642442 
511370 
511372 
642445 
511374 
642447 
642449 
511377 
642451 
511379 
511381 
642454 
511383 
642456 
642458 
511386 
642460 
511389 
642463 
511392 
642465 
642467 
511395 
642469 
642472 
511400 
511402 
642476 
511404 
511406 
642480 
511409 
511411 
642484 
511413 
511415 
511418 
642491 
642493 
511421 
642495 
511424 
642497 
511427 
642500 
642502 
642504 
511432 
642506 
511434 
511436 
642509 
511438 
642513 
511441 
511443 
642517 
511445 
511447 
642521 
511450 
511453 
642528 
511456 
642531 
511459 
642534 
511464 
642537 
511466 
511468 
642542 
511470 
642545 
511473 
511475 
642548 
511477 
642551 
511479 
511482 
642556 
511485 
642560 
511488 
511491 
642564 
642568 
511496 
511498 
511500 
511502 
642575 
642577 
511505 
642579 
511507 
642581 
511509 
511511 
642584 
511514 
642587 
511517 
642590 
511520 
642593 
511523 
642598 
511528 
642602 
511530 
511532 
642606 
511534 
511537 
642610 
511539 
511541 
511543 
642617 
511546 
642620 
511549 
642623 
511552 
642626 
511555 
642631 
511560 
642634 
511562 
511564 
642637 
511566 
642640 
511569 
511571 
642645 
511573 
511575 
642649 
511578 
642653 
511581 
511584 
642657 
511587 
642664 
511592 
642666 
511594 
642668 
511596 
642670 
511598 
642673 
511601 
642675 
511603 
642677 
511605 
642679 
511607 
642682 
511610 
511613 
642686 
511616 
642690 
511619 
642694 
511624 
511626 
511628 
642701 
511630 
642704 
511633 
642707 
511635 
511637 
642710 
511639 
511642 
642715 
642717 
511645 
642719 
511648 
642721 
511651 
642724 
642728 
511656 
511658 
642732 
511660 
511662 
642736 
511665 
511667 
511669 
642743 
511671 
642745 
511674 
642747 
642749 
511677 
642752 
511680 
642754 
511683 
642756 
642758 
511688 
642761 
511690 
511692 
642765 
511694 
642769 
511697 
511699 
642773 
511701 
511703 
511706 
642780 
511709 
642783 
511712 
642786 
511715 
642789 
511720 
642794 
511722 
511724 
642797 
511726 
642800 
511729 
642803 
511731 
511733 
511735 
642808 
511738 
642812 
511741 
642816 
511744 
511747 
642820 
511752 
511754 
642827 
511756 
642829 
511758 
642831 
642833 
511761 
511763 
642836 
511765 
642838 
511767 
642840 
642842 
511770 
511772 
642845 
511774 
511776 
642849 
511779 
642853 
511781 
511783 
642857 
511785 
511788 
511790 
642864 
511792 
511794 
642867 
511797 
642870 
511799 
642873 
511801 
511803 
642878 
511806 
511808 
642881 
511810 
642884 
511812 
642887 
511815 
511817 
511819 
642892 
511821 
642896 
511824 
511826 
642900 
511828 
511830 
642904 
511833 
511835 
511837 
642911 
511839 
642913 
511842 
642915 
511844 
642917 
511846 
642920 
511848 
642923 
511851 
511853 
642926 
511855 
642929 
511857 
511860 
642934 
511862 
642936 
511864 
642938 
511866 
642940 
511869 
642943 
511871 
511873 
642946 
511875 
642949 
511878 
642952 
511880 
511882 
511884 
642957 
511887 
642960 
511889 
642963 
511891 
511893 
642966 
511896 
511898 
642971 
511900 
642973 
511902 
642975 
511905 
642978 
511907 
642980 
511909 
642982 
511911 
642984 
511914 
642987 
511916 
642989 
511918 
642991 
511920 
642994 
511923 
642997 
511925 
511927 
643000 
511929 
511932 
643005 
511934 
643008 
511936 
511938 
643013 
511941 
511943 
511945 
643019 
511947 
511950 
511952 
643025 
511954 
643027 
511956 
643029 
511959 
643032 
511961 
643035 
511963 
511965 
643038 
511968 
643041 
511970 
643043 
511972 
643046 
511974 
643048 
511977 
643050 
511979 
643052 
511981 
643055 
511983 
643057 
511986 
643059 
511988 
643061 
511990 
643064 
511992 
643066 
511995 
643068 
511997 
643070 
511999 
643073 
512001 
643075 
512004 
643077 
512006 
643079 
512008 
643082 
512010 
643084 
512013 
643086 
512015 
643088 
512017 
643091 
512019 
643093 
512022 
643095 
512024 
643097 
512026 
643100 
512028 
643102 
512031 
643104 
512033 
643106 
512035 
643109 
512037 
643111 
512040 
643113 
512042 
643115 
512044 
643118 
512046 
643119 
643120 
643121 
512049 
643122 
512051 
643124 
512053 
643126 
512055 
643128 
512058 
643131 
512060 
512062 
643136 
512064 
512067 
643141 
512069 
512071 
512073 
643146 
512076 
512078 
512080 
512082 
643155 
512085 
512087 
643160 
512089 
512091 
643165 
512094 
512096 
643170 
512098 
512100 
512103 
512105 
643179 
512107 
643181 
512109 
643183 
512112 
643185 
512114 
643188 
512116 
643189 
643190 
512118 
643191 
643192 
512121 
643195 
512123 
512125 
643198 
512127 
643201 
512130 
512132 
643206 
512134 
512136 
643211 
512139 
512141 
512143 
643216 
512145 
512148 
643221 
512149 
512150 
512151 
512152 
512156 
643230 
643232 
512160 
643234 
643236 
512164 
643239 
643241 
643243 
512171 
643245 
512175 
643248 
512179 
643253 
512183 
643258 
512190 
643263 
512193 
512196 
512199 
643272 
643273 
643274 
643275 
643276 
512204 
643279 
512208 
643282 
512212 
643285 
512216 
643290 
643293 
512223 
643296 
643299 
512227 
512231 
643304 
512235 
643309 
643314 
512242 
512245 
643319 
512248 
512251 
643328 
512256 
643330 
643332 
512260 
643334 
512264 
643337 
643339 
512268 
643341 
643343 
643346 
512275 
643351 
512279 
512283 
643356 
512287 
643361 
512294 
512297 
643370 
643371 
643372 
512300 
643373 
643374 
512303 
643377 
643380 
512308 
643383 
512312 
643388 
512316 
643391 
512320 
643394 
643397 
512327 
512329 
643402 
512331 
512333 
643407 
512336 
512339 
643412 
512342 
643417 
512347 
512349 
512352 
643426 
643428 
512357 
643430 
512359 
643432 
512361 
643435 
512363 
643437 
512366 
643439 
512368 
643441 
512370 
643444 
512372 
512375 
643449 
512378 
512381 
643454 
512384 
643459 
512389 
512391 
512393 
512395 
643468 
643469 
643470 
512398 
643471 
643472 
512400 
512402 
643475 
512404 
643478 
512407 
643481 
512410 
512413 
643486 
512416 
643489 
643492 
512421 
643495 
512423 
512425 
512427 
643500 
512430 
512432 
643505 
512434 
512436 
643510 
512439 
512442 
643515 
512445 
512448 
643524 
512453 
643526 
512455 
643528 
512457 
643530 
512459 
643533 
512462 
643535 
512464 
643537 
512466 
643539 
512468 
643542 
512471 
512474 
643547 
512477 
643552 
512480 
643557 
512485 
512487 
512489 
512491 
643566 
512494 
643567 
643568 
512496 
643569 
643570 
512498 
512500 
643573 
512503 
643576 
512506 
643579 
512509 
643584 
512512 
643587 
512517 
643590 
512519 
643593 
512521 
512523 
643598 
512526 
512528 
512530 
643603 
512532 
512535 
643608 
512538 
643613 
512541 
512544 
512549 
643622 
512551 
643624 
512553 
643626 
512555 
643628 
512558 
643631 
512560 
643633 
512562 
643635 
512564 
643637 
512567 
643640 
512570 
643645 
512573 
512576 
643650 
512581 
643655 
512583 
512585 
512587 
512590 
643664 
512592 
643665 
643666 
512594 
643667 
643668 
512596 
643671 
512599 
643674 
512602 
643677 
512605 
512608 
643682 
643685 
512613 
512615 
643688 
512617 
643691 
512619 
512622 
643696 
512624 
512626 
512628 
643701 
512631 
643706 
512634 
512637 
643711 
512640 
512645 
512647 
643720 
512649 
643722 
512651 
643724 
643726 
512654 
512656 
643729 
512658 
643731 
512660 
643733 
643735 
512663 
643738 
512666 
512669 
643743 
512672 
643748 
512677 
512679 
643753 
512681 
512683 
512686 
512688 
643762 
512690 
643763 
643764 
512692 
643765 
643766 
512695 
643769 
512698 
643772 
512701 
643775 
512704 
643780 
512709 
643783 
512711 
512713 
643786 
512715 
643789 
512718 
512720 
643794 
512722 
512724 
643799 
512727 
512730 
643804 
512733 
512736 
643809 
512741 
512743 
512745 
643818 
512747 
643820 
643822 
512750 
643824 
512752 
512754 
643827 
512756 
643829 
643831 
512759 
643833 
512762 
643836 
512765 
512768 
643841 
512773 
643846 
512775 
512777 
643851 
512779 
512782 
512784 
512786 
643860 
512788 
643861 
643862 
643863 
512791 
643864 
512794 
643867 
512797 
643870 
512800 
643873 
512805 
643878 
512807 
643881 
512809 
512811 
643884 
512814 
643887 
512816 
512818 
643892 
512820 
512823 
643897 
512826 
512829 
643902 
512832 
643907 
512837 
512839 
512841 
512843 
643916 
643918 
512846 
643920 
512848 
643922 
512850 
512852 
643925 
643927 
512855 
643929 
512858 
643931 
512861 
643934 
512864 
643939 
512869 
512871 
643944 
512873 
512875 
643949 
512878 
512880 
512882 
512884 
643958 
643959 
512887 
643960 
643961 
643962 
512890 
643965 
512893 
643968 
512896 
643971 
512901 
512903 
643976 
512905 
643979 
512907 
643982 
512910 
512912 
643985 
512914 
512916 
643990 
512919 
512922 
643995 
512925 
644000 
512928 
644005 
512933 
512935 
512937 
512939 
644014 
512942 
644016 
512944 
644018 
512946 
644020 
512948 
644023 
512951 
644025 
512954 
644027 
644029 
512957 
644032 
512960 
644037 
512965 
512967 
512969 
644042 
512971 
512974 
644047 
512976 
512978 
512980 
512983 
644056 
644057 
644058 
512986 
644059 
644060 
512989 
644063 
512992 
644066 
644069 
512997 
512999 
513001 
644074 
513003 
644077 
513006 
644080 
513008 
513010 
644083 
513012 
513015 
644088 
513018 
644093 
513021 
513024 
644098 
513029 
644103 
513031 
513033 
513035 
513038 
644112 
513040 
644114 
513042 
644116 
513044 
644118 
513047 
644121 
513050 
644123 
644125 
513053 
644127 
513056 
644130 
513061 
644135 
513063 
513065 
513067 
644140 
513070 
513072 
644145 
513074 
513076 
513079 
644154 
513082 
644155 
644156 
644157 
513085 
644158 
513088 
644161 
644164 
513093 
644167 
513095 
513097 
513099 
644172 
513102 
644175 
513104 
644178 
513106 
513108 
644181 
513111 
513113 
644186 
513115 
644188 
513117 
644190 
644192 
513120 
644195 
513124 
513128 
513132 
513139 
644212 
644214 
513143 
644216 
644218 
513147 
644221 
644222 
644223 
513151 
644224 
644225 
513158 
644231 
513161 
644236 
513164 
513167 
644241 
513172 
644246 
513176 
513180 
644255 
513184 
644257 
644259 
644261 
513191 
644264 
644266 
513195 
644268 
644270 
513199 
644273 
513203 
644279 
513210 
644284 
513213 
513216 
513219 
644293 
644294 
644295 
644296 
513224 
644297 
644300 
513228 
644303 
513232 
644306 
513236 
644311 
644314 
513243 
644317 
513247 
644322 
513251 
644327 
513255 
644332 
513262 
644337 
513265 
513268 
513271 
644346 
513276 
644349 
513278 
644352 
513280 
513282 
644355 
513285 
644360 
513288 
644363 
513291 
644366 
513294 
644369 
513299 
644374 
513302 
513305 
644379 
513308 
644384 
513313 
513315 
644389 
513317 
513320 
513322 
513324 
644398 
513326 
644401 
513329 
644404 
513332 
644407 
513335 
644412 
513340 
644415 
513343 
513345 
644418 
513348 
644421 
644426 
513356 
644429 
513359 
644432 
644435 
513363 
513365 
513367 
644440 
513369 
513372 
644445 
513374 
513376 
644450 
513378 
513381 
644455 
513384 
513387 
513390 
644464 
644467 
513395 
513397 
644470 
513399 
644473 
513401 
513404 
644478 
513406 
513408 
644482 
513410 
513413 
644486 
513416 
644490 
513419 
513422 
644497 
513427 
513429 
644502 
513431 
513433 
644507 
513436 
513438 
644512 
513440 
513442 
513445 
513448 
644521 
513451 
644524 
513454 
644527 
644530 
513459 
513461 
644535 
513463 
513465 
644538 
513468 
644541 
513470 
644544 
513472 
513474 
644549 
513477 
644552 
513480 
644555 
513483 
644558 
513486 
644563 
513491 
513493 
513495 
644568 
513497 
513500 
644573 
513502 
513504 
644578 
513506 
513509 
513512 
644587 
513515 
644590 
513518 
644593 
513523 
644596 
513525 
513527 
644601 
513529 
513532 
644605 
513534 
513536 
644609 
513538 
644613 
513541 
513544 
513547 
644620 
513550 
644625 
513555 
513557 
644630 
513559 
513561 
644635 
513564 
513566 
513568 
513570 
644644 
513573 
644647 
513576 
644650 
513579 
644653 
513582 
644658 
513587 
644661 
513589 
513591 
644664 
513593 
644667 
513596 
513598 
644672 
513600 
513602 
644675 
513605 
644678 
513608 
644681 
513611 
644686 
513614 
644691 
513619 
513621 
513623 
644696 
513625 
513628 
644701 
513630 
513632 
513634 
513637 
644710 
513640 
644713 
513643 
644716 
513646 
644719 
513651 
644724 
513653 
513655 
644728 
513657 
644732 
513660 
513662 
644736 
513664 
513666 
513669 
644743 
513672 
513675 
644748 
513678 
644753 
513683 
513685 
644758 
513687 
513689 
513692 
513694 
644767 
513696 
644770 
513698 
644773 
513701 
644776 
513704 
513707 
644781 
513710 
644784 
644787 
513715 
513717 
644790 
513719 
513721 
644795 
513724 
644798 
513726 
513728 
644801 
513730 
644804 
513733 
513736 
644809 
513739 
644814 
513742 
644819 
513747 
513749 
513751 
644824 
513753 
513756 
513758 
513760 
644833 
513762 
644836 
513765 
644839 
513768 
644842 
513771 
513774 
644847 
644851 
513779 
513781 
644855 
513783 
513785 
644859 
513788 
513790 
513792 
644866 
513794 
513797 
644871 
513800 
513803 
644876 
513806 
644881 
513811 
513813 
513815 
513817 
644890 
513820 
644893 
513822 
644896 
513824 
513826 
644899 
513829 
644904 
513832 
644907 
513835 
644910 
513838 
644913 
513843 
513845 
644918 
513847 
644921 
513849 
644924 
513852 
513854 
644927 
513856 
513858 
644932 
513861 
513864 
644937 
513867 
644942 
513870 
644947 
513875 
513877 
513879 
513881 
644956 
513884 
644958 
513886 
644960 
513888 
644962 
513890 
644965 
513893 
644968 
513896 
644971 
513899 
644974 
513902 
644979 
513907 
513909 
513911 
644984 
513913 
513916 
644989 
513918 
513920 
644994 
513922 
513925 
513928 
645003 
513931 
645004 
645005 
645006 
513934 
645007 
645010 
513939 
645013 
513941 
513943 
645016 
513945 
513948 
645021 
513950 
645024 
513952 
513954 
645027 
513957 
645030 
513960 
645035 
513963 
645037 
513966 
645039 
645041 
513971 
645044 
513973 
513975 
645049 
513977 
513980 
645054 
513982 
513984 
513986 
645059 
513989 
513992 
513995 
645068 
513998 
645072 
514003 
645076 
514005 
514007 
645080 
514009 
514012 
514014 
645087 
514016 
514018 
645091 
514021 
645095 
514024 
645099 
514027 
514030 
645106 
514035 
645108 
514037 
645110 
514039 
645112 
514041 
645115 
645116 
514044 
645117 
645118 
514046 
645119 
514048 
645122 
514050 
645125 
514053 
645128 
514056 
514059 
645133 
514062 
645138 
514067 
514069 
645143 
514071 
514073 
645148 
514076 
514078 
514080 
514082 
645157 
514085 
645159 
514087 
645161 
514089 
645163 
514091 
645166 
514094 
645168 
514096 
645170 
514098 
645172 
514100 
645175 
514103 
514105 
514107 
645180 
514109 
514112 
645185 
514114 
514116 
645190 
514118 
514121 
514124 
645199 
514127 
645200 
645201 
645202 
514130 
645203 
645206 
514135 
645209 
514137 
514139 
645212 
514141 
514144 
645217 
514147 
645220 
514150 
645223 
514153 
645226 
514158 
645231 
514161 
645236 
514164 
514167 
645241 
514172 
645246 
514174 
514176 
514178 
514181 
645255 
514184 
645257 
645259 
514187 
645261 
514190 
645264 
645266 
514195 
645268 
514197 
645270 
514199 
645273 
514201 
514204 
645278 
514208 
645283 
514212 
645288 
514216 
514223 
645297 
645298 
514226 
645299 
645300 
645301 
514229 
645304 
514232 
645307 
514237 
645310 
514241 
645315 
514245 
645318 
645321 
514249 
645324 
514256 
645329 
645331 
514259 
645333 
514262 
645335 
514265 
645338 
514270 
645344 
514274 
514278 
645353 
514282 
645355 
645357 
645359 
514289 
645362 
645363 
645364 
514292 
645365 
645366 
514295 
514298 
645373 
514303 
645378 
514307 
645383 
514311 
514315 
645388 
514322 
514324 
645397 
514326 
645400 
514328 
645403 
514331 
645406 
514335 
645411 
514339 
645414 
514343 
645417 
645420 
514350 
645425 
514353 
514356 
645431 
514359 
645436 
514364 
514368 
514372 
645445 
645448 
514376 
645451 
645454 
514383 
514386 
645459 
514389 
645462 
514392 
645465 
645468 
514397 
645473 
514401 
645476 
514405 
645479 
514409 
645484 
514416 
645490 
514419 
645493 
514422 
645496 
514425 
645499 
514430 
645504 
514434 
645507 
645510 
514438 
645513 
514442 
645518 
514449 
645524 
514452 
514455 
645529 
514458 
514463 
645538 
514467 
645540 
645542 
514471 
645544 
645547 
514475 
645552 
514482 
514486 
645559 
514490 
645565 
514494 
645570 
514501 
514504 
645579 
514507 
645582 
514510 
645585 
514515 
645588 
514518 
645593 
514521 
514524 
645598 
514529 
645603 
514532 
514535 
645608 
514538 
514543 
645617 
514545 
514547 
645620 
514549 
645623 
514552 
645626 
514554 
514556 
514558 
645631 
514561 
645636 
514566 
645641 
514571 
645646 
514576 
645655 
645657 
514585 
645659 
645661 
514589 
645664 
514593 
645667 
514597 
645670 
645673 
514604 
645678 
514607 
645681 
514610 
645684 
514613 
645687 
514618 
645692 
645694 
514623 
645696 
645698 
514628 
645701 
514633 
645706 
645711 
514642 
645716 
514646 
514650 
645725 
514654 
645729 
645733 
514661 
514663 
645737 
514665 
514667 
514670 
645744 
514674 
645748 
514678 
645752 
514682 
645756 
514689 
645763 
645765 
514693 
645767 
645769 
514697 
645772 
645773 
514701 
645774 
645775 
645776 
645779 
514708 
645782 
514711 
645785 
514714 
514717 
645790 
514722 
645795 
514726 
645800 
514730 
645805 
514734 
514741 
645814 
645816 
514745 
645818 
645820 
514749 
645823 
645825 
514753 
645827 
645829 
645832 
514760 
514763 
645837 
514766 
514769 
645842 
514774 
645847 
514778 
514782 
645856 
645857 
645858 
514786 
645859 
645860 
645863 
514793 
645866 
645869 
514797 
514801 
645874 
645877 
514805 
645880 
645883 
514812 
514815 
645888 
645890 
514818 
645892 
514821 
645894 
645897 
514826 
514828 
645902 
514830 
514832 
645907 
514835 
514837 
514839 
645912 
514841 
514844 
514847 
645921 
514850 
645925 
514853 
645929 
514858 
514860 
645933 
514862 
514865 
514867 
645940 
514869 
645942 
514871 
645944 
645946 
514874 
645949 
645950 
514878 
645951 
645952 
645953 
514881 
645957 
514886 
645961 
514889 
514892 
645965 
514894 
514896 
514899 
645972 
514903 
645977 
514906 
645982 
514911 
514914 
645987 
514917 
514919 
514921 
645996 
514924 
514927 
646000 
514929 
646004 
514932 
514934 
646008 
514936 
514939 
514941 
646015 
514944 
646018 
514947 
646021 
646024 
514952 
514954 
514956 
646029 
514959 
646034 
514962 
514965 
646039 
514969 
646044 
514972 
514977 
514979 
646053 
514981 
514983 
646056 
514986 
646059 
514988 
646062 
514990 
514992 
646067 
514995 
646070 
514998 
646073 
515001 
646076 
515004 
646081 
515009 
515011 
646084 
515013 
646087 
515015 
646090 
515018 
515020 
515022 
646095 
515024 
646098 
515027 
646101 
515030 
646104 
515033 
515036 
646109 
646112 
515041 
646115 
515043 
515045 
646118 
515047 
515050 
646123 
515052 
646126 
515054 
515056 
646129 
515059 
646132 
515062 
646137 
515065 
515068 
646141 
646145 
515073 
515075 
646149 
515077 
515079 
515082 
646156 
515084 
646158 
515086 
646160 
515088 
646162 
515091 
646165 
515094 
646167 
646169 
515097 
646171 
515100 
646174 
646177 
515105 
515107 
646180 
515109 
646183 
515111 
515114 
646188 
515116 
515118 
646191 
515120 
646194 
515123 
646197 
515126 
515129 
646202 
646203 
646204 
515132 
646205 
646206 
646208 
515137 
646210 
515139 
646212 
515141 
646215 
515143 
515146 
646220 
515148 
515150 
515152 
646225 
515155 
646230 
515158 
515161 
515164 
646239 
515169 
646243 
515171 
515173 
646247 
515175 
515178 
646251 
515180 
515182 
515184 
646258 
515187 
646262 
515190 
515193 
646266 
515196 
646270 
515201 
515203 
646277 
515205 
646279 
515207 
646281 
515210 
646283 
515212 
646286 
515214 
646287 
646288 
515216 
646289 
646290 
515219 
646293 
515222 
646296 
515225 
646299 
515228 
646304 
515233 
515235 
646309 
515237 
515239 
646314 
515242 
515244 
515246 
646319 
515248 
515251 
515254 
646328 
515257 
646330 
646332 
515260 
646334 
646337 
515265 
646339 
515267 
646341 
515269 
646343 
515271 
646346 
515274 
515276 
515278 
646351 
515280 
515283 
646356 
515286 
646361 
515289 
515292 
515297 
646370 
646371 
515299 
646372 
646373 
515301 
646374 
515303 
646377 
515306 
646380 
515308 
515310 
646383 
515312 
515315 
646388 
515318 
646391 
515321 
646394 
515324 
646397 
515329 
646402 
515331 
646404 
515333 
646406 
515335 
646408 
515338 
646411 
515340 
515342 
646416 
515344 
515347 
646421 
515350 
515353 
646426 
515356 
515361 
646435 
515363 
515365 
515367 
646440 
515370 
515372 
646445 
515374 
515376 
646450 
515379 
515382 
515385 
646459 
515388 
646461 
646463 
646465 
515393 
515395 
646468 
646469 
515397 
646470 
646471 
515399 
646472 
515402 
646475 
515404 
646478 
515406 
515408 
646481 
515411 
646486 
515414 
515417 
646491 
515420 
646496 
515425 
515427 
646501 
515429 
515431 
515434 
515436 
646510 
515438 
515440 
646514 
515443 
646518 
515446 
515449 
646522 
515452 
646529 
515457 
515459 
646532 
515461 
646535 
515463 
646538 
515466 
515468 
515470 
646543 
515472 
515475 
646548 
515478 
646553 
515481 
515484 
646558 
515489 
515491 
515493 
646567 
515495 
646570 
515498 
515500 
646573 
515502 
646576 
515504 
515507 
646581 
515510 
646584 
515513 
646587 
515516 
646590 
515521 
646595 
515523 
515525 
646598 
515527 
646601 
515530 
646604 
515532 
515534 
515536 
646609 
515539 
646612 
515542 
646615 
515545 
646618 
515548 
646623 
515553 
646626 
515555 
646629 
515557 
515559 
646632 
515562 
515564 
646637 
515566 
646640 
515568 
646643 
515571 
646646 
515574 
515577 
646651 
515580 
646655 
515585 
646659 
515587 
515589 
646663 
515591 
515594 
515596 
646670 
515598 
646672 
515600 
646674 
515603 
646676 
515606 
646679 
646681 
515609 
646683 
515612 
646686 
515617 
646690 
515619 
515621 
646695 
515623 
646698 
515626 
515628 
646701 
515630 
515632 
646706 
646707 
515635 
646708 
646709 
515637 
646711 
515639 
646713 
515641 
646716 
515644 
515646 
646719 
515648 
646722 
515650 
646723 
646724 
646725 
515653 
646727 
515655 
646729 
515657 
646731 
515659 
646734 
515662 
515664 
515666 
646739 
515668 
515671 
646744 
515673 
515675 
646749 
515677 
515680 
515682 
515684 
646758 
515686 
515689 
646762 
515692 
646766 
515695 
646770 
515698 
515703 
646777 
515705 
515707 
646781 
515709 
515712 
646785 
515714 
515716 
646789 
515718 
515721 
646796 
515724 
646798 
515727 
646800 
646802 
515730 
646805 
646806 
646807 
515735 
646808 
646809 
515737 
515739 
646812 
515741 
646815 
515744 
646818 
515746 
515748 
515750 
646823 
515753 
646828 
515756 
515759 
646833 
515762 
646838 
515767 
515769 
515771 
515773 
646847 
515776 
646849 
515778 
646851 
515780 
646853 
515782 
646856 
515785 
646858 
646860 
515788 
646862 
515791 
646865 
515794 
646870 
515799 
515801 
646875 
515803 
515805 
646880 
515808 
515810 
515812 
515814 
646889 
515817 
646890 
646891 
646892 
515820 
646893 
515823 
646896 
515826 
646899 
646902 
515831 
515833 
646907 
515835 
515837 
646910 
515840 
646913 
515842 
646916 
515844 
515846 
646921 
515849 
646923 
515852 
646925 
646927 
515855 
646930 
515858 
646933 
515863 
646936 
515865 
646939 
515867 
515869 
646944 
515872 
515874 
646948 
515876 
515878 
646952 
515881 
646956 
515884 
515887 
515890 
646963 
646965 
646967 
515895 
646969 
515897 
515899 
646972 
646973 
515901 
646974 
646975 
646976 
515904 
515906 
646979 
515908 
646982 
515910 
646985 
515913 
515916 
646990 
515919 
515922 
646995 
515927 
647000 
515929 
515931 
647005 
515933 
515936 
515938 
515940 
647014 
515942 
515945 
647018 
515948 
647022 
515951 
647026 
515954 
515959 
647033 
515961 
515963 
647036 
515965 
647039 
515968 
647042 
515970 
515972 
515974 
647047 
515977 
647052 
515980 
515983 
647057 
515986 
647062 
515991 
515993 
515995 
515997 
647071 
516000 
647074 
516002 
516004 
647077 
516006 
647080 
516009 
516012 
647085 
516015 
647088 
516018 
647091 
647094 
516023 
516025 
647099 
516027 
516029 
647102 
516032 
647105 
516034 
647108 
516036 
516038 
647113 
516041 
516044 
647117 
516047 
647120 
516050 
647125 
516055 
647128 
516057 
647131 
516059 
516061 
647134 
516064 
516066 
647139 
516068 
516070 
647145 
516073 
516075 
516077 
647151 
516079 
516082 
647158 
516086 
647161 
516090 
647164 
647166 
516094 
647168 
647170 
647173 
516101 
647176 
516105 
647179 
516109 
647182 
516113 
647187 
647190 
516120 
647193 
516123 
647198 
516126 
647199 
647200 
647201 
516129 
647205 
516134 
647209 
516138 
516142 
647217 
516146 
647221 
647224 
516153 
647229 
516157 
647233 
516161 
647236 
516165 
647241 
647243 
516172 
647245 
516174 
647247 
516176 
647250 
516178 
647253 
516181 
647256 
516185 
647259 
516189 
647264 
516193 
647267 
647270 
516200 
647273 
516204 
647278 
516208 
647281 
647284 
516212 
647287 
516219 
647292 
647294 
516222 
647296 
516225 
647298 
516228 
647301 
647303 
647305 
516233 
647307 
516237 
647310 
647313 
516241 
647316 
516245 
647319 
647324 
516252 
647327 
516256 
647330 
516260 
647333 
516264 
647338 
647341 
516271 
647344 
516274 
647347 
516277 
647352 
516280 
647354 
647356 
516285 
647358 
647361 
516289 
647363 
647365 
516293 
647367 
516297 
647370 
647373 
647376 
516304 
647379 
516308 
647384 
516312 
647387 
516316 
647390 
647393 
516323 
647398 
516326 
647401 
516329 
647404 
516332 
647407 
516337 
516339 
647412 
516341 
647414 
516343 
647416 
647418 
516346 
516348 
647421 
516350 
647423 
516352 
647425 
647427 
516355 
647430 
516358 
647433 
516361 
647436 
516364 
647439 
516369 
516371 
647444 
516373 
647447 
516375 
647450 
516378 
516380 
647453 
516382 
516384 
647458 
516387 
647461 
516390 
647464 
516393 
647467 
516396 
647472 
516401 
647474 
516403 
647476 
516405 
647478 
516407 
647481 
516410 
516412 
647485 
516414 
647488 
516416 
516419 
647493 
516422 
647496 
516425 
647499 
516428 
647501 
647503 
516433 
647506 
516435 
647509 
516437 
516439 
647512 
516442 
647515 
516444 
516446 
647520 
516448 
516451 
647525 
516453 
516455 
516457 
647530 
516460 
647535 
516465 
516471 
647544 
516473 
516475 
647548 
516478 
647552 
516481 
647556 
516484 
516488 
647563 
516491 
647567 
516496 
516498 
647571 
516500 
516502 
647575 
516505 
516507 
516509 
647582 
516511 
647584 
647586 
516514 
647588 
516517 
647591 
647592 
516520 
647593 
647594 
647595 
516523 
647598 
516528 
647601 
516530 
647604 
516532 
516534 
647609 
516537 
516539 
516541 
647614 
516543 
516546 
647619 
516549 
647624 
516552 
516555 
516560 
647633 
516562 
647635 
516564 
647637 
516566 
647639 
516569 
647642 
516571 
647644 
516573 
647646 
516575 
647648 
516578 
647651 
516581 
647656 
516584 
516587 
647661 
516592 
647666 
516594 
516596 
516598 
516601 
647675 
516603 
647676 
647677 
516605 
647678 
647679 
516607 
647682 
516610 
647685 
516613 
647688 
516616 
516619 
647693 
647696 
516624 
516626 
647699 
516628 
647702 
516630 
516633 
647707 
516635 
516637 
647711 
516639 
516642 
647715 
516645 
647719 
516648 
516651 
647726 
516656 
516658 
647731 
516660 
516662 
647736 
516665 
516667 
647741 
516669 
516671 
516674 
516677 
647750 
647752 
516680 
647754 
516683 
647756 
647759 
516688 
647761 
516690 
647763 
516692 
647765 
516694 
647768 
647769 
516697 
647770 
647771 
516699 
647772 
516701 
647775 
516703 
647778 
516706 
647781 
516709 
516712 
647786 
516715 
647788 
647790 
647792 
516720 
516722 
647795 
516724 
516726 
647800 
516729 
516731 
647805 
516733 
516735 
647810 
516738 
516741 
516744 
647819 
516747 
647823 
516752 
516754 
647827 
516756 
516758 
647831 
516761 
516763 
516765 
647838 
516767 
647841 
516770 
647844 
516773 
647847 
516776 
516779 
647852 
516784 
647857 
516786 
516788 
647862 
516790 
516793 
647867 
516795 
516797 
516799 
516802 
647876 
516805 
647879 
516808 
647882 
516811 
647885 
516816 
647890 
516818 
516820 
647893 
516822 
647896 
516825 
647899 
516827 
516829 
516831 
647904 
516834 
647907 
516837 
647910 
516840 
647913 
516843 
647918 
516848 
647921 
516850 
647924 
516852 
516854 
647927 
516857 
516859 
647932 
516861 
516863 
647936 
516866 
647940 
516869 
647944 
516872 
516875 
647951 
516880 
647954 
516882 
516884 
647957 
516886 
647960 
516889 
516891 
647965 
516893 
516895 
647969 
516898 
647973 
516901 
516904 
647977 
516907 
647984 
516912 
647986 
516914 
647988 
516916 
647990 
516918 
647993 
516921 
516923 
647996 
516925 
647999 
516927 
648002 
516930 
516933 
648007 
516936 
648011 
516939 
648016 
516944 
516946 
648019 
516948 
648022 
516950 
516953 
648027 
516955 
648028 
648029 
516957 
648030 
516959 
648032 
648034 
516962 
648036 
516965 
648039 
516968 
648042 
516971 
648045 
648048 
516976 
516978 
516980 
648053 
516982 
648056 
516985 
648059 
516987 
516989 
648062 
516991 
516994 
648067 
516997 
648070 
517000 
648073 
517003 
648076 
517008 
648081 
517010 
648083 
517012 
648085 
517014 
648087 
517017 
648090 
517019 
517021 
648094 
517023 
648098 
517026 
517029 
648102 
517032 
517035 
648109 
517040 
648113 
517042 
517044 
648117 
517046 
648121 
517049 
517051 
517053 
517055 
648128 
517058 
648131 
517061 
648134 
517064 
648137 
517067 
648142 
517072 
648145 
517074 
648148 
517076 
517078 
648151 
517081 
517083 
648156 
517085 
517087 
648160 
517090 
648164 
517093 
648168 
517096 
517099 
648175 
517104 
648177 
517106 
648179 
517108 
648181 
517110 
648184 
517113 
648187 
517115 
517117 
648190 
517119 
648193 
517122 
517125 
648198 
517128 
648203 
517131 
648208 
517136 
517138 
517140 
648213 
517142 
517145 
517147 
517149 
648222 
517151 
648225 
517154 
648228 
517156 
517158 
648231 
517160 
517163 
648236 
517165 
648239 
517167 
517169 
648242 
517172 
648245 
517174 
517176 
648250 
517178 
648253 
517181 
517183 
648256 
517185 
517187 
648261 
517190 
517192 
648266 
517194 
517196 
648270 
517199 
517201 
517203 
648277 
517205 
517208 
648282 
517211 
517214 
648287 
517217 
648292 
517222 
517224 
517226 
517228 
648301 
517231 
648304 
517233 
648307 
517235 
517237 
648310 
517240 
648315 
517243 
648318 
517246 
648321 
517249 
648324 
517254 
517256 
648329 
517258 
648332 
517260 
648335 
517263 
517265 
648338 
517267 
517269 
648343 
517272 
648347 
517275 
517278 
648351 
517281 
648355 
517286 
517288 
648362 
517290 
517292 
648365 
517295 
648368 
517297 
648371 
517299 
517301 
648376 
517304 
648378 
517307 
648380 
648382 
517310 
648385 
517313 
648388 
517318 
648391 
517320 
648394 
517322 
517324 
648399 
517327 
517329 
648403 
517331 
517333 
648407 
517336 
648411 
517339 
517342 
517345 
648418 
648421 
517350 
648424 
517353 
648427 
517356 
517359 
648432 
648435 
517364 
648438 
517368 
648441 
517372 
648446 
517376 
648449 
648452 
648455 
517383 
517387 
648460 
648462 
517391 
648464 
648466 
517395 
648469 
648472 
517402 
648475 
648478 
517407 
648483 
517412 
648488 
517417 
648493 
648498 
517426 
517429 
517432 
648507 
517435 
648511 
517440 
648515 
517444 
648519 
517448 
517452 
648526 
648530 
517459 
648534 
517463 
648538 
517467 
517471 
648545 
648547 
648549 
517478 
648551 
648554 
648555 
517483 
648556 
648557 
648558 
517488 
648561 
648564 
517493 
648567 
648572 
517502 
648577 
517505 
517508 
648582 
517511 
648587 
517516 
517519 
517522 
648596 
517525 
648598 
648600 
648602 
517530 
648605 
517534 
648607 
648609 
517538 
648611 
648614 
517542 
648619 
517549 
648624 
517553 
648629 
517557 
517561 
648638 
648639 
648640 
517568 
648641 
648642 
517570 
517572 
648645 
517574 
648648 
517577 
648651 
517579 
517581 
517583 
648656 
517586 
648659 
517589 
648662 
517592 
648665 
517595 
648670 
517600 
517602 
648675 
517604 
517606 
648680 
517609 
517611 
648685 
517613 
517615 
517618 
517621 
648694 
648696 
517624 
648698 
517627 
648700 
648703 
517632 
648705 
517634 
648707 
517636 
648709 
517638 
648712 
517641 
517643 
648716 
517645 
517647 
648720 
517650 
648724 
517653 
517656 
648731 
517659 
648732 
648733 
648734 
648735 
517664 
648738 
517666 
517668 
648741 
517670 
648744 
517673 
517675 
648749 
517677 
648751 
517679 
648753 
517682 
648755 
517685 
648758 
517688 
648761 
517691 
648764 
648767 
517696 
517698 
648772 
517700 
517702 
648777 
517705 
517707 
517709 
648782 
517711 
517714 
648787 
517717 
517720 
517723 
648796 
648800 
517728 
517730 
648804 
517732 
517734 
648808 
517737 
517739 
517741 
648815 
517743 
517746 
648819 
517749 
648823 
517752 
648827 
517755 
517760 
648834 
517762 
648836 
517764 
648838 
517766 
648840 
517769 
648843 
517771 
648844 
648845 
517773 
648846 
648847 
517775 
648850 
517778 
648853 
517781 
648856 
517784 
517787 
648861 
648864 
517792 
517794 
648867 
517796 
648870 
517798 
517801 
648875 
517803 
517805 
517807 
517810 
517812 
517814 
517816 
648889 
517819 
648895 
517823 
517827 
648901 
517831 
648910 
517838 
648913 
517842 
648916 
517846 
648919 
517850 
648924 
648926 
648928 
517857 
648930 
517860 
648933 
517863 
648937 
517866 
648942 
517871 
648945 
517875 
648948 
648951 
517879 
517883 
648956 
648959 
648962 
517890 
648965 
517894 
648970 
517898 
648972 
648974 
517902 
648976 
648979 
517909 
648982 
517911 
648985 
517913 
517915 
648988 
517918 
648993 
517922 
648996 
517926 
648999 
649002 
517930 
649007 
649009 
517937 
649011 
649013 
517941 
649016 
517945 
649019 
517949 
649022 
649025 
517956 
649030 
517959 
649033 
517962 
649036 
517965 
649039 
517970 
649044 
649046 
517974 
649048 
649050 
517978 
649053 
517982 
649056 
649059 
517989 
649062 
517993 
649067 
517997 
649070 
649073 
518001 
649076 
518008 
649081 
649083 
518011 
649085 
518014 
649087 
518017 
649090 
649093 
518022 
649096 
518026 
649099 
518030 
649104 
518034 
649107 
649110 
649113 
518041 
518045 
649118 
649120 
518049 
649122 
649124 
518053 
649127 
649130 
518060 
649133 
518063 
649136 
518066 
649141 
518069 
649146 
518074 
518076 
518078 
649151 
518080 
518083 
649156 
518085 
518087 
518089 
518092 
649165 
518095 
649170 
518098 
518101 
649175 
518106 
649180 
518108 
518110 
518112 
518115 
649189 
518117 
518119 
518121 
649194 
518124 
649199 
518127 
518130 
649204 
518133 
518138 
518140 
649213 
518142 
518144 
649218 
518147 
518149 
649223 
518151 
518153 
649228 
518156 
518159 
518162 
649237 
518165 
649240 
518170 
649243 
518172 
649246 
518174 
518176 
649251 
518179 
518181 
649254 
518183 
649257 
518185 
649260 
518188 
518190 
518192 
649265 
518194 
518197 
649270 
518202 
649275 
649280 
518208 
518210 
518212 
518215 
649289 
518218 
649292 
518221 
649295 
518225 
649298 
518228 
649303 
518233 
649307 
518235 
518237 
649311 
518239 
518242 
649315 
518244 
518246 
518248 
649322 
518251 
649326 
518254 
518257 
649330 
518260 
649334 
518265 
518267 
649341 
518269 
649343 
518271 
649345 
518274 
649347 
518276 
649350 
518278 
649351 
649352 
518280 
649353 
649354 
518283 
649357 
518286 
649360 
518289 
649363 
518292 
649368 
518297 
518299 
649373 
518301 
518303 
649378 
518306 
518308 
518310 
649383 
518312 
518315 
518318 
649392 
518321 
649394 
649396 
518324 
649398 
649401 
518329 
649403 
518331 
649405 
518333 
649407 
518335 
649410 
518338 
518340 
518342 
649415 
518344 
518347 
649420 
518350 
649425 
518353 
518356 
518361 
649434 
649435 
518363 
649436 
649437 
518365 
649438 
518367 
649441 
518370 
649444 
518372 
518374 
649447 
518376 
518379 
649452 
518382 
649455 
518385 
649458 
518388 
649461 
518393 
649466 
518395 
518397 
649471 
518399 
518402 
649476 
518404 
518406 
518408 
649481 
518411 
518414 
518417 
649490 
649492 
518420 
649494 
649496 
518425 
649499 
518427 
649501 
518429 
649503 
518431 
649505 
518434 
649508 
518436 
518438 
649512 
518440 
518443 
649516 
518446 
649520 
518449 
518452 
649527 
649528 
649529 
518457 
649530 
649531 
518459 
518461 
649534 
518463 
649537 
518466 
649540 
518468 
518470 
518472 
649545 
649547 
518475 
649549 
518478 
649551 
518481 
649554 
518484 
649559 
518489 
518491 
649564 
518493 
518495 
649569 
518498 
518500 
518502 
518504 
649578 
518507 
649580 
649582 
518510 
649584 
518513 
649587 
518516 
649589 
649591 
649593 
518521 
518523 
649596 
518525 
518527 
649601 
518530 
518532 
649606 
518534 
518536 
649611 
518539 
518542 
518545 
649620 
518548 
649621 
649622 
649623 
649624 
518553 
649627 
518555 
518557 
649630 
518559 
649633 
518562 
518564 
649638 
518566 
518568 
649641 
518571 
649644 
518574 
649647 
518577 
649652 
518580 
649655 
518585 
649658 
518587 
649661 
518589 
518591 
649666 
518594 
518596 
518598 
649671 
518600 
518603 
649676 
518606 
649681 
518609 
518612 
518617 
649690 
518619 
518621 
649694 
518623 
649698 
518626 
518628 
649702 
518630 
518632 
518635 
649709 
518638 
649713 
518641 
518644 
649717 
649721 
518649 
518651 
518653 
518655 
649728 
649730 
518658 
649732 
518660 
649734 
518662 
518664 
649737 
649738 
649739 
518667 
649740 
649741 
518670 
649744 
518673 
649747 
518676 
649750 
518681 
649755 
518683 
518685 
649758 
518687 
649761 
518690 
649764 
518692 
518694 
518696 
649769 
518699 
649774 
518702 
518705 
649779 
518708 
649784 
518713 
518715 
518717 
518719 
649793 
518722 
518724 
649797 
518726 
518728 
649801 
518731 
649805 
518734 
518737 
649812 
518740 
649816 
518745 
518747 
649820 
518749 
518751 
649824 
518754 
518756 
518758 
649831 
518760 
649833 
649835 
518763 
649837 
518766 
649840 
649841 
518769 
649842 
649843 
649844 
518772 
649847 
518777 
649850 
518779 
649853 
518781 
518783 
649858 
518786 
518788 
649861 
518790 
649864 
518792 
649867 
518795 
518798 
649872 
518801 
518804 
649877 
518809 
649882 
518811 
518813 
649887 
518815 
518818 
518820 
518822 
649896 
518824 
518827 
649900 
518830 
649904 
518833 
649908 
518836 
518841 
649915 
518843 
518845 
649919 
518847 
518850 
649923 
518852 
518854 
649927 
518856 
518859 
649934 
518862 
649936 
518865 
649938 
649940 
518868 
649943 
649944 
649945 
518873 
649946 
649947 
518875 
518877 
649950 
518879 
649953 
518882 
649956 
518884 
518886 
518888 
649961 
518891 
649964 
518893 
649967 
518895 
518897 
649970 
518900 
518902 
649975 
518904 
518906 
649980 
518909 
518911 
649985 
518913 
518915 
649990 
518918 
518920 
518922 
518924 
649999 
518927 
518929 
650003 
518931 
518933 
650007 
518936 
518938 
650011 
518940 
518942 
518945 
650018 
518948 
650022 
518951 
650026 
518954 
650030 
518959 
518961 
518963 
650037 
518965 
650039 
518968 
650041 
518970 
650043 
518972 
650046 
518974 
650047 
650048 
650049 
518977 
650050 
518980 
650053 
518983 
650056 
518986 
650059 
518991 
650064 
518993 
650067 
518995 
518997 
650070 
519000 
650073 
519002 
519004 
650078 
519006 
519009 
650083 
519012 
519015 
650088 
519018 
650093 
519023 
519025 
519027 
519029 
650102 
519032 
650106 
519034 
519036 
650110 
519038 
519041 
650114 
519044 
519047 
650121 
519050 
650125 
519055 
650129 
519057 
519059 
650133 
519061 
519064 
519066 
650140 
519068 
650142 
519070 
650144 
519073 
650146 
519076 
650149 
650150 
650151 
519079 
650152 
650153 
519082 
650156 
650159 
519087 
650162 
519090 
519093 
650167 
519096 
650170 
650173 
519101 
650176 
519105 
650181 
519109 
519113 
650186 
650191 
519120 
519123 
650196 
519126 
519129 
650205 
519134 
650209 
519138 
650213 
519142 
650217 
519146 
650224 
519153 
650228 
519156 
519159 
650232 
519162 
650236 
519167 
650243 
519171 
650245 
650247 
519175 
650249 
519179 
650252 
650253 
650254 
650255 
650256 
519186 
650259 
519189 
650262 
519192 
650265 
519195 
650270 
519200 
650275 
519204 
650280 
519208 
519212 
650285 
519219 
650294 
519222 
650297 
519225 
650300 
519228 
650303 
519233 
650308 
519236 
519239 
650312 
519242 
650316 
519247 
650320 
519250 
519253 
650327 
519256 
650331 
519261 
650335 
519264 
650339 
519267 
519270 
650346 
519275 
650348 
519277 
650350 
519279 
650352 
519281 
650355 
650356 
519284 
650357 
650358 
519286 
650359 
519288 
650362 
519290 
650365 
519293 
650368 
519296 
519299 
650373 
519302 
650378 
519307 
519309 
650383 
519311 
519313 
650388 
519316 
519318 
519320 
519322 
650397 
519325 
519328 
650402 
519331 
519334 
650407 
519339 
650412 
519341 
519343 
519345 
519348 
650421 
519350 
650423 
519352 
650425 
519354 
650427 
519357 
650430 
650432 
519360 
650434 
519363 
650436 
519366 
650439 
650440 
650441 
650442 
650443 
519371 
519373 
650446 
519375 
650449 
519377 
650452 
519380 
519382 
519384 
650457 
519386 
650460 
519389 
650463 
519392 
650466 
519395 
519398 
650471 
519403 
650476 
519405 
519407 
650481 
519409 
519412 
650486 
519414 
519416 
519418 
519421 
650495 
519424 
650497 
650499 
519427 
650501 
519430 
650504 
650506 
519435 
650508 
519437 
650510 
519439 
650513 
519441 
519444 
650518 
519446 
519448 
519450 
650523 
519453 
650528 
519456 
519459 
519462 
650537 
650538 
650539 
519467 
650540 
650541 
519469 
519471 
650544 
519473 
650547 
519476 
650550 
519478 
519480 
519482 
650555 
519485 
650558 
519488 
650561 
519491 
650564 
519494 
650569 
519499 
650573 
519501 
519503 
650577 
519505 
519508 
650581 
519510 
519512 
519514 
650588 
519517 
650590 
519519 
650592 
519521 
650595 
519523 
650597 
519526 
650599 
650602 
519530 
650604 
650606 
519534 
650609 
519538 
650612 
650615 
519545 
650618 
519548 
650623 
519551 
650624 
650625 
650626 
519554 
650627 
650630 
519559 
650632 
519562 
650635 
650637 
519565 
650639 
519568 
650641 
650644 
519573 
650646 
650648 
519577 
650650 
650653 
519581 
650655 
650657 
519585 
650659 
650662 
650664 
519592 
650666 
519595 
650668 
519598 
650671 
650673 
519601 
650675 
650677 
519606 
650680 
519608 
650682 
519610 
650684 
519612 
650686 
519615 
650689 
650691 
519619 
650693 
650695 
519623 
650698 
519627 
650700 
650702 
650704 
519634 
650707 
519637 
650711 
519640 
650715 
519643 
650719 
519648 
519650 
519652 
650726 
519654 
650728 
519657 
650730 
650732 
519661 
650735 
650737 
519665 
650739 
650741 
519669 
650744 
650746 
650748 
519676 
650750 
519679 
650753 
519682 
650756 
519685 
650759 
650762 
519690 
519692 
519694 
650767 
650768 
519696 
650769 
650770 
650771 
519699 
650774 
519703 
650776 
650779 
519707 
650781 
650783 
519711 
650785 
650788 
519718 
650793 
519721 
519724 
519727 
650800 
650803 
519732 
650806 
519734 
519736 
650809 
519738 
650813 
519741 
519743 
519745 
650818 
650819 
519747 
650821 
519750 
650823 
519752 
650825 
519754 
650828 
519756 
650830 
519759 
650832 
650834 
519762 
650837 
519765 
519768 
650841 
650845 
519773 
519775 
650849 
519777 
519779 
519782 
650856 
519784 
650858 
519786 
650860 
519788 
650862 
519791 
650865 
519794 
650867 
650869 
519797 
650871 
519800 
650874 
650876 
519805 
650878 
519807 
650880 
519809 
650883 
519811 
650886 
519814 
519816 
650889 
519818 
650892 
519820 
519823 
650897 
650898 
519826 
650899 
650900 
650901 
519829 
650903 
519832 
650905 
650907 
519837 
650910 
519839 
650912 
519841 
650914 
519843 
650916 
519846 
650919 
519848 
650921 
519850 
650923 
519852 
650925 
519855 
650928 
519857 
650931 
519859 
519861 
650934 
519864 
650937 
519868 
650942 
519870 
650944 
519873 
650946 
650948 
519877 
650951 
650953 
519882 
650955 
519884 
650957 
519886 
650960 
519889 
650962 
650964 
519892 
650966 
519895 
650969 
650971 
519899 
650973 
519902 
650975 
650978 
519907 
650981 
519909 
519911 
650984 
519913 
650987 
519916 
519918 
650992 
519920 
650994 
519922 
650996 
519925 
650998 
519928 
651001 
651003 
519931 
651005 
519934 
651007 
651010 
519939 
651012 
519941 
651014 
519943 
651016 
519945 
651019 
519948 
651022 
519950 
519952 
651025 
519954 
651028 
519957 
519960 
651033 
519963 
651036 
519966 
651039 
651042 
519971 
519973 
651047 
519975 
519977 
651051 
519980 
519982 
651055 
519984 
519986 
651059 
519989 
519992 
651066 
519995 
651069 
519998 
651072 
651075 
520003 
520005 
520007 
651080 
520009 
651083 
520012 
651086 
520014 
520016 
651089 
520018 
520021 
651094 
651096 
520024 
651098 
520027 
651100 
520030 
651103 
651104 
651105 
651106 
651107 
520035 
520037 
651110 
520039 
651113 
520041 
651116 
520044 
520046 
520048 
651121 
520050 
651123 
651125 
520053 
651127 
520056 
651130 
520059 
651132 
651134 
520062 
651136 
651139 
520067 
520069 
651142 
520071 
651145 
520073 
651148 
520076 
520078 
520080 
651153 
520082 
651155 
651157 
520085 
651159 
520088 
651162 
520091 
651164 
651166 
520094 
651168 
651171 
520099 
651173 
520101 
651175 
520103 
651177 
520105 
651180 
520108 
651182 
520110 
651184 
520112 
651186 
520114 
651189 
520117 
651191 
520120 
651193 
651195 
520123 
651198 
520126 
651200 
651202 
520131 
651204 
520133 
651207 
520135 
520137 
651210 
520140 
651213 
520142 
651216 
520144 
520146 
651221 
520149 
651223 
520152 
651225 
651227 
520155 
651230 
520158 
651234 
520163 
520165 
651238 
520167 
520169 
651242 
520172 
520174 
520176 
651249 
520178 
651252 
520181 
651255 
520184 
651258 
520187 
520190 
651263 
651266 
520195 
651269 
520197 
520199 
651272 
520201 
520204 
651277 
520206 
651279 
520208 
651281 
520210 
651283 
520213 
651286 
651288 
520216 
651290 
520219 
651292 
520222 
651295 
651298 
520227 
651301 
520229 
520231 
651304 
520233 
520236 
651309 
651310 
520238 
651311 
651312 
520240 
651313 
520242 
651316 
520245 
651319 
520248 
651322 
520251 
520254 
651327 
651329 
651331 
520259 
651333 
520261 
520263 
651336 
520265 
651339 
520268 
651342 
520270 
520272 
651345 
520274 
520277 
651350 
651352 
520280 
651354 
520283 
651356 
520286 
651359 
651361 
651363 
520291 
651365 
520293 
520295 
651368 
520297 
651370 
651372 
520300 
651374 
520302 
520304 
651377 
520306 
651379 
651381 
520309 
651383 
520312 
651386 
520315 
651388 
651390 
520318 
651392 
651395 
520323 
651397 
520325 
651399 
520327 
651401 
520329 
651404 
520332 
520334 
651407 
520336 
651410 
520338 
651413 
520341 
520344 
651418 
520347 
651420 
651422 
520350 
651424 
651427 
520355 
520357 
651431 
520359 
520361 
651435 
520364 
520366 
651439 
520368 
520370 
520373 
651446 
651448 
520376 
651450 
520379 
651452 
520382 
651455 
651458 
520387 
651461 
520389 
520391 
651464 
520393 
520396 
651469 
520398 
651472 
520400 
520402 
651475 
520405 
651478 
520408 
651483 
520411 
651485 
520414 
651487 
651489 
520419 
651492 
520421 
651495 
520423 
520425 
651498 
520428 
651501 
520430 
520432 
651506 
520434 
651507 
651508 
651509 
520437 
651510 
520440 
651513 
520443 
651516 
520446 
651519 
520451 
651524 
520453 
651526 
520455 
651528 
520457 
651530 
520460 
651533 
520462 
651536 
520464 
520466 
651539 
520469 
651542 
520472 
651547 
520475 
651549 
520478 
651551 
651553 
520483 
651556 
520485 
651558 
520487 
651560 
520489 
651562 
520492 
651565 
520494 
651567 
520496 
651569 
520498 
651571 
520501 
651574 
520504 
651577 
520507 
651580 
520510 
651583 
520515 
651588 
520517 
651590 
520519 
651592 
520521 
651594 
520524 
651597 
520526 
651600 
520528 
520530 
651603 
520533 
651606 
520536 
651611 
520539 
651613 
520542 
651615 
651617 
520547 
651620 
520549 
651622 
520551 
651624 
520553 
651626 
520556 
651629 
520558 
651632 
520560 
520562 
651635 
520565 
651638 
520567 
520569 
651643 
520571 
651645 
520574 
651647 
520576 
651649 
520578 
651652 
520580 
520583 
651656 
520585 
520587 
651660 
520589 
651664 
520592 
520594 
520596 
520598 
651671 
651673 
520601 
651675 
520603 
651677 
520605 
520607 
651680 
520610 
651683 
520613 
651686 
520616 
651689 
520619 
651694 
651696 
520624 
651698 
520627 
651700 
520630 
651703 
520633 
651706 
651709 
520638 
651712 
520640 
520642 
520644 
651717 
651718 
651719 
520647 
651720 
651721 
520649 
651723 
520651 
651725 
520653 
651727 
520656 
651730 
520659 
651734 
520662 
520665 
651738 
651742 
520670 
520672 
520674 
520676 
651749 
520679 
651752 
520681 
651755 
520683 
520685 
651758 
520688 
651763 
520691 
651765 
520694 
651767 
520697 
651770 
651774 
520702 
520704 
651777 
520706 
520708 
651782 
520711 
651785 
520713 
520715 
651788 
520717 
651791 
520720 
520723 
651796 
520726 
651799 
520729 
651802 
651805 
520734 
520736 
651810 
520738 
520740 
651814 
520743 
520745 
520747 
651821 
520749 
651824 
520752 
651827 
520755 
651829 
520758 
651831 
651833 
520761 
651836 
520766 
651839 
520768 
520770 
651843 
520772 
520775 
651848 
651849 
520777 
651851 
520779 
651853 
520781 
651855 
520784 
651858 
520787 
651862 
520790 
520793 
651866 
651870 
520798 
520800 
520802 
520804 
651877 
651879 
520807 
651881 
520809 
651883 
520811 
520813 
651886 
520816 
651889 
520819 
651892 
520822 
651895 
520825 
651900 
520830 
651904 
520832 
520834 
651908 
520836 
520839 
651912 
520841 
520843 
520845 
651919 
520848 
651921 
651923 
520851 
651925 
520854 
651928 
520857 
651931 
651934 
520862 
520864 
651937 
520866 
520868 
651942 
520871 
651944 
520873 
651946 
520875 
651948 
520877 
651951 
520880 
651953 
651955 
520883 
651957 
520886 
651960 
520889 
651963 
651966 
520894 
520896 
651969 
520898 
520900 
651974 
651975 
520903 
651976 
651977 
520905 
651978 
520907 
651981 
520909 
651984 
520912 
651987 
520915 
520918 
651992 
520921 
651994 
651996 
651998 
520926 
520928 
652001 
520930 
520932 
652005 
520935 
652008 
520937 
520939 
652013 
520941 
652015 
520944 
652017 
652019 
520947 
652022 
520950 
652025 
520953 
652028 
520958 
652031 
520960 
520962 
652036 
520964 
652037 
652038 
652039 
520967 
652040 
520969 
652043 
520971 
520973 
652046 
520976 
652049 
520979 
652054 
520982 
652057 
520985 
652060 
520990 
652063 
520992 
520994 
652068 
520996 
520999 
652072 
521001 
652075 
521003 
521005 
652080 
521008 
652082 
521010 
652084 
521012 
652086 
521014 
652089 
521017 
652091 
521019 
652093 
521021 
652095 
521023 
652098 
521026 
652100 
521028 
652102 
521030 
652104 
521032 
652107 
521035 
521037 
652110 
521039 
652113 
521041 
652116 
521044 
521046 
521048 
652121 
521050 
652123 
652125 
521053 
652127 
521055 
521057 
652130 
521059 
652132 
652134 
521062 
652136 
521064 
521066 
652139 
521068 
652143 
521071 
521073 
652147 
521075 
521077 
652151 
521080 
521082 
521084 
652158 
521086 
521089 
652162 
521091 
521093 
652166 
521095 
652170 
521098 
521100 
521102 
521104 
652177 
652179 
521107 
652181 
521109 
652183 
521111 
521113 
652186 
652188 
521116 
521117 
652190 
521118 
521119 
652192 
521120 
652195 
521123 
521125 
652198 
521128 
652201 
521130 
652204 
521132 
521134 
652209 
521137 
521140 
652214 
521143 
521146 
652219 
521151 
652224 
521154 
521156 
521159 
652233 
521161 
652235 
521163 
652237 
521165 
652239 
521168 
652242 
521171 
652244 
652246 
521174 
652248 
521177 
652251 
521182 
652255 
521184 
521186 
652259 
521188 
652263 
521191 
521193 
521195 
521197 
652270 
521200 
652273 
521203 
652276 
521206 
652279 
521209 
652284 
652285 
652286 
521214 
652287 
652288 
521216 
521218 
652291 
521220 
652294 
521223 
652297 
521225 
521227 
521229 
652302 
652304 
521232 
652306 
521235 
652308 
521238 
652311 
652312 
652313 
521241 
652314 
652315 
521246 
652319 
521248 
521250 
652323 
521252 
652327 
521255 
521257 
521259 
521261 
652334 
521264 
652337 
521267 
652340 
521270 
652343 
521273 
652348 
652350 
521278 
652352 
521280 
652354 
521282 
521284 
652357 
652358 
652359 
521287 
652360 
652361 
521289 
521291 
652364 
521293 
652367 
521296 
652370 
521299 
521302 
652375 
652377 
521305 
652379 
652381 
521310 
652384 
521312 
652385 
652386 
521314 
652387 
652388 
521316 
521319 
652392 
521321 
521323 
652396 
521325 
652400 
521328 
521331 
521334 
652407 
521337 
652410 
652413 
521342 
652416 
521344 
521346 
521348 
652421 
652422 
652423 
521351 
652424 
652425 
521353 
652427 
521355 
652429 
521357 
652431 
521360 
652434 
521363 
652437 
521366 
652440 
521369 
652443 
521374 
652448 
521376 
521378 
521380 
652453 
521383 
521385 
652458 
521387 
521389 
652463 
521392 
521395 
521398 
652472 
521401 
652474 
652476 
652478 
521406 
521408 
652481 
521410 
652483 
521412 
652485 
652487 
521415 
521417 
652490 
521419 
521421 
652494 
521424 
652498 
521427 
652502 
521430 
521433 
652509 
521438 
652511 
521440 
652513 
521442 
652515 
521444 
652518 
521447 
652521 
521449 
521451 
652524 
521453 
652527 
521456 
521459 
652532 
652533 
652534 
521462 
652535 
652536 
521465 
652540 
521470 
652544 
521472 
521474 
652548 
521476 
521479 
521481 
652555 
521483 
521485 
652558 
521488 
652561 
521491 
652564 
521494 
652569 
521497 
652570 
652571 
652572 
652573 
521502 
652575 
521504 
652577 
521506 
652579 
521508 
652582 
521511 
652585 
521513 
521515 
652588 
521517 
652591 
521520 
521523 
652596 
521526 
652601 
521529 
652606 
521534 
521536 
521538 
652611 
521540 
521543 
521545 
521547 
652620 
521549 
652622 
652624 
521552 
652626 
521555 
652629 
521558 
652631 
652633 
521561 
652635 
652638 
521566 
521568 
652641 
521570 
652644 
521572 
652647 
521575 
521577 
521579 
652652 
521581 
652654 
652656 
521584 
652658 
521587 
652661 
652662 
521590 
652663 
652664 
652665 
521593 
652669 
521598 
521600 
652673 
521602 
521604 
652677 
521607 
521609 
521611 
652684 
521613 
652686 
652688 
521616 
652691 
521619 
652694 
521622 
652697 
521625 
652700 
521630 
521632 
652705 
521634 
652708 
521636 
652711 
521639 
521641 
652714 
521643 
521645 
652719 
521648 
652722 
521651 
652724 
521654 
652727 
652728 
652729 
521657 
652730 
652731 
652733 
521662 
652735 
521664 
652737 
521666 
652740 
521668 
652743 
521671 
521673 
652746 
521675 
652749 
521677 
521680 
652754 
521683 
652756 
652758 
521686 
652760 
521689 
652763 
652765 
521694 
652767 
521696 
652769 
521698 
652772 
521700 
652775 
521703 
521705 
652778 
521707 
652781 
521709 
521712 
652786 
521715 
652788 
652790 
521718 
652792 
521721 
652795 
652798 
521726 
521728 
652801 
521730 
652804 
521732 
521735 
652809 
521737 
521739 
521741 
652814 
521744 
652819 
521747 
521750 
652824 
521753 
521758 
521760 
652833 
652834 
521762 
652835 
652836 
521764 
652837 
652839 
521767 
652841 
521769 
652843 
521771 
521773 
652846 
652848 
521776 
652850 
521779 
652852 
521782 
652855 
521785 
652859 
521790 
652863 
521792 
521794 
652867 
521796 
521799 
521801 
652874 
521803 
652876 
521805 
652878 
652880 
521808 
652883 
521811 
652886 
521814 
652889 
521817 
652892 
521822 
521824 
652897 
521826 
652900 
521828 
652903 
521831 
521833 
652906 
521835 
521837 
652911 
521840 
652913 
521842 
652915 
521844 
652917 
521846 
652920 
652921 
521849 
652922 
652923 
521851 
652924 
521853 
652926 
521855 
652928 
652930 
521858 
521860 
652933 
521862 
652936 
521864 
652939 
521867 
521869 
652942 
521871 
521873 
652947 
521876 
652950 
521878 
521880 
652953 
521882 
652956 
521885 
521887 
652961 
521889 
652963 
521891 
652965 
521894 
652967 
521897 
652970 
521900 
652973 
521903 
652976 
652979 
521908 
521910 
652984 
521912 
652986 
521914 
652988 
521917 
652990 
521919 
652993 
521921 
521923 
652996 
521926 
652999 
521929 
653002 
521932 
653007 
521935 
653012 
521940 
521942 
521944 
653017 
521946 
521949 
653022 
521951 
521953 
521955 
521958 
653031 
653032 
653033 
521961 
653034 
653035 
521964 
653037 
653039 
521967 
653041 
653044 
521972 
653046 
521974 
653048 
521976 
653050 
521978 
653053 
521981 
653055 
521983 
653057 
521985 
653059 
521987 
653062 
521990 
653064 
521993 
653066 
653068 
521996 
653071 
521999 
653072 
653073 
653074 
653075 
522004 
522006 
653080 
522008 
522010 
653084 
522013 
522015 
522017 
653091 
522019 
653093 
522022 
653095 
653097 
522025 
653100 
522028 
653103 
522031 
653106 
522036 
653109 
522038 
522040 
653114 
522042 
522045 
653118 
522047 
522049 
653122 
522051 
653126 
522054 
522057 
522060 
653133 
653135 
522063 
653137 
653139 
522068 
653142 
522070 
653144 
522072 
653146 
522074 
653149 
522077 
653151 
522079 
653153 
522081 
653155 
522083 
653158 
522086 
522089 
653162 
522092 
653165 
522095 
653170 
522100 
653173 
522102 
653176 
522104 
522106 
653179 
522109 
522111 
653184 
522113 
653186 
522115 
653188 
653190 
522118 
653193 
522121 
522124 
653198 
522127 
653203 
522132 
522134 
653208 
522136 
522138 
522141 
522143 
653217 
522145 
653218 
653219 
522147 
653220 
653221 
522150 
653224 
522153 
653227 
522156 
522159 
653232 
653234 
653236 
522164 
653238 
522166 
522168 
653241 
522170 
653244 
522173 
653247 
522175 
522177 
653250 
522179 
522182 
653255 
653257 
522185 
653259 
522188 
653261 
522191 
653264 
653266 
653268 
522196 
653270 
522198 
522200 
653273 
522202 
522205 
653279 
522207 
522209 
653283 
522211 
522214 
522217 
653290 
653292 
522220 
653294 
522223 
653296 
653299 
522228 
653302 
522230 
522232 
653305 
522234 
653308 
522237 
522239 
653313 
522241 
522243 
653316 
522246 
653319 
522249 
653322 
522252 
653327 
522255 
653329 
653331 
522260 
653333 
522262 
653336 
522264 
653337 
653338 
522266 
653339 
653341 
522269 
653343 
522271 
653345 
522273 
522275 
653348 
522278 
653351 
522281 
653354 
522284 
653357 
522287 
653362 
522292 
653365 
522294 
653368 
522296 
522298 
653371 
522301 
522303 
653376 
522305 
653378 
522307 
653380 
653382 
522310 
653385 
522313 
522316 
653390 
522319 
653395 
522324 
522326 
653400 
522328 
522330 
522333 
522335 
653409 
522337 
653410 
653411 
522339 
653412 
653413 
522342 
653415 
653417 
522345 
653419 
522348 
653422 
522351 
653424 
653426 
653428 
522356 
522358 
653431 
522360 
653434 
522362 
653437 
522365 
522367 
653440 
522369 
522371 
653445 
522374 
653447 
653449 
522377 
653451 
522380 
653454 
522383 
653456 
653458 
653460 
522388 
522390 
653463 
522392 
522394 
653467 
522397 
653471 
522399 
522401 
653475 
522403 
522406 
522408 
653482 
522410 
653484 
522412 
653486 
522415 
653488 
522417 
653491 
522419 
522421 
653494 
522424 
653497 
522426 
653500 
522428 
522430 
653505 
522433 
653508 
522436 
653511 
522439 
653514 
522442 
653519 
522447 
653521 
522449 
653523 
522451 
653525 
522453 
653528 
522456 
653529 
653530 
522458 
653531 
653532 
522460 
653534 
522462 
653536 
522465 
653538 
522468 
653541 
522471 
653544 
522474 
653547 
653550 
522479 
522481 
653555 
522483 
522485 
653558 
522488 
653561 
522490 
653564 
522492 
522494 
653569 
522497 
653571 
522500 
653573 
653575 
522503 
653578 
522506 
653583 
522511 
522513 
522515 
653588 
522517 
522520 
653593 
522522 
522524 
522526 
522529 
653602 
653603 
653604 
522532 
653605 
653606 
522535 
653608 
653610 
522538 
653612 
653615 
522543 
653617 
522545 
653619 
522547 
653621 
522549 
653624 
522552 
522554 
653627 
522556 
653630 
522558 
653633 
522561 
522564 
653638 
522567 
653640 
653642 
522570 
653644 
653647 
522575 
653649 
522577 
653651 
522579 
653653 
522581 
653656 
522584 
522586 
653660 
522588 
522590 
653664 
522593 
653668 
522596 
522599 
522602 
653675 
653677 
653679 
522607 
653681 
522609 
522611 
653684 
522613 
653687 
522616 
653690 
522618 
522620 
653693 
522622 
522625 
653698 
522628 
653701 
522631 
653704 
522634 
653707 
522639 
653712 
522641 
653714 
522643 
653716 
522645 
653718 
522648 
653721 
653722 
522650 
653723 
653724 
522652 
653725 
522654 
653727 
653729 
522657 
653731 
522660 
653734 
522663 
653737 
522666 
653740 
653743 
522671 
522673 
522675 
653748 
522677 
653751 
522680 
653754 
522682 
522684 
653757 
522686 
522689 
653762 
653764 
522692 
653766 
522695 
653768 
522698 
653771 
522703 
653776 
522705 
522707 
653781 
522709 
522712 
653786 
522714 
522716 
522718 
522721 
653795 
653796 
522724 
653797 
653798 
653799 
522727 
653801 
522730 
653803 
653805 
522735 
653808 
522737 
653810 
522739 
653812 
522741 
653814 
522744 
653817 
522746 
653820 
522748 
522750 
653823 
522753 
653826 
522756 
653831 
522759 
653833 
522762 
653835 
653837 
522767 
653840 
522769 
653842 
522771 
653844 
522773 
653846 
522776 
653849 
522778 
522780 
653853 
522782 
653857 
522785 
522788 
653861 
522791 
522794 
653868 
653870 
522799 
653872 
522801 
653874 
522803 
653877 
522805 
653880 
522808 
522810 
653883 
522812 
653886 
522814 
522817 
653891 
522820 
653894 
522823 
653897 
522826 
653900 
522831 
653905 
522833 
653907 
522835 
653909 
522837 
653911 
522840 
653914 
522842 
653915 
653916 
522844 
653917 
653918 
522846 
653920 
522849 
653922 
653924 
522852 
653927 
522855 
653930 
522858 
653933 
522863 
653936 
522865 
522867 
653941 
522869 
653944 
522872 
522874 
653947 
522876 
653950 
522878 
522881 
653955 
522884 
653957 
653959 
522887 
653961 
522890 
653964 
522895 
653969 
522897 
522899 
522901 
653974 
522904 
522906 
653979 
522908 
522910 
522913 
653988 
522916 
653989 
653990 
653991 
522919 
653992 
653994 
522922 
653996 
653998 
522927 
654001 
522929 
654003 
522931 
654005 
522933 
654007 
522936 
654010 
522938 
522940 
654013 
522942 
654016 
522945 
654019 
522948 
522951 
654024 
522954 
654027 
654030 
522959 
654033 
522961 
522963 
522965 
654038 
654040 
522968 
654042 
522970 
654044 
522972 
522974 
654047 
522977 
654051 
522980 
654055 
522983 
522986 
654059 
522991 
522993 
654066 
522995 
654068 
522997 
654070 
654072 
523000 
523002 
654075 
523004 
654078 
523006 
654081 
523009 
654084 
523012 
523015 
654089 
523018 
654092 
654095 
523023 
523025 
654098 
523027 
523029 
654103 
523032 
654105 
523034 
654107 
523036 
654109 
523038 
654112 
654113 
523041 
654114 
654115 
654116 
523044 
654118 
523047 
654120 
654122 
523050 
654125 
523055 
654128 
523057 
654131 
523059 
523061 
654134 
523064 
523066 
654139 
523068 
654142 
523070 
654145 
523073 
654148 
523076 
523079 
654153 
523082 
654155 
654157 
654159 
523087 
523089 
654162 
523091 
523093 
654167 
523096 
523098 
654172 
523100 
523102 
654177 
523105 
523108 
523111 
654186 
523114 
654187 
654188 
654189 
654190 
523119 
654192 
523121 
654194 
523123 
654196 
523125 
654199 
523128 
654201 
523130 
654203 
523132 
654205 
523134 
654208 
523137 
523139 
654212 
523141 
523143 
654217 
523146 
523148 
654221 
523150 
654224 
523153 
523155 
654229 
654230 
523158 
654231 
523160 
654233 
654235 
523163 
523165 
654238 
523167 
654241 
523169 
654244 
523172 
523174 
654247 
523176 
523178 
654252 
523181 
654255 
523184 
654257 
523187 
654260 
654261 
654262 
523190 
654263 
654264 
654267 
523195 
523197 
654270 
523199 
654273 
523201 
523204 
654278 
523206 
654280 
523208 
654282 
523210 
654284 
523213 
654287 
654288 
523216 
654289 
654290 
654291 
523219 
654294 
523222 
654297 
523227 
654300 
523229 
523231 
654305 
523233 
654308 
523236 
523238 
654311 
523240 
654314 
523242 
523245 
654319 
523248 
654321 
654323 
523251 
654325 
523254 
654328 
654329 
654330 
654331 
523259 
654332 
523261 
654334 
523263 
654336 
523265 
654338 
523268 
654341 
523270 
654343 
523272 
654345 
523274 
654347 
523277 
654350 
654351 
654352 
523280 
654353 
654354 
523283 
654356 
654358 
523286 
654360 
654363 
523291 
523293 
654366 
523295 
654369 
523297 
654372 
523300 
523302 
523304 
654377 
523306 
654379 
654381 
523309 
654383 
523312 
654386 
654387 
523315 
654388 
654389 
654390 
523318 
654393 
523323 
654396 
523325 
654399 
523327 
523329 
654404 
523332 
654406 
523334 
654408 
523336 
654410 
523338 
654413 
523341 
654414 
654415 
654416 
523344 
654417 
523347 
654420 
523350 
654423 
654426 
523355 
523357 
654431 
523359 
523361 
654434 
523364 
654437 
523366 
654440 
523368 
523370 
654445 
523373 
654447 
523376 
654449 
654451 
523379 
654454 
523382 
654455 
654456 
654457 
654458 
523387 
654460 
523389 
654462 
523391 
654464 
523393 
654467 
523396 
654469 
523398 
654471 
523400 
654473 
523402 
654476 
654477 
523405 
654478 
654479 
654480 
523408 
654482 
523411 
654484 
654486 
523414 
654489 
523419 
654492 
523421 
654495 
523423 
523425 
654498 
523428 
523430 
654503 
523432 
654505 
523434 
654507 
654509 
523437 
654512 
523440 
654513 
654514 
654515 
523443 
654516 
523446 
654519 
654522 
523451 
654525 
523453 
523455 
523457 
654530 
654532 
523460 
654534 
523462 
654536 
523464 
523466 
654539 
654540 
654541 
523469 
654542 
654543 
523472 
654546 
523475 
654549 
523478 
654552 
523483 
654557 
523485 
523487 
654560 
523489 
654563 
523492 
654566 
523494 
523496 
523498 
654571 
654573 
523501 
654575 
523504 
654577 
523507 
654580 
654581 
654582 
523510 
654583 
654584 
654586 
523515 
654588 
523517 
654590 
523519 
654593 
523521 
654595 
523524 
654597 
523526 
654599 
523528 
654602 
523530 
654603 
654604 
654605 
523533 
654606 
654608 
523536 
654610 
523539 
654612 
523542 
654615 
654618 
523547 
654621 
523549 
523551 
654624 
523553 
523556 
654629 
523558 
654631 
523560 
654633 
523562 
654635 
523565 
654638 
654639 
654640 
523568 
654641 
654642 
523571 
654645 
523574 
654648 
654651 
523579 
523581 
523583 
654656 
523585 
654658 
654660 
523588 
654662 
523590 
523592 
654665 
654666 
523594 
654667 
654668 
654669 
523597 
654672 
523600 
654675 
523603 
654678 
523606 
654683 
523611 
523613 
654686 
523615 
654689 
523617 
654692 
523620 
523622 
523624 
654697 
523626 
654699 
654701 
523629 
654703 
523632 
654706 
654707 
523635 
654708 
654709 
654710 
523638 
654712 
654714 
523643 
654716 
523645 
654719 
523647 
654721 
523649 
654723 
523652 
654725 
523654 
654728 
523656 
654729 
654730 
523658 
654731 
654732 
523661 
654734 
654736 
523664 
654738 
523667 
654741 
523670 
654744 
654747 
523675 
523677 
654750 
523679 
523681 
654755 
523684 
654757 
523686 
654759 
523688 
654761 
523690 
654764 
654765 
523693 
654766 
654767 
654768 
523696 
654771 
523699 
654774 
523702 
654777 
523707 
523709 
654782 
523711 
654785 
523713 
654788 
523716 
523718 
654791 
523720 
523722 
654796 
654797 
523725 
654798 
654799 
654800 
523728 
654801 
654802 
654803 
523731 
654804 
654806 
523734 
654808 
654810 
523739 
654813 
523741 
523743 
654816 
523745 
654819 
523748 
654822 
523750 
523752 
523754 
654827 
654828 
654829 
523757 
654830 
654831 
523760 
654834 
523763 
654836 
523766 
654839 
654841 
523771 
654844 
654845 
523773 
654846 
654847 
523775 
654848 
654849 
523777 
654851 
523780 
654853 
523782 
654855 
523784 
654858 
523786 
654859 
654860 
654861 
523789 
654862 
654864 
523792 
654866 
523795 
654868 
523798 
654871 
654873 
654875 
523803 
654877 
523805 
523807 
654880 
523809 
654882 
654884 
523812 
654886 
523814 
523816 
654889 
654890 
523818 
654891 
654892 
654893 
523821 
654894 
654895 
654896 
523824 
654897 
654898 
654899 
523827 
654900 
654901 
523830 
654903 
654905 
654907 
523835 
523837 
654910 
654911 
523839 
654912 
654913 
523841 
654914 
654916 
523844 
654918 
523846 
654920 
523848 
523850 
654923 
654925 
523853 
654927 
523856 
654929 
523859 
654932 
654934 
523862 
654936 
654938 
523867 
654941 
523869 
654942 
654943 
523871 
654944 
654945 
523873 
654946 
654947 
654948 
523876 
654949 
654950 
523878 
654951 
654952 
523880 
654953 
523882 
654955 
654957 
523885 
654959 
523887 
523889 
654962 
654963 
523891 
654964 
654965 
654966 
523894 
654968 
523896 
654970 
523898 
654972 
523900 
654975 
523903 
654977 
523905 
654979 
523907 
654981 
523909 
654984 
523912 
654986 
523915 
654988 
654990 
523918 
654993 
523921 
654994 
654995 
654996 
654997 
654998 
523926 
654999 
655000 
523928 
655001 
655002 
523930 
655003 
655004 
523932 
655005 
655007 
523935 
655009 
523937 
655011 
523939 
523941 
655014 
655015 
655016 
523944 
655017 
655018 
523947 
655020 
655022 
523950 
655024 
523953 
655027 
655029 
523958 
655031 
523960 
655033 
523962 
655036 
523964 
655038 
523967 
655040 
523969 
655042 
523971 
655045 
523973 
655046 
655047 
655048 
523976 
655049 
655050 
655051 
523979 
655052 
655053 
655054 
523982 
655055 
655056 
655057 
523985 
655058 
655059 
655060 
655061 
523990 
655063 
523992 
655065 
523994 
655068 
523996 
655071 
523999 
524001 
655074 
524003 
655077 
524005 
524008 
655082 
524011 
655085 
524014 
655087 
524017 
655090 
655092 
655094 
524022 
655096 
524024 
524026 
655099 
524028 
655102 
524031 
655105 
524033 
524035 
655108 
524037 
524040 
655113 
655114 
655115 
524043 
655116 
655117 
524046 
655120 
524049 
655123 
655126 
524054 
524056 
524058 
655131 
524060 
655134 
524063 
655137 
524065 
524067 
655140 
524069 
524072 
655145 
655147 
524075 
655149 
524078 
655151 
524081 
655154 
655156 
655158 
524086 
655160 
524088 
524090 
655163 
524092 
655165 
655167 
524095 
655169 
524097 
524099 
655172 
655173 
524101 
655174 
655175 
655176 
524104 
655178 
524107 
655180 
655182 
524110 
655185 
524113 
655188 
524118 
655191 
524120 
655194 
524122 
524124 
655199 
524127 
655201 
524129 
655203 
524131 
655205 
524133 
655208 
524136 
655209 
655210 
655211 
524139 
655212 
524142 
655215 
524145 
655218 
655221 
524150 
524152 
655226 
524154 
655228 
524156 
655230 
524159 
655232 
524161 
655235 
524163 
655236 
655237 
524165 
655238 
655239 
655240 
524168 
655241 
655242 
655243 
524171 
655246 
524174 
655249 
524177 
655252 
524182 
524184 
655257 
524186 
655260 
524188 
655263 
524191 
524193 
655266 
524195 
524197 
655271 
524200 
655273 
655275 
524203 
655277 
524206 
655280 
524209 
655282 
655284 
655286 
524214 
524216 
655289 
524218 
655291 
524220 
655293 
655295 
524223 
524225 
655298 
655299 
524227 
655300 
655301 
524229 
655302 
655304 
524232 
655306 
524235 
655308 
524238 
655311 
524241 
655314 
655317 
524246 
655320 
524248 
524250 
524252 
655325 
655327 
524255 
655329 
524257 
655331 
524259 
524261 
655334 
655336 
524264 
655338 
524267 
655341 
524270 
655344 
524273 
655347 
655348 
655349 
655350 
524278 
655352 
524280 
655354 
524282 
655356 
524284 
655359 
524287 
)

// ************************************************************************* //
