/*--------------------------------*- C++ -*----------------------------------*\
  =========                 |
  \\      /  F ield         | OpenFOAM: The Open Source CFD Toolbox
   \\    /   O peration     | Website:  https://openfoam.org
    \\  /    A nd           | Version:  13
     \\/     M anipulation  |
\*---------------------------------------------------------------------------*/
FoamFile
{
    format      ascii;
    class       volScalarField;
    location    "0";
    object      thickness;
}
// * * * * * * * * * * * * * * * * * * * * * * * * * * * * * * * * * * * * * //

dimensions      [];

internalField   uniform 0;

boundaryField
{
    outsideMinX
    {
        type            fixedValue;
        value           uniform 0;
    }
    insideMaxX
    {
        type            fixedValue;
        value           uniform 0;
    }
    minY
    {
        type            cyclic;
    }
    maxY
    {
        type            cyclic;
    }
    minZ
    {
        type            cyclic;
    }
    maxZ
    {
        type            cyclic;
    }
    solidSurfaces
    {
        type            fixedValue;
        value           nonuniform List<scalar> 
16214
(
0
0
0
0
0
0
0
0
0
0
0
0
0
0
0
0
0
0
0
0
0
0
0
0
0
0
0
0
0
0
0
0
0
0.0101039
0.0170688
0.0170698
0.0170696
0.0170698
0.0170666
0.0166103
0.0102825
0.0164589
0.0170698
0.0170698
0.0170698
0.0170698
0.0170692
0.0143352
0.0253327
0.0253101
0.0617207
0.0113934
0.0680984
0.0682794
0.0611598
0.0654341
0.0676512
0.0682794
0.0682794
0.0682794
0.0682794
0.0682791
0.0682708
0.0681108
0.0664485
0.057097
0.0272892
0.023071
0.0682794
0.0682794
0.0682794
0.0682794
0.0682794
0.0682794
0.0682794
0.0682794
0.0682794
0.0682794
0.0682794
0.0682794
0.0682794
0.0682794
0.0682794
0.0682794
0.0682794
0.0682794
0.0682794
0.0682794
0.0682792
0.0682765
0.0682431
0.0677739
0.0680334
0.0555084
0.0554952
0.0681014
0.0486048
0.0682774
0.0682794
0.0447066
0.0588556
0.0660938
0.0682794
0.0682794
0.0682794
0.0682794
0.0682793
0.0682761
0.0682139
0.0675863
0.0644298
0.0577175
0.0570333
0.0682794
0.0682794
0.0682794
0.0682794
0.0682794
0.0682794
0.0682794
0.0682794
0.0682794
0.0682794
0.0682794
0.0682794
0.0682794
0.0682794
0.0682794
0.0682794
0.0682794
0.0682794
0.0682794
0.0682794
0.0682792
0.0682753
0.0682275
0.0675376
0.0679315
0.0658726
0.0658703
0.0682794
0.0643009
0.0682794
0.0682794
0.0341397
0.0517656
0.0642934
0.0682794
0.0682794
0.0682794
0.0682794
0.0682794
0.0682789
0.0682691
0.0681613
0.0676206
0.0666074
0.0666115
0.0682794
0.0682794
0.0682794
0.0682794
0.0682794
0.0682794
0.0682794
0.0682794
0.0682794
0.0682794
0.0682794
0.0682794
0.0682794
0.0682794
0.0682794
0.0682794
0.0682794
0.0682794
0.0682794
0.0682794
0.0682792
0.0682749
0.0682206
0.0674496
0.0678863
0.0680123
0.0680121
0.0682794
0.0678196
0.0682794
0.0682794
0.0341397
0.0500139
0.0635472
0.0682794
0.0682794
0.0682794
0.0682794
0.0682794
0.0682794
0.0682787
0.0682695
0.068219
0.0681243
0.0681346
0.0682794
0.0682794
0.0682794
0.0682794
0.0682794
0.0682794
0.0682794
0.0682794
0.0682794
0.0682794
0.0682794
0.0682794
0.0682794
0.0682794
0.0682794
0.0682794
0.0682794
0.0682794
0.0682794
0.0682794
0.0682792
0.0682748
0.068219
0.0674299
0.0678757
0.0682626
0.0682626
0.0682794
0.0682794
0.0682794
0.0682794
0.0682498
0.0682794
0.0682794
0.0682794
0.0682794
0.0682794
0.0682794
0.0682794
0.0682794
0.0341397
0.049791
0.0634124
0.0682794
0.0682794
0.0682794
0.0682794
0.0682794
0.0682794
0.0682794
0.0682794
0.0682794
0.0682794
0.0682794
0.0682794
0.0682794
0.0682794
0.0682794
0.0682794
0.0682794
0.0682794
0.0682794
0.0682794
0.0682794
0.0682794
0.0682794
0.0682794
0.0682794
0.0682794
0.0682794
0.0682794
0.0682793
0.0682794
0.0682794
0.0682794
0.0682789
0.0682794
0.0682794
0.0682794
0.0682779
0.0682793
0.0682794
0.0682794
0.0682782
0.0682794
0.0682794
0.0682794
0.0682794
0.0682794
0.0682794
0.0682794
0.0682794
0.0682794
0.0682794
0.0682794
0.0682794
0.0682794
0.0682794
0.0682794
0.0682794
0.0682794
0.0682794
0.0682794
0.0682794
0.0682794
0.0682794
0.0682794
0.0682792
0.0682747
0.0682187
0.0674266
0.067874
0.0682788
0.0682788
0.0682794
0.0682783
0.0682794
0.0682794
0.0341397
0.0498227
0.0634339
0.0682794
0.0682794
0.0682794
0.0682794
0.0682794
0.0682794
0.0682794
0.0682794
0.0682794
0.0682794
0.0682794
0.0682794
0.0682794
0.0682794
0.0682794
0.0682794
0.0682794
0.0682794
0.0682794
0.0682794
0.0682794
0.0682794
0.0682794
0.0682794
0.0682794
0.0682794
0.0682794
0.0682794
0.0682794
0.0682794
0.0682794
0.0682792
0.0682747
0.0682187
0.0678737
0.0682793
0.0682793
0.0682794
0.0682792
0.0682794
0.0682794
0.0341397
0.0502299
0.0636684
0.0682794
0.0682794
0.0682794
0.0682794
0.0682794
0.0682794
0.0682794
0.0682794
0.0682794
0.0682794
0.0682794
0.0682794
0.0682794
0.0682794
0.0682794
0.0682794
0.0682794
0.0682794
0.0682794
0.0682794
0.0682794
0.0682794
0.0682794
0.0682794
0.0682794
0.0682794
0.0682794
0.0682794
0.0682794
0.0682794
0.0682794
0.0682792
0.0682747
0.0682186
0.0674258
0.0678734
0.068276
0.068276
0.0682794
0.0682734
0.0682794
0.0682794
0.0341397
0.052465
0.0643519
0.0682794
0.0682794
0.0682794
0.0682794
0.0682794
0.0682794
0.0682794
0.0682794
0.0682794
0.0682794
0.0682794
0.0682794
0.0682794
0.0682794
0.0682794
0.0682794
0.0682794
0.0682794
0.0682794
0.0682794
0.0682794
0.0682794
0.0682794
0.0682794
0.0682794
0.0682794
0.0682794
0.0682794
0.0682794
0.0682794
0.0682794
0.0682792
0.0682747
0.0682188
0.0674264
0.0678743
0.0682073
0.0682073
0.0682794
0.0681537
0.0682794
0.0682794
0.0682794
0.0682794
0.0682794
0.0682794
0.0682794
0.0682794
0.0682794
0.0682794
0.0682794
0.0682794
0.0682794
0.0682794
0.0682794
0.0682794
0.0682794
0.0682794
0.0682794
0.0682793
0.0682788
0.068279
0.0682794
0.0682793
0.0682789
0.0682728
0.0682794
0.0682793
0.0682776
0.0682619
0.0682416
0.0682794
0.0682794
0.0682794
0.0682794
0.0682794
0.0682794
0.0682794
0.0682794
0.0682794
0.0682794
0.0682794
0.0682794
0.0682794
0.0682794
0.0682794
0.0682794
0.0682794
0.0682794
0.0682794
0.0682794
0.0682792
0.0682751
0.0682231
0.067898
0.0674202
0.0674195
0.0682794
0.0668262
0.0682794
0.0682794
0.0682794
0.0682794
0.0682794
0.0155876
0.0682794
0.0170698
0.0682794
0.0170698
0.0682794
0.0154723
0.0682794
0.0682794
0.0682794
0.0682794
0.0682794
0.0682793
0.0682785
0.0682691
0.0682034
0.0682794
0.0682794
0.0682794
0.0682794
0.0682794
0.0682794
0.0682794
0.0682794
0.0682794
0.0682794
0.0682794
0.0682794
0.0682794
0.0682794
0.0682794
0.0682794
0.0682794
0.0682794
0.0682794
0.0682794
0.0682793
0.0682764
0.0682405
0.0677008
0.0623778
0.0623717
0.0682794
0.0588111
0.0682794
0.0682794
0.0682794
0.0682794
0.0682794
0.0682794
0.0682794
0.0682794
0.0682794
0.0682794
0.0682794
0.0682794
0.0682794
0.0682794
0.0682789
0.0682741
0.0682445
0.0681643
0.0680834
0.0680442
0.0679848
0.0678945
0.0682794
0.0682794
0.0682794
0.0682794
0.0682794
0.0682794
0.0682794
0.0682794
0.0682794
0.0682794
0.0682794
0.0682794
0.0682794
0.0682794
0.0682794
0.0682794
0.0682794
0.0682794
0.0682794
0.0682794
0.0682793
0.0682783
0.068265
0.0680885
0.0681849
0.0436052
0.0435845
0.0682794
0.0324423
0.0682794
0.0682794
0.0682794
0.0682794
0.0682794
0.0682794
0.0682794
0.0682794
0.0682794
0.0682794
0.0682794
0.0682794
0.0682794
0.0682794
0.0682793
0.0682783
0.0682728
0.0682585
0.0682433
0.068235
0.0682253
0.0682192
0.0682794
0.0682794
0.0682794
0.0682794
0.0682794
0.0682794
0.0682794
0.0682794
0.0682794
0.0682794
0.0682794
0.0682794
0.0682794
0.0682794
0.0682794
0.0682794
0.0682794
0.0682794
0.0682794
0.0682794
0.0682794
0.0682792
0.0682769
0.0682484
0.0682634
0.0682582
0.0682777
0.0682793
0.0682793
0.0682774
0.0682304
0.0676124
0.0630934
0.0442998
0.0121256
0.011945
0.0119315
0.012102
0.044335
0.0631066
0.0676145
0.0682305
0.0682774
0.0682793
0.0682794
0.0682794
0.0682794
0.0682794
0.0682794
0.0682794
0.0682794
0.0681021
0.0682628
0.0682786
0.0682793
0.0682771
0.068225
0.0675461
0.0626165
0.0422832
0.00463988
0.00464582
0.042329
0.0626334
0.0675487
0.0682252
0.0682771
0.0682793
0.0682794
0.0682794
0.0682794
0.0682794
0.0682794
0.0682794
0.0682794
0.0675469
0.0682062
0.0682755
0.0682793
0.0682786
0.0682572
0.0679582
0.0657443
0.0573373
0.0432234
0.0360241
0.0432186
0.0573494
0.0657503
0.0679592
0.0682573
0.0682786
0.0682794
0.0682794
0.0682794
0.0682794
0.0682794
0.0682794
0.0682794
0.0682794
0.066768
0.0681229
0.0682706
0.0682791
0.0682793
0.0682757
0.0682172
0.0677451
0.0659309
0.062887
0.0611968
0.0628852
0.0659317
0.0677458
0.0682173
0.0682757
0.0682793
0.0682794
0.0682794
0.0682794
0.0682794
0.0682794
0.0682794
0.0682794
0.0682794
0.0663898
0.0680789
0.068268
0.068279
0.0682794
0.0682791
0.0682738
0.0682229
0.068004
0.0676033
0.0673729
0.0676031
0.068004
0.0682229
0.0682738
0.0682791
0.0682794
0.0682794
0.0682794
0.0682794
0.0682794
0.0682794
0.0682794
0.0682794
0.0682794
0.0663135
0.0680697
0.0682675
0.068279
0.0682794
0.0682794
0.0682791
0.0682764
0.068262
0.0682322
0.0682141
0.0682322
0.068262
0.0682764
0.0682791
0.0682794
0.0682794
0.0682794
0.0682794
0.0682794
0.0682794
0.0682794
0.0682794
0.0682794
0.0682794
0.066306
0.0680689
0.0682675
0.068279
0.0682794
0.0682794
0.0682794
0.0682793
0.0682788
0.0682776
0.0682768
0.0682776
0.0682788
0.0682793
0.0682794
0.0682794
0.0682794
0.0682794
0.0682794
0.0682794
0.0682794
0.0682794
0.0682794
0.0682794
0.0663057
0.0680689
0.0682675
0.068279
0.0682794
0.0682794
0.0682794
0.0682794
0.0682794
0.0682793
0.0682793
0.0682793
0.0682794
0.0682794
0.0682794
0.0682794
0.0682794
0.0682794
0.0682794
0.0682794
0.0682794
0.0682794
0.0682794
0.0682794
0.0663057
0.0680689
0.0682675
0.068279
0.0682794
0.0682794
0.0682794
0.0682794
0.0682794
0.0682794
0.0682794
0.0682794
0.0682794
0.0682794
0.0682794
0.0682794
0.0682794
0.0682794
0.0682794
0.0682794
0.0682794
0.0682794
0.0682794
0.0682794
0.0663057
0.0680689
0.0682675
0.068279
0.0682794
0.0682794
0.0682794
0.0682794
0.0682794
0.0682794
0.0682794
0.0682794
0.0682794
0.0682794
0.0682794
0.0682794
0.0682794
0.0682794
0.0682794
0.0682794
0.0682794
0.0682794
0.0682794
0.0682794
0.0663057
0.0680689
0.0682675
0.068279
0.0682794
0.0682794
0.0682794
0.0682794
0.0682794
0.0682794
0.0682794
0.0682794
0.0682794
0.0682794
0.0682794
0.0682794
0.0682794
0.0682794
0.0682794
0.0682794
0.0682794
0.0682794
0.0682794
0.0682794
0.0663075
0.0680691
0.0682675
0.068279
0.0682794
0.0682794
0.0682794
0.0682794
0.0682794
0.0682794
0.0682794
0.0682794
0.0682794
0.0682794
0.0682794
0.0682794
0.0682794
0.0682794
0.0682794
0.0682794
0.0682794
0.0682794
0.0682794
0.0682794
0.0663336
0.0680721
0.0682676
0.068279
0.0682794
0.0682794
0.0682794
0.0682794
0.0682794
0.0682794
0.0682794
0.0682794
0.0682794
0.0682794
0.0682794
0.0682794
0.0682794
0.0682794
0.0682794
0.0682794
0.0682794
0.0682794
0.0682794
0.0682794
0.0665209
0.0680946
0.0682689
0.0682791
0.0682794
0.0682794
0.0682794
0.0682794
0.0682794
0.0682794
0.0682794
0.0682794
0.0682794
0.0682794
0.0682794
0.0682794
0.0682794
0.0682794
0.0682794
0.0682794
0.0682794
0.0682794
0.0682794
0.0682794
0.0682794
0.0671383
0.0681634
0.068273
0.0682792
0.0682794
0.0682794
0.0682794
0.0682794
0.0682794
0.0682794
0.0682794
0.0682794
0.0682794
0.0682794
0.0682794
0.0682794
0.0682794
0.0682794
0.0682794
0.0682794
0.0682794
0.0682794
0.0682794
0.0682794
0.067887
0.0682414
0.0682775
0.0682793
0.0682794
0.0682794
0.0682794
0.0682794
0.0682794
0.0682794
0.0682794
0.0682794
0.0682794
0.0682794
0.0682794
0.0682794
0.0682794
0.0682794
0.0682794
0.0682794
0.0682794
0.0682794
0.0682794
0.0682794
0.0682794
0.0682129
0.0682736
0.0682791
0.0682794
0.0682794
0.0682794
0.0682794
0.0682794
0.0682794
0.0682794
0.0682794
0.0682794
0.0682794
0.0682794
0.0682794
0.0682794
0.0682794
0.0682794
0.0682794
0.0682794
0.0682794
0.0682794
0.0682794
0.0682793
0.0682794
0.0682738
0.068279
0.0682794
0.0682794
0.0682794
0.0682794
0.0682794
0.0682794
0.0682794
0.0682794
0.0682794
0.0682794
0.0682794
0.0682794
0.0682794
0.0682794
0.0682794
0.0682794
0.0682794
0.0682794
0.0682794
0.0682794
0.0682794
0.0682788
0.0682792
0.0682792
0.0682794
0.0682794
0.0682794
0.0682794
0.0682794
0.0682794
0.0682794
0.0682794
0.0682794
0.0682794
0.0682794
0.0682794
0.0682794
0.0682794
0.0682794
0.0682794
0.0682794
0.0682794
0.0682794
0.0682794
0.0682794
0.0682794
0.0682774
0.0682789
0.0682794
0.0682794
0.0682794
0.0682794
0.0682794
0.0682794
0.0682794
0.0682794
0.0682794
0.0682794
0.0682794
0.0682794
0.0682794
0.0682794
0.0682794
0.0682794
0.0682794
0.0682794
0.0682794
0.0682794
0.0682794
0.0682794
0.0682793
0.0682759
0.0682785
0.0682794
0.0682794
0.0682794
0.0682794
0.0682794
0.0682794
0.0682794
0.0682794
0.0682794
0.0682794
0.0682794
0.0682794
0.0682794
0.0682794
0.0682794
0.0682794
0.0682794
0.0682794
0.0682794
0.0682794
0.0682794
0.0682794
0.0682793
0.068275
0.0682783
0.0682794
0.0682794
0.0682794
0.0682794
0.0682794
0.0682794
0.0682794
0.0682794
0.0682794
0.0682794
0.0682794
0.0682794
0.0682794
0.0682794
0.0682794
0.0682794
0.0682794
0.0682794
0.0682794
0.0682794
0.0682794
0.0682794
0.0682793
0.0682742
0.0682781
0.0682794
0.0682794
0.0682794
0.0682794
0.0682794
0.0682794
0.0682794
0.0682794
0.0682794
0.0682794
0.0682794
0.0682794
0.0682794
0.0682794
0.0682794
0.0682794
0.0682794
0.0682794
0.0682794
0.0682794
0.0682794
0.0682794
0.0682793
0.0682739
0.068278
0.0682794
0.0682794
0.0682794
0.0682794
0.0682794
0.0682794
0.0682794
0.0682794
0.0682794
0.0682794
0.0682794
0.0682794
0.0682794
0.0682794
0.0682794
0.0682794
0.0682794
0.0682794
0.0682794
0.0682794
0.0682794
0.0682794
0.0682794
0.0682794
0.0682794
0.0682794
0.0682794
0.0682794
0.0682794
0.0682792
0.0682793
0.0682769
0.0682743
0.0682775
0.0682706
0.0682088
0.0682454
0.0681679
0.0677972
0.0679707
0.0675551
0.0666077
0.0668367
0.0658331
0.065167
0.0647291
0.0638094
0.0644905
0.063226
0.0629265
0.0643494
0.0627983
0.062752
0.0643348
0.0627378
0.0627341
0.0643341
0.0627333
0.0627331
0.0643341
0.0627331
0.0627331
0.0643342
0.0627331
0.0627333
0.0643378
0.0627341
0.0627378
0.0643872
0.062752
0.0627983
0.0647257
0.0629265
0.0632259
0.065832
0.0638094
0.0647291
0.0673041
0.0658331
0.0668367
0.0680782
0.0675551
0.0679707
0.0682586
0.0681679
0.0682454
0.0682783
0.0682706
0.0682775
0.0682794
0.068279
0.0682793
0.0682794
0.0682794
0.0682794
0.0682794
0.0682794
0.0682794
0.0682794
0.0682794
0.0682794
0.0682794
0.0682794
0.0682794
0.0682792
0.0682793
0.068279
0.0682582
0.0682685
0.068234
0.0682784
0.068279
0.0682772
0.0681979
0.0682484
0.068156
0.0682751
0.0682781
0.0682727
0.0681185
0.0682315
0.0680924
0.0682704
0.0682774
0.0682689
0.0680781
0.068226
0.0680718
0.0680695
0.0682253
0.0680689
0.0194797
0.0249288
0.0301769
0.0340786
0.0340786
0.0301764
0.0194806
0.0680687
0.0682252
0.0680687
0.0680687
0.0682252
0.0680687
0.0680687
0.0682253
0.0680689
0.0247757
0.0169207
0.0185447
0.0169243
0.0680695
0.068226
0.0680718
0.0680781
0.0682315
0.0680924
0.0681185
0.0682484
0.068156
0.0681979
0.0682685
0.068234
0.0682582
0.0682775
0.0682706
0.0680334
0.0682454
0.0681679
0.0667726
0.0679707
0.0675551
0.0633354
0.0668367
0.0658331
0.0594709
0.0647291
0.0638094
0.0580621
0.063226
0.0629265
0.0578194
0.0627984
0.062752
0.0577954
0.0627378
0.0627341
0.057794
0.0627334
0.0627332
0.057794
0.0627332
0.0627332
0.0577943
0.0627332
0.0627334
0.0578003
0.0627341
0.0627378
0.0578823
0.062752
0.0627984
0.0585103
0.0629265
0.0632259
0.0611689
0.0638094
0.0647291
0.0653309
0.0658331
0.0668367
0.0676206
0.067555
0.0679707
0.0682011
0.0681679
0.0682454
0.0682745
0.0682706
0.0682775
0.0682792
0.068279
0.0682793
0.0682794
0.0682794
0.0682794
0.0682794
0.0682794
0.0682794
0.0682794
0.0682794
0.0682794
0.0380502
0.0121255
0.012102
0.0573727
0.0655414
0.0678829
0.0682491
0.0682794
0.0682794
0.0682794
0.0682794
0.0682794
0.0682794
0.0682793
0.0682791
0.0682349
0.0680922
0.0625542
0.0547644
0.040094
0.00921392
0.0677985
0.0665482
0.067714
0.0682794
0.0682794
0.0682794
0.0682794
0.0682794
0.0682794
0.0682794
0.0682794
0.0682794
0.0682794
0.0682794
0.0682794
0.0682794
0.0682794
0.0682794
0.0682794
0.0682794
0.0682794
0.0682794
0.0682794
0.0682794
0.0682794
0.0682794
0.0682794
0.0682794
0.0682794
0.0682794
0.0682794
0.0682794
0.0682794
0.0682794
0.0682794
0.0682794
0.0682794
0.0682794
0.0682794
0.0682794
0.0682794
0.0682794
0.0682794
0.0682793
0.0682788
0.0682767
0.0682698
0.06825
0.0682055
0.0439532
0.0533285
0.0439104
0.0532956
0.0573886
0.0655629
0.0116525
0.0329756
0.0329504
0.0436909
0.0481001
0.0677396
0.0679214
0.0647948
0.0673317
0.0637482
0.0670134
0.0682794
0.0682794
0.0676385
0.067979
0.0604512
0.0647043
0.060431
0.064694
0.0678893
0.0682499
0.0490541
0.0590705
0.0598369
0.0636664
0.0647615
0.0652245
0.063251
0.0668214
0.0630575
0.0667229
0.0682794
0.0682794
0.0674792
0.0679019
0.0668542
0.0677853
0.0668498
0.0677837
0.0682794
0.0682794
0.0644163
0.0668672
0.0670409
0.0677532
0.0679059
0.0679756
0.0629748
0.066676
0.0629405
0.066655
0.0682794
0.0682794
0.0674358
0.0678789
0.068131
0.0682409
0.0681305
0.0682407
0.0682794
0.0682794
0.0682794
0.0682794
0.0678312
0.0681562
0.0682794
0.0682794
0.0682794
0.0682794
0.0682794
0.0682794
0.0682794
0.0682794
0.0682794
0.0682794
0.0682794
0.0682794
0.0682794
0.0682794
0.0682794
0.0682794
0.0682794
0.0682794
0.0682794
0.0682794
0.0682794
0.0682792
0.0682794
0.0682794
0.0682765
0.0682792
0.0682787
0.0682524
0.0682771
0.0682729
0.0681708
0.0682645
0.0682521
0.0681079
0.0682401
0.0682363
0.0682439
0.0682571
0.0682633
0.0682753
0.0629276
0.0666463
0.062923
0.0666429
0.0682794
0.0682794
0.0674275
0.0678745
0.0682708
0.0682707
0.0682777
0.0682794
0.0682502
0.0682734
0.0166957
0.0170698
0.0682789
0.0682791
0.0682794
0.0682794
0.0682794
0.0682794
0.0629212
0.0666416
0.0629207
0.0666411
0.0682794
0.0682794
0.0674263
0.0682791
0.0682793
0.0682794
0.0682794
0.0682783
0.0682792
0.0169026
0.0170698
0.0170697
0.0682793
0.0682794
0.0682794
0.0682794
0.0682794
0.0682794
0.0682794
0.0682792
0.0682789
0.0629209
0.066641
0.0629216
0.066641
0.0682794
0.0682794
0.067426
0.0678736
0.0682791
0.0682793
0.0682791
0.0682794
0.0682794
0.0682792
0.0682783
0.0170693
0.013338
0.0133436
0.0682794
0.0682794
0.0682794
0.0682794
0.0682794
0.0682794
0.0682794
0.0629223
0.0666407
0.0629205
0.0666397
0.0682794
0.0682794
0.0674254
0.0678733
0.0682777
0.0682707
0.0682794
0.0682794
0.0682734
0.0682502
0.00946293
0.0682794
0.0682794
0.0682794
0.0682794
0.0682794
0.0682794
0.0629071
0.0666384
0.0628678
0.0666424
0.0682794
0.0674346
0.0682409
0.068131
0.0682407
0.0681305
0.0682794
0.0682794
0.0681562
0.0678312
0.0682794
0.0682794
0.0682794
0.0682794
0.0682794
0.0682794
0.0682792
0.0682793
0.0682793
0.0682792
0.0682794
0.0682794
0.0682794
0.0682773
0.0682786
0.0682764
0.0682794
0.0682794
0.0682794
0.0682619
0.0682699
0.0682531
0.0682789
0.0682735
0.0682138
0.0682165
0.0681617
0.0628506
0.0666781
0.0629734
0.0668083
0.0682794
0.0682794
0.0675473
0.0677853
0.0668542
0.0677838
0.0668498
0.0682794
0.0682794
0.0668672
0.0644162
0.0681327
0.0682185
0.0681627
0.0670177
0.0664752
0.0680569
0.0679552
0.0665225
0.0664226
0.0679069
0.0678701
0.0663698
0.0663271
0.0678434
0.0678082
0.0662494
0.0659387
0.0677322
0.0675874
0.063443
0.0647423
0.0671019
0.0674228
0.0675643
0.0682794
0.0682794
0.0679072
0.0681037
0.0647041
0.060451
0.064694
0.060431
0.0682794
0.0682794
0.0590703
0.0490536
0.0682794
0.0682794
0.0681963
0.068237
0.0533285
0.0439533
0.0532959
0.0439106
0.0682794
0.0682794
0.0329753
0.0116525
0.0682794
0.0682794
0.0682691
0.0682739
0.068249
0.0682731
0.0682776
0.068279
0.0682793
0.0682794
0.0682794
0.0682794
0.0682792
0.0682781
0.0682472
0.0669162
0.0647311
0.0602783
0.0527265
0.042949
0.0429578
0.0527429
0.060291
0.0647382
0.0669194
0.0678274
0.0681496
0.0682473
0.0682781
0.0682792
0.0682794
0.0682794
0.0682794
0.0682794
0.0682794
0.0682794
0.0682794
0.0682794
0.0682794
0.0682794
0.0682794
0.0682794
0.0682209
0.0681097
0.0253913
0.0151055
0.0682794
0.0682794
0.0678362
0.0673065
0.0222364
0.0142376
0.0129661
0.0142339
0.021675
0.0222398
0.0365107
0.0682794
0.0682794
0.0664806
0.0654812
0.0682794
0.0682794
0.0646079
0.0640557
0.0682794
0.0682794
0.0637779
0.0636621
0.0682794
0.0682794
0.0636061
0.0636055
0.0682794
0.0682794
0.0636053
0.0636053
0.0682794
0.0636053
0.0682794
0.0636055
0.0682794
0.0682794
0.0636622
0.0637783
0.0682794
0.0640565
0.0646095
0.0682794
0.065484
0.0664842
0.0682794
0.0682794
0.0682794
0.0682794
0.0681093
0.068224
0.0682791
0.0682793
0.0682758
0.0682782
0.0682791
0.0682787
0.0682765
0.0682786
0.0682794
0.0682794
0.0682754
0.0682783
0.0682794
0.0682794
0.0682747
0.0682782
0.0682794
0.0682794
0.0682738
0.068278
0.0682794
0.0682794
0.0682748
0.0682782
0.0682794
0.0682794
0.0682794
0.0682794
0.0682794
0.0682794
0.0682794
0.0682794
0.0682794
0.0682794
0.0682794
0.0682794
0.0682794
0.0682794
0.0682794
0.0682794
0.0682794
0.0682794
0.0682794
0.0682794
0.0682794
0.0682794
0.0682794
0.0682794
0.0682794
0.0682794
0.0682794
0.0682794
0.0682793
0.0682794
0.0682787
0.0682791
0.0309185
0.0170698
0.0291546
0.0289367
0.0169502
0.0289656
0.0296791
0.0296743
0.0166657
0.0154209
0.0170482
0.0169778
0.0170698
0.0170698
0.0170698
0.0170698
0.0170698
0.0170698
0.0170698
0.0170698
0.0170561
0.0170351
0.01668
0.0162099
0.016726
0.0170559
0.0170482
0.0167846
0.0170415
0.0170698
0.0170698
0.0170698
0.0157605
0.0108384
0.0158792
0.0109708
0.0152322
0.0151221
0.0151281
0.0129702
0.0148382
0.0165795
0.0147662
0.0104155
0.0170647
0.0158274
0.0170079
0.0170681
0.0170683
0.0170694
0.0170698
0.0170697
0.0170698
0.0170698
0.0170698
0.0170698
0.0170698
0.0170698
0.0170698
0.0170698
0.0170698
0.0170698
0.0170698
0.0170698
0.0170698
0.0170698
0.0170698
0.0170697
0.0170694
0.0170689
0.0167663
0.0170085
0.0166064
0.0163147
0.0159353
0.0163014
0.0138003
0.0170698
0.0170698
0.0170644
0.0162651
0.0170393
0.0170686
0.0170697
0.0170619
0.0162487
0.0170363
0.0170697
0.0170608
0.0170698
0.0170696
0.0170639
0.0170431
0.0170698
0.0170698
0.0170698
0.0170698
0.0170698
0.0170698
0.0170107
0.0170695
0.0170313
0.0168636
0.0149947
0.0169387
0.0170696
0.017047
0.0159436
0.0169932
0.0170698
0.0170698
0.0170698
0.0170698
0.0170081
0.0170697
0.0170521
0.0168585
0.0156091
0.0169985
0.0132376
0.0111566
0.0165701
0.0133119
0.0150839
0.0141994
0.0167665
0.0151197
0.0170665
0.0170609
0.0170698
0.0170698
0.013859
0.0117122
0.0168713
0.0139597
0.0165285
0.0121866
0.00484587
0.00156274
0.00880497
0.016713
0.0136479
0.0110461
0.0100079
0.0163965
0.0170681
0.016832
0.0166094
0.0168277
0.017069
0.0170691
0.0170696
0.0170698
0.0170698
0.0170698
0.0170698
0.0170698
0.0170698
0.0170698
0.0170698
0.0170698
0.0170698
0.0170698
0.0170698
0.0170698
0.0170059
0.0170326
0.0170698
0.0170698
0.0170698
0.0170698
0.0130285
0.0104209
0.0161893
0.0151745
0.0170137
0.0170689
0.0170698
0.0170698
0.0170698
0.0170697
0.0170698
0.0333654
0.0302731
0.0256372
0.0339194
0.0260457
0.0316795
0.0341358
0.0329818
0.0340938
0.0341358
0.0341277
0.0340938
0.0339194
0.0339828
0.0316793
0.0333647
0.0297431
0.025633
0.00363839
0.00963132
0.0170659
0.0170691
0.0170698
0.0170698
0.0170698
0.0170698
0.0170007
0.0168402
0.019737
0.0169516
0.0170602
0.0226366
0.0169683
0.0179413
0.0267227
0.0288359
0.0229056
0.03347
0.0320852
0.0334839
0.0339228
0.0340963
0.0339608
0.0341332
0.0341298
0.0341359
0.0341241
0.0340963
0.0341298
0.0334699
0.0339608
0.0334838
0.0323666
0.0288351
0.0320849
0.0226367
0.0229048
0.0179606
0.019676
0.0170698
0.0170698
0.016387
0.0162816
0.00585361
0.0175978
0.0169335
0.0115737
0.02009
0.0282286
0.020156
0.0282282
0.0171906
0.0185373
0.0225456
0.0113243
0.0229024
0.0301716
0.026698
0.0288348
0.0334315
0.0318625
0.0334313
0.0318626
0.0339546
0.0340972
0.0339546
0.0340972
0.033484
0.032366
0.0334698
0.0320852
0.0339609
0.0340786
0.0339228
0.0340963
0.0341364
0.0341306
0.0341364
0.0341306
0.0341306
0.0340972
0.0341306
0.0340972
0.0341359
0.0341241
0.0341332
0.0341298
0.0341298
0.0340786
0.0341241
0.0340963
0.0334314
0.0339545
0.0334312
0.0339546
0.0318623
0.0282276
0.0318622
0.0282276
0.033484
0.0339229
0.0334701
0.0339609
0.0320854
0.030178
0.0323674
0.0288361
0.0201665
0.0201664
0.0170698
0.0170698
0.0170698
0.0179613
0.026724
0.022637
0.0229062
0.0170069
0.016726
0.0170698
0.0170697
0.0169004
0.0188741
0.0143785
0.019142
0.0170164
0.0191624
0.0191604
0.0170691
0.0170698
0.0170698
0.0170698
0.0170698
0.0170697
0.0170698
0.0170667
0.0170693
0.0154426
0.0133091
0.0170698
0.0191626
0.0170697
0.0191627
0.0170698
0.0191631
0.0191628
0.0170698
0.0170664
0.0170692
0.0170666
0.0154404
0.0133945
0.0154631
0.003495
0.00951657
0.0162899
0.0170698
0.0191633
0.0170698
0.0191637
0.0170698
0.0191653
0.0191643
0.0170678
0.0170522
0.0170023
0.0190988
0.0189879
0.0184288
0.0187878
0.0170698
0.0170698
0.0170698
0.0170698
0.0170517
0.0170657
0.00961069
0.00360122
0.00360805
0.0158433
0.0165276
0.0156256
0.016277
0.00640235
0.0167695
0.0191679
0.0170613
0.019173
0.016304
0.0189939
0.0191649
0.0116909
0.0163143
0.016635
0.011204
0.0112326
0.013621
0.0170304
0.0170652
0.0170491
0.0178923
0.0169929
0.0125489
0.0170698
0.0170695
0.017069
0.0170697
0.0170698
0.0170698
0.0170698
0.0170698
0.0170698
0.0170698
0.0170698
0.0170698
0.0170698
0.0170698
0.0170698
0.0170698
0.0163971
0.0170698
0.0170698
0.0170698
0.0170698
0.0170698
0.0170698
0.0170692
0.0170498
0.0159354
0.0170266
0.0168928
0.0170196
0.0170698
0.0170698
0.0170698
0.0170698
0.0170698
0.0170698
0.0170698
0.0170698
0.0192336
0.0193466
0.0170781
0.0175655
0.0186021
0.0181301
0.0170289
0.0170674
0.0170698
0.0170693
0.0168675
0.0168908
0.014733
0.0163481
0.0160743
0.0170025
0.0170597
0.0169409
0.0167938
0.0190093
0.0189067
0.0190705
0.0191492
0.0191409
0.0170698
0.0170698
0.0170698
0.0170698
0.0170698
0.0170698
0.0170698
0.0170698
0.0170698
0.0170698
0.0170698
0.0170698
0.0170698
0.0170698
0.0170698
0.015408
0.0133481
0.0170698
0.0170697
0.0170698
0.0170698
0.0170698
0.0170698
0.0170698
0.0170698
0.0170697
0.0170698
0.0170698
0.0170698
0.0170698
0.0170698
0.0170698
0.0170698
0.0170698
0.0170698
0.0170698
0.0153896
0.0164054
0.0167379
0.0189427
0.0182086
0.0170626
0.0170211
0.017016
0.0169532
0.0168954
0.0169212
0.0168557
0.016989
0.015818
0.0167302
0.0194573
0.0186106
0.0192871
0.0192587
0.019297
0.0192998
0.0192879
0.0190318
0.0191938
0.0176168
0.0194766
0.0168364
0.0167405
0.0168994
0.0169903
0.0170698
0.0170698
0.0170698
0.0160909
0.0156784
0.0128427
0.0129257
0.0108269
0.0102735
0.0141112
0.0125337
0.0120681
0.00641578
0.006641
0.015921
0.0156469
0.0152173
0.0133424
0.0159044
0.0138376
0.0170535
0.0170539
0.0164754
0.016459
0.0170248
0.0168005
0.0169392
0.0170683
0.0170658
0.0170643
0.0170693
0.0170692
0.0170697
0.0170697
0.0170698
0.0170698
0.0170698
0.0170698
0.0170698
0.0170698
0.0170698
0.0170698
0.0170698
0.0170698
0.0170698
0.0170698
0.0170698
0.0170698
0.0170698
0.0170698
0.0170698
0.0170698
0.0170698
0.0170698
0.0170698
0.0170698
0.0170698
0.0170698
0.0170698
0.0170698
0.0170698
0.0170698
0.0170698
0.0170698
0.0170698
0.0170698
0.0170698
0.0170698
0.0170698
0.0170698
0.0170698
0.017069
0.0170674
0.0170696
0.0170679
0.0170565
0.0170677
0.0170659
0.0169607
0.0168969
0.0170554
0.0169808
0.0170038
0.016494
0.0160179
0.0166364
0.0154454
0.0156565
0.0145409
0.0166722
0.0158567
0.0116372
0.0120871
0.0146269
0.015426
0.0124595
0.0108873
0.0170698
0.0170698
0.0170698
0.0170698
0.0170698
0.0170698
0.0170497
0.017058
0.0164813
0.0167644
0.0170488
0.016967
0.0170696
0.017067
0.0170697
0.0170695
0.0170645
0.017068
0.0167515
0.0155596
0.0147726
0.0163989
0.0169342
0.0169824
0.0168101
0.0169601
0.0170694
0.0170696
0.0170694
0.0170295
0.0170443
0.0170634
0.0170677
0.0170698
0.0170696
0.0170684
0.0170694
0.0170675
0.0170671
0.0170685
0.0170313
0.0170631
0.0170698
0.0170698
0.0170698
0.0170698
0.0170698
0.0170698
0.0170552
0.017009
0.0170693
0.0170677
0.0170173
0.0170601
0.0164484
0.0168585
0.0139825
0.016108
0.0168887
0.0166868
0.0170686
0.0170698
0.0170698
0.0170698
0.0170698
0.017064
0.0165306
0.0170698
0.0170698
0.0170698
0.0170698
0.0170698
0.0168499
0.0170698
0.0170698
0.0170698
0.0170698
0.0170698
0.0170698
0.0170698
0.0170698
0.0170698
0.0170698
0.0170698
0.0170542
0.0170099
0.0170548
0.0164422
0.0168635
0.0164542
0.00376479
0.0110265
0.0111232
0.00663458
0.0100487
0.00987159
0.0163965
0.0161137
0.0112254
0.0150567
0.0141764
0.0170698
0.0170698
0.0170698
0.0170698
0.0170698
0.0137637
0.0165251
0.0170687
0.017068
0.0170698
0.0170698
0.0170698
0.0159703
0.0164161
0.016845
0.0170698
0.0170698
0.0170698
0.0170698
0.0170697
0.017069
0.0170682
0.0170692
0.0170695
0.0170679
0.0170553
0.0170664
0.0170698
0.0170697
0.0170698
0.0170697
0.0170695
0.0133155
0.00957962
0.00360231
0.00384997
0.0142413
0.0100364
0.0136824
0.00967303
0.0163716
0.01594
0.0106393
0.0145795
0.00364755
0.00387006
0.00705464
0.00266636
0.0056776
0.00545062
0.0163014
0.0170647
0.0170614
0.0167364
0.016857
0.0169988
0.0153544
0.00281092
0.0106102
0.0162004
0.016516
0.0158216
0.00756828
0.00662214
0.014289
0.0163594
0.0153755
0.0169297
0.0168138
0.0169906
0.0168554
0.0170239
0.0170377
0.0164805
0.0170689
0.0169574
0.0169014
0.0170651
0.0170607
0.017028
0.0170698
0.0170697
0.0170681
0.0170698
0.0170698
0.0170698
0.0170698
0.0170698
0.0170698
0.0170698
0.0170698
0.0170698
0.0170698
0.0170698
0.0170698
0.0170698
0.0170698
0.0170698
0.0170698
0.0170698
0.0170698
0.0170698
0.0170698
0.0170698
0.0170698
0.0170698
0.0170698
0.0170698
0.0170698
0.0170698
0.0170685
0.0170581
0.0170499
0.017066
0.0170081
0.0170598
0.0169796
0.0170698
0.0170698
0.0170698
0.0170698
0.0170698
0.0136339
0.0142472
0.011235
0.00445098
0.0165821
0.0153609
0.0142611
0.0134513
0.00545027
0.0170593
0.0170673
0.0170576
0.0170698
0.0170698
0.0170698
0.0170698
0.0170694
0.0170698
0.0170698
0.0170698
0.0170698
0.0170698
0.0170698
0.0170698
0.0170698
0.0170698
0.0170698
0.0180572
0.0181461
0.0680334
0.0681174
0.0677847
0.0667726
0.0669834
0.0653603
0.0594709
0.0546143
0.0516374
0.058062
0.0503224
0.0498094
0.0578194
0.0496224
0.0495601
0.0577953
0.0495416
0.0495368
0.057794
0.0495358
0.0495356
0.057794
0.0495355
0.0495355
0.0577942
0.0495356
0.0495358
0.0578003
0.0495368
0.0495416
0.0578822
0.0495601
0.0496224
0.0585102
0.0498094
0.0503224
0.061169
0.0516373
0.0546143
0.0653309
0.0587901
0.0626125
0.0676206
0.0653603
0.0669834
0.0682011
0.0677847
0.0681174
0.0682745
0.068234
0.0682685
0.0682792
0.0682772
0.068279
0.0682794
0.0682793
0.0682794
0.0682794
0.0682794
0.0682794
0.0682794
0.0682794
0.0682794
0.0682794
0.0682794
0.0682793
0.0674301
0.0678573
0.0670346
0.0633849
0.0651045
0.0612383
0.0391977
0.0357363
0.0341397
0.0384267
0.0341397
0.0341395
0.0383382
0.0341394
0.0341389
0.0383304
0.0341389
0.0341395
0.0383299
0.0341396
0.0341397
0.0383299
0.0341397
0.0341397
0.03833
0.0341397
0.0341395
0.038332
0.0341393
0.0341389
0.0383597
0.0341389
0.0341395
0.038624
0.0341396
0.0341397
0.0447231
0.0341397
0.0357363
0.0587846
0.0447065
0.0545946
0.0660876
0.0612383
0.0651044
0.0679957
0.0670345
0.0678573
0.0682593
0.068156
0.0682484
0.0682786
0.0682727
0.0682781
0.0682794
0.0682792
0.0682794
0.0682794
0.0682794
0.0682794
0.0682794
0.0682794
0.0682794
0.0682793
0.0682794
0.0682792
0.0666957
0.0676525
0.0664717
0.0595626
0.0637859
0.0586232
0.0341397
0.0341397
0.0341388
0.0341388
0.0341364
0.0340746
0.0341354
0.0340184
0.0338762
0.0341387
0.0338945
0.0340673
0.0341397
0.034106
0.0341386
0.0341397
0.0341394
0.0341386
0.0341387
0.0341355
0.0340673
0.0341354
0.0340101
0.0338759
0.0341388
0.0338975
0.0340745
0.0341397
0.0341106
0.0341388
0.0341397
0.0341395
0.0341397
0.051614
0.03861
0.050306
0.0642929
0.0586232
0.0637859
0.0677356
0.0664716
0.0676525
0.0682384
0.0680924
0.0682315
0.0682777
0.0682689
0.0682774
0.0682793
0.0682791
0.0682793
0.0682794
0.0682794
0.0682794
0.0682794
0.0682794
0.0682794
0.0682791
0.0682793
0.0682791
0.0663527
0.0675873
0.0663008
0.0581891
0.0634212
0.0580166
0.0341368
0.0341394
0.0341034
0.0339436
0.0340147
0.0320862
0.0339434
0.0261626
0.0320876
0.0341368
0.0332027
0.0341035
0.0341397
0.0341307
0.0341396
0.0497994
0.0383489
0.049616
0.0635295
0.0580166
0.0634211
0.0676073
0.0663008
0.0675873
0.0682277
0.0680718
0.068226
0.0682772
0.0682676
0.0682772
0.0682793
0.068279
0.0682793
0.0682794
0.0682794
0.0682794
0.0682794
0.0682794
0.0682794
0.068279
0.0682793
0.068279
0.0662819
0.0675779
0.0662761
0.0579566
0.0633704
0.0579385
0.0340819
0.0341387
0.0340396
0.0340822
0.0317997
0.0340408
0.0341396
0.0341143
0.0341395
0.0495553
0.0383219
0.0495374
0.0633822
0.0579386
0.0633703
0.0675801
0.0662761
0.0675779
0.0682254
0.0680689
0.0682253
0.0682772
0.0682675
0.0682771
0.0682793
0.068279
0.0682793
0.0682794
0.0682794
0.0682794
0.0682794
0.0682794
0.0682794
0.068279
0.0682793
0.068279
0.0662747
0.0675772
0.0662744
0.0579338
0.0633666
0.0579328
0.0340362
0.0341386
0.0340347
0.0340376
0.0317182
0.0340363
0.0341395
0.0341131
0.0341395
0.0495328
0.03832
0.0495317
0.0633672
0.0579328
0.0633665
0.0675773
0.0662743
0.0675772
0.0682253
0.0680687
0.0682252
0.0682771
0.0682675
0.0682771
0.0682793
0.068279
0.0682793
0.0682794
0.0682794
0.0682794
0.0682794
0.0682794
0.0682794
0.068279
0.0682793
0.068279
0.0662743
0.0675772
0.0662744
0.0579326
0.0633666
0.0579328
0.0340346
0.0341386
0.0340345
0.0340363
0.0317037
0.0340358
0.0341395
0.034113
0.0341395
0.0495316
0.03832
0.0495317
0.0633664
0.0579328
0.0633665
0.0675772
0.0662743
0.0675772
0.0682252
0.0680687
0.0682252
0.0682771
0.0682675
0.0682771
0.0682793
0.068279
0.0682793
0.0682794
0.0682794
0.0682794
0.0682794
0.0682794
0.0682794
0.068279
0.0682793
0.068279
0.0340344
0.0341386
0.0340347
0.0340353
0.0316851
0.0340345
0.0341395
0.0341127
0.0341395
0.0495328
0.0383219
0.0495374
0.0633672
0.0579386
0.0633703
0.0675773
0.0662761
0.0675779
0.0682253
0.0680689
0.0682253
0.0682771
0.0682675
0.0682771
0.0682793
0.068279
0.0682793
0.0682794
0.0682794
0.0682794
0.0682794
0.0682794
0.0682794
0.068279
0.0682793
0.068279
0.0662819
0.0675873
0.0663008
0.0579566
0.0634212
0.0580165
0.0383279
0.0496159
0.0383489
0.0340358
0.0341389
0.0340592
0.0340348
0.0319255
0.0340475
0.0341395
0.034116
0.0341395
0.0495553
0.0383489
0.049616
0.0633822
0.0580165
0.0634211
0.06758
0.0663008
0.0675873
0.0682254
0.0680718
0.068226
0.0682772
0.0682676
0.0682772
0.0682793
0.068279
0.0682793
0.0682794
0.0682794
0.0682794
0.0682794
0.0682794
0.0682794
0.068279
0.0682793
0.068279
0.0663527
0.0676525
0.0664717
0.0581891
0.0637859
0.0586232
0.0384148
0.0503061
0.0386101
0.034078
0.0341396
0.0341291
0.0306192
0.0341009
0.0333966
0.0340618
0.0336331
0.0341208
0.0341396
0.0341351
0.0341397
0.0497994
0.03861
0.050306
0.0635295
0.0586232
0.0637859
0.0676073
0.0664716
0.0676525
0.0682277
0.0680924
0.0682315
0.0682772
0.0682689
0.0682774
0.0682793
0.0682791
0.0682793
0.0682794
0.0682794
0.0682794
0.0682794
0.0682794
0.0682794
0.068279
0.0682793
0.0682791
0.0666957
0.0678573
0.0670346
0.0595626
0.0651045
0.0612383
0.0391815
0.0545946
0.0447066
0.0341356
0.0357363
0.0341396
0.0338154
0.0341394
0.0341308
0.0321681
0.0341192
0.0340711
0.0317151
0.0340588
0.0340494
0.0317071
0.0340491
0.0340491
0.031707
0.0340491
0.0340491
0.0317093
0.0340491
0.0340491
0.0319489
0.0340495
0.0340599
0.033635
0.0340734
0.0341226
0.0341315
0.0341328
0.0341395
0.0341397
0.0341397
0.0357363
0.051614
0.0447065
0.0545946
0.0642929
0.0612383
0.0651044
0.0677356
0.0670345
0.0678573
0.0682384
0.068156
0.0682484
0.0682777
0.0682727
0.0682781
0.0682793
0.0682792
0.0682794
0.0682794
0.0682794
0.0682794
0.0682794
0.0682794
0.0682794
0.0682791
0.0682794
0.0682792
0.0674301
0.0681174
0.0677847
0.0633849
0.0669834
0.0653603
0.0522033
0.0626125
0.05879
0.0391976
0.0546142
0.0516372
0.0384264
0.0503224
0.0498095
0.0383332
0.0496226
0.0495603
0.0383231
0.0495419
0.0495371
0.0383226
0.049536
0.0495358
0.0383226
0.0495358
0.0495358
0.0383227
0.0495358
0.049536
0.0383252
0.0495371
0.0495419
0.0383581
0.0495603
0.0496226
0.0386239
0.0498095
0.0503224
0.0447231
0.0516372
0.0546142
0.0587846
0.05879
0.0626125
0.0660876
0.0653603
0.0669834
0.0679957
0.0677847
0.0681174
0.0682593
0.068234
0.0682685
0.0682786
0.0682772
0.068279
0.0682794
0.0682793
0.0682794
0.0682794
0.0682794
0.0682794
0.0682794
0.0682794
0.0682794
0.0682793
0.0682794
0.0682793
0.013276
0.0436055
0.0359599
0.0668314
0.0668417
0.067961
0.068268
0.0682467
0.0682781
0.0682794
0.0682794
0.0682794
0.0682794
0.0682794
0.0682794
0.0682794
0.0682794
0.0682794
0.0682794
0.0682794
0.0682794
0.0682793
0.0682794
0.0682794
0.0682779
0.0682792
0.0682783
0.0682385
0.0682733
0.0682503
0.0676813
0.0681602
0.0678611
0.063429
0.0670184
0.0650122
0.0456301
0.0610051
0.0544148
0.0159235
0.046111
0.0413984
0.0165101
0.0455452
0.0423906
0.0453964
0.0464828
0.0544592
0.0633433
0.0610166
0.0650524
0.0682794
0.0682794
0.0682794
0.0682794
0.0682794
0.0682794
0.0682794
0.0682794
0.0682794
0.0682794
0.0682794
0.0682794
0.0682794
0.0682794
0.0682794
0.0682794
0.0682794
0.0682794
0.0682794
0.0682794
0.0682794
0.0682794
0.0682794
0.0682794
0.0682794
0.0682794
0.0682794
0.0682794
0.0682794
0.0682794
0.0682794
0.0682794
0.0682794
0.0682794
0.0682794
0.0682794
0.0682794
0.0682794
0.0682794
0.0682794
0.0682794
0.0682794
0.0682794
0.0682794
0.0682794
0.0682794
0.0682794
0.0682794
0.0682794
0.0682794
0.0682794
0.0682794
0.0682794
0.0682794
0.0682794
0.0682794
0.0682794
0.0682794
0.0682794
0.0682794
0.0682787
0.0682792
0.0682786
0.0682683
0.0682759
0.0682659
0.068179
0.0682347
0.0681542
0.0512113
0.062378
0.0602441
0.068247
0.0682683
0.0682781
0.0682794
0.0682794
0.0682794
0.0682794
0.0682794
0.0682794
0.0682794
0.0682794
0.0682794
0.0682794
0.0682794
0.0682794
0.0682794
0.0682794
0.0682794
0.0682794
0.0682794
0.0682794
0.0682788
0.0682793
0.0682792
0.0682635
0.068278
0.0682726
0.0680486
0.0682506
0.0681762
0.0665063
0.0679663
0.0674781
0.0612484
0.066558
0.0652056
0.0559025
0.0638071
0.0631532
0.0565037
0.0643182
0.0634341
0.0613123
0.0639241
0.0652411
0.0665576
0.0665865
0.0675105
0.0682794
0.0682794
0.0682794
0.0682794
0.0682794
0.0682794
0.0682794
0.0682794
0.0682794
0.0682794
0.0682794
0.0682794
0.0682794
0.0682794
0.0682794
0.0682794
0.0682794
0.0682794
0.0682794
0.0682794
0.0682794
0.0682794
0.0682794
0.0682794
0.0682794
0.0682794
0.0682794
0.0682794
0.0682794
0.0682794
0.0682794
0.0682794
0.0682794
0.0682794
0.0682794
0.0682794
0.0682794
0.0682794
0.0682794
0.0682794
0.0682794
0.0682794
0.0682794
0.0682794
0.0682794
0.0682794
0.0682794
0.0682794
0.0682794
0.0682794
0.0682794
0.0682794
0.0682794
0.0682794
0.0682794
0.0682794
0.0682794
0.0682793
0.0682794
0.0682793
0.0682785
0.0682792
0.0682784
0.0682638
0.068275
0.0682625
0.0681338
0.068223
0.0681209
0.0649428
0.0674202
0.0670666
0.0682794
0.0682794
0.0682794
0.0682794
0.0682794
0.0682794
0.0682794
0.0682794
0.0682794
0.0682794
0.0682794
0.0682794
0.0682794
0.0682794
0.0682794
0.0682794
0.0682794
0.0682794
0.0682794
0.0682794
0.0682794
0.0682793
0.0682794
0.0682794
0.0682771
0.0682793
0.0682787
0.0682413
0.0682764
0.0682678
0.0679734
0.0682422
0.0681806
0.0671122
0.0680639
0.0678964
0.0663931
0.0677337
0.0676709
0.0665083
0.0678508
0.0677084
0.0671252
0.0677442
0.0678979
0.0679887
0.0680673
0.068186
0.0682794
0.0682794
0.0682794
0.0682794
0.0682794
0.0682794
0.0682794
0.0682794
0.0682794
0.0682794
0.0682794
0.0682794
0.0682794
0.0682794
0.0682794
0.0682794
0.0682794
0.0682794
0.0682794
0.0682794
0.0682794
0.0682794
0.0682794
0.0682794
0.0682794
0.0682794
0.0682794
0.0682794
0.0682794
0.0682794
0.0682794
0.0682794
0.0682794
0.0682794
0.0682794
0.0682794
0.0682794
0.0682794
0.0682794
0.0682794
0.0682794
0.0682794
0.0682794
0.0682794
0.0682794
0.0682794
0.0682794
0.0682794
0.0682794
0.0682794
0.0682794
0.0682794
0.0682794
0.0682794
0.0682794
0.0682794
0.0682794
0.0682793
0.0682794
0.0682793
0.0682784
0.0682792
0.0682784
0.0682618
0.0682748
0.0682615
0.0681141
0.0682195
0.0681109
0.0678954
0.0682073
0.0681739
0.0681179
0.0682525
0.0682395
0.06817
0.0682409
0.0682523
0.0682538
0.0682649
0.0682735
0.0682794
0.0682794
0.0682794
0.0682794
0.0682794
0.0682794
0.0682794
0.0682794
0.0682794
0.0682794
0.0682794
0.0682794
0.0682794
0.0682794
0.0682794
0.0682794
0.0682794
0.0682794
0.0682794
0.0682794
0.0682794
0.0682794
0.0682794
0.0682794
0.0682794
0.0682794
0.0682794
0.0682794
0.0682794
0.0682794
0.0682794
0.0682794
0.0682794
0.0682794
0.0682794
0.0682794
0.0682794
0.0682794
0.0682794
0.0682794
0.0682794
0.0682794
0.0682794
0.0682794
0.0682794
0.0682794
0.0682794
0.0682794
0.0682794
0.0682794
0.0682794
0.0682794
0.0682794
0.0682794
0.0682794
0.0682794
0.0682794
0.0682793
0.0682794
0.0682793
0.0682784
0.0682792
0.0682784
0.0682614
0.0682747
0.0682613
0.0681095
0.0682188
0.0681089
0.0682543
0.068276
0.0682742
0.0682794
0.0682794
0.0682794
0.0682794
0.0682794
0.0682794
0.0682794
0.0682794
0.0682794
0.0682794
0.0682794
0.0682794
0.0682794
0.0682794
0.0682794
0.0682794
0.0682794
0.0682794
0.0682794
0.0682794
0.0682794
0.0682794
0.0682794
0.0682794
0.0682794
0.0682794
0.0682794
0.0682794
0.0682794
0.0682794
0.0682794
0.0682794
0.0682794
0.0682794
0.0682794
0.0682794
0.0682794
0.0682794
0.0682794
0.0682793
0.0682794
0.0682794
0.0682794
0.0682794
0.0682708
0.0682783
0.0682778
0.0682736
0.0682778
0.0682783
0.0682782
0.0682788
0.0682792
0.0682794
0.0682794
0.0682794
0.0682794
0.0682794
0.0682794
0.0682794
0.0682794
0.0682794
0.0682794
0.0682794
0.0682794
0.0682794
0.0682794
0.0682794
0.0682794
0.0682794
0.0682794
0.0682794
0.0682794
0.0682794
0.0682794
0.0682794
0.0682794
0.0682794
0.0682794
0.0682794
0.0682794
0.0682794
0.0682794
0.0682794
0.0682794
0.0682794
0.0682794
0.0682794
0.0682794
0.0682794
0.0682794
0.0682794
0.0682794
0.0682794
0.0682794
0.0682794
0.0682794
0.0682794
0.0682794
0.0682794
0.0682794
0.0682794
0.0682794
0.0682794
0.0682794
0.0682794
0.0682794
0.0682794
0.0682794
0.0682794
0.0682793
0.0682794
0.0682793
0.0682784
0.0682792
0.0682784
0.0682613
0.0682747
0.0682613
0.0681087
0.0682187
0.0681086
0.0682785
0.0682793
0.0682792
0.0682794
0.0682794
0.0682794
0.0682794
0.0682794
0.0682794
0.0682794
0.0682794
0.0682794
0.0682794
0.0682794
0.0682794
0.0682794
0.0682794
0.0682794
0.0682794
0.0682794
0.0682794
0.0682794
0.0682794
0.0682794
0.0682794
0.0682794
0.0682794
0.0682794
0.0682794
0.0682794
0.0682794
0.0682794
0.0682794
0.0682794
0.0682794
0.0682794
0.0682794
0.0682794
0.0682794
0.0682794
0.0682794
0.0682794
0.0682794
0.0682794
0.0682794
0.0682794
0.0682794
0.0682794
0.0682791
0.0682794
0.0682793
0.0682792
0.0682793
0.0682794
0.0682794
0.0682794
0.0682794
0.0682794
0.0682794
0.0682794
0.0682794
0.0682794
0.0682794
0.0682794
0.0682794
0.0682794
0.0682794
0.0682794
0.0682794
0.0682794
0.0682794
0.0682794
0.0682794
0.0682794
0.0682794
0.0682794
0.0682794
0.0682794
0.0682794
0.0682794
0.0682794
0.0682794
0.0682794
0.0682794
0.0682794
0.0682794
0.0682794
0.0682794
0.0682794
0.0682794
0.0682794
0.0682794
0.0682794
0.0682794
0.0682794
0.0682794
0.0682794
0.0682794
0.0682794
0.0682794
0.0682794
0.0682794
0.0682794
0.0682794
0.0682794
0.0682794
0.0682794
0.0682794
0.0682794
0.0682794
0.0682794
0.0682794
0.0682794
0.0682794
0.0682793
0.0682794
0.0682793
0.0682784
0.0682792
0.0682784
0.0682613
0.0682747
0.0682613
0.0681086
0.0682187
0.0681085
0.0682792
0.0682788
0.0682785
0.0682794
0.0682794
0.0682794
0.0682794
0.0682794
0.0682794
0.0682794
0.0682794
0.0682794
0.0682794
0.0682794
0.0682794
0.0682794
0.0682794
0.0682794
0.0682794
0.0682794
0.0682794
0.0682794
0.0682794
0.0682794
0.0682794
0.0682794
0.0682794
0.0682794
0.0682794
0.0682794
0.0682794
0.0682794
0.0682794
0.0682794
0.0682794
0.0682794
0.0682794
0.0682794
0.0682794
0.0682794
0.0682794
0.0682794
0.0682794
0.0682794
0.0682794
0.0682794
0.0682794
0.0682794
0.0682794
0.0682794
0.0682794
0.0682794
0.0682794
0.0682794
0.0682794
0.0682794
0.0682794
0.0682794
0.0682794
0.0682794
0.0682794
0.0682794
0.0682794
0.0682794
0.0682794
0.0682794
0.0682794
0.0682794
0.0682794
0.0682794
0.0682794
0.0682794
0.0682794
0.0682794
0.0682794
0.0682794
0.0682794
0.0682794
0.0682794
0.0682794
0.0682794
0.0682794
0.0682794
0.0682794
0.0682794
0.0682794
0.0682794
0.0682794
0.0682794
0.0682794
0.0682794
0.0682794
0.0682794
0.0682794
0.0682794
0.0682794
0.0682794
0.0682794
0.0682794
0.0682794
0.0682794
0.0682794
0.0682794
0.0682794
0.0682794
0.0682794
0.0682794
0.0682794
0.0682794
0.0682794
0.0682794
0.0682794
0.0682794
0.0682794
0.0682793
0.0682794
0.0682793
0.0682784
0.0682792
0.0682784
0.0682613
0.0682747
0.0682613
0.0681085
0.0682186
0.0681084
0.0682742
0.0682626
0.0682543
0.0682794
0.0682794
0.0682794
0.0682794
0.0682794
0.0682794
0.0682794
0.0682794
0.0682794
0.0682794
0.0682794
0.0682794
0.0682794
0.0682794
0.0682794
0.0682794
0.0682794
0.0682794
0.0682794
0.0682794
0.0682794
0.0682794
0.0682794
0.0682794
0.0682794
0.0682794
0.0682794
0.0682794
0.0682794
0.0682794
0.0682794
0.0682794
0.0682794
0.0682794
0.0682794
0.0682794
0.0682794
0.0682794
0.0682794
0.0682794
0.0682794
0.0682794
0.0682794
0.0682794
0.0682794
0.0682794
0.0682794
0.0682794
0.0682794
0.0682794
0.0682794
0.0682794
0.0682794
0.0682794
0.0682794
0.0682794
0.0682794
0.0682794
0.0682794
0.0682794
0.0682794
0.0682794
0.0682794
0.0682794
0.0682794
0.0682794
0.0682794
0.0682794
0.0682794
0.0682794
0.0682794
0.0682794
0.0682794
0.0682794
0.0682794
0.0682794
0.0682794
0.0682794
0.0682794
0.0682794
0.0682794
0.0682794
0.0682794
0.0682794
0.0682794
0.0682794
0.0682794
0.0682794
0.0682794
0.0682794
0.0682794
0.0682794
0.0682794
0.0682794
0.0682794
0.0682794
0.0682794
0.0682794
0.0682794
0.0682794
0.0682794
0.0682794
0.0682794
0.0682794
0.0682794
0.0682794
0.0682794
0.0682794
0.0682794
0.0682794
0.0682794
0.0682793
0.0682794
0.0682793
0.0682784
0.0682792
0.0682784
0.0682613
0.0682748
0.0682617
0.068109
0.0682199
0.0681119
0.0681739
0.0680123
0.0678954
0.0682794
0.0682794
0.0682794
0.0682794
0.0682794
0.0682794
0.0682794
0.0682794
0.0682794
0.0682794
0.0682794
0.0682794
0.0682794
0.0682794
0.0682794
0.0682794
0.0682794
0.0682794
0.0682794
0.0682794
0.0682794
0.0682794
0.0682794
0.0682794
0.0682794
0.0682794
0.0682794
0.0682794
0.0682794
0.0682794
0.0682794
0.0682794
0.0682794
0.0682794
0.0682794
0.0682794
0.0682794
0.0682794
0.0682794
0.0682794
0.0682794
0.0682794
0.0682794
0.0682794
0.0682794
0.0682794
0.0682794
0.0682794
0.0682794
0.0682794
0.0682794
0.0682794
0.0682794
0.0682794
0.0682794
0.0682794
0.0682794
0.0682794
0.0682794
0.0682794
0.0682794
0.0682794
0.0682794
0.0682794
0.0682794
0.0682794
0.0682794
0.0682794
0.0682794
0.0682794
0.0682794
0.0682794
0.0682794
0.0682794
0.0682794
0.0682794
0.0682794
0.0682794
0.0682794
0.0682794
0.0682794
0.0682794
0.0682794
0.0682794
0.0682794
0.0682794
0.0682794
0.0682794
0.0682794
0.0682794
0.0682794
0.0682794
0.0682794
0.0682794
0.0682794
0.0682794
0.0682793
0.0682794
0.0682794
0.0682784
0.0682792
0.0682785
0.0682626
0.0682756
0.0682647
0.0681203
0.0682298
0.0681388
0.0670666
0.0658725
0.0649427
0.0682794
0.0682794
0.0682794
0.0682794
0.0682794
0.0682794
0.0682794
0.0682794
0.0682794
0.0682794
0.0682794
0.0682794
0.0682794
0.0682794
0.0682794
0.0682794
0.0682794
0.0682794
0.0682794
0.0682794
0.0682794
0.0682794
0.0682794
0.0682794
0.0682794
0.0682794
0.0682794
0.0682794
0.0682794
0.0682794
0.0682794
0.0682794
0.0682794
0.0682794
0.0682794
0.0682794
0.0682794
0.0682794
0.0682794
0.0682794
0.0682794
0.0682794
0.0682792
0.0682793
0.0682792
0.0682761
0.0682786
0.0682767
0.0682501
0.068271
0.0682557
0.0682794
0.0682794
0.0682794
0.0682794
0.0682794
0.0682794
0.0682794
0.0682794
0.0682794
0.0682794
0.0682794
0.0682794
0.0682794
0.0682794
0.0682794
0.0682794
0.0682794
0.0682794
0.0682794
0.0682794
0.0682794
0.0682794
0.0682794
0.0682794
0.0682794
0.0682794
0.0682794
0.0682794
0.0682794
0.0682794
0.0682794
0.0682794
0.0682794
0.0682794
0.0682794
0.0682794
0.0682794
0.0682794
0.0682794
0.0682794
0.0682794
0.0682794
0.0682794
0.0682794
0.0682794
0.0682794
0.0682794
0.0682794
0.0682794
0.0682794
0.0682794
0.0682794
0.0682794
0.0682794
0.0682794
0.0682794
0.0682794
0.0682794
0.0682794
0.0682794
0.0682787
0.0682793
0.0682789
0.0682679
0.0682774
0.0682717
0.068169
0.0682534
0.0682059
0.0602439
0.0555082
0.0512109
0.0682794
0.0682794
0.0682794
0.0682794
0.0682794
0.0682794
0.0682794
0.0682794
0.0682794
0.0682794
0.0682794
0.0682794
0.0682794
0.0682794
0.0682794
0.0682794
0.0682794
0.0682794
0.0682794
0.0682794
0.0682794
0.0682794
0.0682794
0.0682794
0.0682794
0.0682794
0.0682794
0.0682794
0.0682794
0.0682794
0.0682794
0.0682794
0.0682794
0.0682794
0.0682794
0.0682794
0.0682794
0.0682794
0.0682794
0.0682794
0.0682794
0.0682794
0.0682793
0.0682794
0.0682793
0.0682777
0.0682792
0.0682785
0.0682647
0.0682767
0.0682722
0.0682128
0.0682628
0.0682476
0.0681153
0.0682261
0.0682041
0.0680615
0.0681879
0.0681767
0.0680225
0.0681679
0.0681574
0.0679298
0.0681415
0.0681224
0.067959
0.0681166
0.0681458
0.0682794
0.0682794
0.0682794
0.0682794
0.0682794
0.0682794
0.0682794
0.0682794
0.0682794
0.0682794
0.0682794
0.0682794
0.0682794
0.0682794
0.0682794
0.0682794
0.0682794
0.0682794
0.0682794
0.0682794
0.0682794
0.0682794
0.0682794
0.0682794
0.0682794
0.0682794
0.0682794
0.0682794
0.0682794
0.0682794
0.0682794
0.0682794
0.0682794
0.0682794
0.0682794
0.0682794
0.0682794
0.0682794
0.0682794
0.0682794
0.0682794
0.0682794
0.0682794
0.0682794
0.0682794
0.0682794
0.0682794
0.0682794
0.0682794
0.0682794
0.0682794
0.0682794
0.0682794
0.0682794
0.0682794
0.0682794
0.0682794
0.0682794
0.0682794
0.0682794
0.0682791
0.0682794
0.0682793
0.0682751
0.0682789
0.0682774
0.068239
0.0682728
0.068261
0.0359595
0.0253326
0.0132759
0.0682794
0.0682794
0.0682794
0.0682794
0.0682794
0.0682794
0.0682794
0.0682794
0.0682794
0.0682794
0.0682794
0.0682794
0.0682794
0.0682794
0.0682794
0.0682794
0.0682794
0.0682794
0.0682794
0.0682794
0.0682794
0.0682794
0.0682794
0.0682794
0.0682794
0.0682794
0.0682794
0.0682794
0.0682794
0.0682794
0.0682794
0.0682794
0.0682794
0.0682794
0.0682794
0.0682794
0.0682794
0.0682794
0.0682794
0.0682794
0.0682794
0.0682794
0.0682794
0.0682794
0.0682794
0.0682791
0.0682794
0.0682793
0.0682765
0.068279
0.0682784
0.0682667
0.0682772
0.0682752
0.06825
0.0682724
0.0682696
0.0682387
0.0682673
0.0682657
0.0682309
0.0682645
0.0682632
0.0682194
0.0682615
0.0682598
0.0682305
0.0682601
0.0682637
0.0682794
0.0682794
0.0682794
0.0682794
0.0682794
0.0682794
0.0682794
0.0682794
0.0682794
0.0682794
0.0682794
0.0682794
0.0682794
0.0682794
0.0682794
0.0682794
0.0682794
0.0682794
0.0682794
0.0682794
0.0682794
0.0682794
0.0682794
0.0682794
0.0682794
0.0682794
0.0682794
0.0682794
0.0682794
0.0682794
0.0682794
0.0682794
0.0682794
0.0682794
0.0682794
0.0682794
0.0682794
0.0682794
0.0682794
0.0682794
0.0682794
0.0682794
0.0682794
0.0682794
0.0682794
0.0682794
0.0682794
0.0682794
0.0682794
0.0682794
0.0682794
0.0682794
0.0682794
0.0682794
0.0682794
0.0682794
0.0682794
0.0682794
0.0682794
0.0682794
0.0682793
0.0682794
0.0682794
0.0682787
0.0682793
0.0682792
0.0682724
0.0682786
0.0682771
0.0682728
0.0682131
0.0682577
0.068279
0.0682735
0.0682781
0.0682794
0.0682791
0.0682793
0.0682791
0.0682793
0.068279
0.0682687
0.0682769
0.0682664
0.0680851
0.0682205
0.0680482
0.0662886
0.0674906
0.0659341
0.0564199
0.0621742
0.054261
0.0253719
0.0395656
0.0150788
0.0564447
0.0396138
0.0542946
0.0662943
0.0621918
0.0659416
0.0680858
0.0674932
0.068049
0.0682687
0.0682207
0.0682665
0.0682791
0.0682769
0.068279
0.0682794
0.0682793
0.0682794
0.0682794
0.0682794
0.0682794
0.0682794
0.0682794
0.0682794
0.0682794
0.0682794
0.0682794
0.0682794
0.0682794
0.0682794
0.0682794
0.0682794
0.0682794
0.0682198
0.0678854
0.0681448
0.0682755
0.068241
0.0682701
0.0682792
0.0682774
0.068279
0.068279
0.0682793
0.0682791
0.0682675
0.0682778
0.068271
0.0680649
0.0682404
0.0681231
0.0660986
0.0677391
0.066663
0.0553739
0.0640847
0.0588148
0.0216437
0.0496753
0.036488
0.0554059
0.0497047
0.0588363
0.0661057
0.0640964
0.066668
0.0680657
0.067741
0.0681237
0.0682675
0.0682405
0.068271
0.068279
0.0682778
0.0682791
0.0682794
0.0682793
0.0682794
0.0682794
0.0682794
0.0682794
0.0682794
0.0682794
0.0682794
0.0682794
0.0682794
0.0682794
0.0682794
0.0682794
0.0682794
0.0682794
0.0682794
0.0682794
0.0680266
0.0671369
0.0678823
0.0682612
0.0681631
0.06825
0.0682787
0.068273
0.0682782
0.0682792
0.0682792
0.0682793
0.0682748
0.068279
0.0682774
0.0681883
0.0682693
0.0682364
0.0673064
0.0681235
0.0677973
0.0625972
0.0670082
0.0654221
0.050272
0.0628103
0.0593751
0.0380332
0.0559021
0.0532119
0.0380274
0.052134
0.0532086
0.0502781
0.0558985
0.0593756
0.0626074
0.062814
0.0654258
0.0673091
0.0670106
0.0677984
0.0681886
0.0681239
0.0682366
0.0682748
0.0682694
0.0682774
0.0682793
0.068279
0.0682793
0.0682794
0.0682794
0.0682794
0.0682794
0.0682794
0.0682794
0.0682794
0.0682794
0.0682794
0.0682794
0.0682794
0.0682794
0.0682794
0.0682794
0.0682794
0.0682794
0.0682794
0.0682794
0.0677497
0.0665205
0.0676577
0.0682395
0.0680945
0.068232
0.0682777
0.0682689
0.0682774
0.0682793
0.0682791
0.0682793
0.0682787
0.0682793
0.0682792
0.0682629
0.0682783
0.0682742
0.0680811
0.0682589
0.0682114
0.0670618
0.0680902
0.0678377
0.0644347
0.0674117
0.0668373
0.0616749
0.0662291
0.0657494
0.0616734
0.0655624
0.0657488
0.0644342
0.0662284
0.0668369
0.0670629
0.0674118
0.067838
0.0680815
0.0680904
0.0682115
0.068263
0.0682589
0.0682742
0.0682787
0.0682783
0.0682792
0.0682794
0.0682794
0.0682794
0.0682794
0.0682794
0.0682794
0.0682794
0.0682794
0.0682794
0.0682794
0.0682794
0.0682794
0.0682794
0.0682794
0.0682794
0.0682794
0.0682794
0.0682794
0.0682794
0.0682794
0.0682794
0.0676077
0.0663335
0.0675859
0.0682279
0.0680721
0.0682262
0.0682772
0.0682676
0.0682772
0.0682793
0.068279
0.0682793
0.0682793
0.0682794
0.0682794
0.0682781
0.0682793
0.0682791
0.0682599
0.0682781
0.0682747
0.0681429
0.0682651
0.0682435
0.0678117
0.0682045
0.0681488
0.0674373
0.0680869
0.068037
0.0674371
0.0680175
0.0680369
0.0678116
0.0680868
0.0681487
0.068143
0.0682045
0.0682435
0.0682599
0.0682652
0.0682747
0.0682781
0.0682781
0.0682791
0.0682793
0.0682793
0.0682794
0.0682794
0.0682794
0.0682794
0.0682794
0.0682794
0.0682794
0.0682794
0.0682794
0.0682794
0.0682794
0.0682794
0.0682794
0.0682794
0.0682794
0.0682794
0.0682794
0.0682794
0.0682794
0.0682794
0.0682794
0.0682794
0.0675781
0.0663075
0.0675759
0.0682256
0.0680691
0.0682254
0.0682771
0.0682675
0.0682771
0.0682793
0.068279
0.0682793
0.0682794
0.0682794
0.0682794
0.0682793
0.0682794
0.0682794
0.0682785
0.0682793
0.0682792
0.0682714
0.0682788
0.0682779
0.0682481
0.0682759
0.068273
0.0682192
0.0682695
0.0682665
0.0682192
0.0682654
0.0682665
0.0682481
0.0682694
0.068273
0.0682714
0.0682759
0.0682779
0.0682785
0.0682788
0.0682792
0.0682793
0.0682793
0.0682794
0.0682794
0.0682794
0.0682794
0.0682794
0.0682794
0.0682794
0.0682794
0.0682794
0.0682794
0.0682794
0.0682794
0.0682794
0.0682794
0.0682794
0.0682794
0.0682794
0.0682794
0.0682794
0.0682794
0.0682794
0.0682794
0.0682794
0.0682794
0.0682794
0.0675753
0.0663057
0.0675752
0.0682254
0.0680689
0.0682254
0.0682771
0.0682675
0.0682771
0.0682793
0.068279
0.0682793
0.0682794
0.0682794
0.0682794
0.0682794
0.0682794
0.0682794
0.0682794
0.0682794
0.0682794
0.0682791
0.0682794
0.0682793
0.0682783
0.0682793
0.0682792
0.068277
0.0682791
0.068279
0.068277
0.068279
0.068279
0.0682783
0.0682791
0.0682792
0.0682791
0.0682793
0.0682793
0.0682794
0.0682794
0.0682794
0.0682794
0.0682794
0.0682794
0.0682794
0.0682794
0.0682794
0.0682794
0.0682794
0.0682794
0.0682794
0.0682794
0.0682794
0.0682794
0.0682794
0.0682794
0.0682794
0.0682794
0.0682794
0.0682794
0.0682794
0.0682794
0.0682794
0.0682794
0.0682794
0.0682794
0.0682794
0.0682794
0.0675752
0.0663057
0.0675752
0.0682254
0.0680689
0.0682254
0.0682771
0.0682675
0.0682771
0.0682793
0.068279
0.0682793
0.0682794
0.0682794
0.0682794
0.0682794
0.0682794
0.0682794
0.0682794
0.0682794
0.0682794
0.0682794
0.0682794
0.0682794
0.0682794
0.0682794
0.0682794
0.0682793
0.0682794
0.0682794
0.0682793
0.0682794
0.0682794
0.0682794
0.0682794
0.0682794
0.0682794
0.0682794
0.0682794
0.0682794
0.0682794
0.0682794
0.0682794
0.0682794
0.0682794
0.0682794
0.0682794
0.0682794
0.0682794
0.0682794
0.0682794
0.0682794
0.0682794
0.0682794
0.0682794
0.0682794
0.0682794
0.0682794
0.0682794
0.0682794
0.0682794
0.0682794
0.0682794
0.0682794
0.0682794
0.0682794
0.0682794
0.0682794
0.0682794
0.0675752
0.0663057
0.0675752
0.0682254
0.0680689
0.0682254
0.0682771
0.0682675
0.0682771
0.0682793
0.068279
0.0682793
0.0682794
0.0682794
0.0682794
0.0682794
0.0682794
0.0682794
0.0682794
0.0682794
0.0682794
0.0682794
0.0682794
0.0682794
0.0682794
0.0682794
0.0682794
0.0682794
0.0682794
0.0682794
0.0682794
0.0682794
0.0682794
0.0682794
0.0682794
0.0682794
0.0682794
0.0682794
0.0682794
0.0682794
0.0682794
0.0682794
0.0682794
0.0682794
0.0682794
0.0682794
0.0682794
0.0682794
0.0682794
0.0682794
0.0682794
0.0682794
0.0682794
0.0682794
0.0682794
0.0682794
0.0682794
0.0682794
0.0682794
0.0682794
0.0682794
0.0682794
0.0682794
0.0682794
0.0682794
0.0682794
0.0682794
0.0682794
0.0682794
0.0675752
0.0663057
0.0675752
0.0682254
0.0680689
0.0682254
0.0682771
0.0682675
0.0682771
0.0682793
0.068279
0.0682793
0.0682794
0.0682794
0.0682794
0.0682794
0.0682794
0.0682794
0.0682794
0.0682794
0.0682794
0.0682794
0.0682794
0.0682794
0.0682794
0.0682794
0.0682794
0.0682794
0.0682794
0.0682794
0.0682794
0.0682794
0.0682794
0.0682794
0.0682794
0.0682794
0.0682794
0.0682794
0.0682794
0.0682794
0.0682794
0.0682794
0.0682794
0.0682794
0.0682794
0.0682794
0.0682794
0.0682794
0.0682794
0.0682794
0.0682794
0.0682794
0.0682794
0.0682794
0.0682794
0.0682794
0.0682794
0.0682794
0.0682794
0.0682794
0.0682794
0.0682794
0.0682794
0.0682794
0.0682794
0.0682794
0.0682794
0.0682794
0.0682794
0.0675752
0.066306
0.0675753
0.0682254
0.0680689
0.0682254
0.0682771
0.0682675
0.0682771
0.0682793
0.068279
0.0682793
0.0682794
0.0682794
0.0682794
0.0682794
0.0682794
0.0682794
0.0682794
0.0682794
0.0682794
0.0682794
0.0682794
0.0682794
0.0682794
0.0682794
0.0682794
0.0682794
0.0682794
0.0682794
0.0682794
0.0682794
0.0682794
0.0682794
0.0682794
0.0682794
0.0682794
0.0682794
0.0682794
0.0682794
0.0682794
0.0682794
0.0682794
0.0682794
0.0682794
0.0682794
0.0682794
0.0682794
0.0682794
0.0682794
0.0682794
0.0682794
0.0682794
0.0682794
0.0682794
0.0682794
0.0682794
0.0682794
0.0682794
0.0682794
0.0682794
0.0682794
0.0682794
0.0682794
0.0682794
0.0682794
0.0682794
0.0682794
0.0682794
0.0675759
0.0663135
0.0675782
0.0682254
0.0680697
0.0682256
0.0682771
0.0682675
0.0682771
0.0682793
0.068279
0.0682793
0.0682794
0.0682794
0.0682794
0.0682794
0.0682794
0.0682794
0.0682794
0.0682794
0.0682794
0.0682794
0.0682794
0.0682794
0.0682794
0.0682794
0.0682794
0.0682794
0.0682794
0.0682794
0.0682794
0.0682794
0.0682794
0.0682794
0.0682794
0.0682794
0.0682794
0.0682794
0.0682794
0.0682794
0.0682794
0.0682794
0.0682794
0.0682794
0.0682794
0.0682794
0.0682794
0.0682794
0.0682794
0.0682794
0.0682794
0.0682794
0.0682794
0.0682794
0.0682794
0.0682794
0.0682794
0.0682794
0.0682794
0.0682794
0.0682794
0.0682794
0.0682794
0.0682794
0.0682794
0.0682794
0.0682794
0.0682794
0.0682794
0.0675859
0.06639
0.0676078
0.0682262
0.0680789
0.0682279
0.0682772
0.068268
0.0682772
0.0682793
0.068279
0.0682793
0.0682794
0.0682794
0.0682794
0.0682794
0.0682794
0.0682794
0.0682794
0.0682794
0.0682794
0.0682794
0.0682794
0.0682794
0.0682794
0.0682794
0.0682794
0.0682794
0.0682794
0.0682794
0.0682794
0.0682794
0.0682794
0.0682794
0.0682794
0.0682794
0.0682794
0.0682794
0.0682794
0.0682794
0.0682794
0.0682794
0.0682794
0.0682794
0.0682794
0.0682794
0.0682794
0.0682794
0.0682794
0.0682794
0.0682794
0.0682794
0.0682794
0.0682794
0.0682794
0.0682794
0.0682794
0.0682794
0.0682794
0.0682794
0.0682794
0.0682794
0.0682794
0.0682794
0.0682794
0.0682794
0.0682794
0.0682794
0.0682794
0.0676579
0.0667688
0.0677501
0.068232
0.068123
0.0682396
0.0682774
0.0682706
0.0682777
0.0682793
0.0682791
0.0682793
0.0682794
0.0682794
0.0682794
0.0682794
0.0682794
0.0682794
0.0682794
0.0682794
0.0682794
0.0682794
0.0682794
0.0682794
0.0682794
0.0682794
0.0682794
0.0682794
0.0682794
0.0682794
0.0682794
0.0682794
0.0682794
0.0682794
0.0682794
0.0682794
0.0682794
0.0682794
0.0682794
0.0682794
0.0682794
0.0682794
0.0682794
0.0682794
0.0682794
0.0682794
0.0682794
0.0682794
0.0682794
0.0682794
0.0682794
0.0682794
0.0682794
0.0682794
0.0682794
0.0682794
0.0682794
0.0682794
0.0682794
0.0682794
0.0682794
0.0682794
0.0682794
0.0682794
0.0682794
0.0682794
0.0682794
0.0682794
0.0682794
0.0678829
0.0675487
0.0680275
0.0682501
0.0682065
0.0682613
0.0682782
0.0682755
0.0682787
0.0682794
0.0682793
0.0682794
0.0682794
0.0682794
0.0682794
0.0682794
0.0682794
0.0682794
0.0682794
0.0682794
0.0682794
0.0682794
0.0682794
0.0682794
0.0682794
0.0682794
0.0682794
0.0682794
0.0682794
0.0682794
0.0682794
0.0682794
0.0682794
0.0682794
0.0682794
0.0682794
0.0682794
0.0682794
0.0682794
0.0682794
0.0682794
0.0682794
0.0682794
0.0682794
0.0682794
0.0682794
0.0682794
0.0682794
0.0682794
0.0682794
0.0682794
0.0682794
0.0682794
0.0682794
0.0682794
0.0682794
0.0682794
0.0682794
0.0682794
0.0682794
0.0682794
0.0682794
0.0682794
0.0682794
0.0682794
0.0682794
0.0682794
0.0682794
0.0682794
0.0681456
0.0681029
0.0682203
0.0682702
0.068263
0.0682755
0.068279
0.0682786
0.0682792
0.0682794
0.0682794
0.0682794
0.0682794
0.0682794
0.0682794
0.0682794
0.0682794
0.0682794
0.0682794
0.0682794
0.0682794
0.0682794
0.0682794
0.0682794
0.0682794
0.0682794
0.0682794
0.0682794
0.0682794
0.0682794
0.0682794
0.0682794
0.0682794
0.0682794
0.0682794
0.0682794
0.0682794
0.0682794
0.0682794
0.0682794
0.0682794
0.0682794
0.0682794
0.0682794
0.0682794
0.0682794
0.0682794
0.0682794
0.0682794
0.0682794
0.0682794
0.0682794
0.0682794
0.0682794
0.0682794
0.0682794
0.0682794
0.0682794
0.0682794
0.0682794
0.0682794
0.0682794
0.0682794
0.0682794
0.0682794
0.0682794
0.0682794
0.0682794
0.0682794
0.0682577
0.0682584
0.0682728
0.0682781
0.0682777
0.068279
0.0682793
0.0682793
0.0682794
0.0682794
0.0682794
0.0682794
0.0682794
0.0682794
0.0682794
0.0682794
0.0682794
0.0682794
0.0682794
0.0682794
0.0682794
0.0682794
0.0682794
0.0682794
0.0682794
0.0682794
0.0682794
0.0682794
0.0682794
0.0682794
0.0682794
0.0682794
0.0682794
0.0682794
0.0682794
0.0682794
0.0682794
0.0682794
0.0682794
0.0682794
0.0682794
0.0682794
0.0682794
0.0682794
0.0682794
0.0682794
0.0682794
0.0682794
0.0682794
0.0682794
0.0682794
0.0682794
0.0682794
0.0682794
0.0682794
0.0682794
0.0682794
0.0682794
0.0682794
0.0682794
0.0682794
0.0682794
0.0682794
0.0682794
0.0682794
0.0682794
0.0682794
0.0682794
0.0682794
0.0682777
0.0682781
0.068279
0.0682793
0.0682793
0.0682794
0.0682794
0.0682794
0.0682794
0.0682794
0.0682794
0.0682794
0.0682794
0.0682794
0.0682794
0.0682794
0.0682794
0.0682794
0.0682794
0.0682794
0.0682794
0.0682794
0.0682794
0.0682794
0.0682794
0.0682794
0.0682794
0.0682794
0.0682794
0.0682794
0.0682794
0.0682794
0.0682794
0.0682794
0.0682794
0.0682794
0.0682794
0.0682794
0.0682794
0.0682794
0.0682794
0.0682794
0.0682794
0.0682794
0.0682794
0.0682794
0.0682794
0.0682794
0.0682794
0.0682794
0.0682794
0.0682794
0.0682794
0.0682794
0.0682794
0.0682794
0.0682794
0.0682794
0.0682794
0.0682794
0.0682794
0.0682794
0.0682794
0.0682794
0.0682794
0.0682794
0.0682793
0.0682794
0.0682793
0.0682793
0.0682793
0.0682794
0.0682794
0.0682794
0.0682794
0.0682794
0.0682794
0.0682794
0.0682794
0.0682794
0.0682794
0.0682794
0.0682794
0.0682794
0.0682794
0.0682794
0.0682794
0.0682794
0.0682794
0.0682794
0.0682794
0.0682794
0.0682794
0.0682794
0.0682794
0.0682794
0.0682794
0.0682794
0.0682794
0.0682794
0.0682794
0.0682794
0.0682794
0.0682794
0.0682794
0.0682794
0.0682794
0.0682794
0.0682794
0.0682794
0.0682794
0.0682794
0.0682794
0.0682794
0.0682794
0.0682794
0.0682794
0.0682794
0.0682794
0.0682794
0.0682794
0.0682794
0.0682794
0.0682794
0.0682794
0.0682794
0.0682794
0.0682794
0.0682794
0.0682794
0.0682794
0.0682794
0.0682794
0.0682794
0.0682794
0.0682793
0.0682793
0.0682792
0.0682794
0.0682794
0.0682794
0.0682794
0.0682794
0.0682794
0.0682794
0.0682794
0.0682794
0.0682794
0.0682794
0.0682794
0.0682794
0.0682794
0.0682794
0.0682794
0.0682794
0.0682794
0.0682794
0.0682794
0.0682794
0.0682794
0.0682794
0.0682794
0.0682794
0.0682794
0.0682794
0.0682794
0.0682794
0.0682794
0.0682794
0.0682794
0.0682794
0.0682794
0.0682794
0.0682794
0.0682794
0.0682794
0.0682794
0.0682794
0.0682794
0.0682794
0.0682794
0.0682794
0.0682794
0.0682794
0.0682794
0.0682794
0.0682794
0.0682794
0.0682794
0.0682794
0.0682794
0.0682794
0.0682794
0.0682794
0.0682794
0.0682794
0.0682794
0.0682794
0.0682794
0.0682794
0.0682794
0.0682794
0.0682794
0.0682794
0.0682792
0.0682793
0.0682791
0.0682794
0.0682794
0.0682794
0.0682794
0.0682794
0.0682794
0.0682794
0.0682794
0.0682794
0.0682794
0.0682794
0.0682794
0.0682794
0.0682794
0.0682794
0.0682794
0.0682794
0.0682794
0.0682794
0.0682794
0.0682794
0.0682794
0.0682794
0.0682794
0.0682794
0.0682794
0.0682794
0.0682794
0.0682794
0.0682794
0.0682794
0.0682794
0.0682794
0.0682794
0.0682794
0.0682794
0.0682794
0.0682794
0.0682794
0.0682794
0.0682794
0.0682794
0.0682794
0.0682794
0.0682794
0.0682794
0.0682794
0.0682794
0.0682794
0.0682794
0.0682794
0.0682794
0.0682794
0.0682794
0.0682794
0.0682794
0.0682794
0.0682794
0.0682794
0.0682794
0.0682794
0.0682794
0.0682794
0.0682794
0.0682794
0.0682794
0.0682791
0.0682793
0.0682791
0.0682794
0.0682794
0.0682794
0.0682794
0.0682794
0.0682794
0.0682794
0.0682794
0.0682794
0.0682794
0.0682794
0.0682794
0.0682794
0.0682794
0.0682794
0.0682794
0.0682794
0.0682794
0.0682794
0.0682794
0.0682794
0.0682794
0.0682794
0.0682794
0.0682794
0.0682794
0.0682794
0.0682794
0.0682794
0.0682794
0.0682794
0.0682794
0.0682794
0.0682794
0.0682794
0.0682794
0.0682794
0.0682794
0.0682794
0.0682794
0.0682794
0.0682794
0.0682794
0.0682794
0.0682794
0.0682794
0.0682794
0.0682794
0.0682794
0.0682794
0.0682794
0.0682794
0.0682794
0.0682794
0.0682794
0.0682794
0.0682794
0.0682794
0.0682794
0.0682794
0.0682794
0.0682794
0.0682794
0.0682794
0.0682794
0.0682794
0.0682791
0.0682793
0.0682791
0.0682794
0.0682794
0.0682794
0.0682794
0.0682794
0.0682794
0.0682794
0.0682794
0.0682794
0.0682794
0.0682794
0.0682794
0.0682794
0.0682794
0.0682794
0.0682794
0.0682794
0.0682794
0.0682794
0.0682794
0.0682794
0.0682794
0.0682794
0.0682794
0.0682794
0.0682794
0.0682794
0.0682794
0.0682794
0.0682794
0.0682794
0.0682794
0.0682794
0.0682794
0.0682794
0.0682794
0.0682794
0.0682794
0.0682794
0.0682794
0.0682794
0.0682794
0.0682794
0.0682794
0.0682794
0.0682794
0.0682794
0.0682794
0.0682794
0.0682794
0.0682794
0.0682794
0.0682794
0.0682794
0.0682794
0.0682794
0.0682794
0.0682794
0.0682794
0.0682794
0.0682794
0.0682794
0.0682794
0.0682794
0.0682794
0.0682794
0.0682791
0.0682793
0.0682791
0.0189815
0.018554
0.0192621
0.0190447
0.0321824
0.0288293
0.0162021
0.018593
0.0252292
0.019217
0.0193331
0.0247646
0.0191584
0.0191191
0.0175451
0.0174633
0.0169119
0.0158733
0.0170698
0.0170698
0.0170698
0.0170698
0.0170698
0.0167751
0.0159784
0.0162002
0.0169236
0.0183457
0.0201773
0.0218858
0.0195676
0.0234068
0.0184038
0.0170697
0.018344
0.0203684
0.0179888
0.0173671
0.017069
0.0170667
0.0278905
0.0299424
0.0260421
0.0170698
0.0170698
0.0170698
0.0293979
0.0249688
0.0252585
0.0165163
0.0178087
0.0174787
0.0180742
0.0181351
0.0181179
0.0181409
0.0181422
0.0181352
0.0181179
0.0180741
0.0178088
0.0245631
0.0289235
0.0245575
0.0191473
0.0190059
0.0289513
0.024758
0.0247105
0.0195906
0.0174702
0.0178045
0.0175458
0.0181111
0.0181338
0.0181351
0.0181111
0.0180676
0.0178041
0.0179741
0.0172048
0.0180658
0.0171556
0.01745
0.0194559
0.0241263
0.0262065
0.0276236
0.0272067
0.0260934
0.0242235
0.0174721
0.020057
0.0189798
0.0306347
0.0281871
0.0291731
0.0267516
0.0242915
0.0207121
0.0170602
0.0173539
0.0241162
0.0234606
0.0188162
0.0190342
0.0170456
0.0155039
0.0170697
0.0170698
0.0170698
0.00965357
0.0170698
0.0170697
0.0170698
0.0170698
0.0170698
0.0159437
0.0170177
0.0170477
0.0169816
0.0169903
0.0170425
0.0169631
0.0137451
0.0152952
0.0122225
0.015362
0.0140987
0.0124102
0.0141071
0.0136679
0.0112893
0.0108356
0.0168104
0.0170189
0.0169979
0.0169422
0.0170691
0.0170687
0.0170636
0.0170697
0.0170694
0.0170697
0.0170698
0.0170698
0.0170698
0.0170698
0.0170698
0.0170698
0.0170698
0.0170698
0.0170698
0.0170698
0.0170698
0.0170698
0.0170697
0.0170694
0.017069
0.017054
0.0170474
0.0170652
0.0170665
0.017064
0.0169742
0.0170698
0.0170698
0.0170698
0.0170698
0.0170698
0.0168749
0.0139597
0.017009
0.017069
0.0170409
0.0170698
0.0170697
0.0170698
0.0170698
0.0170698
0.0170698
0.0170698
0.0170698
0.0170698
0.0170698
0.0170668
0.0170697
0.0113389
0.0116994
0.00678882
0.00958559
0.00692384
0.0105635
0.00408596
0.0162408
0.0166499
0.0165988
0.015954
0.0151993
0.0115658
0.0156199
0.0144068
0.016607
0.0170569
0.0158692
0.0104265
0.010953
0.0134117
0.0137316
0.0139835
0.0164251
0.0153945
0.015494
0.0170246
0.0170664
0.0170621
0.0170534
0.0169118
0.0168412
0.0170034
0.0170009
0.0138027
0.0161885
0.015683
0.017062
0.0165788
0.0170696
0.0170693
0.0170319
0.0170653
0.0170682
0.0170698
0.0170698
0.0170694
0.0170692
0.0170698
0.0170697
0.0170698
0.0170698
0.0170698
0.0170698
0.0170698
0.0170698
0.0170698
0.0170698
0.0170698
0.0170698
0.0170698
0.0170698
0.0170698
0.0170698
0.0170698
0.0170698
0.0170698
0.0170698
0.0170698
0.0170698
0.0170698
0.0170698
0.0170698
0.0170698
0.0170698
0.0170698
0.0170698
0.0170698
0.0170698
0.0170698
0.0170698
0.0170698
0.0170698
0.0170698
0.0170698
0.0170698
0.0170698
0.0170698
0.0170698
0.0170698
0.0170691
0.0170685
0.0170663
0.01706
0.0169947
0.0168748
0.0166814
0.0170698
0.0170698
0.0170698
0.0170698
0.0170698
0.0170698
0.0170698
0.0170698
0.0170698
0.0170698
0.0170698
0.0170698
0.0170698
0.0170698
0.0170698
0.0170698
0.0162465
0.0170403
0.0169334
0.0170517
0.0170309
0.0170627
0.0170678
0.017066
0.0170603
0.0170698
0.0170698
0.0170698
0.0170698
0.0170698
0.0170698
0.0170698
0.0170698
0.0170698
0.0170695
0.0170698
0.0170698
0.0170698
0.0170698
0.0170698
0.0334275
0.0321658
0.0323193
0.027931
0.032101
0.0309671
0.0261715
0.0297548
0.0300782
0.0337508
0.0335653
0.0331331
0.027557
0.0300083
0.0308037
0.0297431
0.0328545
0.0318822
0.0341258
0.0341287
0.0341015
0.0336783
0.0335228
0.0338893
0.0339828
0.0341143
0.0340534
0.0341388
0.0341287
0.0341369
0.0341347
0.0341331
0.034137
0.0341277
0.0341143
0.0341331
0.0340351
0.0335654
0.0338638
0.0336783
0.0340534
0.0338893
0.0329816
0.0328546
0.0335228
0.0334165
0.0321641
0.0322892
0.0275577
0.0318824
0.0308041
0.0260462
0.0297516
0.0300078
0.0191978
0.0191869
0.0191834
0.0189413
0.0191646
0.019163
0.0191769
0.0192168
0.0178683
0.0191729
0.0191836
0.0191698
0.019169
0.0191688
0.0191688
0.0191688
0.0191688
0.0191688
0.01917
0.019169
0.0191736
0.0191863
0.0193465
0.0192264
0.0249273
0.0278897
0.0193993
0.0253131
0.0248984
0.0248496
0.0292413
0.0291749
0.0253001
0.0245624
0.0191439
0.0193134
0.0192576
0.0193642
0.0254099
0.0193967
0.0193853
0.0254317
0.0193654
0.0193949
0.0247629
0.0243671
0.0290258
0.018107
0.0207764
0.0227783
0.0249806
0.0241389
0.0193545
0.0192351
0.0192608
0.0190409
0.0227716
0.0185793
0.0189922
0.0181048
0.0186606
0.0152163
0.0169852
0.0170389
0.0170461
0.0170343
0.0170662
0.0170599
0.0170073
0.0170434
0.0170514
0.0170698
0.0170698
0.0170698
0.0170698
0.0170698
0.0170698
0.00405995
0.0113725
0.0106514
0.0160809
0.015235
0.0141724
0.0136454
0.0153462
0.0151874
0.0167421
0.0153446
0.0167321
0.0163969
0.0136
0.0149662
0.0156457
0.0170423
0.0170598
0.0170698
0.0170698
0.0170698
0.0170692
0.017069
0.017046
0.0170698
0.0170698
0.0170698
0.0341397
0.0341397
0.0341397
0.0341397
0.0341397
0.0341397
0.0341397
0.0341396
0.0341397
0.0341396
0.0341391
0.0341396
0.0341396
0.034139
0.0341396
0.0341396
0.0341391
0.0341396
0.0341397
0.0341393
0.0341396
0.0341397
0.0341397
0.0341397
0.0341397
0.0341397
0.0341397
0.0341397
0.0341397
0.0341397
0.0341397
0.0341397
0.0341397
0.0341397
0.0341397
0.0341397
0.0341397
0.0341396
0.0341397
0.0341396
0.0341391
0.0341396
0.0341396
0.0341389
0.0341396
0.0341396
0.0341391
0.0341396
0.0341397
0.0341394
0.0341396
0.0341397
0.0341397
0.0341397
0.0341397
0.0341397
0.0341397
0.0341397
0.0341397
0.0341397
0.0341397
0.0341396
0.0341397
0.0341397
0.0341397
0.0341397
0.0341395
0.0341395
0.0341396
0.0341393
0.0341352
0.0341378
0.0341388
0.0341289
0.0341368
0.0341212
0.0341107
0.0341317
0.0341358
0.03412
0.0341217
0.0339521
0.0341047
0.034085
0.0338978
0.0340622
0.0340687
0.0341378
0.0341348
0.0341306
0.0339454
0.0340678
0.0340832
0.0340101
0.0341194
0.0341025
0.0341397
0.0341396
0.0341395
0.0341267
0.0341305
0.0341363
0.0341355
0.0341394
0.0341386
0.0341397
0.0341396
0.0341397
0.0341396
0.0341396
0.0341397
0.0341394
0.0341394
0.0341396
0.0341393
0.0341348
0.0341376
0.0341267
0.0341386
0.0341363
0.034106
0.0341194
0.0341305
0.0341357
0.03412
0.0341215
0.0339454
0.0341025
0.0340832
0.0338944
0.0340621
0.0340678
0.0341379
0.0341352
0.034131
0.0340686
0.0339517
0.0340849
0.0341212
0.0340181
0.0341046
0.0341397
0.0341396
0.0341395
0.0341317
0.0341289
0.0341368
0.0341395
0.0341364
0.0341388
0.0341397
0.0341397
0.0341397
0.0341396
0.0341397
0.0341397
0.0341397
0.0341397
0.0341397
0.034139
0.0341315
0.0341378
0.0341395
0.0341377
0.0341387
0.0341207
0.0341306
0.0341351
0.0336362
0.0340507
0.0339087
0.0337704
0.0340733
0.0339411
0.0330372
0.0332013
0.0336329
0.0337779
0.0336358
0.0332138
0.0279248
0.0300728
0.0309628
0.0302723
0.033037
0.0320992
0.0341289
0.0341315
0.0341103
0.0336332
0.0337712
0.0339413
0.0341208
0.0340151
0.0340734
0.0341397
0.0341397
0.0341396
0.0341351
0.0341378
0.0341387
0.0341397
0.0341393
0.0341395
0.0340617
0.034125
0.0341197
0.0341388
0.034134
0.0341344
0.0340474
0.0341139
0.034116
0.033944
0.0340623
0.0338787
0.0319409
0.033192
0.0332565
0.0340483
0.0338093
0.0338335
0.0341391
0.0341396
0.0341389
0.0341163
0.0341341
0.0341345
0.0341395
0.0341386
0.0341387
0.034035
0.034113
0.0341127
0.0341386
0.0341337
0.0341337
0.0340347
0.0341126
0.0341126
0.0337991
0.0340366
0.0337958
0.0317191
0.0331535
0.0331539
0.0340363
0.0337948
0.033795
0.0341386
0.0341395
0.0341386
0.0341132
0.0341338
0.0341338
0.0341395
0.0341386
0.0341386
0.0340346
0.0341126
0.0341126
0.0341386
0.0341337
0.0341337
0.0340346
0.0341126
0.0341126
0.0337948
0.0340362
0.0337946
0.031713
0.0331481
0.0331513
0.0340361
0.033793
0.0337941
0.0341386
0.0341395
0.0341386
0.0341131
0.0341338
0.0341338
0.0341395
0.0341386
0.0341386
0.0340343
0.0341125
0.0341125
0.0341386
0.0341337
0.0341337
0.0340343
0.0341126
0.0341125
0.0337915
0.0340349
0.0337902
0.0316823
0.0331386
0.0331384
0.0340346
0.0337892
0.0337894
0.0341386
0.0341395
0.0341386
0.0341127
0.0341337
0.0341337
0.0341395
0.0341386
0.0341386
0.034039
0.0341129
0.0341137
0.0341388
0.0341352
0.0341344
0.0340461
0.0341191
0.0341156
0.0337902
0.034036
0.0337942
0.0317769
0.0332494
0.0331816
0.0340395
0.0338308
0.0338054
0.0341386
0.0341395
0.0341386
0.0341139
0.0341345
0.034134
0.0341395
0.0341387
0.0341386
0.0341241
0.0340989
0.0341296
0.0341395
0.0341392
0.0341386
0.034117
0.0341373
0.0341342
0.0316929
0.0325522
0.033044
0.0340588
0.034018
0.0338926
0.0326825
0.0338143
0.0334926
0.0338771
0.034082
0.0339432
0.0332018
0.0339412
0.0337707
0.0341034
0.0340733
0.0340148
0.0341389
0.0341396
0.0341391
0.0341307
0.0341387
0.0341378
0.0341396
0.0341395
0.0341393
0.0341388
0.0341384
0.0341394
0.0341393
0.0341397
0.0341396
0.0340006
0.0340184
0.0340891
0.0341382
0.0341386
0.0341344
0.0341009
0.0341359
0.0341241
0.032569
0.0333573
0.0335245
0.0340593
0.0341053
0.0339993
0.0338714
0.0340855
0.0339313
0.0317347
0.0331516
0.0331612
0.0338303
0.0340533
0.0338078
0.0337942
0.0340504
0.0337978
0.0317071
0.0331478
0.0331478
0.0337931
0.0340491
0.0337928
0.0337927
0.0340491
0.0337927
0.031707
0.0331478
0.0331478
0.0337927
0.0340491
0.0337927
0.0337927
0.0340491
0.0337927
0.0317075
0.0331488
0.033148
0.0337927
0.0340491
0.0337927
0.0337931
0.0340491
0.0337928
0.0318011
0.0332597
0.0331924
0.0337943
0.0340505
0.0337984
0.0338348
0.0340538
0.0338096
0.0332087
0.0339421
0.0337737
0.0338804
0.0340888
0.0339455
0.0340736
0.0341092
0.0340159
0.0341103
0.0341368
0.0341288
0.0341102
0.034137
0.0341288
0.0341388
0.034139
0.0341363
0.0341396
0.0341397
0.0341397
0.0341395
0.0341397
0.0341397
0.0330806
0.0330064
0.0313966
0.032562
0.0334044
0.0331359
0.0330566
0.0328955
0.0331383
0.0328493
0.0320321
0.0276963
0.027502
0.0303598
0.0241927
0.0133812
0.0164157
0.0170698
0.0170698
0.0170698
0.0142551
0.0164403
0.015842
0.016595
0.0160874
0.0162523
0.0166269
0.0170698
0.0170698
0.0165864
0.0160477
0.0170697
0.0170698
0.0170698
0.0170698
0.0170698
0.0170698
0.0170677
0.0170697
0.0170693
0.0168791
0.0170182
0.0170698
0.0170698
0.0170698
0.0170683
0.0170625
0.0170672
0.0168444
0.0170698
0.0170698
0.0170698
0.0169148
0.0168804
0.0166071
0.0168488
0.0170036
0.0170659
0.0170117
0.0170691
0.0170698
0.0170698
0.0170698
0.0170694
0.0170689
0.0170675
0.0170691
0.0170697
0.0170698
0.0170697
0.0170698
0.0170698
0.0170698
0.0170698
0.0170698
0.0170698
0.0170698
0.0170698
0.0170698
0.0170698
0.0682783
0.0682586
0.0682793
0.0682774
0.0682303
0.0676123
0.0630933
0.0442997
0.011945
0.0119315
0.044335
0.0631066
0.0676145
0.0682305
0.0682774
0.0682793
0.0682646
0.0666847
0.0573711
0.0680782
0.0682792
0.0682771
0.0682249
0.067546
0.0626165
0.042283
0.00463987
0.00464582
0.042329
0.0626334
0.0675487
0.0682252
0.0682771
0.0682793
0.0682794
0.068244
0.0678862
0.0673041
0.0682774
0.0682785
0.0682572
0.0679581
0.0657443
0.0573372
0.0432234
0.0360241
0.0432186
0.0573494
0.0657503
0.0679592
0.0682573
0.0682786
0.0682794
0.0682794
0.0682794
0.0682794
0.065832
0.0666819
0.067712
0.0682048
0.0682753
0.0682792
0.0682757
0.0682172
0.0677451
0.0659309
0.062887
0.0611968
0.0628852
0.0659317
0.0677458
0.0682173
0.0682757
0.0682793
0.0682794
0.0682794
0.0682794
0.0682794
0.0647257
0.0674944
0.0681801
0.0682697
0.0682789
0.0682794
0.0682791
0.0682738
0.0682229
0.068004
0.0676033
0.0673729
0.0676031
0.068004
0.0682229
0.0682738
0.0682791
0.0682794
0.0682794
0.0682794
0.0682794
0.0682794
0.0643872
0.0675776
0.0682222
0.0682768
0.0682793
0.0682794
0.0682794
0.0682791
0.0682764
0.068262
0.0682322
0.0682141
0.0682322
0.068262
0.0682764
0.0682791
0.0682794
0.0682794
0.0682794
0.0682794
0.0682794
0.0643378
0.0675884
0.0682251
0.0682771
0.0682793
0.0682794
0.0682794
0.0682794
0.0682793
0.0682788
0.0682776
0.0682768
0.0682776
0.0682788
0.0682793
0.0682794
0.0682794
0.0682794
0.0682794
0.0682794
0.0682794
0.0682794
0.0643342
0.0675907
0.0682255
0.0682772
0.0682793
0.0682794
0.0682794
0.0682794
0.0682794
0.0682794
0.0682793
0.0682793
0.0682793
0.0682794
0.0682794
0.0682794
0.0682794
0.0682794
0.0682794
0.0682794
0.0682793
0.0643341
0.0675912
0.0682255
0.0682772
0.0682793
0.0682794
0.0682794
0.0682794
0.0682794
0.0682794
0.0682794
0.0682794
0.0682794
0.0682794
0.0682794
0.0682794
0.0682794
0.0682794
0.0682793
0.0682783
0.0682746
0.0682712
0.0643341
0.0675912
0.0682255
0.0682772
0.0682793
0.0682794
0.0682794
0.0682794
0.0682794
0.0682794
0.0682794
0.0682794
0.0682794
0.0682794
0.0682794
0.0682794
0.0682794
0.0682792
0.0682764
0.0682527
0.0681759
0.0643348
0.0675912
0.0682255
0.0682772
0.0682793
0.0682794
0.0682794
0.0682794
0.0682794
0.0682794
0.0682794
0.0682794
0.0682794
0.0682794
0.0682794
0.0682794
0.0682793
0.0682769
0.0682391
0.0679617
0.0670814
0.0662266
0.0643494
0.0675919
0.0682256
0.0682772
0.0682793
0.0682794
0.0682794
0.0682794
0.0682794
0.0682794
0.0682794
0.0682794
0.0682794
0.0682794
0.0682794
0.0682794
0.0682787
0.0682615
0.068027
0.0663855
0.0608631
0.0644905
0.0676019
0.0682263
0.0682772
0.0682793
0.0682794
0.0682794
0.0682794
0.0682794
0.0682794
0.0682794
0.0682794
0.0682794
0.0682794
0.0682794
0.0682793
0.068277
0.0682226
0.0675331
0.0627669
0.0441919
0.0153734
0.0651669
0.0676728
0.0682322
0.0682774
0.0682793
0.0682794
0.0682794
0.0682794
0.0682794
0.0682794
0.0682794
0.0682794
0.0682794
0.0682794
0.0682794
0.0682792
0.0682743
0.0681702
0.066997
0.0597943
0.0361061
0.0666077
0.0678928
0.0682503
0.0682782
0.0682794
0.0682794
0.0682794
0.0682794
0.0682794
0.0682794
0.0682794
0.0682794
0.0682794
0.0682794
0.0682794
0.0682791
0.0682698
0.0680991
0.0663645
0.0563735
0.0236125
0.0677972
0.0681488
0.0682702
0.068279
0.0682794
0.0682794
0.0682794
0.0682794
0.0682794
0.0682794
0.0682794
0.0682794
0.0682794
0.0682794
0.0682794
0.0682791
0.0682703
0.0681135
0.0665552
0.0576577
0.0272482
0.0682088
0.0682582
0.0682781
0.0682793
0.0682794
0.0682794
0.0682794
0.0682794
0.0682794
0.0682794
0.0682794
0.0682794
0.0682794
0.0682794
0.0682794
0.0682793
0.0682762
0.0682162
0.0676082
0.0643888
0.0567574
0.0682743
0.0682777
0.0682793
0.0682794
0.0682794
0.0682794
0.0682794
0.0682794
0.0682794
0.0682794
0.0682794
0.0682794
0.0682794
0.0682794
0.0682794
0.0682794
0.0682789
0.0682691
0.0681589
0.0675684
0.0663262
0.0682792
0.0682793
0.0682794
0.0682794
0.0682794
0.0682794
0.0682794
0.0682794
0.0682794
0.0682794
0.0682794
0.0682794
0.0682794
0.0682794
0.0682794
0.0682794
0.0682794
0.0682786
0.0682689
0.0682112
0.0680932
0.068145
0.068249
0.0681778
0.0677899
0.0682794
0.0682794
0.0682794
0.0682794
0.0682794
0.0682794
0.0682794
0.0682794
0.0682794
0.0682794
0.0682794
0.0682794
0.0682794
0.0682794
0.0682794
0.0682794
0.0682794
0.0682794
0.0682789
0.068276
0.06827
0.0682718
0.0682699
0.0682154
0.0679982
0.0682794
0.0682794
0.0682794
0.0682794
0.0682794
0.0682794
0.0682794
0.0682794
0.0682794
0.0682794
0.0682794
0.0682794
0.0682794
0.0682794
0.0682794
0.0682794
0.0682794
0.0682794
0.0682794
0.0682793
0.0682791
0.068279
0.0682769
0.0682594
0.0681972
0.0682794
0.0682794
0.0682794
0.0682794
0.0682794
0.0682794
0.0682794
0.0682794
0.0682794
0.0682794
0.0682794
0.0682794
0.0682794
0.0682794
0.0682794
0.0682794
0.0682794
0.0682794
0.0682794
0.0682794
0.0682794
0.0682793
0.0682776
0.0682629
0.0682011
0.0682794
0.0682794
0.0682794
0.0682794
0.0682794
0.0682794
0.0682794
0.0682794
0.0682794
0.0682794
0.0682794
0.0682794
0.0682794
0.0682794
0.0682794
0.0682794
0.0682794
0.0682794
0.0682794
0.0682794
0.0682794
0.0682792
0.0682758
0.0682424
0.0680381
0.0682794
0.0682794
0.0682794
0.0682794
0.0682794
0.0682794
0.0682794
0.0682794
0.0682794
0.0682794
0.0682794
0.0682794
0.0682794
0.0682794
0.0682794
0.0682794
0.0682794
0.0682794
0.0682794
0.0682792
0.0682764
0.0682479
0.0680219
0.0682745
0.0682794
0.0682791
0.0682716
0.0681561
0.0672409
0.0634722
0.0548587
0.0548321
0.0634738
0.0672421
0.0681563
0.0682716
0.0682791
0.0682794
0.0682646
0.0666828
0.0573865
0.0682011
0.0682792
0.0676206
0.0682741
0.0653309
0.0681986
0.061169
0.0580794
0.0585103
0.0582731
0.0578822
0.058371
0.0578003
0.0584156
0.0577942
0.0584282
0.057794
0.0584306
0.057794
0.0584309
0.0577953
0.0584312
0.0578194
0.0584377
0.058062
0.0585261
0.0594709
0.0592115
0.0633355
0.0621223
0.0348762
0.0253973
0.0667726
0.0661441
0.0273826
0.0680334
0.067891
0.0568851
0.0682582
0.0682418
0.0676124
0.0663981
0.0682126
0.0681871
0.0682784
0.0682775
0.0682794
0.0682793
0.0682794
0.0682794
0.0682794
0.0682794
0.0682794
0.0682794
0.0682792
0.0682794
0.0682593
0.0682794
0.0682794
0.0682786
0.0682628
0.0681035
0.0671848
0.0640142
0.0640008
0.0671842
0.0681036
0.0682628
0.0682786
0.0682794
0.0682794
0.0682794
0.0682445
0.0678923
0.0679957
0.0682785
0.0660876
0.0682566
0.0587846
0.0679725
0.0447231
0.0386549
0.038624
0.0383989
0.0383597
0.038396
0.038332
0.038407
0.03833
0.0384106
0.0383299
0.0384113
0.0383299
0.0384114
0.0383304
0.0384115
0.0383382
0.0384138
0.0384267
0.0384471
0.0391977
0.0387683
0.0522033
0.046726
0.0607472
0.0583462
0.0633849
0.0617772
0.0579656
0.0674301
0.0671039
0.064473
0.0681979
0.0681596
0.0680409
0.067608
0.0682549
0.0682377
0.0680853
0.0682751
0.0682727
0.0682793
0.0682792
0.0682794
0.0682794
0.0682794
0.0682794
0.0682794
0.0682794
0.0682786
0.0682794
0.0682384
0.0682794
0.0682794
0.0682793
0.0682782
0.0682616
0.0681265
0.0675485
0.0675453
0.0681262
0.0682616
0.0682782
0.0682793
0.0682794
0.0682794
0.0682794
0.0682794
0.0682794
0.0677356
0.0682775
0.0642929
0.0682333
0.0516142
0.06769
0.0341397
0.0341397
0.0341379
0.0341357
0.0341393
0.0341397
0.0341397
0.0341378
0.0341358
0.0341393
0.0341397
0.0391814
0.0386577
0.0672341
0.0668853
0.0595626
0.058702
0.0666507
0.0666957
0.0664813
0.0676333
0.0681185
0.0680919
0.0682424
0.0681697
0.0682758
0.0682709
0.0682424
0.0682704
0.0682687
0.0682791
0.0682791
0.0682794
0.0682794
0.0682794
0.0682794
0.0682793
0.0682794
0.0682777
0.0682794
0.0682277
0.0682794
0.0682794
0.0682794
0.0682793
0.0682784
0.0682676
0.0682102
0.0682098
0.0682676
0.0682784
0.0682793
0.0682794
0.0682794
0.0682794
0.0682794
0.0682794
0.0682794
0.0676073
0.0682771
0.0635296
0.0682216
0.0497994
0.0675545
0.0341397
0.0341289
0.0337785
0.0334167
0.0340351
0.0341388
0.0341258
0.0337508
0.0334264
0.0340506
0.034139
0.0384148
0.0383512
0.0682039
0.0681645
0.0581891
0.05802
0.0681257
0.0663527
0.0662997
0.0682196
0.0680781
0.0680713
0.0682767
0.0682705
0.0682791
0.0682785
0.068268
0.0682676
0.068279
0.068279
0.0682794
0.0682794
0.0682794
0.0682794
0.0682793
0.0682794
0.0682794
0.0682772
0.0682254
0.0682794
0.0682794
0.0682794
0.0682794
0.0682793
0.0682789
0.0682758
0.0682758
0.0682789
0.0682793
0.0682794
0.0682794
0.0682794
0.0682794
0.0682794
0.0682794
0.0682794
0.0682794
0.0682794
0.0682794
0.0675801
0.068277
0.0633823
0.0682193
0.0495552
0.0675278
0.0341391
0.0339431
0.0278854
0.0196736
0.0323669
0.0341241
0.0339228
0.026722
0.0197332
0.0326818
0.0341252
0.0383279
0.0383216
0.0682764
0.0682738
0.0682792
0.0682794
0.0579567
0.0579381
0.068271
0.0662819
0.0662757
0.0682764
0.0680695
0.0680688
0.0682793
0.068279
0.0682794
0.0682793
0.0682791
0.0682675
0.0682675
0.068279
0.068279
0.0682794
0.0682794
0.0682794
0.0682794
0.0682793
0.0682794
0.0682794
0.0682772
0.0682253
0.0682794
0.0682794
0.0682794
0.0682794
0.0682794
0.0682794
0.0682793
0.0682793
0.0682794
0.0682794
0.0682794
0.0682794
0.0682794
0.0682794
0.0682794
0.0682794
0.0682794
0.0682794
0.0682794
0.0682794
0.0675773
0.068277
0.0633673
0.0682196
0.0495327
0.0675334
0.0341387
0.0337949
0.0248248
0.0172924
0.0188441
0.0170698
0.0170698
0.0317429
0.0341135
0.0383203
0.0383198
0.0682793
0.0682792
0.0682794
0.0682794
0.0682794
0.0579338
0.0579329
0.0682791
0.0662746
0.0662743
0.0682793
0.0680687
0.0680687
0.0682794
0.0682794
0.0682794
0.0682794
0.0682675
0.0682675
0.068279
0.068279
0.0682794
0.0682794
0.0682794
0.0682794
0.0682793
0.0682794
0.0682771
0.0682252
0.0682794
0.0682794
0.0682794
0.0682794
0.0682794
0.0682794
0.0682794
0.0682794
0.0682794
0.0682794
0.0682794
0.0682794
0.0682794
0.0682794
0.0682794
0.0682794
0.0682794
0.0682794
0.0682794
0.0682794
0.0675772
0.0682757
0.0633665
0.0682123
0.0495315
0.0675572
0.0341386
0.0337898
0.0247801
0.0170698
0.0321647
0.031101
0.0288136
0.0170692
0.0170693
0.0317178
0.0341131
0.0383199
0.0383197
0.0682794
0.0682794
0.0682794
0.0682794
0.0682794
0.0579327
0.0579328
0.0682794
0.0662743
0.0662743
0.0682794
0.0680687
0.0680687
0.0682794
0.0682794
0.0682794
0.0682791
0.0682777
0.0682675
0.0682675
0.068279
0.068279
0.0682794
0.0682794
0.0682794
0.0682794
0.0682793
0.0682794
0.0682794
0.0682771
0.0682253
0.0682793
0.0682794
0.0682794
0.0682794
0.0682794
0.0682793
0.0682787
0.0682787
0.0682793
0.0682794
0.0682794
0.0682794
0.0682794
0.0682794
0.0682794
0.0682794
0.0682794
0.0682794
0.0682794
0.0682794
0.0675774
0.0677736
0.0680447
0.0682586
0.0682256
0.0633673
0.0644977
0.0664298
0.068081
0.0678227
0.0495327
0.0521038
0.0605461
0.0672562
0.0663347
0.0341386
0.0337888
0.0247584
0.019265
0.0170698
0.0170698
0.00945911
0.011345
0.0316883
0.0341129
0.0383203
0.0383197
0.0682794
0.0682794
0.0682794
0.0682794
0.0682794
0.0579339
0.0579326
0.0682794
0.0662746
0.0662742
0.0682794
0.0680687
0.0680686
0.0682794
0.0682794
0.0682793
0.0682781
0.068268
0.0682675
0.0682675
0.068279
0.068279
0.0682794
0.0682794
0.0682794
0.0682794
0.0682793
0.0682794
0.0682794
0.0682771
0.0682254
0.068259
0.0682752
0.0682787
0.0682793
0.0682794
0.0682794
0.0682794
0.0682792
0.0682768
0.0682625
0.0682623
0.0682768
0.0682792
0.0682794
0.0682794
0.0682794
0.0682794
0.0682794
0.0682794
0.0682794
0.0682794
0.0682794
0.0682794
0.0675801
0.0675673
0.0633823
0.0633471
0.0495552
0.0495586
0.0341386
0.0337935
0.0248071
0.0170335
0.0164231
0.0173676
0.0170663
0.0198673
0.0170745
0.0170692
0.0190297
0.0203624
0.0170767
0.0170698
0.0170698
0.0202915
0.0170763
0.0170698
0.0185406
0.0170698
0.0170602
0.0170351
0.031692
0.0341127
0.0383279
0.038321
0.0579567
0.0579358
0.0662819
0.0662746
0.0680695
0.0680686
0.0682675
0.0682675
0.068279
0.068279
0.0682794
0.0682794
0.0682794
0.0682794
0.0682793
0.0682794
0.0682794
0.0682772
0.0682277
0.0682662
0.0682789
0.0682794
0.0682794
0.0682794
0.0682794
0.0682791
0.0682748
0.0682335
0.0680369
0.0680357
0.0682333
0.0682748
0.0682791
0.0682794
0.0682794
0.0682794
0.0682794
0.0682794
0.0682794
0.0682794
0.0682794
0.0682794
0.0676073
0.0675764
0.0635296
0.0632917
0.0497994
0.049475
0.0341391
0.0339286
0.0272973
0.0170698
0.0170698
0.0170698
0.0170698
0.0170698
0.0170698
0.0322184
0.0341198
0.0384148
0.0383484
0.0581891
0.0580091
0.0663527
0.0662944
0.0680781
0.0680703
0.068268
0.0682675
0.068279
0.068279
0.0682794
0.0682794
0.0682794
0.0682794
0.0682793
0.0682794
0.0682794
0.0682772
0.0682384
0.0682681
0.068279
0.0682794
0.0682794
0.0682794
0.0682792
0.0682746
0.0682197
0.0678412
0.0663799
0.0663728
0.0678407
0.0682197
0.0682746
0.0682792
0.0682794
0.0682794
0.0682794
0.0682794
0.0682794
0.0682794
0.0682794
0.0682794
0.0677356
0.0676595
0.0642929
0.0637456
0.0516142
0.0503228
0.0341397
0.0341241
0.033497
0.0319167
0.031709
0.031707
0.0317071
0.0317161
0.0322388
0.0339086
0.0341378
0.0391814
0.0386524
0.0595626
0.0586815
0.0666957
0.0664702
0.0681185
0.0680896
0.0682704
0.0682685
0.0682791
0.068279
0.0682794
0.0682794
0.0682794
0.0682794
0.0682793
0.0682794
0.0682794
0.0682777
0.0682593
0.0682727
0.0682792
0.0682794
0.0682794
0.0682793
0.0682765
0.0682298
0.0678215
0.0658563
0.0600349
0.0600142
0.0658563
0.0678218
0.0682299
0.0682765
0.0682793
0.0682794
0.0682794
0.0682794
0.0682794
0.0682794
0.0682794
0.0682794
0.0679957
0.067891
0.0660876
0.0653364
0.0587846
0.0558413
0.0447231
0.0396453
0.0386239
0.0387256
0.0383578
0.0386096
0.0383251
0.0385993
0.0383227
0.0386103
0.0383226
0.038611
0.0383226
0.038611
0.0383231
0.0386088
0.0383335
0.0386103
0.0384265
0.0386469
0.0391976
0.0389614
0.0522033
0.0469182
0.0633849
0.0618577
0.0674301
0.0671179
0.0681979
0.0681607
0.0682751
0.0682727
0.0682793
0.0682792
0.0682794
0.0682794
0.0682794
0.0682794
0.0682794
0.0682794
0.0682794
0.0682786
0.0682745
0.0682765
0.0682792
0.0682794
0.0682794
0.0682788
0.0680224
0.0662231
0.0593959
0.0380503
0.0594014
0.0662261
0.0680229
0.068262
0.0682788
0.0682794
0.0682794
0.0682794
0.0682794
0.0682794
0.0682794
0.0682794
0.0682011
0.0681502
0.0676206
0.0673097
0.0653309
0.0643707
0.061169
0.0603202
0.0585103
0.0588029
0.0578823
0.0585506
0.0578003
0.0585266
0.0577943
0.0585253
0.057794
0.0585253
0.057794
0.0585253
0.0577954
0.0585255
0.0578194
0.0585315
0.0580621
0.058615
0.0594708
0.0592821
0.0633354
0.0621706
0.0667726
0.0661771
0.0680334
0.0679017
0.0682582
0.0682434
0.0682784
0.0682776
0.0682794
0.0682793
0.0682794
0.0682794
0.0682794
0.0682794
0.0682794
0.0682794
0.0682792
0.0682794
0.0682794
0.0682792
0.0682794
0.0682793
0.0682781
0.0682725
0.0682788
0.0682758
0.0682472
0.0681492
0.068262
0.0682071
0.0678261
0.0669161
0.0680223
0.0674949
0.064731
0.0602783
0.0662231
0.0636514
0.0527264
0.0429489
0.0593959
0.0540806
0.0429578
0.0380251
0.054082
0.052743
0.060291
0.0594014
0.0636564
0.0647382
0.0669194
0.0662261
0.0674964
0.0678274
0.0681496
0.0680229
0.0682473
0.0682726
0.068262
0.0682758
0.0682781
0.0682792
0.0682788
0.0682794
0.0682794
0.0682794
0.0682794
0.0682417
0.0678226
0.0682416
0.0678218
0.0653725
0.0572566
0.065369
0.0572539
0.0512095
0.0682794
0.0682793
0.0682793
0.068279
0.0253913
0.0151055
0.0655425
0.068279
0.0682777
0.0682776
0.0222364
0.0142376
0.0129661
0.0142339
0.021675
0.0222398
0.0365107
0.0682498
0.0648717
0.066033
0.0669553
0.0677998
0.068257
0.0682545
0.0681844
0.0682794
0.0636739
0.0633107
0.0660757
0.0682794
0.0635183
0.0636009
0.0662681
0.0663353
0.0682794
0.0636403
0.0636619
0.0663613
0.0663735
0.0682794
0.0636738
0.0636799
0.0663799
0.0663832
0.0636828
0.063684
0.0663847
0.0663853
0.068278
0.0636844
0.0636846
0.0663856
0.0663857
0.0682384
0.0636846
0.0636847
0.0663857
0.0663857
0.0676314
0.0636848
0.0636855
0.0663858
0.0663861
0.0636888
0.0637015
0.0663876
0.0663936
0.0637433
0.0638603
0.0664134
0.0664687
0.0641375
0.0646827
0.0665957
0.0668343
0.0218676
0.0655379
0.0665135
0.0671876
0.0675791
0.067321
0.06784
0.0679023
0.0681091
0.0149681
0.039317
0.0681089
0.0682234
0.0682149
0.0682589
0.0540782
0.0622083
0.0682638
0.0682757
0.0682739
0.0682782
0.0677926
0.0681113
0.0675162
0.0660486
0.068033
0.0682233
0.0682318
0.0681835
0.068074
0.0682787
0.0682793
0.0682792
0.0682793
0.0666756
0.067843
0.0672519
0.0682794
0.0682794
0.0682794
0.0682794
0.0678066
0.0681244
0.0680388
0.0682794
0.0682794
0.0682794
0.0682794
0.0681536
0.0682211
0.0681894
0.0682794
0.0682794
0.0682794
0.0682794
0.0681565
0.0681341
0.0680285
0.0682794
0.0682794
0.0682794
0.0682794
0.0677754
0.0680159
0.0682794
0.0682794
0.0682794
0.0682794
0.0682794
0.0682794
0.0682794
0.0682794
0.0682794
0.0682794
0.0682794
0.0682794
0.0682794
0.0682794
0.0682794
0.0682794
0.0682794
0.0682794
0.0682794
0.0682794
0.0682793
0.0682786
0.0682689
0.0682013
0.0682794
0.0682794
0.0682794
0.0682793
0.0600349
0.0599021
0.0600141
0.063607
0.0655633
0.0633354
0.0626124
0.05879
0.059024
0.0516849
0.0680367
0.0681069
0.0677768
0.067005
0.0680635
0.0678324
0.0670273
0.0681347
0.0666598
0.0675434
0.0682794
0.0682794
0.0682792
0.0682793
0.0682792
0.06638
0.065989
0.0663728
0.0673011
0.0682504
0.0522033
0.0545946
0.0447066
0.0392302
0.0341397
0.0341397
0.0341397
0.0674015
0.0678213
0.0669866
0.065103
0.068203
0.0681759
0.0679824
0.0682469
0.0678976
0.0681887
0.0680756
0.0682794
0.0682793
0.0682791
0.0682793
0.068279
0.0680369
0.067918
0.0680357
0.0681647
0.0682794
0.0391815
0.0503061
0.0386101
0.0341397
0.0341397
0.0341397
0.0341397
0.0341397
0.0341397
0.0666352
0.0676016
0.0664063
0.0637946
0.0682682
0.0682684
0.0682454
0.0682762
0.0681618
0.0682662
0.0681979
0.0682794
0.0682793
0.068279
0.0682793
0.068279
0.0682625
0.0682483
0.0682623
0.0682722
0.0682794
0.0682794
0.0682794
0.0682794
0.0682794
0.0682794
0.0682794
0.0682794
0.0682794
0.0682794
0.0682794
0.0682794
0.0384149
0.0496159
0.038349
0.0341397
0.0341397
0.0341397
0.0341396
0.0341397
0.0662873
0.0675343
0.066237
0.0634455
0.0682794
0.0682794
0.0682794
0.0682794
0.0682794
0.0682794
0.0682794
0.0682794
0.0682794
0.0682794
0.0682794
0.0682794
0.0682794
0.0682794
0.0682794
0.0682794
0.0682794
0.0682793
0.068279
0.0682781
0.0682794
0.0682763
0.0682736
0.0682794
0.0682709
0.0682701
0.0682794
0.0682719
0.0682764
0.0682792
0.0682788
0.0682793
0.0682794
0.0682794
0.0682794
0.0682786
0.0682788
0.0682774
0.0682792
0.0682114
0.0682783
0.0682158
0.068268
0.0682794
0.0682772
0.0682676
0.0682793
0.068279
0.0682793
0.068279
0.0682787
0.068278
0.0682787
0.0682791
0.0682794
0.0383279
0.0495373
0.0383219
0.0341396
0.0341392
0.0341396
0.0341395
0.0341387
0.0341395
0.0341388
0.0662206
0.0675279
0.0662202
0.0634104
0.0164814
0.0170698
0.0170698
0.0169132
0.0682794
0.0682794
0.0682793
0.0682794
0.0682171
0.0682793
0.0682174
0.0682675
0.0682794
0.0682771
0.0682675
0.0682793
0.068279
0.0682793
0.0682789
0.0682794
0.0682793
0.0682794
0.0682794
0.0682794
0.0383203
0.0495317
0.03832
0.0341395
0.0341387
0.0341395
0.0341387
0.0341395
0.0341387
0.0341395
0.0341387
0.0662332
0.0675455
0.0662685
0.0635042
0.0247807
0.0682794
0.0682794
0.0682794
0.0682794
0.0682173
0.0682168
0.0682675
0.0682794
0.0682771
0.0682675
0.0682793
0.0682787
0.068279
0.0682776
0.0682794
0.0682793
0.0682793
0.0682794
0.0383199
0.0495317
0.03832
0.0341395
0.0341387
0.0341395
0.0341387
0.0341395
0.0341395
0.0663368
0.0675158
0.0664064
0.0639615
0.0247729
0.0682794
0.0682794
0.0682794
0.0682794
0.0682151
0.0682747
0.0682107
0.0682675
0.0682771
0.0682675
0.0680636
0.0681195
0.0681679
0.068231
0.0682492
0.06826
0.0682543
0.0682785
0.0682742
0.0682651
0.0682764
0.0682786
0.0682758
0.0682791
0.0682758
0.068278
0.0682794
0.0662747
0.0675757
0.0675779
0.0663682
0.0662762
0.067647
0.0665462
0.0682099
0.0681089
0.0579338
0.0635626
0.0633704
0.0582665
0.0579385
0.0639276
0.0588522
0.0677951
0.0672488
0.0383203
0.0499537
0.0495373
0.038494
0.0383219
0.0506598
0.0341396
0.0341397
0.0341396
0.0557052
0.0394118
0.0341397
0.0341397
0.0341397
0.0467196
0.0395142
0.0642203
0.055954
0.0619651
0.060163
0.0663215
0.0651787
0.0162947
0.0169419
0.016427
0.019348
0.0170687
0.0170527
0.0170656
0.0198751
0.0170745
0.0170697
0.0203534
0.0170766
0.0170698
0.0170698
0.0203712
0.0170767
0.0170698
0.0203535
0.0170766
0.0170698
0.0203
0.0170763
0.0170698
0.0193463
0.0170726
0.017069
0.0170622
0.016997
0.0170141
0.0165164
0.0682794
0.0682794
0.0682794
0.0682794
0.0682794
0.068202
0.0682531
0.0681459
0.0682675
0.0682794
0.0682771
0.0682675
0.0680525
0.0680623
0.0682143
0.0682214
0.0682102
0.0682722
0.0682098
0.0682483
0.0682794
0.0170269
0.0162877
0.0258068
0.0170698
0.0130432
0.017069
0.0152291
0.0193418
0.017069
0.017055
0.0170662
0.0170698
0.00969743
0.0170698
0.017063
0.0137201
0.0193477
0.018594
0.0170698
0.0170698
0.0170698
0.0203448
0.0170766
0.0170698
0.0170698
0.0170698
0.0170698
0.0170698
0.0170698
0.019347
0.0190295
0.0170698
0.0170698
0.0203448
0.0170766
0.0170698
0.0170698
0.0170698
0.0170698
0.0170698
0.0229638
0.0170698
0.0166653
0.0170671
0.0163684
0.0160105
0.0193403
0.0170729
0.0170698
0.0170698
0.0170698
0.0170698
0.0161241
0.0170278
0.0168888
0.0170698
0.0170698
0.0170698
0.0679713
0.0674911
0.0682675
0.0682794
0.0682772
0.0682676
0.0680681
0.0680777
0.0682235
0.0682262
0.0675485
0.0681647
0.0675453
0.0679181
0.0682794
0.068268
0.0682794
0.0682774
0.0682689
0.0680949
0.0681241
0.0682309
0.0682389
0.0640141
0.0673011
0.0640008
0.0659891
0.0682794
0.0682704
0.0682794
0.0682781
0.0682727
0.0681654
0.0682067
0.06825
0.0682599
0.0548587
0.0636071
0.0548322
0.0599021
0.0682794
0.0682751
0.0682794
0.068279
0.0682772
0.0682787
0.0682794
0.0682794
0.0682793
0.0682758
0.0682072
0.0674949
0.0636514
0.0540806
0.0380251
0.054082
0.0636564
0.0674964
0.0682073
0.0682758
0.0682793
0.0682794
0.0682794
0.0682794
0.0682794
0.0682794
0.0682794
0.0679018
0.0661681
0.0621642
0.0592808
0.0586148
0.0585315
0.0585253
0.0585266
0.0585506
0.0588033
0.0603234
0.0643799
0.0673147
0.0682791
0.0682794
0.0682794
0.0682794
0.0682794
0.0682794
0.0682794
0.0682794
0.0682784
0.0682793
0.068279
0.0163098
0.0167572
0.0170697
0.0188473
0.0185582
0.0170698
0.0190387
0.0179553
0.0293326
0.0306323
0.027616
0.016995
0.0170698
0.0290632
0.0170698
0.0290241
0.0170698
0.0170698
0.0170698
0.0170698
0.0170698
0.0170698
0.0290235
0.0142335
0.0289874
0.0170697
0.0117239
0.00665068
0.0162133
0.015751
0.0170686
0.0170669
0.0170698
0.0170698
0.0170698
0.0170698
0.0170698
0.0170698
0.0170698
0.0170698
0.0170698
0.0170698
0.0170698
0.0170698
0.0170454
0.0170164
0.0162053
0.0157336
0.028979
0.0170698
0.0293724
0.0170698
0.0326874
0.0298129
0.0170698
0.0293451
0.0290108
0.0170698
0.0290016
0.0289986
0.0170698
0.0289986
0.0289986
0.0170698
0.0289986
0.029002
0.0170698
0.0290126
0.0294055
0.00128523
0.0160499
0.00411622
0.00687943
0.0170629
0.0170684
0.0190179
0.0170698
0.0170698
0.018062
0.0170698
0.0170698
0.0170698
0.0170698
0.0170698
0.0170698
0.0168505
0.0170639
0.0170697
0.0136606
0.0169999
0.0170698
0.0170698
0.0170697
0.0170581
0.0170698
0.0163947
0.0170233
0.0170698
0.0170698
0.00375945
0.0170698
0.0141665
0.00987257
0.0170317
0.0164879
0.0170638
0.0170564
0.016785
0.0165525
0.0170698
0.0170698
0.0170698
0.0170698
0.0170698
0.0170698
0.0170698
0.0170698
0.0170643
0.0170561
0.0170698
0.0170698
0.00380196
0.0140827
0.0142502
0.00996097
0.0170296
0.0168942
0.0160833
0.0151497
0.0170601
0.0170694
0.0098218
0.0170697
0.0170564
0.0158881
0.0170698
0.00373838
0.0170698
0.0170698
0.00641659
0.0169686
0.0170698
0.00680619
0.0170698
0.0161608
0.0170698
0.0159398
0.0170698
0.0170598
0.0170698
0.0167364
0.0170698
0.0166437
0.0170568
0.0170668
0.0170626
0.0170682
0.0170698
0.0170698
0.0170677
0.0170698
0.0170698
0.0170698
0.0170698
0.0170698
0.0170698
0.0170698
0.0170698
0.0170698
0.0170698
0.0170698
0.0170698
0.0170698
0.0170698
0.0170698
0.0170698
0.0170698
0.0170698
0.0170698
0.0170698
0.0170698
0.0170698
0.0170698
0.0170698
0.0170698
0.0170698
0.0170698
0.0170698
0.0170698
0.0170698
0.0170696
0.0170694
0.0170689
0.0170057
0.0170698
0.0170698
0.0170698
0.0170698
0.0170698
0.0170698
0.0170698
0.0170698
0.0170698
0.0170698
0.0170698
0.0170698
0.0170598
0.0170124
0.0170694
0.0170672
0.0170697
0.0170691
0.0170698
0.0170698
0.0170698
0.0170698
0.0170698
0.0170698
0.0170698
0.0170694
0.0170698
0.0170698
0.0170698
0.0170697
0.0309122
0.0338058
0.0291197
0.0290223
0.0337898
0.0289785
0.0170698
0.0176134
0.0186367
0.0233726
0.0215396
0.028978
0.0337892
0.0289722
0.0311045
0.0288198
0.0193698
0.0317875
0.0293947
0.0293898
0.0170216
0.0192307
0.0192521
0.0249588
0.0191831
0.0191813
0.02489
0.0289671
0.0337899
0.0289766
0.031121
0.028834
0.0236912
0.0226091
0.0236895
0.022606
0.0122527
0.0174158
0.0242517
0.0244467
0.0290074
0.0338678
0.0297812
0.0169644
0.0170695
0.0113363
0.0172049
0.0162884
0.0170695
0.0186278
0.0176125
0.0215391
0.0233591
0.0170698
0.00962289
0.0163985
0.0184764
0.0193153
0.019217
0.0151255
0.0170698
0.01901
0.0191849
0.0247397
0.0242433
0.0170698
0.0250834
0.0250748
0.0170698
0.0192616
0.0249693
0.0191688
0.0250478
0.0170698
0.0186504
0.0215718
0.0234179
0.029929
0.0299587
0.0330363
0.00561006
0.0164065
0.0163323
0.00663915
0.0155603
0.0169195
0.0168086
0.0165875
0.0163029
0.0169962
0.0115442
0.0170698
0.0194795
0.0196748
0.0170698
0.0170698
0.0170698
0.0169404
0.0170013
0.0170442
0.0170697
0.0170698
0.0170698
0.0170666
0.0170694
0.0170674
0.0154179
0.0141128
0.0157619
0.00356159
0.0111773
0.00701185
0.015484
0.0154912
0.0166156
0.016938
0.0166721
0.0144924
0.0112909
0.0174162
0.0169633
0.0162022
0.0155981
0.0166288
0.0166053
0.0169378
0.016669
0.0154339
0.0170318
0.0154665
0.0170591
0.0170603
0.0015821
0.00232736
0.0170698
0.0170698
0.0170698
0.00911563
0.0150266
0.0127657
0.0126957
0.00887213
0.0146639
0.0169677
0.0170312
0.0159287
0.00614959
0.0170698
0.0127099
0.0170698
0.0170698
0.0170602
0.0170698
0.0170409
0.0170698
0.0170698
0.00534236
0.010489
0.0123946
0.0154642
0.0147364
0.015302
0.0164877
0.0160148
0.0166642
0.0169373
0.0170698
0.0170698
0.0170698
0.0170698
0.0170698
0.0170678
0.0170698
0.0170696
0.0170698
0.0170698
0.0170698
0.0170698
0.0170698
0.0170698
0.0170698
0.0170697
0.0170698
0.0170698
0.0170698
0.0170698
0.0170696
0.0170698
0.0170698
0.0170698
0.0170698
0.0170698
0.0170698
0.0170698
0.0170698
0.0170698
0.0170698
0.0170698
0.0170698
0.0170698
0.0170698
0.0170698
0.0170698
0.0170698
0.0170698
0.0170698
0.0170698
0.0170698
0.0170698
0.0170698
0.0170698
0.0170698
0.0170698
0.0170698
0.0170698
0.0170698
0.0167758
0.0169166
0.0168614
0.0169948
0.0168555
0.0170698
0.0170698
0.0170698
0.0170698
0.0170698
0.0170698
0.0170698
0.0170698
0.0170698
0.0170698
0.0159292
0.0167714
0.0165702
0.0151667
0.0140146
0.01424
0.0146992
0.0138321
0.0119286
0.0169173
0.0170318
0.0170186
0.0170593
0.0170604
0.0170698
0.0170698
0.0170698
0.0170698
0.0170698
0.0170698
0.0170698
0.0170698
0.0170698
0.0170698
0.0170698
0.0170698
0.0194548
0.019544
0.0170266
0.0170557
0.0170697
0.016982
0.016331
0.0163735
0.0167387
0.0146139
0.0160119
0.0170374
0.016975
0.0170272
0.016942
0.0166895
0.0169277
0.0170109
0.016894
0.0170698
0.019166
0.0242743
0.019184
0.0247019
0.0170698
0.0170698
0.0170698
0.0170698
0.0170698
0.0170698
0.0170698
0.0170698
0.0170697
0.0170698
0.0170698
0.0170698
0.0170698
0.0170698
0.0170698
0.0170698
0.0170698
0.0169059
0.0188738
0.0192351
0.024952
0.0248117
0.0170698
0.0170698
0.0170698
0.0170698
0.0170698
0.0170698
0.0170698
0.0170698
0.0170698
0.0170698
0.0170698
0.0170698
0.0170698
0.0170698
0.0170698
0.014805
0.0243716
0.0241987
0.0170437
0.0170204
0.0170451
0.0169861
0.0170487
0.0170032
0.0164366
0.0168231
0.0165728
0.0155898
0.0165457
0.0164781
0.0170698
0.0170698
0.0170698
0.0195469
0.0193364
0.00365713
0.00425264
0.0145683
0.0112678
0.0139288
0.00976507
0.0196017
0.0223644
0.0145039
0.0170698
0.0174518
0.0211621
0.0232063
0.0170698
0.0249584
0.0250448
0.0170698
0.0192972
0.0192998
0.0250835
0.0191688
0.0191688
0.0250755
0.0170698
0.0247737
0.0243352
0.0170698
0.0170698
0.0170698
0.0195671
0.0147045
0.0145709
0.0142318
0.011929
0.00150942
0.015747
0.00615041
0.00931449
0.00349378
0.00524102
0.00946593
0.00154779
0.0123162
0.0136629
0.0165103
0.0170246
0.0167894
0.0167709
0.0169541
0.0170087
0.0169524
0.0170453
0.0170594
0.0170698
0.0170696
0.0170698
0.0170698
0.0170698
0.0170698
0.0170698
0.0170698
0.0170698
0.0170698
0.0170698
0.0170698
0.0170698
0.0170698
0.0170698
0.0170698
0.0170698
0.0170698
0.0170698
0.0170698
0.0170698
0.0170698
0.0170698
0.0170698
0.0170698
0.0170698
0.0170698
0.0170698
0.0170698
0.0170698
0.0170698
0.0170698
0.0170698
0.0170698
0.0170694
0.0170697
0.0170614
0.0170633
0.0170103
0.0170306
0.0170517
0.0170402
0.0167822
0.0168941
0.0139153
0.00814825
0.0112818
0.00365136
0.0136481
0.0157701
0.016389
0.0139624
0.0156695
0.0117305
0.0149029
0.00588229
0.011855
0.0138825
0.0146298
0.00864705
0.00474347
0.0170698
0.0170698
0.0170698
0.0170698
0.0170698
0.0170277
0.0170677
0.0170618
0.0168485
0.0169968
0.0170692
0.0170694
0.0170698
0.0170696
0.0170687
0.0164789
0.0168368
0.0160498
0.0166724
0.0170698
0.0170685
0.0170675
0.0170594
0.0170682
0.0170697
0.0170695
0.0170697
0.0170692
0.0170693
0.0170689
0.0170692
0.0170575
0.0170668
0.0170597
0.0170263
0.0170528
0.0170656
0.0170581
0.0170547
0.0170219
0.017058
0.017067
0.0170567
0.0164358
0.0169024
0.0165665
0.0156873
0.0165318
0.0170693
0.0170698
0.0170698
0.0170698
0.0170698
0.0170601
0.0168455
0.0170698
0.0170698
0.0170698
0.0170698
0.0170698
0.0170698
0.0170698
0.0170698
0.0170698
0.0170698
0.0170698
0.0170698
0.0170698
0.00432695
0.0120043
0.00750835
0.00653476
0.00387448
0.0135343
0.0135456
0.0158507
0.0146222
0.0160188
0.0157258
0.0141265
0.0162865
0.0159688
0.0170698
0.0170698
0.0170698
0.0158315
0.0169307
0.0170696
0.0170695
0.0170698
0.0166189
0.0170563
0.0170635
0.0170666
0.0170684
0.0170513
0.0170698
0.0170696
0.0170691
0.0170697
0.00440453
0.00663791
0.0118199
0.00694568
0.0136356
0.01589
0.0113186
0.0145505
0.0160007
0.0134157
0.0134981
0.0170675
0.0170695
0.0170678
0.0156234
0.0138542
0.0170698
0.0170698
0.0170698
0.00230186
0.00220368
0.0168841
0.017037
0.0170493
0.0169579
0.0149726
0.00333149
0.0032216
0.00697403
0.0131943
0.00900868
0.0150899
0.0106005
0.0113434
0.00347788
0.0149233
0.0170698
0.0159009
0.0170698
0.0170698
0.016964
0.0170698
0.016637
0.0170698
0.0170698
0.0169333
0.0164154
0.0169246
0.0168154
0.0170623
0.0170462
0.0170222
0.0169866
0.0170636
0.0170689
0.0170456
0.0170434
0.0170656
0.0170697
0.0170698
0.0170698
0.0170698
0.0170692
0.0170697
0.0170695
0.0170689
0.0170697
0.0170698
0.0170698
0.0170698
0.0170698
0.0170698
0.0170698
0.0170698
0.0170698
0.0170698
0.0170698
0.0170698
0.0170698
0.0170698
0.0170698
0.0170698
0.0170698
0.0170698
0.0170698
0.0170698
0.0170698
0.0170698
0.0170698
0.0170698
0.0170698
0.0170698
0.0170698
0.0170698
0.0170698
0.0170698
0.0170698
0.0170698
0.0170698
0.0170698
0.0170698
0.0170698
0.0170698
0.0170698
0.0170698
0.0170698
0.0170698
0.0170698
0.0170698
0.0170698
0.0170698
0.0170698
0.0170698
0.0170695
0.0170698
0.0170698
0.0170692
0.0170697
0.0170698
0.0170698
0.0170698
0.0170696
0.0170679
0.0170679
0.0170696
0.017068
0.0170587
0.0170156
0.0170458
0.0169715
0.0170549
0.0170361
0.0167206
0.0170671
0.0170657
0.0170598
0.0170698
0.0170698
0.0170698
0.0170698
0.0170698
0.0170698
0.0170698
0.0170698
0.0170698
0.0154191
0.0104332
0.0114494
0.0102457
0.00773944
0.0126071
0.00547487
0.0117899
0.00739822
0.0039393
0.0161097
0.0145421
0.0156531
0.0119556
0.0143247
0.0114107
0.0137318
0.0159435
0.0150196
0.00375514
0.0170573
0.0170675
0.0170676
0.0170695
0.0170678
0.0170698
0.0170698
0.0170698
0.0170698
0.0170698
0.0170698
0.0170698
0.0170694
0.0170698
0.0170698
0.0170698
0.0170698
0.0170698
0.0170698
0.0170698
0.0682791
0.0682793
0.068279
0.0682687
0.0682769
0.0682664
0.0680851
0.0682205
0.068048
0.0662885
0.0674904
0.065934
0.0564199
0.0621741
0.0542609
0.0253718
0.0395654
0.0150787
0.0564447
0.0396138
0.0542946
0.0662943
0.0621918
0.0659416
0.0680858
0.0674932
0.068049
0.0682687
0.0682207
0.0682665
0.0682791
0.0682769
0.068279
0.0682794
0.0682793
0.0682794
0.0680633
0.0682777
0.0682402
0.0615965
0.0679268
0.0668048
0.068279
0.0682789
0.0682791
0.0682674
0.0682778
0.068271
0.0680648
0.0682403
0.0681231
0.0660984
0.067739
0.0666628
0.0553738
0.0640847
0.0588148
0.0216436
0.0496752
0.0364879
0.0554059
0.0497047
0.0588363
0.0661057
0.0640964
0.066668
0.0680657
0.067741
0.0681237
0.0682675
0.0682405
0.068271
0.068279
0.0682778
0.0682791
0.0682794
0.0682793
0.0682794
0.068277
0.0682794
0.0682794
0.0680994
0.068278
0.0682685
0.0682789
0.0682749
0.0682786
0.0682748
0.068279
0.0682774
0.0681883
0.0682693
0.0682364
0.0673063
0.0681235
0.0677973
0.0625972
0.0670082
0.0654221
0.050272
0.0628102
0.059375
0.0380332
0.0559021
0.0532119
0.0380274
0.052134
0.0532086
0.0502781
0.0558985
0.0593756
0.0626074
0.062814
0.0654258
0.0673091
0.0670106
0.0677984
0.0681886
0.0681239
0.0682366
0.0682748
0.0682694
0.0682774
0.0682793
0.068279
0.0682793
0.0682794
0.0682794
0.0682794
0.0682794
0.0682794
0.0682794
0.0682794
0.0682794
0.0682794
0.0673072
0.0672916
0.0678206
0.0680642
0.0681878
0.0682568
0.0682508
0.0682715
0.0682787
0.0682777
0.0682791
0.0682787
0.0682793
0.0682792
0.0682629
0.0682783
0.0682742
0.0680811
0.0682589
0.0682114
0.0670618
0.0680902
0.0678377
0.0644347
0.0674117
0.0668373
0.0616749
0.0662291
0.0657494
0.0616734
0.0655624
0.0657488
0.0644342
0.0662284
0.0668369
0.0670629
0.0674118
0.067838
0.0680815
0.0680904
0.0682115
0.068263
0.0682589
0.0682742
0.0682787
0.0682783
0.0682792
0.0682794
0.0682794
0.0682794
0.0682794
0.0682794
0.0682794
0.0682794
0.0682794
0.0682794
0.0682794
0.0682794
0.0682794
0.0679946
0.0675577
0.0680469
0.0682458
0.0682136
0.0682623
0.0682769
0.0682754
0.0682785
0.0682793
0.0682792
0.0682794
0.0682793
0.0682794
0.0682794
0.0682781
0.0682793
0.0682791
0.0682599
0.0682781
0.0682747
0.0681429
0.0682651
0.0682435
0.0678117
0.0682045
0.0681488
0.0674373
0.0680869
0.068037
0.0674371
0.0680175
0.0680369
0.0678116
0.0680868
0.0681487
0.068143
0.0682045
0.0682435
0.0682599
0.0682652
0.0682747
0.0682781
0.0682781
0.0682791
0.0682793
0.0682793
0.0682794
0.0682794
0.0682794
0.0682794
0.0682794
0.0682794
0.0682794
0.0682794
0.0682794
0.0682794
0.0682794
0.0682794
0.0682794
0.0680615
0.0675851
0.0680659
0.0682663
0.0682244
0.0682672
0.0682789
0.0682771
0.068279
0.0682794
0.0682793
0.0682794
0.0682794
0.0682794
0.0682794
0.0682793
0.0682794
0.0682794
0.0682785
0.0682793
0.0682792
0.0682714
0.0682788
0.0682779
0.0682481
0.0682759
0.068273
0.0682192
0.0682695
0.0682665
0.0682192
0.0682654
0.0682665
0.0682481
0.0682694
0.068273
0.0682714
0.0682759
0.0682779
0.0682785
0.0682788
0.0682792
0.0682793
0.0682793
0.0682794
0.0682794
0.0682794
0.0682794
0.0682794
0.0682794
0.0682794
0.0682794
0.0682794
0.0682794
0.0682794
0.0682794
0.0682794
0.0682794
0.0682794
0.0682794
0.0680675
0.06759
0.0680682
0.0682675
0.0682254
0.0682675
0.068279
0.0682771
0.068279
0.0682794
0.0682793
0.0682794
0.0682794
0.0682794
0.0682794
0.0682794
0.0682794
0.0682794
0.0682794
0.0682794
0.0682794
0.0682791
0.0682794
0.0682793
0.0682783
0.0682793
0.0682792
0.068277
0.0682791
0.068279
0.068277
0.068279
0.068279
0.0682783
0.0682791
0.0682792
0.0682791
0.0682793
0.0682793
0.0682794
0.0682794
0.0682794
0.0682794
0.0682794
0.0682794
0.0682794
0.0682794
0.0682794
0.0682794
0.0682794
0.0682794
0.0682794
0.0682794
0.0682794
0.0682794
0.0682794
0.0682794
0.0682794
0.0682794
0.0682794
0.0680685
0.0675911
0.0680686
0.0682676
0.0682255
0.0682676
0.068279
0.0682772
0.068279
0.0682794
0.0682793
0.0682794
0.0682794
0.0682794
0.0682794
0.0682794
0.0682794
0.0682794
0.0682794
0.0682794
0.0682794
0.0682794
0.0682794
0.0682794
0.0682794
0.0682794
0.0682794
0.0682793
0.0682794
0.0682794
0.0682793
0.0682794
0.0682794
0.0682794
0.0682794
0.0682794
0.0682794
0.0682794
0.0682794
0.0682794
0.0682794
0.0682794
0.0682794
0.0682794
0.0682794
0.0682794
0.0682794
0.0682794
0.0682794
0.0682794
0.0682794
0.0682794
0.0682794
0.0682793
0.0682793
0.0682792
0.0682789
0.0682792
0.0682786
0.0682782
0.0680687
0.0675912
0.0680687
0.0682676
0.0682255
0.0682676
0.068279
0.0682772
0.068279
0.0682794
0.0682793
0.0682794
0.0682794
0.0682794
0.0682794
0.0682794
0.0682794
0.0682794
0.0682794
0.0682794
0.0682794
0.0682794
0.0682794
0.0682794
0.0682794
0.0682794
0.0682794
0.0682794
0.0682794
0.0682794
0.0682794
0.0682794
0.0682794
0.0682794
0.0682794
0.0682794
0.0682794
0.0682794
0.0682794
0.0682794
0.0682794
0.0682794
0.0682794
0.0682794
0.0682794
0.0682794
0.0682794
0.0682794
0.0682794
0.0682794
0.0682792
0.068279
0.0682788
0.0682773
0.0682768
0.0682734
0.068266
0.0682726
0.0682554
0.0682453
0.0680687
0.0675912
0.0680687
0.0682676
0.0682255
0.0682676
0.068279
0.0682772
0.068279
0.0682794
0.0682793
0.0682794
0.0682794
0.0682794
0.0682794
0.0682794
0.0682794
0.0682794
0.0682794
0.0682794
0.0682794
0.0682794
0.0682794
0.0682794
0.0682794
0.0682794
0.0682794
0.0682794
0.0682794
0.0682794
0.0682794
0.0682794
0.0682794
0.0682794
0.0682794
0.0682794
0.0682794
0.0682794
0.0682794
0.0682794
0.0682794
0.0682794
0.0682794
0.0682794
0.0682794
0.0682794
0.0682794
0.0682793
0.0682786
0.0682787
0.0682762
0.0682695
0.0682673
0.0682411
0.0682209
0.0681791
0.068063
0.0681325
0.0678985
0.0677368
0.0680687
0.0675914
0.0680687
0.0682676
0.0682255
0.0682676
0.068279
0.0682772
0.068279
0.0682794
0.0682793
0.0682794
0.0682794
0.0682794
0.0682794
0.0682794
0.0682794
0.0682794
0.0682794
0.0682794
0.0682794
0.0682794
0.0682794
0.0682794
0.0682794
0.0682794
0.0682794
0.0682794
0.0682794
0.0682794
0.0682794
0.0682794
0.0682794
0.0682794
0.0682794
0.0682794
0.0682794
0.0682794
0.0682794
0.0682794
0.0682794
0.0682794
0.0682794
0.0682794
0.0682793
0.0682789
0.0682791
0.0682779
0.0682684
0.0682719
0.0682482
0.0681557
0.0681685
0.067946
0.0676
0.0674327
0.0664697
0.0665603
0.0650571
0.0635905
0.0680689
0.0675942
0.0680696
0.0682676
0.0682257
0.0682676
0.068279
0.0682772
0.068279
0.0682794
0.0682793
0.0682794
0.0682794
0.0682794
0.0682794
0.0682794
0.0682794
0.0682794
0.0682794
0.0682794
0.0682794
0.0682794
0.0682794
0.0682794
0.0682794
0.0682794
0.0682794
0.0682794
0.0682794
0.0682794
0.0682794
0.0682794
0.0682794
0.0682794
0.0682794
0.0682794
0.0682794
0.0682794
0.0682794
0.0682794
0.0682794
0.0682794
0.0682793
0.0682793
0.0682792
0.0682756
0.068278
0.0682719
0.0682067
0.0682444
0.0681404
0.0675311
0.0678045
0.066883
0.0641981
0.0647382
0.0605263
0.05721
0.053704
0.0454444
0.068072
0.0676235
0.0680789
0.0682677
0.0682281
0.0682681
0.068279
0.0682773
0.068279
0.0682794
0.0682793
0.0682794
0.0682794
0.0682794
0.0682794
0.0682794
0.0682794
0.0682794
0.0682794
0.0682794
0.0682794
0.0682794
0.0682794
0.0682794
0.0682794
0.0682794
0.0682794
0.0682794
0.0682794
0.0682794
0.0682794
0.0682794
0.0682794
0.0682794
0.0682794
0.0682794
0.0682794
0.0682794
0.0682794
0.0682794
0.0682794
0.0682794
0.068279
0.0682793
0.0682788
0.0682669
0.0682758
0.0682611
0.0680576
0.0681984
0.067971
0.0661052
0.0672648
0.0653847
0.0560257
0.0610747
0.0524966
0.0264159
0.0374572
0.0140184
0.0680946
0.0677631
0.0681232
0.068269
0.0682397
0.0682707
0.0682791
0.0682777
0.0682791
0.0682794
0.0682793
0.0682794
0.0682794
0.0682794
0.0682794
0.0682794
0.0682794
0.0682794
0.0682794
0.0682794
0.0682794
0.0682794
0.0682794
0.0682794
0.0682794
0.0682794
0.0682794
0.0682794
0.0682794
0.0682794
0.0682794
0.0682794
0.0682794
0.0682794
0.0682794
0.0682794
0.0682794
0.0682794
0.0682794
0.0682794
0.0682794
0.0682794
0.0682785
0.0682792
0.0682781
0.0682539
0.068272
0.0682442
0.0678767
0.0681343
0.0677617
0.0647407
0.0666796
0.0639881
0.0505631
0.0582777
0.048119
0.0179219
0.0338963
0.0218273
0.0681635
0.0680337
0.0682066
0.0682731
0.0682614
0.0682756
0.0682792
0.0682787
0.0682793
0.0682794
0.0682794
0.0682794
0.0682794
0.0682794
0.0682794
0.0682794
0.0682794
0.0682794
0.0682794
0.0682794
0.0682794
0.0682794
0.0682794
0.0682794
0.0682794
0.0682794
0.0682794
0.0682794
0.0682794
0.0682794
0.0682794
0.0682794
0.0682794
0.0682794
0.0682794
0.0682794
0.0682794
0.0682794
0.0682794
0.0682793
0.0682794
0.0682793
0.0682776
0.0682791
0.0682774
0.0682346
0.0682689
0.0682312
0.0676497
0.0680874
0.0676149
0.0631877
0.0662711
0.0629425
0.0436865
0.055674
0.0414323
0.0104883
0.0160574
0.0682414
0.0682217
0.068263
0.0682775
0.0682756
0.0682786
0.0682793
0.0682793
0.0682794
0.0682794
0.0682794
0.0682794
0.0682794
0.0682794
0.0682794
0.0682794
0.0682794
0.0682794
0.0682794
0.0682794
0.0682794
0.0682794
0.0682794
0.0682794
0.0682794
0.0682794
0.0682794
0.0682794
0.0682794
0.0682794
0.0682794
0.0682794
0.0682794
0.0682794
0.0682794
0.0682794
0.0682794
0.0682794
0.0682794
0.0682793
0.0682794
0.0682794
0.0682777
0.0682792
0.0682783
0.0682377
0.0682733
0.0682509
0.0677064
0.068165
0.0678825
0.0637296
0.0670875
0.0651694
0.0461503
0.0612077
0.0543474
0.0453449
0.0393183
0.0682736
0.0682729
0.0682777
0.0682791
0.068279
0.0682793
0.0682794
0.0682794
0.0682794
0.0682794
0.0682794
0.0682794
0.0682794
0.0682794
0.0682794
0.0682794
0.0682794
0.0682794
0.0682794
0.0682794
0.0682794
0.0682794
0.0682794
0.0682794
0.0682794
0.0682794
0.0682794
0.0682794
0.0682794
0.0682794
0.0682794
0.0682794
0.0682794
0.0682794
0.0682794
0.0682794
0.0682794
0.0682794
0.0682794
0.0682794
0.0682794
0.0682794
0.0682788
0.0682793
0.0682792
0.068264
0.0682781
0.0682727
0.0680571
0.0682512
0.0681777
0.0665365
0.0679676
0.0674657
0.0608931
0.0664756
0.0649245
0.0540223
0.0631989
0.0621397
0.068279
0.068279
0.0682793
0.0682794
0.0682794
0.0682794
0.0682794
0.0682794
0.0682794
0.0682794
0.0682794
0.0682794
0.0682794
0.0682794
0.0682794
0.0682794
0.0682794
0.0682794
0.0682794
0.0682794
0.0682794
0.0682794
0.0682794
0.0682794
0.0682794
0.0682794
0.0682794
0.0682794
0.0682794
0.0682794
0.0682794
0.0682794
0.0682794
0.0682794
0.0682794
0.0682794
0.0682794
0.0682794
0.0682794
0.0682794
0.0682794
0.0682794
0.0682793
0.0682794
0.0682794
0.0682771
0.0682793
0.0682787
0.0682411
0.0682763
0.0682675
0.0679601
0.0682405
0.0681736
0.066967
0.0680402
0.0678353
0.0660121
0.0676192
0.0675438
0.0682794
0.0682794
0.0682794
0.0682794
0.0682794
0.0682794
0.0682794
0.0682794
0.0682794
0.0682794
0.0682794
0.0682794
0.0682794
0.0682794
0.0682794
0.0682794
0.0682794
0.0682794
0.0682794
0.0682794
0.0682794
0.0682794
0.0682794
0.0682794
0.0682794
0.0682794
0.0682794
0.0682794
0.0682794
0.0682794
0.0682794
0.0682794
0.0682794
0.0682794
0.0682794
0.0682794
0.0682794
0.0682794
0.0682794
0.0682794
0.0682794
0.0682794
0.0682794
0.0682794
0.0682794
0.0682792
0.0682794
0.0682794
0.0682763
0.0682792
0.0682787
0.0682499
0.068277
0.0682724
0.0681521
0.0682629
0.0682484
0.0680825
0.0682343
0.068232
0.0682195
0.0682455
0.0682608
0.0682361
0.0682627
0.0682434
0.0680493
0.0681888
0.0680705
0.0682794
0.0682794
0.0682794
0.0682794
0.0682794
0.0682794
0.0682794
0.0682794
0.0682794
0.0682794
0.0682794
0.0682794
0.0682794
0.0682794
0.0682794
0.0682794
0.0682794
0.0682794
0.0682794
0.0682794
0.0682794
0.0682794
0.0682794
0.0682794
0.0682794
0.0682794
0.0682794
0.0682794
0.0682794
0.0682794
0.0682794
0.0682794
0.0682794
0.0682794
0.0682794
0.0682794
0.0682794
0.0682794
0.0682794
0.0682794
0.0682794
0.0682794
0.0682794
0.0682794
0.0682794
0.0682794
0.0682794
0.0682794
0.0682793
0.0682794
0.0682794
0.068278
0.0682793
0.0682792
0.0682729
0.0682788
0.0682782
0.0682694
0.0682777
0.0682775
0.0682736
0.0682778
0.0682774
0.0682544
0.0682743
0.0682648
0.0681354
0.068242
0.0681968
0.0682794
0.0682794
0.0682794
0.0682794
0.0682794
0.0682794
0.0682794
0.0682794
0.0682794
0.0682794
0.0682794
0.0682794
0.0682794
0.0682794
0.0682794
0.0682794
0.0682794
0.0682794
0.0682794
0.0682794
0.0682794
0.0682794
0.0682794
0.0682794
0.0682794
0.0682794
0.0682794
0.0682794
0.0682794
0.0682794
0.0682794
0.0682794
0.0682794
0.0682794
0.0682794
0.0682794
0.0682794
0.0682794
0.0682794
0.0682794
0.0682794
0.0682794
0.0682794
0.0682794
0.0682794
0.0682794
0.0682794
0.0682794
0.0682794
0.0682794
0.0682794
0.0682793
0.0682794
0.0682794
0.0682792
0.0682794
0.0682794
0.0682791
0.0682793
0.0682793
0.0682786
0.0682793
0.068279
0.0682717
0.0682778
0.0682744
0.0682351
0.0682659
0.0682486
0.0682794
0.0682794
0.0682794
0.0682794
0.0682794
0.0682794
0.0682794
0.0682794
0.0682794
0.0682794
0.0682794
0.0682794
0.0682794
0.0682794
0.0682794
0.0682794
0.0682794
0.0682794
0.0682794
0.0682794
0.0682794
0.0682794
0.0682794
0.0682794
0.0682794
0.0682794
0.0682794
0.0682794
0.0682794
0.0682794
0.0682794
0.0682794
0.0682794
0.0682794
0.0682794
0.0682794
0.0682794
0.0682794
0.0682794
0.0682794
0.0682794
0.0682794
0.0682794
0.0682794
0.0682794
0.0682794
0.0682794
0.0682794
0.0682794
0.0682794
0.0682794
0.0682794
0.0682794
0.0682794
0.0682794
0.0682794
0.0682794
0.0682794
0.0682794
0.0682793
0.0682789
0.0682792
0.0682787
0.0682736
0.0682767
0.0682704
0.06824
0.068253
0.0682126
0.0682794
0.0682794
0.0682794
0.0682794
0.0682794
0.0682794
0.0682794
0.0682794
0.0682794
0.0682794
0.0682794
0.0682794
0.0682794
0.0682794
0.0682794
0.0682794
0.0682794
0.0682794
0.0682794
0.0682794
0.0682794
0.0682794
0.0682794
0.0682794
0.0682794
0.0682794
0.0682794
0.0682794
0.0682794
0.0682794
0.0682794
0.0682794
0.0682794
0.0682794
0.0682794
0.0682794
0.0682794
0.0682794
0.0682794
0.0682794
0.0682794
0.0682794
0.0682794
0.0682794
0.0682794
0.0682794
0.0682794
0.0682794
0.0682794
0.0682794
0.0682794
0.0682794
0.0682794
0.0682794
0.0682794
0.0682794
0.0682794
0.0682793
0.0682794
0.0682793
0.0682785
0.0682792
0.0682785
0.0682671
0.0682757
0.0682667
0.0681805
0.0682406
0.0681747
0.0682793
0.0682794
0.0682794
0.0682778
0.0682793
0.0682789
0.0682458
0.0682765
0.0682665
0.0678929
0.0682298
0.0681169
0.0658774
0.0678214
0.0671579
0.0599045
0.0658563
0.0636106
0.0658793
0.0658563
0.0671584
0.0678934
0.0678218
0.0681171
0.0682459
0.0682299
0.0682665
0.0682779
0.0682765
0.0682789
0.0682793
0.0682793
0.0682794
0.0682794
0.0682794
0.0682794
0.0680626
0.0682777
0.0682403
0.0616024
0.0679289
0.0668161
0.0682784
0.068279
0.0682769
0.013273
0.0116535
0.0435841
0.0324427
0.0359551
0.0329783
0.0682569
0.0682672
0.0682292
0.0634273
0.0546664
0.0588393
0.0668449
0.0627036
0.0654369
0.0581893
0.0503773
0.0499537
0.0583293
0.0498507
0.0498485
0.058399
0.0498727
0.049895
0.0584242
0.0499094
0.0499171
0.0584299
0.0499207
0.0499223
0.0584308
0.0499229
0.0499231
0.058431
0.0499232
0.0499232
0.0584324
0.0499235
0.0499247
0.0584582
0.0499303
0.0499517
0.0587213
0.050024
0.0502426
0.0602667
0.050846
0.0524022
0.0643368
0.0559967
0.0606215
0.067294
0.0641958
0.0664021
0.0681486
0.067535
0.0680253
0.0682702
0.0682048
0.0682606
0.0682334
0.0682336
0.0682456
0.0680653
0.0682096
0.0681217
0.068279
0.0682753
0.0682786
0.0682794
0.0682793
0.0682794
0.0682794
0.0682794
0.0682794
0.0682794
0.0682794
0.0682794
0.0682794
0.0682794
0.0682794
0.0682794
0.0682794
0.0682794
0.0682792
0.0682794
0.0682793
0.0682753
0.0682792
0.0682783
0.0682212
0.0682746
0.0682613
0.067814
0.0682197
0.0681074
0.0659922
0.0678412
0.0673032
0.0678141
0.0678407
0.0681073
0.0682213
0.0682197
0.0682613
0.0682754
0.0682746
0.0682783
0.0682792
0.0682792
0.0682793
0.0682794
0.0682794
0.0682794
0.0682794
0.0682794
0.0682794
0.0682771
0.0682794
0.0682794
0.0681023
0.0682781
0.0682688
0.0682746
0.068278
0.0682718
0.0512094
0.0490576
0.0623717
0.0588113
0.0602445
0.0590737
0.068188
0.0682443
0.0681409
0.0521817
0.0357208
0.0447038
0.0634631
0.0546952
0.0613407
0.0384553
0.0383905
0.0384025
0.0384094
0.0384111
0.0384114
0.0384114
0.0384119
0.0384213
0.0385282
0.0394688
0.0557329
0.0393545
0.0519879
0.0653173
0.0597937
0.064392
0.0678754
0.0667275
0.0677428
0.0682488
0.0681193
0.0682383
0.0682597
0.0682689
0.0682701
0.0681876
0.0682589
0.0682348
0.0682781
0.0682703
0.0682777
0.0682793
0.0682791
0.0682793
0.0682794
0.0682794
0.0682794
0.0682794
0.0682794
0.0682794
0.0682794
0.0682794
0.0682794
0.0682794
0.0682794
0.0682794
0.0682794
0.0682794
0.0682794
0.0682791
0.0682794
0.0682793
0.0682745
0.0682791
0.0682782
0.0682236
0.0682748
0.0682638
0.0679191
0.0682335
0.0681651
0.0682236
0.0682333
0.0682638
0.0682745
0.0682748
0.0682782
0.0682791
0.0682791
0.0682793
0.0682794
0.0682794
0.0682794
0.0682794
0.0682794
0.0682794
0.0682794
0.0682794
0.0682794
0.0682794
0.0682794
0.0682794
0.0682794
0.0682794
0.0682794
0.0682694
0.0682772
0.0682677
0.0649438
0.0644185
0.0674195
0.0668262
0.0670674
0.0668684
0.0680993
0.0682257
0.0680708
0.0341397
0.0341397
0.0341397
0.039217
0.0341397
0.0341397
0.0341397
0.0341397
0.0386601
0.0597
0.0504969
0.0587916
0.0504184
0.0384268
0.0498286
0.0638203
0.05821
0.0635375
0.0676537
0.0663537
0.0676065
0.0682311
0.0680774
0.0682274
0.0682757
0.0682783
0.0682782
0.0682609
0.0682764
0.0682728
0.0682774
0.0682679
0.0682772
0.0682793
0.068279
0.0682793
0.0682794
0.0682794
0.0682794
0.0682794
0.0682794
0.0682794
0.0682794
0.0682794
0.0682794
0.0682794
0.0682794
0.0682794
0.0682794
0.0682794
0.0682794
0.0682794
0.0682794
0.0682794
0.0682792
0.0682794
0.0682793
0.0682757
0.0682792
0.0682786
0.0682484
0.0682768
0.0682722
0.0682757
0.0682768
0.0682786
0.0682792
0.0682792
0.0682793
0.0682794
0.0682794
0.0682794
0.0682794
0.0682794
0.0682794
0.0682794
0.0682794
0.0682794
0.0682794
0.0682794
0.0682794
0.0682794
0.0682794
0.0682794
0.0682794
0.0682794
0.0682794
0.0682667
0.068277
0.0682664
0.0678958
0.0678317
0.0682073
0.0681537
0.068174
0.0681564
0.0682794
0.0682794
0.0682794
0.0682794
0.0682794
0.0682794
0.0680554
0.0682198
0.0680488
0.0682794
0.0682794
0.0682794
0.0682794
0.0682794
0.0682794
0.0341397
0.0341397
0.0341397
0.0384732
0.0341397
0.0341397
0.0341397
0.0341397
0.0384115
0.0583787
0.049843
0.0582186
0.0682794
0.0682794
0.0682794
0.0682794
0.0682794
0.0682794
0.0682794
0.0682794
0.0682794
0.0682794
0.0682794
0.0682794
0.0682794
0.0682794
0.0682794
0.0682794
0.0682794
0.0682794
0.0682794
0.0682794
0.0682794
0.0682794
0.0682794
0.0682794
0.0682794
0.0682794
0.0682794
0.0682794
0.0682794
0.0682794
0.0682794
0.0682794
0.0682794
0.0682794
0.0682794
0.0682794
0.0682794
0.0682794
0.0682794
0.0682794
0.0682794
0.0682794
0.0682794
0.0682794
0.0682794
0.0682794
0.0682794
0.0682794
0.0682794
0.0682792
0.0682793
0.0682794
0.0682794
0.0682794
0.0682793
0.0682784
0.0682792
0.0682794
0.0682794
0.0682794
0.0682791
0.0682778
0.0682791
0.0682794
0.0682793
0.0682794
0.0496215
0.038328
0.0495554
0.0634213
0.0579564
0.0633813
0.0675864
0.066281
0.0675795
0.0682258
0.0680693
0.0682254
0.068279
0.0682793
0.0682793
0.0682774
0.0682792
0.0682788
0.0682772
0.0682675
0.0682771
0.0682793
0.068279
0.0682793
0.0682794
0.0682794
0.0682794
0.0682794
0.0682794
0.0682794
0.0682794
0.0682794
0.0682794
0.0682794
0.0682794
0.0682794
0.0682794
0.0682794
0.0682794
0.0682794
0.0682794
0.0682794
0.0682794
0.0682794
0.0682794
0.0682793
0.0682794
0.0682794
0.068278
0.0682793
0.0682791
0.0682793
0.0682793
0.0682794
0.0682794
0.0682794
0.0682794
0.0682794
0.0682794
0.0682794
0.0682794
0.0682794
0.0682794
0.0682794
0.0682794
0.0682794
0.0682794
0.0682794
0.0682794
0.0682794
0.0682794
0.0682794
0.0682794
0.0682794
0.0682794
0.0682794
0.0682794
0.0682794
0.0682794
0.0682794
0.0682794
0.0682794
0.0682794
0.0682663
0.068277
0.0682663
0.0682543
0.0682502
0.068276
0.0682734
0.0682742
0.0682734
0.0680467
0.0682193
0.0680468
0.0341397
0.0341397
0.0341397
0.0383933
0.0341397
0.0341397
0.0341397
0.0341397
0.0383922
0.0581676
0.0497876
0.0581641
0.0495369
0.0383201
0.0495325
0.0633697
0.0579338
0.063367
0.0675777
0.0662745
0.0675773
0.0682253
0.0680687
0.0682252
0.0682794
0.0682794
0.0682794
0.0682793
0.0682794
0.0682793
0.0682771
0.0682675
0.0682771
0.0682793
0.068279
0.0682793
0.0682794
0.0682794
0.0682794
0.0682794
0.0682794
0.0682794
0.0682794
0.0682794
0.0682794
0.0682794
0.0682794
0.0682794
0.0682794
0.0682794
0.0682794
0.0682794
0.0682794
0.0682794
0.0682794
0.0682794
0.0682794
0.0682794
0.0682794
0.0682794
0.0682793
0.0682794
0.0682794
0.0682794
0.0682794
0.0682794
0.0682794
0.0682794
0.0682794
0.0682794
0.0682794
0.0682794
0.0682794
0.0682794
0.0682794
0.0682794
0.0682794
0.0682794
0.0682794
0.0682794
0.0682794
0.0682794
0.0682794
0.0682794
0.0682794
0.0682794
0.0682794
0.0682794
0.0682794
0.0682794
0.0682794
0.0682794
0.0682794
0.0682794
0.0682794
0.0682794
0.0682663
0.0682768
0.0682658
0.0682785
0.0682783
0.0682793
0.0682792
0.0682792
0.0682792
0.0680483
0.068219
0.0680501
0.0341397
0.0341397
0.0341397
0.0384044
0.0341397
0.0341397
0.0341397
0.0341397
0.0384435
0.0581986
0.0499339
0.0583061
0.0495316
0.0383198
0.0495315
0.0633665
0.0579328
0.0633665
0.0675772
0.0662743
0.0675772
0.0682252
0.0680687
0.0682252
0.0682794
0.0682794
0.0682794
0.0682793
0.0682793
0.0682792
0.0682771
0.0682675
0.0682771
0.0682793
0.068279
0.0682793
0.0682794
0.0682794
0.0682794
0.0682794
0.0682794
0.0682794
0.0682794
0.0682794
0.0682794
0.0682794
0.0682793
0.0682794
0.0682794
0.0682794
0.0682794
0.0682794
0.0682794
0.0682794
0.0682794
0.0682794
0.0682794
0.0682794
0.0682794
0.0682794
0.0682794
0.0682794
0.0682793
0.0682794
0.0682794
0.0682794
0.0682794
0.0682794
0.0682794
0.0682794
0.0682794
0.0682794
0.0682794
0.0682794
0.0682794
0.0682794
0.0682794
0.0682794
0.0682794
0.0682794
0.0682794
0.0682794
0.0682794
0.0682794
0.0682794
0.0682794
0.0682794
0.0682794
0.0682794
0.0682794
0.0682794
0.0682794
0.0682794
0.0682794
0.0682794
0.0682794
0.0682626
0.0682715
0.0682495
0.0682792
0.0682792
0.0682788
0.0682783
0.0682785
0.0682783
0.0680433
0.0681809
0.0679904
0.0341397
0.0341397
0.0341397
0.0385509
0.0341397
0.0341397
0.0341397
0.0341397
0.0388246
0.058578
0.0509268
0.0591459
0.0321631
0.0328964
0.0317853
0.0495314
0.0383197
0.0495314
0.0633665
0.0579327
0.0633664
0.0675772
0.0662743
0.0675772
0.0682252
0.0680687
0.0682252
0.0682793
0.0682793
0.0682792
0.0682787
0.0682787
0.0682776
0.0682771
0.0682675
0.0682771
0.0682793
0.068279
0.0682793
0.0682794
0.0682794
0.0682794
0.0682794
0.0682794
0.0682794
0.0682794
0.0682794
0.0682794
0.0682794
0.0682793
0.0682794
0.0682794
0.0682794
0.0682794
0.0682794
0.0682794
0.0682794
0.0682794
0.0682794
0.0682794
0.0682794
0.0682793
0.0682793
0.0682791
0.0682789
0.068278
0.0682794
0.0682789
0.0682793
0.0682794
0.0682793
0.0682794
0.0682794
0.0682794
0.0682794
0.0682794
0.0682794
0.0682794
0.0682794
0.0682794
0.0682794
0.0682794
0.0682794
0.0682794
0.0682794
0.0682794
0.0682794
0.0682794
0.0682794
0.0682794
0.0682794
0.0682794
0.0682794
0.0682794
0.0682794
0.0682794
0.0682794
0.0682794
0.0682794
0.067906
0.0668024
0.0671601
0.0681568
0.0675671
0.0679021
0.0682742
0.0682734
0.0682626
0.0682498
0.0682543
0.0682502
0.065382
0.0598972
0.0617989
0.0672924
0.0641736
0.0660927
0.0266733
0.0274688
0.0311189
0.0321816
0.0241934
0.0317483
0.0267688
0.0251873
0.0495313
0.0383199
0.0495317
0.0682794
0.0682794
0.0682794
0.0682794
0.0682794
0.0682793
0.0633663
0.0579329
0.0633663
0.0682794
0.0682794
0.0682793
0.0682792
0.0682792
0.0682788
0.0675772
0.0662741
0.0675771
0.0682792
0.0682793
0.0682791
0.0682778
0.0682783
0.0682759
0.0682252
0.0680686
0.0682252
0.068279
0.0682793
0.0682789
0.0682756
0.0682775
0.0682734
0.0682771
0.0682675
0.0682771
0.0682793
0.068279
0.0682793
0.0682794
0.0682794
0.0682794
0.0682794
0.0682794
0.0682794
0.0682794
0.0682794
0.0682794
0.0682711
0.0682649
0.0682757
0.0682774
0.0682783
0.068279
0.0682792
0.0682793
0.0682793
0.0682794
0.0682794
0.0682794
0.0682794
0.0682794
0.0682794
0.0682794
0.0682794
0.0682794
0.0682793
0.0682793
0.0682792
0.0682786
0.0682784
0.0682757
0.0682722
0.0682676
0.0682484
0.0682786
0.0682676
0.0682757
0.0682793
0.0682784
0.0682792
0.0682794
0.0682793
0.0682794
0.0682794
0.0682794
0.0682794
0.0682794
0.0682794
0.0682794
0.0682794
0.0682794
0.0682794
0.0682794
0.0682794
0.0682794
0.0682794
0.0682794
0.0682794
0.0682794
0.0682794
0.0682794
0.0682794
0.0682794
0.0682794
0.0682794
0.0682794
0.0682794
0.0662645
0.0675656
0.0662289
0.068174
0.0681564
0.0680121
0.0678196
0.0678958
0.0678317
0.057935
0.0632658
0.0578106
0.0383318
0.0494359
0.0382905
0.0495349
0.0383266
0.0495509
0.0633679
0.057951
0.0633769
0.0675771
0.0662784
0.0675783
0.0682252
0.0680688
0.0682252
0.0682771
0.0682675
0.0682771
0.0682793
0.068279
0.0682793
0.0682794
0.0682794
0.0682794
0.0682794
0.0682794
0.0682794
0.0682794
0.0682794
0.0682794
0.0682767
0.0682669
0.0682769
0.0682793
0.068279
0.0682793
0.0682794
0.0682794
0.0682794
0.0682794
0.0682794
0.0682794
0.0682794
0.0682794
0.0682794
0.0682793
0.0682793
0.0682791
0.0682782
0.0682782
0.0682745
0.0682638
0.0682616
0.0682236
0.0681651
0.0681265
0.0679191
0.0682638
0.0681262
0.0682236
0.0682782
0.0682616
0.0682745
0.0682793
0.0682782
0.0682791
0.0682794
0.0682793
0.0682794
0.0682794
0.0682794
0.0682794
0.0682794
0.0682794
0.0682794
0.0682794
0.0682794
0.0682794
0.0682794
0.0682794
0.0682794
0.0682794
0.0682794
0.0682794
0.0682794
0.0682794
0.0682794
0.0682794
0.0682794
0.0682794
0.0662456
0.067605
0.0663158
0.0670674
0.0668684
0.0658703
0.0643008
0.0649438
0.0644185
0.0578465
0.0634315
0.0580617
0.0383057
0.0497012
0.0383872
0.0496123
0.0384219
0.0498131
0.0634126
0.0581919
0.0635228
0.0675838
0.0663446
0.0676021
0.0682255
0.0680756
0.0682268
0.0682771
0.0682678
0.0682772
0.0682793
0.068279
0.0682793
0.0682794
0.0682794
0.0682794
0.0682794
0.0682794
0.0682794
0.0682794
0.0682794
0.0682794
0.0682772
0.06827
0.0682775
0.0682793
0.0682791
0.0682793
0.0682794
0.0682794
0.0682794
0.0682794
0.0682794
0.0682794
0.0682793
0.0682794
0.0682792
0.0682783
0.0682786
0.0682753
0.0682613
0.0682628
0.0682212
0.0681074
0.0681036
0.067814
0.0673032
0.0671848
0.0659922
0.0681073
0.0671843
0.0678141
0.0682613
0.0681036
0.0682213
0.0682783
0.0682628
0.0682754
0.0682793
0.0682786
0.0682792
0.0682794
0.0682794
0.0682794
0.0682794
0.0682794
0.0682794
0.0682794
0.0682794
0.0682794
0.0682794
0.0682794
0.0682794
0.0682794
0.0682794
0.0682794
0.0682794
0.0682794
0.0682794
0.0682794
0.0682794
0.0682794
0.0664611
0.0677538
0.0667247
0.0602444
0.0590736
0.0554951
0.0486043
0.0512092
0.0490573
0.0585923
0.0643561
0.0597416
0.0386279
0.0519518
0.0393464
0.0504015
0.0393628
0.0520034
0.0638028
0.0597978
0.0643882
0.067648
0.0667223
0.0677393
0.0682304
0.0681177
0.0682377
0.0682773
0.0682701
0.0682776
0.0682793
0.0682791
0.0682793
0.0682794
0.0682794
0.0682794
0.0682794
0.0682794
0.0682794
0.0682794
0.0682794
0.0682794
0.0682781
0.0682751
0.0682786
0.0682793
0.0682792
0.0682794
0.0682794
0.0682794
0.0682794
0.0682794
0.0682794
0.0682793
0.0682789
0.0682791
0.0682779
0.0682665
0.0682716
0.0682458
0.0681169
0.0681561
0.0678929
0.0671579
0.0672409
0.0658774
0.0636106
0.0634722
0.0599045
0.0671584
0.0634738
0.0658793
0.0681171
0.0672421
0.0678934
0.0682665
0.0681563
0.0682459
0.0682789
0.0682716
0.0682779
0.0682794
0.0682791
0.0682793
0.0682794
0.0682794
0.0682794
0.0682794
0.0682794
0.0682794
0.0682794
0.0682794
0.0682794
0.0682794
0.0682794
0.0682794
0.0682794
0.0682794
0.0682794
0.0682794
0.0682794
0.0682794
0.0671224
0.0680375
0.0675587
0.0359553
0.0329781
0.0253105
0.0113934
0.0132733
0.0116534
0.0618236
0.0664419
0.0642751
0.0469025
0.0607685
0.0562262
0.0389607
0.0526982
0.0511776
0.0386435
0.050591
0.0503803
0.038596
0.0503113
0.0502912
0.0386069
0.0502861
0.0502849
0.038611
0.0502847
0.0502847
0.038611
0.0502847
0.0502847
0.0386105
0.0502847
0.0502847
0.0386074
0.0502849
0.0502861
0.0386204
0.0502912
0.0503114
0.0387263
0.0503805
0.0505916
0.0396474
0.0511792
0.0527031
0.0558741
0.0562383
0.060788
0.0653544
0.0642947
0.0664527
0.0678798
0.0675572
0.0680336
0.0682491
0.0682075
0.0682614
0.0682781
0.0682755
0.0682787
0.0682793
0.0682793
0.0682794
0.0682794
0.0682794
0.0682794
0.0682794
0.0682794
0.0682794
0.0682794
0.0682794
0.0682794
0.0341397
0.0341397
0.0341397
0.0341397
0.0341397
0.0341397
0.0341397
0.0341378
0.0341396
0.0341395
0.0341396
0.0341391
0.0341393
0.034139
0.0341208
0.0341367
0.034131
0.0341367
0.034126
0.0341356
0.0341257
0.0341252
0.0341367
0.0341215
0.0341355
0.0341256
0.0341366
0.0341206
0.0341389
0.0341395
0.0341376
0.0341393
0.0341389
0.0341395
0.0341376
0.0341397
0.0341397
0.0341397
0.0341397
0.0341397
0.0341397
0.0341397
0.0341389
0.0341395
0.0341395
0.0341397
0.0341389
0.0341395
0.0341395
0.0341256
0.0341367
0.0341306
0.0341378
0.0341256
0.0341366
0.0341305
0.0341259
0.0341367
0.0341217
0.0341358
0.0341259
0.0341367
0.0341217
0.0341391
0.0341396
0.0341378
0.0341393
0.0341391
0.0341396
0.0341378
0.0341397
0.0341397
0.0341397
0.0341397
0.0341397
0.0341397
0.0341397
0.0341396
0.0341396
0.0341393
0.0341378
0.0341396
0.0341393
0.0341391
0.0339074
0.0341058
0.0341103
0.0341055
0.0340501
0.0340501
0.0340494
0.0322209
0.0335845
0.033215
0.0335712
0.0327173
0.0333907
0.0326823
0.0326156
0.0335628
0.0322897
0.0333775
0.0326543
0.033548
0.0321849
0.0340279
0.0340981
0.0338638
0.0340348
0.034028
0.034098
0.0338632
0.0341386
0.0341393
0.0341369
0.0341388
0.0341386
0.0341393
0.0341369
0.034028
0.0340981
0.0341015
0.0341258
0.034028
0.0340981
0.0341015
0.0326533
0.0335628
0.0331332
0.0337505
0.0326543
0.0335623
0.0331325
0.0323168
0.0334261
0.0323161
0.032715
0.0335836
0.0327151
0.0335834
0.0340503
0.0341058
0.0339087
0.0340506
0.0340501
0.0341058
0.033909
0.0341393
0.0341396
0.0341378
0.034139
0.0341393
0.0341396
0.0341378
0.0341389
0.0341367
0.0341356
0.0341207
0.0341365
0.0341353
0.0341257
0.0321885
0.0335632
0.033877
0.033559
0.033376
0.0326649
0.0333679
0.00954743
0.02336
0.0260259
0.0232208
0.0196887
0.0184721
0.018604
0.0170698
0.0197332
0.0170698
0.0197313
0.0233588
0.019695
0.0233736
0.0322269
0.0327057
0.0322973
0.0334151
0.0335654
0.0333802
0.0335773
0.0341356
0.0341365
0.03412
0.0341255
0.0341354
0.0341366
0.0341211
0.0341386
0.0341342
0.0341139
0.0341338
0.0341337
0.0341142
0.0316823
0.0331539
0.0337911
0.0331444
0.0331438
0.0316947
0.0331358
0.0165946
0.0169904
0.0168692
0.0191808
0.0247919
0.0191697
0.0158743
0.0157128
0.0164598
0.0180884
0.0207226
0.0182822
0.0179931
0.017488
0.0240888
0.0235943
0.0220088
0.0201256
0.0178598
0.0173942
0.0225204
0.0235864
0.0211369
0.0188704
0.0317241
0.0324024
0.0326913
0.03359
0.0331651
0.0331562
0.0334662
0.0341372
0.0341339
0.0341132
0.0341235
0.0341339
0.0341362
0.0341275
0.0341386
0.0341137
0.0341337
0.0341337
0.0341137
0.0316777
0.0331402
0.0337897
0.0331323
0.03314
0.0316775
0.0331324
0.0170698
0.0170698
0.0170698
0.0191657
0.0247795
0.0191653
0.0170698
0.0170698
0.0170698
0.0193687
0.0239776
0.0245863
0.0253093
0.0314131
0.0316559
0.0324556
0.0328898
0.0331938
0.0325286
0.0328435
0.0283287
0.0249178
0.0293839
0.0317786
0.0251454
0.0317167
0.033152
0.0331834
0.0338068
0.0331533
0.0331528
0.033793
0.0341386
0.0341338
0.0341131
0.0341338
0.0341338
0.0341386
0.0341341
0.0341386
0.0341361
0.0341349
0.0341135
0.0341337
0.0341337
0.0341135
0.0316836
0.0331377
0.0337886
0.0331351
0.0331371
0.0316813
0.0331368
0.0170698
0.0170698
0.0170698
0.018933
0.0247543
0.0189433
0.0170698
0.0170698
0.0170698
0.0241467
0.0249372
0.0306726
0.0297143
0.0309361
0.0327938
0.0324738
0.0319799
0.0323076
0.0276486
0.0252788
0.0293616
0.0297121
0.0249288
0.0248491
0.0072247
0.0143002
0.0128513
0.0316802
0.0331749
0.0331421
0.0337911
0.0331432
0.0331396
0.0338052
0.0341386
0.0341338
0.0341128
0.0341341
0.0341338
0.0341386
0.0341338
0.0341341
0.0341125
0.0341337
0.0341387
0.0341339
0.0341123
0.0341341
0.0317144
0.0331502
0.0338036
0.0331422
0.0331763
0.0316945
0.0331518
0.0169657
0.0169524
0.0170246
0.0191739
0.0248992
0.0192072
0.017038
0.0170664
0.0170579
0.0157582
0.0170608
0.0166358
0.0170542
0.0170655
0.0170695
0.017067
0.0170572
0.0170581
0.0170661
0.0170756
0.0201568
0.0170698
0.0179743
0.0170683
0.0180677
0.0170698
0.0233896
0.0235249
0.0170698
0.0170767
0.0203663
0.0170698
0.0170698
0.0170698
0.0170698
0.0170698
0.0220056
0.0170698
0.0177661
0.0170757
0.0201564
0.0170698
0.0170698
0.0170698
0.0170597
0.0174706
0.0170429
0.0175454
0.0170698
0.0170695
0.0170611
0.0170552
0.0170657
0.0317143
0.0326918
0.0324043
0.0334671
0.0331415
0.0331521
0.0335905
0.0341362
0.0341337
0.034113
0.0341275
0.0341338
0.0341372
0.0341235
0.034124
0.0341363
0.0341393
0.0341356
0.0341375
0.034119
0.0341365
0.0335173
0.0333498
0.0321511
0.032556
0.0339978
0.0337151
0.0335188
0.0223534
0.0191926
0.0107812
0.015794
0.0293932
0.0261036
0.0223627
0.0170698
0.0170698
0.0170698
0.0170698
0.0170698
0.0170698
0.0170698
0.0170698
0.0170698
0.0170698
0.0170698
0.0170698
0.0170698
0.0170698
0.0170698
0.0170698
0.0196902
0.0197004
0.0197319
0.0197484
0.0233865
0.0233489
0.032299
0.0326782
0.0327072
0.0335778
0.0333762
0.0335636
0.0334158
0.0341366
0.0341353
0.0341251
0.0341211
0.0341365
0.0341356
0.0341255
0.0341388
0.0341395
0.0341397
0.0341393
0.0341396
0.0341372
0.0341395
0.0339997
0.0340891
0.0341344
0.0340178
0.0341219
0.0338143
0.0340887
0.0330541
0.0317421
0.030752
0.0326341
0.0338945
0.0337194
0.0330727
0.031789
0.0304735
0.0311947
0.0328539
0.0332464
0.0331872
0.0325147
0.0317075
0.0328604
0.0330694
0.0337521
0.0331487
0.033148
0.0336534
0.031707
0.0332201
0.0332238
0.0338227
0.0331478
0.0331478
0.0338212
0.0317071
0.0332091
0.0331767
0.0338023
0.0331478
0.0331478
0.0338165
0.0317385
0.0327174
0.0324321
0.0334784
0.0331521
0.0331628
0.0336005
0.0323237
0.0326924
0.0327235
0.0335846
0.0333851
0.0335697
0.0334261
0.0339094
0.0341056
0.0340501
0.0340502
0.0341056
0.0340503
0.0340503
0.0341396
0.0341393
0.034139
0.0341378
0.0341396
0.0341393
0.034139
0.00693491
0.0140344
0.011903
0.0156036
0.0146622
0.0161427
0.0164126
0.0144743
0.0166313
0.0168754
0.0167823
0.0170698
0.0170698
0.0170698
0.0170698
0.0170698
0.0170698
0.0170698
0.0170698
0.0170698
0.0170698
0.0170698
0.0170698
0.0170698
0.0170698
0.0170698
0.017017
0.0170551
0.0169682
0.0170424
0.0162925
0.0151914
0.016718
0.0142053
0.017055
0.0170482
0.0170632
0.0247828
0.0191659
0.0191666
0.0170662
0.0170695
0.0170685
0.0170692
0.0170698
0.0170698
0.0170698
0.0170698
0.0247777
0.0191158
0.0191591
0.0170698
0.0170698
0.0170698
0.0170698
0.0170698
0.0170698
0.0170698
0.0170698
0.0170698
0.0170698
0.0170694
0.0170691
0.0170697
0.0170698
0.0170698
0.0170693
0.0170698
0.0157693
0.0166722
0.0166367
0.0169998
0.0168421
0.0170609
0.0170362
0.0185337
0.0168763
0.0167249
0.0168539
0.0167813
0.0170087
0.0168387
0.0170293
0.0179804
0.0170679
0.0170756
0.020165
0.0170698
0.0170698
0.0170698
0.0170763
0.0203
0.0170698
0.0170698
0.0170767
0.0203751
0.0170698
0.0170698
0.0170698
0.0170767
0.0203713
0.0170698
0.0181409
0.0170698
0.0170698
0.0170757
0.0201645
0.0170698
0.0170698
0.0170698
0.0170608
0.0170746
0.0198737
0.0179799
0.0170698
0.0170692
0.0170697
0.0170344
0.0169868
0.0161944
0.0251527
0.0193049
0.0170674
0.0170601
0.0170376
0.0185413
0.0168833
0.0170626
0.0167684
0.0166426
0.0170072
0.0177144
0.0180861
0.0229105
0.0170698
0.0170698
0.0170698
0.0170763
0.0202916
0.0181282
0.0170698
0.0170698
0.0183014
0.018401
0.0184285
0.0170698
0.0170698
0.0170698
0.0170698
0.0170767
0.0203625
0.0170698
0.0181282
0.0170698
0.0181339
0.0170698
0.0183115
0.0181107
0.0172738
0.0170668
0.0170678
0.0170591
0.0169912
0.0170622
0.0170746
0.0198663
0.0170698
0.0170698
0.0170698
0.0170698
0.0170375
0.0169981
0.0170603
0.0261485
0.0309541
0.0279249
0.0300492
0.0255572
0.0297832
0.0296769
0.0257379
0.0167315
0.0169387
0.0170697
0.0167593
0.0169532
0.0170697
0.0170695
0.0170698
0.0170697
0.0225308
0.0186525
0.0170662
0.0227417
0.0228291
0.0209651
0.023513
0.0255527
0.0284022
0.0254456
0.0217136
0.0170698
0.0179375
0.0240845
0.0279763
0.0293919
0.0256959
0.0308969
0.0255373
0.0279727
0.0272
0.0285482
0.0255308
0.0217079
0.0174178
0.0170695
0.0169184
0.0170498
0.0180857
0.0170619
0.0170413
0.0255434
0.022731
0.0216762
0.0182564
0.0186482
0.0170698
0.0170671
0.0170697
0.0170387
0.0170606
0.0170698
0.0170698
0.016631
0.0160685
0.0168646
0.0166175
0.0169984
0.0170698
0.0170697
0.0170694
0.0170698
0.0170697
0.0167962
0.0166592
0.0170665
0.0170587
0.0276947
0.0248703
0.0290337
0.0302573
0.0248397
0.0266144
0.0308475
0.0284261
0.0290258
0.0248296
0.0315808
0.0248314
0.0313049
0.0288324
0.0170698
0.0170698
0.0170698
0.0170697
0.0166122
0.0170068
0.0169505
0.0170698
0.0170698
0.0170698
0.0170698
0.0170698
0.0170698
0.0170698
0.0170698
0.0170698
0.0170698
0.0170698
0.0170698
0.0170698
0.0170698
0.0170698
0.0170698
0.0291023
0.0248289
0.0290214
0.0317183
0.0248261
0.0290259
0.0317748
0.0291143
0.0290133
0.0247417
0.0317765
0.0248117
0.0317893
0.0290674
0.0170698
0.00364214
0.00689854
0.0111988
0.0136348
0.0112754
0.0170698
0.0170698
0.0170698
0.0170698
0.0170698
0.0170698
0.0170645
0.0170693
0.0170687
0.0170675
0.0170691
0.0170697
0.0170698
0.0170698
0.0170698
0.0170698
0.0170698
0.0288431
0.0317365
0.0289519
0.0316727
0.0167096
0.0170122
0.0169166
0.028726
0.0312956
0.031553
0.0283929
0.0166213
0.0169851
0.0170381
0.0169113
0.0168589
0.0266166
0.0247772
0.0290145
0.0308466
0.0248147
0.0276885
0.0302602
0.0170698
0.0170698
0.0170698
0.0257449
0.0291159
0.0252305
0.029682
0.0249245
0.0297886
0.0255635
0.0170698
0.0170698
0.0170698
0.0224135
0.0313115
0.031707
0.0294448
0.0294047
0.0261297
0.0274306
0.0191141
0.0258382
0.0306439
0.0259739
0.027322
0.0190551
0.0260972
0.0170698
0.0170698
0.0170698
0.0239401
0.0251841
0.029128
0.026903
0.0249294
0.0216923
0.028263
0.0258512
0.0248059
0.0290412
0.0305531
0.0248368
0.0273964
0.0295357
0.0170698
0.0170698
0.0170698
0.0288494
0.0247968
0.0289992
0.0312162
0.0247944
0.0283466
0.0315807
0.0290819
0.0247938
0.0289987
0.0318217
0.0247939
0.0291757
0.0317523
0.0170698
0.0170698
0.0170698
0.0292177
0.0247938
0.0289986
0.0318458
0.0247938
0.0292084
0.0318526
0.0292179
0.0247938
0.0289986
0.0318466
0.0247938
0.0292093
0.0318527
0.0170698
0.0170698
0.0170698
0.029097
0.0247938
0.0289987
0.0318253
0.0247939
0.0291797
0.0317661
0.0288984
0.0247972
0.0289993
0.0313491
0.0247945
0.0284862
0.0316265
0.0170698
0.0170698
0.0170698
0.0266706
0.0248078
0.0290478
0.0308923
0.0248441
0.0277498
0.0303065
0.0257987
0.0252611
0.0291494
0.029729
0.0249543
0.0256151
0.0298372
0.00390354
0.00593695
0.0170534
0.0170394
0.0170549
0.0170673
0.0170661
0.0170698
0.0170698
0.0170698
0.0170698
0.0170698
0.0170698
0.0170698
0.0170698
0.0170698
0.0170698
0.0170692
0.0170698
0.0170697
0.0170688
0.0170665
0.0168052
0.00545383
0.0170698
0.0170698
0.0170698
0.0170698
0.0170459
0.0170675
0.017061
0.0170692
0.0170692
0.0170671
0.0155492
0.0170502
0.0170698
0.0170698
0.0170698
0.0170697
0.0170698
0.0170698
0.017065
0.0165176
0.0156819
0.0170531
0.0170574
0.0170658
0.0170621
0.017069
0.0170697
0.017068
0.0170671
0.0170698
0.0170696
0.0170692
0.0170682
0.0170666
0.0170383
0.0170621
0.0170698
0.0152598
0.0167193
0.0162361
0.0169601
0.0169467
0.016743
0.0170698
0.0170698
0.0170698
0.0170698
0.0170698
0.0170698
0.0170698
0.0170698
0.0170697
0.0169805
0.0169684
0.0168029
0.0155236
0.0167756
0.0163782
0.0170698
0.0170698
0.0170697
0.0170698
0.0170698
0.0170692
0.0170692
0.0170689
0.0170698
0.0170653
0.0133396
0.011149
0.0167528
0.0169778
0.0166116
0.0169542
0.0167886
0.0134381
0.0153299
0.0160503
0.0166586
0.016314
0.0169101
0.017044
0.0170672
0.0170634
0.0170693
0.0170696
0.0170685
0.0170205
0.0170698
0.0170698
0.0170698
0.0170698
0.0170698
0.0170698
0.016911
0.0170215
0.0142905
0.0168046
0.0164754
0.0168423
0.00404435
0.0170698
0.0115334
0.0170698
0.0170698
0.0144207
0.0170698
0.015776
0.0170698
0.0170698
0.0170586
0.0170698
0.0170294
0.0170698
0.0170698
0.0169292
0.0170698
0.0165875
0.0170698
0.0170698
0.0150568
0.0132004
0.0170683
0.0170522
0.0170386
0.0169994
0.0169233
0.0170663
0.0170523
0.0169904
0.0170613
0.0170698
0.0170698
0.0170698
0.0170698
0.0170697
0.0170696
0.0170698
0.0170674
0.0170698
0.0170694
0.0170698
0.0170698
0.0170698
0.0170698
0.0170698
0.0170698
0.0170698
0.0170698
0.0170698
0.0170698
0.0170698
0.0170698
0.0170698
0.0170698
0.0170698
0.0170698
0.0170698
0.0170698
0.0170698
0.0170698
0.0170698
0.0170698
0.0170698
0.0170698
0.0170698
0.0170698
0.0170698
0.0170698
0.0170698
0.0170698
0.0170698
0.0170698
0.0170698
0.0170698
0.0170698
0.0170698
0.0170698
0.0170698
0.0170698
0.0170698
0.0170698
0.0170698
0.0170698
0.0170698
0.0170698
0.0170698
0.0170698
0.0170698
0.0170698
0.0170698
0.0170698
0.0170698
0.0170698
0.0170698
0.0170698
0.0170698
0.0170698
0.0170697
0.0170698
0.0170698
0.0170698
0.0170692
0.0170696
0.0170682
0.0170695
0.0170523
0.017066
0.0170624
0.0170525
0.0170357
0.0169062
0.0167971
0.0169422
0.0170698
0.0170698
0.0170698
0.0170698
0.0170698
0.0170698
0.0170698
0.0170698
0.0170698
0.0170698
0.0170698
0.0170698
0.0170698
0.0170698
0.0170698
0.0170698
0.0170698
0.0170698
0.0170698
0.0170698
0.0165913
0.0101838
0.0169654
0.0170435
0.0170538
0.0170671
0.0170634
0.017066
0.0170693
0.0170684
0.0170696
0.0170685
0.0170698
0.0170698
0.0170698
0.0170698
0.0170698
0.0170698
0.0170698
0.0170698
0.0170698
0.0170698
0.0170696
0.0170698
0.0170698
0.0170698
0.0170698
0.0319575
0.0332823
0.0332863
0.0319467
0.0277823
0.0256343
0.0298382
0.0308867
0.0244532
0.0244779
0.0292515
0.029229
0.0331214
0.0339182
0.0337463
0.0335624
0.0255066
0.0274101
0.0307174
0.0297572
0.0316713
0.0297057
0.0318576
0.0328486
0.0341015
0.0341358
0.0341258
0.0341287
0.0329803
0.0336782
0.0338891
0.0335217
0.0340938
0.0339828
0.0340534
0.0341143
0.0341369
0.0341358
0.0341388
0.0341287
0.0341277
0.0341347
0.034137
0.0341331
0.0340938
0.0341277
0.0341331
0.0341143
0.0338638
0.0339193
0.034035
0.0335651
0.0339829
0.0336785
0.0338894
0.0340534
0.0316798
0.032982
0.0335229
0.0328544
0.032288
0.0333643
0.0334159
0.0321631
0.029743
0.0275559
0.0308024
0.0318816
0.0256307
0.0260434
0.0300058
0.0297499
0.0299276
0.027787
0.0256916
0.0298231
0.0326775
0.0322178
0.0308741
0.0318804
0.0338309
0.0331826
0.0331706
0.0332496
0.0332375
0.0317388
0.0293725
0.0244721
0.0246233
0.0292011
0.0317792
0.0319259
0.0289811
0.0289899
0.0246785
0.0247548
0.0289645
0.0317186
0.0316977
0.0289616
0.0316787
0.03379
0.0331404
0.0331325
0.033141
0.0331332
0.0316777
0.0289807
0.0247692
0.0247675
0.0289646
0.0316903
0.0316917
0.0289642
0.0289772
0.0247694
0.0247696
0.0289643
0.0316899
0.0316895
0.0289641
0.0316782
0.0337895
0.0331386
0.0331336
0.0331395
0.0331328
0.0316794
0.0289755
0.024771
0.0247701
0.0289649
0.0316866
0.0316885
0.0289661
0.0287875
0.0303121
0.0293893
0.0317813
0.0170698
0.0170698
0.025419
0.0295525
0.0319748
0.031856
0.0317861
0.0170698
0.0170698
0.0170698
0.0295474
0.0295909
0.0253942
0.0295383
0.0253043
0.0170698
0.0170698
0.0170698
0.0289643
0.0247721
0.0247734
0.02897
0.0316843
0.0316829
0.0289678
0.0316857
0.0337888
0.0331406
0.0331392
0.0331376
0.0331382
0.0316881
0.0289667
0.0247785
0.0247752
0.0289722
0.0316902
0.0316839
0.0289757
0.0284064
0.0276531
0.0315907
0.0186637
0.0170698
0.0221684
0.0235555
0.0271404
0.025606
0.0272711
0.0292996
0.0170698
0.0170698
0.0170698
0.0170698
0.022491
0.0207717
0.0256019
0.027269
0.0239759
0.0274123
0.0170698
0.0170698
0.0170698
0.00776319
0.0146618
0.0130369
0.0290941
0.0247878
0.0248185
0.0290161
0.03171
0.0317645
0.0289854
0.0317693
0.0338262
0.0333479
0.0332378
0.0332358
0.0331781
0.0318979
0.0293113
0.0251428
0.0249094
0.0291033
0.0321463
0.0318928
0.029319
0.0141887
0.0170679
0.0135798
0.0170697
0.017069
0.0170679
0.0170697
0.017069
0.0170698
0.0170698
0.0170698
0.013322
0.0108968
0.0139757
0.0154044
0.0166013
0.0158485
0.0170698
0.0170698
0.0170698
0.0170698
0.0170698
0.0170698
0.0170698
0.0170698
0.0170698
0.0170698
0.0170698
0.0170698
0.0260282
0.0300522
0.026151
0.0279314
0.0309132
0.0278842
0.0309574
0.0260575
0.0300918
0.0261946
0.027954
0.030933
0.027901
0.030982
0.0302938
0.0320861
0.0320935
0.0330432
0.0302674
0.0321024
0.0321111
0.00351751
0.0108527
0.00959248
0.00356302
0.0112501
0.00966947
0.0166269
0.0153
0.014305
0.0136077
0.0170698
0.0170698
0.0170698
0.0170698
0.0170698
0.0170698
0.014196
0.0159801
0.0134518
0.01529
0.0163147
0.016774
0.0159751
0.0162981
0.0169432
0.0168676
0.0170358
0.0159783
0.0166011
0.0160652
0.0168391
0.0169762
0.0168608
0.0170383
0.0170698
0.0170698
0.0170698
0.0170698
0.0170698
0.0170698
0.01694
0.0170298
0.0170668
0.0170689
0.0170451
0.0170402
0.0169894
0.0170599
0.0170675
0.0170631
0.0170672
0.0170698
0.0170422
0.0169883
0.0170603
0.0170618
0.0170679
0.0170692
0.0170698
0.0170698
0.0170692
0.0170674
0.0170674
0.0170608
0.0170372
0.016977
0.0170698
0.0170698
0.0170698
0.0170698
0.0170698
0.0170698
0.0170698
0.0170698
0.0170698
0.0170698
0.0170698
0.0170698
0.0170698
0.0170698
0.0170698
0.0170698
0.0170698
0.0170698
0.0170698
0.0170698
0.0170698
0.0170696
0.0170698
0.0161105
0.0160381
0.0165988
0.0170698
0.0170698
0.0170698
0.0170698
0.0170698
0.0170698
0.0170698
0.0170698
0.0170698
0.00651535
0.00364661
0.00687494
0.00366957
0.0170698
0.0170698
0.0170698
0.0170698
0.0170698
0.0170698
0.0170698
0.0170698
0.0170698
0.0170698
0.0170698
0.0170698
0.0170698
0.0170698
0.0170698
0.0170698
0.0170698
0.0170698
0.0170698
0.0170698
0.0170698
0.0341397
0.0341397
0.0341397
0.0341397
0.0341397
0.0341397
0.0341397
0.0341397
0.0341397
0.0341397
0.0341397
0.0341396
0.0341397
0.0341394
0.0341396
0.0341395
0.0341396
0.0341391
0.0341396
0.0341389
0.0341396
0.0341388
0.0341396
0.0341388
0.0341396
0.0341389
0.0341396
0.0341391
0.0341396
0.0341395
0.0341397
0.0341393
0.0341397
0.0341396
0.0341397
0.0341397
0.0341397
0.0341397
0.0341397
0.0341397
0.0341397
0.0341397
0.0341397
0.0341397
0.0341397
0.0341397
0.0341397
0.0341397
0.0341397
0.0341397
0.0341397
0.0341397
0.0341397
0.0341395
0.0341397
0.0341396
0.0341396
0.0341393
0.0341396
0.0341391
0.0341396
0.0341389
0.0341396
0.0341389
0.0341396
0.0341389
0.0341396
0.0341391
0.0341396
0.0341395
0.0341397
0.0341394
0.0341397
0.0341396
0.0341397
0.0341397
0.0341397
0.0341397
0.0341397
0.0341397
0.0341397
0.0341397
0.0341397
0.0341397
0.0341397
0.0341397
0.0341397
0.0341397
0.0341396
0.0341397
0.0341397
0.0341395
0.0341397
0.0341397
0.0341396
0.0341395
0.0341395
0.0341363
0.0341388
0.0341388
0.0341352
0.0341378
0.0341388
0.034131
0.0341316
0.0341288
0.0341368
0.0341104
0.034017
0.0341211
0.0341043
0.0340741
0.034118
0.0341349
0.0341349
0.0341179
0.0339477
0.0338856
0.0340651
0.0340837
0.0338481
0.0338494
0.0340542
0.0340539
0.0341305
0.0341387
0.0341377
0.0341348
0.0338815
0.0339406
0.0340819
0.034064
0.0340669
0.0340086
0.0341021
0.0341193
0.0341395
0.0341397
0.0341397
0.0341396
0.0341059
0.0341266
0.0341363
0.0341305
0.0341386
0.0341355
0.0341386
0.0341394
0.0341397
0.0341397
0.0341397
0.0341396
0.0341394
0.0341396
0.0341397
0.0341396
0.0341386
0.0341394
0.0341396
0.0341394
0.0341376
0.0341387
0.0341393
0.0341348
0.0341355
0.0341267
0.0341363
0.0341386
0.0340673
0.034106
0.0341305
0.0341194
0.0341215
0.0341354
0.0341357
0.03412
0.03401
0.0339453
0.0340832
0.0341025
0.0338758
0.0338942
0.0340677
0.034062
0.034131
0.0341388
0.0341379
0.0341352
0.0338973
0.0340849
0.0340685
0.0339517
0.0341046
0.0340744
0.0341212
0.0340181
0.0341395
0.0341397
0.0341397
0.0341396
0.0341368
0.0341106
0.0341317
0.0341289
0.0341388
0.0341388
0.0341395
0.0341364
0.0341397
0.0341397
0.0341397
0.0341397
0.0341397
0.0341395
0.0341396
0.0341397
0.0341397
0.0341397
0.0341397
0.0341397
0.0341315
0.0341287
0.0341368
0.03411
0.0341379
0.0341388
0.0341353
0.034131
0.0340141
0.0341208
0.0340728
0.0341037
0.0337745
0.0332047
0.0336332
0.0339424
0.0337681
0.0331958
0.0336303
0.0339397
0.0302253
0.0320775
0.0320709
0.0330304
0.0332141
0.0339434
0.0337779
0.0336363
0.0261621
0.0279294
0.030072
0.0309636
0.0320978
0.0302821
0.0321014
0.0330394
0.0341104
0.0341368
0.0341289
0.0341315
0.0332096
0.0339421
0.0336348
0.0337746
0.0340737
0.0341039
0.0341209
0.0340164
0.0341396
0.0341397
0.0341397
0.0341397
0.0341387
0.0341308
0.0341351
0.0341378
0.0341395
0.0341396
0.0341397
0.0341393
0.0339422
0.0338754
0.0340626
0.0340825
0.0341171
0.0341151
0.0338031
0.0338285
0.0340483
0.0340404
0.0338923
0.0340836
0.0339486
0.0340666
0.0321717
0.0321167
0.0333418
0.0333672
0.0338669
0.0340626
0.034059
0.0338771
0.0341389
0.0341396
0.0341391
0.0341396
0.0341352
0.0341202
0.0341191
0.0341354
0.0341388
0.0341396
0.0341396
0.0341389
0.0337923
0.0337886
0.0340358
0.034037
0.0341341
0.0341341
0.0341138
0.0341138
0.0337871
0.0337874
0.0340354
0.0340353
0.03396
0.0340746
0.0339141
0.0340892
0.0330764
0.0329279
0.0336935
0.0337594
0.0339985
0.034109
0.0341014
0.0340229
0.0341392
0.0341396
0.034139
0.0341396
0.0341379
0.0341328
0.0341308
0.0341384
0.0341394
0.0341397
0.0341396
0.0341395
0.033787
0.033787
0.0340352
0.0340352
0.0341339
0.034134
0.0341136
0.0341134
0.0337874
0.033787
0.0340351
0.034035
0.0313423
0.0304787
0.0328887
0.0330968
0.0334293
0.0333479
0.0332005
0.0330959
0.0319724
0.0320189
0.0319525
0.0291755
0.0315113
0.0340402
0.0341128
0.0340352
0.0341142
0.0331897
0.0331927
0.0338111
0.0338105
0.0340417
0.0341146
0.0341147
0.0340416
0.0341395
0.0341397
0.0341395
0.0341397
0.0341387
0.0341342
0.0341342
0.0341387
0.0341395
0.0341397
0.0341397
0.0341395
0.0337881
0.033789
0.0340354
0.0340352
0.0341342
0.0341343
0.0341131
0.0341125
0.0337894
0.0337894
0.034035
0.0340344
0.0308379
0.0303147
0.0306717
0.0243325
0.0280461
0.0282597
0.0306059
0.0280452
0.0294267
0.0287192
0.0309848
0.034035
0.0341142
0.03404
0.0341127
0.0329261
0.0330705
0.0337584
0.0336934
0.0340228
0.0341014
0.034109
0.0339986
0.0341395
0.0341397
0.0341395
0.0341397
0.0341384
0.0341308
0.0341328
0.0341379
0.0341395
0.0341396
0.0341397
0.0341394
0.0337901
0.0337937
0.0340353
0.0340343
0.0341134
0.0341347
0.0341343
0.0341154
0.0338267
0.0338039
0.0340386
0.0340459
0.0339145
0.0340893
0.0339602
0.0340747
0.0321194
0.0321746
0.0333684
0.0333429
0.0338776
0.0340592
0.0340628
0.0338673
0.0341391
0.0341396
0.0341392
0.0341396
0.0341354
0.0341192
0.0341202
0.0341352
0.0341389
0.0341396
0.0341396
0.0341388
0.0338683
0.0340779
0.034059
0.033929
0.0341295
0.0341386
0.0341378
0.0341342
0.0340989
0.0340588
0.0339981
0.0341169
0.0257968
0.0273073
0.0297883
0.0306266
0.0330464
0.0338929
0.033716
0.0334938
0.0313247
0.0294059
0.0316987
0.0326866
0.0339488
0.0340667
0.0338926
0.0340837
0.0336361
0.0332112
0.0337751
0.0339424
0.0340165
0.0341209
0.0341039
0.0340737
0.0341391
0.0341396
0.0341389
0.0341396
0.0341378
0.0341351
0.0341308
0.0341387
0.0341393
0.0341397
0.0341396
0.0341395
0.0341356
0.0341008
0.0341291
0.0341239
0.0341394
0.0341397
0.0341396
0.0341396
0.0341384
0.0341384
0.0341343
0.0341394
0.0326966
0.0338147
0.0333983
0.0334999
0.0340885
0.0341349
0.0341216
0.0341267
0.034018
0.0340742
0.033896
0.0341052
0.03002
0.0300974
0.0323435
0.0323078
0.0335583
0.0340206
0.0337295
0.0339766
0.0334443
0.0339359
0.033431
0.0339392
0.032483
0.0319107
0.0331987
0.0334735
0.0336543
0.0339648
0.0335154
0.0340016
0.033796
0.0340781
0.0339079
0.0340489
0.0332068
0.0331676
0.0337976
0.0338154
0.0340187
0.034101
0.0339799
0.0341108
0.0340361
0.0341175
0.0340427
0.0341159
0.0332206
0.0332238
0.0338228
0.0338214
0.0340452
0.0341181
0.0340447
0.0341182
0.0340453
0.0341181
0.0340448
0.0341182
0.0329522
0.0331007
0.0337686
0.0337029
0.034038
0.0341176
0.0340431
0.0341164
0.0340257
0.034107
0.0340013
0.0341129
0.0321487
0.0322046
0.0333809
0.0333552
0.0339183
0.0340956
0.0339634
0.0340846
0.0338821
0.0340707
0.0338718
0.0340733
0.0336379
0.0332186
0.0337781
0.0339432
0.0339512
0.0340777
0.0338963
0.0340905
0.0340175
0.0341227
0.0340739
0.0341096
0.0341288
0.0341315
0.0341103
0.0341368
0.0341287
0.0341328
0.0341102
0.034137
0.0341363
0.0341395
0.0341388
0.0341389
0.0341397
0.0341397
0.0341396
0.0341397
0.0341397
0.0341397
0.0341395
0.0341397
0.0341397
0.0341397
0.0341397
0.0341397
0.0170698
0.0170698
0.0170698
0.0170698
0.0170698
0.0170698
0.0158182
0.0157569
0.0164621
0.0154296
0.0157308
0.0141172
0.0151818
0.0140987
0.0154092
0.015722
0.0165442
0.0167466
0.0165363
0.016826
0.0152969
0.0166195
0.0158555
0.0167682
0.0168696
0.016934
0.0170698
0.0170698
0.0170698
0.0170698
0.0168249
0.015167
0.0165894
0.0110632
0.0139117
0.00972726
0.0130223
0.0132008
0.014954
0.0170698
0.0170698
0.0170698
0.0170698
0.0170698
0.0170698
0.017069
0.0170696
0.0170698
0.0170698
0.0170698
0.0170698
0.0170698
0.0170698
0.0170698
0.0170698
0.0170625
0.0170698
0.0170698
0.0170682
0.0170697
0.0145799
0.0116286
0.0148503
0.0170698
0.0170698
0.0170698
0.0168548
0.0170393
0.0167232
0.0165973
0.0170406
0.0169687
0.0169192
0.0170698
0.0170698
0.0170698
0.0170698
0.0170698
0.0170698
0.0170698
0.0170698
0.0170698
0.0170693
0.0170698
0.0170698
0.0170698
0.0170687
0.0170698
0.0170686
0.0170022
0.0170163
0.0168897
0.0169944
0.0168895
0.0164259
0.01655
0.0168932
0.0169787
0.0168942
0.0170698
0.0170698
0.0170698
0.016586
0.0169932
0.0168699
0.0170526
0.0170563
0.0170175
0.0170489
0.0170177
0.0170522
0.0170559
0.0170668
0.0170685
0.0170667
0.0170576
0.0170502
0.0170642
0.0170253
0.0170648
0.0170587
0.0170698
0.0170698
0.0170698
0.0170698
0.0170698
0.0170698
0.0169511
0.0169057
0.0169506
0.0170534
0.0170672
0.0170696
0.0170688
0.0170698
0.0170698
0.0170698
0.017066
0.0170668
0.0170693
0.0170696
0.0170692
0.0170697
0.0170697
0.0170693
0.0170696
0.0170692
0.0170347
0.0170679
0.017066
0.0170698
0.0170698
0.0170698
0.0170698
0.0170697
0.0170698
0.0170698
0.0170698
0.0170698
0.0170698
0.0170695
0.0170691
0.0170695
0.0170698
0.0170698
0.0170698
0.0170698
0.0170698
0.0170698
0.0170698
0.0170698
0.0170698
0.0170698
0.0170698
0.0170698
0.0170698
0.0170698
0.0170698
0.0170698
0.0170698
0.0170698
0.0170698
0.0170698
0.0170698
0.0170698
0.0170698
0.0170698
0.0170698
0.0170698
0.0170698
0.0170698
0.0170698
0.0170698
0.0170698
0.0170698
0.0170698
0.0170698
0.0170698
0.0170698
0.0170698
0.0170698
0.0170698
0.0170698
0.0170698
0.0170698
0.0170698
0.0170698
0.0170698
0.0170698
0.0170698
0.0170698
0.0170698
0.0170698
0.0680333
0.011627
0.0149855
0.0682794
0.0682794
0.0682794
0.0682794
0.0682794
0.0682794
0.0682794
0.0341397
0.0341397
0.0341396
0.0341394
0.0341395
0.034139
0.0341344
0.0341348
0.0341342
0.0341341
0.0341341
0.0341386
0.0341387
0.0674262
0.0682758
0.0674658
0.0680124
0.0682794
0.0682794
0.0682794
0.0682794
0.0682794
0.0682794
0.0682794
0.0682794
0.0682794
0.0682794
0.0682794
0.0682794
0.0682794
0.0682794
0.0682794
0.0682794
0.0682794
0.0682794
0.0682794
0.0682794
0.0682794
0.0682794
0.0682794
0.0682073
0.0682793
0.0682718
0.0682794
0.0682794
0.0682794
0.0682794
0.0682794
0.0682792
0.0682778
0.0682703
0.0681034
0.0676017
0.0661631
0.0626611
0.0548977
0.040203
0.0153332
0.00773793
0.0682052
0.0682293
0.0681828
0.0680799
0.0682794
0.0682794
0.0682794
0.0681822
0.0682777
0.0678738
0.0682791
0.0682793
0.0682794
0.0682793
0.0682793
0.0682794
0.0682095
0.0682777
0.0682708
0.0387821
0.0682794
0.06788
0.0682782
0.0682703
0.06794
0.0682725
0.068262
0.0681493
0.0678262
0.0682726
0.0682794
0.0636213
0.0636092
0.0682794
0.0585255
0.0682794
0.0636053
0.0636053
0.0682794
0.0585253
0.0682794
0.0636053
0.0585253
0.0682794
0.0636061
0.0682794
0.0636092
0.0636214
0.0682794
0.0682794
0.0682794
0.0673098
0.0678377
0.0681532
0.0682641
0.0682706
0.0682793
0.0682794
0.0682794
0.0682794
0.0682794
0.0682794
0.0682794
0.0682794
0.0682794
0.0682794
0.0682794
0.0682794
0.0682794
0.0682794
0.0682794
0.0682794
0.00348149
0.0170698
0.00348634
0.0170685
0.0170698
0.0170698
0.00764886
0.0115857
0.0170698
0.0170698
0.0170698
0.0170698
0.0170698
0.0170698
0.0170698
)
;
    }
}


// ************************************************************************* //
